condition_id,task_family,observed,prediction
model_agnostic_replication_behavior-0050cfc7755baca2-m0,information_sampling,4.875,4.717334234630152
model_agnostic_replication_behavior-0050cfc7755baca2-m1,information_sampling,3.0,2.720363495918235
model_agnostic_replication_behavior-0071e4817624dff4-m0,bandit,-13.625,-10.630690039458644
model_agnostic_replication_behavior-0071e4817624dff4-m1,bandit,-11.1875,-10.627227026596286
model_agnostic_replication_behavior-007509e33e3072d8-m0,foraging,-3.0,-0.7185577693470772
model_agnostic_replication_behavior-007509e33e3072d8-m1,foraging,-0.25,-0.32707547126721376
model_agnostic_replication_behavior-00c14c748739b545-m0,information_sampling,1.0,0.5661065687378297
model_agnostic_replication_behavior-00c14c748739b545-m1,information_sampling,-2.25,-1.4308641699740878
model_agnostic_replication_behavior-00d42e915c3c3072-m0,debugging,2.625,-0.5791262973247417
model_agnostic_replication_behavior-00d42e915c3c3072-m1,debugging,3.375,0.9027215221013409
model_agnostic_replication_behavior-00ec3f53fddddcfc-m0,waiting,-4.25,0.5295050762940148
model_agnostic_replication_behavior-00ec3f53fddddcfc-m1,waiting,-4.75,0.5185305523935646
model_agnostic_replication_behavior-011fbc6e8510d3c3-m0,effort,-0.7500000000000001,1.7345149622476426
model_agnostic_replication_behavior-011fbc6e8510d3c3-m1,effort,-0.8750000000000002,1.3848154980708496
model_agnostic_replication_behavior-01361a5958199d8f-m0,bandit,12.8125,6.622361225741463
model_agnostic_replication_behavior-01361a5958199d8f-m1,bandit,9.125,6.625824238603822
model_agnostic_replication_behavior-015bfbbae88e016e-m0,bandit,5.5,0.7399126264778197
model_agnostic_replication_behavior-015bfbbae88e016e-m1,bandit,3.0,0.7433756393401785
model_agnostic_replication_behavior-017b6c1a4ed3124e-m0,foraging,-1.25,-0.7575605874962659
model_agnostic_replication_behavior-017b6c1a4ed3124e-m1,foraging,2.0,-0.36607828941640264
model_agnostic_replication_behavior-01862465da34abbd-m0,foraging,7.0,4.287723203515098
model_agnostic_replication_behavior-01862465da34abbd-m1,foraging,6.875,4.679205501594962
model_agnostic_replication_behavior-019c4ef79f769a5f-m0,foraging,7.375,3.5422654617605027
model_agnostic_replication_behavior-019c4ef79f769a5f-m1,foraging,7.875,3.9337477598403665
model_agnostic_replication_behavior-025fb5009c8d26ad-m0,solvability,-2.125,-0.13569129082646447
model_agnostic_replication_behavior-025fb5009c8d26ad-m1,solvability,-1.125,-0.027693666935076022
model_agnostic_replication_behavior-0286968f25c9a77b-m0,information_sampling,-0.25,0.5919882441262994
model_agnostic_replication_behavior-0286968f25c9a77b-m1,information_sampling,-3.625,-1.4049824945856182
model_agnostic_replication_behavior-029a867656f57c26-m0,debugging,-0.25,-0.565403410226059
model_agnostic_replication_behavior-029a867656f57c26-m1,debugging,3.5,0.9164444092000237
model_agnostic_replication_behavior-02aa91033d05dec6-m0,bandit,12.3125,9.672581989895464
model_agnostic_replication_behavior-02aa91033d05dec6-m1,bandit,8.375,9.676045002757823
model_agnostic_replication_behavior-02c56a3cd3ae4884-m0,solvability,10.8125,9.078223834446984
model_agnostic_replication_behavior-02c56a3cd3ae4884-m1,solvability,8.6875,9.186221458338373
model_agnostic_replication_behavior-02e2fffae35b62a3-m0,foraging,-0.7500000000000001,0.6606853007978434
model_agnostic_replication_behavior-02e2fffae35b62a3-m1,foraging,2.375,1.0521675988777073
model_agnostic_replication_behavior-02f73df8b09b2dd0-m0,foraging,-7.25,-5.288621971530331
model_agnostic_replication_behavior-02f73df8b09b2dd0-m1,foraging,-5.0,-4.897139673450467
model_agnostic_replication_behavior-030e8f5e0bb93c3b-m0,information_sampling,4.375,3.594799048193563
model_agnostic_replication_behavior-030e8f5e0bb93c3b-m1,information_sampling,4.375,1.597828309481646
model_agnostic_replication_behavior-031700c7a587c792-m0,solvability,-1.0000000000000002,2.034956759191947
model_agnostic_replication_behavior-031700c7a587c792-m1,solvability,-0.25,2.1429543830833353
model_agnostic_replication_behavior-0323d5cda2c66cc2-m0,debugging,-10.0625,-6.405024524785718
model_agnostic_replication_behavior-0323d5cda2c66cc2-m1,debugging,-7.75,-4.923176705359635
model_agnostic_replication_behavior-0337f6ebd32ead7a-m0,bandit,-13.5625,-11.117208394747028
model_agnostic_replication_behavior-0337f6ebd32ead7a-m1,bandit,-11.3125,-11.11374538188467
model_agnostic_replication_behavior-033e0f696640ed6d-m0,debugging,-5.875,-6.21733077248566
model_agnostic_replication_behavior-033e0f696640ed6d-m1,debugging,-5.125,-4.735482953059577
model_agnostic_replication_behavior-03c39f5d62e89d2c-m0,bandit,1.75,-2.6418808817847887
model_agnostic_replication_behavior-03c39f5d62e89d2c-m1,bandit,3.25,-2.6384178689224305
model_agnostic_replication_behavior-03dc6c876b2d6e0a-m0,waiting,-0.12500000000000006,-1.1891559279700148
model_agnostic_replication_behavior-03dc6c876b2d6e0a-m1,waiting,-0.6249999999999999,-1.200130451870465
model_agnostic_replication_behavior-03dcef28814e50f3-m0,debugging,8.125,7.160132651903268
model_agnostic_replication_behavior-03dcef28814e50f3-m1,debugging,7.25,8.64198047132935
model_agnostic_replication_behavior-03eaa7cb8f7ad60e-m0,foraging,2.25,1.3417895098954338
model_agnostic_replication_behavior-03eaa7cb8f7ad60e-m1,foraging,3.75,1.7332718079752971
model_agnostic_replication_behavior-04585da69985ea91-m0,debugging,0.8750000000000001,2.7007911065406995
model_agnostic_replication_behavior-04585da69985ea91-m1,debugging,-0.203125,4.182638925966783
model_agnostic_replication_behavior-04656918b8484ba4-m0,foraging,8.25,5.658956347988113
model_agnostic_replication_behavior-04656918b8484ba4-m1,foraging,5.375,6.050438646067976
model_agnostic_replication_behavior-0485677a759124ae-m0,information_sampling,-0.37499999999999994,0.666287046881965
model_agnostic_replication_behavior-0485677a759124ae-m1,information_sampling,-3.25,-1.330683691829952
model_agnostic_replication_behavior-048fdf3fcd83c15c-m0,debugging,1.5000000000000002,0.02626497582338505
model_agnostic_replication_behavior-048fdf3fcd83c15c-m1,debugging,4.5,1.5081127952494682
model_agnostic_replication_behavior-04f53d33a27828fc-m0,waiting,6.5,5.640786320980343
model_agnostic_replication_behavior-04f53d33a27828fc-m1,waiting,6.75,5.629811797079892
model_agnostic_replication_behavior-052503d9084f8135-m0,information_sampling,-2.75,0.5163330872893552
model_agnostic_replication_behavior-052503d9084f8135-m1,information_sampling,-5.75,-1.4806376514225619
model_agnostic_replication_behavior-054058bf9bb26fb9-m0,effort,2.75,0.402621380308704
model_agnostic_replication_behavior-054058bf9bb26fb9-m1,effort,2.25,0.052921916131910995
model_agnostic_replication_behavior-056872f0a134fa57-m0,foraging,-4.25,-6.14213035504307
model_agnostic_replication_behavior-056872f0a134fa57-m1,foraging,-4.125,-5.750648056963207
model_agnostic_replication_behavior-059852d8cf8165fc-m0,information_sampling,-1.125,-2.1499355134723066
model_agnostic_replication_behavior-059852d8cf8165fc-m1,information_sampling,-3.375,-4.146906252184224
model_agnostic_replication_behavior-059c4085dceb27a9-m0,bandit,-5.625,0.6934466575193357
model_agnostic_replication_behavior-059c4085dceb27a9-m1,bandit,-4.75,0.6969096703816948
model_agnostic_replication_behavior-05dff844d310d05c-m0,waiting,5.625,1.9414096544267732
model_agnostic_replication_behavior-05dff844d310d05c-m1,waiting,3.875,1.9304351305263225
model_agnostic_replication_behavior-0602f7acc92204c6-m0,bandit,-3.0,-1.5292570181859126
model_agnostic_replication_behavior-0602f7acc92204c6-m1,bandit,-6.125,-1.525794005323554
model_agnostic_replication_behavior-062b738b3ab476aa-m0,foraging,-4.75,-6.249562546336396
model_agnostic_replication_behavior-062b738b3ab476aa-m1,foraging,-4.125,-5.858080248256533
model_agnostic_replication_behavior-06690661f553d63f-m0,information_sampling,-0.12500000000000006,0.41434442150241413
model_agnostic_replication_behavior-06690661f553d63f-m1,information_sampling,-3.875,-1.5826263172095025
model_agnostic_replication_behavior-068ed2c8a2b40816-m0,waiting,12.8125,11.243308468215268
model_agnostic_replication_behavior-068ed2c8a2b40816-m1,waiting,13.0,11.232333944314817
model_agnostic_replication_behavior-06b9d7481d7635de-m0,solvability,9.8125,5.640665288596597
model_agnostic_replication_behavior-06b9d7481d7635de-m1,solvability,8.625,5.748662912487985
model_agnostic_replication_behavior-06d955a0c84e3719-m0,foraging,-4.25,-0.3739180551476015
model_agnostic_replication_behavior-06d955a0c84e3719-m1,foraging,-1.7499999999999998,0.017564242932261775
model_agnostic_replication_behavior-06e272f7b6f04c46-m0,waiting,3.5,3.9328177320847355
model_agnostic_replication_behavior-06e272f7b6f04c46-m1,waiting,4.75,3.9218432081842853
model_agnostic_replication_behavior-06ea07c8e930fc7e-m0,bandit,-8.0,-7.342017715259666
model_agnostic_replication_behavior-06ea07c8e930fc7e-m1,bandit,-7.5,-7.338554702397307
model_agnostic_replication_behavior-06ecdb5710860469-m0,waiting,1.75,2.1785886530875134
model_agnostic_replication_behavior-06ecdb5710860469-m1,waiting,2.0,2.167614129187063
model_agnostic_replication_behavior-06f696107af30257-m0,bandit,-2.125,-1.7306685983241727
model_agnostic_replication_behavior-06f696107af30257-m1,bandit,-0.6249999999999999,-1.7272055854618138
model_agnostic_replication_behavior-072cde5a1a17fbb9-m0,waiting,-0.8750000000000002,0.19410509890498318
model_agnostic_replication_behavior-072cde5a1a17fbb9-m1,waiting,-0.5,0.18313057500453303
model_agnostic_replication_behavior-074a1a46115cf27c-m0,information_sampling,2.25,2.359394291081002
model_agnostic_replication_behavior-074a1a46115cf27c-m1,information_sampling,-0.6249999999999999,0.3624235523690844
model_agnostic_replication_behavior-07626394b7de8fb6-m0,debugging,-5.875,-5.148061444945949
model_agnostic_replication_behavior-07626394b7de8fb6-m1,debugging,-4.125,-3.6662136255198665
model_agnostic_replication_behavior-0763957148b0f985-m0,waiting,7.5,4.342729803815128
model_agnostic_replication_behavior-0763957148b0f985-m1,waiting,6.75,4.3317552799146775
model_agnostic_replication_behavior-079471429f6d1052-m0,bandit,14.3125,10.135069230894143
model_agnostic_replication_behavior-079471429f6d1052-m1,bandit,12.5625,10.1385322437565
model_agnostic_replication_behavior-07a252f3b1c5ad23-m0,waiting,5.625,6.143675779216547
model_agnostic_replication_behavior-07a252f3b1c5ad23-m1,waiting,5.75,6.132701255316096
model_agnostic_replication_behavior-07ccd61babdf8856-m0,solvability,-7.5,-4.216249057075007
model_agnostic_replication_behavior-07ccd61babdf8856-m1,solvability,-6.375,-4.108251433183619
model_agnostic_replication_behavior-07d5ffc8a5992390-m0,waiting,10.25,7.278221342086233
model_agnostic_replication_behavior-07d5ffc8a5992390-m1,waiting,10.0,7.267246818185783
model_agnostic_replication_behavior-08405b542766690e-m0,waiting,5.375,2.950807219945305
model_agnostic_replication_behavior-08405b542766690e-m1,waiting,5.25,2.9398326960448546
model_agnostic_replication_behavior-087e7c205111c305-m0,solvability,8.25,1.9964973658626524
model_agnostic_replication_behavior-087e7c205111c305-m1,solvability,7.5,2.1044949897540404
model_agnostic_replication_behavior-088c0e7096097b55-m0,foraging,5.125,-0.4112117124763764
model_agnostic_replication_behavior-088c0e7096097b55-m1,foraging,3.625,-0.01972941439651288
model_agnostic_replication_behavior-08b1036ea587d97f-m0,bandit,6.875,0.833631642957414
model_agnostic_replication_behavior-08b1036ea587d97f-m1,bandit,7.5,0.8370946558197732
model_agnostic_replication_behavior-08cacdc084421d32-m0,information_sampling,4.5,3.842546249798949
model_agnostic_replication_behavior-08cacdc084421d32-m1,information_sampling,2.25,1.8455755110870316
model_agnostic_replication_behavior-08ee6ec98acc7452-m0,bandit,-8.5,-6.370605592313668
model_agnostic_replication_behavior-08ee6ec98acc7452-m1,bandit,-7.25,-6.367142579451309
model_agnostic_replication_behavior-08f1ca140501fdad-m0,debugging,3.125,0.004044984902569659
model_agnostic_replication_behavior-08f1ca140501fdad-m1,debugging,2.75,1.4858928043286523
model_agnostic_replication_behavior-094d12e781ed2e0f-m0,foraging,0.5,-2.225553082385562
model_agnostic_replication_behavior-094d12e781ed2e0f-m1,foraging,0.7500000000000002,-1.8340707843056987
model_agnostic_replication_behavior-094d1f2707fea04f-m0,information_sampling,4.375,3.544282263649646
model_agnostic_replication_behavior-094d1f2707fea04f-m1,information_sampling,3.25,1.547311524937728
model_agnostic_replication_behavior-0951602759c738d1-m0,solvability,7.0,1.5121015203298724
model_agnostic_replication_behavior-0951602759c738d1-m1,solvability,5.875,1.620099144221261
model_agnostic_replication_behavior-0987b9345baa3c3c-m0,solvability,-6.25,-8.63899704524308
model_agnostic_replication_behavior-0987b9345baa3c3c-m1,solvability,-5.875,-8.53099942135169
model_agnostic_replication_behavior-09960a3772844636-m0,effort,-5.625,-6.342761707384399
model_agnostic_replication_behavior-09960a3772844636-m1,effort,-5.375,-6.6924611715611935
model_agnostic_replication_behavior-099a576227c847ab-m0,waiting,-3.5,-3.1582230345719484
model_agnostic_replication_behavior-099a576227c847ab-m1,waiting,-4.0,-3.1691975584723986
model_agnostic_replication_behavior-09cf03d0d232fa14-m0,debugging,-7.125,-4.190067138227361
model_agnostic_replication_behavior-09cf03d0d232fa14-m1,debugging,-5.125,-2.7082193188012784
model_agnostic_replication_behavior-0a0c409a718ec477-m0,waiting,8.375,8.740569706747184
model_agnostic_replication_behavior-0a0c409a718ec477-m1,waiting,8.625,8.729595182846733
model_agnostic_replication_behavior-0a80b7298971085d-m0,information_sampling,-2.375,-0.72796215711705
model_agnostic_replication_behavior-0a80b7298971085d-m1,information_sampling,-3.625,-2.724932895828967
model_agnostic_replication_behavior-0a9fd2d815015066-m0,foraging,-2.25,-1.6397408488135063
model_agnostic_replication_behavior-0a9fd2d815015066-m1,foraging,-2.25,-1.2482585507336434
model_agnostic_replication_behavior-0ac3432b25a9459b-m0,waiting,-6.25,-5.810321105849611
model_agnostic_replication_behavior-0ac3432b25a9459b-m1,waiting,-6.75,-5.821295629750061
model_agnostic_replication_behavior-0ae2856ad79f960c-m0,foraging,-8.125,-5.797783514236059
model_agnostic_replication_behavior-0ae2856ad79f960c-m1,foraging,-6.625,-5.406301216156194
model_agnostic_replication_behavior-0b0f1bdffc1ebf50-m0,solvability,8.875,2.961726558131538
model_agnostic_replication_behavior-0b0f1bdffc1ebf50-m1,solvability,7.625,3.0697241820229264
model_agnostic_replication_behavior-0b3156e884d7f638-m0,waiting,-0.37499999999999994,-2.3325168566020267
model_agnostic_replication_behavior-0b3156e884d7f638-m1,waiting,-0.6249999999999999,-2.343491380502477
model_agnostic_replication_behavior-0b478ebbbe661010-m0,solvability,-6.625,-4.626582488995165
model_agnostic_replication_behavior-0b478ebbbe661010-m1,solvability,-5.75,-4.518584865103776
model_agnostic_replication_behavior-0b4ce0680f5ae1c8-m0,bandit,-9.0625,-7.020719193738458
model_agnostic_replication_behavior-0b4ce0680f5ae1c8-m1,bandit,-9.75,-7.017256180876099
model_agnostic_replication_behavior-0bae14c84e354aea-m0,waiting,1.0,-1.0335256374691055
model_agnostic_replication_behavior-0bae14c84e354aea-m1,waiting,1.0,-1.0445001613695557
model_agnostic_replication_behavior-0c57fd67cf191001-m0,solvability,10.5625,8.256110000301959
model_agnostic_replication_behavior-0c57fd67cf191001-m1,solvability,9.875,8.364107624193347
model_agnostic_replication_behavior-0c74ad677faf5ae3-m0,solvability,8.3125,3.674407223088803
model_agnostic_replication_behavior-0c74ad677faf5ae3-m1,solvability,7.875,3.7824048469801914
model_agnostic_replication_behavior-0cf2076cba3fb7e2-m0,information_sampling,1.8749999999999998,3.567254393495295
model_agnostic_replication_behavior-0cf2076cba3fb7e2-m1,information_sampling,-0.37499999999999994,1.5702836547833776
model_agnostic_replication_behavior-0d034bfd64b78c09-m0,waiting,7.875,8.455459707118846
model_agnostic_replication_behavior-0d034bfd64b78c09-m1,waiting,7.75,8.444485183218397
model_agnostic_replication_behavior-0d38472e7e58da22-m0,foraging,-1.875,-4.053524106413378
model_agnostic_replication_behavior-0d38472e7e58da22-m1,foraging,-2.5,-3.6620418083335142
model_agnostic_replication_behavior-0d71f4fbafe773ce-m0,bandit,-8.0,-2.8564172483692736
model_agnostic_replication_behavior-0d71f4fbafe773ce-m1,bandit,-9.625,-2.8529542355069153
model_agnostic_replication_behavior-0dc1173498b5f248-m0,solvability,8.5,3.5213645806692133
model_agnostic_replication_behavior-0dc1173498b5f248-m1,solvability,7.125,3.6293622045606018
model_agnostic_replication_behavior-0dc13aed263aad6e-m0,debugging,-0.37499999999999994,-2.645371691138691
model_agnostic_replication_behavior-0dc13aed263aad6e-m1,debugging,0.24999999999999992,-1.1635238717126088
model_agnostic_replication_behavior-0de1efe3650167be-m0,bandit,8.375,0.5339930678868048
model_agnostic_replication_behavior-0de1efe3650167be-m1,bandit,6.875,0.5374560807491633
model_agnostic_replication_behavior-0e0a27ca3a061ff4-m0,waiting,7.375,8.014719416989598
model_agnostic_replication_behavior-0e0a27ca3a061ff4-m1,waiting,7.0,8.003744893089147
model_agnostic_replication_behavior-0e0c312ca2dd6a24-m0,solvability,4.25,0.9917553988432801
model_agnostic_replication_behavior-0e0c312ca2dd6a24-m1,solvability,1.8749999999999998,1.0997530227346688
model_agnostic_replication_behavior-0e1b6ebe07b5ec4e-m0,bandit,11.375,6.618219569237585
model_agnostic_replication_behavior-0e1b6ebe07b5ec4e-m1,bandit,10.375,6.621682582099945
model_agnostic_replication_behavior-0e3c5924a905d9ec-m0,effort,-5.875,-2.349167121162842
model_agnostic_replication_behavior-0e3c5924a905d9ec-m1,effort,-5.25,-2.698866585339635
model_agnostic_replication_behavior-0e69fc60a12b9c31-m0,effort,-4.0,-2.4201565030166696
model_agnostic_replication_behavior-0e69fc60a12b9c31-m1,effort,-3.5,-2.769855967193463
model_agnostic_replication_behavior-0eb8124104774511-m0,bandit,-6.375,-5.34211978283607
model_agnostic_replication_behavior-0eb8124104774511-m1,bandit,-4.75,-5.338656769973712
model_agnostic_replication_behavior-0ef260a7b9dee6db-m0,bandit,11.5625,5.034125334697683
model_agnostic_replication_behavior-0ef260a7b9dee6db-m1,bandit,9.625,5.0375883475600425
model_agnostic_replication_behavior-0f4056662f77dde7-m0,solvability,0.24999999999999992,12.185442704297902
model_agnostic_replication_behavior-0f4056662f77dde7-m1,solvability,2.5234375,12.293440328189291
model_agnostic_replication_behavior-0fd4913ccc94d32d-m0,effort,-2.25,0.6372645095051767
model_agnostic_replication_behavior-0fd4913ccc94d32d-m1,effort,-3.125,0.28756504532838345
model_agnostic_replication_behavior-0ff52b10f0aacabc-m0,information_sampling,-0.37499999999999994,1.7611668003309628
model_agnostic_replication_behavior-0ff52b10f0aacabc-m1,information_sampling,-1.625,-0.2358039383809547
model_agnostic_replication_behavior-100bf82681bf3cb4-m0,debugging,-5.625,-6.226633236057538
model_agnostic_replication_behavior-100bf82681bf3cb4-m1,debugging,-3.625,-4.744785416631455
model_agnostic_replication_behavior-1075d6808005ad16-m0,effort,-3.75,-4.6093944723611235
model_agnostic_replication_behavior-1075d6808005ad16-m1,effort,-3.75,-4.959093936537917
model_agnostic_replication_behavior-10894231d9c32028-m0,bandit,6.875,0.7399126264778197
model_agnostic_replication_behavior-10894231d9c32028-m1,bandit,6.625,0.7433756393401785
model_agnostic_replication_behavior-10a4039044d9a058-m0,foraging,-4.25,-2.809486625082737
model_agnostic_replication_behavior-10a4039044d9a058-m1,foraging,-4.75,-2.418004327002873
model_agnostic_replication_behavior-10c008101b38f686-m0,effort,-0.7500000000000001,-1.623384142736697
model_agnostic_replication_behavior-10c008101b38f686-m1,effort,-1.375,-1.9730836069134903
model_agnostic_replication_behavior-10c60f6e98c359a5-m0,waiting,4.125,1.4457933389699966
model_agnostic_replication_behavior-10c60f6e98c359a5-m1,waiting,5.125,1.434818815069546
model_agnostic_replication_behavior-10caa96ee184bb61-m0,waiting,-3.625,-2.358923640323792
model_agnostic_replication_behavior-10caa96ee184bb61-m1,waiting,-5.125,-2.3698981642242423
model_agnostic_replication_behavior-11217f8111fb34ae-m0,information_sampling,5.125,4.0651752939717625
model_agnostic_replication_behavior-11217f8111fb34ae-m1,information_sampling,2.375,2.0682045552598454
model_agnostic_replication_behavior-114a0a17408ce26f-m0,solvability,-5.875,-6.45248001785189
model_agnostic_replication_behavior-114a0a17408ce26f-m1,solvability,-5.125,-6.344482393960503
model_agnostic_replication_behavior-11503254de9574ef-m0,information_sampling,0.625,-0.8816576221630675
model_agnostic_replication_behavior-11503254de9574ef-m1,information_sampling,-2.375,-2.878628360874985
model_agnostic_replication_behavior-117699da7b075021-m0,effort,5.375,1.2601581011512926
model_agnostic_replication_behavior-117699da7b075021-m1,effort,4.375,0.9104586369744994
model_agnostic_replication_behavior-1196ebb5edb1419b-m0,effort,8.625,8.657100710519094
model_agnostic_replication_behavior-1196ebb5edb1419b-m1,effort,6.25,8.307401246342302
model_agnostic_replication_behavior-11c8fab992fd3bfb-m0,debugging,-7.25,-7.482556913160449
model_agnostic_replication_behavior-11c8fab992fd3bfb-m1,debugging,-5.875,-6.000709093734367
model_agnostic_replication_behavior-11d283044a41ce52-m0,effort,-5.625,-6.85428132528518
model_agnostic_replication_behavior-11d283044a41ce52-m1,effort,-5.75,-7.203980789461974
model_agnostic_replication_behavior-11fa9eef50102843-m0,solvability,-13.25,-9.234485210823753
model_agnostic_replication_behavior-11fa9eef50102843-m1,solvability,-11.1875,-9.126487586932363
model_agnostic_replication_behavior-120b39b17444e343-m0,effort,-7.0,-4.129020871918345
model_agnostic_replication_behavior-120b39b17444e343-m1,effort,-6.0,-4.478720336095138
model_agnostic_replication_behavior-121eec5254aa83c9-m0,foraging,-5.5,-3.7882319459093097
model_agnostic_replication_behavior-121eec5254aa83c9-m1,foraging,-5.375,-3.3967496478294463
model_agnostic_replication_behavior-122c74b0503d8133-m0,effort,-3.875,-3.658468056566657
model_agnostic_replication_behavior-122c74b0503d8133-m1,effort,-3.875,-4.00816752074345
model_agnostic_replication_behavior-1231ae746de2ab09-m0,waiting,3.75,1.3402992174622774
model_agnostic_replication_behavior-1231ae746de2ab09-m1,waiting,5.125,1.3293246935618273
model_agnostic_replication_behavior-1244cd698473756e-m0,solvability,-5.0,-0.5547138903092421
model_agnostic_replication_behavior-1244cd698473756e-m1,solvability,-5.625,-0.4467162664178539
model_agnostic_replication_behavior-124b2ed73a78d4ee-m0,waiting,-1.875,-0.33649683707492506
model_agnostic_replication_behavior-124b2ed73a78d4ee-m1,waiting,-4.375,-0.34747136097537523
model_agnostic_replication_behavior-12623c3df9a5d3d9-m0,effort,-4.875,-3.732060475418545
model_agnostic_replication_behavior-12623c3df9a5d3d9-m1,effort,-4.625,-4.081759939595338
model_agnostic_replication_behavior-12840b535a74c58d-m0,effort,8.0,6.316676643992837
model_agnostic_replication_behavior-12840b535a74c58d-m1,effort,6.875,5.966977179816044
model_agnostic_replication_behavior-12d20b6fec07b4d0-m0,solvability,9.0,6.478669243217377
model_agnostic_replication_behavior-12d20b6fec07b4d0-m1,solvability,7.75,6.5866668671087645
model_agnostic_replication_behavior-1315088b2464bc0a-m0,solvability,3.375,2.866975848705132
model_agnostic_replication_behavior-1315088b2464bc0a-m1,solvability,1.75,2.9749734725965205
model_agnostic_replication_behavior-1356b1784a0d43c3-m0,bandit,-5.75,-5.649777333484185
model_agnostic_replication_behavior-1356b1784a0d43c3-m1,bandit,-7.125,-5.646314320621826
model_agnostic_replication_behavior-13963679df0c4254-m0,effort,-4.625,0.6295773502605824
model_agnostic_replication_behavior-13963679df0c4254-m1,effort,-4.375,0.27987788608378916
model_agnostic_replication_behavior-13bd58c211a6ad8f-m0,debugging,2.125,0.029672784170292843
model_agnostic_replication_behavior-13bd58c211a6ad8f-m1,debugging,3.5,1.5115206035963755
model_agnostic_replication_behavior-13bff8f274963dc8-m0,waiting,5.125,4.351370859925455
model_agnostic_replication_behavior-13bff8f274963dc8-m1,waiting,5.5,4.340396336025004
model_agnostic_replication_behavior-13c8c3d6275057e5-m0,bandit,-7.875,-2.605689135413703
model_agnostic_replication_behavior-13c8c3d6275057e5-m1,bandit,-9.375,-2.602226122551344
model_agnostic_replication_behavior-13dcd6634925821e-m0,foraging,-11.125,-4.019193286074372
model_agnostic_replication_behavior-13dcd6634925821e-m1,foraging,-8.625,-3.6277109879945084
model_agnostic_replication_behavior-13f8c14a1ddd6e3b-m0,information_sampling,5.625,6.030176053391199
model_agnostic_replication_behavior-13f8c14a1ddd6e3b-m1,information_sampling,4.875,4.0332053146792815
model_agnostic_replication_behavior-1464dad6b232a396-m0,bandit,8.75,3.940415522855082
model_agnostic_replication_behavior-1464dad6b232a396-m1,bandit,8.875,3.9438785357174413
model_agnostic_replication_behavior-147b87d2cb9fcae9-m0,foraging,7.875,5.265738919888404
model_agnostic_replication_behavior-147b87d2cb9fcae9-m1,foraging,6.25,5.657221217968267
model_agnostic_replication_behavior-149c53f564134a1a-m0,information_sampling,5.125,4.805919415129412
model_agnostic_replication_behavior-149c53f564134a1a-m1,information_sampling,3.75,2.8089486764174945
model_agnostic_replication_behavior-14c5507f170f7bb6-m0,foraging,-1.375,0.8922522478539888
model_agnostic_replication_behavior-14c5507f170f7bb6-m1,foraging,0.24999999999999992,1.2837345459338523
model_agnostic_replication_behavior-14e4552aa7aab6ac-m0,effort,6.375,6.761850904314132
model_agnostic_replication_behavior-14e4552aa7aab6ac-m1,effort,4.5,6.412151440137339
model_agnostic_replication_behavior-14ea1ac3724140ab-m0,foraging,-1.375,-1.3011754271132134
model_agnostic_replication_behavior-14ea1ac3724140ab-m1,foraging,-0.7500000000000001,-0.9096931290333498
model_agnostic_replication_behavior-14eb198e931af131-m0,foraging,-4.875,-6.0560305216941135
model_agnostic_replication_behavior-14eb198e931af131-m1,foraging,-4.0,-5.664548223614249
model_agnostic_replication_behavior-14eb72851d740086-m0,information_sampling,0.7500000000000002,0.8933996816782923
model_agnostic_replication_behavior-14eb72851d740086-m1,information_sampling,-0.6249999999999999,-1.1035710570336252
model_agnostic_replication_behavior-150c2afcd11dd9db-m0,foraging,-7.0,-3.065736019214214
model_agnostic_replication_behavior-150c2afcd11dd9db-m1,foraging,-5.875,-2.674253721134351
model_agnostic_replication_behavior-151ff4f6e453aa29-m0,debugging,-6.75,-1.2756746110895298
model_agnostic_replication_behavior-151ff4f6e453aa29-m1,debugging,-5.125,0.20617320833655284
model_agnostic_replication_behavior-153f6843c649512f-m0,foraging,-4.75,-4.073815619827516
model_agnostic_replication_behavior-153f6843c649512f-m1,foraging,0.0,-3.6823333217476524
model_agnostic_replication_behavior-15586adf66bb1a30-m0,foraging,-7.0,-2.637882277022402
model_agnostic_replication_behavior-15586adf66bb1a30-m1,foraging,-7.25,-2.246399978942539
model_agnostic_replication_behavior-159675032395db54-m0,waiting,1.625,-0.23422624322094832
model_agnostic_replication_behavior-159675032395db54-m1,waiting,1.125,-0.2452007671213987
model_agnostic_replication_behavior-15a7e78dc1275515-m0,solvability,6.875,6.785427541614558
model_agnostic_replication_behavior-15a7e78dc1275515-m1,solvability,6.875,6.8934251655059455
model_agnostic_replication_behavior-15b3fcd5f915f158-m0,debugging,-8.4375,-9.671219041552476
model_agnostic_replication_behavior-15b3fcd5f915f158-m1,debugging,-7.5,-8.189371222126393
model_agnostic_replication_behavior-15bc9bb5b3d2d805-m0,foraging,-7.0,-7.411559040499028
model_agnostic_replication_behavior-15bc9bb5b3d2d805-m1,foraging,-6.0,-7.020076742419165
model_agnostic_replication_behavior-15db9ba7c8b28363-m0,waiting,3.75,4.220976949714818
model_agnostic_replication_behavior-15db9ba7c8b28363-m1,waiting,4.375,4.210002425814368
model_agnostic_replication_behavior-15ee8f4cf39cf018-m0,effort,-5.625,-3.8488448998403033
model_agnostic_replication_behavior-15ee8f4cf39cf018-m1,effort,-5.25,-4.1985443640170965
model_agnostic_replication_behavior-15f6aedd3bd4eace-m0,effort,-6.125,-4.805285160791566
model_agnostic_replication_behavior-15f6aedd3bd4eace-m1,effort,-5.125,-5.1549846249683595
model_agnostic_replication_behavior-15fbb074b2f4abda-m0,waiting,2.0,2.541131677175872
model_agnostic_replication_behavior-15fbb074b2f4abda-m1,waiting,0.8750000000000001,2.5301571532754217
model_agnostic_replication_behavior-160021f7c560d795-m0,debugging,1.25,0.5873653619264001
model_agnostic_replication_behavior-160021f7c560d795-m1,debugging,3.125,2.0692131813524828
model_agnostic_replication_behavior-16106a4eef772409-m0,waiting,2.5,3.9637742383666783
model_agnostic_replication_behavior-16106a4eef772409-m1,waiting,5.0,3.9527997144662277
model_agnostic_replication_behavior-1641727d9252d994-m0,foraging,-6.875,-5.8635985402235535
model_agnostic_replication_behavior-1641727d9252d994-m1,foraging,-6.0,-5.472116242143691
model_agnostic_replication_behavior-1649848ed48a5223-m0,foraging,8.875,6.016979214091512
model_agnostic_replication_behavior-1649848ed48a5223-m1,foraging,7.25,6.408461512171375
model_agnostic_replication_behavior-1655839b73270fa0-m0,solvability,-8.5,-7.320909103290921
model_agnostic_replication_behavior-1655839b73270fa0-m1,solvability,-5.875,-7.2129114793995335
model_agnostic_replication_behavior-16fba24bc1a53cd3-m0,effort,1.0,-0.045799280066974424
model_agnostic_replication_behavior-16fba24bc1a53cd3-m1,effort,2.0,-0.3954987442437674
model_agnostic_replication_behavior-16fc2f44eb9d0e07-m0,debugging,-4.375,-2.8950618667199692
model_agnostic_replication_behavior-16fc2f44eb9d0e07-m1,debugging,-0.5,-1.4132140472938866
model_agnostic_replication_behavior-17444bc2ccc2d6ac-m0,information_sampling,-1.875,-1.3245953879259402
model_agnostic_replication_behavior-17444bc2ccc2d6ac-m1,information_sampling,-3.75,-3.3215661266378573
model_agnostic_replication_behavior-174541495df7879c-m0,foraging,-2.75,-2.727075199196272
model_agnostic_replication_behavior-174541495df7879c-m1,foraging,-2.125,-2.3355929011164087
model_agnostic_replication_behavior-176c4eb47fb9df78-m0,bandit,-4.0,-2.3022891620986785
model_agnostic_replication_behavior-176c4eb47fb9df78-m1,bandit,-2.25,-2.2988261492363202
model_agnostic_replication_behavior-17848d5aed4042cc-m0,foraging,-3.375,-2.120728532196198
model_agnostic_replication_behavior-17848d5aed4042cc-m1,foraging,0.7500000000000002,-1.7292462341163342
model_agnostic_replication_behavior-178dfa4c882e1bd7-m0,information_sampling,4.375,2.406165628728247
model_agnostic_replication_behavior-178dfa4c882e1bd7-m1,information_sampling,3.25,0.40919489001632936
model_agnostic_replication_behavior-1827dac5786a8321-m0,information_sampling,3.5,1.390268897349515
model_agnostic_replication_behavior-1827dac5786a8321-m1,information_sampling,0.125,-0.6067018413624026
model_agnostic_replication_behavior-18762ee26a1e6157-m0,information_sampling,-4.125,-0.49735623389393924
model_agnostic_replication_behavior-18762ee26a1e6157-m1,information_sampling,-6.125,-2.494326972605857
model_agnostic_replication_behavior-189946aa60798f9e-m0,effort,2.25,-0.41984204584904916
model_agnostic_replication_behavior-189946aa60798f9e-m1,effort,2.625,-0.7695415100258423
model_agnostic_replication_behavior-18a23114fa6ad47a-m0,bandit,-7.625,-6.067205618998642
model_agnostic_replication_behavior-18a23114fa6ad47a-m1,bandit,-7.5,-6.063742606136284
model_agnostic_replication_behavior-18c026b1ee13b55a-m0,waiting,2.75,0.6734004624602083
model_agnostic_replication_behavior-18c026b1ee13b55a-m1,waiting,3.0,0.662425938559758
model_agnostic_replication_behavior-18d005c34de11231-m0,debugging,-7.0,-7.8322612761200485
model_agnostic_replication_behavior-18d005c34de11231-m1,debugging,-6.25,-6.350413456693966
model_agnostic_replication_behavior-18e0a1d50757454d-m0,effort,-4.0,-5.330471247864233
model_agnostic_replication_behavior-18e0a1d50757454d-m1,effort,-4.75,-5.6801707120410265
model_agnostic_replication_behavior-19027c25d45f801b-m0,foraging,-5.625,-7.417215310961398
model_agnostic_replication_behavior-19027c25d45f801b-m1,foraging,-4.875,-7.025733012881535
model_agnostic_replication_behavior-1905010b5aea7c55-m0,waiting,-2.625,-2.0939494437258888
model_agnostic_replication_behavior-1905010b5aea7c55-m1,waiting,-1.5,-2.1049239676263394
model_agnostic_replication_behavior-196a5bf0f0a9fc18-m0,debugging,0.0,3.9296548100049917
model_agnostic_replication_behavior-196a5bf0f0a9fc18-m1,debugging,3.375,5.411502629431075
model_agnostic_replication_behavior-197698cf6e2f0b52-m0,solvability,-7.875,-8.450444545854655
model_agnostic_replication_behavior-197698cf6e2f0b52-m1,solvability,-7.125,-8.342446921963266
model_agnostic_replication_behavior-199ffc3578095b0f-m0,debugging,-3.125,-1.4575996236170639
model_agnostic_replication_behavior-199ffc3578095b0f-m1,debugging,-3.125,0.02424819580901838
model_agnostic_replication_behavior-19b0fde0ec24f796-m0,solvability,7.625,2.2896880046657397
model_agnostic_replication_behavior-19b0fde0ec24f796-m1,solvability,6.875,2.397685628557128
model_agnostic_replication_behavior-19f6bfefcdd57284-m0,foraging,-3.625,-1.1252511532766523
model_agnostic_replication_behavior-19f6bfefcdd57284-m1,foraging,-4.0,-0.7337688551967886
model_agnostic_replication_behavior-1a07a1404fb72f5a-m0,bandit,0.125,-6.0939713763179615
model_agnostic_replication_behavior-1a07a1404fb72f5a-m1,bandit,-0.36718749999999994,-6.090508363455603
model_agnostic_replication_behavior-1a4c3ca2f74827b3-m0,debugging,3.0,-1.7142105919400277
model_agnostic_replication_behavior-1a4c3ca2f74827b3-m1,debugging,4.625,-0.232362772513945
model_agnostic_replication_behavior-1a5e1084ff750610-m0,information_sampling,4.875,4.889463734712885
model_agnostic_replication_behavior-1a5e1084ff750610-m1,information_sampling,3.0,2.8924929960009678
model_agnostic_replication_behavior-1aae20b30857e147-m0,effort,6.5,5.482990170967866
model_agnostic_replication_behavior-1aae20b30857e147-m1,effort,4.125,5.1332907067910725
model_agnostic_replication_behavior-1acd56a0fe40e4aa-m0,effort,-5.625,-5.380324923483922
model_agnostic_replication_behavior-1acd56a0fe40e4aa-m1,effort,-5.0,-5.730024387660716
model_agnostic_replication_behavior-1ad6a9cd608df066-m0,debugging,3.875,-0.43855266121852843
model_agnostic_replication_behavior-1ad6a9cd608df066-m1,debugging,6.125,1.0432951582075543
model_agnostic_replication_behavior-1b081458a02515be-m0,solvability,-4.125,-5.465878774915299
model_agnostic_replication_behavior-1b081458a02515be-m1,solvability,-4.5,-5.357881151023911
model_agnostic_replication_behavior-1b32582cd087cd77-m0,debugging,-9.1875,-3.973611254321623
model_agnostic_replication_behavior-1b32582cd087cd77-m1,debugging,-5.75,-2.4917634348955398
model_agnostic_replication_behavior-1bac638296bff45c-m0,solvability,-5.0,0.017931592363569004
model_agnostic_replication_behavior-1bac638296bff45c-m1,solvability,-5.0,0.12592921625495745
model_agnostic_replication_behavior-1bb5b6523bf3343c-m0,foraging,-8.625,-11.206170983281769
model_agnostic_replication_behavior-1bb5b6523bf3343c-m1,foraging,-6.875,-10.814688685201908
model_agnostic_replication_behavior-1bcaa2b09bb0aa9d-m0,effort,-5.875,-4.455790226757865
model_agnostic_replication_behavior-1bcaa2b09bb0aa9d-m1,effort,-5.75,-4.8054896909346585
model_agnostic_replication_behavior-1c3ed8c18c457e34-m0,foraging,8.0,2.1330090555054473
model_agnostic_replication_behavior-1c3ed8c18c457e34-m1,foraging,5.625,2.524491353585311
model_agnostic_replication_behavior-1c8bde91b848cb71-m0,solvability,6.75,9.157429573742991
model_agnostic_replication_behavior-1c8bde91b848cb71-m1,solvability,5.25,9.26542719763438
model_agnostic_replication_behavior-1ca78c5e302ae9cb-m0,waiting,1.5000000000000002,2.4271503083253245
model_agnostic_replication_behavior-1ca78c5e302ae9cb-m1,waiting,4.0,2.4161757844248744
model_agnostic_replication_behavior-1cbf2cf61f5d2963-m0,effort,5.125,0.9909064249064735
model_agnostic_replication_behavior-1cbf2cf61f5d2963-m1,effort,3.0,0.6412069607296802
model_agnostic_replication_behavior-1ceb9068824dab50-m0,information_sampling,4.25,5.1831999372200075
model_agnostic_replication_behavior-1ceb9068824dab50-m1,information_sampling,3.0,3.18622919850809
model_agnostic_replication_behavior-1d0074b0718a8fdd-m0,information_sampling,3.25,3.641967752643704
model_agnostic_replication_behavior-1d0074b0718a8fdd-m1,information_sampling,-0.12500000000000006,1.6449970139317864
model_agnostic_replication_behavior-1d2d844cd486855b-m0,debugging,-5.125,-2.7986684118490532
model_agnostic_replication_behavior-1d2d844cd486855b-m1,debugging,-3.0,-1.3168205924229708
model_agnostic_replication_behavior-1d51630b8e0283f8-m0,debugging,1.3750000000000002,1.1197683367570481
model_agnostic_replication_behavior-1d51630b8e0283f8-m1,debugging,3.5,2.601616156183131
model_agnostic_replication_behavior-1d58a58aeeb48a1f-m0,waiting,-0.7500000000000001,-2.215702297826198
model_agnostic_replication_behavior-1d58a58aeeb48a1f-m1,waiting,-0.7500000000000001,-2.226676821726649
model_agnostic_replication_behavior-1d5931a2a6e09703-m0,foraging,-2.125,-3.533984585990711
model_agnostic_replication_behavior-1d5931a2a6e09703-m1,foraging,-3.125,-3.142502287910847
model_agnostic_replication_behavior-1d5a91ed00eabedb-m0,effort,4.5,1.4260311834883812
model_agnostic_replication_behavior-1d5a91ed00eabedb-m1,effort,3.75,1.076331719311588
model_agnostic_replication_behavior-1d5aae418e416561-m0,information_sampling,5.375,5.266418634639841
model_agnostic_replication_behavior-1d5aae418e416561-m1,information_sampling,4.25,3.2694478959279234
model_agnostic_replication_behavior-1d9b6ca07da828b2-m0,information_sampling,5.375,6.655621358750532
model_agnostic_replication_behavior-1d9b6ca07da828b2-m1,information_sampling,3.75,4.658650620038615
model_agnostic_replication_behavior-1dbdf3e261c7125b-m0,debugging,-2.5,-2.209748294722102
model_agnostic_replication_behavior-1dbdf3e261c7125b-m1,debugging,-3.75,-0.7279004752960194
model_agnostic_replication_behavior-1dc1173eb070a673-m0,foraging,2.75,6.647963193707593
model_agnostic_replication_behavior-1dc1173eb070a673-m1,foraging,2.875,7.039445491787456
model_agnostic_replication_behavior-1dca92149cba94e6-m0,bandit,-8.25,-9.38264370051694
model_agnostic_replication_behavior-1dca92149cba94e6-m1,bandit,-9.0,-9.379180687654582
model_agnostic_replication_behavior-1de14e9b46638981-m0,information_sampling,5.625,5.853467290751471
model_agnostic_replication_behavior-1de14e9b46638981-m1,information_sampling,4.125,3.856496552039554
model_agnostic_replication_behavior-1dfdeb8278104d58-m0,bandit,-8.75,-8.83653458982385
model_agnostic_replication_behavior-1dfdeb8278104d58-m1,bandit,-8.0,-8.83307157696149
model_agnostic_replication_behavior-1e5afb43f8159fa4-m0,waiting,4.625,4.962413319942663
model_agnostic_replication_behavior-1e5afb43f8159fa4-m1,waiting,4.5,4.951438796042213
model_agnostic_replication_behavior-1e66097bdfeebc01-m0,effort,-5.875,-1.725840783489916
model_agnostic_replication_behavior-1e66097bdfeebc01-m1,effort,-4.375,-2.0755402476667095
model_agnostic_replication_behavior-1e8104c36db013ae-m0,effort,5.75,6.040031586326039
model_agnostic_replication_behavior-1e8104c36db013ae-m1,effort,4.75,5.690332122149246
model_agnostic_replication_behavior-1e8a720a327753b1-m0,foraging,-6.875,-5.978986075078381
model_agnostic_replication_behavior-1e8a720a327753b1-m1,foraging,-5.875,-5.587503776998518
model_agnostic_replication_behavior-1ef59a0601725c30-m0,information_sampling,1.5000000000000002,3.4538355099790436
model_agnostic_replication_behavior-1ef59a0601725c30-m1,information_sampling,-2.375,1.456864771267126
model_agnostic_replication_behavior-1ef66aab7b6a5a42-m0,solvability,8.3125,9.057761575234684
model_agnostic_replication_behavior-1ef66aab7b6a5a42-m1,solvability,6.125,9.165759199126073
model_agnostic_replication_behavior-1f884fbb8ec917bd-m0,waiting,3.5,4.007329826426096
model_agnostic_replication_behavior-1f884fbb8ec917bd-m1,waiting,4.25,3.9963553025256457
model_agnostic_replication_behavior-1f95b82ce366cfac-m0,information_sampling,3.0,1.7358571074487226
model_agnostic_replication_behavior-1f95b82ce366cfac-m1,information_sampling,-0.8750000000000002,-0.261113631263195
model_agnostic_replication_behavior-1f9d8f3f012cfd7e-m0,foraging,-6.875,-8.937272364325242
model_agnostic_replication_behavior-1f9d8f3f012cfd7e-m1,foraging,-6.375,-8.545790066245377
model_agnostic_replication_behavior-1fa97a3e8e317010-m0,solvability,11.25,6.074019803364058
model_agnostic_replication_behavior-1fa97a3e8e317010-m1,solvability,9.5,6.182017427255446
model_agnostic_replication_behavior-1fd4a78bb0b3034b-m0,bandit,-9.0,-5.422197828442572
model_agnostic_replication_behavior-1fd4a78bb0b3034b-m1,bandit,-9.125,-5.418734815580214
model_agnostic_replication_behavior-1fd6c06875417407-m0,information_sampling,-1.5,-0.7014967388446172
model_agnostic_replication_behavior-1fd6c06875417407-m1,information_sampling,-3.375,-2.698467477556534
model_agnostic_replication_behavior-20366cb1453628c0-m0,solvability,-1.375,0.2013674317858145
model_agnostic_replication_behavior-20366cb1453628c0-m1,solvability,-2.0,0.3093650556772032
model_agnostic_replication_behavior-20392ca1446374e9-m0,effort,7.0,4.727049041410038
model_agnostic_replication_behavior-20392ca1446374e9-m1,effort,5.375,4.377349577233245
model_agnostic_replication_behavior-2039949aa53eb667-m0,waiting,7.125,5.715170127438618
model_agnostic_replication_behavior-2039949aa53eb667-m1,waiting,7.125,5.704195603538167
model_agnostic_replication_behavior-20e265cfc8aa2792-m0,waiting,0.24999999999999992,1.4371522828596686
model_agnostic_replication_behavior-20e265cfc8aa2792-m1,waiting,1.8749999999999998,1.4261777589592182
model_agnostic_replication_behavior-20f3233e96f8f5d0-m0,bandit,0.05468749999999998,0.7399126264778197
model_agnostic_replication_behavior-20f3233e96f8f5d0-m1,bandit,-0.6484374999999999,0.7433756393401785
model_agnostic_replication_behavior-21620cbe4bc7a619-m0,solvability,9.1875,6.4346772301416
model_agnostic_replication_behavior-21620cbe4bc7a619-m1,solvability,7.375,6.542674854032988
model_agnostic_replication_behavior-2189646ac74dd3c6-m0,bandit,-8.75,-10.472200604190956
model_agnostic_replication_behavior-2189646ac74dd3c6-m1,bandit,-9.0,-10.468737591328598
model_agnostic_replication_behavior-219bfe28a41484e7-m0,debugging,-6.0,-5.857928041515473
model_agnostic_replication_behavior-219bfe28a41484e7-m1,debugging,-4.5,-4.37608022208939
model_agnostic_replication_behavior-21aeb70e58204e18-m0,bandit,12.875,11.032640543481666
model_agnostic_replication_behavior-21aeb70e58204e18-m1,bandit,8.125,11.036103556344024
model_agnostic_replication_behavior-21e5a7d625933c7f-m0,bandit,-0.6249999999999999,0.9695703027271098
model_agnostic_replication_behavior-21e5a7d625933c7f-m1,bandit,-3.875,0.9730333155894687
model_agnostic_replication_behavior-220dcc3acc18d9b1-m0,effort,-3.0,-2.52907316165351
model_agnostic_replication_behavior-220dcc3acc18d9b1-m1,effort,-3.375,-2.8787726258303032
model_agnostic_replication_behavior-2212ee15b2da8a18-m0,bandit,10.1875,9.378049225693575
model_agnostic_replication_behavior-2212ee15b2da8a18-m1,bandit,7.5,9.381512238555933
model_agnostic_replication_behavior-223a6af4b3c71b1a-m0,solvability,-5.375,-0.9419508547091962
model_agnostic_replication_behavior-223a6af4b3c71b1a-m1,solvability,-3.25,-0.8339532308178075
model_agnostic_replication_behavior-2270e5a827cd6037-m0,foraging,-6.125,-4.220687360330835
model_agnostic_replication_behavior-2270e5a827cd6037-m1,foraging,-5.625,-3.8292050622509715
model_agnostic_replication_behavior-22bcc9fd91019e1d-m0,waiting,5.5,5.441554874730387
model_agnostic_replication_behavior-22bcc9fd91019e1d-m1,waiting,6.25,5.430580350829937
model_agnostic_replication_behavior-22d2a7152d0c93f0-m0,solvability,4.5,-0.3118054427446515
model_agnostic_replication_behavior-22d2a7152d0c93f0-m1,solvability,4.25,-0.20380781885326305
model_agnostic_replication_behavior-22fd3e7103175c25-m0,debugging,-6.125,-4.9093733922665574
model_agnostic_replication_behavior-22fd3e7103175c25-m1,debugging,-4.625,-3.427525572840475
model_agnostic_replication_behavior-230c8ab66d78d959-m0,information_sampling,5.625,2.7528669571052022
model_agnostic_replication_behavior-230c8ab66d78d959-m1,information_sampling,1.8749999999999998,0.7558962183932845
model_agnostic_replication_behavior-230eb2565e157697-m0,debugging,-6.5,-3.8848284546009384
model_agnostic_replication_behavior-230eb2565e157697-m1,debugging,-3.625,-2.4029806351748553
model_agnostic_replication_behavior-234fbb3342894de6-m0,foraging,5.125,1.9827962640309744
model_agnostic_replication_behavior-234fbb3342894de6-m1,foraging,4.375,2.374278562110838
model_agnostic_replication_behavior-23b4d83317cf9ace-m0,information_sampling,5.0,5.386332950384107
model_agnostic_replication_behavior-23b4d83317cf9ace-m1,information_sampling,4.25,3.3893622116721898
model_agnostic_replication_behavior-23bd78873456759f-m0,information_sampling,-0.43749999999999994,2.227015262466982
model_agnostic_replication_behavior-23bd78873456759f-m1,information_sampling,0.45312500000000006,0.23004452375506423
model_agnostic_replication_behavior-23f7858bf310652e-m0,waiting,8.625,9.282882417723663
model_agnostic_replication_behavior-23f7858bf310652e-m1,waiting,8.375,9.271907893823212
model_agnostic_replication_behavior-2425a583606f6355-m0,waiting,8.625,7.851362271461569
model_agnostic_replication_behavior-2425a583606f6355-m1,waiting,8.0,7.840387747561118
model_agnostic_replication_behavior-2489c1411cfa00c8-m0,information_sampling,2.625,2.4600970786365974
model_agnostic_replication_behavior-2489c1411cfa00c8-m1,information_sampling,-3.75,0.4631263399246799
model_agnostic_replication_behavior-248aa339c21cd181-m0,waiting,1.0468750000000002,5.293912097555702
model_agnostic_replication_behavior-248aa339c21cd181-m1,waiting,-0.5234374999999999,5.282937573655252
model_agnostic_replication_behavior-248ceb9b361bc830-m0,bandit,-12.3125,-8.046616261220445
model_agnostic_replication_behavior-248ceb9b361bc830-m1,bandit,-10.625,-8.043153248358085
model_agnostic_replication_behavior-24aeb433b08609bd-m0,foraging,2.75,0.6776164368275154
model_agnostic_replication_behavior-24aeb433b08609bd-m1,foraging,3.125,1.0690987349073788
model_agnostic_replication_behavior-24d93fd6baf667cb-m0,information_sampling,-2.25,-0.10352736881490276
model_agnostic_replication_behavior-24d93fd6baf667cb-m1,information_sampling,-3.5,-2.10049810752682
model_agnostic_replication_behavior-24f51ceafbff51f2-m0,effort,-2.25,-3.344766773469471
model_agnostic_replication_behavior-24f51ceafbff51f2-m1,effort,-2.5,-3.6944662376462647
model_agnostic_replication_behavior-24f9f8313aa0ece3-m0,waiting,8.625,5.566356946832441
model_agnostic_replication_behavior-24f9f8313aa0ece3-m1,waiting,7.5,5.5553824229319915
model_agnostic_replication_behavior-24fcc8fa9baac468-m0,waiting,-4.125,-2.367585197318618
model_agnostic_replication_behavior-24fcc8fa9baac468-m1,waiting,-4.5,-2.378559721219068
model_agnostic_replication_behavior-252b47d506849edf-m0,waiting,0.37499999999999994,-1.8803023204371674
model_agnostic_replication_behavior-252b47d506849edf-m1,waiting,0.0,-1.891276844337618
model_agnostic_replication_behavior-253670869b6c84e6-m0,debugging,-2.125,2.7125671517704997
model_agnostic_replication_behavior-253670869b6c84e6-m1,debugging,2.25,4.194414971196583
model_agnostic_replication_behavior-253db232a41a509b-m0,solvability,-5.625,-4.953803430933917
model_agnostic_replication_behavior-253db232a41a509b-m1,solvability,-4.875,-4.845805807042528
model_agnostic_replication_behavior-25c4f1f9c14e23af-m0,effort,5.5,6.052485319854572
model_agnostic_replication_behavior-25c4f1f9c14e23af-m1,effort,3.875,5.702785855677779
model_agnostic_replication_behavior-264ceae46565e8aa-m0,solvability,-5.0,-0.4181020347488613
model_agnostic_replication_behavior-264ceae46565e8aa-m1,solvability,-4.0,-0.3101044108574731
model_agnostic_replication_behavior-26576e9ebf7368f0-m0,effort,-2.875,-2.0896663637598256
model_agnostic_replication_behavior-26576e9ebf7368f0-m1,effort,-3.5,-2.439365827936619
model_agnostic_replication_behavior-2699935cd9fe2203-m0,waiting,2.875,1.3402992174622774
model_agnostic_replication_behavior-2699935cd9fe2203-m1,waiting,3.0,1.3293246935618273
model_agnostic_replication_behavior-26b4a96d6c3b42e3-m0,debugging,-4.625,-3.522539230872724
model_agnostic_replication_behavior-26b4a96d6c3b42e3-m1,debugging,-3.875,-2.040691411446642
model_agnostic_replication_behavior-270b65656a02a9aa-m0,waiting,2.125,1.1955978712907478
model_agnostic_replication_behavior-270b65656a02a9aa-m1,waiting,1.5000000000000002,1.1846233473902976
model_agnostic_replication_behavior-272ca08028e479cb-m0,solvability,12.0,10.971337682767516
model_agnostic_replication_behavior-272ca08028e479cb-m1,solvability,12.25,11.079335306658905
model_agnostic_replication_behavior-2764b2f4fcf7ed0b-m0,solvability,-4.5,2.633842690500528
model_agnostic_replication_behavior-2764b2f4fcf7ed0b-m1,solvability,-2.875,2.7418403143919163
model_agnostic_replication_behavior-2768884a0f1c8979-m0,bandit,6.5,1.3892400680197214
model_agnostic_replication_behavior-2768884a0f1c8979-m1,bandit,3.25,1.3927030808820804
model_agnostic_replication_behavior-27a131bd319a1f1e-m0,waiting,3.625,2.35043304595837
model_agnostic_replication_behavior-27a131bd319a1f1e-m1,waiting,3.625,2.3394585220579196
model_agnostic_replication_behavior-28013a07f13bfc32-m0,foraging,-2.5,2.151727066293177
model_agnostic_replication_behavior-28013a07f13bfc32-m1,foraging,-4.25,2.5432093643730402
model_agnostic_replication_behavior-281952f98366b59e-m0,waiting,-3.0,-2.2707321319212257
model_agnostic_replication_behavior-281952f98366b59e-m1,waiting,-1.375,-2.281706655821676
model_agnostic_replication_behavior-2862bdc45eb6d24d-m0,solvability,10.0,6.472931557814244
model_agnostic_replication_behavior-2862bdc45eb6d24d-m1,solvability,8.9375,6.580929181705633
model_agnostic_replication_behavior-28715e418e56a469-m0,solvability,-7.0,-3.1116027041768586
model_agnostic_replication_behavior-28715e418e56a469-m1,solvability,-5.875,-3.00360508028547
model_agnostic_replication_behavior-28daaa846d4f852a-m0,foraging,-9.375,0.5335606063690136
model_agnostic_replication_behavior-28daaa846d4f852a-m1,foraging,-8.25,0.9250429044488765
model_agnostic_replication_behavior-28e1ca6f0fd761a4-m0,foraging,-4.25,-5.340275214020744
model_agnostic_replication_behavior-28e1ca6f0fd761a4-m1,foraging,-3.625,-4.9487929159408806
model_agnostic_replication_behavior-28ec801d5c018dd4-m0,foraging,-1.875,-0.16923611113789894
model_agnostic_replication_behavior-28ec801d5c018dd4-m1,foraging,-1.25,0.2222461869419644
model_agnostic_replication_behavior-28ed4f948cf4119d-m0,information_sampling,-0.9843750000000002,4.695647983015849
model_agnostic_replication_behavior-28ed4f948cf4119d-m1,information_sampling,1.3750000000000002,2.6986772443039317
model_agnostic_replication_behavior-28ef00a2b5b3cf6f-m0,solvability,-10.25,-6.221347476543358
model_agnostic_replication_behavior-28ef00a2b5b3cf6f-m1,solvability,-9.375,-6.11334985265197
model_agnostic_replication_behavior-29121b3f21ef53a0-m0,effort,4.125,3.9044210273475137
model_agnostic_replication_behavior-29121b3f21ef53a0-m1,effort,4.25,3.5547215631707205
model_agnostic_replication_behavior-292e1ea1438b4350-m0,debugging,-0.046874999999999965,-2.314627982454165
model_agnostic_replication_behavior-292e1ea1438b4350-m1,debugging,-1.15625,-0.8327801630280826
model_agnostic_replication_behavior-293b91fc8c9f730b-m0,waiting,4.875,3.086277578077631
model_agnostic_replication_behavior-293b91fc8c9f730b-m1,waiting,5.75,3.075303054177181
model_agnostic_replication_behavior-295fccabb249ffb9-m0,waiting,-1.125,-0.3551526364314248
model_agnostic_replication_behavior-295fccabb249ffb9-m1,waiting,-0.6249999999999999,-0.366127160331875
model_agnostic_replication_behavior-2a093e5dd9ec8011-m0,effort,-5.75,-6.43979382133294
model_agnostic_replication_behavior-2a093e5dd9ec8011-m1,effort,-5.75,-6.789493285509733
model_agnostic_replication_behavior-2a16bf103e5fba63-m0,debugging,-1.7499999999999998,-1.7642611247180875
model_agnostic_replication_behavior-2a16bf103e5fba63-m1,debugging,-0.8750000000000002,-0.28241330529200503
model_agnostic_replication_behavior-2a3574e5c495b06d-m0,effort,-2.25,-0.4748831629743222
model_agnostic_replication_behavior-2a3574e5c495b06d-m1,effort,-3.125,-0.8245826271511159
model_agnostic_replication_behavior-2a5af74f33f7730c-m0,debugging,-1.5,-2.9968166806901544
model_agnostic_replication_behavior-2a5af74f33f7730c-m1,debugging,4.0,-1.5149688612640717
model_agnostic_replication_behavior-2a9e2043d06dff1c-m0,solvability,6.5,2.2063268068052606
model_agnostic_replication_behavior-2a9e2043d06dff1c-m1,solvability,5.625,2.3143244306966495
model_agnostic_replication_behavior-2aa2c040f767ac07-m0,bandit,-14.46875,-14.250758031964013
model_agnostic_replication_behavior-2aa2c040f767ac07-m1,bandit,-12.1875,-14.247295019101653
model_agnostic_replication_behavior-2aa8397dfb20ffaf-m0,bandit,-5.125,-4.604622913472453
model_agnostic_replication_behavior-2aa8397dfb20ffaf-m1,bandit,-5.75,-4.601159900610094
model_agnostic_replication_behavior-2aba4fe55422de36-m0,debugging,-1.7499999999999998,-2.3682661488441417
model_agnostic_replication_behavior-2aba4fe55422de36-m1,debugging,2.125,-0.886418329418059
model_agnostic_replication_behavior-2abc4d9bccf438dc-m0,waiting,7.0,5.336214561990168
model_agnostic_replication_behavior-2abc4d9bccf438dc-m1,waiting,7.125,5.325240038089719
model_agnostic_replication_behavior-2aeff75df03557d8-m0,waiting,3.625,1.9794649938361466
model_agnostic_replication_behavior-2aeff75df03557d8-m1,waiting,4.5,1.9684904699356962
model_agnostic_replication_behavior-2afb5bc6eae83d18-m0,bandit,-14.6875,-13.466972269444128
model_agnostic_replication_behavior-2afb5bc6eae83d18-m1,bandit,-11.9375,-13.463509256581768
model_agnostic_replication_behavior-2afdfc095ddc8a2a-m0,waiting,8.0,8.635229394006966
model_agnostic_replication_behavior-2afdfc095ddc8a2a-m1,waiting,8.25,8.624254870106515
model_agnostic_replication_behavior-2bda1916c817aaa0-m0,effort,-3.5,-0.4598610435738202
model_agnostic_replication_behavior-2bda1916c817aaa0-m1,effort,-3.875,-0.8095605077506134
model_agnostic_replication_behavior-2c01864fe0b94c92-m0,waiting,-0.37499999999999994,1.4343190929343863
model_agnostic_replication_behavior-2c01864fe0b94c92-m1,waiting,-0.5,1.4233445690339357
model_agnostic_replication_behavior-2c21e9f1bd85962d-m0,effort,3.5,2.587741898246151
model_agnostic_replication_behavior-2c21e9f1bd85962d-m1,effort,3.875,2.2380424340693574
model_agnostic_replication_behavior-2c26de6566a9e1ac-m0,bandit,-4.625,-3.6280423788077787
model_agnostic_replication_behavior-2c26de6566a9e1ac-m1,bandit,-5.625,-3.62457936594542
model_agnostic_replication_behavior-2c57b5d186ae0a71-m0,foraging,2.875,1.0651321495257866
model_agnostic_replication_behavior-2c57b5d186ae0a71-m1,foraging,3.25,1.4566144476056495
model_agnostic_replication_behavior-2c5e3fd0a27647f9-m0,debugging,-5.875,0.12474717349239972
model_agnostic_replication_behavior-2c5e3fd0a27647f9-m1,debugging,-2.625,1.6065949929184824
model_agnostic_replication_behavior-2c5ff4528f913746-m0,foraging,1.625,0.7544955898137927
model_agnostic_replication_behavior-2c5ff4528f913746-m1,foraging,1.3750000000000002,1.1459778878936562
model_agnostic_replication_behavior-2c9dff8ccc665424-m0,effort,-4.125,-3.6968166343932625
model_agnostic_replication_behavior-2c9dff8ccc665424-m1,effort,-3.75,-4.046516098570056
model_agnostic_replication_behavior-2cbc0ab24e87c14f-m0,solvability,-8.3125,-4.034590459034202
model_agnostic_replication_behavior-2cbc0ab24e87c14f-m1,solvability,-6.375,-3.926592835142813
model_agnostic_replication_behavior-2cda2838f5cc7ecc-m0,effort,2.75,1.5759119302850997
model_agnostic_replication_behavior-2cda2838f5cc7ecc-m1,effort,1.625,1.2262124661083065
model_agnostic_replication_behavior-2cf1d3ce817afe61-m0,information_sampling,2.25,3.671960748667888
model_agnostic_replication_behavior-2cf1d3ce817afe61-m1,information_sampling,0.625,1.6749900099559707
model_agnostic_replication_behavior-2d6e1136e4873d9f-m0,debugging,-3.25,-1.1592817327323273
model_agnostic_replication_behavior-2d6e1136e4873d9f-m1,debugging,1.3750000000000002,0.3225660866937554
model_agnostic_replication_behavior-2e16fef3f9938466-m0,bandit,7.875,-0.48410259817418
model_agnostic_replication_behavior-2e16fef3f9938466-m1,bandit,7.25,-0.48063958531182127
model_agnostic_replication_behavior-2e226d5b08a3eee6-m0,bandit,6.875,-0.3052417935339129
model_agnostic_replication_behavior-2e226d5b08a3eee6-m1,bandit,5.625,-0.3017787806715544
model_agnostic_replication_behavior-2e5b51c2360f80f9-m0,waiting,3.375,2.9778880473356693
model_agnostic_replication_behavior-2e5b51c2360f80f9-m1,waiting,2.625,2.9669135234352186
model_agnostic_replication_behavior-2e9dce6bfdb4f9cf-m0,solvability,7.125,8.66150517219538
model_agnostic_replication_behavior-2e9dce6bfdb4f9cf-m1,solvability,6.125,8.769502796086769
model_agnostic_replication_behavior-2eb53f9af7d0e765-m0,debugging,-6.5,-6.088906492467027
model_agnostic_replication_behavior-2eb53f9af7d0e765-m1,debugging,-4.625,-4.607058673040944
model_agnostic_replication_behavior-2ee332d2e1c284d3-m0,bandit,11.75,6.94979231334619
model_agnostic_replication_behavior-2ee332d2e1c284d3-m1,bandit,9.75,6.95325532620855
model_agnostic_replication_behavior-2f02e564f8edc5b2-m0,waiting,9.375,9.05208649009729
model_agnostic_replication_behavior-2f02e564f8edc5b2-m1,waiting,9.0,9.041111966196839
model_agnostic_replication_behavior-2f21eeba3fe77b5d-m0,debugging,-6.375,-1.6275920246319568
model_agnostic_replication_behavior-2f21eeba3fe77b5d-m1,debugging,-4.375,-0.14574420520587406
model_agnostic_replication_behavior-2f26850815a35fc8-m0,bandit,12.75,11.293716204342083
model_agnostic_replication_behavior-2f26850815a35fc8-m1,bandit,10.4375,11.297179217204441
model_agnostic_replication_behavior-2f3084e147e32f4b-m0,effort,-3.25,-3.7931874338451492
model_agnostic_replication_behavior-2f3084e147e32f4b-m1,effort,-2.875,-4.142886898021942
model_agnostic_replication_behavior-2f7a1051379aa91c-m0,solvability,-3.375,2.7780877450775163
model_agnostic_replication_behavior-2f7a1051379aa91c-m1,solvability,-2.75,2.8860853689689048
model_agnostic_replication_behavior-2fc78efb8492c9f6-m0,information_sampling,-2.125,-0.17467872016787833
model_agnostic_replication_behavior-2fc78efb8492c9f6-m1,information_sampling,-4.875,-2.171649458879796
model_agnostic_replication_behavior-2fd51e0ef430bf2d-m0,information_sampling,3.875,1.7646600887577453
model_agnostic_replication_behavior-2fd51e0ef430bf2d-m1,information_sampling,0.37499999999999994,-0.23231064995417228
model_agnostic_replication_behavior-2fe2f26c4691beb8-m0,bandit,-3.625,-0.8579996547373923
model_agnostic_replication_behavior-2fe2f26c4691beb8-m1,bandit,-3.625,-0.8545366418750331
model_agnostic_replication_behavior-2feab7cb131d997b-m0,effort,-3.25,-3.251695457391317
model_agnostic_replication_behavior-2feab7cb131d997b-m1,effort,-3.5,-3.6013949215681103
model_agnostic_replication_behavior-2ff3cb13aa1a962a-m0,bandit,0.734375,-1.176540512053577
model_agnostic_replication_behavior-2ff3cb13aa1a962a-m1,bandit,-0.6249999999999999,-1.1730774991912183
model_agnostic_replication_behavior-3020fbe466715153-m0,bandit,5.125,4.604680665940897
model_agnostic_replication_behavior-3020fbe466715153-m1,bandit,4.375,4.608143678803256
model_agnostic_replication_behavior-3060013985ac5deb-m0,effort,6.125,3.198871215529367
model_agnostic_replication_behavior-3060013985ac5deb-m1,effort,5.125,2.8491717513525736
model_agnostic_replication_behavior-30aabd7fbd883e12-m0,foraging,-7.75,-7.921221725538073
model_agnostic_replication_behavior-30aabd7fbd883e12-m1,foraging,-5.375,-7.529739427458209
model_agnostic_replication_behavior-30c7c0d958a92813-m0,bandit,-5.125,-0.9502495840899838
model_agnostic_replication_behavior-30c7c0d958a92813-m1,bandit,-2.0,-0.9467865712276251
model_agnostic_replication_behavior-30e2ef843e2346d7-m0,information_sampling,3.125,1.336931501491884
model_agnostic_replication_behavior-30e2ef843e2346d7-m1,information_sampling,1.3750000000000002,-0.6600392372200332
model_agnostic_replication_behavior-3106ef35910d12f0-m0,debugging,3.0,-0.9033350820651435
model_agnostic_replication_behavior-3106ef35910d12f0-m1,debugging,-4.25,0.5785127373609391
model_agnostic_replication_behavior-312edf261bf7687a-m0,foraging,-5.75,-1.922936277507584
model_agnostic_replication_behavior-312edf261bf7687a-m1,foraging,-4.0,-1.5314539794277207
model_agnostic_replication_behavior-314248a5d3ebbf82-m0,solvability,12.5625,9.685433852267797
model_agnostic_replication_behavior-314248a5d3ebbf82-m1,solvability,11.6875,9.793431476159185
model_agnostic_replication_behavior-31b1d290a8b79d86-m0,solvability,8.4375,3.128907006852258
model_agnostic_replication_behavior-31b1d290a8b79d86-m1,solvability,7.625,3.2369046307436466
model_agnostic_replication_behavior-31b3c57c79c11340-m0,bandit,10.4375,8.597630211459387
model_agnostic_replication_behavior-31b3c57c79c11340-m1,bandit,9.25,8.601093224321746
model_agnostic_replication_behavior-31b4ed647c54a91f-m0,bandit,9.0,6.131701213949205
model_agnostic_replication_behavior-31b4ed647c54a91f-m1,bandit,7.0,6.135164226811563
model_agnostic_replication_behavior-31bc9f65b0d3b13b-m0,debugging,-7.75,-7.037615209361729
model_agnostic_replication_behavior-31bc9f65b0d3b13b-m1,debugging,-6.125,-5.555767389935646
model_agnostic_replication_behavior-31fc704bc45f8259-m0,debugging,-4.25,-4.090408343923695
model_agnostic_replication_behavior-31fc704bc45f8259-m1,debugging,-1.5,-2.6085605244976118
model_agnostic_replication_behavior-32019cbe9d2af2c7-m0,effort,-2.875,-1.5920455408833976
model_agnostic_replication_behavior-32019cbe9d2af2c7-m1,effort,-3.75,-1.9417450050601908
model_agnostic_replication_behavior-32166c073db17ba2-m0,information_sampling,-0.5,-0.10609097806517709
model_agnostic_replication_behavior-32166c073db17ba2-m1,information_sampling,-3.625,-2.103061716777095
model_agnostic_replication_behavior-32204b629e130534-m0,waiting,-1.7499999999999998,-1.1188839559463881
model_agnostic_replication_behavior-32204b629e130534-m1,waiting,-1.25,-1.1298584798468387
model_agnostic_replication_behavior-3227831cea0aaea5-m0,effort,-4.5,-2.7514829425124177
model_agnostic_replication_behavior-3227831cea0aaea5-m1,effort,-3.75,-3.101182406689211
model_agnostic_replication_behavior-325a58838a519821-m0,solvability,-8.375,-7.889982524248252
model_agnostic_replication_behavior-325a58838a519821-m1,solvability,-6.5,-7.781984900356864
model_agnostic_replication_behavior-32652937ee81c79b-m0,foraging,-0.7500000000000001,1.8512893709326912
model_agnostic_replication_behavior-32652937ee81c79b-m1,foraging,-2.125,2.2427716690125545
model_agnostic_replication_behavior-329cde008f3595c1-m0,effort,-5.5,-5.67055039730135
model_agnostic_replication_behavior-329cde008f3595c1-m1,effort,-6.0,-6.020249861478143
model_agnostic_replication_behavior-32aff6eac214317b-m0,solvability,2.75,-0.6328544787527177
model_agnostic_replication_behavior-32aff6eac214317b-m1,solvability,1.625,-0.5248568548613295
model_agnostic_replication_behavior-32e3d4237315b80c-m0,waiting,0.7500000000000002,1.1605295305741574
model_agnostic_replication_behavior-32e3d4237315b80c-m1,waiting,4.0,1.1495550066737068
model_agnostic_replication_behavior-32f1d31e83c1f6d4-m0,foraging,-2.375,0.5203245838545095
model_agnostic_replication_behavior-32f1d31e83c1f6d4-m1,foraging,-0.5,0.9118068819343733
model_agnostic_replication_behavior-32f414fb1bc864e7-m0,bandit,13.875,9.196160781392265
model_agnostic_replication_behavior-32f414fb1bc864e7-m1,bandit,10.6875,9.199623794254624
model_agnostic_replication_behavior-3378cbde33bbf401-m0,solvability,-2.75,1.0127013710501476
model_agnostic_replication_behavior-3378cbde33bbf401-m1,solvability,0.5,1.1206989949415362
model_agnostic_replication_behavior-338e34d8fb1f3e5e-m0,debugging,-4.875,-1.800378555042368
model_agnostic_replication_behavior-338e34d8fb1f3e5e-m1,debugging,-3.0,-0.31853073561628564
model_agnostic_replication_behavior-33d33991ef25818e-m0,information_sampling,4.375,4.688015822332763
model_agnostic_replication_behavior-33d33991ef25818e-m1,information_sampling,4.0,2.6910450836208444
model_agnostic_replication_behavior-33e3a9424dc4d0eb-m0,waiting,3.625,1.9794649938361466
model_agnostic_replication_behavior-33e3a9424dc4d0eb-m1,waiting,4.875,1.9684904699356962
model_agnostic_replication_behavior-33e6758a7689ad1b-m0,bandit,-6.125,-6.136295688772567
model_agnostic_replication_behavior-33e6758a7689ad1b-m1,bandit,-6.125,-6.132832675910208
model_agnostic_replication_behavior-33f7e382ee70c03a-m0,foraging,9.875,5.113223021334256
model_agnostic_replication_behavior-33f7e382ee70c03a-m1,foraging,8.25,5.504705319414119
model_agnostic_replication_behavior-3417497abe181e00-m0,foraging,-6.875,-5.940642986839286
model_agnostic_replication_behavior-3417497abe181e00-m1,foraging,-5.625,-5.5491606887594225
model_agnostic_replication_behavior-34657ac0a87412d3-m0,waiting,-1.7499999999999998,0.08878528704926314
model_agnostic_replication_behavior-34657ac0a87412d3-m1,waiting,-1.375,0.07781076314881274
model_agnostic_replication_behavior-346c4a2e93eb4511-m0,foraging,1.75,0.5094756163105502
model_agnostic_replication_behavior-346c4a2e93eb4511-m1,foraging,2.875,0.900957914390414
model_agnostic_replication_behavior-346ca124a92b6ca1-m0,bandit,-6.875,-8.678045154556163
model_agnostic_replication_behavior-346ca124a92b6ca1-m1,bandit,-7.25,-8.674582141693802
model_agnostic_replication_behavior-347876a4b4751de2-m0,information_sampling,5.125,5.364371337595642
model_agnostic_replication_behavior-347876a4b4751de2-m1,information_sampling,2.625,3.367400598883725
model_agnostic_replication_behavior-347f0a0457cbd410-m0,debugging,-7.75,-7.24699373424294
model_agnostic_replication_behavior-347f0a0457cbd410-m1,debugging,-5.375,-5.765145914816859
model_agnostic_replication_behavior-34a990226981f294-m0,waiting,-1.7499999999999998,1.4456190293179985
model_agnostic_replication_behavior-34a990226981f294-m1,waiting,-2.625,1.4346445054175483
model_agnostic_replication_behavior-34b332777d67dc52-m0,debugging,4.0,0.7194497340465744
model_agnostic_replication_behavior-34b332777d67dc52-m1,debugging,4.625,2.2012975534726578
model_agnostic_replication_behavior-34baa2779e183111-m0,information_sampling,5.25,4.8164600026984346
model_agnostic_replication_behavior-34baa2779e183111-m1,information_sampling,3.5,2.819489263986517
model_agnostic_replication_behavior-34c616819a854651-m0,foraging,7.0,4.455134419578796
model_agnostic_replication_behavior-34c616819a854651-m1,foraging,6.0,4.84661671765866
model_agnostic_replication_behavior-34c970faac204d64-m0,effort,4.25,7.166808256516699
model_agnostic_replication_behavior-34c970faac204d64-m1,effort,4.125,6.817108792339906
model_agnostic_replication_behavior-34ec5616f6136c52-m0,foraging,-6.25,-5.202394558418367
model_agnostic_replication_behavior-34ec5616f6136c52-m1,foraging,-5.875,-4.810912260338504
model_agnostic_replication_behavior-350ae2da019adadd-m0,foraging,4.125,3.878524811569615
model_agnostic_replication_behavior-350ae2da019adadd-m1,foraging,2.0,4.2700071096494785
model_agnostic_replication_behavior-35b8f420f672cb43-m0,bandit,-4.0,2.0021977687085815
model_agnostic_replication_behavior-35b8f420f672cb43-m1,bandit,-4.5,2.0056607815709406
model_agnostic_replication_behavior-35d31dbda2ad98d6-m0,bandit,3.0,2.7398105589014135
model_agnostic_replication_behavior-35d31dbda2ad98d6-m1,bandit,5.5,2.7432735717637717
model_agnostic_replication_behavior-35f0d4b438098135-m0,effort,-6.0,-4.160273306973268
model_agnostic_replication_behavior-35f0d4b438098135-m1,effort,-6.0,-4.509972771150062
model_agnostic_replication_behavior-360727f4b585154e-m0,waiting,3.625,2.475235118060423
model_agnostic_replication_behavior-360727f4b585154e-m1,waiting,5.0,2.4642605941599727
model_agnostic_replication_behavior-363bd9ae88cb6482-m0,debugging,-8.5625,-10.581095093688045
model_agnostic_replication_behavior-363bd9ae88cb6482-m1,debugging,-8.25,-9.099247274261963
model_agnostic_replication_behavior-368020fb45e0fce1-m0,solvability,0.0,-1.6662373594149102
model_agnostic_replication_behavior-368020fb45e0fce1-m1,solvability,-0.8203125000000002,-1.5582397355235222
model_agnostic_replication_behavior-36807433cfec4567-m0,effort,3.125,2.793397574059121
model_agnostic_replication_behavior-36807433cfec4567-m1,effort,1.75,2.443698109882327
model_agnostic_replication_behavior-368994e9f5ea14e9-m0,foraging,5.875,1.185314841067508
model_agnostic_replication_behavior-368994e9f5ea14e9-m1,foraging,4.5,1.5767971391473714
model_agnostic_replication_behavior-369306a735ff1e4c-m0,information_sampling,5.375,3.5052033506371183
model_agnostic_replication_behavior-369306a735ff1e4c-m1,information_sampling,1.25,1.508232611925201
model_agnostic_replication_behavior-3699d110a9abbb01-m0,bandit,-6.125,-2.449872269522888
model_agnostic_replication_behavior-3699d110a9abbb01-m1,bandit,-8.625,-2.4464092566605293
model_agnostic_replication_behavior-36be1168ae25d425-m0,foraging,-2.75,-0.3206110892546462
model_agnostic_replication_behavior-36be1168ae25d425-m1,foraging,-3.875,0.07087120882521714
model_agnostic_replication_behavior-36dd3f915d6c0798-m0,information_sampling,-4.125,-0.9014823006060273
model_agnostic_replication_behavior-36dd3f915d6c0798-m1,information_sampling,-6.25,-2.8984530393179444
model_agnostic_replication_behavior-36f6ca53e4ebdd76-m0,solvability,7.875,8.053480472032682
model_agnostic_replication_behavior-36f6ca53e4ebdd76-m1,solvability,7.75,8.161478095924071
model_agnostic_replication_behavior-37125ef1736ba0ac-m0,foraging,3.25,-0.9527519071335976
model_agnostic_replication_behavior-37125ef1736ba0ac-m1,foraging,2.875,-0.5612696090537341
model_agnostic_replication_behavior-3713b6a9184e4b46-m0,debugging,-2.5,-1.3052305698960047
model_agnostic_replication_behavior-3713b6a9184e4b46-m1,debugging,-1.625,0.17661724953007818
model_agnostic_replication_behavior-371d5a5c51cfeaa7-m0,effort,-3.0,-1.1899856017615202
model_agnostic_replication_behavior-371d5a5c51cfeaa7-m1,effort,-3.875,-1.5396850659383134
model_agnostic_replication_behavior-37232894c21103a7-m0,debugging,4.875,0.00888167363876402
model_agnostic_replication_behavior-37232894c21103a7-m1,debugging,6.5,1.4907294930648467
model_agnostic_replication_behavior-373e938e7cce88b4-m0,bandit,-13.875,-11.051840143542968
model_agnostic_replication_behavior-373e938e7cce88b4-m1,bandit,-10.0625,-11.048377130680608
model_agnostic_replication_behavior-3761c0f0d1fd4f46-m0,information_sampling,1.5000000000000002,3.121912479425175
model_agnostic_replication_behavior-3761c0f0d1fd4f46-m1,information_sampling,-0.12500000000000006,1.1249417407132578
model_agnostic_replication_behavior-37975376e280141e-m0,waiting,0.125,1.4456190293179985
model_agnostic_replication_behavior-37975376e280141e-m1,waiting,0.0,1.4346445054175483
model_agnostic_replication_behavior-37bd1ec8f9bcd92e-m0,debugging,-10.0,-7.013296227777184
model_agnostic_replication_behavior-37bd1ec8f9bcd92e-m1,debugging,-7.125,-5.5314484083511015
model_agnostic_replication_behavior-3808bd01a40d613b-m0,foraging,-3.75,-3.4695905637162023
model_agnostic_replication_behavior-3808bd01a40d613b-m1,foraging,-3.25,-3.0781082656363394
model_agnostic_replication_behavior-38123c42805a1a47-m0,solvability,0.4062499999999999,4.293876689623479
model_agnostic_replication_behavior-38123c42805a1a47-m1,solvability,1.359375,4.401874313514868
model_agnostic_replication_behavior-3819b613dac8b124-m0,foraging,-6.125,-0.5313606197108528
model_agnostic_replication_behavior-3819b613dac8b124-m1,foraging,-5.625,-0.13987832163098923
model_agnostic_replication_behavior-384cb3bf9b3931c6-m0,foraging,0.0,0.41774180372404046
model_agnostic_replication_behavior-384cb3bf9b3931c6-m1,foraging,1.8749999999999998,0.8092241018039038
model_agnostic_replication_behavior-389536591550721c-m0,debugging,5.75,2.0242636580732096
model_agnostic_replication_behavior-389536591550721c-m1,debugging,0.37499999999999994,3.506111477499292
model_agnostic_replication_behavior-38aab0fd9fc14be1-m0,foraging,-8.0,-6.357473479297993
model_agnostic_replication_behavior-38aab0fd9fc14be1-m1,foraging,-6.375,-5.96599118121813
model_agnostic_replication_behavior-38af44c71c8a47b6-m0,effort,-4.75,-5.087759346620875
model_agnostic_replication_behavior-38af44c71c8a47b6-m1,effort,-6.25,-5.4374588107976685
model_agnostic_replication_behavior-38da9964ff405890-m0,debugging,-6.5,-6.31425192884454
model_agnostic_replication_behavior-38da9964ff405890-m1,debugging,-4.25,-4.832404109418456
model_agnostic_replication_behavior-38edc479bb5223d8-m0,foraging,-8.375,-2.754369855048953
model_agnostic_replication_behavior-38edc479bb5223d8-m1,foraging,-7.375,-2.3628875569690897
model_agnostic_replication_behavior-38f31abd4cd10187-m0,waiting,2.375,1.3877560052976876
model_agnostic_replication_behavior-38f31abd4cd10187-m1,waiting,2.25,1.3767814813972374
model_agnostic_replication_behavior-39593c2d93df3fe2-m0,effort,-6.75,-4.950624691706694
model_agnostic_replication_behavior-39593c2d93df3fe2-m1,effort,-5.75,-5.300324155883487
model_agnostic_replication_behavior-3981bea604e19a3e-m0,bandit,11.125,4.8939290975948975
model_agnostic_replication_behavior-3981bea604e19a3e-m1,bandit,9.5,4.897392110457256
model_agnostic_replication_behavior-39962819bdfafc16-m0,bandit,-13.4375,-8.164761041948461
model_agnostic_replication_behavior-39962819bdfafc16-m1,bandit,-12.4375,-8.161298029086101
model_agnostic_replication_behavior-39b5a1b214082403-m0,bandit,13.8125,11.938723994898153
model_agnostic_replication_behavior-39b5a1b214082403-m1,bandit,10.4375,11.942187007760511
model_agnostic_replication_behavior-39bf204366d5758c-m0,debugging,6.25,5.855708205529066
model_agnostic_replication_behavior-39bf204366d5758c-m1,debugging,5.5,7.337556024955148
model_agnostic_replication_behavior-39ed3fe24c36da51-m0,debugging,-1.25,-0.12111859447591944
model_agnostic_replication_behavior-39ed3fe24c36da51-m1,debugging,1.8749999999999998,1.360729224950163
model_agnostic_replication_behavior-3a087443f81cf706-m0,debugging,-5.5,0.5195774723783237
model_agnostic_replication_behavior-3a087443f81cf706-m1,debugging,-3.125,2.0014252918044066
model_agnostic_replication_behavior-3a2799b52abe3433-m0,effort,-6.375,-4.5219513685928545
model_agnostic_replication_behavior-3a2799b52abe3433-m1,effort,-6.375,-4.871650832769648
model_agnostic_replication_behavior-3a3b5c4df0ad1421-m0,debugging,-8.75,-7.4842407286802075
model_agnostic_replication_behavior-3a3b5c4df0ad1421-m1,debugging,-6.25,-6.002392909254125
model_agnostic_replication_behavior-3a4d8be6e10d0330-m0,waiting,7.125,7.74602195872135
model_agnostic_replication_behavior-3a4d8be6e10d0330-m1,waiting,6.625,7.735047434820899
model_agnostic_replication_behavior-3a83d79673e3b933-m0,information_sampling,5.875,6.03219708750557
model_agnostic_replication_behavior-3a83d79673e3b933-m1,information_sampling,4.0,4.0352263487936515
model_agnostic_replication_behavior-3a927ff833ba238c-m0,effort,-5.0,-2.522948129836654
model_agnostic_replication_behavior-3a927ff833ba238c-m1,effort,-5.75,-2.872647594013447
model_agnostic_replication_behavior-3abb0718b6fd2981-m0,information_sampling,4.125,4.245078056569888
model_agnostic_replication_behavior-3abb0718b6fd2981-m1,information_sampling,0.625,2.2481073178579707
model_agnostic_replication_behavior-3ad63a65d2f7ccf9-m0,foraging,-3.125,-2.5544402948592126
model_agnostic_replication_behavior-3ad63a65d2f7ccf9-m1,foraging,-3.5,-2.1629579967793493
model_agnostic_replication_behavior-3aecce0cacbf3278-m0,waiting,2.0,3.4651709242171185
model_agnostic_replication_behavior-3aecce0cacbf3278-m1,waiting,2.875,3.4541964003166683
model_agnostic_replication_behavior-3b098e4de07da968-m0,foraging,0.7500000000000002,-2.804119645812004
model_agnostic_replication_behavior-3b098e4de07da968-m1,foraging,0.24999999999999992,-2.412637347732141
model_agnostic_replication_behavior-3b0c58fb2e4360da-m0,solvability,11.0,6.933446235303836
model_agnostic_replication_behavior-3b0c58fb2e4360da-m1,solvability,10.4375,7.041443859195224
model_agnostic_replication_behavior-3b66b5a311e0aa51-m0,waiting,3.25,4.112823947933815
model_agnostic_replication_behavior-3b66b5a311e0aa51-m1,waiting,4.25,4.101849424033365
model_agnostic_replication_behavior-3b6d1fe5ec4e82a6-m0,bandit,-13.875,-13.695149606901706
model_agnostic_replication_behavior-3b6d1fe5ec4e82a6-m1,bandit,-13.1875,-13.691686594039346
model_agnostic_replication_behavior-3b8054907b519ea5-m0,foraging,6.125,5.977976395942322
model_agnostic_replication_behavior-3b8054907b519ea5-m1,foraging,7.375,6.369458694022185
model_agnostic_replication_behavior-3b8b35478d724b88-m0,debugging,5.0,3.1117216475472875
model_agnostic_replication_behavior-3b8b35478d724b88-m1,debugging,6.5,4.593569466973371
model_agnostic_replication_behavior-3be1bc4a64a8782d-m0,foraging,5.25,3.1707472481227943
model_agnostic_replication_behavior-3be1bc4a64a8782d-m1,foraging,5.25,3.562229546202658
model_agnostic_replication_behavior-3cc647d20c11e750-m0,bandit,-5.125,-3.27598234449738
model_agnostic_replication_behavior-3cc647d20c11e750-m1,bandit,-5.875,-3.2725193316350207
model_agnostic_replication_behavior-3cf1ab8764f4b682-m0,solvability,1.3125000000000002,7.717486900272934
model_agnostic_replication_behavior-3cf1ab8764f4b682-m1,solvability,1.03125,7.825484524164322
model_agnostic_replication_behavior-3cf72f04474a0b1d-m0,effort,-3.25,-0.11368220010689312
model_agnostic_replication_behavior-3cf72f04474a0b1d-m1,effort,-4.375,-0.4633816642836863
model_agnostic_replication_behavior-3cf9ad49798eaf7a-m0,bandit,0.42187499999999994,10.69067765595645
model_agnostic_replication_behavior-3cf9ad49798eaf7a-m1,bandit,0.8125,10.694140668818807
model_agnostic_replication_behavior-3cfd3da02bdcae6c-m0,waiting,6.375,3.170128901536067
model_agnostic_replication_behavior-3cfd3da02bdcae6c-m1,waiting,6.625,3.159154377635617
model_agnostic_replication_behavior-3d4abe0e0718a842-m0,information_sampling,6.25,4.795126325812601
model_agnostic_replication_behavior-3d4abe0e0718a842-m1,information_sampling,4.375,2.798155587100683
model_agnostic_replication_behavior-3d51e2f29a93d3af-m0,information_sampling,0.5,0.8605173549717455
model_agnostic_replication_behavior-3d51e2f29a93d3af-m1,information_sampling,-2.25,-1.136453383740172
model_agnostic_replication_behavior-3d9ad93527a7fbf8-m0,waiting,-3.375,-0.8424355133128731
model_agnostic_replication_behavior-3d9ad93527a7fbf8-m1,waiting,-5.375,-0.8534100372133238
model_agnostic_replication_behavior-3dc7ea711fd5372b-m0,debugging,7.125,4.971470523511243
model_agnostic_replication_behavior-3dc7ea711fd5372b-m1,debugging,6.875,6.453318342937326
model_agnostic_replication_behavior-3e028dbe9d5ffefa-m0,debugging,0.125,-0.9124735641822657
model_agnostic_replication_behavior-3e028dbe9d5ffefa-m1,debugging,1.0,0.569374255243817
model_agnostic_replication_behavior-3e3f0372649b62b5-m0,debugging,-4.375,-4.674760606832683
model_agnostic_replication_behavior-3e3f0372649b62b5-m1,debugging,-3.375,-3.1929127874066
model_agnostic_replication_behavior-3e5f7ab90ec2d24c-m0,information_sampling,4.625,3.7265225892843628
model_agnostic_replication_behavior-3e5f7ab90ec2d24c-m1,information_sampling,2.75,1.7295518505724448
model_agnostic_replication_behavior-3e74442fdb6ca520-m0,effort,4.75,4.608122071549333
model_agnostic_replication_behavior-3e74442fdb6ca520-m1,effort,3.125,4.25842260737254
model_agnostic_replication_behavior-3ec425db95155e19-m0,effort,-3.75,-1.8639738631167764
model_agnostic_replication_behavior-3ec425db95155e19-m1,effort,-4.375,-2.2136733272935696
model_agnostic_replication_behavior-3ef7aeb023b118f6-m0,bandit,9.0,7.233418749704601
model_agnostic_replication_behavior-3ef7aeb023b118f6-m1,bandit,8.875,7.236881762566959
model_agnostic_replication_behavior-3f00f39f255f6f8c-m0,foraging,9.3125,7.452264939398072
model_agnostic_replication_behavior-3f00f39f255f6f8c-m1,foraging,8.5,7.843747237477935
model_agnostic_replication_behavior-3f2ba35b5c08ad6f-m0,effort,5.75,6.5284712444264885
model_agnostic_replication_behavior-3f2ba35b5c08ad6f-m1,effort,4.125,6.178771780249695
model_agnostic_replication_behavior-3f410f1619d9c83b-m0,solvability,-7.375,-5.27407142611129
model_agnostic_replication_behavior-3f410f1619d9c83b-m1,solvability,-5.25,-5.166073802219902
model_agnostic_replication_behavior-3f76b3bf4c7d2da4-m0,debugging,-2.75,0.08588875111404581
model_agnostic_replication_behavior-3f76b3bf4c7d2da4-m1,debugging,2.375,1.5677365705401285
model_agnostic_replication_behavior-3f9d284164db3b9d-m0,information_sampling,3.125,0.2724581818029277
model_agnostic_replication_behavior-3f9d284164db3b9d-m1,information_sampling,-3.0,-1.7245125569089899
model_agnostic_replication_behavior-3fb2de2b9129719f-m0,information_sampling,-1.25,-0.00788015438904921
model_agnostic_replication_behavior-3fb2de2b9129719f-m1,information_sampling,-4.5,-2.004850893100967
model_agnostic_replication_behavior-3fc6c940d0a25441-m0,waiting,1.625,-0.08234334372852903
model_agnostic_replication_behavior-3fc6c940d0a25441-m1,waiting,-2.625,-0.09331786762897964
model_agnostic_replication_behavior-3fd4e6e5620fa1f2-m0,waiting,5.75,2.0382422189396667
model_agnostic_replication_behavior-3fd4e6e5620fa1f2-m1,waiting,5.625,2.027267695039216
model_agnostic_replication_behavior-3fdcdf37a3d72da9-m0,effort,-4.625,-1.5815527606068187
model_agnostic_replication_behavior-3fdcdf37a3d72da9-m1,effort,-4.625,-1.931252224783612
model_agnostic_replication_behavior-3fe7d5491c3ad9c5-m0,debugging,-0.6249999999999999,-1.069690117472827
model_agnostic_replication_behavior-3fe7d5491c3ad9c5-m1,debugging,3.125,0.41215770195325563
model_agnostic_replication_behavior-3ff4ad9434e96b49-m0,debugging,-5.125,-3.832388400084326
model_agnostic_replication_behavior-3ff4ad9434e96b49-m1,debugging,-4.125,-2.350540580658244
model_agnostic_replication_behavior-4001afa53065e156-m0,information_sampling,-2.75,-1.5931244987713855
model_agnostic_replication_behavior-4001afa53065e156-m1,information_sampling,-4.75,-3.590095237483303
model_agnostic_replication_behavior-400ec26c08a340ec-m0,information_sampling,1.0,1.1616122636015174
model_agnostic_replication_behavior-400ec26c08a340ec-m1,information_sampling,-1.375,-0.8353584751104
model_agnostic_replication_behavior-40121b3e707f2fff-m0,waiting,4.125,2.88410470082452
model_agnostic_replication_behavior-40121b3e707f2fff-m1,waiting,3.375,2.87313017692407
model_agnostic_replication_behavior-40129a5673b3d68a-m0,effort,-5.5,-0.03839417174824611
model_agnostic_replication_behavior-40129a5673b3d68a-m1,effort,-5.125,-0.3880936359250394
model_agnostic_replication_behavior-4055ae4dfb07116f-m0,foraging,6.375,2.335162859672003
model_agnostic_replication_behavior-4055ae4dfb07116f-m1,foraging,5.0,2.7266451577518667
model_agnostic_replication_behavior-407b303a78ef3d8c-m0,debugging,3.5,-1.9617601754281022
model_agnostic_replication_behavior-407b303a78ef3d8c-m1,debugging,-3.0,-0.47991235600201954
model_agnostic_replication_behavior-40a3ddce92741e05-m0,bandit,-2.75,1.91808273576271
model_agnostic_replication_behavior-40a3ddce92741e05-m1,bandit,-6.5,1.9215457486250682
model_agnostic_replication_behavior-40c3d5939d6a6fde-m0,effort,-4.125,0.910202675558476
model_agnostic_replication_behavior-40c3d5939d6a6fde-m1,effort,-4.75,0.5605032113816828
model_agnostic_replication_behavior-41113d1da15472df-m0,bandit,-5.875,0.12806894263179125
model_agnostic_replication_behavior-41113d1da15472df-m1,bandit,-6.375,0.13153195549414998
model_agnostic_replication_behavior-4122428eac3c0abf-m0,effort,-8.5,-3.6211297802104014
model_agnostic_replication_behavior-4122428eac3c0abf-m1,effort,-7.5,-3.9708292443871946
model_agnostic_replication_behavior-415f7410d8ae0f39-m0,bandit,11.875,5.588253420968277
model_agnostic_replication_behavior-415f7410d8ae0f39-m1,bandit,7.5,5.591716433830635
model_agnostic_replication_behavior-4169167df74afa58-m0,bandit,15.28125,12.484833105591242
model_agnostic_replication_behavior-4169167df74afa58-m1,bandit,13.25,12.4882961184536
model_agnostic_replication_behavior-417da2de94b6ac91-m0,waiting,6.375,4.477963632986495
model_agnostic_replication_behavior-417da2de94b6ac91-m1,waiting,6.0,4.466989109086045
model_agnostic_replication_behavior-41b844ea38cdf123-m0,debugging,-1.5,-2.5326482617793245
model_agnostic_replication_behavior-41b844ea38cdf123-m1,debugging,1.5000000000000002,-1.0508004423532418
model_agnostic_replication_behavior-41fbe20576b79ba0-m0,waiting,0.6171875000000001,3.0018334606835575
model_agnostic_replication_behavior-41fbe20576b79ba0-m1,waiting,-0.16406250000000003,2.9908589367831073
model_agnostic_replication_behavior-422d1cc9bbd937c5-m0,solvability,7.625,2.3683639298425954
model_agnostic_replication_behavior-422d1cc9bbd937c5-m1,solvability,6.875,2.476361553733984
model_agnostic_replication_behavior-4261508a5f90395d-m0,information_sampling,2.25,0.04029906711827769
model_agnostic_replication_behavior-4261508a5f90395d-m1,information_sampling,-1.25,-1.9566716715936407
model_agnostic_replication_behavior-429755b2bc8be225-m0,debugging,-0.6249999999999999,-2.818665760055584
model_agnostic_replication_behavior-429755b2bc8be225-m1,debugging,3.5,-1.3368179406295013
model_agnostic_replication_behavior-435eabe83e061f49-m0,foraging,-6.875,0.3402637498993576
model_agnostic_replication_behavior-435eabe83e061f49-m1,foraging,-6.75,0.7317460479792212
model_agnostic_replication_behavior-436a11e19cb56f8f-m0,information_sampling,3.125,2.7710531825883455
model_agnostic_replication_behavior-436a11e19cb56f8f-m1,information_sampling,0.8750000000000001,0.7740824438764284
model_agnostic_replication_behavior-438038cf39a92aee-m0,effort,-1.0000000000000002,-2.6018394947795453
model_agnostic_replication_behavior-438038cf39a92aee-m1,effort,-0.5,-2.9515389589563386
model_agnostic_replication_behavior-43908fc217e4aa4e-m0,information_sampling,3.5,2.9052937843737086
model_agnostic_replication_behavior-43908fc217e4aa4e-m1,information_sampling,2.625,0.9083230456617919
model_agnostic_replication_behavior-43c690cc39fa343b-m0,waiting,0.625,1.9329019061994481
model_agnostic_replication_behavior-43c690cc39fa343b-m1,waiting,-2.875,1.921927382298998
model_agnostic_replication_behavior-43d53f23a598e80a-m0,solvability,-4.125,2.287631417675793
model_agnostic_replication_behavior-43d53f23a598e80a-m1,solvability,-4.875,2.3956290415671813
model_agnostic_replication_behavior-43e2296fc0ab9dbd-m0,effort,0.5,-1.6831758155103513
model_agnostic_replication_behavior-43e2296fc0ab9dbd-m1,effort,2.5,-2.0328752796871443
model_agnostic_replication_behavior-44071681811add4a-m0,effort,-6.625,-5.7143235019326335
model_agnostic_replication_behavior-44071681811add4a-m1,effort,-6.125,-6.064022966109427
model_agnostic_replication_behavior-441936621d27debf-m0,foraging,5.0,7.24600949276196
model_agnostic_replication_behavior-441936621d27debf-m1,foraging,5.25,7.637491790841823
model_agnostic_replication_behavior-4429a771ace4b099-m0,solvability,4.125,-0.11373059441835931
model_agnostic_replication_behavior-4429a771ace4b099-m1,solvability,3.875,-0.00573297052697086
model_agnostic_replication_behavior-44349dae1dd68fcb-m0,information_sampling,2.375,2.398514371841588
model_agnostic_replication_behavior-44349dae1dd68fcb-m1,information_sampling,2.5,0.4015436331296707
model_agnostic_replication_behavior-44457fbfce177a7b-m0,waiting,-0.12500000000000006,-0.22275199718533845
model_agnostic_replication_behavior-44457fbfce177a7b-m1,waiting,-0.25,-0.23372652108578862
model_agnostic_replication_behavior-445d70836c190b50-m0,information_sampling,4.5,3.891613982734725
model_agnostic_replication_behavior-445d70836c190b50-m1,information_sampling,2.875,1.8946432440228076
model_agnostic_replication_behavior-44a01d3134259f96-m0,information_sampling,3.125,1.9645137411967197
model_agnostic_replication_behavior-44a01d3134259f96-m1,information_sampling,-0.7500000000000001,-0.032456997515197816
model_agnostic_replication_behavior-44bc2e7a5cc3eb3c-m0,waiting,0.734375,8.393674982438046
model_agnostic_replication_behavior-44bc2e7a5cc3eb3c-m1,waiting,0.4062499999999999,8.382700458537595
model_agnostic_replication_behavior-44ed84140cf0eca6-m0,effort,4.875,4.165365951431396
model_agnostic_replication_behavior-44ed84140cf0eca6-m1,effort,4.25,3.815666487254603
model_agnostic_replication_behavior-44efb09f649b8daf-m0,information_sampling,5.0,2.2551558778296896
model_agnostic_replication_behavior-44efb09f649b8daf-m1,information_sampling,2.75,0.2581851391177725
model_agnostic_replication_behavior-451d1feccd57ea68-m0,foraging,3.125,1.458578039745444
model_agnostic_replication_behavior-451d1feccd57ea68-m1,foraging,-2.0,1.8500603378253078
model_agnostic_replication_behavior-458a67123178d28d-m0,solvability,-10.9375,-9.320864197075887
model_agnostic_replication_behavior-458a67123178d28d-m1,solvability,-8.8125,-9.212866573184499
model_agnostic_replication_behavior-459683604851eadd-m0,foraging,-7.5,-5.8199073473473195
model_agnostic_replication_behavior-459683604851eadd-m1,foraging,-6.125,-5.428425049267457
model_agnostic_replication_behavior-45c02c84e0d8a231-m0,foraging,-3.5,-2.3376512477408875
model_agnostic_replication_behavior-45c02c84e0d8a231-m1,foraging,-3.625,-1.9461689496610237
model_agnostic_replication_behavior-45d25567b3d8185a-m0,solvability,8.125,1.688599252331811
model_agnostic_replication_behavior-45d25567b3d8185a-m1,solvability,6.25,1.7965968762231994
model_agnostic_replication_behavior-45f1d4e0684c78bf-m0,effort,1.236328125,-1.801217841214605
model_agnostic_replication_behavior-45f1d4e0684c78bf-m1,effort,-1.28125,-2.150917305391398
model_agnostic_replication_behavior-460cbc7b41ebcb49-m0,foraging,3.375,0.717438233999438
model_agnostic_replication_behavior-460cbc7b41ebcb49-m1,foraging,3.875,1.1089205320793019
model_agnostic_replication_behavior-460fa98801833e43-m0,solvability,2.125,1.1970034941256995
model_agnostic_replication_behavior-460fa98801833e43-m1,solvability,4.5,1.305001118017088
model_agnostic_replication_behavior-46280498a1c8f592-m0,debugging,-4.5,-4.62845369022468
model_agnostic_replication_behavior-46280498a1c8f592-m1,debugging,-2.375,-3.146605870798597
model_agnostic_replication_behavior-46582f4c674c4be4-m0,waiting,4.625,4.007329826426096
model_agnostic_replication_behavior-46582f4c674c4be4-m1,waiting,5.125,3.9963553025256457
model_agnostic_replication_behavior-469d23a5a73b138c-m0,debugging,-6.375,-5.346209713787049
model_agnostic_replication_behavior-469d23a5a73b138c-m1,debugging,-4.625,-3.8643618943609668
model_agnostic_replication_behavior-46dc7e910f9443a9-m0,bandit,-9.9375,-6.80470248836226
model_agnostic_replication_behavior-46dc7e910f9443a9-m1,bandit,-10.4375,-6.801239475499901
model_agnostic_replication_behavior-46e5b6ca82a3b07d-m0,waiting,0.8828125000000001,12.705656832876217
model_agnostic_replication_behavior-46e5b6ca82a3b07d-m1,waiting,-0.5026855468749999,12.694682308975768
model_agnostic_replication_behavior-46ed10d3dff14252-m0,information_sampling,-2.625,-0.506601750721746
model_agnostic_replication_behavior-46ed10d3dff14252-m1,information_sampling,-4.5,-2.5035724894336635
model_agnostic_replication_behavior-471fad0e4db6f108-m0,solvability,-10.1875,-8.98981630701782
model_agnostic_replication_behavior-471fad0e4db6f108-m1,solvability,-8.625,-8.881818683126433
model_agnostic_replication_behavior-473a8050c87b6ae1-m0,debugging,-4.75,-3.2830607051018252
model_agnostic_replication_behavior-473a8050c87b6ae1-m1,debugging,-2.125,-1.8012128856757426
model_agnostic_replication_behavior-4758528d91e62af8-m0,waiting,6.5,7.215420022741442
model_agnostic_replication_behavior-4758528d91e62af8-m1,waiting,5.875,7.204445498840991
model_agnostic_replication_behavior-4761651ee044b406-m0,foraging,-4.25,-4.8214270928578005
model_agnostic_replication_behavior-4761651ee044b406-m1,foraging,-4.5,-4.429944794777937
model_agnostic_replication_behavior-4775fdbbdf6eb681-m0,solvability,-10.375,-12.59690171258006
model_agnostic_replication_behavior-4775fdbbdf6eb681-m1,solvability,-9.0625,-12.48890408868867
model_agnostic_replication_behavior-479e70be2d880f91-m0,solvability,-2.125,1.1423926595457015
model_agnostic_replication_behavior-479e70be2d880f91-m1,solvability,-0.7500000000000001,1.25039028343709
model_agnostic_replication_behavior-47c88213afeb2101-m0,effort,-5.375,-5.271997265273839
model_agnostic_replication_behavior-47c88213afeb2101-m1,effort,-5.25,-5.621696729450632
model_agnostic_replication_behavior-4807f0f85615f2df-m0,foraging,-4.75,-6.285355698691367
model_agnostic_replication_behavior-4807f0f85615f2df-m1,foraging,-3.5,-5.893873400611502
model_agnostic_replication_behavior-486b1fc51df05a4b-m0,bandit,-5.375,-6.112264574482863
model_agnostic_replication_behavior-486b1fc51df05a4b-m1,bandit,-6.5,-6.1088015616205045
model_agnostic_replication_behavior-4879da7392bfdd38-m0,solvability,10.375,6.491853322727716
model_agnostic_replication_behavior-4879da7392bfdd38-m1,solvability,8.8125,6.599850946619105
model_agnostic_replication_behavior-487cd40c964881e9-m0,effort,-4.75,-4.362400531805989
model_agnostic_replication_behavior-487cd40c964881e9-m1,effort,-5.125,-4.712099995982781
model_agnostic_replication_behavior-488bf6b801f4b7eb-m0,foraging,8.875,3.417321397839132
model_agnostic_replication_behavior-488bf6b801f4b7eb-m1,foraging,8.375,3.808803695918996
model_agnostic_replication_behavior-488f4fb06e037962-m0,bandit,7.25,0.6700363968210057
model_agnostic_replication_behavior-488f4fb06e037962-m1,bandit,7.375,0.6734994096833644
model_agnostic_replication_behavior-48b6bb28f063be9e-m0,solvability,7.125,5.1152447917284025
model_agnostic_replication_behavior-48b6bb28f063be9e-m1,solvability,7.25,5.223242415619791
model_agnostic_replication_behavior-4904753911c41b3c-m0,waiting,-2.75,-1.4714327376730707
model_agnostic_replication_behavior-4904753911c41b3c-m1,waiting,-1.0000000000000002,-1.4824072615735209
model_agnostic_replication_behavior-49821e568be01095-m0,effort,5.625,5.8033524430646635
model_agnostic_replication_behavior-49821e568be01095-m1,effort,4.625,5.45365297888787
model_agnostic_replication_behavior-498bb4a71080fc92-m0,bandit,-5.875,-1.7362905936197612
model_agnostic_replication_behavior-498bb4a71080fc92-m1,bandit,-3.0,-1.732827580757402
model_agnostic_replication_behavior-49b22ef9afd95aeb-m0,effort,-2.625,-2.8032747970156393
model_agnostic_replication_behavior-49b22ef9afd95aeb-m1,effort,-3.125,-3.1529742611924325
model_agnostic_replication_behavior-49b3b15146155329-m0,bandit,2.875,-2.0862724567224813
model_agnostic_replication_behavior-49b3b15146155329-m1,bandit,3.5,-2.082809443860123
model_agnostic_replication_behavior-49bcc15a0b913295-m0,effort,0.37499999999999994,-0.14122498908375414
model_agnostic_replication_behavior-49bcc15a0b913295-m1,effort,-1.0000000000000002,-0.49092445326054757
model_agnostic_replication_behavior-49d071ff1f813f62-m0,solvability,-8.125,-10.403253722817322
model_agnostic_replication_behavior-49d071ff1f813f62-m1,solvability,-6.125,-10.295256098925934
model_agnostic_replication_behavior-4a7b5ad56680bca1-m0,waiting,-4.625,-3.7244394404718495
model_agnostic_replication_behavior-4a7b5ad56680bca1-m1,waiting,-6.625,-3.7354139643722997
model_agnostic_replication_behavior-4aa1014849392967-m0,information_sampling,-1.5,-0.22759965301904295
model_agnostic_replication_behavior-4aa1014849392967-m1,information_sampling,-4.125,-2.2245703917309605
model_agnostic_replication_behavior-4ad1270e05dda426-m0,effort,-4.875,-1.8015276376727771
model_agnostic_replication_behavior-4ad1270e05dda426-m1,effort,-3.875,-2.15122710184957
model_agnostic_replication_behavior-4b2cf155a98f6e01-m0,waiting,-0.12500000000000006,1.702842241550635
model_agnostic_replication_behavior-4b2cf155a98f6e01-m1,waiting,1.8749999999999998,1.6918677176501848
model_agnostic_replication_behavior-4b58bb0986b54e04-m0,waiting,-7.375,-0.9592500720887025
model_agnostic_replication_behavior-4b58bb0986b54e04-m1,waiting,-6.75,-0.9702245959891531
model_agnostic_replication_behavior-4b5ac132f41add9c-m0,information_sampling,-2.375,-1.2248313727882727
model_agnostic_replication_behavior-4b5ac132f41add9c-m1,information_sampling,-4.75,-3.2218021115001894
model_agnostic_replication_behavior-4b6356612e087bae-m0,effort,-3.125,-4.59395105191703
model_agnostic_replication_behavior-4b6356612e087bae-m1,effort,-4.25,-4.9436505160938236
model_agnostic_replication_behavior-4bd7e2326d6486ca-m0,information_sampling,3.375,1.6344988323699057
model_agnostic_replication_behavior-4bd7e2326d6486ca-m1,information_sampling,2.25,-0.3624719063420119
model_agnostic_replication_behavior-4bde13d3b570cbc3-m0,solvability,9.0,3.8375094969786687
model_agnostic_replication_behavior-4bde13d3b570cbc3-m1,solvability,7.625,3.945507120870057
model_agnostic_replication_behavior-4bfb098c98fbc34b-m0,solvability,-7.125,-6.634808360285341
model_agnostic_replication_behavior-4bfb098c98fbc34b-m1,solvability,-7.0,-6.526810736393952
model_agnostic_replication_behavior-4bfff062252264eb-m0,waiting,2.625,2.2364516771078238
model_agnostic_replication_behavior-4bfff062252264eb-m1,waiting,2.875,2.2254771532073736
model_agnostic_replication_behavior-4cbad93157baede0-m0,solvability,9.0625,6.0733568776718005
model_agnostic_replication_behavior-4cbad93157baede0-m1,solvability,8.375,6.181354501563189
model_agnostic_replication_behavior-4cc6e7164db99b0d-m0,foraging,2.375,0.21246095887593275
model_agnostic_replication_behavior-4cc6e7164db99b0d-m1,foraging,3.375,0.6039432569557962
model_agnostic_replication_behavior-4ccd56a8da1c763f-m0,bandit,-12.5625,-9.926091493497864
model_agnostic_replication_behavior-4ccd56a8da1c763f-m1,bandit,-10.25,-9.922628480635506
model_agnostic_replication_behavior-4d389fdb50712472-m0,bandit,4.5,2.576215312765004
model_agnostic_replication_behavior-4d389fdb50712472-m1,bandit,3.875,2.579678325627363
model_agnostic_replication_behavior-4df164ea7824161f-m0,waiting,-5.625,0.15903675818839247
model_agnostic_replication_behavior-4df164ea7824161f-m1,waiting,-6.0,0.1480622342879423
model_agnostic_replication_behavior-4e091662b3ecfce4-m0,effort,7.125,4.698414831077603
model_agnostic_replication_behavior-4e091662b3ecfce4-m1,effort,5.5,4.34871536690081
model_agnostic_replication_behavior-4e882a59836b6e2a-m0,solvability,-4.0,-0.811954253158518
model_agnostic_replication_behavior-4e882a59836b6e2a-m1,solvability,-2.625,-0.7039566292671291
model_agnostic_replication_behavior-4ed999c6211875b1-m0,debugging,3.625,1.4800846380127606
model_agnostic_replication_behavior-4ed999c6211875b1-m1,debugging,5.125,2.9619324574388433
model_agnostic_replication_behavior-4eef65831fb8a9a2-m0,waiting,-2.25,-0.1373731778235574
model_agnostic_replication_behavior-4eef65831fb8a9a2-m1,waiting,-3.375,-0.1483477017240078
model_agnostic_replication_behavior-4ef704fc6226cf0e-m0,effort,4.125,2.4818801375601134
model_agnostic_replication_behavior-4ef704fc6226cf0e-m1,effort,3.0,2.1321806733833197
model_agnostic_replication_behavior-4f0fd88970b12988-m0,effort,6.0,4.997007827975913
model_agnostic_replication_behavior-4f0fd88970b12988-m1,effort,4.375,4.6473083637991195
model_agnostic_replication_behavior-4f43ba3e37d5cfe6-m0,solvability,2.75,0.7318808276861024
model_agnostic_replication_behavior-4f43ba3e37d5cfe6-m1,solvability,3.25,0.8398784515774909
model_agnostic_replication_behavior-4f627e1686710571-m0,effort,8.75,2.570262463737154
model_agnostic_replication_behavior-4f627e1686710571-m1,effort,5.75,2.220562999560361
model_agnostic_replication_behavior-4f6a3e04f93c00c5-m0,waiting,9.5,7.395035900862061
model_agnostic_replication_behavior-4f6a3e04f93c00c5-m1,waiting,9.125,7.384061376961611
model_agnostic_replication_behavior-4f905fd9204b7b49-m0,bandit,9.0,3.3383411288342915
model_agnostic_replication_behavior-4f905fd9204b7b49-m1,bandit,8.75,3.3418041416966506
model_agnostic_replication_behavior-4ffced0392759a83-m0,effort,1.0,2.042473339666428
model_agnostic_replication_behavior-4ffced0392759a83-m1,effort,1.8749999999999998,1.6927738754896349
model_agnostic_replication_behavior-509fc0192da2022d-m0,waiting,7.875,4.915870733190462
model_agnostic_replication_behavior-509fc0192da2022d-m1,waiting,7.75,4.904896209290012
model_agnostic_replication_behavior-50e234967447e8a7-m0,effort,2.375,2.635448055215516
model_agnostic_replication_behavior-50e234967447e8a7-m1,effort,1.8749999999999998,2.2857485910387227
model_agnostic_replication_behavior-50e43c8d119440a9-m0,waiting,3.25,3.8979859203291047
model_agnostic_replication_behavior-50e43c8d119440a9-m1,waiting,2.375,3.8870113964286537
model_agnostic_replication_behavior-51620b8355d53665-m0,bandit,4.625,5.005952563904103
model_agnostic_replication_behavior-51620b8355d53665-m1,bandit,5.75,5.009415576766461
model_agnostic_replication_behavior-51b6d4b4b1319432-m0,solvability,-7.5,-2.961823554246238
model_agnostic_replication_behavior-51b6d4b4b1319432-m1,solvability,-6.75,-2.8538259303548497
model_agnostic_replication_behavior-51f61c105fb3584d-m0,foraging,-2.0,-2.677325408433222
model_agnostic_replication_behavior-51f61c105fb3584d-m1,foraging,-1.875,-2.2858431103533583
model_agnostic_replication_behavior-5221b4e7ed9fd987-m0,effort,-0.8750000000000002,-1.4215275394570115
model_agnostic_replication_behavior-5221b4e7ed9fd987-m1,effort,-1.7499999999999998,-1.7712270036338047
model_agnostic_replication_behavior-522537fcd588bc98-m0,information_sampling,3.625,0.3943935316615659
model_agnostic_replication_behavior-522537fcd588bc98-m1,information_sampling,1.25,-1.6025772070503514
model_agnostic_replication_behavior-523c4ef283595988-m0,information_sampling,-2.625,0.06677367790058097
model_agnostic_replication_behavior-523c4ef283595988-m1,information_sampling,-5.75,-1.9301970608113366
model_agnostic_replication_behavior-525787ad169b4b4f-m0,debugging,-5.125,-2.092157377919235
model_agnostic_replication_behavior-525787ad169b4b4f-m1,debugging,-4.625,-0.6103095584931517
model_agnostic_replication_behavior-526d048d618540ab-m0,solvability,-3.125,0.6092450553375115
model_agnostic_replication_behavior-526d048d618540ab-m1,solvability,-3.375,0.7172426792289
model_agnostic_replication_behavior-529abcc99037b0c5-m0,bandit,0.18749999999999997,11.383115569835846
model_agnostic_replication_behavior-529abcc99037b0c5-m1,bandit,0.671875,11.386578582698204
model_agnostic_replication_behavior-52a114999f345020-m0,bandit,-3.0,-1.3576427964719988
model_agnostic_replication_behavior-52a114999f345020-m1,bandit,-4.75,-1.35417978360964
model_agnostic_replication_behavior-52c8688663bff0ad-m0,debugging,-3.625,-0.1931673101430702
model_agnostic_replication_behavior-52c8688663bff0ad-m1,debugging,-1.25,1.288680509283013
model_agnostic_replication_behavior-52f00f8c236224e0-m0,debugging,-5.625,-2.783888667837431
model_agnostic_replication_behavior-52f00f8c236224e0-m1,debugging,-3.25,-1.3020408484113482
model_agnostic_replication_behavior-531112c61f78fe8d-m0,foraging,-5.5,-5.009592138229349
model_agnostic_replication_behavior-531112c61f78fe8d-m1,foraging,-4.125,-4.618109840149486
model_agnostic_replication_behavior-532ccb12f35d6253-m0,information_sampling,3.75,2.7337946749991024
model_agnostic_replication_behavior-532ccb12f35d6253-m1,information_sampling,3.125,0.7368239362871847
model_agnostic_replication_behavior-5362105bbcbe0b90-m0,foraging,-5.125,-2.715729325744006
model_agnostic_replication_behavior-5362105bbcbe0b90-m1,foraging,-3.875,-2.3242470276641423
model_agnostic_replication_behavior-5393a1c349454d35-m0,debugging,-3.5,-2.2653150435347698
model_agnostic_replication_behavior-5393a1c349454d35-m1,debugging,-2.125,-0.7834672241086869
model_agnostic_replication_behavior-53c7fd6e11f67252-m0,solvability,6.0,1.2529756103068346
model_agnostic_replication_behavior-53c7fd6e11f67252-m1,solvability,5.0,1.360973234198223
model_agnostic_replication_behavior-53cccb4c2339b1d4-m0,information_sampling,2.5,6.2069313645866355
model_agnostic_replication_behavior-53cccb4c2339b1d4-m1,information_sampling,2.125,4.209960625874718
model_agnostic_replication_behavior-544ea603a750e186-m0,bandit,8.25,4.347819986901807
model_agnostic_replication_behavior-544ea603a750e186-m1,bandit,6.125,4.351282999764166
model_agnostic_replication_behavior-5454fa682cb71c20-m0,waiting,2.875,2.6069199952134454
model_agnostic_replication_behavior-5454fa682cb71c20-m1,waiting,1.5000000000000002,2.5959454713129952
model_agnostic_replication_behavior-54e2895ef72fc300-m0,effort,-9.5,-4.000708577382576
model_agnostic_replication_behavior-54e2895ef72fc300-m1,effort,-8.0,-4.350408041559369
model_agnostic_replication_behavior-552da6de29b9cec7-m0,waiting,3.625,1.4921821169546967
model_agnostic_replication_behavior-552da6de29b9cec7-m1,waiting,4.875,1.4812075930542463
model_agnostic_replication_behavior-5534a49a0bfd2a49-m0,effort,3.25,1.4332412439808198
model_agnostic_replication_behavior-5534a49a0bfd2a49-m1,effort,4.125,1.083541779804026
model_agnostic_replication_behavior-55a3f6925a08c7dc-m0,effort,5.375,3.0486779578852614
model_agnostic_replication_behavior-55a3f6925a08c7dc-m1,effort,4.125,2.698978493708468
model_agnostic_replication_behavior-55d4d622e6a5f777-m0,information_sampling,3.75,4.860739376466212
model_agnostic_replication_behavior-55d4d622e6a5f777-m1,information_sampling,3.125,2.8637686377542946
model_agnostic_replication_behavior-55dde14d27c256b9-m0,bandit,-0.12500000000000006,1.2161567591788036
model_agnostic_replication_behavior-55dde14d27c256b9-m1,bandit,4.5,1.2196197720411628
model_agnostic_replication_behavior-55ec41ba10aaa29b-m0,waiting,4.625,2.8375416131878217
model_agnostic_replication_behavior-55ec41ba10aaa29b-m1,waiting,6.25,2.8265670892873715
model_agnostic_replication_behavior-56166a66cf1d3d0b-m0,foraging,-2.125,-0.10869937215616421
model_agnostic_replication_behavior-56166a66cf1d3d0b-m1,foraging,-1.625,0.2827829259236989
model_agnostic_replication_behavior-561e4bcc970d2512-m0,solvability,13.4375,11.748924167103386
model_agnostic_replication_behavior-561e4bcc970d2512-m1,solvability,13.4375,11.856921790994775
model_agnostic_replication_behavior-5626f51e4982a764-m0,foraging,3.25,3.1302439249998
model_agnostic_replication_behavior-5626f51e4982a764-m1,foraging,3.5,3.521726223079663
model_agnostic_replication_behavior-5665233533bc698c-m0,foraging,-0.5078125,-4.417572548355812
model_agnostic_replication_behavior-5665233533bc698c-m1,foraging,0.15625000000000014,-4.026090250275949
model_agnostic_replication_behavior-5673fc97d3eb09d8-m0,information_sampling,4.375,2.3555036358513215
model_agnostic_replication_behavior-5673fc97d3eb09d8-m1,information_sampling,2.625,0.35853289713940395
model_agnostic_replication_behavior-56ae6336b1a0322f-m0,solvability,-3.5,-1.1941168421768686
model_agnostic_replication_behavior-56ae6336b1a0322f-m1,solvability,-2.125,-1.0861192182854806
model_agnostic_replication_behavior-5725174159c27cdf-m0,information_sampling,3.875,3.056513356473221
model_agnostic_replication_behavior-5725174159c27cdf-m1,information_sampling,1.5000000000000002,1.0595426177613039
model_agnostic_replication_behavior-572bc99f9e6a6f14-m0,effort,-6.625,-4.844754348605105
model_agnostic_replication_behavior-572bc99f9e6a6f14-m1,effort,-6.125,-5.194453812781898
model_agnostic_replication_behavior-573f5b34875115a1-m0,solvability,12.625,8.077545562629538
model_agnostic_replication_behavior-573f5b34875115a1-m1,solvability,11.8125,8.185543186520928
model_agnostic_replication_behavior-5752dd5eb8701349-m0,effort,-5.25,-6.273682758881801
model_agnostic_replication_behavior-5752dd5eb8701349-m1,effort,-5.125,-6.623382223058593
model_agnostic_replication_behavior-5758f6e5429daad8-m0,bandit,10.0,3.123804762249807
model_agnostic_replication_behavior-5758f6e5429daad8-m1,bandit,8.375,3.1272677751121662
model_agnostic_replication_behavior-57851d72e088e3d0-m0,effort,3.0,2.9574945999389577
model_agnostic_replication_behavior-57851d72e088e3d0-m1,effort,3.625,2.6077951357621645
model_agnostic_replication_behavior-57891464a4d40415-m0,debugging,-5.25,-1.6808607012435024
model_agnostic_replication_behavior-57891464a4d40415-m1,debugging,-4.375,-0.19901288181741994
model_agnostic_replication_behavior-578fb89988e5862f-m0,debugging,-5.625,1.721113394260489
model_agnostic_replication_behavior-578fb89988e5862f-m1,debugging,-4.5,3.2029612136865713
model_agnostic_replication_behavior-5790c57e72b6df0b-m0,waiting,6.5,4.361149074210667
model_agnostic_replication_behavior-5790c57e72b6df0b-m1,waiting,7.0,4.350174550310216
model_agnostic_replication_behavior-581192d82e188dee-m0,debugging,4.25,2.8328754786608736
model_agnostic_replication_behavior-581192d82e188dee-m1,debugging,6.25,4.314723298086957
model_agnostic_replication_behavior-58401eaf774a31f3-m0,effort,5.625,4.676885569332177
model_agnostic_replication_behavior-58401eaf774a31f3-m1,effort,4.5,4.327186105155384
model_agnostic_replication_behavior-5878cabd96cf26d6-m0,information_sampling,0.37499999999999994,0.666287046881965
model_agnostic_replication_behavior-5878cabd96cf26d6-m1,information_sampling,-2.375,-1.330683691829952
model_agnostic_replication_behavior-58c6daab1c11174e-m0,foraging,-3.125,-2.391790451175163
model_agnostic_replication_behavior-58c6daab1c11174e-m1,foraging,-0.8750000000000002,-2.000308153095299
model_agnostic_replication_behavior-58d8026566606166-m0,waiting,9.25,11.419074561746614
model_agnostic_replication_behavior-58d8026566606166-m1,waiting,9.6875,11.408100037846163
model_agnostic_replication_behavior-58fbd6f086765ff8-m0,debugging,-9.75,-8.562949713689592
model_agnostic_replication_behavior-58fbd6f086765ff8-m1,debugging,-7.5,-7.08110189426351
model_agnostic_replication_behavior-592e9140ff981b73-m0,waiting,7.375,7.261808800726142
model_agnostic_replication_behavior-592e9140ff981b73-m1,waiting,7.75,7.2508342768256915
model_agnostic_replication_behavior-596f7e9576156026-m0,effort,-1.375,0.5929982235823494
model_agnostic_replication_behavior-596f7e9576156026-m1,effort,-1.375,0.2432987594055563
model_agnostic_replication_behavior-599a19dbc03d60a7-m0,bandit,-3.875,-4.049014488410146
model_agnostic_replication_behavior-599a19dbc03d60a7-m1,bandit,-5.625,-4.0455514755477875
model_agnostic_replication_behavior-59ad83ddf97e0143-m0,bandit,6.75,2.613255292671721
model_agnostic_replication_behavior-59ad83ddf97e0143-m1,bandit,7.25,2.6167183055340804
model_agnostic_replication_behavior-59bcff70b9e24a74-m0,bandit,-5.625,-1.3247444730691593
model_agnostic_replication_behavior-59bcff70b9e24a74-m1,bandit,-3.625,-1.3212814602068006
model_agnostic_replication_behavior-59e08ff161cd25a6-m0,bandit,-11.375,-10.178299945245149
model_agnostic_replication_behavior-59e08ff161cd25a6-m1,bandit,-10.25,-10.174836932382789
model_agnostic_replication_behavior-59f06017e63ffe50-m0,effort,-1.625,2.0121609080581138
model_agnostic_replication_behavior-59f06017e63ffe50-m1,effort,-1.0000000000000002,1.6624614438813203
model_agnostic_replication_behavior-59fb9259f8bbca66-m0,effort,-4.0,-5.000746126311748
model_agnostic_replication_behavior-59fb9259f8bbca66-m1,effort,-4.625,-5.350445590488541
model_agnostic_replication_behavior-5a1d1cb1b8d78270-m0,bandit,11.0625,4.562356353486291
model_agnostic_replication_behavior-5a1d1cb1b8d78270-m1,bandit,8.125,4.56581936634865
model_agnostic_replication_behavior-5a3b0b7aab65e085-m0,foraging,4.5,-1.0936137664102468
model_agnostic_replication_behavior-5a3b0b7aab65e085-m1,foraging,4.0,-0.7021314683303835
model_agnostic_replication_behavior-5a3c3f6d0d3ad32e-m0,solvability,0.890625,3.0748259863914127
model_agnostic_replication_behavior-5a3c3f6d0d3ad32e-m1,solvability,1.203125,3.1828236102828003
model_agnostic_replication_behavior-5a3dd96da89ab6b5-m0,bandit,-7.75,-7.635918374205472
model_agnostic_replication_behavior-5a3dd96da89ab6b5-m1,bandit,-8.625,-7.632455361343113
model_agnostic_replication_behavior-5a62589b143e1e6b-m0,foraging,-0.8750000000000002,1.2663812264475123
model_agnostic_replication_behavior-5a62589b143e1e6b-m1,foraging,3.75,1.657863524527376
model_agnostic_replication_behavior-5a701d7b3d8f25e7-m0,information_sampling,-0.7343749999999999,4.195304575121414
model_agnostic_replication_behavior-5a701d7b3d8f25e7-m1,information_sampling,0.30468749999999994,2.198333836409496
model_agnostic_replication_behavior-5aa4ed07227965f1-m0,effort,-2.375,-2.2990986216986844
model_agnostic_replication_behavior-5aa4ed07227965f1-m1,effort,-3.0,-2.6487980858754776
model_agnostic_replication_behavior-5ab9a5e47f89bb17-m0,foraging,5.375,2.959238477777872
model_agnostic_replication_behavior-5ab9a5e47f89bb17-m1,foraging,3.125,3.3507207758577353
model_agnostic_replication_behavior-5ac4a33618114d61-m0,debugging,-4.375,-2.9930025209428237
model_agnostic_replication_behavior-5ac4a33618114d61-m1,debugging,-2.625,-1.5111547015167406
model_agnostic_replication_behavior-5b26e9ef4c4c7858-m0,effort,-6.875,-2.3705848783228474
model_agnostic_replication_behavior-5b26e9ef4c4c7858-m1,effort,-5.75,-2.7202843424996406
model_agnostic_replication_behavior-5b6a4a0c617f15cb-m0,foraging,-6.25,-4.528693147111628
model_agnostic_replication_behavior-5b6a4a0c617f15cb-m1,foraging,-4.25,-4.1372108490317645
model_agnostic_replication_behavior-5b831714becd5fb3-m0,information_sampling,4.875,4.912066049376228
model_agnostic_replication_behavior-5b831714becd5fb3-m1,information_sampling,4.0,2.9150953106643103
model_agnostic_replication_behavior-5b92fe60d8cdee6e-m0,solvability,-8.0,-6.776612863459357
model_agnostic_replication_behavior-5b92fe60d8cdee6e-m1,solvability,-6.375,-6.668615239567969
model_agnostic_replication_behavior-5bd991ed2f424c0f-m0,bandit,-2.375,-0.8156753422827863
model_agnostic_replication_behavior-5bd991ed2f424c0f-m1,bandit,3.125,-0.8122123294204271
model_agnostic_replication_behavior-5c04c6e103c60551-m0,effort,7.25,3.291389859128621
model_agnostic_replication_behavior-5c04c6e103c60551-m1,effort,4.875,2.9416903949518276
model_agnostic_replication_behavior-5c57cdc846e8fbc4-m0,effort,5.0,1.3527159352660698
model_agnostic_replication_behavior-5c57cdc846e8fbc4-m1,effort,3.0,1.0030164710892762
model_agnostic_replication_behavior-5c67701dc8178d46-m0,waiting,5.625,2.472165399174181
model_agnostic_replication_behavior-5c67701dc8178d46-m1,waiting,5.25,2.461190875273731
model_agnostic_replication_behavior-5cadcf5d320db151-m0,effort,1.0,0.022492773225295803
model_agnostic_replication_behavior-5cadcf5d320db151-m1,effort,-0.12500000000000006,-0.32720669095149746
model_agnostic_replication_behavior-5cf4e3a862d5fbe3-m0,waiting,6.0,2.292395712286061
model_agnostic_replication_behavior-5cf4e3a862d5fbe3-m1,waiting,5.75,2.281421188385611
model_agnostic_replication_behavior-5d2d175d608c0315-m0,bandit,-7.125,-3.7625006997857624
model_agnostic_replication_behavior-5d2d175d608c0315-m1,bandit,-8.875,-3.7590376869234037
model_agnostic_replication_behavior-5d7ed85be537a981-m0,information_sampling,6.0,4.990021313935472
model_agnostic_replication_behavior-5d7ed85be537a981-m1,information_sampling,3.625,2.9930505752235543
model_agnostic_replication_behavior-5d7f871382944780-m0,solvability,8.5625,4.779182269666871
model_agnostic_replication_behavior-5d7f871382944780-m1,solvability,7.625,4.887179893558259
model_agnostic_replication_behavior-5dc18e2e9cdc73f3-m0,bandit,8.25,3.1359653943311883
model_agnostic_replication_behavior-5dc18e2e9cdc73f3-m1,bandit,6.5,3.1394284071935474
model_agnostic_replication_behavior-5dc26b78f9ddaaaa-m0,bandit,-0.37499999999999994,2.0473726450220164
model_agnostic_replication_behavior-5dc26b78f9ddaaaa-m1,bandit,1.125,2.0508356578843747
model_agnostic_replication_behavior-5e203daf0a1b254b-m0,solvability,1.1875,3.217046449345733
model_agnostic_replication_behavior-5e203daf0a1b254b-m1,solvability,0.890625,3.3250440732371214
model_agnostic_replication_behavior-5e387e966bb45636-m0,waiting,5.375,5.4766232154469785
model_agnostic_replication_behavior-5e387e966bb45636-m1,waiting,6.25,5.465648691546528
model_agnostic_replication_behavior-5e7080e026c16251-m0,waiting,0.24999999999999992,1.337466027536995
model_agnostic_replication_behavior-5e7080e026c16251-m1,waiting,2.125,1.3264915036365448
model_agnostic_replication_behavior-5e902921682207f7-m0,effort,3.625,1.5173264431092846
model_agnostic_replication_behavior-5e902921682207f7-m1,effort,2.75,1.1676269789324913
model_agnostic_replication_behavior-5e947401a0fff6ac-m0,effort,-2.5,-3.313299514570079
model_agnostic_replication_behavior-5e947401a0fff6ac-m1,effort,-2.625,-3.6629989787468724
model_agnostic_replication_behavior-5ec406c92ca5c045-m0,effort,5.75,4.825232225267031
model_agnostic_replication_behavior-5ec406c92ca5c045-m1,effort,4.875,4.475532761090239
model_agnostic_replication_behavior-5ecd6d7f5851d726-m0,effort,-2.625,-1.2162931646876338
model_agnostic_replication_behavior-5ecd6d7f5851d726-m1,effort,-2.625,-1.565992628864427
model_agnostic_replication_behavior-5ee12bc856f177c9-m0,foraging,6.375,-0.1609267546325005
model_agnostic_replication_behavior-5ee12bc856f177c9-m1,foraging,4.125,0.2305555434473633
model_agnostic_replication_behavior-5f50067ffc620625-m0,information_sampling,3.875,1.4345574636271619
model_agnostic_replication_behavior-5f50067ffc620625-m1,information_sampling,1.0,-0.5624132750847559
model_agnostic_replication_behavior-5f86a4ca3f52f34a-m0,information_sampling,4.625,4.463376055212333
model_agnostic_replication_behavior-5f86a4ca3f52f34a-m1,information_sampling,2.5,2.4664053165004147
model_agnostic_replication_behavior-5f883cd2252175ee-m0,waiting,8.9375,7.882318777743512
model_agnostic_replication_behavior-5f883cd2252175ee-m1,waiting,8.25,7.871344253843062
model_agnostic_replication_behavior-5fadc4c19efb4006-m0,effort,-4.375,-3.786780351102428
model_agnostic_replication_behavior-5fadc4c19efb4006-m1,effort,-3.75,-4.1364798152792215
model_agnostic_replication_behavior-5fbfa38b7cbda6d3-m0,foraging,2.0,-1.4702938142296866
model_agnostic_replication_behavior-5fbfa38b7cbda6d3-m1,foraging,0.8750000000000001,-1.0788115161498233
model_agnostic_replication_behavior-5fe46460c07cb043-m0,foraging,-3.875,-3.4398649978077365
model_agnostic_replication_behavior-5fe46460c07cb043-m1,foraging,-2.375,-3.0483826997278727
model_agnostic_replication_behavior-600e7a249b36d3e8-m0,information_sampling,1.8749999999999998,-0.0850418548633729
model_agnostic_replication_behavior-600e7a249b36d3e8-m1,information_sampling,-1.375,-2.082012593575291
model_agnostic_replication_behavior-601be9f746c020cb-m0,information_sampling,2.75,2.6482293213012573
model_agnostic_replication_behavior-601be9f746c020cb-m1,information_sampling,-2.0,0.6512585825893389
model_agnostic_replication_behavior-601e36bc8bfe9339-m0,information_sampling,1.25,3.119574916388584
model_agnostic_replication_behavior-601e36bc8bfe9339-m1,information_sampling,2.75,1.1226041776766662
model_agnostic_replication_behavior-6043cd20517c2ec9-m0,foraging,6.75,0.5686210311612853
model_agnostic_replication_behavior-6043cd20517c2ec9-m1,foraging,6.125,0.9601033292411486
model_agnostic_replication_behavior-60659f01d55f9143-m0,solvability,-2.125,-3.5449740040844215
model_agnostic_replication_behavior-60659f01d55f9143-m1,solvability,-1.25,-3.436976380193033
model_agnostic_replication_behavior-607f31ffadb918f0-m0,bandit,13.0,7.846376450393462
model_agnostic_replication_behavior-607f31ffadb918f0-m1,bandit,11.4375,7.849839463255821
model_agnostic_replication_behavior-6092c4d532df81de-m0,effort,2.25,1.6410975217634616
model_agnostic_replication_behavior-6092c4d532df81de-m1,effort,3.0,1.2913980575866681
model_agnostic_replication_behavior-60d5ea62c3b4b9f4-m0,bandit,9.9375,9.97598196321049
model_agnostic_replication_behavior-60d5ea62c3b4b9f4-m1,bandit,6.75,9.979444976072848
model_agnostic_replication_behavior-60f375b587cbc923-m0,waiting,-4.625,-2.367585197318618
model_agnostic_replication_behavior-60f375b587cbc923-m1,waiting,-6.0,-2.378559721219068
model_agnostic_replication_behavior-6101077c5854b4c6-m0,waiting,10.1875,8.681618171991667
model_agnostic_replication_behavior-6101077c5854b4c6-m1,waiting,9.8125,8.670643648091218
model_agnostic_replication_behavior-6106e25d27e35a5f-m0,information_sampling,5.625,6.935329304234385
model_agnostic_replication_behavior-6106e25d27e35a5f-m1,information_sampling,5.5,4.938358565522467
model_agnostic_replication_behavior-610b89fca2df76a2-m0,waiting,9.625,7.004585588493506
model_agnostic_replication_behavior-610b89fca2df76a2-m1,waiting,9.125,6.993611064593056
model_agnostic_replication_behavior-6113f91ac737dddc-m0,information_sampling,6.25,4.9909098253639215
model_agnostic_replication_behavior-6113f91ac737dddc-m1,information_sampling,3.75,2.9939390866520035
model_agnostic_replication_behavior-612146e7111a9040-m0,debugging,-3.75,-5.145710170527586
model_agnostic_replication_behavior-612146e7111a9040-m1,debugging,-4.25,-3.663862351101503
model_agnostic_replication_behavior-615c5894bd696b1d-m0,effort,3.5,1.800787608668053
model_agnostic_replication_behavior-615c5894bd696b1d-m1,effort,2.125,1.4510881444912598
model_agnostic_replication_behavior-61bab03b7877e229-m0,foraging,-3.125,1.2369680835579224
model_agnostic_replication_behavior-61bab03b7877e229-m1,foraging,-3.5,1.6284503816377862
model_agnostic_replication_behavior-622576f8901553d2-m0,bandit,11.3125,7.322818115198364
model_agnostic_replication_behavior-622576f8901553d2-m1,bandit,10.375,7.326281128060722
model_agnostic_replication_behavior-6230a439f569f8db-m0,debugging,-4.0,-0.12728402864161215
model_agnostic_replication_behavior-6230a439f569f8db-m1,debugging,0.625,1.3545637907844705
model_agnostic_replication_behavior-6233c09337b6442f-m0,foraging,0.24999999999999992,-2.8624460816400066
model_agnostic_replication_behavior-6233c09337b6442f-m1,foraging,-1.25,-2.470963783560143
model_agnostic_replication_behavior-62376fe3aa0921db-m0,debugging,-3.875,-1.716325092357349
model_agnostic_replication_behavior-62376fe3aa0921db-m1,debugging,-2.875,-0.2344772729312663
model_agnostic_replication_behavior-62397028b568bcca-m0,solvability,6.875,1.0127013710501476
model_agnostic_replication_behavior-62397028b568bcca-m1,solvability,6.0,1.1206989949415362
model_agnostic_replication_behavior-623f7b5c5ad391f2-m0,waiting,7.5,8.43157651307992
model_agnostic_replication_behavior-623f7b5c5ad391f2-m1,waiting,8.25,8.420601989179469
model_agnostic_replication_behavior-629136a9efe1146e-m0,waiting,7.25,7.535598363086373
model_agnostic_replication_behavior-629136a9efe1146e-m1,waiting,7.625,7.524623839185923
model_agnostic_replication_behavior-6324fb4c5137a3d7-m0,effort,7.875,6.908290055051725
model_agnostic_replication_behavior-6324fb4c5137a3d7-m1,effort,6.5,6.558590590874932
model_agnostic_replication_behavior-633803ec801a8361-m0,effort,1.8749999999999998,-1.5140461830562644
model_agnostic_replication_behavior-633803ec801a8361-m1,effort,0.625,-1.8637456472330578
model_agnostic_replication_behavior-6368b11428cbab5a-m0,solvability,-12.0,-9.983499731818583
model_agnostic_replication_behavior-6368b11428cbab5a-m1,solvability,-8.875,-9.875502107927193
model_agnostic_replication_behavior-638ddc873eda256d-m0,bandit,-4.75,-0.6980411323427009
model_agnostic_replication_behavior-638ddc873eda256d-m1,bandit,-4.875,-0.6945781194803421
model_agnostic_replication_behavior-639c04c6902fca5b-m0,information_sampling,-0.7500000000000001,1.705949472191267
model_agnostic_replication_behavior-639c04c6902fca5b-m1,information_sampling,-0.37499999999999994,-0.29102126652065097
model_agnostic_replication_behavior-639de2d52f328eb7-m0,solvability,-10.5,-9.79277873690039
model_agnostic_replication_behavior-639de2d52f328eb7-m1,solvability,-9.875,-9.684781113009002
model_agnostic_replication_behavior-63df0b182805f065-m0,information_sampling,2.375,3.49009269302097
model_agnostic_replication_behavior-63df0b182805f065-m1,information_sampling,2.0,1.493121954309053
model_agnostic_replication_behavior-63e18f66a844a52d-m0,effort,1.25,0.9163277073753313
model_agnostic_replication_behavior-63e18f66a844a52d-m1,effort,1.8749999999999998,0.5666282431985379
model_agnostic_replication_behavior-63f036aa6f1d6831-m0,effort,2.25,0.0010750160652900353
model_agnostic_replication_behavior-63f036aa6f1d6831-m1,effort,2.125,-0.34862444811150317
model_agnostic_replication_behavior-6405d99c270c2755-m0,bandit,-2.125,-2.5727908120108633
model_agnostic_replication_behavior-6405d99c270c2755-m1,bandit,-3.5,-2.569327799148505
model_agnostic_replication_behavior-64212767e757765c-m0,debugging,-5.0,-1.8520437989598446
model_agnostic_replication_behavior-64212767e757765c-m1,debugging,-3.125,-0.37019597953376193
model_agnostic_replication_behavior-643f42843117f083-m0,bandit,5.25,1.9980561122047056
model_agnostic_replication_behavior-643f42843117f083-m1,bandit,4.0,2.0015191250670643
model_agnostic_replication_behavior-64aa2192710e7d42-m0,solvability,7.625,1.622036926162691
model_agnostic_replication_behavior-64aa2192710e7d42-m1,solvability,5.0,1.7300345500540795
model_agnostic_replication_behavior-64fce967120fa695-m0,solvability,-2.625,-5.27012636285354
model_agnostic_replication_behavior-64fce967120fa695-m1,solvability,-4.625,-5.162128738962153
model_agnostic_replication_behavior-65162e39c38e5db8-m0,effort,4.25,2.4632788969953476
model_agnostic_replication_behavior-65162e39c38e5db8-m1,effort,3.625,2.1135794328185544
model_agnostic_replication_behavior-656095579b43eb28-m0,information_sampling,3.125,4.493110930516189
model_agnostic_replication_behavior-656095579b43eb28-m1,information_sampling,2.0,2.4961401918042716
model_agnostic_replication_behavior-656a809a3dbcd6bd-m0,effort,-6.0,-6.6441571447496965
model_agnostic_replication_behavior-656a809a3dbcd6bd-m1,effort,-6.125,-6.99385660892649
model_agnostic_replication_behavior-65958bdac7f6c8a3-m0,solvability,-1.421875,-3.804629728226611
model_agnostic_replication_behavior-65958bdac7f6c8a3-m1,solvability,1.09375,-3.6966321043352224
model_agnostic_replication_behavior-65f11026cc892904-m0,solvability,-0.37499999999999994,0.2453594448615921
model_agnostic_replication_behavior-65f11026cc892904-m1,solvability,2.25,0.35335706875298056
model_agnostic_replication_behavior-65fab96187d772ae-m0,information_sampling,-2.375,-0.8717474253021696
model_agnostic_replication_behavior-65fab96187d772ae-m1,information_sampling,-5.0,-2.868718164014087
model_agnostic_replication_behavior-6618e4557e8cc921-m0,waiting,3.125,5.238882263460672
model_agnostic_replication_behavior-6618e4557e8cc921-m1,waiting,4.75,5.227907739560223
model_agnostic_replication_behavior-668b650574d3ac22-m0,foraging,2.625,-2.1787378136392803
model_agnostic_replication_behavior-668b650574d3ac22-m1,foraging,0.8750000000000001,-1.787255515559417
model_agnostic_replication_behavior-669bcbf6893e526f-m0,effort,6.375,3.74010361627671
model_agnostic_replication_behavior-669bcbf6893e526f-m1,effort,5.125,3.390404152099917
model_agnostic_replication_behavior-66c640a6c48d9703-m0,waiting,5.125,1.6562996547984348
model_agnostic_replication_behavior-66c640a6c48d9703-m1,waiting,4.875,1.6453251308979846
model_agnostic_replication_behavior-66e1bc980339f284-m0,waiting,3.125,2.3038699583216715
model_agnostic_replication_behavior-66e1bc980339f284-m1,waiting,1.25,2.2928954344212213
model_agnostic_replication_behavior-66f3d132267e77a9-m0,solvability,-3.0,-1.9166006060566663
model_agnostic_replication_behavior-66f3d132267e77a9-m1,solvability,-4.375,-1.8086029821652778
model_agnostic_replication_behavior-67008621f5409878-m0,waiting,7.5,5.90495455757291
model_agnostic_replication_behavior-67008621f5409878-m1,waiting,8.25,5.8939800336724595
model_agnostic_replication_behavior-67095842611af360-m0,waiting,10.6875,12.21837395599477
model_agnostic_replication_behavior-67095842611af360-m1,waiting,10.125,12.20739943209432
model_agnostic_replication_behavior-6730abb08d10a71a-m0,foraging,0.625,1.7376109968982778
model_agnostic_replication_behavior-6730abb08d10a71a-m1,foraging,3.25,2.1290932949781416
model_agnostic_replication_behavior-67ab4dc5f29d1a3e-m0,bandit,6.125,2.5012430780272243
model_agnostic_replication_behavior-67ab4dc5f29d1a3e-m1,bandit,5.0,2.5047060908895835
model_agnostic_replication_behavior-67c15091b8b02790-m0,information_sampling,3.5,3.0752863501109378
model_agnostic_replication_behavior-67c15091b8b02790-m1,information_sampling,3.5,1.0783156113990202
model_agnostic_replication_behavior-67f1f43fd372a5e6-m0,debugging,3.875,1.2346959328280138
model_agnostic_replication_behavior-67f1f43fd372a5e6-m1,debugging,5.375,2.7165437522540965
model_agnostic_replication_behavior-681f45967e5099d4-m0,information_sampling,2.875,2.9021463329710198
model_agnostic_replication_behavior-681f45967e5099d4-m1,information_sampling,2.875,0.9051755942591022
model_agnostic_replication_behavior-6835cdf4e8e9ee72-m0,waiting,3.625,1.1886528469308177
model_agnostic_replication_behavior-6835cdf4e8e9ee72-m1,waiting,4.5,1.1776783230303673
model_agnostic_replication_behavior-68380dc32add63fe-m0,debugging,-6.0,-4.972550796229456
model_agnostic_replication_behavior-68380dc32add63fe-m1,debugging,-4.625,-3.4907029768033735
model_agnostic_replication_behavior-68a80c858c865a6f-m0,information_sampling,4.875,2.5114237515466127
model_agnostic_replication_behavior-68a80c858c865a6f-m1,information_sampling,1.25,0.5144530128346951
model_agnostic_replication_behavior-68ae11c4abe9a4ae-m0,debugging,-0.37499999999999994,-2.002565762659734
model_agnostic_replication_behavior-68ae11c4abe9a4ae-m1,debugging,1.25,-0.5207179432336515
model_agnostic_replication_behavior-68e05cead3863265-m0,solvability,-1.7499999999999998,-2.5343076705509713
model_agnostic_replication_behavior-68e05cead3863265-m1,solvability,-0.7500000000000001,-2.426310046659583
model_agnostic_replication_behavior-68f3cef6eeb9d4af-m0,information_sampling,0.0,0.026643080082807913
model_agnostic_replication_behavior-68f3cef6eeb9d4af-m1,information_sampling,-2.5,-1.9703276586291096
model_agnostic_replication_behavior-690f7412fdbe91e6-m0,waiting,0.7500000000000002,0.9664979754147711
model_agnostic_replication_behavior-690f7412fdbe91e6-m1,waiting,2.0,0.9555234515143209
model_agnostic_replication_behavior-695669daa810eccd-m0,foraging,-6.125,2.042909574617034
model_agnostic_replication_behavior-695669daa810eccd-m1,foraging,-5.875,2.434391872696897
model_agnostic_replication_behavior-697a7ee2c95a6893-m0,debugging,0.5,-1.277904535420352
model_agnostic_replication_behavior-697a7ee2c95a6893-m1,debugging,3.0,0.20394328400573047
model_agnostic_replication_behavior-6982fb17e6f789a6-m0,debugging,-2.625,-0.6216190541854161
model_agnostic_replication_behavior-6982fb17e6f789a6-m1,debugging,2.125,0.8602287652406666
model_agnostic_replication_behavior-699a3744eeb18eea-m0,solvability,1.3750000000000002,-0.47839724572496967
model_agnostic_replication_behavior-699a3744eeb18eea-m1,solvability,0.37499999999999994,-0.3703996218335812
model_agnostic_replication_behavior-69c2cbef7ef58b34-m0,foraging,-3.625,-2.9393252346262835
model_agnostic_replication_behavior-69c2cbef7ef58b34-m1,foraging,-2.5,-2.5478429365464206
model_agnostic_replication_behavior-69cdfdb613f3baee-m0,debugging,5.25,1.1948407390800182
model_agnostic_replication_behavior-69cdfdb613f3baee-m1,debugging,6.25,2.676688558506101
model_agnostic_replication_behavior-6a2a854c9bad0604-m0,solvability,6.25,4.913360995499227
model_agnostic_replication_behavior-6a2a854c9bad0604-m1,solvability,5.875,5.021358619390615
model_agnostic_replication_behavior-6a7dc93c98330b64-m0,waiting,9.75,9.851385884345444
model_agnostic_replication_behavior-6a7dc93c98330b64-m1,waiting,9.125,9.840411360444993
model_agnostic_replication_behavior-6aa1e4048aaae233-m0,information_sampling,0.37499999999999994,0.8133486505216041
model_agnostic_replication_behavior-6aa1e4048aaae233-m1,information_sampling,-3.75,-1.183622088190313
model_agnostic_replication_behavior-6ae0e9e21bbadc66-m0,solvability,2.99609375,13.135813826855241
model_agnostic_replication_behavior-6ae0e9e21bbadc66-m1,solvability,0.5312499999999999,13.24381145074663
model_agnostic_replication_behavior-6af75d8bbbf61838-m0,solvability,9.25,8.821307308303323
model_agnostic_replication_behavior-6af75d8bbbf61838-m1,solvability,8.3125,8.929304932194713
model_agnostic_replication_behavior-6b4297883be6b3be-m0,waiting,2.0,4.397759637910156
model_agnostic_replication_behavior-6b4297883be6b3be-m1,waiting,2.875,4.3867851140097045
model_agnostic_replication_behavior-6b4b41c156dddea1-m0,foraging,-2.25,-3.0685362346466634
model_agnostic_replication_behavior-6b4b41c156dddea1-m1,foraging,-2.0,-2.6770539365668
model_agnostic_replication_behavior-6b66aa88504d8bf5-m0,waiting,5.625,5.858411970820709
model_agnostic_replication_behavior-6b66aa88504d8bf5-m1,waiting,5.0,5.847437446920258
model_agnostic_replication_behavior-6b7c9af601f7199e-m0,information_sampling,4.125,4.840442649601269
model_agnostic_replication_behavior-6b7c9af601f7199e-m1,information_sampling,3.25,2.8434719108893525
model_agnostic_replication_behavior-6b8a967cb60c76bb-m0,effort,-3.75,-3.3172378372210884
model_agnostic_replication_behavior-6b8a967cb60c76bb-m1,effort,-4.25,-3.6669373013978817
model_agnostic_replication_behavior-6bcd450ab65c4467-m0,bandit,-7.875,-0.9502495840899838
model_agnostic_replication_behavior-6bcd450ab65c4467-m1,bandit,-6.875,-0.9467865712276251
model_agnostic_replication_behavior-6d002a6ab68a87ee-m0,effort,1.48046875,1.9443293463249565
model_agnostic_replication_behavior-6d002a6ab68a87ee-m1,effort,-0.2578125000000001,1.5946298821481633
model_agnostic_replication_behavior-6d054a3455b4641b-m0,bandit,8.75,6.107670099659499
model_agnostic_replication_behavior-6d054a3455b4641b-m1,bandit,8.375,6.111133112521857
model_agnostic_replication_behavior-6d4ab805ecfeb044-m0,information_sampling,2.125,2.454344850235574
model_agnostic_replication_behavior-6d4ab805ecfeb044-m1,information_sampling,-0.25,0.45737411152365626
model_agnostic_replication_behavior-6d69775e991d03a2-m0,foraging,6.625,5.296872186844732
model_agnostic_replication_behavior-6d69775e991d03a2-m1,foraging,5.25,5.688354484924595
model_agnostic_replication_behavior-6d6a2bb6b670c069-m0,foraging,9.625,6.229457711641473
model_agnostic_replication_behavior-6d6a2bb6b670c069-m1,foraging,8.75,6.620940009721336
model_agnostic_replication_behavior-6d7eaf9e7cb4a57a-m0,waiting,-3.375,-2.758015008802676
model_agnostic_replication_behavior-6d7eaf9e7cb4a57a-m1,waiting,-4.0,-2.768989532703126
model_agnostic_replication_behavior-6dc5f2c0dc0f6bcb-m0,foraging,0.37499999999999994,0.5775599650704785
model_agnostic_replication_behavior-6dc5f2c0dc0f6bcb-m1,foraging,1.8749999999999998,0.9690422631503414
model_agnostic_replication_behavior-6dcdc8d20becda58-m0,bandit,1.8749999999999998,-0.8260654856993963
model_agnostic_replication_behavior-6dcdc8d20becda58-m1,bandit,3.75,-0.8226024728370376
model_agnostic_replication_behavior-6dd51328705067d4-m0,bandit,12.375,7.503920399616785
model_agnostic_replication_behavior-6dd51328705067d4-m1,bandit,8.75,7.507383412479143
model_agnostic_replication_behavior-6deca607ec107625-m0,debugging,6.0,2.427323252837757
model_agnostic_replication_behavior-6deca607ec107625-m1,debugging,7.125,3.9091710722638395
model_agnostic_replication_behavior-6df0b3c85670584b-m0,information_sampling,0.125,0.4415622361117072
model_agnostic_replication_behavior-6df0b3c85670584b-m1,information_sampling,0.24999999999999992,-1.5554085026002102
model_agnostic_replication_behavior-6e3e60f63e2eaf0f-m0,bandit,15.3125,12.737041557338527
model_agnostic_replication_behavior-6e3e60f63e2eaf0f-m1,bandit,12.0625,12.740504570200885
model_agnostic_replication_behavior-6e46d5eec1c01df4-m0,information_sampling,3.0,3.8466950257489536
model_agnostic_replication_behavior-6e46d5eec1c01df4-m1,information_sampling,2.0,1.849724287037036
model_agnostic_replication_behavior-6e7878cd0f6c37f1-m0,information_sampling,5.875,5.51134522493151
model_agnostic_replication_behavior-6e7878cd0f6c37f1-m1,information_sampling,4.125,3.5143744862195927
model_agnostic_replication_behavior-6e7eb2b66e2e83fa-m0,bandit,-6.25,-6.62281404406095
model_agnostic_replication_behavior-6e7eb2b66e2e83fa-m1,bandit,-6.625,-6.619351031198591
model_agnostic_replication_behavior-6e9ada5e6500a6bb-m0,effort,5.25,1.8869672431274915
model_agnostic_replication_behavior-6e9ada5e6500a6bb-m1,effort,4.25,1.5372677789506985
model_agnostic_replication_behavior-6ed66e9695a6e84f-m0,foraging,7.25,4.199694333605867
model_agnostic_replication_behavior-6ed66e9695a6e84f-m1,foraging,6.875,4.591176631685731
model_agnostic_replication_behavior-6ef112de7fbbfc90-m0,foraging,10.375,4.587295636228311
model_agnostic_replication_behavior-6ef112de7fbbfc90-m1,foraging,8.625,4.978777934308174
model_agnostic_replication_behavior-6f01e9f7e043397c-m0,effort,-1.625,-0.7358779259087231
model_agnostic_replication_behavior-6f01e9f7e043397c-m1,effort,-1.625,-1.0855773900855163
model_agnostic_replication_behavior-6f179bd00659e78a-m0,information_sampling,-1.5,-0.6019496766792136
model_agnostic_replication_behavior-6f179bd00659e78a-m1,information_sampling,-3.25,-2.598920415391131
model_agnostic_replication_behavior-6f2ea93c3ebdf802-m0,waiting,8.125,5.601188758588072
model_agnostic_replication_behavior-6f2ea93c3ebdf802-m1,waiting,7.25,5.590214234687622
model_agnostic_replication_behavior-6f881c536bb24932-m0,debugging,-8.9375,-8.852253993209612
model_agnostic_replication_behavior-6f881c536bb24932-m1,debugging,-6.625,-7.370406173783529
model_agnostic_replication_behavior-6f927f56a9d7b000-m0,information_sampling,1.625,2.685615453491775
model_agnostic_replication_behavior-6f927f56a9d7b000-m1,information_sampling,-2.625,0.6886447147798578
model_agnostic_replication_behavior-6f98f7647ee9f359-m0,solvability,11.0,13.537775749393635
model_agnostic_replication_behavior-6f98f7647ee9f359-m1,solvability,11.0625,13.645773373285024
model_agnostic_replication_behavior-6fef82dba41a32a3-m0,bandit,7.0,2.3281485175215986
model_agnostic_replication_behavior-6fef82dba41a32a3-m1,bandit,6.25,2.3316115303839573
model_agnostic_replication_behavior-6ff3891b9f53fbe5-m0,solvability,5.5,2.3157268759047005
model_agnostic_replication_behavior-6ff3891b9f53fbe5-m1,solvability,1.3750000000000002,2.423724499796089
model_agnostic_replication_behavior-703bc4b6bbaefa7b-m0,debugging,-4.75,-4.691753401427135
model_agnostic_replication_behavior-703bc4b6bbaefa7b-m1,debugging,-3.25,-3.2099055820010522
model_agnostic_replication_behavior-70413389cfe39833-m0,foraging,-5.5,-3.35272431992855
model_agnostic_replication_behavior-70413389cfe39833-m1,foraging,-5.0,-2.961242021848687
model_agnostic_replication_behavior-70515f7c0123fdbd-m0,effort,5.125,1.710726280177294
model_agnostic_replication_behavior-70515f7c0123fdbd-m1,effort,4.0,1.3610268160005008
model_agnostic_replication_behavior-70525641e6968be1-m0,foraging,6.25,1.0602054835166834
model_agnostic_replication_behavior-70525641e6968be1-m1,foraging,4.375,1.4516877815965472
model_agnostic_replication_behavior-70633c2081c44b77-m0,debugging,-8.5625,-11.702296835558105
model_agnostic_replication_behavior-70633c2081c44b77-m1,debugging,-8.125,-10.220449016132022
model_agnostic_replication_behavior-708a25e5ba44ab0c-m0,effort,-2.5,-1.545990540707814
model_agnostic_replication_behavior-708a25e5ba44ab0c-m1,effort,-2.875,-1.8956900048846073
model_agnostic_replication_behavior-709c0c359a3eec19-m0,information_sampling,1.25,-1.2761580456982884
model_agnostic_replication_behavior-709c0c359a3eec19-m1,information_sampling,-2.25,-3.273128784410205
model_agnostic_replication_behavior-70af5584e5dbbaf7-m0,bandit,13.1875,6.677810324642294
model_agnostic_replication_behavior-70af5584e5dbbaf7-m1,bandit,11.9375,6.681273337504653
model_agnostic_replication_behavior-70d4910bf009b7f9-m0,information_sampling,3.25,2.7510145764437284
model_agnostic_replication_behavior-70d4910bf009b7f9-m1,information_sampling,1.75,0.7540438377318113
model_agnostic_replication_behavior-714ec829bf72b976-m0,waiting,5.5,2.0267679729040564
model_agnostic_replication_behavior-714ec829bf72b976-m1,waiting,5.75,2.0157934490036062
model_agnostic_replication_behavior-71818a7d1ff10a9f-m0,information_sampling,0.625,0.045087426286277044
model_agnostic_replication_behavior-71818a7d1ff10a9f-m1,information_sampling,-2.75,-1.951883312425641
model_agnostic_replication_behavior-7191a05d0261b544-m0,solvability,-9.9375,-2.363931204035917
model_agnostic_replication_behavior-7191a05d0261b544-m1,solvability,-8.9375,-2.2559335801445286
model_agnostic_replication_behavior-719b7374f2225e22-m0,foraging,-2.125,-1.518098142657903
model_agnostic_replication_behavior-719b7374f2225e22-m1,foraging,-2.5,-1.1266158445780392
model_agnostic_replication_behavior-71bc468f8b29f4b8-m0,solvability,8.5625,5.1205985127185105
model_agnostic_replication_behavior-71bc468f8b29f4b8-m1,solvability,7.75,5.228596136609899
model_agnostic_replication_behavior-7226fb9c631eb04b-m0,bandit,-5.125,-6.112264574482863
model_agnostic_replication_behavior-7226fb9c631eb04b-m1,bandit,-7.375,-6.1088015616205045
model_agnostic_replication_behavior-72397753399a4614-m0,debugging,0.24999999999999992,-0.0012068789775976363
model_agnostic_replication_behavior-72397753399a4614-m1,debugging,3.0,1.480640940448485
model_agnostic_replication_behavior-726fd19082e38d44-m0,debugging,-2.625,-1.6302295877446347
model_agnostic_replication_behavior-726fd19082e38d44-m1,debugging,-0.8750000000000002,-0.1483817683185522
model_agnostic_replication_behavior-72cc88f8be62876a-m0,waiting,0.5,0.9470362160529364
model_agnostic_replication_behavior-72cc88f8be62876a-m1,waiting,0.37499999999999994,0.936061692152486
model_agnostic_replication_behavior-735c214b04f60c3e-m0,foraging,2.875,-1.4993801318701738
model_agnostic_replication_behavior-735c214b04f60c3e-m1,foraging,4.0,-1.10789783379031
model_agnostic_replication_behavior-73b3cacec30c4000-m0,information_sampling,4.375,5.0729726981251115
model_agnostic_replication_behavior-73b3cacec30c4000-m1,information_sampling,4.0,3.076001959413194
model_agnostic_replication_behavior-73c35347d8d5a350-m0,effort,-4.25,-1.4532404660710492
model_agnostic_replication_behavior-73c35347d8d5a350-m1,effort,-3.75,-1.8029399302478426
model_agnostic_replication_behavior-73c59758d674fe12-m0,foraging,-8.75,-3.2258990955046323
model_agnostic_replication_behavior-73c59758d674fe12-m1,foraging,-8.625,-2.8344167974247685
model_agnostic_replication_behavior-742ec92aac30b4e2-m0,solvability,12.75,8.97097594592909
model_agnostic_replication_behavior-742ec92aac30b4e2-m1,solvability,11.5,9.07897356982048
model_agnostic_replication_behavior-74555c28b57ba636-m0,bandit,1.1328125,-1.7683406834869702
model_agnostic_replication_behavior-74555c28b57ba636-m1,bandit,-1.59375,-1.7648776706246114
model_agnostic_replication_behavior-74645aa8acc90291-m0,solvability,-1.625,1.3673799606407533
model_agnostic_replication_behavior-74645aa8acc90291-m1,solvability,1.75,1.4753775845321417
model_agnostic_replication_behavior-74888b6e3e76c540-m0,foraging,7.25,3.017564913605874
model_agnostic_replication_behavior-74888b6e3e76c540-m1,foraging,5.5,3.409047211685737
model_agnostic_replication_behavior-7496270f0e7afee1-m0,solvability,-7.25,-5.125522918302858
model_agnostic_replication_behavior-7496270f0e7afee1-m1,solvability,-7.125,-5.017525294411469
model_agnostic_replication_behavior-74a511f72ea3129d-m0,foraging,4.5,2.1026280168805314
model_agnostic_replication_behavior-74a511f72ea3129d-m1,foraging,4.75,2.4941103149603947
model_agnostic_replication_behavior-74c75964d1b6d986-m0,information_sampling,4.75,4.62013392801121
model_agnostic_replication_behavior-74c75964d1b6d986-m1,information_sampling,3.0,2.623163189299292
model_agnostic_replication_behavior-74cb4f2cedb8dec0-m0,effort,2.625,1.6823741207707275
model_agnostic_replication_behavior-74cb4f2cedb8dec0-m1,effort,1.125,1.3326746565939338
model_agnostic_replication_behavior-74ced97f7105da89-m0,bandit,-9.1875,-3.786531814075467
model_agnostic_replication_behavior-74ced97f7105da89-m1,bandit,-9.9375,-3.783068801213108
model_agnostic_replication_behavior-74e0731ed1a12134-m0,information_sampling,2.75,1.2629705386803338
model_agnostic_replication_behavior-74e0731ed1a12134-m1,information_sampling,1.75,-0.7340002000315837
model_agnostic_replication_behavior-74f46216bd20583e-m0,bandit,-12.1875,-8.578193571993047
model_agnostic_replication_behavior-74f46216bd20583e-m1,bandit,-10.8125,-8.574730559130687
model_agnostic_replication_behavior-74fe28e0cae0feaf-m0,solvability,-10.5,-4.55109577635542
model_agnostic_replication_behavior-74fe28e0cae0feaf-m1,solvability,-9.5,-4.4430981524640325
model_agnostic_replication_behavior-758acbf8c8f9b684-m0,foraging,-0.25,-1.4111551054316305
model_agnostic_replication_behavior-758acbf8c8f9b684-m1,foraging,-2.5,-1.0196728073517667
model_agnostic_replication_behavior-759e54209fe55287-m0,information_sampling,3.25,4.894632220229944
model_agnostic_replication_behavior-759e54209fe55287-m1,information_sampling,1.625,2.897661481518026
model_agnostic_replication_behavior-75a5ee70f66766eb-m0,solvability,-8.25,-0.48143617721960386
model_agnostic_replication_behavior-75a5ee70f66766eb-m1,solvability,-5.75,-0.3734385533282154
model_agnostic_replication_behavior-75d774094d13ace3-m0,information_sampling,-1.5,-0.12805259085364074
model_agnostic_replication_behavior-75d774094d13ace3-m1,information_sampling,-3.75,-2.125023329565558
model_agnostic_replication_behavior-75ed5500b28a95a7-m0,waiting,1.75,2.809592606483159
model_agnostic_replication_behavior-75ed5500b28a95a7-m1,waiting,0.24999999999999992,2.798618082582709
model_agnostic_replication_behavior-75f1cc3cd9e8c552-m0,debugging,-4.375,-2.819193461543547
model_agnostic_replication_behavior-75f1cc3cd9e8c552-m1,debugging,-3.5,-1.3373456421174648
model_agnostic_replication_behavior-7642ee97577164ad-m0,debugging,-4.25,-1.3193802930541039
model_agnostic_replication_behavior-7642ee97577164ad-m1,debugging,-1.5,0.1624675263719786
model_agnostic_replication_behavior-76525a13599f894c-m0,waiting,9.8125,9.742041978248452
model_agnostic_replication_behavior-76525a13599f894c-m1,waiting,10.0,9.731067454348
model_agnostic_replication_behavior-7660b6e84eef795d-m0,debugging,3.375,0.1319351366469581
model_agnostic_replication_behavior-7660b6e84eef795d-m1,debugging,-0.5,1.6137829560730403
model_agnostic_replication_behavior-76976291cf2d7022-m0,bandit,12.25,10.069700979690083
model_agnostic_replication_behavior-76976291cf2d7022-m1,bandit,10.4375,10.073163992552441
model_agnostic_replication_behavior-769889e4e584e252-m0,debugging,-1.7499999999999998,3.4732020557366856
model_agnostic_replication_behavior-769889e4e584e252-m1,debugging,2.75,4.955049875162768
model_agnostic_replication_behavior-76cbfacca857ca73-m0,waiting,6.0,4.112649638281818
model_agnostic_replication_behavior-76cbfacca857ca73-m1,waiting,6.75,4.101675114381367
model_agnostic_replication_behavior-76dd71127faaf927-m0,bandit,8.375,8.042021786397079
model_agnostic_replication_behavior-76dd71127faaf927-m1,bandit,6.125,8.045484799259437
model_agnostic_replication_behavior-76e23148a15230da-m0,waiting,0.625,2.1901251184320847
model_agnostic_replication_behavior-76e23148a15230da-m1,waiting,3.25,2.1791505945316345
model_agnostic_replication_behavior-7703e77b4876a93e-m0,foraging,7.5,5.105251983160388
model_agnostic_replication_behavior-7703e77b4876a93e-m1,foraging,6.375,5.496734281240251
model_agnostic_replication_behavior-771c255db282bf26-m0,bandit,-3.5,2.132619102347194
model_agnostic_replication_behavior-771c255db282bf26-m1,bandit,1.8749999999999998,2.136082115209553
model_agnostic_replication_behavior-774195ac6ba642c3-m0,effort,-4.75,-5.482781564237143
model_agnostic_replication_behavior-774195ac6ba642c3-m1,effort,-4.625,-5.832481028413937
model_agnostic_replication_behavior-781cc9cb1cac7859-m0,waiting,9.8125,12.420546833247878
model_agnostic_replication_behavior-781cc9cb1cac7859-m1,waiting,9.625,12.409572309347428
model_agnostic_replication_behavior-784518d0e0abffb1-m0,solvability,-6.375,-3.73223679162598
model_agnostic_replication_behavior-784518d0e0abffb1-m1,solvability,-5.5,-3.6242391677345918
model_agnostic_replication_behavior-786ea72c31000155-m0,information_sampling,5.125,2.882321654528059
model_agnostic_replication_behavior-786ea72c31000155-m1,information_sampling,2.0,0.8853509158161414
model_agnostic_replication_behavior-7870dd6110c94643-m0,debugging,-4.5,-4.835774446122581
model_agnostic_replication_behavior-7870dd6110c94643-m1,debugging,-3.75,-3.353926626696498
model_agnostic_replication_behavior-7881606d081faa6b-m0,foraging,-0.5,3.505866702514449
model_agnostic_replication_behavior-7881606d081faa6b-m1,foraging,2.125,3.8973490005943128
model_agnostic_replication_behavior-788b9ffd554cfb7e-m0,solvability,9.6875,6.612711853694866
model_agnostic_replication_behavior-788b9ffd554cfb7e-m1,solvability,10.25,6.720709477586254
model_agnostic_replication_behavior-78acf52aaa4402ae-m0,foraging,8.5,4.4509471871850685
model_agnostic_replication_behavior-78acf52aaa4402ae-m1,foraging,7.0,4.842429485264933
model_agnostic_replication_behavior-78e3742259f81fff-m0,waiting,1.75,0.9004731284162377
model_agnostic_replication_behavior-78e3742259f81fff-m1,waiting,-1.625,0.8894986045157875
model_agnostic_replication_behavior-78f81eda495447f4-m0,solvability,5.75,2.552633673221595
model_agnostic_replication_behavior-78f81eda495447f4-m1,solvability,5.0,2.6606312971129835
model_agnostic_replication_behavior-79167a66bced6b04-m0,solvability,-11.75,-10.233622988342368
model_agnostic_replication_behavior-79167a66bced6b04-m1,solvability,-10.25,-10.125625364450979
model_agnostic_replication_behavior-791d74339a396d9f-m0,bandit,11.5625,6.541766995708091
model_agnostic_replication_behavior-791d74339a396d9f-m1,bandit,9.875,6.545230008570449
model_agnostic_replication_behavior-79453832fbffe56a-m0,foraging,2.375,-0.7233191417267262
model_agnostic_replication_behavior-79453832fbffe56a-m1,foraging,3.625,-0.3318368436468627
model_agnostic_replication_behavior-794beeef699c75ee-m0,debugging,5.375,1.349000391371515
model_agnostic_replication_behavior-794beeef699c75ee-m1,debugging,7.375,2.8308482107975976
model_agnostic_replication_behavior-79731a12d5c66808-m0,bandit,-10.875,-11.298310679165446
model_agnostic_replication_behavior-79731a12d5c66808-m1,bandit,-10.1875,-11.294847666303088
model_agnostic_replication_behavior-79827561e3e53b33-m0,effort,-7.5,-3.0959436931377353
model_agnostic_replication_behavior-79827561e3e53b33-m1,effort,-8.0,-3.4456431573145285
model_agnostic_replication_behavior-798b01f4dfefeb0d-m0,information_sampling,4.25,4.913076566433412
model_agnostic_replication_behavior-798b01f4dfefeb0d-m1,information_sampling,2.5,2.9161058277214957
model_agnostic_replication_behavior-79901642ccf793fe-m0,solvability,-0.046874999999999965,-5.936706960853986
model_agnostic_replication_behavior-79901642ccf793fe-m1,solvability,-0.5468749999999999,-5.828709336962598
model_agnostic_replication_behavior-799815895dc6063a-m0,waiting,5.375,6.471150462588314
model_agnostic_replication_behavior-799815895dc6063a-m1,waiting,6.125,6.460175938687864
model_agnostic_replication_behavior-79cc2dfa25aadc09-m0,bandit,-3.875,-5.625746219194482
model_agnostic_replication_behavior-79cc2dfa25aadc09-m1,bandit,-4.375,-5.622283206332122
model_agnostic_replication_behavior-79ee07967bb968d4-m0,waiting,-3.0,-1.197796984080342
model_agnostic_replication_behavior-79ee07967bb968d4-m1,waiting,-1.625,-1.2087715079807924
model_agnostic_replication_behavior-7a8540ee95e56321-m0,effort,6.5,6.967506580127101
model_agnostic_replication_behavior-7a8540ee95e56321-m1,effort,5.625,6.617807115950308
model_agnostic_replication_behavior-7acc359bd1e07957-m0,bandit,-13.375,-11.990748593044843
model_agnostic_replication_behavior-7acc359bd1e07957-m1,bandit,-11.8125,-11.987285580182485
model_agnostic_replication_behavior-7acd44fd40579e33-m0,solvability,0.8750000000000001,-0.6301669614377927
model_agnostic_replication_behavior-7acd44fd40579e33-m1,solvability,-1.375,-0.522169337546404
model_agnostic_replication_behavior-7afb8917fa0ac065-m0,effort,2.25,0.9284103606119539
model_agnostic_replication_behavior-7afb8917fa0ac065-m1,effort,3.375,0.5787108964351607
model_agnostic_replication_behavior-7b49749f87342d28-m0,foraging,2.625,4.871318427880744
model_agnostic_replication_behavior-7b49749f87342d28-m1,foraging,4.25,5.2628007259606076
model_agnostic_replication_behavior-7b4fb1c62bf60381-m0,waiting,5.75,4.97090056728549
model_agnostic_replication_behavior-7b4fb1c62bf60381-m1,waiting,4.625,4.959926043385041
model_agnostic_replication_behavior-7b7a9ae860f90cca-m0,information_sampling,4.375,2.058575788922841
model_agnostic_replication_behavior-7b7a9ae860f90cca-m1,information_sampling,0.24999999999999992,0.061605050210923995
model_agnostic_replication_behavior-7b9d3cdaa0b4f064-m0,effort,-4.375,-2.1067388476794857
model_agnostic_replication_behavior-7b9d3cdaa0b4f064-m1,effort,-4.5,-2.456438311856279
model_agnostic_replication_behavior-7bc40abccc68e49e-m0,information_sampling,4.625,5.462866714955801
model_agnostic_replication_behavior-7bc40abccc68e49e-m1,information_sampling,2.25,3.4658959762438832
model_agnostic_replication_behavior-7bfd4e47d3ef958b-m0,waiting,-2.5,-3.1582230345719484
model_agnostic_replication_behavior-7bfd4e47d3ef958b-m1,waiting,-2.25,-3.1691975584723986
model_agnostic_replication_behavior-7c0375f282de432f-m0,waiting,7.5,5.743293443795277
model_agnostic_replication_behavior-7c0375f282de432f-m1,waiting,7.75,5.732318919894827
model_agnostic_replication_behavior-7c14256780502976-m0,debugging,-5.75,-1.9081439455779987
model_agnostic_replication_behavior-7c14256780502976-m1,debugging,-0.7500000000000001,-0.42629612615191625
model_agnostic_replication_behavior-7c3d6a57e7f11931-m0,waiting,7.25,7.749091677607592
model_agnostic_replication_behavior-7c3d6a57e7f11931-m1,waiting,6.75,7.738117153707142
model_agnostic_replication_behavior-7c4d6c7fc7d3acc8-m0,bandit,-10.875,-10.766733368392845
model_agnostic_replication_behavior-7c4d6c7fc7d3acc8-m1,bandit,-10.1875,-10.763270355530485
model_agnostic_replication_behavior-7c8b5907141725bf-m0,information_sampling,-1.375,0.16627037980805381
model_agnostic_replication_behavior-7c8b5907141725bf-m1,information_sampling,-2.375,-1.8307003589038637
model_agnostic_replication_behavior-7ca3f10ed4e06ba2-m0,solvability,3.75,0.3727374793991298
model_agnostic_replication_behavior-7ca3f10ed4e06ba2-m1,solvability,2.25,0.4807351032905183
model_agnostic_replication_behavior-7d1fa84dd9f18db7-m0,solvability,0.625,-2.1449451688592873
model_agnostic_replication_behavior-7d1fa84dd9f18db7-m1,solvability,-2.0,-2.036947544967898
model_agnostic_replication_behavior-7d26082739b06856-m0,foraging,-6.75,-4.910134567310718
model_agnostic_replication_behavior-7d26082739b06856-m1,foraging,-5.125,-4.518652269230854
model_agnostic_replication_behavior-7d3a3544d083c511-m0,bandit,5.5,4.225522298005205
model_agnostic_replication_behavior-7d3a3544d083c511-m1,bandit,4.375,4.2289853108675635
model_agnostic_replication_behavior-7d5408bf2bbb7799-m0,effort,0.8750000000000001,-1.3628135434135533
model_agnostic_replication_behavior-7d5408bf2bbb7799-m1,effort,1.8749999999999998,-1.7125130075903465
model_agnostic_replication_behavior-7d72ca8587601c1a-m0,foraging,-5.75,-3.7351704944219413
model_agnostic_replication_behavior-7d72ca8587601c1a-m1,foraging,-5.125,-3.3436881963420784
model_agnostic_replication_behavior-7d9260937c45a046-m0,foraging,-2.875,-0.8874380234794185
model_agnostic_replication_behavior-7d9260937c45a046-m1,foraging,-2.375,-0.4959557253995547
model_agnostic_replication_behavior-7db34c314e436ad3-m0,foraging,-6.625,-5.361307992519972
model_agnostic_replication_behavior-7db34c314e436ad3-m1,foraging,-5.0,-4.969825694440108
model_agnostic_replication_behavior-7dbf0c8bb94232ca-m0,solvability,0.24999999999999992,-0.07564730656189722
model_agnostic_replication_behavior-7dbf0c8bb94232ca-m1,solvability,0.31249999999999994,0.03235031732949123
model_agnostic_replication_behavior-7dc9e0188615299e-m0,information_sampling,3.625,1.9173450367465783
model_agnostic_replication_behavior-7dc9e0188615299e-m1,information_sampling,1.5000000000000002,-0.07962570196533925
model_agnostic_replication_behavior-7deddac5862f6699-m0,bandit,-6.375,-0.4275394824305161
model_agnostic_replication_behavior-7deddac5862f6699-m1,bandit,-7.0,-0.42407646956815737
model_agnostic_replication_behavior-7e0ef4bff9e5f7ab-m0,solvability,14.09375,11.805388169160592
model_agnostic_replication_behavior-7e0ef4bff9e5f7ab-m1,solvability,14.0,11.913385793051981
model_agnostic_replication_behavior-7e19d256b2019902-m0,effort,-1.5,1.7221110675696305
model_agnostic_replication_behavior-7e19d256b2019902-m1,effort,-3.125,1.3724116033928373
model_agnostic_replication_behavior-7e20c1a0154e2a17-m0,information_sampling,5.125,4.7153598483399435
model_agnostic_replication_behavior-7e20c1a0154e2a17-m1,information_sampling,3.5,2.7183891096280255
model_agnostic_replication_behavior-7e4eae92565179de-m0,waiting,3.25,0.5565859036843799
model_agnostic_replication_behavior-7e4eae92565179de-m1,waiting,3.125,0.5456113797839297
model_agnostic_replication_behavior-7e547d438d17fb8a-m0,information_sampling,5.125,6.584470007397556
model_agnostic_replication_behavior-7e547d438d17fb8a-m1,information_sampling,5.5,4.587499268685638
model_agnostic_replication_behavior-7e69952e9173a51d-m0,information_sampling,5.75,5.906856165523918
model_agnostic_replication_behavior-7e69952e9173a51d-m1,information_sampling,2.75,3.9098854268120005
model_agnostic_replication_behavior-7e809fe4ff9dcadf-m0,foraging,-2.375,-0.6364136320201658
model_agnostic_replication_behavior-7e809fe4ff9dcadf-m1,foraging,-1.25,-0.24493133394030286
model_agnostic_replication_behavior-7ee9e868a144ae58-m0,debugging,4.375,-0.49477165928717115
model_agnostic_replication_behavior-7ee9e868a144ae58-m1,debugging,4.75,0.9870761601389115
model_agnostic_replication_behavior-7efdd54072ab02af-m0,bandit,13.5625,9.36492443924735
model_agnostic_replication_behavior-7efdd54072ab02af-m1,bandit,11.0625,9.36838745210971
model_agnostic_replication_behavior-7f0a4c460e7cbfeb-m0,information_sampling,1.75,1.0671337528689278
model_agnostic_replication_behavior-7f0a4c460e7cbfeb-m1,information_sampling,1.0,-0.9298369858429898
model_agnostic_replication_behavior-7f2bc4ad955fd580-m0,foraging,-2.75,-2.559201667238862
model_agnostic_replication_behavior-7f2bc4ad955fd580-m1,foraging,-3.875,-2.167719369158999
model_agnostic_replication_behavior-7f538d0359a497ba-m0,information_sampling,4.375,4.908918597973539
model_agnostic_replication_behavior-7f538d0359a497ba-m1,information_sampling,2.375,2.911947859261622
model_agnostic_replication_behavior-7f6d95201f29366b-m0,information_sampling,3.375,5.363360820538458
model_agnostic_replication_behavior-7f6d95201f29366b-m1,information_sampling,2.875,3.36639008182654
model_agnostic_replication_behavior-7f78717e1f41f59f-m0,debugging,3.875,0.21238826978933556
model_agnostic_replication_behavior-7f78717e1f41f59f-m1,debugging,5.125,1.6942360892154182
model_agnostic_replication_behavior-7f9de09928c9ab9a-m0,waiting,2.5,1.04386878056583
model_agnostic_replication_behavior-7f9de09928c9ab9a-m1,waiting,2.0,1.0328942566653798
model_agnostic_replication_behavior-7f9fc634cc419e6f-m0,foraging,3.125,-0.8485937929070057
model_agnostic_replication_behavior-7f9fc634cc419e6f-m1,foraging,-0.8750000000000002,-0.45711149482714275
model_agnostic_replication_behavior-7fb61efa6ace05a1-m0,information_sampling,4.75,4.047914224779078
model_agnostic_replication_behavior-7fb61efa6ace05a1-m1,information_sampling,1.8749999999999998,2.0509434860671596
model_agnostic_replication_behavior-7ffbbc51ef21c0e2-m0,effort,4.625,1.7725537436160756
model_agnostic_replication_behavior-7ffbbc51ef21c0e2-m1,effort,3.875,1.4228542794392824
model_agnostic_replication_behavior-7ffe8ab5d72a9663-m0,foraging,-8.875,-8.209849771621043
model_agnostic_replication_behavior-7ffe8ab5d72a9663-m1,foraging,-6.5,-7.81836747354118
model_agnostic_replication_behavior-8015471af614ded2-m0,effort,0.7500000000000002,0.44949567644096733
model_agnostic_replication_behavior-8015471af614ded2-m1,effort,0.0,0.09979621226417423
model_agnostic_replication_behavior-802cd8e4c12e20d0-m0,waiting,8.75,7.107092711308441
model_agnostic_replication_behavior-802cd8e4c12e20d0-m1,waiting,8.875,7.09611818740799
model_agnostic_replication_behavior-802f4215ee9852f5-m0,foraging,-7.25,-7.959256647951937
model_agnostic_replication_behavior-802f4215ee9852f5-m1,foraging,-5.75,-7.567774349872073
model_agnostic_replication_behavior-8040a5718e387bb6-m0,waiting,7.5,6.306879115977077
model_agnostic_replication_behavior-8040a5718e387bb6-m1,waiting,8.75,6.295904592076627
model_agnostic_replication_behavior-804a60e016a9b3b7-m0,waiting,-0.25,0.5845554112735394
model_agnostic_replication_behavior-804a60e016a9b3b7-m1,waiting,1.25,0.573580887373089
model_agnostic_replication_behavior-8070f6a22f3150cf-m0,waiting,3.125,0.30243241033798496
model_agnostic_replication_behavior-8070f6a22f3150cf-m1,waiting,3.5,0.2914578864375341
model_agnostic_replication_behavior-80f3d96955e7bd42-m0,solvability,-11.25,-5.898163720937044
model_agnostic_replication_behavior-80f3d96955e7bd42-m1,solvability,-9.75,-5.790166097045655
model_agnostic_replication_behavior-810ee0ae0d727854-m0,foraging,-2.5,-4.359246112527809
model_agnostic_replication_behavior-810ee0ae0d727854-m1,foraging,-2.375,-3.967763814447945
model_agnostic_replication_behavior-811f4b237f731762-m0,information_sampling,2.875,4.350594300108579
model_agnostic_replication_behavior-811f4b237f731762-m1,information_sampling,0.24999999999999992,2.353623561396661
model_agnostic_replication_behavior-814161f3264a510b-m0,debugging,-6.875,-2.3499327761602813
model_agnostic_replication_behavior-814161f3264a510b-m1,debugging,-4.75,-0.8680849567341984
model_agnostic_replication_behavior-816f02164d924430-m0,effort,-0.37499999999999994,-0.9829249497832087
model_agnostic_replication_behavior-816f02164d924430-m1,effort,1.0,-1.3326244139600019
model_agnostic_replication_behavior-81974d01c7d53eaa-m0,debugging,2.125,-1.4101102576280682
model_agnostic_replication_behavior-81974d01c7d53eaa-m1,debugging,2.375,0.0717375617980145
model_agnostic_replication_behavior-81a6d0572e913dbc-m0,debugging,1.8749999999999998,-0.8270985728084874
model_agnostic_replication_behavior-81a6d0572e913dbc-m1,debugging,6.125,0.6547492466175953
model_agnostic_replication_behavior-8239e1788181f16a-m0,information_sampling,3.875,4.819322900417093
model_agnostic_replication_behavior-8239e1788181f16a-m1,information_sampling,-0.37499999999999994,2.8223521617051754
model_agnostic_replication_behavior-8257ef4c1a5afa5b-m0,effort,-2.0,-1.143021987277136
model_agnostic_replication_behavior-8257ef4c1a5afa5b-m1,effort,-1.125,-1.4927214514539293
model_agnostic_replication_behavior-827ae680f21a264f-m0,waiting,-3.25,-0.9405942727322028
model_agnostic_replication_behavior-827ae680f21a264f-m1,waiting,-4.125,-0.9515687966326534
model_agnostic_replication_behavior-82841f3749c3e09d-m0,waiting,7.75,8.288355170582326
model_agnostic_replication_behavior-82841f3749c3e09d-m1,waiting,8.125,8.277380646681875
model_agnostic_replication_behavior-829e61f0b159d79b-m0,foraging,-7.25,-4.071264550601599
model_agnostic_replication_behavior-829e61f0b159d79b-m1,foraging,-5.25,-3.679782252521735
model_agnostic_replication_behavior-82e430d00fb538df-m0,foraging,4.375,1.3443935687985689
model_agnostic_replication_behavior-82e430d00fb538df-m1,foraging,4.375,1.7358758668784326
model_agnostic_replication_behavior-8308e81e1cc52194-m0,waiting,2.0,1.702842241550635
model_agnostic_replication_behavior-8308e81e1cc52194-m1,waiting,4.0,1.6918677176501848
model_agnostic_replication_behavior-83606d5a5f38aac1-m0,solvability,-1.25,-0.8200639572872561
model_agnostic_replication_behavior-83606d5a5f38aac1-m1,solvability,-0.25,-0.7120663333958674
model_agnostic_replication_behavior-8371628625152169-m0,effort,0.24999999999999992,-1.5934146467513117
model_agnostic_replication_behavior-8371628625152169-m1,effort,0.37499999999999994,-1.9431141109281054
model_agnostic_replication_behavior-838f03c8120b6e6f-m0,debugging,-3.0,-3.4894678907142
model_agnostic_replication_behavior-838f03c8120b6e6f-m1,debugging,-2.625,-2.007620071288118
model_agnostic_replication_behavior-83a576f449544cd8-m0,debugging,0.125,0.08225441663172539
model_agnostic_replication_behavior-83a576f449544cd8-m1,debugging,2.25,1.564102236057808
model_agnostic_replication_behavior-843f04738d811d99-m0,information_sampling,4.125,5.581486059227304
model_agnostic_replication_behavior-843f04738d811d99-m1,information_sampling,3.75,3.5845153205153863
model_agnostic_replication_behavior-8496712c74c14d04-m0,bandit,11.0,2.838697987099685
model_agnostic_replication_behavior-8496712c74c14d04-m1,bandit,9.375,2.8421609999620436
model_agnostic_replication_behavior-8499f9b6854dd434-m0,solvability,11.0625,8.38268769302175
model_agnostic_replication_behavior-8499f9b6854dd434-m1,solvability,8.625,8.490685316913138
model_agnostic_replication_behavior-84c6e36d6754b188-m0,solvability,-6.25,-6.544034709483962
model_agnostic_replication_behavior-84c6e36d6754b188-m1,solvability,-6.125,-6.436037085592574
model_agnostic_replication_behavior-84e9cbbd3ae6a00d-m0,solvability,-6.125,-1.7824879014320543
model_agnostic_replication_behavior-84e9cbbd3ae6a00d-m1,solvability,-4.25,-1.6744902775406663
model_agnostic_replication_behavior-84f9d32d082ac8b0-m0,solvability,10.125,6.250610460394376
model_agnostic_replication_behavior-84f9d32d082ac8b0-m1,solvability,9.8125,6.358608084285764
model_agnostic_replication_behavior-852e97c84771f307-m0,solvability,7.5,3.5867975947144792
model_agnostic_replication_behavior-852e97c84771f307-m1,solvability,6.625,3.6947952186058677
model_agnostic_replication_behavior-8563a12cab96a6c3-m0,debugging,-6.0,-4.064363622405523
model_agnostic_replication_behavior-8563a12cab96a6c3-m1,debugging,-3.125,-2.5825158029794406
model_agnostic_replication_behavior-85a056b891976ef1-m0,foraging,3.5,1.1832558907201465
model_agnostic_replication_behavior-85a056b891976ef1-m1,foraging,2.125,1.5747381888000094
model_agnostic_replication_behavior-85a63dd95821a309-m0,debugging,-5.25,-4.303843895282897
model_agnostic_replication_behavior-85a63dd95821a309-m1,debugging,-2.875,-2.8219960758568154
model_agnostic_replication_behavior-85c452708cc1168a-m0,solvability,-3.875,4.841171416859645
model_agnostic_replication_behavior-85c452708cc1168a-m1,solvability,-4.0,4.949169040751033
model_agnostic_replication_behavior-85c7134ec7e7d6d4-m0,information_sampling,3.75,3.322111968888244
model_agnostic_replication_behavior-85c7134ec7e7d6d4-m1,information_sampling,2.125,1.3251412301763263
model_agnostic_replication_behavior-85c815fea8fe9546-m0,debugging,0.7500000000000002,0.4433409631216678
model_agnostic_replication_behavior-85c815fea8fe9546-m1,debugging,3.875,1.9251887825477505
model_agnostic_replication_behavior-85e0bb57a7d1b2f7-m0,debugging,-7.75,-8.997275163383987
model_agnostic_replication_behavior-85e0bb57a7d1b2f7-m1,debugging,-6.0,-7.515427343957905
model_agnostic_replication_behavior-85f0eb2913c070ff-m0,solvability,-6.75,-2.67433843494224
model_agnostic_replication_behavior-85f0eb2913c070ff-m1,solvability,-4.875,-2.5663408110508517
model_agnostic_replication_behavior-8614db787e50735a-m0,debugging,-6.625,-9.385975142619733
model_agnostic_replication_behavior-8614db787e50735a-m1,debugging,-6.25,-7.90412732319365
model_agnostic_replication_behavior-86a258624a866343-m0,information_sampling,0.125,2.2127288847233872
model_agnostic_replication_behavior-86a258624a866343-m1,information_sampling,-4.0,0.21575814601146948
model_agnostic_replication_behavior-86a79ffa565c8eb1-m0,bandit,11.75,9.238485093846872
model_agnostic_replication_behavior-86a79ffa565c8eb1-m1,bandit,7.75,9.24194810670923
model_agnostic_replication_behavior-86c1a3e477b7e561-m0,solvability,-5.0,-2.061985091438041
model_agnostic_replication_behavior-86c1a3e477b7e561-m1,solvability,-4.25,-1.9539874675466529
model_agnostic_replication_behavior-86ddbf5b4d870681-m0,solvability,-1.5,1.7417661203888588
model_agnostic_replication_behavior-86ddbf5b4d870681-m1,solvability,-2.625,1.8497637442802475
model_agnostic_replication_behavior-86fe1c960bed3975-m0,information_sampling,5.625,6.904325791153016
model_agnostic_replication_behavior-86fe1c960bed3975-m1,information_sampling,3.375,4.907355052441099
model_agnostic_replication_behavior-871f0867f35cba3e-m0,foraging,3.75,1.6211234188717274
model_agnostic_replication_behavior-871f0867f35cba3e-m1,foraging,3.5,2.012605716951591
model_agnostic_replication_behavior-872139abf35ae56a-m0,debugging,-7.5,-6.852282388487287
model_agnostic_replication_behavior-872139abf35ae56a-m1,debugging,-5.875,-5.370434569061205
model_agnostic_replication_behavior-87223f7a49720ff8-m0,information_sampling,3.375,-0.5993448996808795
model_agnostic_replication_behavior-87223f7a49720ff8-m1,information_sampling,-1.375,-2.596315638392797
model_agnostic_replication_behavior-872e56689b4820e1-m0,bandit,-0.6249999999999999,-0.1336275718199994
model_agnostic_replication_behavior-872e56689b4820e1-m1,bandit,-0.12500000000000006,-0.13016455895764067
model_agnostic_replication_behavior-873057abea8bad95-m0,effort,-1.875,-2.977144835055493
model_agnostic_replication_behavior-873057abea8bad95-m1,effort,-2.25,-3.3268442992322864
model_agnostic_replication_behavior-8741239493e254c4-m0,waiting,10.6875,9.683090443492935
model_agnostic_replication_behavior-8741239493e254c4-m1,waiting,11.0625,9.672115919592484
model_agnostic_replication_behavior-8762ccc6e18ef2d1-m0,information_sampling,4.0,2.3296594157771437
model_agnostic_replication_behavior-8762ccc6e18ef2d1-m1,information_sampling,0.7500000000000002,0.3326886770652262
model_agnostic_replication_behavior-8770501f99955137-m0,waiting,-2.625,0.19412559978948152
model_agnostic_replication_behavior-8770501f99955137-m1,waiting,-2.25,0.18315107588903068
model_agnostic_replication_behavior-87745bcdd9c550ad-m0,waiting,-0.6249999999999999,0.31094015856530977
model_agnostic_replication_behavior-87745bcdd9c550ad-m1,waiting,0.125,0.29996563466485915
model_agnostic_replication_behavior-87a1f5ea44ef8e5e-m0,waiting,4.125,1.8345271187036574
model_agnostic_replication_behavior-87a1f5ea44ef8e5e-m1,waiting,2.75,1.8235525948032068
model_agnostic_replication_behavior-87db99314b46e261-m0,debugging,2.25,-2.811093352225542
model_agnostic_replication_behavior-87db99314b46e261-m1,debugging,2.125,-1.32924553279946
model_agnostic_replication_behavior-87fd885692ec56e4-m0,effort,-1.7499999999999998,-2.942734579879898
model_agnostic_replication_behavior-87fd885692ec56e4-m1,effort,-2.75,-3.2924340440566913
model_agnostic_replication_behavior-88273fdf42d16f91-m0,solvability,-13.375,-12.893639953893954
model_agnostic_replication_behavior-88273fdf42d16f91-m1,solvability,-10.75,-12.785642330002565
model_agnostic_replication_behavior-88383952cacec0e1-m0,debugging,-6.5,-4.388198533320468
model_agnostic_replication_behavior-88383952cacec0e1-m1,debugging,-4.75,-2.9063507138943856
model_agnostic_replication_behavior-88645b74ac98537a-m0,solvability,-9.0625,-4.152184021905233
model_agnostic_replication_behavior-88645b74ac98537a-m1,solvability,-9.0625,-4.044186398013846
model_agnostic_replication_behavior-887cae22809dac85-m0,debugging,3.5,3.430709298876011
model_agnostic_replication_behavior-887cae22809dac85-m1,debugging,4.25,4.912557118302093
model_agnostic_replication_behavior-88dd8f0c7bd7c43b-m0,debugging,-5.125,-5.339247953783508
model_agnostic_replication_behavior-88dd8f0c7bd7c43b-m1,debugging,-5.375,-3.857400134357424
model_agnostic_replication_behavior-88efc09b6a7bf3fc-m0,bandit,13.1875,9.36492443924735
model_agnostic_replication_behavior-88efc09b6a7bf3fc-m1,bandit,11.25,9.36838745210971
model_agnostic_replication_behavior-8941fe31ec1b5be5-m0,foraging,1.265625,-2.5008752314108587
model_agnostic_replication_behavior-8941fe31ec1b5be5-m1,foraging,-1.08203125,-2.1093929333309953
model_agnostic_replication_behavior-895c4af500f38224-m0,foraging,5.25,1.0400792637319998
model_agnostic_replication_behavior-895c4af500f38224-m1,foraging,4.25,1.4315615618118631
model_agnostic_replication_behavior-896c2869bd9b341f-m0,bandit,-5.25,-0.28409803151018354
model_agnostic_replication_behavior-896c2869bd9b341f-m1,bandit,-7.0,-0.28063501864782436
model_agnostic_replication_behavior-89c924b46d169021-m0,bandit,-9.3125,-11.027809029253262
model_agnostic_replication_behavior-89c924b46d169021-m1,bandit,-9.25,-11.024346016390904
model_agnostic_replication_behavior-8a17b75061a9d5bd-m0,foraging,-6.375,-6.2239361740384505
model_agnostic_replication_behavior-8a17b75061a9d5bd-m1,foraging,-5.625,-5.832453875958587
model_agnostic_replication_behavior-8a6a66876f15098b-m0,foraging,3.0,4.083215744139006
model_agnostic_replication_behavior-8a6a66876f15098b-m1,foraging,1.8749999999999998,4.4746980422188685
model_agnostic_replication_behavior-8a7dbe7400604d2a-m0,foraging,-6.0,-1.3832097082285433
model_agnostic_replication_behavior-8a7dbe7400604d2a-m1,foraging,-5.125,-0.99172741014868
model_agnostic_replication_behavior-8aa677ad78c5e042-m0,information_sampling,-1.625,0.38763078620335767
model_agnostic_replication_behavior-8aa677ad78c5e042-m1,information_sampling,-4.5,-1.6093399525085599
model_agnostic_replication_behavior-8b6e712cfcb99475-m0,solvability,0.0,-3.25259252500899
model_agnostic_replication_behavior-8b6e712cfcb99475-m1,solvability,1.8749999999999998,-3.1445949011176015
model_agnostic_replication_behavior-8b9d1ff9ca72f0a9-m0,bandit,4.75,4.334179016028713
model_agnostic_replication_behavior-8b9d1ff9ca72f0a9-m1,bandit,3.625,4.3376420288910715
model_agnostic_replication_behavior-8c0ed3ebc30ac5f6-m0,effort,3.5,4.085554209199156
model_agnostic_replication_behavior-8c0ed3ebc30ac5f6-m1,effort,2.875,3.7358547450223627
model_agnostic_replication_behavior-8c25a45d0853a34e-m0,waiting,1.0,1.9329224070839452
model_agnostic_replication_behavior-8c25a45d0853a34e-m1,waiting,1.625,1.921947883183495
model_agnostic_replication_behavior-8c2e836fa92de8e0-m0,information_sampling,3.0,1.8395529455641297
model_agnostic_replication_behavior-8c2e836fa92de8e0-m1,information_sampling,-1.25,-0.15741779314778803
model_agnostic_replication_behavior-8c58c22e1df795ab-m0,effort,3.0,1.533556758763706
model_agnostic_replication_behavior-8c58c22e1df795ab-m1,effort,3.125,1.1838572945869128
model_agnostic_replication_behavior-8ca12c7a545cc141-m0,information_sampling,2.25,1.6876778859413957
model_agnostic_replication_behavior-8ca12c7a545cc141-m1,information_sampling,0.125,-0.3092928527705219
model_agnostic_replication_behavior-8cba254b8aaab3be-m0,waiting,3.5,4.066281361181614
model_agnostic_replication_behavior-8cba254b8aaab3be-m1,waiting,4.625,4.055306837281163
model_agnostic_replication_behavior-8cc3a7e2ce460e4b-m0,foraging,5.875,2.4122073062877347
model_agnostic_replication_behavior-8cc3a7e2ce460e4b-m1,foraging,4.75,2.8036896043675976
model_agnostic_replication_behavior-8cd01411a98f37d0-m0,effort,-1.7499999999999998,0.06615690433594756
model_agnostic_replication_behavior-8cd01411a98f37d0-m1,effort,-1.0000000000000002,-0.28354255984084586
model_agnostic_replication_behavior-8cdc19ba85f41421-m0,debugging,-1.25,2.6818470860303383
model_agnostic_replication_behavior-8cdc19ba85f41421-m1,debugging,5.125,4.1636949054564205
model_agnostic_replication_behavior-8cdca88468181c6b-m0,solvability,0.37499999999999994,1.7717500548855674
model_agnostic_replication_behavior-8cdca88468181c6b-m1,solvability,-0.5,1.8797476787769556
model_agnostic_replication_behavior-8cfd7c6039f9b231-m0,information_sampling,-0.6249999999999999,1.1642079473584337
model_agnostic_replication_behavior-8cfd7c6039f9b231-m1,information_sampling,-3.75,-0.8327627913534839
model_agnostic_replication_behavior-8d3afb06ca5dd287-m0,debugging,6.0,2.065069245304843
model_agnostic_replication_behavior-8d3afb06ca5dd287-m1,debugging,6.875,3.5469170647309247
model_agnostic_replication_behavior-8da7d4f7221253e4-m0,waiting,8.125,8.997772418095323
model_agnostic_replication_behavior-8da7d4f7221253e4-m1,waiting,7.5,8.986797894194874
model_agnostic_replication_behavior-8e048d5d9cbb5392-m0,foraging,-7.25,-7.946841391783339
model_agnostic_replication_behavior-8e048d5d9cbb5392-m1,foraging,-5.625,-7.5553590937034745
model_agnostic_replication_behavior-8e3ed71ecd2baf83-m0,effort,-6.0,-6.551638501150441
model_agnostic_replication_behavior-8e3ed71ecd2baf83-m1,effort,-5.75,-6.901337965327233
model_agnostic_replication_behavior-8eca6891b5053ee0-m0,solvability,-0.796875,9.827238355441814
model_agnostic_replication_behavior-8eca6891b5053ee0-m1,solvability,2.2265625,9.935235979333202
model_agnostic_replication_behavior-8f03ea675e166621-m0,debugging,-8.125,-8.982915547855187
model_agnostic_replication_behavior-8f03ea675e166621-m1,debugging,-6.75,-7.5010677284291045
model_agnostic_replication_behavior-8f7f8b18db70814f-m0,bandit,7.875,3.1359653943311883
model_agnostic_replication_behavior-8f7f8b18db70814f-m1,bandit,5.125,3.1394284071935474
model_agnostic_replication_behavior-8fa36f874d5b0734-m0,foraging,-2.25,-4.241689151784927
model_agnostic_replication_behavior-8fa36f874d5b0734-m1,foraging,-2.25,-3.8502068537050635
model_agnostic_replication_behavior-8fb4200075fe0ca0-m0,waiting,6.875,6.319267563095895
model_agnostic_replication_behavior-8fb4200075fe0ca0-m1,waiting,7.125,6.308293039195445
model_agnostic_replication_behavior-8fde63d1a4551c6c-m0,bandit,4.625,1.0576673239111154
model_agnostic_replication_behavior-8fde63d1a4551c6c-m1,bandit,3.125,1.0611303367734743
model_agnostic_replication_behavior-9057e940f679976c-m0,waiting,1.625,1.1520422832313302
model_agnostic_replication_behavior-9057e940f679976c-m1,waiting,1.25,1.1410677593308798
model_agnostic_replication_behavior-90791564e411c004-m0,waiting,0.84375,3.715274802437828
model_agnostic_replication_behavior-90791564e411c004-m1,waiting,-0.951171875,3.704300278537378
model_agnostic_replication_behavior-907c8f0bd5be6667-m0,solvability,-5.0,-1.36895806738829
model_agnostic_replication_behavior-907c8f0bd5be6667-m1,solvability,-4.5,-1.2609604434969015
model_agnostic_replication_behavior-909660514f3153a5-m0,bandit,6.25,2.3281485175215986
model_agnostic_replication_behavior-909660514f3153a5-m1,bandit,7.125,2.3316115303839573
model_agnostic_replication_behavior-909af838dcffe1b6-m0,information_sampling,4.0,4.914670826374563
model_agnostic_replication_behavior-909af838dcffe1b6-m1,information_sampling,3.25,2.9177000876626447
model_agnostic_replication_behavior-90e1492ac577f394-m0,information_sampling,0.125,0.46890626211888886
model_agnostic_replication_behavior-90e1492ac577f394-m1,information_sampling,-1.375,-1.5280644765930287
model_agnostic_replication_behavior-9109c64cd8fe773d-m0,information_sampling,-2.125,-0.6705374187819162
model_agnostic_replication_behavior-9109c64cd8fe773d-m1,information_sampling,-3.625,-2.6675081574938337
model_agnostic_replication_behavior-9130cafb11c03530-m0,effort,1.625,0.44364126617714716
model_agnostic_replication_behavior-9130cafb11c03530-m1,effort,1.3750000000000002,0.09394180200035385
model_agnostic_replication_behavior-9132f46398eaa9b5-m0,debugging,-0.6249999999999999,-1.547981711968073
model_agnostic_replication_behavior-9132f46398eaa9b5-m1,debugging,-0.7500000000000001,-0.06613389254199009
model_agnostic_replication_behavior-91910af602b31227-m0,solvability,-7.75,-5.965278924195024
model_agnostic_replication_behavior-91910af602b31227-m1,solvability,-6.75,-5.857281300303635
model_agnostic_replication_behavior-91b0d75dc4c13ada-m0,debugging,-10.1875,-10.657045314250388
model_agnostic_replication_behavior-91b0d75dc4c13ada-m1,debugging,-8.125,-9.175197494824305
model_agnostic_replication_behavior-91c1aef5e447ce11-m0,solvability,-2.0,1.5028027360820166
model_agnostic_replication_behavior-91c1aef5e447ce11-m1,solvability,-2.375,1.610800359973405
model_agnostic_replication_behavior-91c6e602b0c01804-m0,bandit,14.78125,8.42453565095376
model_agnostic_replication_behavior-91c6e602b0c01804-m1,bandit,12.125,8.427998663816119
model_agnostic_replication_behavior-91f59b669041a2e2-m0,foraging,-7.0,-3.5253659303182885
model_agnostic_replication_behavior-91f59b669041a2e2-m1,foraging,-4.625,-3.133883632238425
model_agnostic_replication_behavior-921010f9ad03cf66-m0,effort,8.5,8.275611479995694
model_agnostic_replication_behavior-921010f9ad03cf66-m1,effort,5.375,7.9259120158189
model_agnostic_replication_behavior-92949dfabd4a95d3-m0,foraging,-3.25,-4.692894697381108
model_agnostic_replication_behavior-92949dfabd4a95d3-m1,foraging,-3.625,-4.3014123993012445
model_agnostic_replication_behavior-929e5774568dea1e-m0,waiting,6.75,2.8964931479433393
model_agnostic_replication_behavior-929e5774568dea1e-m1,waiting,6.125,2.8855186240428896
model_agnostic_replication_behavior-92c878938a91436d-m0,foraging,-6.375,-4.564432176447589
model_agnostic_replication_behavior-92c878938a91436d-m1,foraging,-6.375,-4.172949878367725
model_agnostic_replication_behavior-92dd0c4db7516cde-m0,bandit,12.5625,9.636390243524378
model_agnostic_replication_behavior-92dd0c4db7516cde-m1,bandit,10.8125,9.639853256386736
model_agnostic_replication_behavior-92f029d7f7220a24-m0,solvability,0.4375,1.4808953486809295
model_agnostic_replication_behavior-92f029d7f7220a24-m1,solvability,2.1796875,1.588892972572318
model_agnostic_replication_behavior-93143c7a2ed4d153-m0,foraging,-4.0,-1.8698139969485266
model_agnostic_replication_behavior-93143c7a2ed4d153-m1,foraging,-4.25,-1.4783316988686632
model_agnostic_replication_behavior-932bbe9f5d3af2f6-m0,solvability,9.0,9.585224803046763
model_agnostic_replication_behavior-932bbe9f5d3af2f6-m1,solvability,8.0,9.693222426938153
model_agnostic_replication_behavior-932fe3d68830cb04-m0,debugging,-5.25,-5.708059611754878
model_agnostic_replication_behavior-932fe3d68830cb04-m1,debugging,-5.75,-4.226211792328796
model_agnostic_replication_behavior-93801b0bb9ba2537-m0,effort,-7.0,-4.950624691706694
model_agnostic_replication_behavior-93801b0bb9ba2537-m1,effort,-5.375,-5.300324155883487
model_agnostic_replication_behavior-939645d368133f1d-m0,solvability,-0.5,-0.6523536944473829
model_agnostic_replication_behavior-939645d368133f1d-m1,solvability,1.3750000000000002,-0.5443560705559942
model_agnostic_replication_behavior-93b9f402dda225b8-m0,debugging,5.25,1.349000391371515
model_agnostic_replication_behavior-93b9f402dda225b8-m1,debugging,7.0,2.8308482107975976
model_agnostic_replication_behavior-93ce1981bf9aa5e4-m0,debugging,-2.125,-2.7294602683392264
model_agnostic_replication_behavior-93ce1981bf9aa5e4-m1,debugging,1.75,-1.2476124489131437
model_agnostic_replication_behavior-940216dadcef438f-m0,solvability,10.875,12.52156496973757
model_agnostic_replication_behavior-940216dadcef438f-m1,solvability,9.4375,12.62956259362896
model_agnostic_replication_behavior-943e06a2e433449d-m0,debugging,-4.5,-3.2390177177643222
model_agnostic_replication_behavior-943e06a2e433449d-m1,debugging,-3.625,-1.7571698983382398
model_agnostic_replication_behavior-94d5189ecf9f261e-m0,effort,4.5,2.388772493534103
model_agnostic_replication_behavior-94d5189ecf9f261e-m1,effort,3.25,2.0390730293573096
model_agnostic_replication_behavior-94fdc15e7d111af0-m0,information_sampling,3.625,2.8785801490746525
model_agnostic_replication_behavior-94fdc15e7d111af0-m1,information_sampling,2.875,0.881609410362735
model_agnostic_replication_behavior-953123a0db7ca236-m0,solvability,-7.75,-5.936706960853986
model_agnostic_replication_behavior-953123a0db7ca236-m1,solvability,-6.625,-5.828709336962598
model_agnostic_replication_behavior-95412ce9ae65716b-m0,information_sampling,5.5,6.054372627995692
model_agnostic_replication_behavior-95412ce9ae65716b-m1,information_sampling,4.125,4.057401889283774
model_agnostic_replication_behavior-95873de7cd3d23de-m0,bandit,-10.4375,-8.164761041948461
model_agnostic_replication_behavior-95873de7cd3d23de-m1,bandit,-9.5,-8.161298029086101
model_agnostic_replication_behavior-95b680d128a853a9-m0,information_sampling,3.5,2.5794276514969
model_agnostic_replication_behavior-95b680d128a853a9-m1,information_sampling,2.5,0.5824569127849828
model_agnostic_replication_behavior-95da16659b84d784-m0,foraging,-2.375,-3.2972872716579946
model_agnostic_replication_behavior-95da16659b84d784-m1,foraging,-3.75,-2.9058049735781313
model_agnostic_replication_behavior-95e440023b1ebb1f-m0,effort,5.0,3.372978552633068
model_agnostic_replication_behavior-95e440023b1ebb1f-m1,effort,3.625,3.023279088456275
model_agnostic_replication_behavior-95e617c92e56e841-m0,debugging,-3.5,-3.6105708347598298
model_agnostic_replication_behavior-95e617c92e56e841-m1,debugging,-4.0,-2.128723015333747
model_agnostic_replication_behavior-96095fa185c5c1c0-m0,information_sampling,5.875,4.266039463467922
model_agnostic_replication_behavior-96095fa185c5c1c0-m1,information_sampling,2.75,2.269068724756005
model_agnostic_replication_behavior-961abfe551bb6108-m0,solvability,6.875,6.2644184944357075
model_agnostic_replication_behavior-961abfe551bb6108-m1,solvability,5.75,6.372416118327097
model_agnostic_replication_behavior-962029f791192c33-m0,debugging,6.125,3.456615079389912
model_agnostic_replication_behavior-962029f791192c33-m1,debugging,5.75,4.938462898815995
model_agnostic_replication_behavior-962db6b812456f5d-m0,information_sampling,4.375,5.53595826254247
model_agnostic_replication_behavior-962db6b812456f5d-m1,information_sampling,2.875,3.538987523830553
model_agnostic_replication_behavior-964dac0b013bf256-m0,effort,-7.625,-8.83260602914826
model_agnostic_replication_behavior-964dac0b013bf256-m1,effort,-7.125,-9.182305493325053
model_agnostic_replication_behavior-96f1e769eb5b8372-m0,waiting,4.875,5.070586822608163
model_agnostic_replication_behavior-96f1e769eb5b8372-m1,waiting,6.25,5.059612298707712
model_agnostic_replication_behavior-972b66ffefbc58ac-m0,effort,2.125,0.4335917644377607
model_agnostic_replication_behavior-972b66ffefbc58ac-m1,effort,3.5,0.0838923002609675
model_agnostic_replication_behavior-97ac23df9331762d-m0,bandit,-5.75,0.2738815613912302
model_agnostic_replication_behavior-97ac23df9331762d-m1,bandit,-4.875,0.2773445742535894
model_agnostic_replication_behavior-97cb3c12a9e70a5d-m0,bandit,7.0,11.124774552005043
model_agnostic_replication_behavior-97cb3c12a9e70a5d-m1,bandit,1.8749999999999998,11.128237564867401
model_agnostic_replication_behavior-97e1c464d9f2e8a2-m0,solvability,9.8125,7.66329202547324
model_agnostic_replication_behavior-97e1c464d9f2e8a2-m1,solvability,8.5,7.771289649364628
model_agnostic_replication_behavior-983b5f4ff11deda5-m0,waiting,-3.0,-1.3410388274624339
model_agnostic_replication_behavior-983b5f4ff11deda5-m1,waiting,0.125,-1.352013351362884
model_agnostic_replication_behavior-985158d05210a378-m0,solvability,-1.6875,8.377613317640147
model_agnostic_replication_behavior-985158d05210a378-m1,solvability,3.625,8.485610941531537
model_agnostic_replication_behavior-98ac3a18dd836478-m0,effort,-8.25,-9.087833329655052
model_agnostic_replication_behavior-98ac3a18dd836478-m1,effort,-7.5,-9.437532793831846
model_agnostic_replication_behavior-98bf3931bb091378-m0,effort,4.125,6.08005058405081
model_agnostic_replication_behavior-98bf3931bb091378-m1,effort,3.25,5.730351119874017
model_agnostic_replication_behavior-98d8a6a4cc352c8c-m0,effort,3.25,2.87047279721428
model_agnostic_replication_behavior-98d8a6a4cc352c8c-m1,effort,3.0,2.5207733330374866
model_agnostic_replication_behavior-98fbbadb3babd210-m0,solvability,-1.875,-1.5519661206540964
model_agnostic_replication_behavior-98fbbadb3babd210-m1,solvability,-2.125,-1.443968496762708
model_agnostic_replication_behavior-991f73eafb590c66-m0,information_sampling,4.5,3.0031244817007763
model_agnostic_replication_behavior-991f73eafb590c66-m1,information_sampling,2.25,1.0061537429888587
model_agnostic_replication_behavior-9962edd9c458d9a2-m0,effort,-1.875,0.6279069303624158
model_agnostic_replication_behavior-9962edd9c458d9a2-m1,effort,-2.375,0.27820746618562264
model_agnostic_replication_behavior-99f2daa110117c04-m0,foraging,6.5,0.8089526299374813
model_agnostic_replication_behavior-99f2daa110117c04-m1,foraging,4.625,1.2004349280173452
model_agnostic_replication_behavior-9a1596ca31abdd1c-m0,debugging,7.875,5.837374832845203
model_agnostic_replication_behavior-9a1596ca31abdd1c-m1,debugging,7.875,7.319222652271286
model_agnostic_replication_behavior-9a70bea2c4823d6a-m0,debugging,-4.375,-2.597271677323196
model_agnostic_replication_behavior-9a70bea2c4823d6a-m1,debugging,-3.75,-1.1154238578971132
model_agnostic_replication_behavior-9acfa11177e7197c-m0,bandit,6.875,3.0997736479601032
model_agnostic_replication_behavior-9acfa11177e7197c-m1,bandit,5.125,3.1032366608224615
model_agnostic_replication_behavior-9aff574db7ef5326-m0,effort,6.75,5.868255983617159
model_agnostic_replication_behavior-9aff574db7ef5326-m1,effort,5.625,5.518556519440366
model_agnostic_replication_behavior-9b7a7d2eb83bfc0d-m0,effort,-3.5,-2.650928152694875
model_agnostic_replication_behavior-9b7a7d2eb83bfc0d-m1,effort,-3.5,-3.000627616871668
model_agnostic_replication_behavior-9b88ae29f5fdb0b9-m0,information_sampling,-2.125,-1.2761580456982884
model_agnostic_replication_behavior-9b88ae29f5fdb0b9-m1,information_sampling,-2.875,-3.273128784410205
model_agnostic_replication_behavior-9bb5425203a908c0-m0,information_sampling,3.0,2.0360201220836602
model_agnostic_replication_behavior-9bb5425203a908c0-m1,information_sampling,-1.0000000000000002,0.039049383371742685
model_agnostic_replication_behavior-9bbf7d96242c0cea-m0,waiting,9.75,7.289695588121844
model_agnostic_replication_behavior-9bbf7d96242c0cea-m1,waiting,9.625,7.2787210642213935
model_agnostic_replication_behavior-9c6a917136a18bfd-m0,foraging,-6.0,-9.93434440981781
model_agnostic_replication_behavior-9c6a917136a18bfd-m1,foraging,-5.25,-9.542862111737946
model_agnostic_replication_behavior-9c8b8e260b68c5e5-m0,information_sampling,3.0,4.474745207375071
model_agnostic_replication_behavior-9c8b8e260b68c5e5-m1,information_sampling,2.5,2.4777744686631538
model_agnostic_replication_behavior-9c943d622162c74b-m0,bandit,9.0,12.79397099503107
model_agnostic_replication_behavior-9c943d622162c74b-m1,bandit,6.25,12.797434007893429
model_agnostic_replication_behavior-9c9d58145cda3fb9-m0,debugging,-0.12500000000000006,-2.4917057353954797
model_agnostic_replication_behavior-9c9d58145cda3fb9-m1,debugging,4.125,-1.009857915969397
model_agnostic_replication_behavior-9ca849977a72c42c-m0,foraging,-5.625,-8.0889712599333
model_agnostic_replication_behavior-9ca849977a72c42c-m1,foraging,-4.875,-7.697488961853439
model_agnostic_replication_behavior-9cd00b1dbe5b6f3a-m0,waiting,-1.25,0.7982230354467597
model_agnostic_replication_behavior-9cd00b1dbe5b6f3a-m1,waiting,1.125,0.787248511546309
model_agnostic_replication_behavior-9cd2e9af61da6148-m0,bandit,-5.75,-5.122559253371963
model_agnostic_replication_behavior-9cd2e9af61da6148-m1,bandit,-7.375,-5.119096240509604
model_agnostic_replication_behavior-9cfb4e82e10d17f2-m0,effort,7.25,6.040031586326039
model_agnostic_replication_behavior-9cfb4e82e10d17f2-m1,effort,5.625,5.690332122149246
model_agnostic_replication_behavior-9d936d7ce8fd8248-m0,solvability,6.375,5.256021288159772
model_agnostic_replication_behavior-9d936d7ce8fd8248-m1,solvability,5.5,5.3640189120511605
model_agnostic_replication_behavior-9da819f437196ebd-m0,bandit,7.5,1.2772278533752242
model_agnostic_replication_behavior-9da819f437196ebd-m1,bandit,6.25,1.2806908662375833
model_agnostic_replication_behavior-9dbe0bb02f11a68a-m0,bandit,-8.25,-2.291899018682068
model_agnostic_replication_behavior-9dbe0bb02f11a68a-m1,bandit,-7.0,-2.2884360058197086
model_agnostic_replication_behavior-9ddb551eee3445fe-m0,foraging,-5.25,-1.3021529937127219
model_agnostic_replication_behavior-9ddb551eee3445fe-m1,foraging,-4.75,-0.9106706956328583
model_agnostic_replication_behavior-9e2867fdf9c03a91-m0,foraging,-8.75,-6.77228026564812
model_agnostic_replication_behavior-9e2867fdf9c03a91-m1,foraging,-5.5,-6.380797967568257
model_agnostic_replication_behavior-9e5b10b6c844f2d6-m0,waiting,4.75,5.355696822236501
model_agnostic_replication_behavior-9e5b10b6c844f2d6-m1,waiting,5.0,5.344722298336051
model_agnostic_replication_behavior-9e73d89a206ad669-m0,solvability,6.75,1.2850896276121524
model_agnostic_replication_behavior-9e73d89a206ad669-m1,solvability,2.75,1.3930872515035408
model_agnostic_replication_behavior-9e97352117542735-m0,effort,-6.375,-3.901755105508295
model_agnostic_replication_behavior-9e97352117542735-m1,effort,-6.0,-4.251454569685088
model_agnostic_replication_behavior-9ead76575469d6e8-m0,bandit,1.8749999999999998,-1.393834542843085
model_agnostic_replication_behavior-9ead76575469d6e8-m1,bandit,-0.37499999999999994,-1.390371529980726
model_agnostic_replication_behavior-9f1d78f5eb0ec35b-m0,solvability,0.125,3.998577996939348
model_agnostic_replication_behavior-9f1d78f5eb0ec35b-m1,solvability,1.75,4.1065756208307365
model_agnostic_replication_behavior-9f62e32d4455892b-m0,waiting,5.125,3.188548171931608
model_agnostic_replication_behavior-9f62e32d4455892b-m1,waiting,5.875,3.1775736480311574
model_agnostic_replication_behavior-9f6397cb681673b4-m0,effort,1.73046875,-1.8720957184830131
model_agnostic_replication_behavior-9f6397cb681673b4-m1,effort,-0.84765625,-2.2217951826598066
model_agnostic_replication_behavior-9f919fcbeaf46708-m0,debugging,-4.625,-3.884179236469854
model_agnostic_replication_behavior-9f919fcbeaf46708-m1,debugging,-4.125,-2.4023314170437713
model_agnostic_replication_behavior-9ff975f1cc400fc2-m0,foraging,5.75,2.833387855141958
model_agnostic_replication_behavior-9ff975f1cc400fc2-m1,foraging,5.25,3.2248701532218207
model_agnostic_replication_behavior-a0033973ccb4233d-m0,solvability,1.625,-1.2038820128563226
model_agnostic_replication_behavior-a0033973ccb4233d-m1,solvability,2.375,-1.0958843889649343
model_agnostic_replication_behavior-a00dba40d5edb6e1-m0,debugging,-0.6249999999999999,-2.080384686798721
model_agnostic_replication_behavior-a00dba40d5edb6e1-m1,debugging,1.25,-0.5985368673726383
model_agnostic_replication_behavior-a015e265c1b07c99-m0,information_sampling,2.625,4.519576348788623
model_agnostic_replication_behavior-a015e265c1b07c99-m1,information_sampling,2.875,2.522605610076705
model_agnostic_replication_behavior-a01d1c9bb5374f11-m0,information_sampling,-0.12500000000000006,-0.3299684451550453
model_agnostic_replication_behavior-a01d1c9bb5374f11-m1,information_sampling,-1.875,-2.326939183866963
model_agnostic_replication_behavior-a0205177286385ca-m0,foraging,-5.375,-7.601399075477993
model_agnostic_replication_behavior-a0205177286385ca-m1,foraging,-5.125,-7.2099167773981305
model_agnostic_replication_behavior-a0238357b16d73f4-m0,effort,-7.75,-9.35592664849647
model_agnostic_replication_behavior-a0238357b16d73f4-m1,effort,-6.375,-9.705626112673261
model_agnostic_replication_behavior-a02cd2dd4809b113-m0,information_sampling,1.625,0.7891520759171113
model_agnostic_replication_behavior-a02cd2dd4809b113-m1,information_sampling,-2.5,-1.2078186627948053
model_agnostic_replication_behavior-a03911b6efb1a567-m0,effort,5.25,2.8490550400542745
model_agnostic_replication_behavior-a03911b6efb1a567-m1,effort,4.25,2.4993555758774813
model_agnostic_replication_behavior-a0614c4eed4fc20f-m0,foraging,5.125,0.26757772890971576
model_agnostic_replication_behavior-a0614c4eed4fc20f-m1,foraging,4.5,0.6590600269895791
model_agnostic_replication_behavior-a07f0ac9de5a69dd-m0,debugging,-5.75,-4.717659181941036
model_agnostic_replication_behavior-a07f0ac9de5a69dd-m1,debugging,-4.75,-3.2358113625149536
model_agnostic_replication_behavior-a0e421a8a8bb7800-m0,debugging,-8.375,-7.735744229326254
model_agnostic_replication_behavior-a0e421a8a8bb7800-m1,debugging,-6.375,-6.253896409900172
model_agnostic_replication_behavior-a0fcd1f9e1a4e0ba-m0,debugging,-2.875,-1.6565214918016793
model_agnostic_replication_behavior-a0fcd1f9e1a4e0ba-m1,debugging,0.0,-0.1746736723755964
model_agnostic_replication_behavior-a1117ec1dbda2a69-m0,waiting,0.24999999999999992,1.1520422832313302
model_agnostic_replication_behavior-a1117ec1dbda2a69-m1,waiting,0.7500000000000002,1.1410677593308798
model_agnostic_replication_behavior-a12f808134e721d4-m0,effort,-5.0,-5.16874514689474
model_agnostic_replication_behavior-a12f808134e721d4-m1,effort,-5.125,-5.5184446110715335
model_agnostic_replication_behavior-a15aa4c14e33ca93-m0,solvability,8.5,8.520449330155502
model_agnostic_replication_behavior-a15aa4c14e33ca93-m1,solvability,8.6875,8.628446954046892
model_agnostic_replication_behavior-a174e27c2c3bead6-m0,solvability,6.75,5.661629784453954
model_agnostic_replication_behavior-a174e27c2c3bead6-m1,solvability,7.125,5.769627408345342
model_agnostic_replication_behavior-a175f8adb410af7b-m0,foraging,4.0,0.23028407158094089
model_agnostic_replication_behavior-a175f8adb410af7b-m1,foraging,1.75,0.6217663696608046
model_agnostic_replication_behavior-a17642a3c59fe982-m0,foraging,-3.125,-3.7711988149495377
model_agnostic_replication_behavior-a17642a3c59fe982-m1,foraging,-3.125,-3.3797165168696743
model_agnostic_replication_behavior-a1a371ca0205f3b5-m0,solvability,10.875,9.863233122492737
model_agnostic_replication_behavior-a1a371ca0205f3b5-m1,solvability,9.625,9.971230746384125
model_agnostic_replication_behavior-a1a540ac216b53e9-m0,information_sampling,5.0,4.171054614988384
model_agnostic_replication_behavior-a1a540ac216b53e9-m1,information_sampling,4.25,2.1740838762764656
model_agnostic_replication_behavior-a27d12ee74eb009d-m0,effort,-1.375,-0.6498165858038747
model_agnostic_replication_behavior-a27d12ee74eb009d-m1,effort,-2.625,-0.9995160499806679
model_agnostic_replication_behavior-a2852f751614d7a1-m0,waiting,8.125,9.519887106732405
model_agnostic_replication_behavior-a2852f751614d7a1-m1,waiting,8.25,9.508912582831956
model_agnostic_replication_behavior-a308d567384b758e-m0,waiting,3.875,-0.11741168444512029
model_agnostic_replication_behavior-a308d567384b758e-m1,waiting,4.375,-0.12838620834557068
model_agnostic_replication_behavior-a31319d2f11fc6a4-m0,information_sampling,-1.5,-0.9278158095560238
model_agnostic_replication_behavior-a31319d2f11fc6a4-m1,information_sampling,-2.5,-2.9247865482679414
model_agnostic_replication_behavior-a32a2569c8a971ff-m0,foraging,2.625,-0.5896870555388559
model_agnostic_replication_behavior-a32a2569c8a971ff-m1,foraging,3.5,-0.19820475745899213
model_agnostic_replication_behavior-a377c64c042c97fa-m0,bandit,2.875,4.234327433465596
model_agnostic_replication_behavior-a377c64c042c97fa-m1,bandit,4.375,4.2377904463279545
model_agnostic_replication_behavior-a3a86d0cdc3cad93-m0,solvability,6.625,8.852566788959287
model_agnostic_replication_behavior-a3a86d0cdc3cad93-m1,solvability,5.875,8.960564412850676
model_agnostic_replication_behavior-a3a93cc6e9169fa3-m0,information_sampling,2.125,1.758829237294371
model_agnostic_replication_behavior-a3a93cc6e9169fa3-m1,information_sampling,0.8750000000000001,-0.23814150141754653
model_agnostic_replication_behavior-a3c0f6578ab20b83-m0,information_sampling,3.875,5.631889931383903
model_agnostic_replication_behavior-a3c0f6578ab20b83-m1,information_sampling,2.75,3.6349191926719855
model_agnostic_replication_behavior-a3cfb7159fafdec6-m0,debugging,5.125,4.539748871973128
model_agnostic_replication_behavior-a3cfb7159fafdec6-m1,debugging,5.75,6.0215966913992105
model_agnostic_replication_behavior-a42ca42c513b241a-m0,solvability,-6.625,-6.852664699008844
model_agnostic_replication_behavior-a42ca42c513b241a-m1,solvability,-5.5,-6.744667075117455
model_agnostic_replication_behavior-a451b64017f24c80-m0,waiting,9.0,10.91180969060223
model_agnostic_replication_behavior-a451b64017f24c80-m1,waiting,8.625,10.900835166701778
model_agnostic_replication_behavior-a4613ac8506c78c0-m0,debugging,4.5,1.0884981660189883
model_agnostic_replication_behavior-a4613ac8506c78c0-m1,debugging,6.125,2.570345985445071
model_agnostic_replication_behavior-a46f5360fc23da31-m0,debugging,-2.375,1.5913654099004408
model_agnostic_replication_behavior-a46f5360fc23da31-m1,debugging,1.8749999999999998,3.0732132293265235
model_agnostic_replication_behavior-a47fbfe4b3b204ba-m0,solvability,-12.625,-12.8307907215053
model_agnostic_replication_behavior-a47fbfe4b3b204ba-m1,solvability,-9.5625,-12.722793097613911
model_agnostic_replication_behavior-a487512d9591d2b5-m0,bandit,-11.4375,-9.71007478812167
model_agnostic_replication_behavior-a487512d9591d2b5-m1,bandit,-9.875,-9.70661177525931
model_agnostic_replication_behavior-a4c54bc3ec62e053-m0,information_sampling,3.5,2.3835908656854943
model_agnostic_replication_behavior-a4c54bc3ec62e053-m1,information_sampling,-0.8750000000000002,0.3866201269735767
model_agnostic_replication_behavior-a4e37f63ffad0136-m0,waiting,6.5,4.354204049850738
model_agnostic_replication_behavior-a4e37f63ffad0136-m1,waiting,6.375,4.343229525950288
model_agnostic_replication_behavior-a4fbc588f4f2f1c1-m0,bandit,1.021484375,-2.2024375795355633
model_agnostic_replication_behavior-a4fbc588f4f2f1c1-m1,bandit,-1.306640625,-2.198974566673204
model_agnostic_replication_behavior-a528e71ab9d6cfb9-m0,information_sampling,-1.25,1.6644918283940875
model_agnostic_replication_behavior-a528e71ab9d6cfb9-m1,information_sampling,-3.0,-0.33247891031783006
model_agnostic_replication_behavior-a52df98b57929acf-m0,bandit,5.375,-0.7021827888465766
model_agnostic_replication_behavior-a52df98b57929acf-m1,bandit,-1.7499999999999998,-0.6987197759842176
model_agnostic_replication_behavior-a543d323f11e92dd-m0,waiting,3.625,2.0817355876901225
model_agnostic_replication_behavior-a543d323f11e92dd-m1,waiting,3.5,2.0707610637896723
model_agnostic_replication_behavior-a5a6f09268e89b34-m0,information_sampling,3.5,0.07667468225160778
model_agnostic_replication_behavior-a5a6f09268e89b34-m1,information_sampling,-2.125,-1.9202960564603098
model_agnostic_replication_behavior-a5c3d29c9fb7e4dc-m0,foraging,-6.125,-5.496513581334252
model_agnostic_replication_behavior-a5c3d29c9fb7e4dc-m1,foraging,-4.5,-5.105031283254387
model_agnostic_replication_behavior-a5ce8bd5b16bf8f7-m0,information_sampling,-1.625,0.14543518430790797
model_agnostic_replication_behavior-a5ce8bd5b16bf8f7-m1,information_sampling,-4.5,-1.8515355544040093
model_agnostic_replication_behavior-a5e146830253c8b8-m0,debugging,-1.2385406494140625,-3.284784697928977
model_agnostic_replication_behavior-a5e146830253c8b8-m1,debugging,-0.21459960937499997,-1.8029368785028943
model_agnostic_replication_behavior-a646ebd939cd594b-m0,waiting,5.875,7.118587458228549
model_agnostic_replication_behavior-a646ebd939cd594b-m1,waiting,5.875,7.107612934328099
model_agnostic_replication_behavior-a68d3e0aa669146a-m0,solvability,5.625,4.211826346712845
model_agnostic_replication_behavior-a68d3e0aa669146a-m1,solvability,4.75,4.319823970604234
model_agnostic_replication_behavior-a69e531dd13ba571-m0,waiting,5.5,7.489055776334171
model_agnostic_replication_behavior-a69e531dd13ba571-m1,waiting,5.625,7.478081252433721
model_agnostic_replication_behavior-a6c9a1b963478f89-m0,information_sampling,4.25,2.9840963926133433
model_agnostic_replication_behavior-a6c9a1b963478f89-m1,information_sampling,3.0,0.9871256539014257
model_agnostic_replication_behavior-a6d80956f32032cf-m0,debugging,-3.5,-2.32297623146306
model_agnostic_replication_behavior-a6d80956f32032cf-m1,debugging,-0.8750000000000002,-0.8411284120369773
model_agnostic_replication_behavior-a6ed1397d814db82-m0,waiting,10.75,8.681618171991667
model_agnostic_replication_behavior-a6ed1397d814db82-m1,waiting,10.75,8.670643648091218
model_agnostic_replication_behavior-a74f835b98d84c09-m0,effort,-7.125,-6.466987623336108
model_agnostic_replication_behavior-a74f835b98d84c09-m1,effort,-7.25,-6.816687087512901
model_agnostic_replication_behavior-a76dcd9640ae67bf-m0,information_sampling,1.0,0.7376934936846595
model_agnostic_replication_behavior-a76dcd9640ae67bf-m1,information_sampling,-2.125,-1.259277245027258
model_agnostic_replication_behavior-a7ab7a2e0d8545a1-m0,foraging,-2.0,1.2500388124429693
model_agnostic_replication_behavior-a7ab7a2e0d8545a1-m1,foraging,-3.75,1.6415211105228331
model_agnostic_replication_behavior-a7c97b3af4ca8c64-m0,information_sampling,5.5,3.1750915329966647
model_agnostic_replication_behavior-a7c97b3af4ca8c64-m1,information_sampling,1.8749999999999998,1.1781207942847476
model_agnostic_replication_behavior-a7d9dee50aa7b775-m0,bandit,-6.5,-6.1282767131950635
model_agnostic_replication_behavior-a7d9dee50aa7b775-m1,bandit,-5.375,-6.124813700332704
model_agnostic_replication_behavior-a7ded166a44d2eec-m0,solvability,7.0,7.252396399737378
model_agnostic_replication_behavior-a7ded166a44d2eec-m1,solvability,6.5,7.360394023628768
model_agnostic_replication_behavior-a7eb61b60ddd0e1c-m0,foraging,11.25,8.016881570469112
model_agnostic_replication_behavior-a7eb61b60ddd0e1c-m1,foraging,10.25,8.408363868548975
model_agnostic_replication_behavior-a7f63c768d2b931c-m0,solvability,5.875,0.302604487749494
model_agnostic_replication_behavior-a7f63c768d2b931c-m1,solvability,5.0,0.41060211164088245
model_agnostic_replication_behavior-a830c826b0ed4264-m0,effort,-4.25,-4.718414053167833
model_agnostic_replication_behavior-a830c826b0ed4264-m1,effort,-3.625,-5.068113517344626
model_agnostic_replication_behavior-a849749b5020b267-m0,debugging,-11.875,-10.878885283084818
model_agnostic_replication_behavior-a849749b5020b267-m1,debugging,-9.625,-9.397037463658735
model_agnostic_replication_behavior-a8e1a5f78fe34455-m0,information_sampling,6.25,4.5992895400011955
model_agnostic_replication_behavior-a8e1a5f78fe34455-m1,information_sampling,3.75,2.602318801289278
model_agnostic_replication_behavior-a8fe42ca48c26324-m0,debugging,3.75,3.596147945739738
model_agnostic_replication_behavior-a8fe42ca48c26324-m1,debugging,5.375,5.07799576516582
model_agnostic_replication_behavior-a902c9fdbad01d0a-m0,foraging,5.125,0.6395815144136513
model_agnostic_replication_behavior-a902c9fdbad01d0a-m1,foraging,4.75,1.0310638124935148
model_agnostic_replication_behavior-a90dea3553dfce28-m0,waiting,3.25,3.5705112369573366
model_agnostic_replication_behavior-a90dea3553dfce28-m1,waiting,4.375,3.5595367130568865
model_agnostic_replication_behavior-a94220409f3387ce-m0,effort,4.5,4.181119168333661
model_agnostic_replication_behavior-a94220409f3387ce-m1,effort,4.0,3.8314197041568674
model_agnostic_replication_behavior-a94b591a2bff9baa-m0,information_sampling,6.25,6.086006531785183
model_agnostic_replication_behavior-a94b591a2bff9baa-m1,information_sampling,4.375,4.089035793073266
model_agnostic_replication_behavior-a96bd9980f147e39-m0,foraging,-7.625,-6.732529476361163
model_agnostic_replication_behavior-a96bd9980f147e39-m1,foraging,-6.5,-6.3410471782813005
model_agnostic_replication_behavior-a96c2bd43fa2e9bd-m0,effort,1.25,0.5287134450350736
model_agnostic_replication_behavior-a96c2bd43fa2e9bd-m1,effort,-0.7500000000000001,0.17901398085828027
model_agnostic_replication_behavior-a980e77008cda552-m0,foraging,-5.125,-3.940080900551591
model_agnostic_replication_behavior-a980e77008cda552-m1,foraging,-4.25,-3.548598602471728
model_agnostic_replication_behavior-a9c746969fb565bb-m0,solvability,-9.875,-8.41744575206033
model_agnostic_replication_behavior-a9c746969fb565bb-m1,solvability,-7.125,-8.30944812816894
model_agnostic_replication_behavior-aa288658934d6f08-m0,foraging,4.625,1.5821206007225381
model_agnostic_replication_behavior-aa288658934d6f08-m1,foraging,2.25,1.973602898802402
model_agnostic_replication_behavior-aa3e1e1aafce3bed-m0,solvability,-7.375,-4.339393500439773
model_agnostic_replication_behavior-aa3e1e1aafce3bed-m1,solvability,-5.5,-4.231395876548384
model_agnostic_replication_behavior-aa57df58cdba4ce5-m0,debugging,3.125,0.48219938550002217
model_agnostic_replication_behavior-aa57df58cdba4ce5-m1,debugging,4.25,1.9640472049261049
model_agnostic_replication_behavior-aad187a47ece8336-m0,debugging,-4.375,-0.9088358755906589
model_agnostic_replication_behavior-aad187a47ece8336-m1,debugging,-0.8750000000000002,0.5730119438354238
model_agnostic_replication_behavior-aaef65062abf2819-m0,bandit,3.375,-2.7218542582267844
model_agnostic_replication_behavior-aaef65062abf2819-m1,bandit,3.625,-2.718391245364426
model_agnostic_replication_behavior-aaf8aa5de0fc6b93-m0,debugging,-1.375,-0.26052915358618667
model_agnostic_replication_behavior-aaf8aa5de0fc6b93-m1,debugging,3.75,1.2213186658398958
model_agnostic_replication_behavior-ab1aa6db35ae8557-m0,debugging,-7.375,-5.8617422012628015
model_agnostic_replication_behavior-ab1aa6db35ae8557-m1,debugging,-6.375,-4.379894381836719
model_agnostic_replication_behavior-ab1afbf27364f180-m0,foraging,6.875,2.305508301648502
model_agnostic_replication_behavior-ab1afbf27364f180-m1,foraging,6.625,2.696990599728365
model_agnostic_replication_behavior-ab54dec61ded46a8-m0,bandit,-5.875,-4.5805917991827485
model_agnostic_replication_behavior-ab54dec61ded46a8-m1,bandit,-5.625,-4.577128786320389
model_agnostic_replication_behavior-aba2d544304c5912-m0,debugging,-6.875,2.02987091502803
model_agnostic_replication_behavior-aba2d544304c5912-m1,debugging,-2.75,3.5117187344541123
model_agnostic_replication_behavior-abb5317ab5b4a015-m0,waiting,-1.25,0.7672665291648165
model_agnostic_replication_behavior-abb5317ab5b4a015-m1,waiting,-5.125,0.7562920052643659
model_agnostic_replication_behavior-ac38923080b383a6-m0,debugging,-8.125,-9.863339070125678
model_agnostic_replication_behavior-ac38923080b383a6-m1,debugging,-6.75,-8.381491250699595
model_agnostic_replication_behavior-ac890acb50f7ec0e-m0,information_sampling,4.125,2.681457485031901
model_agnostic_replication_behavior-ac890acb50f7ec0e-m1,information_sampling,-2.375,0.6844867463199835
model_agnostic_replication_behavior-acbaebba4c74cb02-m0,bandit,-4.5,-5.322346245879459
model_agnostic_replication_behavior-acbaebba4c74cb02-m1,bandit,-6.125,-5.318883233017099
model_agnostic_replication_behavior-accd5275ffc2344c-m0,effort,-2.375,0.4238685911282627
model_agnostic_replication_behavior-accd5275ffc2344c-m1,effort,-2.0,0.07416912695146927
model_agnostic_replication_behavior-acf7c0f8f0de4cdd-m0,information_sampling,3.0,1.6634813113369034
model_agnostic_replication_behavior-acf7c0f8f0de4cdd-m1,information_sampling,3.0,-0.33348942737501397
model_agnostic_replication_behavior-ad17b7f6e94b25c2-m0,effort,-1.375,-1.8485304426726827
model_agnostic_replication_behavior-ad17b7f6e94b25c2-m1,effort,-2.25,-2.198229906849476
model_agnostic_replication_behavior-ad58471ff39d62b3-m0,information_sampling,2.875,2.6792328343826273
model_agnostic_replication_behavior-ad58471ff39d62b3-m1,information_sampling,0.7500000000000002,0.6822620956707097
model_agnostic_replication_behavior-ad86cbf40f63c41b-m0,waiting,2.75,3.3248449909537694
model_agnostic_replication_behavior-ad86cbf40f63c41b-m1,waiting,3.5,3.3138704670533183
model_agnostic_replication_behavior-ad9239f863ee41f7-m0,solvability,7.5,1.560327124578423
model_agnostic_replication_behavior-ad9239f863ee41f7-m1,solvability,7.125,1.6683247484698116
model_agnostic_replication_behavior-adf66d1532af3585-m0,debugging,0.24999999999999992,0.8125567306581243
model_agnostic_replication_behavior-adf66d1532af3585-m1,debugging,-2.125,2.294404550084207
model_agnostic_replication_behavior-ae29143e83f51d84-m0,bandit,-4.0,-4.652053036795779
model_agnostic_replication_behavior-ae29143e83f51d84-m1,bandit,-1.0000000000000002,-4.648590023933421
model_agnostic_replication_behavior-ae3f93b7a5b07031-m0,waiting,3.25,1.9485084875542034
model_agnostic_replication_behavior-ae3f93b7a5b07031-m1,waiting,4.25,1.937533963653753
model_agnostic_replication_behavior-ae993fc3f92cbf0d-m0,solvability,-0.71875,-2.834096079953074
model_agnostic_replication_behavior-ae993fc3f92cbf0d-m1,solvability,1.328125,-2.7260984560616857
model_agnostic_replication_behavior-ae9d6a62b9996a52-m0,effort,2.125,-1.4554606958804497
model_agnostic_replication_behavior-ae9d6a62b9996a52-m1,effort,0.37499999999999994,-1.805160160057243
model_agnostic_replication_behavior-aecc506b9efb42c7-m0,foraging,-7.75,-4.910134567310718
model_agnostic_replication_behavior-aecc506b9efb42c7-m1,foraging,-6.0,-4.518652269230854
model_agnostic_replication_behavior-af0b27cc9c3c3c61-m0,foraging,4.125,1.789869846279776
model_agnostic_replication_behavior-af0b27cc9c3c3c61-m1,foraging,5.0,2.1813521443596398
model_agnostic_replication_behavior-af0b84099a005ab1-m0,bandit,9.6875,6.366011117490302
model_agnostic_replication_behavior-af0b84099a005ab1-m1,bandit,8.25,6.369474130352661
model_agnostic_replication_behavior-af77d164614b1d66-m0,debugging,7.125,4.454603760844048
model_agnostic_replication_behavior-af77d164614b1d66-m1,debugging,7.125,5.9364515802701305
model_agnostic_replication_behavior-af77e1e8d4a048b0-m0,debugging,-6.625,-0.6557854985770688
model_agnostic_replication_behavior-af77e1e8d4a048b0-m1,debugging,-4.375,0.8260623208490139
model_agnostic_replication_behavior-af7a3776375cf5d8-m0,foraging,7.125,2.560865921549111
model_agnostic_replication_behavior-af7a3776375cf5d8-m1,foraging,7.625,2.9523482196289743
model_agnostic_replication_behavior-af9b04e92981df21-m0,foraging,3.375,-0.020080589968216267
model_agnostic_replication_behavior-af9b04e92981df21-m1,foraging,4.25,0.3714017081116475
model_agnostic_replication_behavior-afb3467b7db67954-m0,debugging,-4.0,-2.7089352186447324
model_agnostic_replication_behavior-afb3467b7db67954-m1,debugging,-5.125,-1.2270873992186497
model_agnostic_replication_behavior-afd29f0454e4c837-m0,information_sampling,-2.875,-1.3261896478670887
model_agnostic_replication_behavior-afd29f0454e4c837-m1,information_sampling,-4.375,-3.3231603865790067
model_agnostic_replication_behavior-b0278a57ed64cc5b-m0,waiting,-4.125,0.44414675781673085
model_agnostic_replication_behavior-b0278a57ed64cc5b-m1,waiting,-5.0,0.43317223391628024
model_agnostic_replication_behavior-b0363d1497b21cd4-m0,information_sampling,-2.0,-1.2273484334828373
model_agnostic_replication_behavior-b0363d1497b21cd4-m1,information_sampling,-3.25,-3.2243191721947544
model_agnostic_replication_behavior-b059e762ede61b75-m0,bandit,-0.06249999999999986,-2.5859155984570883
model_agnostic_replication_behavior-b059e762ede61b75-m1,bandit,1.3203125,-2.58245258559473
model_agnostic_replication_behavior-b0799ff589d12830-m0,solvability,-0.6249999999999999,2.6019735931593297
model_agnostic_replication_behavior-b0799ff589d12830-m1,solvability,-0.37499999999999994,2.709971217050718
model_agnostic_replication_behavior-b079d0c7150c5026-m0,solvability,4.875,1.2534674961829078
model_agnostic_replication_behavior-b079d0c7150c5026-m1,solvability,2.25,1.3614651200742962
model_agnostic_replication_behavior-b08ce482cad5e8d8-m0,solvability,2.125,0.5236147302195185
model_agnostic_replication_behavior-b08ce482cad5e8d8-m1,solvability,1.8749999999999998,0.6316123541109067
model_agnostic_replication_behavior-b08dda7e86b74f39-m0,waiting,-6.25,0.15903675818839247
model_agnostic_replication_behavior-b08dda7e86b74f39-m1,waiting,-5.625,0.1480622342879423
model_agnostic_replication_behavior-b091f89781ed3b2b-m0,waiting,-5.75,-4.905681398861237
model_agnostic_replication_behavior-b091f89781ed3b2b-m1,waiting,-6.0,-4.916655922761687
model_agnostic_replication_behavior-b0e8eab1286e0495-m0,effort,-2.875,0.3278329259215916
model_agnostic_replication_behavior-b0e8eab1286e0495-m1,effort,-3.0,-0.021866538255201406
model_agnostic_replication_behavior-b104e976596e9b41-m0,waiting,5.125,5.726664874358725
model_agnostic_replication_behavior-b104e976596e9b41-m1,waiting,5.125,5.715690350458274
model_agnostic_replication_behavior-b11901307bf86676-m0,waiting,0.8750000000000001,1.0833125341905994
model_agnostic_replication_behavior-b11901307bf86676-m1,waiting,3.625,1.072338010290149
model_agnostic_replication_behavior-b13bb523a16cd0b6-m0,effort,5.125,4.461445835512644
model_agnostic_replication_behavior-b13bb523a16cd0b6-m1,effort,4.0,4.111746371335851
model_agnostic_replication_behavior-b154cc31684d8f3f-m0,bandit,-12.25,-12.242957044792128
model_agnostic_replication_behavior-b154cc31684d8f3f-m1,bandit,-9.8125,-12.23949403192977
model_agnostic_replication_behavior-b16568e0116fc1e7-m0,information_sampling,1.25,1.1407678755915027
model_agnostic_replication_behavior-b16568e0116fc1e7-m1,information_sampling,-3.875,-0.8562028631204152
model_agnostic_replication_behavior-b1732c0d94b9cc23-m0,effort,-2.25,-1.8846111177464453
model_agnostic_replication_behavior-b1732c0d94b9cc23-m1,effort,-2.0,-2.2343105819232383
model_agnostic_replication_behavior-b1815e9392c1084d-m0,effort,0.24999999999999992,3.0051921744927723
model_agnostic_replication_behavior-b1815e9392c1084d-m1,effort,-0.5,2.655492710315979
model_agnostic_replication_behavior-b198af7ba8d1b526-m0,debugging,6.625,5.3600333088491965
model_agnostic_replication_behavior-b198af7ba8d1b526-m1,debugging,6.875,6.841881128275277
model_agnostic_replication_behavior-b1ab096de809d49a-m0,information_sampling,5.0,5.660288667466936
model_agnostic_replication_behavior-b1ab096de809d49a-m1,information_sampling,2.75,3.6633179287550197
model_agnostic_replication_behavior-b221a40bc1ed3b52-m0,waiting,1.25,0.513113035818421
model_agnostic_replication_behavior-b221a40bc1ed3b52-m1,waiting,1.125,0.5021385119179705
model_agnostic_replication_behavior-b240fb3e40f52959-m0,effort,-6.125,-6.476850046763329
model_agnostic_replication_behavior-b240fb3e40f52959-m1,effort,-6.375,-6.826549510940122
model_agnostic_replication_behavior-b2485125974a9402-m0,effort,-2.625,-2.1020702584378377
model_agnostic_replication_behavior-b2485125974a9402-m1,effort,-3.25,-2.451769722614631
model_agnostic_replication_behavior-b24b3b34b3c76553-m0,effort,-3.625,-2.046203055586714
model_agnostic_replication_behavior-b24b3b34b3c76553-m1,effort,-3.75,-2.3959025197635073
model_agnostic_replication_behavior-b2a35d25bbfe0347-m0,effort,-5.125,-1.704283776212186
model_agnostic_replication_behavior-b2a35d25bbfe0347-m1,effort,-5.0,-2.0539832403889795
model_agnostic_replication_behavior-b2affe67e7dad167-m0,foraging,7.75,3.9346270034208026
model_agnostic_replication_behavior-b2affe67e7dad167-m1,foraging,6.375,4.326109301500665
model_agnostic_replication_behavior-b2da15a4060b4ae3-m0,solvability,12.6875,10.572539782656179
model_agnostic_replication_behavior-b2da15a4060b4ae3-m1,solvability,12.125,10.680537406547566
model_agnostic_replication_behavior-b310632467f80f9f-m0,information_sampling,3.5,0.5438090226189729
model_agnostic_replication_behavior-b310632467f80f9f-m1,information_sampling,-1.0000000000000002,-1.4531617160929446
model_agnostic_replication_behavior-b329f57d6f2aca28-m0,solvability,1.25,-1.0058604735370495
model_agnostic_replication_behavior-b329f57d6f2aca28-m1,solvability,0.37499999999999994,-0.8978628496456611
model_agnostic_replication_behavior-b33806b03d34fa75-m0,effort,3.5,-0.5243931219332427
model_agnostic_replication_behavior-b33806b03d34fa75-m1,effort,3.125,-0.8740925861100362
model_agnostic_replication_behavior-b39655be6ad67a0e-m0,foraging,3.0,-0.9457644593074207
model_agnostic_replication_behavior-b39655be6ad67a0e-m1,foraging,3.25,-0.5542821612275578
model_agnostic_replication_behavior-b3c5d4dd465aa910-m0,information_sampling,4.875,3.9445349155858893
model_agnostic_replication_behavior-b3c5d4dd465aa910-m1,information_sampling,2.625,1.9475641768739722
model_agnostic_replication_behavior-b3fc63e98c34e0c1-m0,debugging,3.5,2.068729337406384
model_agnostic_replication_behavior-b3fc63e98c34e0c1-m1,debugging,5.75,3.550577156832466
model_agnostic_replication_behavior-b4091cd5acefef50-m0,bandit,0.125,1.8191953075644385
model_agnostic_replication_behavior-b4091cd5acefef50-m1,bandit,0.5,1.8226583204267963
model_agnostic_replication_behavior-b417cb54ca5cb0a9-m0,waiting,-1.25,0.31091965768081153
model_agnostic_replication_behavior-b417cb54ca5cb0a9-m1,waiting,-0.6249999999999999,0.29994513378036114
model_agnostic_replication_behavior-b43d0c4c83424957-m0,debugging,-3.75,-0.790611652705776
model_agnostic_replication_behavior-b43d0c4c83424957-m1,debugging,-2.125,0.6912361667203064
model_agnostic_replication_behavior-b43fa222450ee229-m0,bandit,8.375,5.370173230295881
model_agnostic_replication_behavior-b43fa222450ee229-m1,bandit,7.5,5.3736362431582405
model_agnostic_replication_behavior-b45b8c56007b8889-m0,foraging,-6.0,-3.4762637570537906
model_agnostic_replication_behavior-b45b8c56007b8889-m1,foraging,-4.75,-3.084781458973927
model_agnostic_replication_behavior-b4a89c1245e5e084-m0,debugging,4.875,2.0850897876177448
model_agnostic_replication_behavior-b4a89c1245e5e084-m1,debugging,5.625,3.5669376070438266
model_agnostic_replication_behavior-b4da18abc05a36e8-m0,information_sampling,4.25,1.8085936255014285
model_agnostic_replication_behavior-b4da18abc05a36e8-m1,information_sampling,0.625,-0.188377113210489
model_agnostic_replication_behavior-b4e46402e04034da-m0,effort,0.24218749999999986,-3.2161332374923126
model_agnostic_replication_behavior-b4e46402e04034da-m1,effort,-1.3232421875,-3.565832701669106
model_agnostic_replication_behavior-b4ff5e2b0e8e2429-m0,effort,-7.125,-8.453027231976085
model_agnostic_replication_behavior-b4ff5e2b0e8e2429-m1,effort,-7.25,-8.80272669615288
model_agnostic_replication_behavior-b50e040cfda7d970-m0,waiting,7.25,5.256010566913828
model_agnostic_replication_behavior-b50e040cfda7d970-m1,waiting,6.25,5.2450360430133784
model_agnostic_replication_behavior-b51078f008173cf6-m0,debugging,6.5,0.16607582341938842
model_agnostic_replication_behavior-b51078f008173cf6-m1,debugging,6.875,1.6479236428454715
model_agnostic_replication_behavior-b51ff999e101524f-m0,bandit,-3.125,-3.3998650413502
model_agnostic_replication_behavior-b51ff999e101524f-m1,bandit,-1.7499999999999998,-3.3964020284878407
model_agnostic_replication_behavior-b525271a90d40279-m0,foraging,9.75,6.8849422544937955
model_agnostic_replication_behavior-b525271a90d40279-m1,foraging,8.375,7.276424552573658
model_agnostic_replication_behavior-b56a3286ab9ef41d-m0,bandit,-10.0625,-8.280926164761542
model_agnostic_replication_behavior-b56a3286ab9ef41d-m1,bandit,-10.8125,-8.277463151899184
model_agnostic_replication_behavior-b5701f791aa8997e-m0,effort,-1.0000000000000002,0.04904034960447168
model_agnostic_replication_behavior-b5701f791aa8997e-m1,effort,-2.125,-0.3006591145723213
model_agnostic_replication_behavior-b570dad4c65811ca-m0,bandit,-6.5,-4.740045388815282
model_agnostic_replication_behavior-b570dad4c65811ca-m1,bandit,-7.75,-4.736582375952922
model_agnostic_replication_behavior-b58943e20a8f8a92-m0,debugging,-8.25,-6.089060560112815
model_agnostic_replication_behavior-b58943e20a8f8a92-m1,debugging,-6.5,-4.607212740686732
model_agnostic_replication_behavior-b5fad042cb63ff87-m0,solvability,-6.875,-5.893879568692652
model_agnostic_replication_behavior-b5fad042cb63ff87-m1,solvability,-5.25,-5.785881944801265
model_agnostic_replication_behavior-b6005f5c6416b8fb-m0,information_sampling,-1.25,0.19621918281356887
model_agnostic_replication_behavior-b6005f5c6416b8fb-m1,information_sampling,-0.6249999999999999,-1.8007515558983487
model_agnostic_replication_behavior-b64609b7c3f2c495-m0,debugging,1.3750000000000002,-1.5614415727176294
model_agnostic_replication_behavior-b64609b7c3f2c495-m1,debugging,1.75,-0.0795937532915465
model_agnostic_replication_behavior-b648a50a1d57f2be-m0,information_sampling,4.0,6.337101813484346
model_agnostic_replication_behavior-b648a50a1d57f2be-m1,information_sampling,3.375,4.340131074772429
model_agnostic_replication_behavior-b6f9e05fb713ae7f-m0,waiting,4.625,4.104182891823488
model_agnostic_replication_behavior-b6f9e05fb713ae7f-m1,waiting,4.75,4.093208367923038
model_agnostic_replication_behavior-b73b2563d7792a62-m0,bandit,-9.9375,-8.079514584623285
model_agnostic_replication_behavior-b73b2563d7792a62-m1,bandit,-9.5,-8.076051571760924
model_agnostic_replication_behavior-b74224d6692de83a-m0,debugging,-6.875,-2.623790107515654
model_agnostic_replication_behavior-b74224d6692de83a-m1,debugging,-4.75,-1.1419422880895715
model_agnostic_replication_behavior-b7665e01c153d5bf-m0,bandit,8.0,4.056580645668164
model_agnostic_replication_behavior-b7665e01c153d5bf-m1,bandit,4.875,4.060043658530523
model_agnostic_replication_behavior-b778e44eb05ef619-m0,information_sampling,5.25,3.498399437430849
model_agnostic_replication_behavior-b778e44eb05ef619-m1,information_sampling,3.875,1.5014286987189314
model_agnostic_replication_behavior-b7904579c72898ad-m0,foraging,-5.75,-3.490220395461871
model_agnostic_replication_behavior-b7904579c72898ad-m1,foraging,-4.625,-3.098738097382008
model_agnostic_replication_behavior-b7ba091b56cafce6-m0,solvability,8.375,4.950222046203456
model_agnostic_replication_behavior-b7ba091b56cafce6-m1,solvability,7.625,5.058219670094845
model_agnostic_replication_behavior-b7c870124e39f0e2-m0,foraging,7.5,7.259071233087318
model_agnostic_replication_behavior-b7c870124e39f0e2-m1,foraging,6.5,7.650553531167182
model_agnostic_replication_behavior-b7d2a31795727d16-m0,bandit,11.5625,6.618219569237585
model_agnostic_replication_behavior-b7d2a31795727d16-m1,bandit,8.5,6.621682582099945
model_agnostic_replication_behavior-b7eacd4b42bd6e95-m0,information_sampling,2.125,2.2798950275700864
model_agnostic_replication_behavior-b7eacd4b42bd6e95-m1,information_sampling,-1.875,0.2829242888581688
model_agnostic_replication_behavior-b81630c7a11a2e05-m0,information_sampling,4.625,1.9812001607468601
model_agnostic_replication_behavior-b81630c7a11a2e05-m1,information_sampling,3.125,-0.015770577965056876
model_agnostic_replication_behavior-b839ec3c500cdc8f-m0,debugging,0.24999999999999992,-1.8274385286809858
model_agnostic_replication_behavior-b839ec3c500cdc8f-m1,debugging,0.7500000000000002,-0.3455907092549033
model_agnostic_replication_behavior-b84c0a4044355c3d-m0,waiting,8.75,9.519887106732405
model_agnostic_replication_behavior-b84c0a4044355c3d-m1,waiting,8.875,9.508912582831956
model_agnostic_replication_behavior-b88c71389f6e1f78-m0,waiting,3.125,1.9415634631942729
model_agnostic_replication_behavior-b88c71389f6e1f78-m1,waiting,3.0,1.9305889392938225
model_agnostic_replication_behavior-b8d58994135da0d4-m0,foraging,7.75,1.7427728310800084
model_agnostic_replication_behavior-b8d58994135da0d4-m1,foraging,7.125,2.1342551291598713
model_agnostic_replication_behavior-b8d6336ea6666d04-m0,debugging,7.75,3.670543217721564
model_agnostic_replication_behavior-b8d6336ea6666d04-m1,debugging,8.0,5.1523910371476465
model_agnostic_replication_behavior-b8d97a1220a37322-m0,solvability,13.125,10.484816299943008
model_agnostic_replication_behavior-b8d97a1220a37322-m1,solvability,12.875,10.592813923834395
model_agnostic_replication_behavior-b8ee4bfaaff3b78c-m0,solvability,-4.125,-4.462870598420061
model_agnostic_replication_behavior-b8ee4bfaaff3b78c-m1,solvability,-4.625,-4.354872974528673
model_agnostic_replication_behavior-b90bb133e5583170-m0,debugging,-4.0,-3.6150173388902522
model_agnostic_replication_behavior-b90bb133e5583170-m1,debugging,-1.0000000000000002,-2.1331695194641696
model_agnostic_replication_behavior-b9754b6451a053c1-m0,information_sampling,3.875,4.43603202920515
model_agnostic_replication_behavior-b9754b6451a053c1-m1,information_sampling,3.125,2.4390612904932336
model_agnostic_replication_behavior-b98c3405de39105f-m0,bandit,12.25,6.528642209261868
model_agnostic_replication_behavior-b98c3405de39105f-m1,bandit,10.0,6.532105222124227
model_agnostic_replication_behavior-b9a8a30169f814d2-m0,solvability,-0.890625,-1.7921702657636616
model_agnostic_replication_behavior-b9a8a30169f814d2-m1,solvability,1.109375,-1.6841726418722731
model_agnostic_replication_behavior-b9c0b53ee3475117-m0,foraging,2.5,1.789869846279776
model_agnostic_replication_behavior-b9c0b53ee3475117-m1,foraging,3.875,2.1813521443596398
model_agnostic_replication_behavior-b9e603424cb92b55-m0,bandit,6.75,5.71055110986488
model_agnostic_replication_behavior-b9e603424cb92b55-m1,bandit,6.5,5.714014122727238
model_agnostic_replication_behavior-b9f5341d75b1714a-m0,solvability,0.03125000000000008,5.392751415952187
model_agnostic_replication_behavior-b9f5341d75b1714a-m1,solvability,1.9062500000000002,5.500749039843575
model_agnostic_replication_behavior-ba1cc96811478777-m0,foraging,6.625,5.131034473407442
model_agnostic_replication_behavior-ba1cc96811478777-m1,foraging,7.0,5.522516771487306
model_agnostic_replication_behavior-ba48ed3f91a389fa-m0,foraging,-1.625,-0.903780437483961
model_agnostic_replication_behavior-ba48ed3f91a389fa-m1,foraging,-2.875,-0.5122981394040972
model_agnostic_replication_behavior-ba4f4292ecdca8d8-m0,debugging,2.75,-1.3975639671640379
model_agnostic_replication_behavior-ba4f4292ecdca8d8-m1,debugging,5.125,0.08428385226204482
model_agnostic_replication_behavior-ba63ed3e3a0cb812-m0,foraging,3.75,3.467831780100585
model_agnostic_replication_behavior-ba63ed3e3a0cb812-m1,foraging,2.5,3.8593140781804487
model_agnostic_replication_behavior-ba9da87bdb54ea7a-m0,waiting,4.0,3.8979859203291047
model_agnostic_replication_behavior-ba9da87bdb54ea7a-m1,waiting,4.0,3.8870113964286537
model_agnostic_replication_behavior-baa256dd183aed71-m0,effort,-6.5,-4.396333688229427
model_agnostic_replication_behavior-baa256dd183aed71-m1,effort,-6.25,-4.74603315240622
model_agnostic_replication_behavior-baa496fd4db96050-m0,solvability,-4.375,-3.932357202519774
model_agnostic_replication_behavior-baa496fd4db96050-m1,solvability,-3.0,-3.8243595786283855
model_agnostic_replication_behavior-bab38f8f58566df2-m0,debugging,-5.125,-6.749753975173588
model_agnostic_replication_behavior-bab38f8f58566df2-m1,debugging,-4.875,-5.2679061557475055
model_agnostic_replication_behavior-bac2d3a7617c8d0c-m0,debugging,-9.0,-7.2965672042374266
model_agnostic_replication_behavior-bac2d3a7617c8d0c-m1,debugging,-7.375,-5.814719384811344
model_agnostic_replication_behavior-badd7b79148c6bfd-m0,solvability,7.125,10.336085515724818
model_agnostic_replication_behavior-badd7b79148c6bfd-m1,solvability,7.0,10.444083139616206
model_agnostic_replication_behavior-baeb231352f2635a-m0,information_sampling,4.0,0.8652590663155832
model_agnostic_replication_behavior-baeb231352f2635a-m1,information_sampling,-0.5,-1.1317116723963343
model_agnostic_replication_behavior-bafad9172aacd027-m0,debugging,-7.25,-7.626413976401139
model_agnostic_replication_behavior-bafad9172aacd027-m1,debugging,-6.0,-6.144566156975056
model_agnostic_replication_behavior-bb37dc6f4fa12254-m0,information_sampling,2.875,5.882659590919426
model_agnostic_replication_behavior-bb37dc6f4fa12254-m1,information_sampling,2.375,3.885688852207508
model_agnostic_replication_behavior-bb5ef1f5dda71a93-m0,debugging,2.125,-2.1327029699266316
model_agnostic_replication_behavior-bb5ef1f5dda71a93-m1,debugging,4.875,-0.6508551505005491
model_agnostic_replication_behavior-bb7a8ea0c028b603-m0,information_sampling,3.75,2.947720777480013
model_agnostic_replication_behavior-bb7a8ea0c028b603-m1,information_sampling,3.125,0.9507500387680956
model_agnostic_replication_behavior-bb87c93639906c63-m0,solvability,11.5,9.875330848117258
model_agnostic_replication_behavior-bb87c93639906c63-m1,solvability,10.625,9.983328472008647
model_agnostic_replication_behavior-bb88a55018de43ae-m0,debugging,-1.375,-4.029849624775313
model_agnostic_replication_behavior-bb88a55018de43ae-m1,debugging,-1.7499999999999998,-2.54800180534923
model_agnostic_replication_behavior-bb99c351ec7b289a-m0,information_sampling,4.875,3.7456040639003314
model_agnostic_replication_behavior-bb99c351ec7b289a-m1,information_sampling,3.75,1.7486333251884139
model_agnostic_replication_behavior-bbbaf0ba27873635-m0,waiting,-3.25,-0.9670010564539683
model_agnostic_replication_behavior-bbbaf0ba27873635-m1,waiting,-3.75,-0.9779755803544187
model_agnostic_replication_behavior-bbcdce3e2656fce4-m0,waiting,-1.7499999999999998,0.5295050762940148
model_agnostic_replication_behavior-bbcdce3e2656fce4-m1,waiting,-3.625,0.5185305523935646
model_agnostic_replication_behavior-bbdb6f8f60a2de7e-m0,debugging,3.625,0.3240551652201584
model_agnostic_replication_behavior-bbdb6f8f60a2de7e-m1,debugging,5.875,1.805902984646241
model_agnostic_replication_behavior-bc07e1b9ff659bcf-m0,bandit,-12.125,-7.846829268712949
model_agnostic_replication_behavior-bc07e1b9ff659bcf-m1,bandit,-11.0,-7.84336625585059
model_agnostic_replication_behavior-bc6da548cf59ada3-m0,debugging,0.0,-3.396585178402727
model_agnostic_replication_behavior-bc6da548cf59ada3-m1,debugging,2.75,-1.914737358976644
model_agnostic_replication_behavior-bcbb140dd0081a7a-m0,bandit,11.75,8.172327199206478
model_agnostic_replication_behavior-bcbb140dd0081a7a-m1,bandit,8.625,8.175790212068836
model_agnostic_replication_behavior-bcc49133072a63da-m0,bandit,3.5,4.747611546073298
model_agnostic_replication_behavior-bcc49133072a63da-m1,bandit,4.125,4.751074558935656
model_agnostic_replication_behavior-bcdf1f82ff44f91c-m0,waiting,0.7968750000000001,7.063537123249023
model_agnostic_replication_behavior-bcdf1f82ff44f91c-m1,waiting,-0.7421875,7.0525625993485725
model_agnostic_replication_behavior-bcf4b4a3a5249fc0-m0,waiting,7.625,6.306879115977077
model_agnostic_replication_behavior-bcf4b4a3a5249fc0-m1,waiting,8.0,6.295904592076627
model_agnostic_replication_behavior-bd30676addecf07f-m0,effort,-3.875,-2.900379408358505
model_agnostic_replication_behavior-bd30676addecf07f-m1,effort,-3.75,-3.250078872535298
model_agnostic_replication_behavior-bd52a33882335d5f-m0,effort,-6.5,-1.2179496917819723
model_agnostic_replication_behavior-bd52a33882335d5f-m1,effort,-5.5,-1.5676491559587655
model_agnostic_replication_behavior-bd55a30fe94771cf-m0,bandit,-7.375,-6.431676686510087
model_agnostic_replication_behavior-bd55a30fe94771cf-m1,bandit,-6.625,-6.428213673647728
model_agnostic_replication_behavior-bd59a00e0cf17cdf-m0,bandit,-5.375,0.5203520970137103
model_agnostic_replication_behavior-bd59a00e0cf17cdf-m1,bandit,-3.875,0.5238151098760695
model_agnostic_replication_behavior-bd622ae2f696cddc-m0,solvability,0.24999999999999992,3.7393819927691885
model_agnostic_replication_behavior-bd622ae2f696cddc-m1,solvability,-1.25,3.847379616660577
model_agnostic_replication_behavior-bd704a50a13f5f4b-m0,bandit,-4.25,-4.652053036795779
model_agnostic_replication_behavior-bd704a50a13f5f4b-m1,bandit,-5.875,-4.648590023933421
model_agnostic_replication_behavior-bdda94db37d4119f-m0,bandit,-7.0,-2.050080710351396
model_agnostic_replication_behavior-bdda94db37d4119f-m1,bandit,-9.125,-2.0466176974890367
model_agnostic_replication_behavior-bdf79d99d9d486f5-m0,solvability,12.4375,8.582020087290866
model_agnostic_replication_behavior-bdf79d99d9d486f5-m1,solvability,9.625,8.690017711182255
model_agnostic_replication_behavior-bdf8aed1c52641de-m0,solvability,11.375,8.232612412342522
model_agnostic_replication_behavior-bdf8aed1c52641de-m1,solvability,11.125,8.340610036233912
model_agnostic_replication_behavior-be0ddae0fa5cdbda-m0,foraging,-3.5,-2.5204881402813095
model_agnostic_replication_behavior-be0ddae0fa5cdbda-m1,foraging,-3.75,-2.1290058422014457
model_agnostic_replication_behavior-be10bcfe89cdfc9d-m0,effort,-6.375,-7.828773016889975
model_agnostic_replication_behavior-be10bcfe89cdfc9d-m1,effort,-6.375,-8.178472481066768
model_agnostic_replication_behavior-be134d29547c1298-m0,bandit,-4.75,0.42198085324230794
model_agnostic_replication_behavior-be134d29547c1298-m1,bandit,-5.625,0.42544386610466667
model_agnostic_replication_behavior-be26a6e3031b520b-m0,debugging,3.375,-0.31901457956238366
model_agnostic_replication_behavior-be26a6e3031b520b-m1,debugging,6.375,1.1628332398636987
model_agnostic_replication_behavior-be3397744df99a47-m0,solvability,7.5,3.414116692151321
model_agnostic_replication_behavior-be3397744df99a47-m1,solvability,5.75,3.5221143160427095
model_agnostic_replication_behavior-be6990a4a2661e4f-m0,solvability,2.5,-1.4736968385307014
model_agnostic_replication_behavior-be6990a4a2661e4f-m1,solvability,0.7500000000000002,-1.365699214639313
model_agnostic_replication_behavior-be871ad777b27cd4-m0,information_sampling,3.875,0.9967789908714795
model_agnostic_replication_behavior-be871ad777b27cd4-m1,information_sampling,0.625,-1.000191747840438
model_agnostic_replication_behavior-be8dcc195906f315-m0,bandit,-5.0,-2.7773033571276162
model_agnostic_replication_behavior-be8dcc195906f315-m1,bandit,-6.25,-2.773840344265258
model_agnostic_replication_behavior-be9e69f382943446-m0,bandit,9.9375,3.023953179686692
model_agnostic_replication_behavior-be9e69f382943446-m1,bandit,8.5,3.027416192549051
model_agnostic_replication_behavior-bea19bb2e6baac3a-m0,bandit,-2.375,-2.178406465245859
model_agnostic_replication_behavior-bea19bb2e6baac3a-m1,bandit,4.625,-2.1749434523835003
model_agnostic_replication_behavior-bebd679553652e69-m0,foraging,6.375,5.394042853245147
model_agnostic_replication_behavior-bebd679553652e69-m1,foraging,5.375,5.78552515132501
model_agnostic_replication_behavior-bec7c0b1fdaf1462-m0,waiting,4.5,3.598460243662
model_agnostic_replication_behavior-bec7c0b1fdaf1462-m1,waiting,3.875,3.5874857197615495
model_agnostic_replication_behavior-becaedb27f1a68db-m0,effort,2.0,2.2679294360605873
model_agnostic_replication_behavior-becaedb27f1a68db-m1,effort,2.125,1.918229971883794
model_agnostic_replication_behavior-bedb344c2e19160f-m0,bandit,-7.75,-3.263821712415999
model_agnostic_replication_behavior-bedb344c2e19160f-m1,bandit,-7.5,-3.2603586995536404
model_agnostic_replication_behavior-befa0bc4bf2ebcfe-m0,waiting,3.25,0.10117373416808206
model_agnostic_replication_behavior-befa0bc4bf2ebcfe-m1,waiting,3.5,0.09019921026763189
model_agnostic_replication_behavior-bf4aaa25cfc5fb45-m0,bandit,10.875,7.298787000908659
model_agnostic_replication_behavior-bf4aaa25cfc5fb45-m1,bandit,8.625,7.302250013771017
model_agnostic_replication_behavior-bf9e010a4566f2fc-m0,debugging,-2.5,-2.5338079846659847
model_agnostic_replication_behavior-bf9e010a4566f2fc-m1,debugging,-1.625,-1.051960165239902
model_agnostic_replication_behavior-bfb5bc64c0c6e59b-m0,solvability,6.75,2.2063268068052606
model_agnostic_replication_behavior-bfb5bc64c0c6e59b-m1,solvability,6.25,2.3143244306966495
model_agnostic_replication_behavior-bfdd6cdef9c52b79-m0,waiting,-3.875,-1.7314686389464922
model_agnostic_replication_behavior-bfdd6cdef9c52b79-m1,waiting,-5.125,-1.7424431628469423
model_agnostic_replication_behavior-bfe5a3b63d29177c-m0,information_sampling,5.5,5.087852011262539
model_agnostic_replication_behavior-bfe5a3b63d29177c-m1,information_sampling,3.5,3.0908812725506216
model_agnostic_replication_behavior-c008354569d01d76-m0,effort,5.75,2.594146118421205
model_agnostic_replication_behavior-c008354569d01d76-m1,effort,4.5,2.244446654244412
model_agnostic_replication_behavior-c018b51a9119c42c-m0,debugging,-4.375,-2.858016769406386
model_agnostic_replication_behavior-c018b51a9119c42c-m1,debugging,-2.25,-1.3761689499803034
model_agnostic_replication_behavior-c01a2ae7c693eb91-m0,foraging,-5.0,-4.511927304711413
model_agnostic_replication_behavior-c01a2ae7c693eb91-m1,foraging,-4.75,-4.120445006631549
model_agnostic_replication_behavior-c0299cc241485c10-m0,waiting,5.125,3.188548171931608
model_agnostic_replication_behavior-c0299cc241485c10-m1,waiting,4.75,3.1775736480311574
model_agnostic_replication_behavior-c03b6a5f701f068d-m0,foraging,-2.375,-0.5924142733187009
model_agnostic_replication_behavior-c03b6a5f701f068d-m1,foraging,-0.8750000000000002,-0.2009319752388371
model_agnostic_replication_behavior-c057edc9349e010a-m0,foraging,1.0,0.6192900009995134
model_agnostic_replication_behavior-c057edc9349e010a-m1,foraging,1.125,1.010772299079377
model_agnostic_replication_behavior-c063cec4e5090f77-m0,waiting,-5.125,-3.7244394404718495
model_agnostic_replication_behavior-c063cec4e5090f77-m1,waiting,-6.0,-3.7354139643722997
model_agnostic_replication_behavior-c06567bf7e7758e1-m0,effort,-5.625,-6.5753152815461915
model_agnostic_replication_behavior-c06567bf7e7758e1-m1,effort,-5.25,-6.925014745722985
model_agnostic_replication_behavior-c0ba18a3ebdb66ff-m0,solvability,-12.4375,-10.296472220731026
model_agnostic_replication_behavior-c0ba18a3ebdb66ff-m1,solvability,-9.5,-10.188474596839637
model_agnostic_replication_behavior-c0e291fdb21b4a83-m0,debugging,-5.75,-3.005569039264133
model_agnostic_replication_behavior-c0e291fdb21b4a83-m1,debugging,-3.625,-1.5237212198380505
model_agnostic_replication_behavior-c0f06ff0ec605420-m0,waiting,6.75,7.001772899452721
model_agnostic_replication_behavior-c0f06ff0ec605420-m1,waiting,7.25,6.99079837555227
model_agnostic_replication_behavior-c136d381d6db3e31-m0,waiting,4.0,4.857093508086942
model_agnostic_replication_behavior-c136d381d6db3e31-m1,waiting,3.5,4.846118984186493
model_agnostic_replication_behavior-c164f963bf1aa6ad-m0,solvability,-0.37499999999999994,-1.976114776202081
model_agnostic_replication_behavior-c164f963bf1aa6ad-m1,solvability,-2.0,-1.868117152310692
model_agnostic_replication_behavior-c16b5414daa837f8-m0,debugging,-4.625,-0.7156582035130774
model_agnostic_replication_behavior-c16b5414daa837f8-m1,debugging,-6.375,0.7661896159130053
model_agnostic_replication_behavior-c203456d9c5f5066-m0,bandit,-8.375,-6.940745817296461
model_agnostic_replication_behavior-c203456d9c5f5066-m1,bandit,-8.625,-6.937282804434102
model_agnostic_replication_behavior-c2266333d456e1f4-m0,foraging,-4.0,-3.7284973010843525
model_agnostic_replication_behavior-c2266333d456e1f4-m1,foraging,-3.625,-3.337015003004489
model_agnostic_replication_behavior-c23d47ac4ddfaac4-m0,bandit,9.375,1.0205114231751864
model_agnostic_replication_behavior-c23d47ac4ddfaac4-m1,bandit,8.75,1.0239744360375451
model_agnostic_replication_behavior-c23f0d42404d89e1-m0,waiting,0.24999999999999992,3.005837054040332
model_agnostic_replication_behavior-c23f0d42404d89e1-m1,waiting,-0.37499999999999994,2.9948625301398817
model_agnostic_replication_behavior-c28919b8c4221886-m0,foraging,-0.25,-3.9476489919719007
model_agnostic_replication_behavior-c28919b8c4221886-m1,foraging,2.125,-3.556166693892037
model_agnostic_replication_behavior-c29ed161586b3b99-m0,effort,-3.0,-3.5280221361843913
model_agnostic_replication_behavior-c29ed161586b3b99-m1,effort,-3.125,-3.877721600361185
model_agnostic_replication_behavior-c2bbd90728dcc361-m0,solvability,-5.625,-3.5707407193013703
model_agnostic_replication_behavior-c2bbd90728dcc361-m1,solvability,-3.75,-3.462743095409982
model_agnostic_replication_behavior-c2cb13c2d0c06975-m0,effort,-5.0,-0.4275983070485484
model_agnostic_replication_behavior-c2cb13c2d0c06975-m1,effort,-4.125,-0.7772977712253416
model_agnostic_replication_behavior-c321f631c67e1809-m0,bandit,4.5,10.878304016382563
model_agnostic_replication_behavior-c321f631c67e1809-m1,bandit,-2.25,10.881767029244921
model_agnostic_replication_behavior-c32219fca0562523-m0,waiting,-0.5,0.2055998458250914
model_agnostic_replication_behavior-c32219fca0562523-m1,waiting,-0.25,0.19462532192464121
model_agnostic_replication_behavior-c32fff763fd32449-m0,bandit,11.6875,3.8043721939208806
model_agnostic_replication_behavior-c32fff763fd32449-m1,bandit,8.5,3.8078352067832397
model_agnostic_replication_behavior-c3398bf2199d9061-m0,bandit,10.625,6.948311974554478
model_agnostic_replication_behavior-c3398bf2199d9061-m1,bandit,8.375,6.951774987416837
model_agnostic_replication_behavior-c360ee68819ca005-m0,bandit,-11.8125,-11.117208394747028
model_agnostic_replication_behavior-c360ee68819ca005-m1,bandit,-11.125,-11.11374538188467
model_agnostic_replication_behavior-c3cf0d5f198e7f23-m0,bandit,-14.125,-11.402315169897149
model_agnostic_replication_behavior-c3cf0d5f198e7f23-m1,bandit,-11.4375,-11.39885215703479
model_agnostic_replication_behavior-c3d44bda5169c5e1-m0,effort,4.125,-0.07634392375063714
model_agnostic_replication_behavior-c3d44bda5169c5e1-m1,effort,2.625,-0.42604338792743013
model_agnostic_replication_behavior-c3e9aa5a58311f8e-m0,foraging,-1.375,-3.0476687497768906
model_agnostic_replication_behavior-c3e9aa5a58311f8e-m1,foraging,-1.7499999999999998,-2.6561864516970273
model_agnostic_replication_behavior-c3ed288c8bfdd427-m0,foraging,-4.25,-3.045444505800076
model_agnostic_replication_behavior-c3ed288c8bfdd427-m1,foraging,-2.25,-2.653962207720212
model_agnostic_replication_behavior-c414a0cd0412e5df-m0,debugging,-4.125,-6.42620175886039
model_agnostic_replication_behavior-c414a0cd0412e5df-m1,debugging,-4.0,-4.944353939434308
model_agnostic_replication_behavior-c41c3d9e3a6298a0-m0,effort,-4.5,-4.502753841242248
model_agnostic_replication_behavior-c41c3d9e3a6298a0-m1,effort,-4.875,-4.852453305419041
model_agnostic_replication_behavior-c4343a144a26adbe-m0,waiting,0.37499999999999994,-1.0335256374691055
model_agnostic_replication_behavior-c4343a144a26adbe-m1,waiting,-1.0000000000000002,-1.0445001613695557
model_agnostic_replication_behavior-c44f3e7c85290ac6-m0,foraging,-2.125,-1.3239153766652159
model_agnostic_replication_behavior-c44f3e7c85290ac6-m1,foraging,-0.8750000000000002,-0.9324330785853526
model_agnostic_replication_behavior-c4535f8079628f88-m0,effort,-1.125,-0.014368404378802824
model_agnostic_replication_behavior-c4535f8079628f88-m1,effort,-0.12500000000000006,-0.36406786855559603
model_agnostic_replication_behavior-c46060afa1805eec-m0,solvability,-10.375,-8.496121677237184
model_agnostic_replication_behavior-c46060afa1805eec-m1,solvability,-8.75,-8.388124053345797
model_agnostic_replication_behavior-c465d4c2d2ec5bb9-m0,waiting,-1.25,-2.425448221338928
model_agnostic_replication_behavior-c465d4c2d2ec5bb9-m1,waiting,-2.625,-2.436422745239378
model_agnostic_replication_behavior-c4675b2d0c7bdf5c-m0,debugging,4.0,0.9183458446119679
model_agnostic_replication_behavior-c4675b2d0c7bdf5c-m1,debugging,5.875,2.4001936640380506
model_agnostic_replication_behavior-c46b342791a2e464-m0,waiting,3.625,3.4931199309217815
model_agnostic_replication_behavior-c46b342791a2e464-m1,waiting,3.25,3.4821454070213314
model_agnostic_replication_behavior-c4a363a82102e62d-m0,waiting,4.125,2.2336184871825413
model_agnostic_replication_behavior-c4a363a82102e62d-m1,waiting,5.375,2.222643963282091
model_agnostic_replication_behavior-c4a49743f4c13887-m0,information_sampling,5.25,6.731144606265039
model_agnostic_replication_behavior-c4a49743f4c13887-m1,information_sampling,4.125,4.734173867553122
model_agnostic_replication_behavior-c52c513fa5a127ba-m0,information_sampling,3.375,1.0572235560080303
model_agnostic_replication_behavior-c52c513fa5a127ba-m1,information_sampling,2.0,-0.9397471827038872
model_agnostic_replication_behavior-c52ce042273b76f7-m0,waiting,-2.0,-3.665487905716332
model_agnostic_replication_behavior-c52ce042273b76f7-m1,waiting,-3.125,-3.676462429616782
model_agnostic_replication_behavior-c53233cda738d86f-m0,foraging,-6.5,-1.5650787050336392
model_agnostic_replication_behavior-c53233cda738d86f-m1,foraging,-6.875,-1.1735964069537754
model_agnostic_replication_behavior-c56afb8b9b348d3e-m0,solvability,-6.5,-1.4348574678651522
model_agnostic_replication_behavior-c56afb8b9b348d3e-m1,solvability,-5.75,-1.3268598439737638
model_agnostic_replication_behavior-c56f707e55c896be-m0,information_sampling,3.0,3.5382719145282975
model_agnostic_replication_behavior-c56f707e55c896be-m1,information_sampling,1.8749999999999998,1.54130117581638
model_agnostic_replication_behavior-c57ef8ee0996c8c8-m0,bandit,12.625,12.79397099503107
model_agnostic_replication_behavior-c57ef8ee0996c8c8-m1,bandit,11.0625,12.797434007893429
model_agnostic_replication_behavior-c594c892d8a2cd42-m0,foraging,-1.625,-3.233632682998864
model_agnostic_replication_behavior-c594c892d8a2cd42-m1,foraging,-3.25,-2.842150384919001
model_agnostic_replication_behavior-c5aa07e198aec6a5-m0,information_sampling,4.625,4.663144664001479
model_agnostic_replication_behavior-c5aa07e198aec6a5-m1,information_sampling,3.125,2.6661739252895607
model_agnostic_replication_behavior-c5d92556e546f93f-m0,waiting,2.125,2.0102932122350037
model_agnostic_replication_behavior-c5d92556e546f93f-m1,waiting,1.625,1.9993186883345535
model_agnostic_replication_behavior-c5f20d688e740d88-m0,solvability,10.25,7.540094273101455
model_agnostic_replication_behavior-c5f20d688e740d88-m1,solvability,7.5,7.6480918969928435
model_agnostic_replication_behavior-c689d43ceffdb754-m0,foraging,-1.375,-1.2297872509598518
model_agnostic_replication_behavior-c689d43ceffdb754-m1,foraging,-2.25,-0.8383049528799886
model_agnostic_replication_behavior-c6bce0660989d4fd-m0,information_sampling,5.625,4.079234266782665
model_agnostic_replication_behavior-c6bce0660989d4fd-m1,information_sampling,4.0,2.0822635280707478
model_agnostic_replication_behavior-c6c66447b2a5d9d5-m0,foraging,-5.25,-3.506813213160014
model_agnostic_replication_behavior-c6c66447b2a5d9d5-m1,foraging,-6.0,-3.115330915080151
model_agnostic_replication_behavior-c6d22a232ca5fe0d-m0,information_sampling,3.75,3.9778759917038484
model_agnostic_replication_behavior-c6d22a232ca5fe0d-m1,information_sampling,3.0,1.9809052529919313
model_agnostic_replication_behavior-c700812d9231729c-m0,waiting,4.75,3.695792542191495
model_agnostic_replication_behavior-c700812d9231729c-m1,waiting,4.75,3.6848180182910446
model_agnostic_replication_behavior-c704cd2466c672b1-m0,information_sampling,4.375,2.6274848673754905
model_agnostic_replication_behavior-c704cd2466c672b1-m1,information_sampling,1.8749999999999998,0.6305141286635729
model_agnostic_replication_behavior-c71d0123702ea0d3-m0,debugging,3.5,1.1752137354821754
model_agnostic_replication_behavior-c71d0123702ea0d3-m1,debugging,5.25,2.657061554908258
model_agnostic_replication_behavior-c77a2d01f327a961-m0,information_sampling,5.75,5.990400485107389
model_agnostic_replication_behavior-c77a2d01f327a961-m1,information_sampling,4.5,3.9934297463954715
model_agnostic_replication_behavior-c79e612bc5ba1c99-m0,effort,-4.375,-4.876386047230814
model_agnostic_replication_behavior-c79e612bc5ba1c99-m1,effort,-4.75,-5.226085511407607
model_agnostic_replication_behavior-c7a200faf702082d-m0,debugging,5.5,3.2142500608609876
model_agnostic_replication_behavior-c7a200faf702082d-m1,debugging,6.25,4.69609788028707
model_agnostic_replication_behavior-c7cd31e7bf67d05d-m0,effort,6.75,5.00737570858902
model_agnostic_replication_behavior-c7cd31e7bf67d05d-m1,effort,4.625,4.657676244412227
model_agnostic_replication_behavior-c81cca142f535527-m0,solvability,3.0,-0.6028705442560092
model_agnostic_replication_behavior-c81cca142f535527-m1,solvability,1.625,-0.4948729203646207
model_agnostic_replication_behavior-c82501f20157012d-m0,bandit,3.625,4.028407874874583
model_agnostic_replication_behavior-c82501f20157012d-m1,bandit,6.125,4.031870887736941
model_agnostic_replication_behavior-c8aeed7f4848aa5a-m0,debugging,-5.375,-5.151738410795485
model_agnostic_replication_behavior-c8aeed7f4848aa5a-m1,debugging,-4.125,-3.6698905913694015
model_agnostic_replication_behavior-c8bdf07f766f2393-m0,debugging,-4.125,-3.634489060888575
model_agnostic_replication_behavior-c8bdf07f766f2393-m1,debugging,-5.5,-2.1526412414624922
model_agnostic_replication_behavior-c8beb2941d51e900-m0,solvability,2.5,2.060995630430906
model_agnostic_replication_behavior-c8beb2941d51e900-m1,solvability,3.625,2.1689932543222943
model_agnostic_replication_behavior-c8fb5309f781d30d-m0,effort,-1.375,-0.8055066843225566
model_agnostic_replication_behavior-c8fb5309f781d30d-m1,effort,-0.6249999999999999,-1.1552061484993499
model_agnostic_replication_behavior-c923f09ff9f1faab-m0,foraging,3.875,2.196991761795819
model_agnostic_replication_behavior-c923f09ff9f1faab-m1,foraging,2.125,2.588474059875683
model_agnostic_replication_behavior-c93152db1bbc753c-m0,information_sampling,4.75,4.7153598483399435
model_agnostic_replication_behavior-c93152db1bbc753c-m1,information_sampling,4.25,2.7183891096280255
model_agnostic_replication_behavior-c94f33e3ad6bdc55-m0,bandit,-11.3125,-8.160108814656652
model_agnostic_replication_behavior-c94f33e3ad6bdc55-m1,bandit,-7.125,-8.156645801794292
model_agnostic_replication_behavior-c95d175f468ec442-m0,information_sampling,0.8750000000000001,0.46500641437933954
model_agnostic_replication_behavior-c95d175f468ec442-m1,information_sampling,-4.25,-1.5319643243325785
model_agnostic_replication_behavior-c9a5fda0af205348-m0,effort,5.875,1.542260824787529
model_agnostic_replication_behavior-c9a5fda0af205348-m1,effort,4.375,1.1925613606107357
model_agnostic_replication_behavior-c9b8198b464855c5-m0,debugging,-4.0,-1.358731302404907
model_agnostic_replication_behavior-c9b8198b464855c5-m1,debugging,1.25,0.12311651702117565
model_agnostic_replication_behavior-c9c0b5abd58e3ba1-m0,effort,-7.25,-8.235545616065316
model_agnostic_replication_behavior-c9c0b5abd58e3ba1-m1,effort,-6.75,-8.585245080242109
model_agnostic_replication_behavior-c9e91d53079c912d-m0,information_sampling,4.0,3.6164441320598075
model_agnostic_replication_behavior-c9e91d53079c912d-m1,information_sampling,2.625,1.61947339334789
model_agnostic_replication_behavior-ca2d551c41dc051f-m0,bandit,11.25,9.536538660961263
model_agnostic_replication_behavior-ca2d551c41dc051f-m1,bandit,9.625,9.540001673823621
model_agnostic_replication_behavior-ca4247a2837ca1f5-m0,foraging,-1.0000000000000002,-0.3206110892546462
model_agnostic_replication_behavior-ca4247a2837ca1f5-m1,foraging,-1.375,0.07087120882521714
model_agnostic_replication_behavior-cabe2e472f682080-m0,debugging,0.125,-0.16244724440290836
model_agnostic_replication_behavior-cabe2e472f682080-m1,debugging,2.125,1.3194005750231743
model_agnostic_replication_behavior-cac2a814fd12f323-m0,foraging,-4.25,-5.162478475501954
model_agnostic_replication_behavior-cac2a814fd12f323-m1,foraging,-4.25,-4.7709961774220915
model_agnostic_replication_behavior-caffe31504de15ed-m0,foraging,8.0,5.548730647315016
model_agnostic_replication_behavior-caffe31504de15ed-m1,foraging,5.5,5.940212945394879
model_agnostic_replication_behavior-cb264d8648dae7dc-m0,information_sampling,5.75,5.43194856264116
model_agnostic_replication_behavior-cb264d8648dae7dc-m1,information_sampling,3.875,3.4349778239292417
model_agnostic_replication_behavior-cb43b598be1f6230-m0,solvability,-2.125,0.041419061642469446
model_agnostic_replication_behavior-cb43b598be1f6230-m1,solvability,-0.5,0.149416685533858
model_agnostic_replication_behavior-cb762f52b418fdcb-m0,effort,-6.0,-7.92695620074697
model_agnostic_replication_behavior-cb762f52b418fdcb-m1,effort,-6.375,-8.276655664923762
model_agnostic_replication_behavior-cb84535bb7ed71eb-m0,bandit,2.25,3.5418895195862
model_agnostic_replication_behavior-cb84535bb7ed71eb-m1,bandit,3.375,3.5453525324485584
model_agnostic_replication_behavior-cb8b55543380cb5e-m0,debugging,-2.875,-2.3754541119987
model_agnostic_replication_behavior-cb8b55543380cb5e-m1,debugging,-3.375,-0.8936062925726174
model_agnostic_replication_behavior-cb8b8ac25578292d-m0,effort,-3.5,-4.415771229033094
model_agnostic_replication_behavior-cb8b8ac25578292d-m1,effort,-3.5,-4.765470693209888
model_agnostic_replication_behavior-cb8ff639439d9186-m0,bandit,-4.375,-3.4040066978540757
model_agnostic_replication_behavior-cb8ff639439d9186-m1,bandit,-5.25,-3.4005436849917174
model_agnostic_replication_behavior-cbd23f1e11855a01-m0,information_sampling,4.25,3.7708111555620096
model_agnostic_replication_behavior-cbd23f1e11855a01-m1,information_sampling,3.75,1.7738404168500919
model_agnostic_replication_behavior-cbe14fb518c32bf5-m0,solvability,3.875,1.6395328638744318
model_agnostic_replication_behavior-cbe14fb518c32bf5-m1,solvability,0.625,1.7475304877658202
model_agnostic_replication_behavior-cbf8f7b66dc2724d-m0,solvability,7.125,4.532840073930321
model_agnostic_replication_behavior-cbf8f7b66dc2724d-m1,solvability,6.125,4.640837697821709
model_agnostic_replication_behavior-cbfdae86726bfcbf-m0,bandit,4.625,4.771642660363003
model_agnostic_replication_behavior-cbfdae86726bfcbf-m1,bandit,5.75,4.775105673225362
model_agnostic_replication_behavior-cc182ab1c0348cd9-m0,information_sampling,3.5,1.1366190996414973
model_agnostic_replication_behavior-cc182ab1c0348cd9-m1,information_sampling,-1.125,-0.8603516390704202
model_agnostic_replication_behavior-cc35142bec71077b-m0,bandit,8.625,10.714708770246155
model_agnostic_replication_behavior-cc35142bec71077b-m1,bandit,6.75,10.718171783108513
model_agnostic_replication_behavior-cc6e6f2830321d44-m0,bandit,-1.25,-1.0965671356115811
model_agnostic_replication_behavior-cc6e6f2830321d44-m1,bandit,-0.7500000000000001,-1.0931041227492224
model_agnostic_replication_behavior-cca53cd8cf692fe6-m0,solvability,-1.7499999999999998,-2.5905247066962263
model_agnostic_replication_behavior-cca53cd8cf692fe6-m1,solvability,-1.375,-2.482527082804838
model_agnostic_replication_behavior-ccabd56750698ea0-m0,bandit,8.375,10.069700979690083
model_agnostic_replication_behavior-ccabd56750698ea0-m1,bandit,4.625,10.073163992552441
model_agnostic_replication_behavior-cce71368e4e8cffb-m0,foraging,-5.875,-5.883890053637693
model_agnostic_replication_behavior-cce71368e4e8cffb-m1,foraging,-5.75,-5.492407755557829
model_agnostic_replication_behavior-cd40b520bc9993ac-m0,solvability,-9.4375,-5.770275173267407
model_agnostic_replication_behavior-cd40b520bc9993ac-m1,solvability,-7.5,-5.662277549376019
model_agnostic_replication_behavior-cd43b1d4a86b9a0d-m0,solvability,0.0,-0.33324644371414025
model_agnostic_replication_behavior-cd43b1d4a86b9a0d-m1,solvability,1.5000000000000002,-0.2252488198227518
model_agnostic_replication_behavior-cd5908dcc57976b5-m0,debugging,-9.375,-8.02752305220312
model_agnostic_replication_behavior-cd5908dcc57976b5-m1,debugging,-7.75,-6.545675232777038
model_agnostic_replication_behavior-cdd11dc98a2797cd-m0,solvability,-3.625,-1.9332428929436374
model_agnostic_replication_behavior-cdd11dc98a2797cd-m1,solvability,-3.5,-1.825245269052249
model_agnostic_replication_behavior-ce0012fc43349f14-m0,foraging,-0.6249999999999999,-0.6667315021545873
model_agnostic_replication_behavior-ce0012fc43349f14-m1,foraging,0.8750000000000001,-0.2752492040747244
model_agnostic_replication_behavior-ce17b45040f61325-m0,foraging,5.375,-0.17915931769927929
model_agnostic_replication_behavior-ce17b45040f61325-m1,foraging,5.125,0.21232298038058361
model_agnostic_replication_behavior-ce51e6bdfcd15a37-m0,waiting,4.5,3.590472730335774
model_agnostic_replication_behavior-ce51e6bdfcd15a37-m1,waiting,4.75,3.579498206435324
model_agnostic_replication_behavior-ce62af7a7b8cc9c3-m0,effort,1.25,3.5213643990834447
model_agnostic_replication_behavior-ce62af7a7b8cc9c3-m1,effort,2.125,3.1716649349066515
model_agnostic_replication_behavior-ce9153e3a3965f72-m0,foraging,-4.125,-2.057412261868597
model_agnostic_replication_behavior-ce9153e3a3965f72-m1,foraging,-1.125,-1.665929963788733
model_agnostic_replication_behavior-ce9d657b17faa465-m0,waiting,5.0,5.410726656331529
model_agnostic_replication_behavior-ce9d657b17faa465-m1,waiting,6.25,5.399752132431079
model_agnostic_replication_behavior-cea6fe2c4907ff1d-m0,bandit,8.375,6.618219569237585
model_agnostic_replication_behavior-cea6fe2c4907ff1d-m1,bandit,8.625,6.621682582099945
model_agnostic_replication_behavior-cefb22cac783ff92-m0,debugging,-1.59375,-4.453609390830959
model_agnostic_replication_behavior-cefb22cac783ff92-m1,debugging,-0.8281249999999999,-2.9717615714048757
model_agnostic_replication_behavior-cf21850022eae0b3-m0,foraging,-5.125,-0.0768335231698104
model_agnostic_replication_behavior-cf21850022eae0b3-m1,foraging,-5.125,0.3146487749100534
model_agnostic_replication_behavior-cf243683c8977583-m0,solvability,2.625,5.838220441484273
model_agnostic_replication_behavior-cf243683c8977583-m1,solvability,4.0,5.9462180653756604
model_agnostic_replication_behavior-cf40696b5055bb2f-m0,bandit,10.8125,5.744070286859093
model_agnostic_replication_behavior-cf40696b5055bb2f-m1,bandit,9.8125,5.747533299721452
model_agnostic_replication_behavior-cf40a1994bfa02ad-m0,bandit,7.875,6.149994412114106
model_agnostic_replication_behavior-cf40a1994bfa02ad-m1,bandit,4.625,6.153457424976464
model_agnostic_replication_behavior-cf5c1a97f41a465a-m0,waiting,6.125,9.893924877740869
model_agnostic_replication_behavior-cf5c1a97f41a465a-m1,waiting,5.875,9.882950353840418
model_agnostic_replication_behavior-cf90e68c68e657cf-m0,foraging,8.9375,6.550792527307179
model_agnostic_replication_behavior-cf90e68c68e657cf-m1,foraging,8.0,6.942274825387042
model_agnostic_replication_behavior-cf9e2fae43640ac6-m0,bandit,11.0,1.5906516481579809
model_agnostic_replication_behavior-cf9e2fae43640ac6-m1,bandit,7.375,1.5941146610203396
model_agnostic_replication_behavior-cfbe144687d0e81d-m0,information_sampling,4.75,3.7708111555620096
model_agnostic_replication_behavior-cfbe144687d0e81d-m1,information_sampling,2.875,1.7738404168500919
model_agnostic_replication_behavior-d043ac58ac93fc53-m0,effort,1.75,2.0587428458363726
model_agnostic_replication_behavior-d043ac58ac93fc53-m1,effort,1.3750000000000002,1.7090433816595794
model_agnostic_replication_behavior-d0743f409259f1d9-m0,solvability,-2.5,-3.0842193364768615
model_agnostic_replication_behavior-d0743f409259f1d9-m1,solvability,-2.375,-2.976221712585473
model_agnostic_replication_behavior-d137e813c22657a5-m0,bandit,-5.125,-1.7875980360167163
model_agnostic_replication_behavior-d137e813c22657a5-m1,bandit,-5.25,-1.7841350231543576
model_agnostic_replication_behavior-d16f4aaf0d4f7806-m0,effort,-3.25,-3.4140857354251324
model_agnostic_replication_behavior-d16f4aaf0d4f7806-m1,effort,-2.5,-3.7637851996019256
model_agnostic_replication_behavior-d1777695acfe6211-m0,information_sampling,-0.5,-0.432967627999171
model_agnostic_replication_behavior-d1777695acfe6211-m1,information_sampling,-2.0,-2.429938366711089
model_agnostic_replication_behavior-d19ca4e99f8a64f8-m0,debugging,2.625,-1.4827090782931167
model_agnostic_replication_behavior-d19ca4e99f8a64f8-m1,debugging,3.125,-0.0008612588670338095
model_agnostic_replication_behavior-d1b19f675cd914e4-m0,bandit,-3.0,-3.8235717939821825
model_agnostic_replication_behavior-d1b19f675cd914e4-m1,bandit,-5.125,-3.8201087811198233
model_agnostic_replication_behavior-d1b3c904c14d3353-m0,waiting,-5.25,-2.9096613793341355
model_agnostic_replication_behavior-d1b3c904c14d3353-m1,waiting,-6.375,-2.9206359032345857
model_agnostic_replication_behavior-d1b4f6b57f74ab21-m0,solvability,-2.03125,-3.306010619777579
model_agnostic_replication_behavior-d1b4f6b57f74ab21-m1,solvability,0.9843750000000002,-3.1980129958861907
model_agnostic_replication_behavior-d1bb2eb6f541dd88-m0,solvability,-2.5,-0.5888624656769401
model_agnostic_replication_behavior-d1bb2eb6f541dd88-m1,solvability,-3.375,-0.48086484178555167
model_agnostic_replication_behavior-d1d9ff517c52bc54-m0,bandit,-3.5,-4.346281895641649
model_agnostic_replication_behavior-d1d9ff517c52bc54-m1,bandit,-3.875,-4.34281888277929
model_agnostic_replication_behavior-d200e83676e40c72-m0,bandit,-8.25,-5.594328234583354
model_agnostic_replication_behavior-d200e83676e40c72-m1,bandit,-8.125,-5.590865221720994
model_agnostic_replication_behavior-d213c7dbb3313688-m0,foraging,-2.5,-3.8012936862346685
model_agnostic_replication_behavior-d213c7dbb3313688-m1,foraging,-3.25,-3.409811388154805
model_agnostic_replication_behavior-d280bd53edce024b-m0,information_sampling,1.25,0.36881662481758193
model_agnostic_replication_behavior-d280bd53edce024b-m1,information_sampling,1.8749999999999998,-1.628154113894336
model_agnostic_replication_behavior-d30aa84f83d8e61e-m0,bandit,-9.5,-8.178402012821554
model_agnostic_replication_behavior-d30aa84f83d8e61e-m1,bandit,-7.375,-8.174938999959195
model_agnostic_replication_behavior-d330ab1c17094d1d-m0,foraging,6.875,4.738928749111279
model_agnostic_replication_behavior-d330ab1c17094d1d-m1,foraging,5.5,5.130411047191143
model_agnostic_replication_behavior-d346726d4f52cab9-m0,foraging,-4.375,-5.095695553779132
model_agnostic_replication_behavior-d346726d4f52cab9-m1,foraging,-4.25,-4.704213255699268
model_agnostic_replication_behavior-d3683e1e6fa351f1-m0,waiting,6.0,4.591945001837042
model_agnostic_replication_behavior-d3683e1e6fa351f1-m1,waiting,6.375,4.580970477936591
model_agnostic_replication_behavior-d379f367ff1090ef-m0,effort,3.25,0.8450170840801139
model_agnostic_replication_behavior-d379f367ff1090ef-m1,effort,2.625,0.4953176199033207
model_agnostic_replication_behavior-d3adb3367ff115a3-m0,information_sampling,5.375,4.126402971232808
model_agnostic_replication_behavior-d3adb3367ff115a3-m1,information_sampling,4.625,2.12943223252089
model_agnostic_replication_behavior-d3d99261a1ebf2a2-m0,solvability,0.8750000000000001,2.9812470874659454
model_agnostic_replication_behavior-d3d99261a1ebf2a2-m1,solvability,-0.8750000000000002,3.089244711357334
model_agnostic_replication_behavior-d3ddd630cd9985ae-m0,waiting,-7.0,-4.725911711973117
model_agnostic_replication_behavior-d3ddd630cd9985ae-m1,waiting,-7.125,-4.736886235873566
model_agnostic_replication_behavior-d3eb406d7e72ebd3-m0,foraging,-7.25,-8.981610041358238
model_agnostic_replication_behavior-d3eb406d7e72ebd3-m1,foraging,-5.5,-8.590127743278375
model_agnostic_replication_behavior-d3ec8d1af6196119-m0,information_sampling,2.0,1.18739400490574
model_agnostic_replication_behavior-d3ec8d1af6196119-m1,information_sampling,-0.8750000000000002,-0.8095767338061775
model_agnostic_replication_behavior-d409b89ede31fba1-m0,solvability,-2.125,-4.976792134084669
model_agnostic_replication_behavior-d409b89ede31fba1-m1,solvability,-2.0,-4.868794510193281
model_agnostic_replication_behavior-d47af5b72a03f286-m0,waiting,5.5,1.8245950956509451
model_agnostic_replication_behavior-d47af5b72a03f286-m1,waiting,5.625,1.8136205717504945
model_agnostic_replication_behavior-d482d6a850809cd2-m0,solvability,5.0,3.0405487173437944
model_agnostic_replication_behavior-d482d6a850809cd2-m1,solvability,2.625,3.148546341235183
model_agnostic_replication_behavior-d4ead682d6b06b87-m0,effort,-0.37499999999999994,-2.983230676356827
model_agnostic_replication_behavior-d4ead682d6b06b87-m1,effort,-0.25,-3.33293014053362
model_agnostic_replication_behavior-d4f04074de891d4f-m0,solvability,9.25,9.109483315102947
model_agnostic_replication_behavior-d4f04074de891d4f-m1,solvability,9.5,9.217480938994335
model_agnostic_replication_behavior-d4f5918a2c38668a-m0,bandit,-9.125,-6.916714703006757
model_agnostic_replication_behavior-d4f5918a2c38668a-m1,bandit,-7.5,-6.913251690144397
model_agnostic_replication_behavior-d57f5aabcaa96f0e-m0,information_sampling,3.875,3.6951468062151944
model_agnostic_replication_behavior-d57f5aabcaa96f0e-m1,information_sampling,1.8749999999999998,1.6981760675032769
model_agnostic_replication_behavior-d5994e9ce0b18ca5-m0,bandit,3.125,0.568298404763905
model_agnostic_replication_behavior-d5994e9ce0b18ca5-m1,bandit,4.375,0.571761417626264
model_agnostic_replication_behavior-d59e78724a1ecd0f-m0,debugging,2.125,0.7593049277945711
model_agnostic_replication_behavior-d59e78724a1ecd0f-m1,debugging,3.75,2.241152747220654
model_agnostic_replication_behavior-d59fdef08a93a9ff-m0,bandit,3.875,4.6000284386490895
model_agnostic_replication_behavior-d59fdef08a93a9ff-m1,bandit,-0.6249999999999999,4.603491451511449
model_agnostic_replication_behavior-d5a982c8cc426bb0-m0,debugging,-5.875,-4.9182853482482685
model_agnostic_replication_behavior-d5a982c8cc426bb0-m1,debugging,-3.625,-3.4364375288221862
model_agnostic_replication_behavior-d5d50d3ba4cfcc60-m0,effort,-4.875,-1.5127108974033145
model_agnostic_replication_behavior-d5d50d3ba4cfcc60-m1,effort,-4.875,-1.862410361580108
model_agnostic_replication_behavior-d61b82ff2971c5d7-m0,effort,5.75,3.3728670480476484
model_agnostic_replication_behavior-d61b82ff2971c5d7-m1,effort,4.875,3.023167583870855
model_agnostic_replication_behavior-d667f3c1179ad7b0-m0,effort,-10.3125,-10.158360686466516
model_agnostic_replication_behavior-d667f3c1179ad7b0-m1,effort,-8.9375,-10.50806015064331
model_agnostic_replication_behavior-d69eaa3c7efc08c9-m0,foraging,-1.625,-2.043366931195548
model_agnostic_replication_behavior-d69eaa3c7efc08c9-m1,foraging,-1.5,-1.6518846331156842
model_agnostic_replication_behavior-d6a92de8271da676-m0,debugging,-3.0,-4.4635383460395905
model_agnostic_replication_behavior-d6a92de8271da676-m1,debugging,-1.375,-2.981690526613508
model_agnostic_replication_behavior-d6f60eb286ec217f-m0,information_sampling,3.625,2.5496927761930426
model_agnostic_replication_behavior-d6f60eb286ec217f-m1,information_sampling,3.125,0.552722037481125
model_agnostic_replication_behavior-d6fbbff87b44116d-m0,information_sampling,4.625,1.9084545494527347
model_agnostic_replication_behavior-d6fbbff87b44116d-m1,information_sampling,2.875,-0.08851618925918281
model_agnostic_replication_behavior-d7086d07c6f649ab-m0,solvability,-10.375,-11.532789165381057
model_agnostic_replication_behavior-d7086d07c6f649ab-m1,solvability,-8.125,-11.424791541489668
model_agnostic_replication_behavior-d7292bc9a2a8db0c-m0,debugging,-6.375,-4.863066475658556
model_agnostic_replication_behavior-d7292bc9a2a8db0c-m1,debugging,-6.125,-3.381218656232472
model_agnostic_replication_behavior-d7329b52c1b7a1ab-m0,solvability,6.5,2.8899436225454167
model_agnostic_replication_behavior-d7329b52c1b7a1ab-m1,solvability,5.25,2.997941246436805
model_agnostic_replication_behavior-d7660146d6b6baa5-m0,bandit,-5.875,-8.19152679926778
model_agnostic_replication_behavior-d7660146d6b6baa5-m1,bandit,-6.625,-8.18806378640542
model_agnostic_replication_behavior-d78c35861e238d4b-m0,effort,-4.0,-3.6150439389090687
model_agnostic_replication_behavior-d78c35861e238d4b-m1,effort,-4.25,-3.964743403085862
model_agnostic_replication_behavior-d7d0bae43a6cfe6e-m0,debugging,1.75,-1.401224059265581
model_agnostic_replication_behavior-d7d0bae43a6cfe6e-m1,debugging,4.25,0.08062376016050177
model_agnostic_replication_behavior-d7db88b2c9a45970-m0,waiting,4.625,5.410726656331529
model_agnostic_replication_behavior-d7db88b2c9a45970-m1,waiting,5.875,5.399752132431079
model_agnostic_replication_behavior-d808239d2f4631ed-m0,solvability,8.75,3.7070279853459036
model_agnostic_replication_behavior-d808239d2f4631ed-m1,solvability,7.75,3.815025609237292
model_agnostic_replication_behavior-d80a2c499995cd62-m0,effort,-4.75,-4.219447794575841
model_agnostic_replication_behavior-d80a2c499995cd62-m1,effort,-5.125,-4.5691472587526345
model_agnostic_replication_behavior-d827d6c47171d7d9-m0,effort,-3.75,-3.581532083529223
model_agnostic_replication_behavior-d827d6c47171d7d9-m1,effort,-3.25,-3.931231547706016
model_agnostic_replication_behavior-d8429f58f6bb708e-m0,debugging,-2.0,-1.1754974721941933
model_agnostic_replication_behavior-d8429f58f6bb708e-m1,debugging,1.75,0.30635034723188936
model_agnostic_replication_behavior-d84836cfe163999e-m0,bandit,9.5,1.4786394335134845
model_agnostic_replication_behavior-d84836cfe163999e-m1,bandit,8.625,1.4821024463758432
model_agnostic_replication_behavior-d8a4f8b8163300d1-m0,information_sampling,5.25,3.8211181189049706
model_agnostic_replication_behavior-d8a4f8b8163300d1-m1,information_sampling,3.25,1.824147380193053
model_agnostic_replication_behavior-d8b62cd928a1c074-m0,foraging,5.5,1.8784638676152396
model_agnostic_replication_behavior-d8b62cd928a1c074-m1,foraging,5.875,2.2699461656951034
model_agnostic_replication_behavior-d976d70d5336adda-m0,foraging,-5.625,-1.8076532072105231
model_agnostic_replication_behavior-d976d70d5336adda-m1,foraging,-5.0,-1.4161709091306596
model_agnostic_replication_behavior-d9fcead5258f575a-m0,foraging,-4.0,1.399510338832353
model_agnostic_replication_behavior-d9fcead5258f575a-m1,foraging,-3.375,1.7909926369122164
model_agnostic_replication_behavior-da2a70b6562b7bf5-m0,solvability,12.1875,10.290408384342287
model_agnostic_replication_behavior-da2a70b6562b7bf5-m1,solvability,11.875,10.398406008233676
model_agnostic_replication_behavior-db0ddcf4b1354e0c-m0,solvability,7.75,5.741061560351446
model_agnostic_replication_behavior-db0ddcf4b1354e0c-m1,solvability,6.125,5.849059184242835
model_agnostic_replication_behavior-db148363fbd0f843-m0,information_sampling,-0.6249999999999999,-0.008138275109374149
model_agnostic_replication_behavior-db148363fbd0f843-m1,information_sampling,0.37499999999999994,-2.0051090138212917
model_agnostic_replication_behavior-db29048e86cb47a1-m0,foraging,-2.0,-0.1662616135163063
model_agnostic_replication_behavior-db29048e86cb47a1-m1,foraging,-3.125,0.22522068456355748
model_agnostic_replication_behavior-db450846fc1b2470-m0,bandit,10.9375,7.2066529923852825
model_agnostic_replication_behavior-db450846fc1b2470-m1,bandit,8.25,7.210116005247641
model_agnostic_replication_behavior-db98741b892f2000-m0,foraging,-1.25,-1.1183385345727928
model_agnostic_replication_behavior-db98741b892f2000-m1,foraging,-1.5,-0.7268562364929292
model_agnostic_replication_behavior-db9e1a95932f6eee-m0,debugging,-4.25,-2.269253116882491
model_agnostic_replication_behavior-db9e1a95932f6eee-m1,debugging,-0.8750000000000002,-0.7874052974564086
model_agnostic_replication_behavior-dbaeb0b0d4571653-m0,effort,-8.25,-4.016754891057253
model_agnostic_replication_behavior-dbaeb0b0d4571653-m1,effort,-8.375,-4.366454355234046
model_agnostic_replication_behavior-dbfc9a4bcf6cef60-m0,debugging,3.375,0.24247193008377432
model_agnostic_replication_behavior-dbfc9a4bcf6cef60-m1,debugging,3.875,1.7243197495098572
model_agnostic_replication_behavior-dd000db3a7349dd2-m0,waiting,-5.25,-3.654167468448222
model_agnostic_replication_behavior-dd000db3a7349dd2-m1,waiting,-6.0,-3.6651419923486723
model_agnostic_replication_behavior-dd074cf6a0e8e39c-m0,information_sampling,4.25,2.529654170048424
model_agnostic_replication_behavior-dd074cf6a0e8e39c-m1,information_sampling,2.0,0.5326834313365065
model_agnostic_replication_behavior-dd0e73641d39781f-m0,foraging,7.25,1.5550932334294103
model_agnostic_replication_behavior-dd0e73641d39781f-m1,foraging,6.5,1.946575531509274
model_agnostic_replication_behavior-dd323ddf12799b49-m0,debugging,-5.625,-1.4632373562947931
model_agnostic_replication_behavior-dd323ddf12799b49-m1,debugging,-2.125,0.018610463131289556
model_agnostic_replication_behavior-dd672c5fe7b7b5e2-m0,foraging,9.4375,3.959362734829672
model_agnostic_replication_behavior-dd672c5fe7b7b5e2-m1,foraging,8.625,4.350845032909535
model_agnostic_replication_behavior-ddd8e57dd4bc529b-m0,foraging,3.25,-0.6507407091467033
model_agnostic_replication_behavior-ddd8e57dd4bc529b-m1,foraging,2.25,-0.25925841106684
model_agnostic_replication_behavior-de1c13ac9bb6a90e-m0,debugging,-5.375,-1.5588040096049514
model_agnostic_replication_behavior-de1c13ac9bb6a90e-m1,debugging,-5.125,-0.07695619017886868
model_agnostic_replication_behavior-de1dd1ee552bd522-m0,waiting,3.875,2.767290142048692
model_agnostic_replication_behavior-de1dd1ee552bd522-m1,waiting,5.0,2.7563156181482413
model_agnostic_replication_behavior-de57795b749e7736-m0,effort,-4.25,-2.7437957832678226
model_agnostic_replication_behavior-de57795b749e7736-m1,effort,-4.0,-3.093495247444616
model_agnostic_replication_behavior-de8205ea3bd46647-m0,foraging,-2.625,-0.2597335842007261
model_agnostic_replication_behavior-de8205ea3bd46647-m1,foraging,-0.6249999999999999,0.13174871387913767
model_agnostic_replication_behavior-deac1b0810817793-m0,solvability,-11.4375,-9.70054433443596
model_agnostic_replication_behavior-deac1b0810817793-m1,solvability,-7.75,-9.592546710544571
model_agnostic_replication_behavior-deb1692b41d7709e-m0,effort,-3.0,-2.3981667497121286
model_agnostic_replication_behavior-deb1692b41d7709e-m1,effort,-4.125,-2.747866213888922
model_agnostic_replication_behavior-ded62555a192642b-m0,information_sampling,-1.1718749999999998,3.326853680232081
model_agnostic_replication_behavior-ded62555a192642b-m1,information_sampling,0.5,1.329882941520164
model_agnostic_replication_behavior-def535cd40206981-m0,bandit,-10.4375,-6.626955700564825
model_agnostic_replication_behavior-def535cd40206981-m1,bandit,-9.8125,-6.623492687702466
model_agnostic_replication_behavior-dfc0ae811cc0aac4-m0,waiting,-2.0,-2.3086336625631
model_agnostic_replication_behavior-dfc0ae811cc0aac4-m1,waiting,-2.625,-2.3196081864635505
model_agnostic_replication_behavior-dfcebbce010f24a8-m0,debugging,-4.75,-4.8794269258699146
model_agnostic_replication_behavior-dfcebbce010f24a8-m1,debugging,-3.25,-3.3975791064438323
model_agnostic_replication_behavior-dfd06bd2b86e9d58-m0,solvability,-0.37499999999999994,1.449219908244665
model_agnostic_replication_behavior-dfd06bd2b86e9d58-m1,solvability,-2.375,1.5572175321360535
model_agnostic_replication_behavior-dfd698f9bb3ca6ea-m0,debugging,-7.125,-6.918483479106007
model_agnostic_replication_behavior-dfd698f9bb3ca6ea-m1,debugging,-5.375,-5.436635659679924
model_agnostic_replication_behavior-dfd6e503c87fabe8-m0,debugging,-3.375,-1.3882872612113808
model_agnostic_replication_behavior-dfd6e503c87fabe8-m1,debugging,-0.8750000000000002,0.09356055821470188
model_agnostic_replication_behavior-dff09a3fc5d1ea1e-m0,information_sampling,5.0,3.181854278454873
model_agnostic_replication_behavior-dff09a3fc5d1ea1e-m1,information_sampling,1.8749999999999998,1.1848835397429558
model_agnostic_replication_behavior-e00ec49a934a4c30-m0,information_sampling,0.24999999999999992,0.11809115830072692
model_agnostic_replication_behavior-e00ec49a934a4c30-m1,information_sampling,-1.5,-1.8788795804111906
model_agnostic_replication_behavior-e0523c12fa229e16-m0,information_sampling,4.25,2.7044296148775495
model_agnostic_replication_behavior-e0523c12fa229e16-m1,information_sampling,3.125,0.7074588761656322
model_agnostic_replication_behavior-e0c50aebcdc155c3-m0,information_sampling,1.25,1.1689084909542116
model_agnostic_replication_behavior-e0c50aebcdc155c3-m1,information_sampling,0.0,-0.8280622477577064
model_agnostic_replication_behavior-e13eafc7c960a917-m0,debugging,-5.0,-2.690781671225881
model_agnostic_replication_behavior-e13eafc7c960a917-m1,debugging,-4.625,-1.2089338517997987
model_agnostic_replication_behavior-e1627f42a381db93-m0,solvability,-6.5,-7.868075136847164
model_agnostic_replication_behavior-e1627f42a381db93-m1,solvability,-5.125,-7.760077512955776
model_agnostic_replication_behavior-e1727f2f013aa6a6-m0,information_sampling,-1.5,-0.5305843976245814
model_agnostic_replication_behavior-e1727f2f013aa6a6-m1,information_sampling,-4.0,-2.527555136336499
model_agnostic_replication_behavior-e18c4b7ac858962f-m0,information_sampling,2.875,0.9188648940602948
model_agnostic_replication_behavior-e18c4b7ac858962f-m1,information_sampling,-1.625,-1.0781058446516232
model_agnostic_replication_behavior-e1aa365dc4ec0bf5-m0,bandit,-9.875,-9.962283239868952
model_agnostic_replication_behavior-e1aa365dc4ec0bf5-m1,bandit,-9.125,-9.958820227006594
model_agnostic_replication_behavior-e1b7a13161d92bc7-m0,foraging,4.875,3.792858585429608
model_agnostic_replication_behavior-e1b7a13161d92bc7-m1,foraging,2.5,4.1843408835094715
model_agnostic_replication_behavior-e1be026f1bd13a1a-m0,information_sampling,6.125,5.904835131409548
model_agnostic_replication_behavior-e1be026f1bd13a1a-m1,information_sampling,4.25,3.9078643926976304
model_agnostic_replication_behavior-e1cfa7fa5f98613b-m0,bandit,12.75,13.064472644943255
model_agnostic_replication_behavior-e1cfa7fa5f98613b-m1,bandit,8.875,13.067935657805613
model_agnostic_replication_behavior-e22a65024222f5e0-m0,waiting,2.125,1.3289787801941682
model_agnostic_replication_behavior-e22a65024222f5e0-m1,waiting,3.125,1.318004256293718
model_agnostic_replication_behavior-e23101e189f9e151-m0,solvability,-7.0,-2.010671390858204
model_agnostic_replication_behavior-e23101e189f9e151-m1,solvability,-5.25,-1.9026737669668152
model_agnostic_replication_behavior-e23819863e69a4ab-m0,waiting,7.625,5.03268529196629
model_agnostic_replication_behavior-e23819863e69a4ab-m1,waiting,7.875,5.02171076806584
model_agnostic_replication_behavior-e2717f197050d2c1-m0,solvability,-0.6249999999999999,0.1415359877888146
model_agnostic_replication_behavior-e2717f197050d2c1-m1,solvability,0.37499999999999994,0.24953361168020283
model_agnostic_replication_behavior-e281e650e2b2e7ff-m0,solvability,-4.5,1.4932119213204427
model_agnostic_replication_behavior-e281e650e2b2e7ff-m1,solvability,-4.375,1.601209545211831
model_agnostic_replication_behavior-e28ca8a62a623b65-m0,solvability,9.375,3.7685159361334213
model_agnostic_replication_behavior-e28ca8a62a623b65-m1,solvability,8.0,3.8765135600248097
model_agnostic_replication_behavior-e2a47e2fe0ce667a-m0,effort,1.625,0.8133939678699544
model_agnostic_replication_behavior-e2a47e2fe0ce667a-m1,effort,2.125,0.463694503693161
model_agnostic_replication_behavior-e2a6ab722a481aff-m0,solvability,-0.12500000000000006,5.843294816865874
model_agnostic_replication_behavior-e2a6ab722a481aff-m1,solvability,2.40625,5.951292440757262
model_agnostic_replication_behavior-e2a839652f5ae604-m0,foraging,6.375,2.1720185797073146
model_agnostic_replication_behavior-e2a839652f5ae604-m1,foraging,4.625,2.5635008777871784
model_agnostic_replication_behavior-e342b2befa4c7e32-m0,effort,3.625,4.770035250830992
model_agnostic_replication_behavior-e342b2befa4c7e32-m1,effort,2.875,4.4203357866541975
model_agnostic_replication_behavior-e35b05e591d8de01-m0,bandit,11.75,9.97598196321049
model_agnostic_replication_behavior-e35b05e591d8de01-m1,bandit,8.25,9.979444976072848
model_agnostic_replication_behavior-e35d26b0774afc75-m0,effort,-5.0,-4.5798290643974084
model_agnostic_replication_behavior-e35d26b0774afc75-m1,effort,-5.125,-4.929528528574202
model_agnostic_replication_behavior-e362da27226caf34-m0,debugging,1.0,1.1622610936177225
model_agnostic_replication_behavior-e362da27226caf34-m1,debugging,2.875,2.644108913043805
model_agnostic_replication_behavior-e365d19d13dd5848-m0,information_sampling,3.375,1.1308668712404737
model_agnostic_replication_behavior-e365d19d13dd5848-m1,information_sampling,0.24999999999999992,-0.866103867471444
model_agnostic_replication_behavior-e3956b8eaef66d0f-m0,effort,-3.5,-2.9216266191780647
model_agnostic_replication_behavior-e3956b8eaef66d0f-m1,effort,-4.0,-3.271326083354858
model_agnostic_replication_behavior-e3a12d33787d4cc7-m0,foraging,5.75,1.377438656712835
model_agnostic_replication_behavior-e3a12d33787d4cc7-m1,foraging,4.625,1.7689209547926987
model_agnostic_replication_behavior-e3a4db8fc64bde40-m0,foraging,-2.0,-1.5861824914178322
model_agnostic_replication_behavior-e3a4db8fc64bde40-m1,foraging,-2.75,-1.1947001933379688
model_agnostic_replication_behavior-e3c1e572ceae6e38-m0,solvability,5.75,-0.5958573126936222
model_agnostic_replication_behavior-e3c1e572ceae6e38-m1,solvability,4.125,-0.48785968880223374
model_agnostic_replication_behavior-e3ec028ac8bbac5c-m0,solvability,9.25,10.247580992180955
model_agnostic_replication_behavior-e3ec028ac8bbac5c-m1,solvability,7.25,10.355578616072345
model_agnostic_replication_behavior-e3f7b5323b571139-m0,effort,-4.25,-5.032213385211142
model_agnostic_replication_behavior-e3f7b5323b571139-m1,effort,-3.75,-5.381912849387935
model_agnostic_replication_behavior-e405aacf71572021-m0,waiting,0.0,0.15921106784039107
model_agnostic_replication_behavior-e405aacf71572021-m1,waiting,-1.125,0.1482365439399409
model_agnostic_replication_behavior-e4130daf18597b99-m0,information_sampling,1.8749999999999998,4.340684103247682
model_agnostic_replication_behavior-e4130daf18597b99-m1,information_sampling,1.125,2.3437133645357644
model_agnostic_replication_behavior-e4245e55e6685add-m0,effort,-4.625,0.013246698667955581
model_agnostic_replication_behavior-e4245e55e6685add-m1,effort,-4.125,-0.3364527655088374
model_agnostic_replication_behavior-e44567800c190745-m0,debugging,-4.375,-2.180192335915627
model_agnostic_replication_behavior-e44567800c190745-m1,debugging,-0.12500000000000006,-0.6983445164895445
model_agnostic_replication_behavior-e4475425ae2e189d-m0,waiting,-0.5,0.29095816430237453
model_agnostic_replication_behavior-e4475425ae2e189d-m1,waiting,-0.5,0.279983640401924
model_agnostic_replication_behavior-e450c15b42ad5e25-m0,waiting,9.5,10.424526813720778
model_agnostic_replication_behavior-e450c15b42ad5e25-m1,waiting,9.125,10.413552289820327
model_agnostic_replication_behavior-e45d06872af0ddb3-m0,effort,-6.0,-2.1000342443729334
model_agnostic_replication_behavior-e45d06872af0ddb3-m1,effort,-6.875,-2.4497337085497275
model_agnostic_replication_behavior-e4ecda320ff526b6-m0,bandit,4.0,3.5761948564633026
model_agnostic_replication_behavior-e4ecda320ff526b6-m1,bandit,4.75,3.5796578693256618
model_agnostic_replication_behavior-e4f023bc32461ac1-m0,effort,2.375,-0.8330719485187952
model_agnostic_replication_behavior-e4f023bc32461ac1-m1,effort,2.5,-1.1827714126955884
model_agnostic_replication_behavior-e5053587e367069c-m0,effort,-7.75,-6.105675155883258
model_agnostic_replication_behavior-e5053587e367069c-m1,effort,-6.875,-6.455374620060051
model_agnostic_replication_behavior-e50e862cb495a309-m0,information_sampling,3.25,3.870891600353446
model_agnostic_replication_behavior-e50e862cb495a309-m1,information_sampling,0.8750000000000001,1.8739208616415284
model_agnostic_replication_behavior-e5272e5d757616cb-m0,foraging,-2.0,-2.963638686804695
model_agnostic_replication_behavior-e5272e5d757616cb-m1,foraging,-3.0,-2.5721563887248315
model_agnostic_replication_behavior-e52f819667c5b4c1-m0,debugging,3.75,-1.5576274129702992
model_agnostic_replication_behavior-e52f819667c5b4c1-m1,debugging,5.625,-0.07577959354421648
model_agnostic_replication_behavior-e533effdeb8c2818-m0,waiting,5.375,7.001772899452721
model_agnostic_replication_behavior-e533effdeb8c2818-m1,waiting,5.875,6.99079837555227
model_agnostic_replication_behavior-e53a4764fdf6187f-m0,effort,-3.625,-1.0477668246008032
model_agnostic_replication_behavior-e53a4764fdf6187f-m1,effort,-4.125,-1.3974662887775962
model_agnostic_replication_behavior-e53a7a693142c012-m0,solvability,10.6875,7.845375447942569
model_agnostic_replication_behavior-e53a7a693142c012-m1,solvability,9.75,7.953373071833958
model_agnostic_replication_behavior-e58833a19fabc4ea-m0,solvability,7.125,2.3157268759047005
model_agnostic_replication_behavior-e58833a19fabc4ea-m1,solvability,6.125,2.423724499796089
model_agnostic_replication_behavior-e5b07c9260de10c3-m0,effort,-1.625,-1.3288803869901156
model_agnostic_replication_behavior-e5b07c9260de10c3-m1,effort,-1.625,-1.6785798511669088
model_agnostic_replication_behavior-e5c77b67b53b87a6-m0,debugging,-7.5,-4.775721915921563
model_agnostic_replication_behavior-e5c77b67b53b87a6-m1,debugging,-4.25,-3.2938740964954802
model_agnostic_replication_behavior-e6358c0dfcd3733a-m0,information_sampling,4.75,3.9458035533634006
model_agnostic_replication_behavior-e6358c0dfcd3733a-m1,information_sampling,4.5,1.948832814651483
model_agnostic_replication_behavior-e6567fe81472a136-m0,foraging,7.875,4.218577638023052
model_agnostic_replication_behavior-e6567fe81472a136-m1,foraging,6.5,4.610059936102915
model_agnostic_replication_behavior-e66eca82214ec672-m0,foraging,-4.5,-3.283626630494229
model_agnostic_replication_behavior-e66eca82214ec672-m1,foraging,-3.25,-2.892144332414366
model_agnostic_replication_behavior-e6acaca816b1e04a-m0,debugging,-4.5,-1.492534604560352
model_agnostic_replication_behavior-e6acaca816b1e04a-m1,debugging,-3.75,-0.010686785134269572
model_agnostic_replication_behavior-e6b7a6aa1c64ac47-m0,foraging,4.25,3.767404212813799
model_agnostic_replication_behavior-e6b7a6aa1c64ac47-m1,foraging,6.0,4.158886510893662
model_agnostic_replication_behavior-e7131c602fb6be3b-m0,effort,-3.75,-2.390044894345894
model_agnostic_replication_behavior-e7131c602fb6be3b-m1,effort,-4.625,-2.739744358522687
model_agnostic_replication_behavior-e71470da955830f1-m0,waiting,-8.25,-5.895679424326893
model_agnostic_replication_behavior-e71470da955830f1-m1,waiting,-6.625,-5.906653948227343
model_agnostic_replication_behavior-e7227d9455b43c69-m0,debugging,-3.25,-1.3150560961632394
model_agnostic_replication_behavior-e7227d9455b43c69-m1,debugging,2.875,0.1667917232628433
model_agnostic_replication_behavior-e74d719a15693956-m0,waiting,-0.6249999999999999,-0.6905526138204556
model_agnostic_replication_behavior-e74d719a15693956-m1,waiting,-0.5,-0.701527137720906
model_agnostic_replication_behavior-e7e325e8f19f0aa2-m0,debugging,-4.75,-3.6163152856124445
model_agnostic_replication_behavior-e7e325e8f19f0aa2-m1,debugging,-5.375,-2.1344674661863614
model_agnostic_replication_behavior-e8139c9eef6388bd-m0,foraging,-0.6406250000000001,-2.4695761628759842
model_agnostic_replication_behavior-e8139c9eef6388bd-m1,foraging,0.15625000000000014,-2.0780938647961213
model_agnostic_replication_behavior-e814d92f35ea39c3-m0,effort,-6.25,-7.4692285811168855
model_agnostic_replication_behavior-e814d92f35ea39c3-m1,effort,-5.5,-7.818928045293679
model_agnostic_replication_behavior-e826284d29b7f22d-m0,debugging,-6.25,-5.097293137549286
model_agnostic_replication_behavior-e826284d29b7f22d-m1,debugging,-5.375,-3.615445318123204
model_agnostic_replication_behavior-e85036da82aaabb3-m0,effort,-6.375,-7.858114337543464
model_agnostic_replication_behavior-e85036da82aaabb3-m1,effort,-6.5,-8.207813801720258
model_agnostic_replication_behavior-e86b74881cb83d0c-m0,debugging,-6.125,-4.594446121525113
model_agnostic_replication_behavior-e86b74881cb83d0c-m1,debugging,-1.375,-3.1125983020990304
model_agnostic_replication_behavior-e8c60c014137e4e8-m0,debugging,5.375,0.5195774723783237
model_agnostic_replication_behavior-e8c60c014137e4e8-m1,debugging,6.625,2.0014252918044066
model_agnostic_replication_behavior-e8de54e2a8b83e6e-m0,solvability,-3.625,2.4761416324796413
model_agnostic_replication_behavior-e8de54e2a8b83e6e-m1,solvability,-1.875,2.5841392563710297
model_agnostic_replication_behavior-e8e2c0caefb7fd6c-m0,solvability,-0.7500000000000001,1.117518409221186
model_agnostic_replication_behavior-e8e2c0caefb7fd6c-m1,solvability,-0.6249999999999999,1.2255160331125745
model_agnostic_replication_behavior-e8e328bf454fc796-m0,debugging,4.375,2.732194155368343
model_agnostic_replication_behavior-e8e328bf454fc796-m1,debugging,6.375,4.214041974794425
model_agnostic_replication_behavior-e8e5fe3af5f5cd49-m0,effort,-4.125,-4.464865754974759
model_agnostic_replication_behavior-e8e5fe3af5f5cd49-m1,effort,-4.5,-4.814565219151552
model_agnostic_replication_behavior-e9488a428a12b7d9-m0,foraging,3.875,0.1985043204678525
model_agnostic_replication_behavior-e9488a428a12b7d9-m1,foraging,3.875,0.5899866185477157
model_agnostic_replication_behavior-e989b584823a1a23-m0,debugging,7.5,5.807291172550764
model_agnostic_replication_behavior-e989b584823a1a23-m1,debugging,7.375,7.289138991976847
model_agnostic_replication_behavior-e9d217b7b04e9ff7-m0,waiting,3.625,3.2080304321779405
model_agnostic_replication_behavior-e9d217b7b04e9ff7-m1,waiting,4.25,3.1970559082774903
model_agnostic_replication_behavior-e9f49c81b0507b1b-m0,waiting,7.875,7.897904858213769
model_agnostic_replication_behavior-e9f49c81b0507b1b-m1,waiting,8.375,7.886930334313318
model_agnostic_replication_behavior-ea0499b609c6983e-m0,foraging,3.375,0.4714406938966861
model_agnostic_replication_behavior-ea0499b609c6983e-m1,foraging,4.5,0.8629229919765499
model_agnostic_replication_behavior-ea0a881388564910-m0,information_sampling,0.24999999999999992,2.675705256630877
model_agnostic_replication_behavior-ea0a881388564910-m1,information_sampling,-3.25,0.6787345179189594
model_agnostic_replication_behavior-ea0ca07044755ffe-m0,information_sampling,1.75,0.6118221150791303
model_agnostic_replication_behavior-ea0ca07044755ffe-m1,information_sampling,2.5,-1.3851486236327872
model_agnostic_replication_behavior-ea20419211f96601-m0,foraging,2.0,1.1862924076670165
model_agnostic_replication_behavior-ea20419211f96601-m1,foraging,4.125,1.5777747057468803
model_agnostic_replication_behavior-ea316fb9d3036eb6-m0,foraging,0.125,0.3579444983576826
model_agnostic_replication_behavior-ea316fb9d3036eb6-m1,foraging,2.25,0.7494267964375462
model_agnostic_replication_behavior-ea6d2a2d7825251a-m0,information_sampling,4.5,4.843935938028051
model_agnostic_replication_behavior-ea6d2a2d7825251a-m1,information_sampling,4.5,2.846965199316135
model_agnostic_replication_behavior-ebdb6df7f6304643-m0,effort,1.8749999999999998,-2.2898390915020457
model_agnostic_replication_behavior-ebdb6df7f6304643-m1,effort,2.0,-2.639538555678839
model_agnostic_replication_behavior-ebe23e696e3b3056-m0,solvability,-4.0,-1.1479478249182649
model_agnostic_replication_behavior-ebe23e696e3b3056-m1,solvability,-3.625,-1.0399502010268766
model_agnostic_replication_behavior-ec09f860550c61ef-m0,bandit,1.3750000000000002,-0.2230269373137621
model_agnostic_replication_behavior-ec09f860550c61ef-m1,bandit,-1.25,-0.21956392445140338
model_agnostic_replication_behavior-ec151d90ba3337fe-m0,effort,6.625,6.186230723610571
model_agnostic_replication_behavior-ec151d90ba3337fe-m1,effort,5.125,5.836531259433778
model_agnostic_replication_behavior-ec72ae2382d63760-m0,information_sampling,-1.875,-1.870227567988453
model_agnostic_replication_behavior-ec72ae2382d63760-m1,information_sampling,-1.375,-3.8671983067003706
model_agnostic_replication_behavior-ecb64860b5548479-m0,bandit,7.125,4.099869112487614
model_agnostic_replication_behavior-ecb64860b5548479-m1,bandit,7.125,4.103332125349972
model_agnostic_replication_behavior-ed652872264f921b-m0,foraging,-3.375,-3.4094839591828214
model_agnostic_replication_behavior-ed652872264f921b-m1,foraging,-3.375,-3.0180016611029585
model_agnostic_replication_behavior-eda8540362697624-m0,waiting,3.875,2.685833023347401
model_agnostic_replication_behavior-eda8540362697624-m1,waiting,4.25,2.6748584994469504
model_agnostic_replication_behavior-edd04f40cb3e1a55-m0,foraging,-3.25,-1.3442068900793542
model_agnostic_replication_behavior-edd04f40cb3e1a55-m1,foraging,-3.625,-0.9527245919994907
model_agnostic_replication_behavior-edea1df6800e4144-m0,bandit,-3.75,-3.0860749246185644
model_agnostic_replication_behavior-edea1df6800e4144-m1,bandit,-3.625,-3.082611911756205
model_agnostic_replication_behavior-ee3a0c454cdb2e8d-m0,debugging,7.5,3.0493347166758977
model_agnostic_replication_behavior-ee3a0c454cdb2e8d-m1,debugging,7.375,4.53118253610198
model_agnostic_replication_behavior-ee611f194bb5d5d3-m0,debugging,-2.6875,-5.500261793073404
model_agnostic_replication_behavior-ee611f194bb5d5d3-m1,debugging,-1.6562500000000002,-4.018413973647322
model_agnostic_replication_behavior-ee76ddd61b5a25a6-m0,bandit,13.875,8.844100747081868
model_agnostic_replication_behavior-ee76ddd61b5a25a6-m1,bandit,12.0625,8.847563759944226
model_agnostic_replication_behavior-ef0eebe9d2fe4907-m0,foraging,-0.25,1.4261993877939498
model_agnostic_replication_behavior-ef0eebe9d2fe4907-m1,foraging,2.0,1.8176816858738136
model_agnostic_replication_behavior-ef467b4e0d6de673-m0,waiting,-1.25,-1.0924771722246218
model_agnostic_replication_behavior-ef467b4e0d6de673-m1,waiting,-3.25,-1.1034516961250722
model_agnostic_replication_behavior-efa66cb3fd9f47be-m0,waiting,5.0,2.0653230463300316
model_agnostic_replication_behavior-efa66cb3fd9f47be-m1,waiting,4.875,2.0543485224295814
model_agnostic_replication_behavior-efd2c550f78ebd07-m0,waiting,7.0,5.640786320980343
model_agnostic_replication_behavior-efd2c550f78ebd07-m1,waiting,7.75,5.629811797079892
model_agnostic_replication_behavior-f002c99b9e5fc64b-m0,bandit,11.875,3.2582630832277912
model_agnostic_replication_behavior-f002c99b9e5fc64b-m1,bandit,9.125,3.26172609609015
model_agnostic_replication_behavior-f01abf92019c7512-m0,foraging,4.875,3.456165628411546
model_agnostic_replication_behavior-f01abf92019c7512-m1,foraging,5.375,3.8476479264914087
model_agnostic_replication_behavior-f0327ba88a16a84d-m0,waiting,3.625,0.2530566336605016
model_agnostic_replication_behavior-f0327ba88a16a84d-m1,waiting,4.625,0.24208210976005118
model_agnostic_replication_behavior-f041f9065c0ce643-m0,foraging,-3.75,-3.323069761905048
model_agnostic_replication_behavior-f041f9065c0ce643-m1,foraging,-4.125,-2.9315874638251844
model_agnostic_replication_behavior-f071235fd29c939e-m0,bandit,7.25,5.276454213816287
model_agnostic_replication_behavior-f071235fd29c939e-m1,bandit,6.0,5.279917226678646
model_agnostic_replication_behavior-f0a0279d7d9b0a22-m0,waiting,5.125,4.580470755801431
model_agnostic_replication_behavior-f0a0279d7d9b0a22-m1,waiting,4.625,4.569496231900981
model_agnostic_replication_behavior-f176b51f56811e40-m0,waiting,6.375,2.1435825316798844
model_agnostic_replication_behavior-f176b51f56811e40-m1,waiting,5.625,2.1326080077794343
model_agnostic_replication_behavior-f189f215ce3de76e-m0,effort,4.75,1.6791640486641985
model_agnostic_replication_behavior-f189f215ce3de76e-m1,effort,3.625,1.3294645844874058
model_agnostic_replication_behavior-f1b264dc2e4dd38b-m0,solvability,-6.0,-1.6626573772075501
model_agnostic_replication_behavior-f1b264dc2e4dd38b-m1,solvability,-4.375,-1.5546597533161617
model_agnostic_replication_behavior-f1b9be9195e00e6f-m0,foraging,0.5156250000000001,2.7376253977384963
model_agnostic_replication_behavior-f1b9be9195e00e6f-m1,foraging,0.21875000000000006,3.1291076958183597
model_agnostic_replication_behavior-f1c3526d0f8f84e8-m0,effort,-6.625,-6.083780299971096
model_agnostic_replication_behavior-f1c3526d0f8f84e8-m1,effort,-6.625,-6.433479764147889
model_agnostic_replication_behavior-f20246bbfa2469c3-m0,debugging,-3.0,0.011519236751442063
model_agnostic_replication_behavior-f20246bbfa2469c3-m1,debugging,-2.75,1.4933670561775245
model_agnostic_replication_behavior-f22aa316d6d177ef-m0,information_sampling,5.375,5.21159867330304
model_agnostic_replication_behavior-f22aa316d6d177ef-m1,information_sampling,3.375,3.2146279345911237
model_agnostic_replication_behavior-f269f3d40e23f909-m0,debugging,-8.0,-8.99205402997231
model_agnostic_replication_behavior-f269f3d40e23f909-m1,debugging,-6.375,-7.510206210546226
model_agnostic_replication_behavior-f29f8855e765dc87-m0,waiting,0.7500000000000002,0.8146150759223529
model_agnostic_replication_behavior-f29f8855e765dc87-m1,waiting,-2.375,0.8036405520219028
model_agnostic_replication_behavior-f2a1b7f786f63c06-m0,bandit,10.6875,5.052418532862585
model_agnostic_replication_behavior-f2a1b7f786f63c06-m1,bandit,9.125,5.055881545724944
model_agnostic_replication_behavior-f2a32c367268db45-m0,debugging,-4.5,2.7758635088636687
model_agnostic_replication_behavior-f2a32c367268db45-m1,debugging,1.5000000000000002,4.257711328289751
model_agnostic_replication_behavior-f2d555b433596f2b-m0,debugging,-5.75,-2.4825672532783565
model_agnostic_replication_behavior-f2d555b433596f2b-m1,debugging,-3.5,-1.0007194338522738
model_agnostic_replication_behavior-f2f52e0120a3c792-m0,information_sampling,-1.7499999999999998,-0.19786477771518562
model_agnostic_replication_behavior-f2f52e0120a3c792-m1,information_sampling,-3.5,-2.194835516427103
model_agnostic_replication_behavior-f2f82160bb6fe411-m0,foraging,4.375,2.875206583335963
model_agnostic_replication_behavior-f2f82160bb6fe411-m1,foraging,3.875,3.266688881415826
model_agnostic_replication_behavior-f3193248581a1694-m0,effort,-6.125,-5.340520749603621
model_agnostic_replication_behavior-f3193248581a1694-m1,effort,-6.375,-5.690220213780414
model_agnostic_replication_behavior-f3a65d40ff9f8c6e-m0,information_sampling,3.25,1.1449258440513765
model_agnostic_replication_behavior-f3a65d40ff9f8c6e-m1,information_sampling,-1.5,-0.852044894660541
model_agnostic_replication_behavior-f3bc6242f9c8443e-m0,foraging,8.5,7.202318299885723
model_agnostic_replication_behavior-f3bc6242f9c8443e-m1,foraging,7.125,7.593800597965588
model_agnostic_replication_behavior-f3c5a22eaf02d94d-m0,information_sampling,1.625,2.308334931401179
model_agnostic_replication_behavior-f3c5a22eaf02d94d-m1,information_sampling,-1.375,0.3113641926892621
model_agnostic_replication_behavior-f3cbd2dd0ef69d53-m0,bandit,-5.125,1.49789678604323
model_agnostic_replication_behavior-f3cbd2dd0ef69d53-m1,bandit,-6.75,1.5013597989055891
model_agnostic_replication_behavior-f3e2fd53dd041a9b-m0,solvability,9.9375,3.8214323356798223
model_agnostic_replication_behavior-f3e2fd53dd041a9b-m1,solvability,10.0,3.9294299595712108
model_agnostic_replication_behavior-f42f51442fa0c411-m0,debugging,-3.0,-4.536120292956646
model_agnostic_replication_behavior-f42f51442fa0c411-m1,debugging,-4.75,-3.0542724735305637
model_agnostic_replication_behavior-f43add98283e6a91-m0,waiting,-5.375,-2.0939494437258888
model_agnostic_replication_behavior-f43add98283e6a91-m1,waiting,-4.0,-2.1049239676263394
model_agnostic_replication_behavior-f43d1f5d8eb31b50-m0,solvability,5.875,4.650154291192846
model_agnostic_replication_behavior-f43d1f5d8eb31b50-m1,solvability,5.875,4.758151915084235
model_agnostic_replication_behavior-f47fca2a851df520-m0,solvability,2.5,5.0391929561789155
model_agnostic_replication_behavior-f47fca2a851df520-m1,solvability,2.375,5.147190580070305
model_agnostic_replication_behavior-f4952a213860523c-m0,solvability,-2.5,-0.02791358818941969
model_agnostic_replication_behavior-f4952a213860523c-m1,solvability,-0.8750000000000002,0.08008403570196876
model_agnostic_replication_behavior-f49cc33f4f327000-m0,effort,3.125,2.3207503233764593
model_agnostic_replication_behavior-f49cc33f4f327000-m1,effort,1.5000000000000002,1.9710508591996663
model_agnostic_replication_behavior-f4fc09c7b952309a-m0,solvability,-6.125,0.16917149395723885
model_agnostic_replication_behavior-f4fc09c7b952309a-m1,solvability,-6.375,0.2771691178486273
model_agnostic_replication_behavior-f5453b8384e7e988-m0,waiting,8.0,5.937324998954664
model_agnostic_replication_behavior-f5453b8384e7e988-m1,waiting,6.625,5.926350475054214
model_agnostic_replication_behavior-f545bbd9cf648e5a-m0,waiting,5.875,3.4385898308433553
model_agnostic_replication_behavior-f545bbd9cf648e5a-m1,waiting,5.375,3.427615306942905
model_agnostic_replication_behavior-f58c4f8cb7a919f6-m0,effort,-0.8750000000000002,-0.3939472015509766
model_agnostic_replication_behavior-f58c4f8cb7a919f6-m1,effort,-1.5,-0.74364666572777
model_agnostic_replication_behavior-f5adeed14f723cf0-m0,solvability,9.0,3.762130705801974
model_agnostic_replication_behavior-f5adeed14f723cf0-m1,solvability,7.625,3.8701283296933626
model_agnostic_replication_behavior-f5fccb6ef83e93e6-m0,waiting,7.375,6.319267563095895
model_agnostic_replication_behavior-f5fccb6ef83e93e6-m1,waiting,7.375,6.308293039195445
model_agnostic_replication_behavior-f628c6d7055e2ea0-m0,effort,-5.75,-6.5459739608927014
model_agnostic_replication_behavior-f628c6d7055e2ea0-m1,effort,-5.75,-6.895673425069495
model_agnostic_replication_behavior-f664ed1192d03e0a-m0,information_sampling,5.75,5.2603616376943325
model_agnostic_replication_behavior-f664ed1192d03e0a-m1,information_sampling,4.125,3.263390898982415
model_agnostic_replication_behavior-f6ba762afe37b348-m0,waiting,4.625,4.115657137859097
model_agnostic_replication_behavior-f6ba762afe37b348-m1,waiting,5.25,4.104682613958646
model_agnostic_replication_behavior-f6fb4ae649759358-m0,solvability,6.0,4.810441750322833
model_agnostic_replication_behavior-f6fb4ae649759358-m1,solvability,4.75,4.918439374214222
model_agnostic_replication_behavior-f7433b33ca3971ec-m0,debugging,-0.12500000000000006,-2.371794019897157
model_agnostic_replication_behavior-f7433b33ca3971ec-m1,debugging,4.0,-0.8899462004710749
model_agnostic_replication_behavior-f7761178e8c3422e-m0,effort,-3.875,-3.4476976504071803
model_agnostic_replication_behavior-f7761178e8c3422e-m1,effort,-4.375,-3.7973971145839736
model_agnostic_replication_behavior-f79a094acb15446f-m0,solvability,-2.625,2.3607840398330096
model_agnostic_replication_behavior-f79a094acb15446f-m1,solvability,-1.875,2.468781663724398
model_agnostic_replication_behavior-f7c0c6babcedba48-m0,information_sampling,1.25,-0.2517962276235348
model_agnostic_replication_behavior-f7c0c6babcedba48-m1,information_sampling,-1.875,-2.2487669663354524
model_agnostic_replication_behavior-f7f752e9f8d8db80-m0,information_sampling,4.0,5.781427427970046
model_agnostic_replication_behavior-f7f752e9f8d8db80-m1,information_sampling,1.3750000000000002,3.7844566892581284
model_agnostic_replication_behavior-f806bfc2f45f4bcd-m0,bandit,11.875,6.359878551406783
model_agnostic_replication_behavior-f806bfc2f45f4bcd-m1,bandit,7.625,6.363341564269141
model_agnostic_replication_behavior-f80adbe1ca64cb87-m0,bandit,-7.625,-9.38264370051694
model_agnostic_replication_behavior-f80adbe1ca64cb87-m1,bandit,-7.875,-9.379180687654582
model_agnostic_replication_behavior-f815d987a33a71db-m0,bandit,-3.375,-3.3429356036576565
model_agnostic_replication_behavior-f815d987a33a71db-m1,bandit,-5.625,-3.339472590795298
model_agnostic_replication_behavior-f82924d69db7ecf1-m0,debugging,-3.375,-3.049221519011467
model_agnostic_replication_behavior-f82924d69db7ecf1-m1,debugging,-3.125,-1.5673736995853842
model_agnostic_replication_behavior-f84ac6c974788968-m0,bandit,-1.0000000000000002,-0.5264269106287869
model_agnostic_replication_behavior-f84ac6c974788968-m1,bandit,4.25,-0.5229638977664277
model_agnostic_replication_behavior-f85b5c7332e501ec-m0,debugging,-6.125,-2.14839910248221
model_agnostic_replication_behavior-f85b5c7332e501ec-m1,debugging,-3.125,-0.6665512830561275
model_agnostic_replication_behavior-f88b2d8131bd89a7-m0,bandit,-3.875,-1.815770806810297
model_agnostic_replication_behavior-f88b2d8131bd89a7-m1,bandit,1.25,-1.812307793947938
model_agnostic_replication_behavior-f8b690fda64cba1d-m0,bandit,8.75,3.8939495538965985
model_agnostic_replication_behavior-f8b690fda64cba1d-m1,bandit,6.25,3.8974125667589576
model_agnostic_replication_behavior-f8b966b08e955cd1-m0,bandit,-11.625,-9.691781589956769
model_agnostic_replication_behavior-f8b966b08e955cd1-m1,bandit,-9.4375,-9.688318577094408
model_agnostic_replication_behavior-f8bf0b8a86b05031-m0,information_sampling,2.25,4.843305547319927
model_agnostic_replication_behavior-f8bf0b8a86b05031-m1,information_sampling,-1.25,2.8463348086080096
model_agnostic_replication_behavior-f8dccf3379665c95-m0,debugging,4.5,6.399883871480226
model_agnostic_replication_behavior-f8dccf3379665c95-m1,debugging,2.875,7.881731690906308
model_agnostic_replication_behavior-f8eff32af09a774c-m0,information_sampling,-3.25,-0.8764891366460077
model_agnostic_replication_behavior-f8eff32af09a774c-m1,information_sampling,-4.625,-2.873459875357925
model_agnostic_replication_behavior-f902ccee5e180cb6-m0,debugging,7.25,4.569678464621779
model_agnostic_replication_behavior-f902ccee5e180cb6-m1,debugging,7.875,6.051526284047862
model_agnostic_replication_behavior-f95feb2f45e44f36-m0,debugging,2.375,1.1884092440772895
model_agnostic_replication_behavior-f95feb2f45e44f36-m1,debugging,3.125,2.670257063503372
model_agnostic_replication_behavior-f9bb96b5cd724b4a-m0,solvability,11.4375,6.78806174992246
model_agnostic_replication_behavior-f9bb96b5cd724b4a-m1,solvability,11.4375,6.8960593738138485
model_agnostic_replication_behavior-f9c5fb4e64912232-m0,solvability,-7.625,-7.364901116366699
model_agnostic_replication_behavior-f9c5fb4e64912232-m1,solvability,-6.75,-7.25690349247531
model_agnostic_replication_behavior-f9ce03cc28c8d33a-m0,waiting,1.125,0.6814084766709312
model_agnostic_replication_behavior-f9ce03cc28c8d33a-m1,waiting,1.3750000000000002,0.6704339527704808
model_agnostic_replication_behavior-f9d556eafd89cfff-m0,bandit,-11.9375,-8.72036946701077
model_agnostic_replication_behavior-f9d556eafd89cfff-m1,bandit,-9.8125,-8.71690645414841
model_agnostic_replication_behavior-fa18548c5f4323ce-m0,effort,3.75,-1.4576082145307727
model_agnostic_replication_behavior-fa18548c5f4323ce-m1,effort,2.375,-1.807307678707566
model_agnostic_replication_behavior-fa1c016457dacbad-m0,effort,0.125,1.358623335934154
model_agnostic_replication_behavior-fa1c016457dacbad-m1,effort,-0.6249999999999999,1.0089238717573608
model_agnostic_replication_behavior-fa423bf72e2b4c11-m0,bandit,-2.375,3.0861326770870092
model_agnostic_replication_behavior-fa423bf72e2b4c11-m1,bandit,-3.75,3.089595689949368
model_agnostic_replication_behavior-fa45c8e9387902a7-m0,bandit,-2.25,1.7501052377905122
model_agnostic_replication_behavior-fa45c8e9387902a7-m1,bandit,-3.375,1.7535682506528711
model_agnostic_replication_behavior-fa65d5240da08183-m0,solvability,-2.5,0.4872119238801701
model_agnostic_replication_behavior-fa65d5240da08183-m1,solvability,0.125,0.5952095477715584
model_agnostic_replication_behavior-fac48162faa0b666-m0,debugging,-1.125,-2.2653150435347698
model_agnostic_replication_behavior-fac48162faa0b666-m1,debugging,-0.25,-0.7834672241086869
model_agnostic_replication_behavior-fad9acbbf7ddace8-m0,bandit,-9.25,-8.702076268845865
model_agnostic_replication_behavior-fad9acbbf7ddace8-m1,bandit,-8.625,-8.698613255983506
model_agnostic_replication_behavior-fae8d05bb6b21e84-m0,bandit,5.125,0.7399126264778197
model_agnostic_replication_behavior-fae8d05bb6b21e84-m1,bandit,4.25,0.7433756393401785
model_agnostic_replication_behavior-fb01bd2a994bdeb3-m0,debugging,-7.0,-7.771435146575513
model_agnostic_replication_behavior-fb01bd2a994bdeb3-m1,debugging,-5.75,-6.28958732714943
model_agnostic_replication_behavior-fb341de23261aa70-m0,information_sampling,-1.375,-1.1504448537288383
model_agnostic_replication_behavior-fb341de23261aa70-m1,information_sampling,-3.625,-3.1474155924407556
model_agnostic_replication_behavior-fb4ef5ba46c144d8-m0,debugging,-6.125,-6.433953991955439
model_agnostic_replication_behavior-fb4ef5ba46c144d8-m1,debugging,-2.75,-4.952106172529357
model_agnostic_replication_behavior-fb66211a687da1e2-m0,information_sampling,-0.8750000000000002,-0.3032548098559884
model_agnostic_replication_behavior-fb66211a687da1e2-m1,information_sampling,-4.625,-2.3002255485679055
model_agnostic_replication_behavior-fb6f027057478610-m0,effort,3.5,2.092676002259811
model_agnostic_replication_behavior-fb6f027057478610-m1,effort,2.125,1.7429765380830178
model_agnostic_replication_behavior-fb7c43bf80d876a3-m0,information_sampling,4.875,2.512434268603797
model_agnostic_replication_behavior-fb7c43bf80d876a3-m1,information_sampling,2.125,0.5154635298918793
model_agnostic_replication_behavior-fbba50841d3c35b3-m0,solvability,13.78125,10.449757990064697
model_agnostic_replication_behavior-fbba50841d3c35b3-m1,solvability,13.1875,10.557755613956086
model_agnostic_replication_behavior-fbfde25c74e96bef-m0,bandit,3.5,0.07150582688812701
model_agnostic_replication_behavior-fbfde25c74e96bef-m1,bandit,2.75,0.07496883975048574
model_agnostic_replication_behavior-fc2fe091b6867e6d-m0,effort,-6.25,-6.551638501150441
model_agnostic_replication_behavior-fc2fe091b6867e6d-m1,effort,-6.5,-6.901337965327233
model_agnostic_replication_behavior-fc5061f0e4a41ac9-m0,waiting,1.3413085937500002,2.4357913644356537
model_agnostic_replication_behavior-fc5061f0e4a41ac9-m1,waiting,-0.6875000000000001,2.424816840535203
model_agnostic_replication_behavior-fc7269b28476dc47-m0,bandit,11.8125,3.4218583293642
model_agnostic_replication_behavior-fc7269b28476dc47-m1,bandit,9.3125,3.4253213422265594
model_agnostic_replication_behavior-fc80dab77e96c46c-m0,solvability,-6.625,-7.889982524248252
model_agnostic_replication_behavior-fc80dab77e96c46c-m1,solvability,-5.625,-7.781984900356864
model_agnostic_replication_behavior-fc9dc423c5f0c1d3-m0,debugging,-5.5,-0.7556763487780909
model_agnostic_replication_behavior-fc9dc423c5f0c1d3-m1,debugging,-3.375,0.726171470647992
model_agnostic_replication_behavior-fcda105e94e1bc61-m0,debugging,-6.25,-3.5772165600162786
model_agnostic_replication_behavior-fcda105e94e1bc61-m1,debugging,-2.5,-2.095368740590196
model_agnostic_replication_behavior-fce493513353cd9b-m0,waiting,-5.75,-3.3969442562155856
model_agnostic_replication_behavior-fce493513353cd9b-m1,waiting,-6.75,-3.4079187801160358
model_agnostic_replication_behavior-fced5568e12b0a28-m0,debugging,3.25,1.1570399602060446
model_agnostic_replication_behavior-fced5568e12b0a28-m1,debugging,3.25,2.6388877796321273
model_agnostic_replication_behavior-fd06b060dfbe091b-m0,information_sampling,4.125,4.983258568477263
model_agnostic_replication_behavior-fd06b060dfbe091b-m1,information_sampling,3.75,2.9862878297653452
model_agnostic_replication_behavior-fd1225deb24b8bb3-m0,solvability,7.25,8.001378754828167
model_agnostic_replication_behavior-fd1225deb24b8bb3-m1,solvability,7.125,8.109376378719555
model_agnostic_replication_behavior-fd15bf8e3253960c-m0,foraging,-7.625,-5.283522280819151
model_agnostic_replication_behavior-fd15bf8e3253960c-m1,foraging,-6.25,-4.892039982739288
model_agnostic_replication_behavior-fd521f111e9d8921-m0,waiting,7.625,6.744549687220083
model_agnostic_replication_behavior-fd521f111e9d8921-m1,waiting,7.375,6.7335751633196335
model_agnostic_replication_behavior-fd5c0b181dd5d9fb-m0,effort,7.375,5.829007273909675
model_agnostic_replication_behavior-fd5c0b181dd5d9fb-m1,effort,5.125,5.479307809732881
model_agnostic_replication_behavior-fdd1035b85d5f106-m0,solvability,1.8749999999999998,0.22186185690215665
model_agnostic_replication_behavior-fdd1035b85d5f106-m1,solvability,2.125,0.3298594807935452
model_agnostic_replication_behavior-fe1724e48189c8c9-m0,solvability,-3.875,-0.7315594337433913
model_agnostic_replication_behavior-fe1724e48189c8c9-m1,solvability,-1.5,-0.6235618098520028
model_agnostic_replication_behavior-fe2cf4a7bdcc1542-m0,debugging,5.5,6.418057646756356
model_agnostic_replication_behavior-fe2cf4a7bdcc1542-m1,debugging,6.875,7.899905466182439
model_agnostic_replication_behavior-fe9b67afa7bd2d9e-m0,foraging,2.875,5.105251983160388
model_agnostic_replication_behavior-fe9b67afa7bd2d9e-m1,foraging,3.0,5.496734281240251
model_agnostic_replication_behavior-feb7dd0f3de3347f-m0,debugging,3.375,1.118444632415632
model_agnostic_replication_behavior-feb7dd0f3de3347f-m1,debugging,4.5,2.6002924518417148
model_agnostic_replication_behavior-ff34a19dbc32bcb6-m0,effort,-2.875,-1.4158629991992697
model_agnostic_replication_behavior-ff34a19dbc32bcb6-m1,effort,-2.5,-1.7655624633760627
model_agnostic_replication_behavior-ff5e6fe23f72c0b1-m0,effort,-4.125,-0.30483954591087636
model_agnostic_replication_behavior-ff5e6fe23f72c0b1-m1,effort,-4.0,-0.6545390100876696
model_agnostic_replication_contextual_behavior-00a77272fb6d1983-m0,debugging,-5.5,-5.104635168349631
model_agnostic_replication_contextual_behavior-00a77272fb6d1983-m1,debugging,-4.625,-3.622787348923549
model_agnostic_replication_contextual_behavior-02d90f207ee13eb5-m0,foraging,-0.37499999999999994,3.048603399633873
model_agnostic_replication_contextual_behavior-02d90f207ee13eb5-m1,foraging,2.5,3.440085697713737
model_agnostic_replication_contextual_behavior-036bc5e83aef68bf-m0,debugging,-1.875,-1.3705039935254208
model_agnostic_replication_contextual_behavior-036bc5e83aef68bf-m1,debugging,2.0,0.11134382590066183
model_agnostic_replication_contextual_behavior-03c0437ca9c8c907-m0,foraging,3.5,1.420470119678976
model_agnostic_replication_contextual_behavior-03c0437ca9c8c907-m1,foraging,4.5,1.8119524177588393
model_agnostic_replication_contextual_behavior-03cca73fd419d155-m0,foraging,2.203125,-2.3582810794865554
model_agnostic_replication_contextual_behavior-03cca73fd419d155-m1,foraging,-2.296875,-1.966798781406692
model_agnostic_replication_contextual_behavior-056b4667401b4fe9-m0,bandit,-6.0,-3.697918608464592
model_agnostic_replication_contextual_behavior-056b4667401b4fe9-m1,bandit,-5.375,-3.6944555956022334
model_agnostic_replication_contextual_behavior-058aa4e00202d167-m0,foraging,2.875,2.2444577718925065
model_agnostic_replication_contextual_behavior-058aa4e00202d167-m1,foraging,3.0,2.6359400699723703
model_agnostic_replication_contextual_behavior-06afb23839d26b64-m0,bandit,-0.37499999999999994,3.2582630832277912
model_agnostic_replication_contextual_behavior-06afb23839d26b64-m1,bandit,-1.5,3.26172609609015
model_agnostic_replication_contextual_behavior-06ff917144adaefc-m0,debugging,-2.75,-0.20626370560499818
model_agnostic_replication_contextual_behavior-06ff917144adaefc-m1,debugging,-2.25,1.2755841138210844
model_agnostic_replication_contextual_behavior-07c003758dac5312-m0,debugging,-3.5,-6.690251549970469
model_agnostic_replication_contextual_behavior-07c003758dac5312-m1,debugging,-2.375,-5.208403730544386
model_agnostic_replication_contextual_behavior-07e94db01dc01e0f-m0,foraging,-4.25,-2.18784977225055
model_agnostic_replication_contextual_behavior-07e94db01dc01e0f-m1,foraging,-3.375,-1.7963674741706868
model_agnostic_replication_contextual_behavior-0e35f2c86e50264e-m0,foraging,-7.5,-9.786250105380244
model_agnostic_replication_contextual_behavior-0e35f2c86e50264e-m1,foraging,-5.75,-9.39476780730038
model_agnostic_replication_contextual_behavior-0e8945f53b689ab6-m0,debugging,-6.375,-5.071810049031058
model_agnostic_replication_contextual_behavior-0e8945f53b689ab6-m1,debugging,-4.75,-3.5899622296049745
model_agnostic_replication_contextual_behavior-0f457fee133ebb6b-m0,debugging,-4.625,-6.690251549970469
model_agnostic_replication_contextual_behavior-0f457fee133ebb6b-m1,debugging,-3.625,-5.208403730544386
model_agnostic_replication_contextual_behavior-0f98ef6568ea1247-m0,bandit,-7.5,-3.155951154275378
model_agnostic_replication_contextual_behavior-0f98ef6568ea1247-m1,bandit,-6.75,-3.1524881414130195
model_agnostic_replication_contextual_behavior-100847b72109f99f-m0,bandit,-8.125,-12.52806381994225
model_agnostic_replication_contextual_behavior-100847b72109f99f-m1,bandit,-7.375,-12.524600807079892
model_agnostic_replication_contextual_behavior-13a3959ddcd444f9-m0,debugging,-6.375,-6.2955402042148165
model_agnostic_replication_contextual_behavior-13a3959ddcd444f9-m1,debugging,-4.875,-4.813692384788734
model_agnostic_replication_contextual_behavior-13b4096883b329c1-m0,bandit,4.0,3.3806654412888983
model_agnostic_replication_contextual_behavior-13b4096883b329c1-m1,bandit,6.625,3.3841284541512575
model_agnostic_replication_contextual_behavior-14d70a67755d4dd9-m0,foraging,-8.5,-9.504933367561048
model_agnostic_replication_contextual_behavior-14d70a67755d4dd9-m1,foraging,-6.5,-9.113451069481183
model_agnostic_replication_contextual_behavior-15115d96a986dda0-m0,foraging,-0.12500000000000006,0.09878258484151958
model_agnostic_replication_contextual_behavior-15115d96a986dda0-m1,foraging,1.625,0.4902648829213828
model_agnostic_replication_contextual_behavior-172872ed25fe9383-m0,debugging,0.6093749999999999,-0.8943166626541285
model_agnostic_replication_contextual_behavior-172872ed25fe9383-m1,debugging,-0.07812500000000001,0.5875311567719539
model_agnostic_replication_contextual_behavior-1921e5805457c150-m0,debugging,-4.125,-0.2549218966313651
model_agnostic_replication_contextual_behavior-1921e5805457c150-m1,debugging,-3.625,1.2269259227947176
model_agnostic_replication_contextual_behavior-197ced2636723bd3-m0,foraging,-5.25,-4.615251349926971
model_agnostic_replication_contextual_behavior-197ced2636723bd3-m1,foraging,-3.75,-4.223769051847108
model_agnostic_replication_contextual_behavior-1981867b6d01fba1-m0,bandit,-2.375,-2.4367474830766627
model_agnostic_replication_contextual_behavior-1981867b6d01fba1-m1,bandit,-2.0,-2.4332844702143035
model_agnostic_replication_contextual_behavior-19d49fb8f28b55ad-m0,bandit,2.75,2.8715963105025244
model_agnostic_replication_contextual_behavior-19d49fb8f28b55ad-m1,bandit,3.625,2.8750593233648827
model_agnostic_replication_contextual_behavior-1a5f078f73339b9d-m0,bandit,-1.125,-2.371379231872604
model_agnostic_replication_contextual_behavior-1a5f078f73339b9d-m1,bandit,2.25,-2.367916219010245
model_agnostic_replication_contextual_behavior-1aef918385499a39-m0,foraging,-0.5,1.8015847146289627
model_agnostic_replication_contextual_behavior-1aef918385499a39-m1,foraging,-1.25,2.193067012708826
model_agnostic_replication_contextual_behavior-1b0904a6c6079804-m0,debugging,-1.375,-2.949327314701158
model_agnostic_replication_contextual_behavior-1b0904a6c6079804-m1,debugging,-1.0000000000000002,-1.4674794952750747
model_agnostic_replication_contextual_behavior-1c44a9121c4d7eb2-m0,debugging,-3.75,-0.2549218966313651
model_agnostic_replication_contextual_behavior-1c44a9121c4d7eb2-m1,debugging,-4.0,1.2269259227947176
model_agnostic_replication_contextual_behavior-1d8227bbbc8ae46b-m0,bandit,-3.625,-3.5953944565246037
model_agnostic_replication_contextual_behavior-1d8227bbbc8ae46b-m1,bandit,-2.5,-3.591931443662245
model_agnostic_replication_contextual_behavior-1e377e01e82101cc-m0,debugging,-3.625,-3.1940289757357907
model_agnostic_replication_contextual_behavior-1e377e01e82101cc-m1,debugging,-2.75,-1.7121811563097078
model_agnostic_replication_contextual_behavior-1e391226e84b2bb3-m0,bandit,-1.625,3.2582630832277912
model_agnostic_replication_contextual_behavior-1e391226e84b2bb3-m1,bandit,-0.7500000000000001,3.26172609609015
model_agnostic_replication_contextual_behavior-20d29dad74126b64-m0,debugging,0.5156250000000001,-2.041947247733445
model_agnostic_replication_contextual_behavior-20d29dad74126b64-m1,debugging,-0.36718749999999994,-0.5600994283073626
model_agnostic_replication_contextual_behavior-21ad6a537ff4003a-m0,bandit,-6.75,-3.697918608464592
model_agnostic_replication_contextual_behavior-21ad6a537ff4003a-m1,bandit,-5.875,-3.6944555956022334
model_agnostic_replication_contextual_behavior-23ba08547fa1c6f7-m0,foraging,2.0,-2.3582810794865554
model_agnostic_replication_contextual_behavior-23ba08547fa1c6f7-m1,foraging,-2.34375,-1.966798781406692
model_agnostic_replication_contextual_behavior-257554726d22008d-m0,foraging,-2.375,-1.5433794905716396
model_agnostic_replication_contextual_behavior-257554726d22008d-m1,foraging,-0.7500000000000001,-1.1518971924917758
model_agnostic_replication_contextual_behavior-25d690146689c3ae-m0,bandit,-3.75,-0.8382261177807773
model_agnostic_replication_contextual_behavior-25d690146689c3ae-m1,bandit,-3.0,-0.8347631049184187
model_agnostic_replication_contextual_behavior-27c6724a5cc358bd-m0,debugging,2.0,2.099835526689688
model_agnostic_replication_contextual_behavior-27c6724a5cc358bd-m1,debugging,5.375,3.581683346115771
model_agnostic_replication_contextual_behavior-28aa2181971dd9f2-m0,debugging,-3.875,-0.9985690687949806
model_agnostic_replication_contextual_behavior-28aa2181971dd9f2-m1,debugging,-3.25,0.4832787506311018
model_agnostic_replication_contextual_behavior-298b24e38f0377ba-m0,debugging,-5.625,-4.637626177281481
model_agnostic_replication_contextual_behavior-298b24e38f0377ba-m1,debugging,-4.625,-3.1557783578553984
model_agnostic_replication_contextual_behavior-2a008e9584a6f226-m0,foraging,-5.0,-1.7749464376277864
model_agnostic_replication_contextual_behavior-2a008e9584a6f226-m1,foraging,-4.375,-1.3834641395479235
model_agnostic_replication_contextual_behavior-2b41412b57e33a1b-m0,foraging,-1.125,0.3766625091454121
model_agnostic_replication_contextual_behavior-2b41412b57e33a1b-m1,foraging,0.7500000000000002,0.7681448072252758
model_agnostic_replication_contextual_behavior-2bdd3ed128134634-m0,debugging,-4.125,-4.529585369012523
model_agnostic_replication_contextual_behavior-2bdd3ed128134634-m1,debugging,-4.125,-3.04773754958644
model_agnostic_replication_contextual_behavior-2d4a2df666d885cf-m0,debugging,-4.375,-4.237153506925221
model_agnostic_replication_contextual_behavior-2d4a2df666d885cf-m1,debugging,-3.375,-2.7553056874991384
model_agnostic_replication_contextual_behavior-2ea887576e39600e-m0,debugging,5.125,1.5576216575044595
model_agnostic_replication_contextual_behavior-2ea887576e39600e-m1,debugging,5.5,3.039469476930542
model_agnostic_replication_contextual_behavior-2fc9c8435c225097-m0,debugging,-0.6249999999999999,-2.409968432613308
model_agnostic_replication_contextual_behavior-2fc9c8435c225097-m1,debugging,-0.6249999999999999,-0.9281206131872253
model_agnostic_replication_contextual_behavior-31fa096b68e7e600-m0,foraging,-0.12500000000000006,1.9057518174152421
model_agnostic_replication_contextual_behavior-31fa096b68e7e600-m1,foraging,2.875,2.2972341154951055
model_agnostic_replication_contextual_behavior-35f157dfea07d33c-m0,foraging,-2.5,-1.29189817487249
model_agnostic_replication_contextual_behavior-35f157dfea07d33c-m1,foraging,-2.625,-0.9004158767926264
model_agnostic_replication_contextual_behavior-369ca1e73ba968ec-m0,bandit,6.75,5.645182858660823
model_agnostic_replication_contextual_behavior-369ca1e73ba968ec-m1,bandit,8.5,5.648645871523181
model_agnostic_replication_contextual_behavior-36a6f497b50ccc21-m0,foraging,-5.25,-3.7618505548238503
model_agnostic_replication_contextual_behavior-36a6f497b50ccc21-m1,foraging,-3.75,-3.3703682567439874
model_agnostic_replication_contextual_behavior-377712564d96aeaa-m0,foraging,-1.7499999999999998,-1.2462949585938494
model_agnostic_replication_contextual_behavior-377712564d96aeaa-m1,foraging,-4.125,-0.8548126605139861
model_agnostic_replication_contextual_behavior-3897ea7fa159b467-m0,bandit,-7.625,-4.740045388815282
model_agnostic_replication_contextual_behavior-3897ea7fa159b467-m1,bandit,-6.25,-4.736582375952922
model_agnostic_replication_contextual_behavior-3910e2d9d25f1632-m0,foraging,5.625,3.7581768263984405
model_agnostic_replication_contextual_behavior-3910e2d9d25f1632-m1,foraging,5.375,4.149659124478305
model_agnostic_replication_contextual_behavior-3a1c84465ad13c40-m0,debugging,1.75,2.0658428446483574
model_agnostic_replication_contextual_behavior-3a1c84465ad13c40-m1,debugging,2.5,3.5476906640744397
model_agnostic_replication_contextual_behavior-3b0d061cf9227ecd-m0,bandit,-2.625,1.5100574181246111
model_agnostic_replication_contextual_behavior-3b0d061cf9227ecd-m1,bandit,0.8750000000000001,1.5135204309869694
model_agnostic_replication_contextual_behavior-3bedb4ed24eed7fc-m0,bandit,7.25,5.645182858660823
model_agnostic_replication_contextual_behavior-3bedb4ed24eed7fc-m1,bandit,9.0,5.648645871523181
model_agnostic_replication_contextual_behavior-3ccf563b5164e8ab-m0,bandit,5.375,8.682876668784564
model_agnostic_replication_contextual_behavior-3ccf563b5164e8ab-m1,bandit,8.75,8.686339681646922
model_agnostic_replication_contextual_behavior-3d65829edd92d6c1-m0,bandit,6.625,3.7860789957559793
model_agnostic_replication_contextual_behavior-3d65829edd92d6c1-m1,bandit,6.375,3.7895420086183385
model_agnostic_replication_contextual_behavior-3d92d77b9de6f4e5-m0,debugging,-5.25,-2.7929239609964385
model_agnostic_replication_contextual_behavior-3d92d77b9de6f4e5-m1,debugging,-4.125,-1.3110761415703558
model_agnostic_replication_contextual_behavior-3dbe2368e57ac3d6-m0,bandit,-8.375,-9.51868702945114
model_agnostic_replication_contextual_behavior-3dbe2368e57ac3d6-m1,bandit,-5.875,-9.515224016588782
model_agnostic_replication_contextual_behavior-3dea2c61ed7e1a12-m0,debugging,1.8749999999999998,2.3641424947655727
model_agnostic_replication_contextual_behavior-3dea2c61ed7e1a12-m1,debugging,5.5,3.845990314191655
model_agnostic_replication_contextual_behavior-3e07adda7d7ff898-m0,foraging,-3.75,-2.167391940187014
model_agnostic_replication_contextual_behavior-3e07adda7d7ff898-m1,foraging,-2.25,-1.77590964210715
model_agnostic_replication_contextual_behavior-3ea7d65744e0db4d-m0,bandit,-8.625,-9.51868702945114
model_agnostic_replication_contextual_behavior-3ea7d65744e0db4d-m1,bandit,-6.875,-9.515224016588782
model_agnostic_replication_contextual_behavior-3f86684de28ee855-m0,debugging,-6.25,-7.05056785122618
model_agnostic_replication_contextual_behavior-3f86684de28ee855-m1,debugging,-4.75,-5.568720031800098
model_agnostic_replication_contextual_behavior-402a9935ddf190ef-m0,bandit,-2.75,0.015540543560427444
model_agnostic_replication_contextual_behavior-402a9935ddf190ef-m1,bandit,0.24999999999999992,0.019003556422785284
model_agnostic_replication_contextual_behavior-4036675b6f1e683b-m0,foraging,3.625,6.5846402173273155
model_agnostic_replication_contextual_behavior-4036675b6f1e683b-m1,foraging,4.25,6.976122515407178
model_agnostic_replication_contextual_behavior-41aede8ec5c05fbd-m0,bandit,-5.75,0.015540543560427444
model_agnostic_replication_contextual_behavior-41aede8ec5c05fbd-m1,bandit,-4.125,0.019003556422785284
model_agnostic_replication_contextual_behavior-4465021c84d5ae24-m0,foraging,-5.125,-2.0716294827835537
model_agnostic_replication_contextual_behavior-4465021c84d5ae24-m1,foraging,-4.25,-1.68014718470369
model_agnostic_replication_contextual_behavior-4554c21af3ad9eb3-m0,debugging,-0.8750000000000002,0.10422212379790663
model_agnostic_replication_contextual_behavior-4554c21af3ad9eb3-m1,debugging,2.75,1.5860699432239884
model_agnostic_replication_contextual_behavior-467dba97ae25c636-m0,debugging,0.37499999999999994,2.0658428446483574
model_agnostic_replication_contextual_behavior-467dba97ae25c636-m1,debugging,0.625,3.5476906640744397
model_agnostic_replication_contextual_behavior-475cafb4b4aa640d-m0,bandit,-4.125,-4.094073443894367
model_agnostic_replication_contextual_behavior-475cafb4b4aa640d-m1,bandit,-2.25,-4.090610431032008
model_agnostic_replication_contextual_behavior-4768e2dd5292c945-m0,debugging,0.7500000000000002,0.582754876341222
model_agnostic_replication_contextual_behavior-4768e2dd5292c945-m1,debugging,2.875,2.0646026957673045
model_agnostic_replication_contextual_behavior-49e95cc9708afca2-m0,bandit,1.625,-0.2230269373137621
model_agnostic_replication_contextual_behavior-49e95cc9708afca2-m1,bandit,1.5000000000000002,-0.21956392445140338
model_agnostic_replication_contextual_behavior-4c005713503f7bce-m0,bandit,-5.625,-8.15862847586494
model_agnostic_replication_contextual_behavior-4c005713503f7bce-m1,bandit,-4.125,-8.155165463002582
model_agnostic_replication_contextual_behavior-4c308abf34406c0f-m0,foraging,-4.375,-2.0716294827835537
model_agnostic_replication_contextual_behavior-4c308abf34406c0f-m1,foraging,-4.125,-1.68014718470369
model_agnostic_replication_contextual_behavior-4c58f897b9794023-m0,debugging,-6.5,-5.6416486287654575
model_agnostic_replication_contextual_behavior-4c58f897b9794023-m1,debugging,-5.25,-4.159800809339375
model_agnostic_replication_contextual_behavior-4c5da57e1b2b5cf9-m0,bandit,8.125,11.032640543481666
model_agnostic_replication_contextual_behavior-4c5da57e1b2b5cf9-m1,bandit,10.0,11.036103556344024
model_agnostic_replication_contextual_behavior-4c98db757c21f84a-m0,debugging,-4.5,-7.767800812093194
model_agnostic_replication_contextual_behavior-4c98db757c21f84a-m1,debugging,-3.0,-6.285952992667111
model_agnostic_replication_contextual_behavior-4cf20fd572bcdede-m0,debugging,-2.875,-0.20626370560499818
model_agnostic_replication_contextual_behavior-4cf20fd572bcdede-m1,debugging,-0.5,1.2755841138210844
model_agnostic_replication_contextual_behavior-4d16e8c457667328-m0,debugging,-6.75,-5.6416486287654575
model_agnostic_replication_contextual_behavior-4d16e8c457667328-m1,debugging,-5.75,-4.159800809339375
model_agnostic_replication_contextual_behavior-5298bee11401c160-m0,debugging,6.125,4.500890449594774
model_agnostic_replication_contextual_behavior-5298bee11401c160-m1,debugging,7.875,5.982738269020857
model_agnostic_replication_contextual_behavior-53577a9279886a71-m0,bandit,-3.125,-3.5953944565246037
model_agnostic_replication_contextual_behavior-53577a9279886a71-m1,bandit,0.37499999999999994,-3.591931443662245
model_agnostic_replication_contextual_behavior-535e456da0b8f55b-m0,debugging,-2.25,-2.187780587555921
model_agnostic_replication_contextual_behavior-535e456da0b8f55b-m1,debugging,0.24999999999999992,-0.7059327681298383
model_agnostic_replication_contextual_behavior-53a9179708089345-m0,debugging,0.4765625000000001,-2.041947247733445
model_agnostic_replication_contextual_behavior-53a9179708089345-m1,debugging,-0.16406250000000003,-0.5600994283073626
model_agnostic_replication_contextual_behavior-53bae59927c3119e-m0,bandit,-8.25,-7.87500203950653
model_agnostic_replication_contextual_behavior-53bae59927c3119e-m1,bandit,-5.75,-7.871539026644171
model_agnostic_replication_contextual_behavior-550bfff48a8fa0a4-m0,foraging,-2.5,2.8860580205075896
model_agnostic_replication_contextual_behavior-550bfff48a8fa0a4-m1,foraging,1.125,3.2775403185874534
model_agnostic_replication_contextual_behavior-56a3ce12c59843cc-m0,bandit,-3.875,0.015540543560427444
model_agnostic_replication_contextual_behavior-56a3ce12c59843cc-m1,bandit,-2.75,0.019003556422785284
model_agnostic_replication_contextual_behavior-57902065bb31bfa3-m0,debugging,5.25,1.5576216575044595
model_agnostic_replication_contextual_behavior-57902065bb31bfa3-m1,debugging,5.625,3.039469476930542
model_agnostic_replication_contextual_behavior-595bccc1a0a3cff4-m0,foraging,3.75,6.5846402173273155
model_agnostic_replication_contextual_behavior-595bccc1a0a3cff4-m1,foraging,4.5,6.976122515407178
model_agnostic_replication_contextual_behavior-59a9c966a20692ec-m0,debugging,6.25,5.193537018481088
model_agnostic_replication_contextual_behavior-59a9c966a20692ec-m1,debugging,7.25,6.6753848379071705
model_agnostic_replication_contextual_behavior-59ce31750b89e02a-m0,foraging,-4.25,-1.2406386881314795
model_agnostic_replication_contextual_behavior-59ce31750b89e02a-m1,foraging,-4.25,-0.8491563900516164
model_agnostic_replication_contextual_behavior-5a83ab14c51cee19-m0,debugging,-3.625,-4.650035273847717
model_agnostic_replication_contextual_behavior-5a83ab14c51cee19-m1,debugging,-2.875,-3.168187454421634
model_agnostic_replication_contextual_behavior-5f36832aad18e3fe-m0,foraging,-2.5,-0.6487430958201241
model_agnostic_replication_contextual_behavior-5f36832aad18e3fe-m1,foraging,-2.5,-0.25726079774026084
model_agnostic_replication_contextual_behavior-6082db3e121771a3-m0,debugging,-2.25,0.10422212379790663
model_agnostic_replication_contextual_behavior-6082db3e121771a3-m1,debugging,0.24999999999999992,1.5860699432239884
model_agnostic_replication_contextual_behavior-60832ad04054dd1b-m0,debugging,-5.25,-4.637626177281481
model_agnostic_replication_contextual_behavior-60832ad04054dd1b-m1,debugging,-4.5,-3.1557783578553984
model_agnostic_replication_contextual_behavior-60ad47e309314f3a-m0,foraging,-8.375,-9.504933367561048
model_agnostic_replication_contextual_behavior-60ad47e309314f3a-m1,foraging,-6.875,-9.113451069481183
model_agnostic_replication_contextual_behavior-60c0f4dd0d5a425b-m0,foraging,5.625,2.2941624281962345
model_agnostic_replication_contextual_behavior-60c0f4dd0d5a425b-m1,foraging,5.5,2.6856447262760983
model_agnostic_replication_contextual_behavior-61a85dcca5791c09-m0,debugging,6.625,4.500890449594774
model_agnostic_replication_contextual_behavior-61a85dcca5791c09-m1,debugging,7.875,5.982738269020857
model_agnostic_replication_contextual_behavior-630e17b781f74c23-m0,foraging,3.75,3.240223603318217
model_agnostic_replication_contextual_behavior-630e17b781f74c23-m1,foraging,4.125,3.6317059013980804
model_agnostic_replication_contextual_behavior-63c6a3ea0d1dfdb9-m0,bandit,-7.375,-1.338385443942253
model_agnostic_replication_contextual_behavior-63c6a3ea0d1dfdb9-m1,bandit,-6.0,-1.3349224310798942
model_agnostic_replication_contextual_behavior-64278f007515b0ba-m0,foraging,-4.75,-1.2141009919762529
model_agnostic_replication_contextual_behavior-64278f007515b0ba-m1,foraging,-2.875,-0.8226186938963892
model_agnostic_replication_contextual_behavior-646c0041bb336a99-m0,foraging,0.0,1.8015847146289627
model_agnostic_replication_contextual_behavior-646c0041bb336a99-m1,foraging,-0.7500000000000001,2.193067012708826
model_agnostic_replication_contextual_behavior-6476f9d188e281c7-m0,debugging,-6.75,-6.2955402042148165
model_agnostic_replication_contextual_behavior-6476f9d188e281c7-m1,debugging,-5.375,-4.813692384788734
model_agnostic_replication_contextual_behavior-64c3b4b37c15d28f-m0,debugging,-5.875,-8.237026382960943
model_agnostic_replication_contextual_behavior-64c3b4b37c15d28f-m1,debugging,-5.375,-6.7551785635348605
model_agnostic_replication_contextual_behavior-65848bda8649384b-m0,debugging,-4.5,-4.237153506925221
model_agnostic_replication_contextual_behavior-65848bda8649384b-m1,debugging,-3.125,-2.7553056874991384
model_agnostic_replication_contextual_behavior-68a40a4df7d76bf4-m0,foraging,-2.75,3.0592985317357333
model_agnostic_replication_contextual_behavior-68a40a4df7d76bf4-m1,foraging,0.24999999999999992,3.450780829815597
model_agnostic_replication_contextual_behavior-68dae76b445ff4c5-m0,bandit,-7.125,-6.670244167384276
model_agnostic_replication_contextual_behavior-68dae76b445ff4c5-m1,bandit,-6.375,-6.666781154521917
model_agnostic_replication_contextual_behavior-6aad3bee13d6fbac-m0,foraging,5.375,3.7581768263984405
model_agnostic_replication_contextual_behavior-6aad3bee13d6fbac-m1,foraging,4.875,4.149659124478305
model_agnostic_replication_contextual_behavior-6b13cd9d64ee9544-m0,foraging,-6.125,-9.786250105380244
model_agnostic_replication_contextual_behavior-6b13cd9d64ee9544-m1,foraging,-4.75,-9.39476780730038
model_agnostic_replication_contextual_behavior-6b29b855daf12166-m0,debugging,0.125,-0.13134105511960403
model_agnostic_replication_contextual_behavior-6b29b855daf12166-m1,debugging,0.10937499999999996,1.3505067643064783
model_agnostic_replication_contextual_behavior-6bdf9551a9b04bae-m0,bandit,-9.3125,-10.36018838954646
model_agnostic_replication_contextual_behavior-6bdf9551a9b04bae-m1,bandit,-7.375,-10.356725376684102
model_agnostic_replication_contextual_behavior-6d4bec07216ab1f7-m0,bandit,-2.875,8.844100747081868
model_agnostic_replication_contextual_behavior-6d4bec07216ab1f7-m1,bandit,-3.5,8.847563759944226
model_agnostic_replication_contextual_behavior-6d70350a9e132c60-m0,debugging,-1.625,3.223285354019995
model_agnostic_replication_contextual_behavior-6d70350a9e132c60-m1,debugging,2.125,4.705133173446077
model_agnostic_replication_contextual_behavior-6e46e59b50e3be30-m0,debugging,-4.75,-2.1914149220382413
model_agnostic_replication_contextual_behavior-6e46e59b50e3be30-m1,debugging,-3.75,-0.7095671026121589
model_agnostic_replication_contextual_behavior-70a39723d6e1c0a0-m0,bandit,-5.0,-2.744405033724777
model_agnostic_replication_contextual_behavior-70a39723d6e1c0a0-m1,bandit,-2.625,-2.7409420208624184
model_agnostic_replication_contextual_behavior-71551b2ac6405a75-m0,bandit,-1.875,-1.0113206782864035
model_agnostic_replication_contextual_behavior-71551b2ac6405a75-m1,bandit,1.625,-1.0078576654240448
model_agnostic_replication_contextual_behavior-717e2679ba09d8e8-m0,bandit,-1.625,2.986281094523893
model_agnostic_replication_contextual_behavior-717e2679ba09d8e8-m1,bandit,1.8749999999999998,2.9897441073862514
model_agnostic_replication_contextual_behavior-719bbe39012d1e85-m0,bandit,-4.75,0.5259740923092988
model_agnostic_replication_contextual_behavior-719bbe39012d1e85-m1,bandit,-2.75,0.5294371051716575
model_agnostic_replication_contextual_behavior-71a7a71063fe2689-m0,foraging,-3.5,-1.2462949585938494
model_agnostic_replication_contextual_behavior-71a7a71063fe2689-m1,foraging,-4.125,-0.8548126605139861
model_agnostic_replication_contextual_behavior-72b04b1f4302c49a-m0,debugging,8.25,6.588209968163376
model_agnostic_replication_contextual_behavior-72b04b1f4302c49a-m1,debugging,8.875,8.070057787589459
model_agnostic_replication_contextual_behavior-735615446b3edf33-m0,bandit,-1.375,2.986281094523893
model_agnostic_replication_contextual_behavior-735615446b3edf33-m1,bandit,3.0,2.9897441073862514
model_agnostic_replication_contextual_behavior-7358c860c4d99faa-m0,foraging,-3.5,-2.18784977225055
model_agnostic_replication_contextual_behavior-7358c860c4d99faa-m1,foraging,-3.0,-1.7963674741706868
model_agnostic_replication_contextual_behavior-74007db54a0a064b-m0,debugging,-4.125,-4.529585369012523
model_agnostic_replication_contextual_behavior-74007db54a0a064b-m1,debugging,-4.125,-3.04773754958644
model_agnostic_replication_contextual_behavior-74a9c1dcfe9f58d5-m0,debugging,-1.375,-2.187780587555921
model_agnostic_replication_contextual_behavior-74a9c1dcfe9f58d5-m1,debugging,1.625,-0.7059327681298383
model_agnostic_replication_contextual_behavior-7611406682cafbfb-m0,foraging,-2.5,2.8915489973405064
model_agnostic_replication_contextual_behavior-7611406682cafbfb-m1,foraging,-1.875,3.2830312954203698
model_agnostic_replication_contextual_behavior-761c7220a9b2d9a6-m0,bandit,1.8749999999999998,-0.2230269373137621
model_agnostic_replication_contextual_behavior-761c7220a9b2d9a6-m1,bandit,0.24999999999999992,-0.21956392445140338
model_agnostic_replication_contextual_behavior-763280f5b79962ec-m0,debugging,-2.5,-1.3705039935254208
model_agnostic_replication_contextual_behavior-763280f5b79962ec-m1,debugging,0.7500000000000002,0.11134382590066183
model_agnostic_replication_contextual_behavior-785a121344e44f05-m0,bandit,-5.125,-2.744405033724777
model_agnostic_replication_contextual_behavior-785a121344e44f05-m1,bandit,-2.5,-2.7409420208624184
model_agnostic_replication_contextual_behavior-789f23b28b178bde-m0,debugging,3.5,0.34500034339747376
model_agnostic_replication_contextual_behavior-789f23b28b178bde-m1,debugging,4.375,1.8268481628235564
model_agnostic_replication_contextual_behavior-7d642cd448ae7c67-m0,debugging,-6.0,-4.189913070581575
model_agnostic_replication_contextual_behavior-7d642cd448ae7c67-m1,debugging,-4.5,-2.708065251155492
model_agnostic_replication_contextual_behavior-7d95a7eae4fbb693-m0,debugging,-7.75,-7.339219558505832
model_agnostic_replication_contextual_behavior-7d95a7eae4fbb693-m1,debugging,-6.25,-5.857371739079749
model_agnostic_replication_contextual_behavior-83b519b28056aaf0-m0,foraging,-2.375,-2.167391940187014
model_agnostic_replication_contextual_behavior-83b519b28056aaf0-m1,foraging,-2.25,-1.77590964210715
model_agnostic_replication_contextual_behavior-882530778f68a640-m0,debugging,5.25,5.537634124485866
model_agnostic_replication_contextual_behavior-882530778f68a640-m1,debugging,6.5,7.0194819439119485
model_agnostic_replication_contextual_behavior-88a3e5071d7682e5-m0,bandit,6.625,6.412477086448786
model_agnostic_replication_contextual_behavior-88a3e5071d7682e5-m1,bandit,7.125,6.415940099311145
model_agnostic_replication_contextual_behavior-89bc6fd7bb1ad9bd-m0,foraging,-2.375,2.5717263472804253
model_agnostic_replication_contextual_behavior-89bc6fd7bb1ad9bd-m1,foraging,-0.8750000000000002,2.963208645360289
model_agnostic_replication_contextual_behavior-89bd184759f6e2cd-m0,foraging,-3.625,3.575257265341231
model_agnostic_replication_contextual_behavior-89bd184759f6e2cd-m1,foraging,-1.375,3.9667395634210956
model_agnostic_replication_contextual_behavior-8a157011ee4ffc43-m0,debugging,0.08593749999999996,-0.13134105511960403
model_agnostic_replication_contextual_behavior-8a157011ee4ffc43-m1,debugging,0.04687500000000005,1.3505067643064783
model_agnostic_replication_contextual_behavior-8b486568b6c7a03a-m0,bandit,-5.375,0.2977967548517202
model_agnostic_replication_contextual_behavior-8b486568b6c7a03a-m1,bandit,-4.25,0.30125976771407914
model_agnostic_replication_contextual_behavior-8ce6b6ebfe154e3f-m0,bandit,7.375,8.682876668784564
model_agnostic_replication_contextual_behavior-8ce6b6ebfe154e3f-m1,bandit,9.5,8.686339681646922
model_agnostic_replication_contextual_behavior-8e0b3b44f47e7587-m0,debugging,3.625,4.629340487232627
model_agnostic_replication_contextual_behavior-8e0b3b44f47e7587-m1,debugging,5.375,6.111188306658709
model_agnostic_replication_contextual_behavior-8e74f378468881e4-m0,foraging,-6.5,-4.615251349926971
model_agnostic_replication_contextual_behavior-8e74f378468881e4-m1,foraging,-4.0,-4.223769051847108
model_agnostic_replication_contextual_behavior-8fbebd1d99031e9d-m0,bandit,-6.0,-0.4275394824305161
model_agnostic_replication_contextual_behavior-8fbebd1d99031e9d-m1,bandit,-4.5,-0.42407646956815737
model_agnostic_replication_contextual_behavior-9024a3446801a4be-m0,bandit,-3.25,1.5100574181246111
model_agnostic_replication_contextual_behavior-9024a3446801a4be-m1,bandit,0.5,1.5135204309869694
model_agnostic_replication_contextual_behavior-9089e52c17de2ce5-m0,debugging,-4.375,-2.7929239609964385
model_agnostic_replication_contextual_behavior-9089e52c17de2ce5-m1,debugging,-3.375,-1.3110761415703558
model_agnostic_replication_contextual_behavior-92f7ec16dab4c725-m0,bandit,-4.375,8.844100747081868
model_agnostic_replication_contextual_behavior-92f7ec16dab4c725-m1,bandit,-4.375,8.847563759944226
model_agnostic_replication_contextual_behavior-930baf82147fd9f0-m0,debugging,-3.5,-1.6485372028092722
model_agnostic_replication_contextual_behavior-930baf82147fd9f0-m1,debugging,-3.25,-0.1666893833831895
model_agnostic_replication_contextual_behavior-93ce94bf53ca8c39-m0,foraging,-5.25,-2.1090655043590116
model_agnostic_replication_contextual_behavior-93ce94bf53ca8c39-m1,foraging,-2.5,-1.7175832062791483
model_agnostic_replication_contextual_behavior-93f1e071efbc212e-m0,foraging,2.125,1.4071642226213013
model_agnostic_replication_contextual_behavior-93f1e071efbc212e-m1,foraging,3.0,1.798646520701165
model_agnostic_replication_contextual_behavior-94e1f0824afcef8d-m0,bandit,5.25,1.4424476871423981
model_agnostic_replication_contextual_behavior-94e1f0824afcef8d-m1,bandit,5.75,1.445910700004757
model_agnostic_replication_contextual_behavior-958a13b92f2e9d8b-m0,foraging,-1.7499999999999998,3.0592985317357333
model_agnostic_replication_contextual_behavior-958a13b92f2e9d8b-m1,foraging,1.8749999999999998,3.450780829815597
model_agnostic_replication_contextual_behavior-95b641b906f137c5-m0,bandit,3.25,2.8715963105025244
model_agnostic_replication_contextual_behavior-95b641b906f137c5-m1,bandit,3.875,2.8750593233648827
model_agnostic_replication_contextual_behavior-9ae344551c8c8645-m0,bandit,6.75,14.270194671430353
model_agnostic_replication_contextual_behavior-9ae344551c8c8645-m1,bandit,9.625,14.273657684292711
model_agnostic_replication_contextual_behavior-9b2db488290b6f06-m0,debugging,3.375,0.34500034339747376
model_agnostic_replication_contextual_behavior-9b2db488290b6f06-m1,debugging,3.75,1.8268481628235564
model_agnostic_replication_contextual_behavior-9b40c04de6bc0b21-m0,debugging,-3.625,-4.650035273847717
model_agnostic_replication_contextual_behavior-9b40c04de6bc0b21-m1,debugging,-3.0,-3.168187454421634
model_agnostic_replication_contextual_behavior-9d8c8973dea67ebe-m0,foraging,-2.375,0.5539152882736446
model_agnostic_replication_contextual_behavior-9d8c8973dea67ebe-m1,foraging,0.5,0.9453975863535081
model_agnostic_replication_contextual_behavior-9e73ff3ba9bb834e-m0,debugging,-1.875,2.099835526689688
model_agnostic_replication_contextual_behavior-9e73ff3ba9bb834e-m1,debugging,2.25,3.581683346115771
model_agnostic_replication_contextual_behavior-9e8ea3bf61e054ca-m0,bandit,-1.625,-2.371379231872604
model_agnostic_replication_contextual_behavior-9e8ea3bf61e054ca-m1,bandit,1.75,-2.367916219010245
model_agnostic_replication_contextual_behavior-9f974b93fbf5a2ed-m0,foraging,-2.5,-1.5433794905716396
model_agnostic_replication_contextual_behavior-9f974b93fbf5a2ed-m1,foraging,-0.12500000000000006,-1.1518971924917758
model_agnostic_replication_contextual_behavior-a01d02fa2544bdde-m0,foraging,-2.5,-0.6487430958201241
model_agnostic_replication_contextual_behavior-a01d02fa2544bdde-m1,foraging,-2.0,-0.25726079774026084
model_agnostic_replication_contextual_behavior-a0d374aa828419bb-m0,foraging,-4.375,-2.1090655043590116
model_agnostic_replication_contextual_behavior-a0d374aa828419bb-m1,foraging,-2.5,-1.7175832062791483
model_agnostic_replication_contextual_behavior-a1674a0d45fdc93c-m0,bandit,-5.625,0.2977967548517202
model_agnostic_replication_contextual_behavior-a1674a0d45fdc93c-m1,bandit,-5.0,0.30125976771407914
model_agnostic_replication_contextual_behavior-a167a9aeb55fd73c-m0,bandit,-7.875,-6.670244167384276
model_agnostic_replication_contextual_behavior-a167a9aeb55fd73c-m1,bandit,-6.875,-6.666781154521917
model_agnostic_replication_contextual_behavior-a175a3131d5ec1e6-m0,foraging,-5.125,-1.7749464376277864
model_agnostic_replication_contextual_behavior-a175a3131d5ec1e6-m1,foraging,-4.625,-1.3834641395479235
model_agnostic_replication_contextual_behavior-a1c18d5d4bc8db88-m0,bandit,-0.37499999999999994,1.4424476871423981
model_agnostic_replication_contextual_behavior-a1c18d5d4bc8db88-m1,bandit,4.125,1.445910700004757
model_agnostic_replication_contextual_behavior-a243f9d55e5307a4-m0,bandit,-2.125,7.557128018739462
model_agnostic_replication_contextual_behavior-a243f9d55e5307a4-m1,bandit,-0.12500000000000006,7.560591031601821
model_agnostic_replication_contextual_behavior-a258cd550018437b-m0,bandit,-8.375,-12.242957044792128
model_agnostic_replication_contextual_behavior-a258cd550018437b-m1,bandit,-6.875,-12.23949403192977
model_agnostic_replication_contextual_behavior-a400f769b01fcae2-m0,debugging,4.5,5.537634124485866
model_agnostic_replication_contextual_behavior-a400f769b01fcae2-m1,debugging,6.5,7.0194819439119485
model_agnostic_replication_contextual_behavior-a4c63f0e03403d3f-m0,bandit,-7.0,-5.478163111770272
model_agnostic_replication_contextual_behavior-a4c63f0e03403d3f-m1,bandit,-5.125,-5.474700098907913
model_agnostic_replication_contextual_behavior-a4fabcd7d1f7abe0-m0,bandit,9.25,14.270194671430353
model_agnostic_replication_contextual_behavior-a4fabcd7d1f7abe0-m1,bandit,11.8125,14.273657684292711
model_agnostic_replication_contextual_behavior-a86511be5a45787d-m0,debugging,-5.125,-8.205123867839792
model_agnostic_replication_contextual_behavior-a86511be5a45787d-m1,debugging,-4.75,-6.723276048413709
model_agnostic_replication_contextual_behavior-a9cbf4cb092cc936-m0,debugging,0.34375000000000006,-0.8943166626541285
model_agnostic_replication_contextual_behavior-a9cbf4cb092cc936-m1,debugging,0.18749999999999997,0.5875311567719539
model_agnostic_replication_contextual_behavior-ab25c2db1ed2fbd5-m0,bandit,-6.625,-5.478163111770272
model_agnostic_replication_contextual_behavior-ab25c2db1ed2fbd5-m1,bandit,-4.5,-5.474700098907913
model_agnostic_replication_contextual_behavior-ac0cf4293bb093f6-m0,bandit,10.5625,11.148805666294749
model_agnostic_replication_contextual_behavior-ac0cf4293bb093f6-m1,bandit,10.875,11.152268679157107
model_agnostic_replication_contextual_behavior-ac5884bc17ebdade-m0,bandit,-4.0,-4.094073443894367
model_agnostic_replication_contextual_behavior-ac5884bc17ebdade-m1,bandit,-1.125,-4.090610431032008
model_agnostic_replication_contextual_behavior-aec4bc5a1a3e3516-m0,debugging,4.25,4.629340487232627
model_agnostic_replication_contextual_behavior-aec4bc5a1a3e3516-m1,debugging,6.0,6.111188306658709
model_agnostic_replication_contextual_behavior-b03e3e801c0d1dfb-m0,debugging,-5.625,-8.237026382960943
model_agnostic_replication_contextual_behavior-b03e3e801c0d1dfb-m1,debugging,-5.0,-6.7551785635348605
model_agnostic_replication_contextual_behavior-b073c5f4f72c8e9b-m0,foraging,-3.375,2.8915489973405064
model_agnostic_replication_contextual_behavior-b073c5f4f72c8e9b-m1,foraging,0.125,3.2830312954203698
model_agnostic_replication_contextual_behavior-b0a71b2a55d20644-m0,foraging,2.5,0.09878258484151958
model_agnostic_replication_contextual_behavior-b0a71b2a55d20644-m1,foraging,2.125,0.4902648829213828
model_agnostic_replication_contextual_behavior-b4b235ee3232c772-m0,debugging,0.625,-2.6269318550255267
model_agnostic_replication_contextual_behavior-b4b235ee3232c772-m1,debugging,2.875,-1.1450840355994438
model_agnostic_replication_contextual_behavior-b4bff01305d9d874-m0,debugging,-0.25,3.7041805066882403
model_agnostic_replication_contextual_behavior-b4bff01305d9d874-m1,debugging,2.125,5.186028326114323
model_agnostic_replication_contextual_behavior-b5168dc01dec3d41-m0,bandit,6.125,6.412477086448786
model_agnostic_replication_contextual_behavior-b5168dc01dec3d41-m1,bandit,7.25,6.415940099311145
model_agnostic_replication_contextual_behavior-b52779f55d4eef4b-m0,debugging,1.75,-2.6269318550255267
model_agnostic_replication_contextual_behavior-b52779f55d4eef4b-m1,debugging,4.25,-1.1450840355994438
model_agnostic_replication_contextual_behavior-b5a5dde4f1b4ed7a-m0,debugging,-0.6249999999999999,-2.409968432613308
model_agnostic_replication_contextual_behavior-b5a5dde4f1b4ed7a-m1,debugging,0.0,-0.9281206131872253
model_agnostic_replication_contextual_behavior-b752b297e09124cf-m0,foraging,-4.25,-1.29189817487249
model_agnostic_replication_contextual_behavior-b752b297e09124cf-m1,foraging,-2.625,-0.9004158767926264
model_agnostic_replication_contextual_behavior-b8dcdbc711ce48bb-m0,debugging,1.0,-1.6485372028092722
model_agnostic_replication_contextual_behavior-b8dcdbc711ce48bb-m1,debugging,0.625,-0.1666893833831895
model_agnostic_replication_contextual_behavior-babe698253061141-m0,foraging,-3.125,0.5539152882736446
model_agnostic_replication_contextual_behavior-babe698253061141-m1,foraging,0.7500000000000002,0.9453975863535081
model_agnostic_replication_contextual_behavior-bb4376c1204a4efa-m0,bandit,-4.5,-2.744405033724777
model_agnostic_replication_contextual_behavior-bb4376c1204a4efa-m1,bandit,-3.25,-2.7409420208624184
model_agnostic_replication_contextual_behavior-bb5deb4b812d43fa-m0,bandit,-8.875,-12.242957044792128
model_agnostic_replication_contextual_behavior-bb5deb4b812d43fa-m1,bandit,-7.625,-12.23949403192977
model_agnostic_replication_contextual_behavior-bdd8fd724268b8a5-m0,bandit,-1.625,-2.4367474830766627
model_agnostic_replication_contextual_behavior-bdd8fd724268b8a5-m1,bandit,0.24999999999999992,-2.4332844702143035
model_agnostic_replication_contextual_behavior-bebd3188861651b2-m0,debugging,-6.375,-5.071810049031058
model_agnostic_replication_contextual_behavior-bebd3188861651b2-m1,debugging,-4.875,-3.5899622296049745
model_agnostic_replication_contextual_behavior-bee496043c24d90b-m0,foraging,-2.5,0.3766625091454121
model_agnostic_replication_contextual_behavior-bee496043c24d90b-m1,foraging,-1.125,0.7681448072252758
model_agnostic_replication_contextual_behavior-bf0681eacca0e31c-m0,debugging,-1.5,3.7041805066882403
model_agnostic_replication_contextual_behavior-bf0681eacca0e31c-m1,debugging,1.8749999999999998,5.186028326114323
model_agnostic_replication_contextual_behavior-bf36bbd360d6535f-m0,debugging,-2.125,-2.949327314701158
model_agnostic_replication_contextual_behavior-bf36bbd360d6535f-m1,debugging,-1.25,-1.4674794952750747
model_agnostic_replication_contextual_behavior-c0084d44a28896c1-m0,foraging,-2.125,3.575257265341231
model_agnostic_replication_contextual_behavior-c0084d44a28896c1-m1,foraging,-0.25,3.9667395634210956
model_agnostic_replication_contextual_behavior-c01ea1e228c6f42d-m0,debugging,-4.375,-2.1914149220382413
model_agnostic_replication_contextual_behavior-c01ea1e228c6f42d-m1,debugging,-4.0,-0.7095671026121589
model_agnostic_replication_contextual_behavior-c2979408d06f274c-m0,foraging,-3.125,2.8860580205075896
model_agnostic_replication_contextual_behavior-c2979408d06f274c-m1,foraging,0.0,3.2775403185874534
model_agnostic_replication_contextual_behavior-c4e34a04c5bf6d0d-m0,foraging,-6.25,-2.9440866070059335
model_agnostic_replication_contextual_behavior-c4e34a04c5bf6d0d-m1,foraging,-4.375,-2.5526043089260697
model_agnostic_replication_contextual_behavior-c509889dc0abb847-m0,foraging,3.25,1.420470119678976
model_agnostic_replication_contextual_behavior-c509889dc0abb847-m1,foraging,3.75,1.8119524177588393
model_agnostic_replication_contextual_behavior-c537c8e5d34a892f-m0,debugging,7.875,6.588209968163376
model_agnostic_replication_contextual_behavior-c537c8e5d34a892f-m1,debugging,8.625,8.070057787589459
model_agnostic_replication_contextual_behavior-c594d80a695c5284-m0,bandit,-8.125,-12.52806381994225
model_agnostic_replication_contextual_behavior-c594d80a695c5284-m1,bandit,-6.875,-12.524600807079892
model_agnostic_replication_contextual_behavior-c6427efc4c38c895-m0,foraging,-0.37499999999999994,3.048603399633873
model_agnostic_replication_contextual_behavior-c6427efc4c38c895-m1,foraging,2.0,3.440085697713737
model_agnostic_replication_contextual_behavior-ccc07e77bc0b304f-m0,bandit,-2.75,-0.27847603621459444
model_agnostic_replication_contextual_behavior-ccc07e77bc0b304f-m1,bandit,-4.375,-0.2750130233522355
model_agnostic_replication_contextual_behavior-ce8c28bf08b47de6-m0,bandit,-2.5,-0.8382261177807773
model_agnostic_replication_contextual_behavior-ce8c28bf08b47de6-m1,bandit,-1.7499999999999998,-0.8347631049184187
model_agnostic_replication_contextual_behavior-cecf591daa50fe6b-m0,debugging,-6.375,-4.189913070581575
model_agnostic_replication_contextual_behavior-cecf591daa50fe6b-m1,debugging,-5.0,-2.708065251155492
model_agnostic_replication_contextual_behavior-cf7591f432a28996-m0,bandit,-6.875,-3.155951154275378
model_agnostic_replication_contextual_behavior-cf7591f432a28996-m1,bandit,-6.5,-3.1524881414130195
model_agnostic_replication_contextual_behavior-cf938f657aea4217-m0,bandit,6.0,3.7860789957559793
model_agnostic_replication_contextual_behavior-cf938f657aea4217-m1,bandit,7.75,3.7895420086183385
model_agnostic_replication_contextual_behavior-d02465dba04b17df-m0,debugging,-5.5,-5.104635168349631
model_agnostic_replication_contextual_behavior-d02465dba04b17df-m1,debugging,-4.5,-3.622787348923549
model_agnostic_replication_contextual_behavior-d08e90764fcd7941-m0,debugging,-1.25,0.582754876341222
model_agnostic_replication_contextual_behavior-d08e90764fcd7941-m1,debugging,1.5000000000000002,2.0646026957673045
model_agnostic_replication_contextual_behavior-d09c29aed88217ad-m0,bandit,-8.5,-4.740045388815282
model_agnostic_replication_contextual_behavior-d09c29aed88217ad-m1,bandit,-7.25,-4.736582375952922
model_agnostic_replication_contextual_behavior-d45cf736e7c26b6b-m0,debugging,-3.5,-3.1940289757357907
model_agnostic_replication_contextual_behavior-d45cf736e7c26b6b-m1,debugging,-3.125,-1.7121811563097078
model_agnostic_replication_contextual_behavior-d582a849cbd5b32f-m0,foraging,-5.5,-1.2406386881314795
model_agnostic_replication_contextual_behavior-d582a849cbd5b32f-m1,foraging,-3.875,-0.8491563900516164
model_agnostic_replication_contextual_behavior-d5cd9f28c330783e-m0,bandit,-5.5,0.015540543560427444
model_agnostic_replication_contextual_behavior-d5cd9f28c330783e-m1,bandit,-3.875,0.019003556422785284
model_agnostic_replication_contextual_behavior-d72fe28bac605d80-m0,bandit,-3.75,-2.744405033724777
model_agnostic_replication_contextual_behavior-d72fe28bac605d80-m1,bandit,-2.25,-2.7409420208624184
model_agnostic_replication_contextual_behavior-d75d97e566ebec90-m0,foraging,-6.875,-2.9440866070059335
model_agnostic_replication_contextual_behavior-d75d97e566ebec90-m1,foraging,-4.625,-2.5526043089260697
model_agnostic_replication_contextual_behavior-d8f307639915e1f0-m0,foraging,4.375,2.2941624281962345
model_agnostic_replication_contextual_behavior-d8f307639915e1f0-m1,foraging,4.375,2.6856447262760983
model_agnostic_replication_contextual_behavior-d93bb2122a40c06a-m0,bandit,-5.875,-8.15862847586494
model_agnostic_replication_contextual_behavior-d93bb2122a40c06a-m1,bandit,-4.375,-8.155165463002582
model_agnostic_replication_contextual_behavior-d93c312a9d96584c-m0,foraging,-1.625,-1.6365311830192883
model_agnostic_replication_contextual_behavior-d93c312a9d96584c-m1,foraging,-2.375,-1.245048884939425
model_agnostic_replication_contextual_behavior-d9438cf8fff1d0b5-m0,bandit,4.625,5.06554331930881
model_agnostic_replication_contextual_behavior-d9438cf8fff1d0b5-m1,bandit,7.0,5.069006332171169
model_agnostic_replication_contextual_behavior-d9559e5aa4dc4c81-m0,bandit,10.25,11.148805666294749
model_agnostic_replication_contextual_behavior-d9559e5aa4dc4c81-m1,bandit,10.875,11.152268679157107
model_agnostic_replication_contextual_behavior-db9c634627803d8e-m0,debugging,-6.125,-7.05056785122618
model_agnostic_replication_contextual_behavior-db9c634627803d8e-m1,debugging,-4.75,-5.568720031800098
model_agnostic_replication_contextual_behavior-dcb39551ab53167b-m0,bandit,2.5,-1.0113206782864035
model_agnostic_replication_contextual_behavior-dcb39551ab53167b-m1,bandit,3.75,-1.0078576654240448
model_agnostic_replication_contextual_behavior-dd98cb9d7ee2367c-m0,foraging,-7.625,-7.844342572551796
model_agnostic_replication_contextual_behavior-dd98cb9d7ee2367c-m1,foraging,-5.375,-7.452860274471933
model_agnostic_replication_contextual_behavior-de2bc1e1f578fce5-m0,foraging,-6.25,-3.7618505548238503
model_agnostic_replication_contextual_behavior-de2bc1e1f578fce5-m1,foraging,-3.625,-3.3703682567439874
model_agnostic_replication_contextual_behavior-dfbb707d1c0809f3-m0,bandit,-2.5,4.870530088561274
model_agnostic_replication_contextual_behavior-dfbb707d1c0809f3-m1,bandit,-1.5,4.8739931014236335
model_agnostic_replication_contextual_behavior-e0b02849ca01eedd-m0,bandit,6.125,-0.27847603621459444
model_agnostic_replication_contextual_behavior-e0b02849ca01eedd-m1,bandit,7.375,-0.2750130233522355
model_agnostic_replication_contextual_behavior-e1f394d5137ab593-m0,bandit,3.625,3.3806654412888983
model_agnostic_replication_contextual_behavior-e1f394d5137ab593-m1,bandit,6.375,3.3841284541512575
model_agnostic_replication_contextual_behavior-e2766d3560ddb62f-m0,foraging,-6.5,-7.844342572551796
model_agnostic_replication_contextual_behavior-e2766d3560ddb62f-m1,foraging,-4.5,-7.452860274471933
model_agnostic_replication_contextual_behavior-e3fe2399ad9921fc-m0,bandit,-0.7500000000000001,4.870530088561274
model_agnostic_replication_contextual_behavior-e3fe2399ad9921fc-m1,bandit,1.0,4.8739931014236335
model_agnostic_replication_contextual_behavior-e4d760395acd9b10-m0,foraging,2.125,3.240223603318217
model_agnostic_replication_contextual_behavior-e4d760395acd9b10-m1,foraging,1.8749999999999998,3.6317059013980804
model_agnostic_replication_contextual_behavior-e58b15f069847c0d-m0,bandit,-8.75,-8.19152679926778
model_agnostic_replication_contextual_behavior-e58b15f069847c0d-m1,bandit,-6.0,-8.18806378640542
model_agnostic_replication_contextual_behavior-e6cd88e1fb04f123-m0,debugging,-4.875,-7.767800812093194
model_agnostic_replication_contextual_behavior-e6cd88e1fb04f123-m1,debugging,-3.625,-6.285952992667111
model_agnostic_replication_contextual_behavior-e7157a3dffea1983-m0,bandit,-4.5,0.5259740923092988
model_agnostic_replication_contextual_behavior-e7157a3dffea1983-m1,bandit,-3.375,0.5294371051716575
model_agnostic_replication_contextual_behavior-e7468f1f07d54582-m0,foraging,-2.625,2.2444577718925065
model_agnostic_replication_contextual_behavior-e7468f1f07d54582-m1,foraging,-0.12500000000000006,2.6359400699723703
model_agnostic_replication_contextual_behavior-e77b56185629a13b-m0,debugging,2.25,2.3641424947655727
model_agnostic_replication_contextual_behavior-e77b56185629a13b-m1,debugging,6.625,3.845990314191655
model_agnostic_replication_contextual_behavior-e78b6f2777a62818-m0,bandit,-3.25,7.557128018739462
model_agnostic_replication_contextual_behavior-e78b6f2777a62818-m1,bandit,-2.375,7.560591031601821
model_agnostic_replication_contextual_behavior-eaaacc007c8e3f23-m0,bandit,-8.0,-1.338385443942253
model_agnostic_replication_contextual_behavior-eaaacc007c8e3f23-m1,bandit,-6.5,-1.3349224310798942
model_agnostic_replication_contextual_behavior-eb6f24b20bfb76e6-m0,foraging,3.75,1.4071642226213013
model_agnostic_replication_contextual_behavior-eb6f24b20bfb76e6-m1,foraging,4.375,1.798646520701165
model_agnostic_replication_contextual_behavior-ec2c68ae395dec72-m0,foraging,-0.6249999999999999,-1.6365311830192883
model_agnostic_replication_contextual_behavior-ec2c68ae395dec72-m1,foraging,-2.875,-1.245048884939425
model_agnostic_replication_contextual_behavior-ece13e3d4b2bb287-m0,bandit,-8.875,-8.19152679926778
model_agnostic_replication_contextual_behavior-ece13e3d4b2bb287-m1,bandit,-6.75,-8.18806378640542
model_agnostic_replication_contextual_behavior-edaec4a83f8436b4-m0,bandit,-9.3125,-10.36018838954646
model_agnostic_replication_contextual_behavior-edaec4a83f8436b4-m1,bandit,-7.375,-10.356725376684102
model_agnostic_replication_contextual_behavior-ee4b2cfb96355bfd-m0,foraging,-0.5,1.6321376800451421
model_agnostic_replication_contextual_behavior-ee4b2cfb96355bfd-m1,foraging,0.8750000000000001,2.0236199781250055
model_agnostic_replication_contextual_behavior-ef00974a41948441-m0,foraging,-1.7499999999999998,1.9057518174152421
model_agnostic_replication_contextual_behavior-ef00974a41948441-m1,foraging,2.875,2.2972341154951055
model_agnostic_replication_contextual_behavior-eff6c3617ba0cc48-m0,bandit,-8.875,-7.87500203950653
model_agnostic_replication_contextual_behavior-eff6c3617ba0cc48-m1,bandit,-5.625,-7.871539026644171
model_agnostic_replication_contextual_behavior-f0858a570bb183c1-m0,debugging,-2.25,-0.9985690687949806
model_agnostic_replication_contextual_behavior-f0858a570bb183c1-m1,debugging,-0.8750000000000002,0.4832787506311018
model_agnostic_replication_contextual_behavior-f1ca1de8cd449e76-m0,bandit,8.125,11.032640543481666
model_agnostic_replication_contextual_behavior-f1ca1de8cd449e76-m1,bandit,10.125,11.036103556344024
model_agnostic_replication_contextual_behavior-f4e0510fd9a9be2c-m0,debugging,0.7500000000000002,3.223285354019995
model_agnostic_replication_contextual_behavior-f4e0510fd9a9be2c-m1,debugging,4.0,4.705133173446077
model_agnostic_replication_contextual_behavior-f63c99a5c4384a2d-m0,debugging,-4.875,-8.205123867839792
model_agnostic_replication_contextual_behavior-f63c99a5c4384a2d-m1,debugging,-4.75,-6.723276048413709
model_agnostic_replication_contextual_behavior-f789615c6783c65d-m0,foraging,-3.5,2.5717263472804253
model_agnostic_replication_contextual_behavior-f789615c6783c65d-m1,foraging,-1.625,2.963208645360289
model_agnostic_replication_contextual_behavior-f9d165eb275beeb6-m0,debugging,-7.75,-7.339219558505832
model_agnostic_replication_contextual_behavior-f9d165eb275beeb6-m1,debugging,-6.5,-5.857371739079749
model_agnostic_replication_contextual_behavior-fbf3c9e556af3a38-m0,debugging,5.875,5.193537018481088
model_agnostic_replication_contextual_behavior-fbf3c9e556af3a38-m1,debugging,7.125,6.6753848379071705
model_agnostic_replication_contextual_behavior-fd26b8f9ccd00495-m0,bandit,4.0,5.06554331930881
model_agnostic_replication_contextual_behavior-fd26b8f9ccd00495-m1,bandit,6.375,5.069006332171169
model_agnostic_replication_contextual_behavior-fe698cbf58ad7be5-m0,foraging,-3.75,-1.2141009919762529
model_agnostic_replication_contextual_behavior-fe698cbf58ad7be5-m1,foraging,-2.25,-0.8226186938963892
model_agnostic_replication_contextual_behavior-ff5326be867651cb-m0,bandit,-6.375,-0.4275394824305161
model_agnostic_replication_contextual_behavior-ff5326be867651cb-m1,bandit,-5.125,-0.42407646956815737
model_agnostic_replication_contextual_behavior-ffdaa3f8226212bc-m0,foraging,2.375,1.6321376800451435
model_agnostic_replication_contextual_behavior-ffdaa3f8226212bc-m1,foraging,2.75,2.0236199781250073
