artifact_id,random_index,layer,rank,row_set_sha256,maximum_intervention_norm_error,global_cfr,correlation,slope,intercept,rmse,sign_accuracy,examples
das_002_outcome_history_outcome_history_L30_r2,0,30,2,a01b72def64b1899c8a9acf5ff68985d66f74135093d3d341b80719e4b55042a,0.02378225326538086,0.13494787275070275,0.2330313736451545,0.08549286583546084,-0.014350787370260297,1.092480592285967,0.625,24
das_002_outcome_history_outcome_history_L30_r2,1,30,2,a01b72def64b1899c8a9acf5ff68985d66f74135093d3d341b80719e4b55042a,0.030538558959960938,0.0017537380084428067,0.11219286546981362,0.05457691101995127,-0.05715122745110452,1.173576589561847,0.2916666666666667,24
das_002_outcome_history_outcome_history_L30_r2,2,30,2,a01b72def64b1899c8a9acf5ff68985d66f74135093d3d341b80719e4b55042a,0.025734663009643555,-0.0054806355893712855,-0.05986766267286121,-0.015864795860522526,0.01812711059142379,1.1778214163165757,0.16666666666666666,24
das_002_outcome_history_outcome_history_L30_r2,3,30,2,a01b72def64b1899c8a9acf5ff68985d66f74135093d3d341b80719e4b55042a,0.030613422393798828,0.05971980034931024,0.45696725106600256,0.10915382203990237,-0.0934691215688755,1.1389934766706205,0.2916666666666667,24
das_002_outcome_history_outcome_history_L30_r2,4,30,2,a01b72def64b1899c8a9acf5ff68985d66f74135093d3d341b80719e4b55042a,0.0222625732421875,0.026176422659545118,0.17968466364593075,0.05981689919164418,-0.052721769565509516,1.1591315686045125,0.25,24
das_002_outcome_history_outcome_history_L30_r2,5,30,2,a01b72def64b1899c8a9acf5ff68985d66f74135093d3d341b80719e4b55042a,0.026900529861450195,0.037562889327983684,0.2526653677425221,0.07232047973350693,-0.06180002329347704,1.1523350495936675,0.2916666666666667,24
das_002_outcome_history_outcome_history_L30_r2,6,30,2,a01b72def64b1899c8a9acf5ff68985d66f74135093d3d341b80719e4b55042a,0.03235220909118652,-0.06513887348755665,-0.019047288501641967,-0.004707420197943978,-0.03107963654589028,1.2122598144813908,0.041666666666666664,24
das_002_outcome_history_outcome_history_L30_r2,7,30,2,a01b72def64b1899c8a9acf5ff68985d66f74135093d3d341b80719e4b55042a,0.024613380432128906,-0.06515683779727022,-0.09140249970615531,-0.0368333423063954,0.010835764942065066,1.2122700372417652,0.20833333333333334,24
das_002_outcome_history_outcome_history_L30_r2,8,30,2,a01b72def64b1899c8a9acf5ff68985d66f74135093d3d341b80719e4b55042a,0.02904987335205078,-0.015099874947737346,0.25837732627962795,0.10780761716061815,-0.13359761497822203,1.1834420007408686,0.25,24
das_002_outcome_history_outcome_history_L30_r2,9,30,2,a01b72def64b1899c8a9acf5ff68985d66f74135093d3d341b80719e4b55042a,0.02545785903930664,-0.010293515041320589,-0.2287964191063424,-0.06063053609717947,0.0692764308292011,1.180636957933988,0.16666666666666666,24
das_002_outcome_history_outcome_history_L30_r2,10,30,2,a01b72def64b1899c8a9acf5ff68985d66f74135093d3d341b80719e4b55042a,0.02459716796875,-0.011488768387819093,0.12438513210523554,0.047990717968973924,-0.06004251207937913,1.1813351427305088,0.2916666666666667,24
das_002_outcome_history_outcome_history_L30_r2,11,30,2,a01b72def64b1899c8a9acf5ff68985d66f74135093d3d341b80719e4b55042a,0.02485203742980957,-0.010965746186825998,0.06327471122977722,0.017743568713555567,-0.02548212917570577,1.181029679922607,0.16666666666666666,24
das_002_outcome_history_outcome_history_L30_r2,12,30,2,a01b72def64b1899c8a9acf5ff68985d66f74135093d3d341b80719e4b55042a,0.023089885711669922,0.019130381139571218,0.2264399854653045,0.07890667278448406,-0.07974207199853554,1.163317423760165,0.2916666666666667,24
das_002_outcome_history_outcome_history_L30_r2,13,30,2,a01b72def64b1899c8a9acf5ff68985d66f74135093d3d341b80719e4b55042a,0.02636432647705078,0.13554593873049547,0.4675271570220163,0.149348379664958,-0.09252041004106398,1.0921028760626403,0.5,24
das_002_outcome_history_outcome_history_L30_r2,14,30,2,a01b72def64b1899c8a9acf5ff68985d66f74135093d3d341b80719e4b55042a,0.02606821060180664,0.05350984617139176,0.005570606875765488,0.001878772853033262,0.03431164808238446,1.142748451718035,0.375,24
das_002_outcome_history_outcome_history_L30_r2,15,30,2,a01b72def64b1899c8a9acf5ff68985d66f74135093d3d341b80719e4b55042a,0.02742910385131836,0.0196016695186928,0.22374038555587436,0.06573428668252983,-0.06469130792175193,1.1630379147178316,0.25,24
das_002_outcome_history_outcome_history_L30_r2,16,30,2,a01b72def64b1899c8a9acf5ff68985d66f74135093d3d341b80719e4b55042a,0.03161740303039551,0.009271075881493562,0.4391923511241367,0.13012236848577544,-0.14867777591951703,1.169149403679753,0.20833333333333334,24
das_002_outcome_history_outcome_history_L30_r2,17,30,2,a01b72def64b1899c8a9acf5ff68985d66f74135093d3d341b80719e4b55042a,0.024329662322998047,0.00977496784841081,0.16753208726320132,0.04140452491799704,-0.04210046337432089,1.1688520469024999,0.16666666666666666,24
das_002_outcome_history_outcome_history_L30_r2,18,30,2,a01b72def64b1899c8a9acf5ff68985d66f74135093d3d341b80719e4b55042a,0.035562992095947266,-0.020932706785454336,-0.17020886671754604,-0.05740555836486219,0.06038323898759892,1.1868371989491537,0.20833333333333334,24
das_002_outcome_history_outcome_history_L30_r2,19,30,2,a01b72def64b1899c8a9acf5ff68985d66f74135093d3d341b80719e4b55042a,0.02648639678955078,-0.0991547054808064,-0.25633439261624463,-0.06721672914815663,0.024718479534259603,1.2314648014557033,0.041666666666666664,24
das_002_outcome_history_outcome_history_L30_r2,20,30,2,a01b72def64b1899c8a9acf5ff68985d66f74135093d3d341b80719e4b55042a,0.02243804931640625,-0.0013970747259692828,-0.25292682436400704,-0.06250930895021233,0.07663144941348286,1.1754272385332911,0.16666666666666666,24
das_002_outcome_history_outcome_history_L30_r2,21,30,2,a01b72def64b1899c8a9acf5ff68985d66f74135093d3d341b80719e4b55042a,0.03181266784667969,0.007341150325277823,-0.1226392260618254,-0.03952575206496401,0.05557877812337228,1.1702875926851515,0.2916666666666667,24
das_002_outcome_history_outcome_history_L30_r2,22,30,2,a01b72def64b1899c8a9acf5ff68985d66f74135093d3d341b80719e4b55042a,0.025939464569091797,-0.13803845983159735,-0.27773953458051776,-0.08159908254305263,0.02031841851317599,1.2530576751033207,0.0,24
das_002_outcome_history_outcome_history_L30_r2,23,30,2,a01b72def64b1899c8a9acf5ff68985d66f74135093d3d341b80719e4b55042a,0.02991318702697754,-0.11656279424932325,-0.16912553919485845,-0.09746387840357515,0.05927886243793313,1.2411782812979175,0.375,24
das_002_outcome_history_outcome_history_L30_r2,24,30,2,a01b72def64b1899c8a9acf5ff68985d66f74135093d3d341b80719e4b55042a,0.029195785522460938,0.06598595538322805,0.12298165454530315,0.0420733304780885,-0.00640630705647027,1.1351919289172714,0.4166666666666667,24
das_002_outcome_history_outcome_history_L30_r2,25,30,2,a01b72def64b1899c8a9acf5ff68985d66f74135093d3d341b80719e4b55042a,0.02510356903076172,-0.03611774145252,0.1009709527067602,0.028900944376134115,-0.053855542979686505,1.1956309439564219,0.125,24
das_002_outcome_history_outcome_history_L30_r2,26,30,2,a01b72def64b1899c8a9acf5ff68985d66f74135093d3d341b80719e4b55042a,0.03138399124145508,-0.010639191744133303,0.015458297766586034,0.0032249777323172715,-0.00889319184160215,1.1808389209184067,0.08333333333333333,24
das_002_outcome_history_outcome_history_L30_r2,27,30,2,a01b72def64b1899c8a9acf5ff68985d66f74135093d3d341b80719e4b55042a,0.026323795318603516,0.09297486811662448,0.19861189340411667,0.07433549017288239,-0.027644040232946337,1.118670670097186,0.5833333333333334,24
das_002_outcome_history_outcome_history_L30_r2,28,30,2,a01b72def64b1899c8a9acf5ff68985d66f74135093d3d341b80719e4b55042a,0.024335622787475586,0.03696034834010775,0.22835816347371984,0.05793812633861101,-0.04536675098122739,1.152695707164414,0.25,24
das_002_outcome_history_outcome_history_L30_r2,29,30,2,a01b72def64b1899c8a9acf5ff68985d66f74135093d3d341b80719e4b55042a,0.025872468948364258,-0.05284458478198384,0.15502602096826973,0.05135193328763398,-0.08992470227616904,1.205243298024642,0.125,24
das_002_outcome_history_outcome_history_L30_r2,30,30,2,a01b72def64b1899c8a9acf5ff68985d66f74135093d3d341b80719e4b55042a,0.031525373458862305,-0.0495555496827198,0.2357213026883784,0.06438808180324578,-0.10481980133109862,1.2033592648459248,0.08333333333333333,24
das_002_outcome_history_outcome_history_L30_r2,31,30,2,a01b72def64b1899c8a9acf5ff68985d66f74135093d3d341b80719e4b55042a,0.03307485580444336,-0.06043364937615814,-0.23059642013001846,-0.08630650274099659,0.07257211530061905,1.209579287335668,0.16666666666666666,24
das_002_outcome_history_outcome_history_L30_r2,32,30,2,a01b72def64b1899c8a9acf5ff68985d66f74135093d3d341b80719e4b55042a,0.02980959415435791,-0.020937181793537096,-0.03505491382182225,-0.007932397930261306,-0.0013531113709547263,1.186839800051167,0.08333333333333333,24
das_002_outcome_history_outcome_history_L30_r2,33,30,2,a01b72def64b1899c8a9acf5ff68985d66f74135093d3d341b80719e4b55042a,0.03029346466064453,-0.026908228022151093,0.12676087836627914,0.03871211515942863,-0.059857450193013945,1.190305411774704,0.16666666666666666,24
das_002_outcome_history_outcome_history_L30_r2,34,30,2,a01b72def64b1899c8a9acf5ff68985d66f74135093d3d341b80719e4b55042a,0.023773193359375,0.014775308739068627,0.1265457888790509,0.047177081063438694,-0.04348785081568762,1.1658971348222933,0.375,24
das_002_outcome_history_outcome_history_L30_r2,35,30,2,a01b72def64b1899c8a9acf5ff68985d66f74135093d3d341b80719e4b55042a,0.02653360366821289,0.027867440266455823,0.22693185869154475,0.07554545746582414,-0.07069321513507912,1.1581247314337773,0.3333333333333333,24
das_002_outcome_history_outcome_history_L30_r2,36,30,2,a01b72def64b1899c8a9acf5ff68985d66f74135093d3d341b80719e4b55042a,0.031540870666503906,-0.01410556436762267,0.2455472030538795,0.06438808180324557,-0.08398646799776505,1.1828622562127633,0.125,24
das_002_outcome_history_outcome_history_L30_r2,37,30,2,a01b72def64b1899c8a9acf5ff68985d66f74135093d3d341b80719e4b55042a,0.02223491668701172,-0.08524444294712219,-0.2838570879041056,-0.08953148047331372,0.06063197380888771,1.2236476392734088,0.08333333333333333,24
das_002_outcome_history_outcome_history_L30_r2,38,30,2,a01b72def64b1899c8a9acf5ff68985d66f74135093d3d341b80719e4b55042a,0.025510787963867188,-0.03313730446018992,-0.06295460877082812,-0.019226011179182455,0.006342634121546879,1.193910063748382,0.125,24
das_002_outcome_history_outcome_history_L30_r2,39,30,2,a01b72def64b1899c8a9acf5ff68985d66f74135093d3d341b80719e4b55042a,0.02540886402130127,-0.035173998769914006,0.11391059734687944,0.028900944376134354,-0.05385554297968678,1.1950863026630298,0.08333333333333333,24
das_002_outcome_history_outcome_history_L30_r2,40,30,2,a01b72def64b1899c8a9acf5ff68985d66f74135093d3d341b80719e4b55042a,0.02151775360107422,-0.059708805795694486,0.19462478717499349,0.054576911019951165,-0.0988178941177711,1.2091658217423424,0.08333333333333333,24
das_002_outcome_history_outcome_history_L30_r2,41,30,2,a01b72def64b1899c8a9acf5ff68985d66f74135093d3d341b80719e4b55042a,0.027809858322143555,-0.049341125588661106,-0.11815732674089863,-0.02702217152310128,0.004833857728738083,1.2032363354781308,0.041666666666666664,24
das_002_outcome_history_outcome_history_L30_r2,42,30,2,a01b72def64b1899c8a9acf5ff68985d66f74135093d3d341b80719e4b55042a,0.030740976333618164,0.002132026273006571,0.05634040580607024,0.022983556885248498,-0.021052671290110788,1.1733542033955635,0.375,24
das_002_outcome_history_outcome_history_L30_r2,43,30,2,a01b72def64b1899c8a9acf5ff68985d66f74135093d3d341b80719e4b55042a,0.030265331268310547,-0.04627099756549424,0.0645669476905956,0.019089773592839972,-0.04785363576635949,1.201474851307939,0.125,24
das_002_outcome_history_outcome_history_L30_r2,44,30,2,a01b72def64b1899c8a9acf5ff68985d66f74135093d3d341b80719e4b55042a,0.03172707557678223,-0.0832301799812396,-0.056269873756061135,-0.012503580541862791,-0.0325884129386991,1.22251153907368,0.0,24
das_002_outcome_history_outcome_history_L30_r2,45,30,2,a01b72def64b1899c8a9acf5ff68985d66f74135093d3d341b80719e4b55042a,0.03344249725341797,-0.05345729801381416,-0.031835422580138245,-0.012639818128205327,-0.01159941458351161,1.2055939485947493,0.25,24
das_002_outcome_history_outcome_history_L30_r2,46,30,2,a01b72def64b1899c8a9acf5ff68985d66f74135093d3d341b80719e4b55042a,0.022460460662841797,0.04504429858160752,0.23887214456212488,0.08361409298242835,-0.06949576878597898,1.1478475307524671,0.3333333333333333,24
das_002_outcome_history_outcome_history_L30_r2,47,30,2,a01b72def64b1899c8a9acf5ff68985d66f74135093d3d341b80719e4b55042a,0.02732086181640625,-0.023315077797991135,0.22631785508517,0.054576911019951296,-0.0779845607844379,1.1882211486161678,0.08333333333333333,24
das_002_outcome_history_outcome_history_L30_r2,48,30,2,a01b72def64b1899c8a9acf5ff68985d66f74135093d3d341b80719e4b55042a,0.026125669479370117,0.01010268821546556,0.1898241336893309,0.05323070614066709,-0.05561305419378441,1.1686586119214,0.20833333333333334,24
das_002_outcome_history_outcome_history_L30_r2,49,30,2,a01b72def64b1899c8a9acf5ff68985d66f74135093d3d341b80719e4b55042a,0.03009772300720215,-0.029412901627275945,0.0726752023778431,0.024193524178190286,-0.043268512858910264,1.1917561309251987,0.20833333333333334,24
das_002_outcome_history_outcome_history_L30_r2,50,30,2,a01b72def64b1899c8a9acf5ff68985d66f74135093d3d341b80719e4b55042a,0.025723934173583984,-0.04623391099566043,0.008215134659994995,0.0018787728530330894,-0.028188351917615373,1.2014535571231877,0.041666666666666664,24
das_002_outcome_history_outcome_history_L30_r2,51,30,2,a01b72def64b1899c8a9acf5ff68985d66f74135093d3d341b80719e4b55042a,0.02771162986755371,0.005579276636374919,0.039787921726955174,0.011157375662578455,-0.007540080470647287,1.1713257060368882,0.20833333333333334,24
das_002_outcome_history_outcome_history_L30_r2,52,30,2,a01b72def64b1899c8a9acf5ff68985d66f74135093d3d341b80719e4b55042a,0.030936717987060547,-0.0075454664527629944,-0.11020525008267733,-0.04947316043460061,0.06173635035855335,1.1790301689424831,0.2916666666666667,24
das_002_outcome_history_outcome_history_L30_r2,53,30,2,a01b72def64b1899c8a9acf5ff68985d66f74135093d3d341b80719e4b55042a,0.03477072715759277,-0.06871737645967935,-0.06589098371256143,-0.02043597847212415,-0.01310819097632042,1.2142944965082076,0.08333333333333333,24
das_002_outcome_history_outcome_history_L30_r2,54,30,2,a01b72def64b1899c8a9acf5ff68985d66f74135093d3d341b80719e4b55042a,0.019443511962890625,0.0338384864950696,0.11391059734687958,0.02890094437613432,-0.012188876313020045,1.154562528078885,0.25,24
das_002_outcome_history_outcome_history_L30_r2,55,30,2,a01b72def64b1899c8a9acf5ff68985d66f74135093d3d341b80719e4b55042a,0.03335690498352051,-0.04272394023076043,0.06385963761410116,0.02890094437613412,-0.05385554297968651,1.1994365083152412,0.20833333333333334,24
das_002_outcome_history_outcome_history_L30_r2,56,30,2,a01b72def64b1899c8a9acf5ff68985d66f74135093d3d341b80719e4b55042a,0.026910066604614258,-0.016904188827644218,-0.030790962200038238,-0.01115737566257834,0.007540080470647153,1.1844933026188775,0.25,24
das_002_outcome_history_outcome_history_L30_r2,57,30,2,a01b72def64b1899c8a9acf5ff68985d66f74135093d3d341b80719e4b55042a,0.028917312622070312,0.02523151405257662,0.12164844640626184,0.03347212698773577,-0.02262024141194232,1.1596937894533428,0.25,24
das_002_outcome_history_outcome_history_L30_r2,58,30,2,a01b72def64b1899c8a9acf5ff68985d66f74135093d3d341b80719e4b55042a,0.025922298431396484,-0.06675484731566805,0.2573685908424588,0.07366668461279115,-0.12583819655079725,1.2131790550278487,0.08333333333333333,24
das_002_outcome_history_outcome_history_L30_r2,59,30,2,a01b72def64b1899c8a9acf5ff68985d66f74135093d3d341b80719e4b55042a,0.025329113006591797,0.038379854409918424,-0.01781044259207957,-0.004707420197944132,0.03142036345410993,1.151845865753369,0.2916666666666667,24
das_002_outcome_history_outcome_history_L30_r2,60,30,2,a01b72def64b1899c8a9acf5ff68985d66f74135093d3d341b80719e4b55042a,0.02481865882873535,-0.0049331375070875705,0.27103360838599244,0.09141025332634686,-0.10965365905983647,1.1775007026444806,0.16666666666666666,24
das_002_outcome_history_outcome_history_L30_r2,61,30,2,a01b72def64b1899c8a9acf5ff68985d66f74135093d3d341b80719e4b55042a,0.029273509979248047,0.026124688837673382,0.201280281614866,0.07689166234510814,-0.07223138839239904,1.1591623572971943,0.3333333333333333,24
das_002_outcome_history_outcome_history_L30_r2,62,30,2,a01b72def64b1899c8a9acf5ff68985d66f74135093d3d341b80719e4b55042a,0.03192698955535889,0.014606969560480465,0.1057013456806015,0.0368333423063958,-0.03166909827539887,1.1659967353422345,0.3333333333333333,24
das_002_outcome_history_outcome_history_L30_r2,63,30,2,a01b72def64b1899c8a9acf5ff68985d66f74135093d3d341b80719e4b55042a,0.02928614616394043,0.025395370249126525,-0.03957391259127473,-0.014518590981238155,0.037422270667436794,1.1595963145131318,0.3333333333333333,24
das_002_outcome_history_outcome_history_L30_r2,64,30,2,a01b72def64b1899c8a9acf5ff68985d66f74135093d3d341b80719e4b55042a,0.028081893920898438,-0.008675496675759842,0.42094490970310294,0.12367241302114107,-0.15172472556964628,1.1796911646003487,0.16666666666666666,24
das_002_outcome_history_outcome_history_L30_r2,65,30,2,a01b72def64b1899c8a9acf5ff68985d66f74135093d3d341b80719e4b55042a,0.02848505973815918,0.015732532749349493,0.07996461127111754,0.020968546445873027,-0.013541987683974788,1.1653306163675203,0.20833333333333334,24
das_002_outcome_history_outcome_history_L30_r2,66,30,2,a01b72def64b1899c8a9acf5ff68985d66f74135093d3d341b80719e4b55042a,0.028255939483642578,-0.04187436358707464,-0.05029889743086874,-0.015864795860522637,-0.002706222741909433,1.1989477783394462,0.16666666666666666,24
das_002_outcome_history_outcome_history_L30_r2,67,30,2,a01b72def64b1899c8a9acf5ff68985d66f74135093d3d341b80719e4b55042a,0.026527881622314453,-0.077230182863252,0.06678600762583799,0.02890094437613401,-0.07468887631301974,1.219121100327568,0.20833333333333334,24
das_002_outcome_history_outcome_history_L30_r2,68,30,2,a01b72def64b1899c8a9acf5ff68985d66f74135093d3d341b80719e4b55042a,0.028797626495361328,-0.08593132134466508,-0.03535405544150737,-0.011293613248920947,-0.033970921174165315,1.2240348166435535,0.08333333333333333,24
das_002_outcome_history_outcome_history_L30_r2,69,30,2,a01b72def64b1899c8a9acf5ff68985d66f74135093d3d341b80719e4b55042a,0.028631925582885742,0.04317477752610932,0.45617935816747723,0.11574001509087943,-0.11141117027393395,1.148970554511084,0.25,24
das_002_outcome_history_outcome_history_L30_r2,70,30,2,a01b72def64b1899c8a9acf5ff68985d66f74135093d3d341b80719e4b55042a,0.031235218048095703,0.10414574476664196,0.5137836341921541,0.15190455183718374,-0.11627442486718335,1.1117605817916085,0.4583333333333333,24
das_002_outcome_history_outcome_history_L30_r2,71,30,2,a01b72def64b1899c8a9acf5ff68985d66f74135093d3d341b80719e4b55042a,0.030362606048583984,0.02957310512540401,0.2745882993718999,0.09141025332634677,-0.08882032572650306,1.157108285746759,0.25,24
das_002_outcome_history_outcome_history_L30_r2,72,30,2,a01b72def64b1899c8a9acf5ff68985d66f74135093d3d341b80719e4b55042a,0.025722980499267578,-0.021749671867389075,0.056310608245635045,0.019622341566588593,-0.032837147759987736,1.187311966114376,0.20833333333333334,24
das_002_outcome_history_outcome_history_L30_r2,73,30,2,a01b72def64b1899c8a9acf5ff68985d66f74135093d3d341b80719e4b55042a,0.02038860321044922,-0.07550655369459047,0.26453411595967513,0.0768916623451084,-0.1347313883923994,1.2181453785412681,0.041666666666666664,24
das_002_outcome_history_outcome_history_L30_r2,74,30,2,a01b72def64b1899c8a9acf5ff68985d66f74135093d3d341b80719e4b55042a,0.026897668838500977,0.05926646830594695,0.15039421070371092,0.046644513089690004,-0.016837672155392596,1.1392680118677065,0.3333333333333333,24
das_002_outcome_history_outcome_history_L30_r2,75,30,2,a01b72def64b1899c8a9acf5ff68985d66f74135093d3d341b80719e4b55042a,0.026957273483276367,0.019657878348647295,-0.0024440931522152947,-0.0008136369055352841,0.01655466126369156,1.163004574219702,0.3333333333333333,24
das_002_outcome_history_outcome_history_L30_r2,76,30,2,a01b72def64b1899c8a9acf5ff68985d66f74135093d3d341b80719e4b55042a,0.030248641967773438,0.0174381976082979,0.14046581182677342,0.036833342306395456,-0.031669098275398475,1.1643204613974407,0.20833333333333334,24
das_002_outcome_history_outcome_history_L30_r2,77,30,2,a01b72def64b1899c8a9acf5ff68985d66f74135093d3d341b80719e4b55042a,0.02737569808959961,-0.03423025608730823,0.1335720152516755,0.028900944376134226,-0.05385554297968663,1.1945414130449632,0.041666666666666664,24
das_002_outcome_history_outcome_history_L30_r2,78,30,2,a01b72def64b1899c8a9acf5ff68985d66f74135093d3d341b80719e4b55042a,0.02079486846923828,-0.02866894376064666,0.01665777826779349,0.007932397930261362,-0.01948022196237869,1.191325411339854,0.3333333333333333,24
das_002_outcome_history_outcome_history_L30_r2,79,30,2,a01b72def64b1899c8a9acf5ff68985d66f74135093d3d341b80719e4b55042a,0.024646282196044922,0.020415325516906835,0.24606675197256755,0.0645243193895881,-0.06330879968628586,1.1625551980661173,0.20833333333333334,24
das_002_outcome_history_outcome_history_L30_r2,80,30,2,a01b72def64b1899c8a9acf5ff68985d66f74135093d3d341b80719e4b55042a,0.029097557067871094,0.01711164316560554,0.1593331189454169,0.051351933287634155,-0.04825803560950255,1.1645139262933255,0.2916666666666667,24
das_002_outcome_history_outcome_history_L30_r2,81,30,2,a01b72def64b1899c8a9acf5ff68985d66f74135093d3d341b80719e4b55042a,0.020955801010131836,0.02552214784979767,0.17446148651012283,0.06250930895021249,-0.055798116080149715,1.1595208913029624,0.2916666666666667,24
das_002_outcome_history_outcome_history_L30_r2,82,30,2,a01b72def64b1899c8a9acf5ff68985d66f74135093d3d341b80719e4b55042a,0.03144431114196777,0.021162600441211987,0.27315744486860044,0.08025287766376807,-0.08128024525585548,1.162111686589066,0.25,24
das_002_outcome_history_outcome_history_L30_r2,83,30,2,a01b72def64b1899c8a9acf5ff68985d66f74135093d3d341b80719e4b55042a,0.028191089630126953,0.022708884111693695,0.3221107910776502,0.09463523105866413,-0.09771351756810528,1.1611934214334498,0.25,24
das_002_outcome_history_outcome_history_L30_r2,84,30,2,a01b72def64b1899c8a9acf5ff68985d66f74135093d3d341b80719e4b55042a,0.03481483459472656,-0.04879362750637717,0.26434358328597046,0.08025287766376822,-0.12294691192252236,1.2029223977502048,0.125,24
das_002_outcome_history_outcome_history_L30_r2,85,30,2,a01b72def64b1899c8a9acf5ff68985d66f74135093d3d341b80719e4b55042a,0.0291595458984375,-0.04579854326201005,0.0995774309056788,0.032262159694794165,-0.06290439984314307,1.2012035515868598,0.16666666666666666,24
das_002_outcome_history_outcome_history_L30_r2,86,30,2,a01b72def64b1899c8a9acf5ff68985d66f74135093d3d341b80719e4b55042a,0.024245500564575195,0.014948171255210307,0.07641663382504896,0.022450988911499853,-0.015235825963149178,1.1657948491431263,0.25,24
das_002_outcome_history_outcome_history_L30_r2,87,30,2,a01b72def64b1899c8a9acf5ff68985d66f74135093d3d341b80719e4b55042a,0.017636775970458984,-0.024239698220476225,0.014055520645970782,0.00523998817169293,-0.016403875447738366,1.1887578383919408,0.20833333333333334,24
das_002_outcome_history_outcome_history_L30_r2,88,30,2,a01b72def64b1899c8a9acf5ff68985d66f74135093d3d341b80719e4b55042a,0.02898693084716797,-0.055040660280174514,0.3494616526230317,0.09799644637732374,-0.1484290410982281,1.2064996213901749,0.08333333333333333,24
das_002_outcome_history_outcome_history_L30_r2,89,30,2,a01b72def64b1899c8a9acf5ff68985d66f74135093d3d341b80719e4b55042a,0.029840469360351562,0.024811959495326552,0.10746595642641708,0.029569749936225673,-0.018161386661835994,1.1599433371549701,0.25,24
das_002_outcome_history_outcome_history_L30_r2,90,30,2,a01b72def64b1899c8a9acf5ff68985d66f74135093d3d341b80719e4b55042a,0.030543804168701172,-0.05440551570450314,0.11119594007764058,0.0368333423063956,-0.07333576494206533,1.206136404556978,0.125,24
das_002_outcome_history_outcome_history_L30_r2,91,30,2,a01b72def64b1899c8a9acf5ff68985d66f74135093d3d341b80719e4b55042a,0.02670145034790039,0.023326072351606886,0.3386789512483398,0.10915382203990263,-0.11430245490220914,1.1608266995332837,0.20833333333333334,24
das_002_outcome_history_outcome_history_L30_r2,92,30,2,a01b72def64b1899c8a9acf5ff68985d66f74135093d3d341b80719e4b55042a,0.022275924682617188,-0.008329819972946906,0.1773585504953372,0.05981689919164408,-0.07355510289884275,1.179489005086525,0.20833333333333334,24
das_002_outcome_history_outcome_history_L30_r2,93,30,2,a01b72def64b1899c8a9acf5ff68985d66f74135093d3d341b80719e4b55042a,0.02358388900756836,0.0679822540393974,0.21112779678772256,0.08697530830108804,-0.05771129231610178,1.133978138649737,0.375,24
das_002_outcome_history_outcome_history_L30_r2,94,30,2,a01b72def64b1899c8a9acf5ff68985d66f74135093d3d341b80719e4b55042a,0.029770851135253906,-0.046756933196653305,0.09177864204894638,0.03212592210845139,-0.06274873482128865,1.2017538285838645,0.16666666666666666,24
das_002_outcome_history_outcome_history_L30_r2,95,30,2,a01b72def64b1899c8a9acf5ff68985d66f74135093d3d341b80719e4b55042a,0.019379615783691406,-0.08586163118703549,-0.3635187386003978,-0.10405007145455199,0.07722091114299127,1.2239955395059132,0.041666666666666664,24
das_002_outcome_history_outcome_history_L30_r2,96,30,2,a01b72def64b1899c8a9acf5ff68985d66f74135093d3d341b80719e4b55042a,0.02831101417541504,0.08545637229316672,0.21526689411155636,0.0802528776637683,-0.03961357858918904,1.1232975336947308,0.4583333333333333,24
das_002_outcome_history_outcome_history_L30_r2,97,30,2,a01b72def64b1899c8a9acf5ff68985d66f74135093d3d341b80719e4b55042a,0.026614904403686523,0.0951371741026571,0.2373267712647353,0.0768916623451084,-0.030564721725732626,1.1173364448571,0.4166666666666667,24
das_002_outcome_history_outcome_history_L30_r2,98,30,2,a01b72def64b1899c8a9acf5ff68985d66f74135093d3d341b80719e4b55042a,0.029204249382019043,0.01974756937948463,0.25059994043652384,0.0934252637657224,-0.09633100933263923,1.1629513716372675,0.2916666666666667,24
das_002_outcome_history_outcome_history_L30_r2,99,30,2,a01b72def64b1899c8a9acf5ff68985d66f74135093d3d341b80719e4b55042a,0.022968292236328125,-0.00769467539727553,-0.0035921459776201313,-0.0013462048792841563,0.0015381732573200902,1.1791174678983427,0.2916666666666667,24
das_002_outcome_history_outcome_history_L30_r2,100,30,2,a01b72def64b1899c8a9acf5ff68985d66f74135093d3d341b80719e4b55042a,0.03549396991729736,-0.012181000406531917,-0.18681149392883536,-0.06063053609717938,0.06927643082920099,1.1817393084374774,0.20833333333333334,24
das_002_outcome_history_outcome_history_L30_r2,101,30,2,a01b72def64b1899c8a9acf5ff68985d66f74135093d3d341b80719e4b55042a,0.027168989181518555,0.004490800017339924,0.03163380188352773,0.009811170783294387,-0.006001907213327295,1.1719665876664682,0.25,24
das_002_outcome_history_outcome_history_L30_r2,102,30,2,a01b72def64b1899c8a9acf5ff68985d66f74135093d3d341b80719e4b55042a,0.03053569793701172,-0.014414162474556846,0.009562136849504828,0.003224977732317309,-0.008893191841602194,1.1830422183882876,0.20833333333333334,24
das_002_outcome_history_outcome_history_L30_r2,103,30,2,a01b72def64b1899c8a9acf5ff68985d66f74135093d3d341b80719e4b55042a,0.031073331832885742,0.005579276636374919,0.039787921726955305,0.011157375662578501,-0.007540080470647338,1.1713257060368882,0.20833333333333334,24
das_002_outcome_history_outcome_history_L30_r2,104,30,2,a01b72def64b1899c8a9acf5ff68985d66f74135093d3d341b80719e4b55042a,0.024280548095703125,-0.02159029067892204,0.06056480169371697,0.021104784032215426,-0.03453098603916213,1.187219359002451,0.25,24
das_002_outcome_history_outcome_history_L30_r2,105,30,2,a01b72def64b1899c8a9acf5ff68985d66f74135093d3d341b80719e4b55042a,0.029129981994628906,0.0018043059059517086,0.028918334721202008,0.01115737566257858,-0.007540080470647428,1.1735468644055713,0.2916666666666667,24
das_002_outcome_history_outcome_history_L30_r2,106,30,2,a01b72def64b1899c8a9acf5ff68985d66f74135093d3d341b80719e4b55042a,0.031071186065673828,-0.017315080680003758,0.219245166948335,0.09598143593794815,-0.12008502415875856,1.1847325825325845,0.2916666666666667,24
das_002_outcome_history_outcome_history_L30_r2,107,30,2,a01b72def64b1899c8a9acf5ff68985d66f74135093d3d341b80719e4b55042a,0.022449970245361328,-0.030720285322408003,0.12548732902716417,0.05592311589923549,-0.07952273404175803,1.1925126729032922,0.25,24
das_002_outcome_history_outcome_history_L30_r2,108,30,2,a01b72def64b1899c8a9acf5ff68985d66f74135093d3d341b80719e4b55042a,0.032486677169799805,-0.02951038472387202,-0.1508378896674836,-0.052561900580575534,0.049640543844968216,1.191812557907789,0.20833333333333334,24
das_002_outcome_history_outcome_history_L30_r2,109,30,2,a01b72def64b1899c8a9acf5ff68985d66f74135093d3d341b80719e4b55042a,0.02744269371032715,-0.07244177929259332,-0.22771288364913975,-0.06385551382949668,0.0365029560041365,1.2164085205933026,0.08333333333333333,24
das_002_outcome_history_outcome_history_L30_r2,110,30,2,a01b72def64b1899c8a9acf5ff68985d66f74135093d3d341b80719e4b55042a,0.031048297882080078,-0.04565380932558094,0.10373250374085088,0.03360836457407849,-0.06444257310046335,1.2011204280564247,0.16666666666666666,24
das_002_outcome_history_outcome_history_L30_r2,111,30,2,a01b72def64b1899c8a9acf5ff68985d66f74135093d3d341b80719e4b55042a,0.03930389881134033,0.041160514560226735,0.11948527342770233,0.03871211515942868,-0.018190783526347305,1.1501792977899559,0.375,24
das_002_outcome_history_outcome_history_L30_r2,112,30,2,a01b72def64b1899c8a9acf5ff68985d66f74135093d3d341b80719e4b55042a,0.028009653091430664,-0.04045816660098489,-0.00853621083301074,-0.0026924097585684305,-0.01775698681869303,1.1981326495305986,0.16666666666666666,24
das_002_outcome_history_outcome_history_L30_r2,113,30,2,a01b72def64b1899c8a9acf5ff68985d66f74135093d3d341b80719e4b55042a,0.022263050079345703,-0.060779326078971296,-0.0677771459597734,-0.022450988911499555,-0.0055975073701845105,1.209776418627669,0.125,24
das_002_outcome_history_outcome_history_L30_r2,114,30,2,a01b72def64b1899c8a9acf5ff68985d66f74135093d3d341b80719e4b55042a,0.026265621185302734,0.06346215951798262,0.27420063062890265,0.07689166234510841,-0.051398055059066014,1.1367245932020411,0.2916666666666667,24
das_002_outcome_history_outcome_history_L30_r2,115,30,2,a01b72def64b1899c8a9acf5ff68985d66f74135093d3d341b80719e4b55042a,0.025188922882080078,-0.016269036278017568,0.15682503011413781,0.035487137427111425,-0.05096425835141187,1.1841233309627406,0.08333333333333333,24
das_002_outcome_history_outcome_history_L30_r2,116,30,2,a01b72def64b1899c8a9acf5ff68985d66f74135093d3d341b80719e4b55042a,0.02730560302734375,0.0032205028920417877,0.06305929061379777,0.024329761764532793,-0.022590844547431044,1.1727140800903972,0.375,24
das_002_outcome_history_outcome_history_L30_r2,117,30,2,a01b72def64b1899c8a9acf5ff68985d66f74135093d3d341b80719e4b55042a,0.024390697479248047,0.000893174785096762,0.1638486948739062,0.04341953535737278,-0.0496111469804572,1.174082336151954,0.16666666666666666,24
das_002_outcome_history_outcome_history_L30_r2,118,30,2,a01b72def64b1899c8a9acf5ff68985d66f74135093d3d341b80719e4b55042a,0.022543907165527344,0.049988430642310844,0.3725487297500206,0.155934572715935,-0.15212912541278903,1.1448722752815952,0.375,24
das_002_outcome_history_outcome_history_L30_r2,119,30,2,a01b72def64b1899c8a9acf5ff68985d66f74135093d3d341b80719e4b55042a,0.028125405311584473,0.08291577804257033,0.22110616946538222,0.10929005962624516,-0.07279145325739658,1.1248567069969524,0.5416666666666666,24
das_002_outcome_history_outcome_history_L30_r2,120,30,2,a01b72def64b1899c8a9acf5ff68985d66f74135093d3d341b80719e4b55042a,0.02728891372680664,-0.04926608180986136,0.245578069932976,0.0670804915618142,-0.10789614784573895,1.2031933099006369,0.08333333333333333,24
das_002_outcome_history_outcome_history_L30_r2,121,30,2,a01b72def64b1899c8a9acf5ff68985d66f74135093d3d341b80719e4b55042a,0.023844242095947266,0.05737898294073529,0.1287246645464232,0.046644513089690025,-0.016837672155392638,1.1404103513786883,0.3333333333333333,24
das_002_outcome_history_outcome_history_L30_r2,122,30,2,a01b72def64b1899c8a9acf5ff68985d66f74135093d3d341b80719e4b55042a,0.020538806915283203,-0.13850643912699834,-0.38539732270880084,-0.14424462907960747,0.09710553294851301,1.253315287124459,0.125,24
das_002_outcome_history_outcome_history_L30_r2,123,30,2,a01b72def64b1899c8a9acf5ff68985d66f74135093d3d341b80719e4b55042a,0.02522134780883789,0.053836400614084234,-0.04507440723849881,-0.012639818128205254,0.050900585416488335,1.1425513013434532,0.375,24
das_002_outcome_history_outcome_history_L30_r2,124,30,2,a01b72def64b1899c8a9acf5ff68985d66f74135093d3d341b80719e4b55042a,0.026964902877807617,0.16382962447048066,0.7101899225007512,0.30461414682080123,-0.25951035843837,1.0740882850639693,0.5833333333333334,24
das_002_outcome_history_outcome_history_L30_r2,125,30,2,a01b72def64b1899c8a9acf5ff68985d66f74135093d3d341b80719e4b55042a,0.019673824310302734,0.019817259537113996,0.00200903262679236,0.0006688055600912794,0.01486082298451747,1.1629100314159113,0.2916666666666667,24
das_002_outcome_history_outcome_history_L30_r2,126,30,2,a01b72def64b1899c8a9acf5ff68985d66f74135093d3d341b80719e4b55042a,0.024567127227783203,-0.009783103528870685,0.16550443209590254,0.06385551382949683,-0.07816962267080335,1.1803386847999837,0.3333333333333333,24
das_002_outcome_history_outcome_history_L30_r2,127,30,2,a01b72def64b1899c8a9acf5ff68985d66f74135093d3d341b80719e4b55042a,0.028998613357543945,0.06455180206138011,0.3100900512504508,0.104582639428301,-0.08303775646995333,1.136063122884821,0.375,24
das_002_outcome_history_outcome_history_L30_r2,128,30,2,a01b72def64b1899c8a9acf5ff68985d66f74135093d3d341b80719e4b55042a,0.03851795196533203,-0.05015809067059562,0.20934658833992367,0.05000572840834985,-0.08838652901884898,1.2037046344862814,0.041666666666666664,24
das_002_outcome_history_outcome_history_L30_r2,129,30,2,a01b72def64b1899c8a9acf5ff68985d66f74135093d3d341b80719e4b55042a,0.024793624877929688,-0.08342664773954023,0.011095047335291524,0.0032249777323174887,-0.05055985850826909,1.222622398804294,0.041666666666666664,24
das_002_outcome_history_outcome_history_L30_r2,130,30,2,a01b72def64b1899c8a9acf5ff68985d66f74135093d3d341b80719e4b55042a,0.026785850524902344,0.007398237768319382,0.3715739136675926,0.13025860607211778,-0.14883344094137096,1.1702539407981636,0.20833333333333334,24
das_002_outcome_history_outcome_history_L30_r2,131,30,2,a01b72def64b1899c8a9acf5ff68985d66f74135093d3d341b80719e4b55042a,0.02808523178100586,-0.008657540340001546,0.1547347302386913,0.04799071796897431,-0.06004251207937955,1.1796806641842152,0.20833333333333334,24
das_002_outcome_history_outcome_history_L30_r2,132,30,2,a01b72def64b1899c8a9acf5ff68985d66f74135093d3d341b80719e4b55042a,0.020373821258544922,0.052384282982522734,0.04349543748867022,0.017743568713555972,0.01618453749096045,1.1434277263077062,0.4166666666666667,24
das_002_outcome_history_outcome_history_L30_r2,133,30,2,a01b72def64b1899c8a9acf5ff68985d66f74135093d3d341b80719e4b55042a,0.025354385375976562,-0.036879663628862414,0.05138086303304976,0.013036148515611577,-0.035728432388262704,1.1960704742729613,0.08333333333333333,24
das_002_outcome_history_outcome_history_L30_r2,134,30,2,a01b72def64b1899c8a9acf5ff68985d66f74135093d3d341b80719e4b55042a,0.02379751205444336,-0.048447950803564455,0.04684465649924617,0.016397363834271587,-0.04477728925171923,1.2027241430573246,0.16666666666666666,24
das_002_outcome_history_outcome_history_L30_r2,135,30,2,a01b72def64b1899c8a9acf5ff68985d66f74135093d3d341b80719e4b55042a,0.030345916748046875,-0.00792822175145469,0.432528828390821,0.13940097129532084,-0.16969617113921567,1.1792540978908919,0.16666666666666666,24
das_002_outcome_history_outcome_history_L30_r2,136,30,2,a01b72def64b1899c8a9acf5ff68985d66f74135093d3d341b80719e4b55042a,0.02827930450439453,-0.004460683203603599,0.2886162655809401,0.10458263942830096,-0.12470442313661999,1.1772238779211444,0.20833333333333334,24
das_002_outcome_history_outcome_history_L30_r2,137,30,2,a01b72def64b1899c8a9acf5ff68985d66f74135093d3d341b80719e4b55042a,0.027603626251220703,-0.03943490513149639,0.1017999958708462,0.04193709289174561,-0.06875064203461574,1.1975433396485768,0.25,24
das_002_outcome_history_outcome_history_L30_r2,138,30,2,a01b72def64b1899c8a9acf5ff68985d66f74135093d3d341b80719e4b55042a,0.029768705368041992,0.11465932483446706,0.3314513604017854,0.09799644637732412,-0.044262374431561766,1.1052176199701227,0.5416666666666666,24
das_002_outcome_history_outcome_history_L30_r2,139,30,2,a01b72def64b1899c8a9acf5ff68985d66f74135093d3d341b80719e4b55042a,0.03261852264404297,0.043010913355604474,0.17260717392037914,0.055923115899235765,-0.037856067375091645,1.1490689356167465,0.375,24
das_002_outcome_history_outcome_history_L30_r2,140,30,2,a01b72def64b1899c8a9acf5ff68985d66f74135093d3d341b80719e4b55042a,0.027872562408447266,-0.030486730994273348,0.06414637382544287,0.022983556885248464,-0.04188600462344409,1.1923775575478655,0.20833333333333334,24
das_002_outcome_history_outcome_history_L30_r2,141,30,2,a01b72def64b1899c8a9acf5ff68985d66f74135093d3d341b80719e4b55042a,0.023416996002197266,-0.07293218993183581,-0.0062217793414427935,-0.001346204879284249,-0.0401284934093465,1.2166866109802272,0.0,24
das_002_outcome_history_outcome_history_L30_r2,142,30,2,a01b72def64b1899c8a9acf5ff68985d66f74135093d3d341b80719e4b55042a,0.02888011932373047,0.030989302111493977,0.31415697976372126,0.10458263942830076,-0.1038710898032864,1.1562636618133089,0.2916666666666667,24
das_002_outcome_history_outcome_history_L30_r2,143,30,2,a01b72def64b1899c8a9acf5ff68985d66f74135093d3d341b80719e4b55042a,0.029024600982666016,-0.00535385798870025,0.24747977446409816,0.061163104070928356,-0.07509327615616297,1.1777471602468685,0.125,24
das_002_outcome_history_outcome_history_L30_r2,144,30,2,a01b72def64b1899c8a9acf5ff68985d66f74135093d3d341b80719e4b55042a,0.024451375007629395,-0.058129918537417336,-0.021694148820465234,-0.006586193050976959,-0.023724617961608387,1.2082647024222382,0.125,24
das_002_outcome_history_outcome_history_L30_r2,145,30,2,a01b72def64b1899c8a9acf5ff68985d66f74135093d3d341b80719e4b55042a,0.027985095977783203,-0.013306563595401055,-0.11261917095565352,-0.04476574023665687,0.05114932023777721,1.1823961833884324,0.25,24
das_002_outcome_history_outcome_history_L30_r2,146,30,2,a01b72def64b1899c8a9acf5ff68985d66f74135093d3d341b80719e4b55042a,0.02597212791442871,-0.06608261617016264,-0.01678696425001408,-0.004707420197943969,-0.031079636545890296,1.2127967435394067,0.041666666666666664,24
das_002_outcome_history_outcome_history_L30_r2,147,30,2,a01b72def64b1899c8a9acf5ff68985d66f74135093d3d341b80719e4b55042a,0.027386903762817383,-0.010783925680562634,0.009005528908596136,0.0018787728530329684,-0.0073550185842818925,1.1809234720362638,0.08333333333333333,24
das_002_outcome_history_outcome_history_L30_r2,148,30,2,a01b72def64b1899c8a9acf5ff68985d66f74135093d3d341b80719e4b55042a,0.027376770973205566,-0.055929360057188404,0.01868455625455038,0.005103750585350274,-0.037081543759217434,1.207007654060437,0.041666666666666664,24
das_002_outcome_history_outcome_history_L30_r2,149,30,2,a01b72def64b1899c8a9acf5ff68985d66f74135093d3d341b80719e4b55042a,0.024070262908935547,-0.002410507566204645,0.09319586306207997,0.03024714925541869,-0.03456038290367373,1.1760218654619385,0.25,24
das_002_outcome_history_outcome_history_L30_r2,150,30,2,a01b72def64b1899c8a9acf5ff68985d66f74135093d3d341b80719e4b55042a,0.025714397430419922,-0.07407240037274221,0.04559885450681979,0.014382353394895676,-0.05809993897891607,1.2173329288085293,0.08333333333333333,24
das_002_outcome_history_outcome_history_L30_r2,151,30,2,a01b72def64b1899c8a9acf5ff68985d66f74135093d3d341b80719e4b55042a,0.030285120010375977,-0.10485424017232003,0.195094415479378,0.05780188875226849,-0.12854441929270666,1.2346534795739772,0.041666666666666664,24
das_002_outcome_history_outcome_history_L30_r2,152,30,2,a01b72def64b1899c8a9acf5ff68985d66f74135093d3d341b80719e4b55042a,0.027094602584838867,-0.004881403685216057,0.26508515568345914,0.07433549017288253,-0.09014404023294655,1.1774703934660162,0.16666666666666666,24
das_002_outcome_history_outcome_history_L30_r2,153,30,2,a01b72def64b1899c8a9acf5ff68985d66f74135093d3d341b80719e4b55042a,0.025940656661987305,-0.06979237175103936,-0.19418131633016608,-0.04799071796897408,0.0183758454127126,1.2149050567941093,0.041666666666666664,24
das_002_outcome_history_outcome_history_L30_r2,154,30,2,a01b72def64b1899c8a9acf5ff68985d66f74135093d3d341b80719e4b55042a,0.02980828285217285,0.0002433749834325205,-0.00871179322042928,-0.0033612153186598197,0.009048856863456313,1.1744640743421944,0.3333333333333333,24
das_002_outcome_history_outcome_history_L30_r2,155,30,2,a01b72def64b1899c8a9acf5ff68985d66f74135093d3d341b80719e4b55042a,0.030551910400390625,-0.06513887348755665,-0.019047288501641942,-0.004707420197943956,-0.03107963654589031,1.2122598144813908,0.041666666666666664,24
das_002_outcome_history_outcome_history_L30_r2,156,30,2,a01b72def64b1899c8a9acf5ff68985d66f74135093d3d341b80719e4b55042a,0.02562737464904785,-0.0264357737186669,0.1558564433057527,0.05188450126138251,-0.07490821426979717,1.1900315656820197,0.16666666666666666,24
das_002_outcome_history_outcome_history_L30_r2,157,30,2,a01b72def64b1899c8a9acf5ff68985d66f74135093d3d341b80719e4b55042a,0.028569936752319336,-0.03095918529775754,0.029471887476496043,0.009811170783294295,-0.02683524054666053,1.192650864974474,0.16666666666666666,24
das_002_outcome_history_outcome_history_L30_r2,158,30,2,a01b72def64b1899c8a9acf5ff68985d66f74135093d3d341b80719e4b55042a,0.024321556091308594,0.0012197292277893457,0.15423567792351112,0.02890094437613419,-0.033022209646353246,1.1738904481942434,0.08333333333333333,24
das_002_outcome_history_outcome_history_L30_r2,159,30,2,a01b72def64b1899c8a9acf5ff68985d66f74135093d3d341b80719e4b55042a,0.03212332725524902,-0.02689027168639302,-0.11470801765958416,-0.03696957989273803,0.031824763297252666,1.1902950049941956,0.16666666666666666,24
das_002_outcome_history_outcome_history_L30_r2,160,30,2,a01b72def64b1899c8a9acf5ff68985d66f74135093d3d341b80719e4b55042a,0.025584936141967773,-0.0634287336205257,-0.10739808366200461,-0.03831578477202225,0.012529603221239471,1.2112862481740962,0.16666666666666666,24
das_002_outcome_history_outcome_history_L30_r2,161,30,2,a01b72def64b1899c8a9acf5ff68985d66f74135093d3d341b80719e4b55042a,0.029306888580322266,-0.014414162474556846,0.00956213684950475,0.003224977732317452,-0.008893191841602355,1.1830422183882876,0.25,24
das_002_outcome_history_outcome_history_L30_r2,162,30,2,a01b72def64b1899c8a9acf5ff68985d66f74135093d3d341b80719e4b55042a,0.031051158905029297,-0.002209564799820818,-0.09646397677250643,-0.03495456945336235,0.04514741302444976,1.1759039871430355,0.2916666666666667,24
das_002_outcome_history_outcome_history_L30_r2,163,30,2,a01b72def64b1899c8a9acf5ff68985d66f74135093d3d341b80719e4b55042a,0.029677391052246094,-0.06435899497545616,-0.21253555377781383,-0.06452431938958783,0.04247546635295222,1.2118159341001493,0.125,24
das_002_outcome_history_outcome_history_L30_r2,164,30,2,a01b72def64b1899c8a9acf5ff68985d66f74135093d3d341b80719e4b55042a,0.03069448471069336,-0.012671411045774184,0.006699825252807824,0.0018787728530330707,-0.00735501858428201,1.1820255553383145,0.16666666666666666,24
das_002_outcome_history_outcome_history_L30_r2,165,30,2,a01b72def64b1899c8a9acf5ff68985d66f74135093d3d341b80719e4b55042a,0.02344989776611328,-0.15775591239734554,-0.15543655850918014,-0.06063053609717963,-0.014056902504132116,1.2638661871063426,0.041666666666666664,24
das_002_outcome_history_outcome_history_L30_r2,166,30,2,a01b72def64b1899c8a9acf5ff68985d66f74135093d3d341b80719e4b55042a,0.02994680404663086,0.011830784418255358,-0.1467472819885299,-0.05605935348557809,0.07967839906361224,1.167638083500731,0.375,24
das_002_outcome_history_outcome_history_L30_r2,167,30,2,a01b72def64b1899c8a9acf5ff68985d66f74135093d3d341b80719e4b55042a,0.021093130111694336,0.1651696117534085,0.650011883804693,0.197339097633932,-0.13172958878710986,1.0732273111744457,0.7083333333333334,24
das_002_outcome_history_outcome_history_L30_r2,168,30,2,a01b72def64b1899c8a9acf5ff68985d66f74135093d3d341b80719e4b55042a,0.025812625885009766,-0.04735947418452935,0.054765676083345496,0.017743568713555872,-0.046315462509039465,1.2020996594747062,0.125,24
das_002_outcome_history_outcome_history_L30_r2,169,30,2,a01b72def64b1899c8a9acf5ff68985d66f74135093d3d341b80719e4b55042a,0.022712230682373047,-0.019899273072011114,0.10570134568060133,0.03683334230639577,-0.05250243160873218,1.1862363620346459,0.20833333333333334,24
das_002_outcome_history_outcome_history_L30_r2,170,30,2,a01b72def64b1899c8a9acf5ff68985d66f74135093d3d341b80719e4b55042a,0.03362476825714111,0.02067782276046004,0.02254986979506953,0.011826181222669872,0.00732074251387003,1.162399423894963,0.4166666666666667,24
das_002_outcome_history_outcome_history_L30_r2,171,30,2,a01b72def64b1899c8a9acf5ff68985d66f74135093d3d341b80719e4b55042a,0.031508564949035645,-0.010054615065971051,-0.03652506740885715,-0.014518590981238368,0.0165889373341037,1.1804973594846428,0.3333333333333333,24
das_002_outcome_history_outcome_history_L30_r2,172,30,2,a01b72def64b1899c8a9acf5ff68985d66f74135093d3d341b80719e4b55042a,0.033045291900634766,-0.018156521643229118,0.12078789032218049,0.03548713742711132,-0.050964258351411745,1.1852224388683175,0.08333333333333333,24
das_002_outcome_history_outcome_history_L30_r2,173,30,2,a01b72def64b1899c8a9acf5ff68985d66f74135093d3d341b80719e4b55042a,0.0246429443359375,0.011046430898071335,0.2153834954972226,0.05323070614066703,-0.05561305419378433,1.168101394522205,0.16666666666666666,24
das_002_outcome_history_outcome_history_L30_r2,174,30,2,a01b72def64b1899c8a9acf5ff68985d66f74135093d3d341b80719e4b55042a,0.030475139617919922,0.0057622630670004504,0.06976452879673507,0.02163735200596433,-0.019514498032790685,1.1712179314470648,0.25,24
das_002_outcome_history_outcome_history_L30_r2,175,30,2,a01b72def64b1899c8a9acf5ff68985d66f74135093d3d341b80719e4b55042a,0.020940303802490234,-0.024109611536084596,0.017301085275058924,0.006449955464634514,-0.017786383683204274,1.1886823450887118,0.20833333333333334,24
das_002_outcome_history_outcome_history_L30_r2,176,30,2,a01b72def64b1899c8a9acf5ff68985d66f74135093d3d341b80719e4b55042a,0.026903152465820312,0.04584330732778408,0.25392053789470154,0.08226788810314369,-0.06795759552865832,1.1473672298665496,0.375,24
das_002_outcome_history_outcome_history_L30_r2,177,30,2,a01b72def64b1899c8a9acf5ff68985d66f74135093d3d341b80719e4b55042a,0.03227663040161133,-0.058419386410275775,-0.030562631346861425,-0.009278602809545582,-0.02064827144696785,1.2084299609081093,0.125,24
das_002_outcome_history_outcome_history_L30_r2,178,30,2,a01b72def64b1899c8a9acf5ff68985d66f74135093d3d341b80719e4b55042a,0.026436805725097656,0.025447104070997928,-0.10016585735419464,-0.03159335413470252,0.0569318894943268,1.159565537342848,0.3333333333333333,24
das_002_outcome_history_outcome_history_L30_r2,179,30,2,a01b72def64b1899c8a9acf5ff68985d66f74135093d3d341b80719e4b55042a,0.022659778594970703,-0.04592532086268131,-0.13085165207247973,-0.044765740236656894,0.0303159869044439,1.201276357716786,0.16666666666666666,24
das_002_outcome_history_outcome_history_L30_r2,180,30,2,a01b72def64b1899c8a9acf5ff68985d66f74135093d3d341b80719e4b55042a,0.021653413772583008,0.007939216305070662,0.09844372756604007,0.024329761764532845,-0.022590844547431096,1.1699349969017938,0.16666666666666666,24
das_002_outcome_history_outcome_history_L30_r2,181,30,2,a01b72def64b1899c8a9acf5ff68985d66f74135093d3d341b80719e4b55042a,0.024002552032470703,-0.040930620904469084,-0.05542668542893785,-0.015864795860522658,-0.0027062227419093966,1.198404644455186,0.125,24
das_002_outcome_history_outcome_history_L30_r2,182,30,2,a01b72def64b1899c8a9acf5ff68985d66f74135093d3d341b80719e4b55042a,0.028523921966552734,0.014933524003172827,0.07595292072137229,0.02231475132515728,-0.015080160941294985,1.1658035165182858,0.25,24
das_002_outcome_history_outcome_history_L30_r2,183,30,2,a01b72def64b1899c8a9acf5ff68985d66f74135093d3d341b80719e4b55042a,0.029204487800598145,-0.0256041613846949,-0.0775914111961954,-0.025007161083725523,0.018156507455935084,1.189549389648421,0.20833333333333334,24
das_002_outcome_history_outcome_history_L30_r2,184,30,2,a01b72def64b1899c8a9acf5ff68985d66f74135093d3d341b80719e4b55042a,0.0285189151763916,-0.040981188801977986,0.06688762080486714,0.027554739496849945,-0.05231736972236639,1.198433753055724,0.20833333333333334,24
das_002_outcome_history_outcome_history_L30_r2,185,30,2,a01b72def64b1899c8a9acf5ff68985d66f74135093d3d341b80719e4b55042a,0.028838634490966797,0.003347280492712712,0.2704577307399576,0.10135766169598391,-0.11581123129501811,1.1726395006044463,0.3333333333333333,24
das_002_outcome_history_outcome_history_L30_r2,186,30,2,a01b72def64b1899c8a9acf5ff68985d66f74135093d3d341b80719e4b55042a,0.028395652770996094,-0.037238829633305714,-0.01056310217608233,-0.0047074201979442004,-0.010246303212556686,1.1962776104881956,0.25,24
das_002_outcome_history_outcome_history_L30_r2,187,30,2,a01b72def64b1899c8a9acf5ff68985d66f74135093d3d341b80719e4b55042a,0.03373241424560547,0.006196464876288332,0.08278608740167588,0.025675966643816987,-0.02412901780475117,1.1709621573696691,0.16666666666666666,24
das_002_outcome_history_outcome_history_L30_r2,188,30,2,a01b72def64b1899c8a9acf5ff68985d66f74135093d3d341b80719e4b55042a,0.03191637992858887,-0.0462474002972908,-0.1714682303783222,-0.07972030969001942,0.07546339992889387,1.2014613023879022,0.375,24
das_002_outcome_history_outcome_history_L30_r2,189,30,2,a01b72def64b1899c8a9acf5ff68985d66f74135093d3d341b80719e4b55042a,0.031517982482910156,-0.09484572596972973,-0.09122027215717882,-0.04154076250433955,0.0005894617295083169,1.2290485959053594,0.25,24
das_002_outcome_history_outcome_history_L30_r2,190,30,2,a01b72def64b1899c8a9acf5ff68985d66f74135093d3d341b80719e4b55042a,0.028628826141357422,-0.04107535484089819,-0.06012990852887465,-0.017211000739806775,-0.0011680494845893552,1.198487956344242,0.125,24
das_002_outcome_history_outcome_history_L30_r2,191,30,2,a01b72def64b1899c8a9acf5ff68985d66f74135093d3d341b80719e4b55042a,0.02620553970336914,-0.07794153714208574,-0.10615014775793975,-0.03038338684176096,-0.006950618741139129,1.2195235602208985,0.041666666666666664,24
das_002_outcome_history_outcome_history_L30_r2,192,30,2,a01b72def64b1899c8a9acf5ff68985d66f74135093d3d341b80719e4b55042a,0.026141643524169922,0.0333154642940765,0.16122235899753698,0.059148093631553,-0.04674925921669378,1.1548749914323722,0.3333333333333333,24
das_002_outcome_history_outcome_history_L30_r2,193,30,2,a01b72def64b1899c8a9acf5ff68985d66f74135093d3d341b80719e4b55042a,0.02480173110961914,-0.07595988573795398,0.039202564273760294,0.014382353394895697,-0.05809993897891609,1.2184020790478893,0.16666666666666666,24
das_002_outcome_history_outcome_history_L30_r2,194,30,2,a01b72def64b1899c8a9acf5ff68985d66f74135093d3d341b80719e4b55042a,0.02601909637451172,-0.029688888172459516,-0.01952058521219411,-0.004707420197943991,-0.010246303212556929,1.1919158756760815,0.08333333333333333,24
das_002_outcome_history_outcome_history_L30_r2,195,30,2,a01b72def64b1899c8a9acf5ff68985d66f74135093d3d341b80719e4b55042a,0.02744770050048828,0.09492275000859829,0.45144587601468467,0.16830191567145522,-0.14021838078556909,1.1174688238521855,0.4583333333333333,24
das_002_outcome_history_outcome_history_L30_r2,196,30,2,a01b72def64b1899c8a9acf5ff68985d66f74135093d3d341b80719e4b55042a,0.025955677032470703,-0.06323226586222486,-0.17801573866327777,-0.054044343046202516,0.03050104879080943,1.2111743508372403,0.08333333333333333,24
das_002_outcome_history_outcome_history_L30_r2,197,30,2,a01b72def64b1899c8a9acf5ff68985d66f74135093d3d341b80719e4b55042a,0.029160499572753906,0.006378285382551474,0.03969821953219843,0.009811170783294262,-0.006001907213327152,1.1708550362619272,0.16666666666666666,24
das_002_outcome_history_outcome_history_L30_r2,198,30,2,a01b72def64b1899c8a9acf5ff68985d66f74135093d3d341b80719e4b55042a,0.03034806251525879,0.029447493449095585,0.09886286654375467,0.04072712559880402,-0.025701467132483165,1.1571831711446816,0.375,24
das_002_outcome_history_outcome_history_L30_r2,199,30,2,a01b72def64b1899c8a9acf5ff68985d66f74135093d3d341b80719e4b55042a,0.030832290649414062,-0.0037749707304230995,4.4130990401887854e-16,1.1441951610339556e-16,-1.307357018935593e-16,1.1768219831899933,0.16666666666666666,24
das_002_outcome_history_outcome_history_L30_r2,200,30,2,a01b72def64b1899c8a9acf5ff68985d66f74135093d3d341b80719e4b55042a,0.01820969581604004,-0.024291432042347738,0.05348069028739364,0.022314751325157135,-0.03591349427462817,1.1887878597872332,0.25,24
das_002_outcome_history_outcome_history_L30_r2,201,30,2,a01b72def64b1899c8a9acf5ff68985d66f74135093d3d341b80719e4b55042a,0.025635242462158203,-0.04466850506505793,-0.09668158296693105,-0.033075796600329395,0.016959061106834546,1.2005543955954765,0.16666666666666666,24
das_002_outcome_history_outcome_history_L30_r2,202,30,2,a01b72def64b1899c8a9acf5ff68985d66f74135093d3d341b80719e4b55042a,0.028212547302246094,0.00995795427903634,0.1850234802036679,0.05188450126138277,-0.05407488093646412,1.168744044206639,0.20833333333333334,24
das_002_outcome_history_outcome_history_L30_r2,203,30,2,a01b72def64b1899c8a9acf5ff68985d66f74135093d3d341b80719e4b55042a,0.03386056423187256,0.04272144548274592,0.16429702825003514,0.05323070614066699,-0.03477972086045095,1.1492427063506983,0.375,24
das_002_outcome_history_outcome_history_L30_r2,204,30,2,a01b72def64b1899c8a9acf5ff68985d66f74135093d3d341b80719e4b55042a,0.02173614501953125,-0.025020742656939543,0.16053020782889638,0.03871211515942857,-0.059857450193013875,1.1892110017290798,0.08333333333333333,24
das_002_outcome_history_outcome_history_L30_r2,205,30,2,a01b72def64b1899c8a9acf5ff68985d66f74135093d3d341b80719e4b55042a,0.030864238739013672,-0.09875194133495202,0.1194852734277016,0.038712115159428545,-0.10152411685968056,1.2312391574625268,0.08333333333333333,24
das_002_outcome_history_outcome_history_L30_r2,206,30,2,a01b72def64b1899c8a9acf5ff68985d66f74135093d3d341b80719e4b55042a,0.028333187103271484,0.00759801461034082,0.12481806794463714,0.038712115159428705,-0.039024116859680685,1.1701361687922072,0.25,24
das_002_outcome_history_outcome_history_L30_r2,207,30,2,a01b72def64b1899c8a9acf5ff68985d66f74135093d3d341b80719e4b55042a,0.028658390045166016,-0.031576373537671065,-0.015414211201663412,-0.00470742019794418,-0.01024630321255671,1.1930078043983396,0.16666666666666666,24
das_002_outcome_history_outcome_history_L30_r2,208,30,2,a01b72def64b1899c8a9acf5ff68985d66f74135093d3d341b80719e4b55042a,0.02778339385986328,-0.0028312280478173246,3.0574847025761684e-16,-9.621641126876443e-17,1.0993684022867487e-16,1.1762686329176237,0.125,24
das_002_outcome_history_outcome_history_L30_r2,209,30,2,a01b72def64b1899c8a9acf5ff68985d66f74135093d3d341b80719e4b55042a,0.02266979217529297,-0.016269036278017568,0.15682503011413734,0.03548713742711132,-0.050964258351411745,1.1841233309627406,0.08333333333333333,24
das_002_outcome_history_outcome_history_L30_r2,210,30,2,a01b72def64b1899c8a9acf5ff68985d66f74135093d3d341b80719e4b55042a,0.032878875732421875,-0.038023183153489404,0.32279520807423046,0.1045826394283011,-0.14553775646995346,1.1967298338383674,0.16666666666666666,24
das_002_outcome_history_outcome_history_L30_r2,211,30,2,a01b72def64b1899c8a9acf5ff68985d66f74135093d3d341b80719e4b55042a,0.023033618927001953,0.051094863597104356,0.20248936564382716,0.08159908254305265,-0.06198508517984271,1.144205392112216,0.375,24
das_002_outcome_history_outcome_history_L30_r2,212,30,2,a01b72def64b1899c8a9acf5ff68985d66f74135093d3d341b80719e4b55042a,0.028195858001708984,0.039273029195015186,0.1034322430861852,0.03871211515942873,-0.01819078352634738,1.1513108110893697,0.375,24
das_002_outcome_history_outcome_history_L30_r2,213,30,2,a01b72def64b1899c8a9acf5ff68985d66f74135093d3d341b80719e4b55042a,0.022932052612304688,0.014915567667414642,0.3494616526230317,0.09799644637732384,-0.10676237443156149,1.1658141419250398,0.16666666666666666,24
das_002_outcome_history_outcome_history_L30_r2,214,30,2,a01b72def64b1899c8a9acf5ff68985d66f74135093d3d341b80719e4b55042a,0.021203994750976562,-0.008587850182372181,-0.16892875643348004,-0.044765740236656644,0.051149320237776956,1.1796399102373847,0.16666666666666666,24
das_002_outcome_history_outcome_history_L30_r2,215,30,2,a01b72def64b1899c8a9acf5ff68985d66f74135093d3d341b80719e4b55042a,0.018117189407348633,0.013499370681324896,0.30248807361738766,0.08482406027536965,-0.0917116103547779,1.1666518515933957,0.20833333333333334,24
das_002_outcome_history_outcome_history_L30_r2,216,30,2,a01b72def64b1899c8a9acf5ff68985d66f74135093d3d341b80719e4b55042a,0.02267932891845703,0.013971824984808867,0.3159663855070614,0.09799644637732388,-0.10676237443156153,1.16637245202626,0.25,24
das_002_outcome_history_outcome_history_L30_r2,217,30,2,a01b72def64b1899c8a9acf5ff68985d66f74135093d3d341b80719e4b55042a,0.03457498550415039,-0.028127957249940216,0.04068466107834088,0.009811170783294456,-0.026835240546660716,1.1910121056162113,0.08333333333333333,24
das_002_outcome_history_outcome_history_L30_r2,218,30,2,a01b72def64b1899c8a9acf5ff68985d66f74135093d3d341b80719e4b55042a,0.024231433868408203,0.06909316997622883,0.20746001451611182,0.07097427485422268,-0.03942851670282351,1.133302116113808,0.4166666666666667,24
das_002_outcome_history_outcome_history_L30_r2,219,30,2,a01b72def64b1899c8a9acf5ff68985d66f74135093d3d341b80719e4b55042a,0.028769969940185547,0.11418687053098298,0.32093035939756875,0.08482406027536991,-0.02921161035477816,1.1055124754940446,0.5,24
das_002_outcome_history_outcome_history_L30_r2,220,30,2,a01b72def64b1899c8a9acf5ff68985d66f74135093d3d341b80719e4b55042a,0.023636817932128906,-0.04966768003135358,-0.04229060270753542,-0.012503580541862886,-0.01175507960536565,1.203423544192646,0.08333333333333333,24
das_002_outcome_history_outcome_history_L30_r2,221,30,2,a01b72def64b1899c8a9acf5ff68985d66f74135093d3d341b80719e4b55042a,0.028637409210205078,0.013989781320567052,0.06923748921415698,0.02231475132515741,-0.015080160941295136,1.1663618317056395,0.2916666666666667,24
das_002_outcome_history_outcome_history_L30_r2,222,30,2,a01b72def64b1899c8a9acf5ff68985d66f74135093d3d341b80719e4b55042a,0.02863788604736328,0.01756945021705203,0.18477570772104257,0.06438808180324558,-0.06315313466443173,1.1642426926497353,0.2916666666666667,24
das_002_outcome_history_outcome_history_L30_r2,223,30,2,a01b72def64b1899c8a9acf5ff68985d66f74135093d3d341b80719e4b55042a,0.025861740112304688,-0.06201253663443573,-0.07047625019250263,-0.02514339867006818,-0.002521160855543972,1.210479428037419,0.16666666666666666,24
das_002_outcome_history_outcome_history_L30_r2,224,30,2,a01b72def64b1899c8a9acf5ff68985d66f74135093d3d341b80719e4b55042a,0.028388023376464844,-0.08137530617777888,-0.1308516520724795,-0.04476574023665681,0.009482653571110443,1.2214644041997635,0.125,24
das_002_outcome_history_outcome_history_L30_r2,225,30,2,a01b72def64b1899c8a9acf5ff68985d66f74135093d3d341b80719e4b55042a,0.02415323257446289,0.02412508109778344,0.366945760678459,0.10780761716061833,-0.11276428164488893,1.1603517710877338,0.25,24
das_002_outcome_history_outcome_history_L30_r2,226,30,2,a01b72def64b1899c8a9acf5ff68985d66f74135093d3d341b80719e4b55042a,0.027907371520996094,-0.12774046978219356,-0.23825353303790295,-0.07044170688047369,0.012778338042528158,1.2473753979077797,0.0,24
das_002_outcome_history_outcome_history_L30_r2,227,30,2,a01b72def64b1899c8a9acf5ff68985d66f74135093d3d341b80719e4b55042a,0.029931306838989258,-0.021101045964042386,-0.21844159991097106,-0.06774929712190507,0.07220199152788767,1.1869350423049232,0.16666666666666666,24
das_002_outcome_history_outcome_history_L30_r2,228,30,2,a01b72def64b1899c8a9acf5ff68985d66f74135093d3d341b80719e4b55042a,0.02920818328857422,0.07859215127945607,0.24138253056655037,0.08347785539608567,-0.048506770430791296,1.1275051779221166,0.4583333333333333,24
das_002_outcome_history_outcome_history_L30_r2,229,30,2,a01b72def64b1899c8a9acf5ff68985d66f74135093d3d341b80719e4b55042a,0.0297088623046875,-0.009891916819828372,0.07669030026248481,0.018953536006497414,-0.026864637411171975,1.1804022791879394,0.125,24
das_002_outcome_history_outcome_history_L30_r2,230,30,2,a01b72def64b1899c8a9acf5ff68985d66f74135093d3d341b80719e4b55042a,0.02492380142211914,-0.045322779874805263,-0.08281723045001571,-0.030383386841760746,0.013882714592193986,1.200930289740449,0.20833333333333334,24
das_002_outcome_history_outcome_history_L30_r2,231,30,2,a01b72def64b1899c8a9acf5ff68985d66f74135093d3d341b80719e4b55042a,0.024450063705444336,0.06800352743283145,0.15121844308451832,0.043283297771030134,-0.007788815291936231,1.1339651969966134,0.4166666666666667,24
das_002_outcome_history_outcome_history_L30_r2,232,30,2,a01b72def64b1899c8a9acf5ff68985d66f74135093d3d341b80719e4b55042a,0.019073009490966797,-0.0159750933970757,-0.03348583598869301,-0.011293613248921043,0.007695745492501488,1.1839520722788568,0.20833333333333334,24
das_002_outcome_history_outcome_history_L30_r2,233,30,2,a01b72def64b1899c8a9acf5ff68985d66f74135093d3d341b80719e4b55042a,0.025012969970703125,-0.02113248362747533,0.09157818044150902,0.03414093254782715,-0.049426085094091646,1.186953313844904,0.2916666666666667,24
das_002_outcome_history_outcome_history_L30_r2,234,30,2,a01b72def64b1899c8a9acf5ff68985d66f74135093d3d341b80719e4b55042a,0.02509307861328125,-0.00019530183393823286,0.14200698271423245,0.04207333047808832,-0.048072973723136764,1.1747217138743118,0.20833333333333334,24
das_002_outcome_history_outcome_history_L30_r2,235,30,2,a01b72def64b1899c8a9acf5ff68985d66f74135093d3d341b80719e4b55042a,0.021674156188964844,-0.016446381776197505,0.004869512676833209,0.001878772853032896,-0.007355018584281811,1.1842266450330294,0.2916666666666667,24
das_002_outcome_history_outcome_history_L30_r2,236,30,2,a01b72def64b1899c8a9acf5ff68985d66f74135093d3d341b80719e4b55042a,0.02304697036743164,-0.002282564041170998,0.34632361921142524,0.13361982139077777,-0.15788229780482746,1.175946811787163,0.20833333333333334,24
das_002_outcome_history_outcome_history_L30_r2,237,30,2,a01b72def64b1899c8a9acf5ff68985d66f74135093d3d341b80719e4b55042a,0.028254270553588867,-0.005610722273763136,-0.06443361576648228,-0.01707476315346406,0.01950961882688964,1.1778976057139536,0.16666666666666666,24
das_002_outcome_history_outcome_history_L30_r2,238,30,2,a01b72def64b1899c8a9acf5ff68985d66f74135093d3d341b80719e4b55042a,0.026649951934814453,-0.010218471262520845,0.10792296425552338,0.03347212698773578,-0.04345357474527567,1.1805931087442574,0.20833333333333334,24
das_002_outcome_history_outcome_history_L30_r2,239,30,2,a01b72def64b1899c8a9acf5ff68985d66f74135093d3d341b80719e4b55042a,0.03232908248901367,-0.05576550386063861,-0.11458674415964797,-0.04288696738362378,0.022960968320161833,1.206914000372961,0.20833333333333334,24
das_002_outcome_history_outcome_history_L30_r2,240,30,2,a01b72def64b1899c8a9acf5ff68985d66f74135093d3d341b80719e4b55042a,0.025246620178222656,-0.025347297099631794,0.1743012759354439,0.053230706140666884,-0.07644638752711751,1.1894004179988455,0.16666666666666666,24
das_002_outcome_history_outcome_history_L30_r2,241,30,2,a01b72def64b1899c8a9acf5ff68985d66f74135093d3d341b80719e4b55042a,0.0255584716796875,-0.024650590072835765,0.252169701132248,0.1123787997722194,-0.14402898007714404,1.1889962600881598,0.25,24
das_002_outcome_history_outcome_history_L30_r2,242,30,2,a01b72def64b1899c8a9acf5ff68985d66f74135093d3d341b80719e4b55042a,0.020757198333740234,0.020676664810052925,0.26771329960683615,0.09328902617937973,-0.09617534431078494,1.162400111105219,0.2916666666666667,24
das_002_outcome_history_outcome_history_L30_r2,243,30,2,a01b72def64b1899c8a9acf5ff68985d66f74135093d3d341b80719e4b55042a,0.028351426124572754,0.06328033901171948,0.2750251383597319,0.09275645820563107,-0.06952516565048995,1.1368349303404854,0.375,24
das_002_outcome_history_outcome_history_L30_r2,244,30,2,a01b72def64b1899c8a9acf5ff68985d66f74135093d3d341b80719e4b55042a,0.024786710739135742,-0.010418248104542283,0.3587683147860645,0.12501861790042515,-0.15326289882696628,1.180709837704572,0.16666666666666666,24
das_002_outcome_history_outcome_history_L30_r2,245,30,2,a01b72def64b1899c8a9acf5ff68985d66f74135093d3d341b80719e4b55042a,0.022758007049560547,-0.05042960220769621,-0.10733125960708866,-0.028368376402385362,0.006372030986058081,1.2038602294280727,0.08333333333333333,24
das_002_outcome_history_outcome_history_L30_r2,246,30,2,a01b72def64b1899c8a9acf5ff68985d66f74135093d3d341b80719e4b55042a,0.034310340881347656,-0.022697889558077833,0.25111521819886773,0.06909550200118958,-0.09457349811854149,1.1878627708568612,0.125,24
das_002_outcome_history_outcome_history_L30_r2,247,30,2,a01b72def64b1899c8a9acf5ff68985d66f74135093d3d341b80719e4b55042a,0.026894330978393555,-0.04656046543835268,0.05546046566776271,0.016397363834271372,-0.04477728925171898,1.2016410435842764,0.125,24
das_002_outcome_history_outcome_history_L30_r2,248,30,2,a01b72def64b1899c8a9acf5ff68985d66f74135093d3d341b80719e4b55042a,0.02696990966796875,-0.07047925014858247,0.11921654859728874,0.030247149255418704,-0.07622704957034043,1.2152950194418348,0.041666666666666664,24
das_002_outcome_history_outcome_history_L30_r2,249,30,2,a01b72def64b1899c8a9acf5ff68985d66f74135093d3d341b80719e4b55042a,0.02620410919189453,-0.027090048528414234,0.15232241702200117,0.05457691101995113,-0.07798456078443772,1.1904107826091204,0.25,24
das_002_outcome_history_outcome_history_L30_r2,250,30,2,a01b72def64b1899c8a9acf5ff68985d66f74135093d3d341b80719e4b55042a,0.023107528686523438,0.011663619137984749,0.2415983661806372,0.06774929712190526,-0.0722019915278879,1.1677368420383654,0.20833333333333334,24
das_002_outcome_history_outcome_history_L30_r2,251,30,2,a01b72def64b1899c8a9acf5ff68985d66f74135093d3d341b80719e4b55042a,0.02704310417175293,0.08877801098022631,0.05476567608334572,0.017743568713556,0.037017870824293767,1.1212557597792312,0.5,24
das_002_outcome_history_outcome_history_L30_r2,252,30,2,a01b72def64b1899c8a9acf5ff68985d66f74135093d3d341b80719e4b55042a,0.023275017738342285,0.03117112261775712,0.32242910175646544,0.08871784356777823,-0.08574397921186261,1.1561551788484152,0.25,24
das_002_outcome_history_outcome_history_L30_r2,253,30,2,a01b72def64b1899c8a9acf5ff68985d66f74135093d3d341b80719e4b55042a,0.027586698532104492,-0.02907169993254599,0.03565694177879894,0.009811170783294153,-0.02683524054666037,1.1915586091576422,0.08333333333333333,24
das_002_outcome_history_outcome_history_L30_r2,254,30,2,a01b72def64b1899c8a9acf5ff68985d66f74135093d3d341b80719e4b55042a,0.02597332000732422,-0.08565980980756494,0.2283224752677921,0.06708049156181416,-0.12872948117907226,1.223881786546707,0.041666666666666664,24
das_002_outcome_history_outcome_history_L30_r2,255,30,2,a01b72def64b1899c8a9acf5ff68985d66f74135093d3d341b80719e4b55042a,0.023550033569335938,-0.023253523320821534,0.13571143236457608,0.06708049156181417,-0.08706281451240558,1.1881854111228631,0.3333333333333333,24
das_002_outcome_history_outcome_history_L30_r2,256,30,2,a01b72def64b1899c8a9acf5ff68985d66f74135093d3d341b80719e4b55042a,0.02656078338623047,0.08612412843058914,0.19583319206059044,0.05135193328763431,-0.00659136894283604,1.1228873696690205,0.375,24
das_002_outcome_history_outcome_history_L30_r2,257,30,2,a01b72def64b1899c8a9acf5ff68985d66f74135093d3d341b80719e4b55042a,0.031017303466796875,-0.012181000406531917,-0.18681149392883553,-0.06063053609717961,0.06927643082920126,1.1817393084374774,0.20833333333333334,24
das_002_outcome_history_outcome_history_L30_r2,258,30,2,a01b72def64b1899c8a9acf5ff68985d66f74135093d3d341b80719e4b55042a,0.031785011291503906,-0.09771938623459597,-0.27914807735975794,-0.10338126589446066,0.07124840079417535,1.2306604913202805,0.125,24
das_002_outcome_history_outcome_history_L30_r2,259,30,2,a01b72def64b1899c8a9acf5ff68985d66f74135093d3d341b80719e4b55042a,0.03276348114013672,0.07092892151956898,0.25737007867601486,0.08804903800768707,-0.05893813552971352,1.132184126792369,0.4166666666666667,24
das_002_outcome_history_outcome_history_L30_r2,260,30,2,a01b72def64b1899c8a9acf5ff68985d66f74135093d3d341b80719e4b55042a,0.02976703643798828,0.0880911325826833,0.2754397592975405,0.09598143593794854,-0.05758502415875897,1.1216782810121326,0.4166666666666667,24
das_002_outcome_history_outcome_history_L30_r2,261,30,2,a01b72def64b1899c8a9acf5ff68985d66f74135093d3d341b80719e4b55042a,0.018791675567626953,-0.056111180563451324,0.06330180993935115,0.02096854644587309,-0.05520865435064155,1.2071115669284218,0.16666666666666666,24
das_002_outcome_history_outcome_history_L30_r2,262,30,2,a01b72def64b1899c8a9acf5ff68985d66f74135093d3d341b80719e4b55042a,0.02884078025817871,0.06360689345441184,0.279001284114566,0.07823786722439281,-0.05293622831638637,1.1366367542622877,0.375,24
das_002_outcome_history_outcome_history_L30_r2,263,30,2,a01b72def64b1899c8a9acf5ff68985d66f74135093d3d341b80719e4b55042a,0.029525160789489746,0.051370850142287705,0.238277014452086,0.11050002691918652,-0.09500729482619558,1.1440389854580086,0.3333333333333333,24
das_002_outcome_history_outcome_history_L30_r2,264,30,2,a01b72def64b1899c8a9acf5ff68985d66f74135093d3d341b80719e4b55042a,0.02825927734375,-0.018011787706799565,0.1253699800340983,0.03683334230639566,-0.052502431608732046,1.1851381944509782,0.16666666666666666,24
das_002_outcome_history_outcome_history_L30_r2,265,30,2,a01b72def64b1899c8a9acf5ff68985d66f74135093d3d341b80719e4b55042a,0.022882938385009766,-0.002354298736249927,-0.10017909265684266,-0.03630077433264684,0.04668558628177024,1.1759888930722626,0.2916666666666667,24
das_002_outcome_history_outcome_history_L30_r2,266,30,2,a01b72def64b1899c8a9acf5ff68985d66f74135093d3d341b80719e4b55042a,0.029352188110351562,-0.06858728977528772,-0.061989730082807545,-0.019226011179182385,-0.014490699211786537,1.214220590929606,0.08333333333333333,24
das_002_outcome_history_outcome_history_L30_r2,267,30,2,a01b72def64b1899c8a9acf5ff68985d66f74135093d3d341b80719e4b55042a,0.03371834754943848,0.05179970630436048,0.14856520216342411,0.03548713742711129,-0.009297591684745022,1.1437803577150394,0.2916666666666667,24
das_002_outcome_history_outcome_history_L30_r2,268,30,2,a01b72def64b1899c8a9acf5ff68985d66f74135093d3d341b80719e4b55042a,0.026929378509521484,-0.059036574650188856,-0.08712024591496102,-0.023797193790783912,-0.004059334112864194,1.2087822409563103,0.08333333333333333,24
das_002_outcome_history_outcome_history_L30_r2,269,30,2,a01b72def64b1899c8a9acf5ff68985d66f74135093d3d341b80719e4b55042a,0.031168222427368164,-0.07250699444214015,-0.05042940076033528,-0.020572216058466607,-0.01295252595446637,1.2164455049122471,0.16666666666666666,24
das_002_outcome_history_outcome_history_L30_r2,270,30,2,a01b72def64b1899c8a9acf5ff68985d66f74135093d3d341b80719e4b55042a,0.0252377986907959,-0.03455681053000048,0.15169441503576198,0.04341953535737259,-0.07044448031379033,1.194729984214762,0.125,24
das_002_outcome_history_outcome_history_L30_r2,271,30,2,a01b72def64b1899c8a9acf5ff68985d66f74135093d3d341b80719e4b55042a,0.02526259422302246,-0.05251803033929159,0.1348448841411658,0.03683334230639556,-0.07333576494206528,1.2050563720137608,0.08333333333333333,24
das_002_outcome_history_outcome_history_L30_r2,272,30,2,a01b72def64b1899c8a9acf5ff68985d66f74135093d3d341b80719e4b55042a,0.029146194458007812,0.023326072351607108,0.3386789512483397,0.1091538220399024,-0.11430245490220886,1.1608266995332837,0.2916666666666667,24
das_002_outcome_history_outcome_history_L30_r2,273,30,2,a01b72def64b1899c8a9acf5ff68985d66f74135093d3d341b80719e4b55042a,0.022588253021240234,-0.0267443718256013,-0.02345141914187817,-0.00927860280954539,0.0001850618863652803,1.1902104438442522,0.20833333333333334,24
das_002_outcome_history_outcome_history_L30_r2,274,30,2,a01b72def64b1899c8a9acf5ff68985d66f74135093d3d341b80719e4b55042a,0.026738643646240234,0.042375768779932765,0.40906300587822025,0.11708621997016394,-0.11294934353125445,1.1494501854436339,0.2916666666666667,24
das_002_outcome_history_outcome_history_L30_r2,275,30,2,a01b72def64b1899c8a9acf5ff68985d66f74135093d3d341b80719e4b55042a,0.023902416229248047,0.03440510683747389,0.21079708750935303,0.08683907071474514,-0.07838896062758058,1.1542239229128757,0.25,24
das_002_outcome_history_outcome_history_L30_r2,276,30,2,a01b72def64b1899c8a9acf5ff68985d66f74135093d3d341b80719e4b55042a,0.02094888687133789,-0.01239989950867404,0.30604840360953517,0.08025287766376826,-0.10211357858918904,1.1818670858256408,0.125,24
das_002_outcome_history_outcome_history_L30_r2,277,30,2,a01b72def64b1899c8a9acf5ff68985d66f74135093d3d341b80719e4b55042a,0.026925086975097656,0.026390846753603703,-0.1103773989066324,-0.03159335413470247,0.05693188949432673,1.159003948250339,0.2916666666666667,24
das_002_outcome_history_outcome_history_L30_r2,278,30,2,a01b72def64b1899c8a9acf5ff68985d66f74135093d3d341b80719e4b55042a,0.02332925796508789,0.006037083687821632,0.0780063019614691,0.024193524178190307,-0.022435179525576953,1.1710560501017975,0.25,24
das_002_outcome_history_outcome_history_L30_r2,279,30,2,a01b72def64b1899c8a9acf5ff68985d66f74135093d3d341b80719e4b55042a,0.025837421417236328,-0.000812490073851313,0.10398103220104407,0.027554739496850028,-0.031484036389033146,1.1750840994068406,0.16666666666666666,24
das_002_outcome_history_outcome_history_L30_r2,280,30,2,a01b72def64b1899c8a9acf5ff68985d66f74135093d3d341b80719e4b55042a,0.02545762062072754,0.025232679976939232,0.16694705679296915,0.05981689919164418,-0.052721769565509516,1.159693095896018,0.2916666666666667,24
das_002_outcome_history_outcome_history_L30_r2,281,30,2,a01b72def64b1899c8a9acf5ff68985d66f74135093d3d341b80719e4b55042a,0.023609161376953125,0.047244857061836454,0.2941567214103056,0.09530403661875513,-0.0828526945835875,1.1465242429602243,0.375,24
das_002_outcome_history_outcome_history_L30_r2,282,30,2,a01b72def64b1899c8a9acf5ff68985d66f74135093d3d341b80719e4b55042a,0.020984649658203125,-0.0358552442089668,-0.04366728209347072,-0.023797193790783776,0.016773999220469005,1.195479479651122,0.3333333333333333,24
das_002_outcome_history_outcome_history_L30_r2,283,30,2,a01b72def64b1899c8a9acf5ff68985d66f74135093d3d341b80719e4b55042a,0.03486227989196777,-0.060030885230303976,0.04625691966539144,0.019622341566588528,-0.05367048109332099,1.2093495598858757,0.20833333333333334,24
das_002_outcome_history_outcome_history_L30_r2,284,30,2,a01b72def64b1899c8a9acf5ff68985d66f74135093d3d341b80719e4b55042a,0.030292630195617676,-0.02750629400194393,-0.06744357955350672,-0.025143398670068293,0.0183121724777895,1.190651975145279,0.25,24
das_002_outcome_history_outcome_history_L30_r2,285,30,2,a01b72def64b1899c8a9acf5ff68985d66f74135093d3d341b80719e4b55042a,0.02884960174560547,-0.06642712694861341,0.2710527716545893,0.08549286583546097,-0.13935078737026052,1.2129926888601403,0.08333333333333333,24
das_002_outcome_history_outcome_history_L30_r2,286,30,2,a01b72def64b1899c8a9acf5ff68985d66f74135093d3d341b80719e4b55042a,0.022248506546020508,0.08714738990007764,0.25745650758212657,0.09598143593794826,-0.057585024158758664,1.1222585483869862,0.4583333333333333,24
das_002_outcome_history_outcome_history_L30_r2,287,30,2,a01b72def64b1899c8a9acf5ff68985d66f74135093d3d341b80719e4b55042a,0.022427797317504883,0.011046430898071335,0.2153834954972221,0.0532307061406669,-0.0556130541937842,1.168101394522205,0.16666666666666666,24
das_002_outcome_history_outcome_history_L30_r2,288,30,2,a01b72def64b1899c8a9acf5ff68985d66f74135093d3d341b80719e4b55042a,0.030711650848388672,-0.02473127478408088,0.1716950097603734,0.041404524917997065,-0.06293379670765428,1.1890430721099243,0.08333333333333333,24
das_002_outcome_history_outcome_history_L30_r2,289,30,2,a01b72def64b1899c8a9acf5ff68985d66f74135093d3d341b80719e4b55042a,0.03166627883911133,0.04353841056468055,-0.07838517025099143,-0.023797193790783912,0.05844066588713585,1.1487522056698587,0.375,24
das_002_outcome_history_outcome_history_L30_r2,290,30,2,a01b72def64b1899c8a9acf5ff68985d66f74135093d3d341b80719e4b55042a,0.03147482872009277,0.09481061965996462,0.24423278097006046,0.09141025332634685,-0.047153659059836435,1.1175380435172,0.4166666666666667,24
das_002_outcome_history_outcome_history_L30_r2,291,30,2,a01b72def64b1899c8a9acf5ff68985d66f74135093d3d341b80719e4b55042a,0.032291412353515625,-0.018137399383108432,-0.03589667881927205,-0.013849785421147119,0.010616426985287865,1.185211308831967,0.25,24
das_002_outcome_history_outcome_history_L30_r2,292,30,2,a01b72def64b1899c8a9acf5ff68985d66f74135093d3d341b80719e4b55042a,0.020725250244140625,-0.058456472980109364,0.022234291731814373,0.007932397930261533,-0.04031355529571223,1.208451132161267,0.16666666666666666,24
das_002_outcome_history_outcome_history_L30_r2,293,30,2,a01b72def64b1899c8a9acf5ff68985d66f74135093d3d341b80719e4b55042a,0.026894092559814453,-0.04094857724022716,0.22631619959362723,0.059816899191644075,-0.09438843623217608,1.1984149808133142,0.08333333333333333,24
das_002_outcome_history_outcome_history_L30_r2,294,30,2,a01b72def64b1899c8a9acf5ff68985d66f74135093d3d341b80719e4b55042a,0.017857789993286133,-0.010965746186825998,0.06327471122977724,0.017743568713555764,-0.025482129175705998,1.181029679922607,0.16666666666666666,24
das_002_outcome_history_outcome_history_L30_r2,295,30,2,a01b72def64b1899c8a9acf5ff68985d66f74135093d3d341b80719e4b55042a,0.01909923553466797,-0.012980009152708583,-0.16911367036741476,-0.05928433121789485,0.06773825757188047,1.1822056448812885,0.25,24
das_002_outcome_history_outcome_history_L30_r2,296,30,2,a01b72def64b1899c8a9acf5ff68985d66f74135093d3d341b80719e4b55042a,0.03324413299560547,0.07198147749313266,0.30723105243797577,0.13295101583068636,-0.11024312078934473,1.1315426124324874,0.4166666666666667,24
das_002_outcome_history_outcome_history_L30_r2,297,30,2,a01b72def64b1899c8a9acf5ff68985d66f74135093d3d341b80719e4b55042a,0.0320892333984375,-0.062484990937919926,-0.11567127609806292,-0.03831578477202228,0.012529603221239506,1.210748649258939,0.125,24
das_002_outcome_history_outcome_history_L30_r2,298,30,2,a01b72def64b1899c8a9acf5ff68985d66f74135093d3d341b80719e4b55042a,0.025866031646728516,-0.0037749707304230995,5.295718848226542e-16,1.428812910082382e-16,-1.6325611664482104e-16,1.1768219831899933,0.16666666666666666,24
das_002_outcome_history_outcome_history_L30_r2,299,30,2,a01b72def64b1899c8a9acf5ff68985d66f74135093d3d341b80719e4b55042a,0.029646873474121094,0.018657926836087024,0.20395822023124852,0.0657342866825297,-0.06469130792175178,1.163597556891787,0.2916666666666667,24
das_002_outcome_history_outcome_history_L30_r2,300,30,2,a01b72def64b1899c8a9acf5ff68985d66f74135093d3d341b80719e4b55042a,0.02760601043701172,-0.023913143777783974,-0.028789348919344013,-0.009278602809545384,0.00018506188636527472,1.1885683197174373,0.20833333333333334,24
das_002_outcome_history_outcome_history_L30_r2,301,30,2,a01b72def64b1899c8a9acf5ff68985d66f74135093d3d341b80719e4b55042a,0.028615951538085938,-0.08524444294712241,-0.2838570879041056,-0.0895314804733137,0.060631973808887685,1.2236476392734088,0.08333333333333333,24
das_002_outcome_history_outcome_history_L30_r2,302,30,2,a01b72def64b1899c8a9acf5ff68985d66f74135093d3d341b80719e4b55042a,0.02275681495666504,0.0029119047851076107,-0.08413639788064459,-0.03683334230639552,0.052502431608731887,1.1728955993431807,0.375,24
das_002_outcome_history_outcome_history_L30_r2,303,30,2,a01b72def64b1899c8a9acf5ff68985d66f74135093d3d341b80719e4b55042a,0.0336146354675293,0.009158945532859786,0.1716298339278046,0.05323070614066706,-0.055613054193784366,1.1692155637654618,0.16666666666666666,24
das_002_outcome_history_outcome_history_L30_r2,304,30,2,a01b72def64b1899c8a9acf5ff68985d66f74135093d3d341b80719e4b55042a,0.02807760238647461,0.03195100112985794,0.09162964652118402,0.028900944376134073,-0.012188876313019762,1.155689749850959,0.3333333333333333,24
das_002_outcome_history_outcome_history_L30_r2,305,30,2,a01b72def64b1899c8a9acf5ff68985d66f74135093d3d341b80719e4b55042a,0.024018287658691406,0.11722556089071656,0.5857313523842906,0.2328262350610433,-0.2035271804718549,1.1036146734162127,0.5,24
das_002_outcome_history_outcome_history_L30_r2,306,30,2,a01b72def64b1899c8a9acf5ff68985d66f74135093d3d341b80719e4b55042a,0.024518728256225586,-0.05455024964093225,0.10713189082998034,0.035487137427111355,-0.07179759168474512,1.206219182424186,0.16666666666666666,24
das_002_outcome_history_outcome_history_L30_r2,307,30,2,a01b72def64b1899c8a9acf5ff68985d66f74135093d3d341b80719e4b55042a,0.023193359375,-0.11213918964159841,-0.2200564401459115,-0.07702789993145108,0.030720386747586956,1.2387171878211929,0.08333333333333333,24
das_002_outcome_history_outcome_history_L30_r2,308,30,2,a01b72def64b1899c8a9acf5ff68985d66f74135093d3d341b80719e4b55042a,0.02097177505493164,0.036492369044706874,-0.01452949256774011,-0.0047074201979439515,0.031420363454109715,1.1529757435088541,0.375,24
das_002_outcome_history_outcome_history_L30_r2,309,30,2,a01b72def64b1899c8a9acf5ff68985d66f74135093d3d341b80719e4b55042a,0.032068490982055664,-0.03758450633611865,0.14357875742611675,0.059148093631552746,-0.08841592588336017,1.196476933363729,0.25,24
das_002_outcome_history_outcome_history_L30_r2,310,30,2,a01b72def64b1899c8a9acf5ff68985d66f74135093d3d341b80719e4b55042a,0.025918245315551758,0.016349720989262906,0.120787890322181,0.03548713742711142,-0.03013092501807852,1.1649651968245744,0.25,24
das_002_outcome_history_outcome_history_L30_r2,311,30,2,a01b72def64b1899c8a9acf5ff68985d66f74135093d3d341b80719e4b55042a,0.028911232948303223,-0.04044021026522682,-0.23542886461481846,-0.07837410481073502,0.07392522667157349,1.1981223107367616,0.20833333333333334,24
das_002_outcome_history_outcome_history_L30_r2,312,30,2,a01b72def64b1899c8a9acf5ff68985d66f74135093d3d341b80719e4b55042a,0.018069982528686523,-0.05345729801381416,-0.03183542258013859,-0.012639818128205492,-0.011599414583511424,1.2055939485947493,0.25,24
das_002_outcome_history_outcome_history_L30_r2,313,30,2,a01b72def64b1899c8a9acf5ff68985d66f74135093d3d341b80719e4b55042a,0.027655601501464844,0.06093952957709947,0.45473623758414683,0.13805476641603678,-0.126491331215229,1.1382544871310694,0.375,24
das_002_outcome_history_outcome_history_L30_r2,314,30,2,a01b72def64b1899c8a9acf5ff68985d66f74135093d3d341b80719e4b55042a,0.0285491943359375,0.062061775708292855,0.2489253460383528,0.0902002860334053,-0.06660448415770392,1.1375741350077835,0.4166666666666667,24
das_002_outcome_history_outcome_history_L30_r2,315,30,2,a01b72def64b1899c8a9acf5ff68985d66f74135093d3d341b80719e4b55042a,0.023358821868896484,-0.05469498357736158,0.10306784158231981,0.034140932547827005,-0.07025941842742481,1.2063019546110785,0.08333333333333333,24
das_002_outcome_history_outcome_history_L30_r2,316,30,2,a01b72def64b1899c8a9acf5ff68985d66f74135093d3d341b80719e4b55042a,0.024764537811279297,-0.05217235363647843,-0.08340416274726874,-0.02702217152310118,0.00483385772873796,1.2048584684579517,0.125,24
das_002_outcome_history_outcome_history_L30_r2,317,30,2,a01b72def64b1899c8a9acf5ff68985d66f74135093d3d341b80719e4b55042a,0.02523362636566162,-0.05609322422769325,-0.1563067501799989,-0.054713148606293636,0.03647355913962513,1.2071013050388002,0.16666666666666666,24
das_002_outcome_history_outcome_history_L30_r2,318,30,2,a01b72def64b1899c8a9acf5ff68985d66f74135093d3d341b80719e4b55042a,0.02663111686706543,-0.028127957249940216,0.04068466107834076,0.009811170783294429,-0.02683524054666069,1.1910121056162113,0.08333333333333333,24
das_002_outcome_history_outcome_history_L30_r2,319,30,2,a01b72def64b1899c8a9acf5ff68985d66f74135093d3d341b80719e4b55042a,0.028870701789855957,-0.039840978361071366,0.03456829581090604,0.011826181222670033,-0.034345924152796845,1.1977772373192883,0.20833333333333334,24
das_002_outcome_history_outcome_history_L30_r2,320,30,2,a01b72def64b1899c8a9acf5ff68985d66f74135093d3d341b80719e4b55042a,0.03321266174316406,0.003169934994532775,0.13927112465001384,0.06774929712190529,-0.07220199152788792,1.1727438263549863,0.3333333333333333,24
das_002_outcome_history_outcome_history_L30_r2,321,30,2,a01b72def64b1899c8a9acf5ff68985d66f74135093d3d341b80719e4b55042a,0.0283966064453125,-0.02536078640126216,-0.05626657855347187,-0.028368376402385476,0.027205364319391558,1.1894082417519656,0.3333333333333333,24
das_002_outcome_history_outcome_history_L30_r2,322,30,2,a01b72def64b1899c8a9acf5ff68985d66f74135093d3d341b80719e4b55042a,0.025972843170166016,0.036437326139114656,0.24037018418008688,0.08818527559402944,-0.07992713388490084,1.1530086764232454,0.4166666666666667,24
das_002_outcome_history_outcome_history_L30_r2,323,30,2,a01b72def64b1899c8a9acf5ff68985d66f74135093d3d341b80719e4b55042a,0.023985862731933594,0.054869834327527345,0.2687778245491687,0.08159908254305251,-0.061985085179842546,1.1419271631786927,0.375,24
das_002_outcome_history_outcome_history_L30_r2,324,30,2,a01b72def64b1899c8a9acf5ff68985d66f74135093d3d341b80719e4b55042a,0.018790841102600098,0.009467535665839022,0.01664642586369741,0.006586193050977389,0.0028912846282745444,1.1690334778083702,0.3333333333333333,24
das_002_outcome_history_outcome_history_L30_r2,325,30,2,a01b72def64b1899c8a9acf5ff68985d66f74135093d3d341b80719e4b55042a,0.03118312358856201,0.02148915488390435,0.29049346427822614,0.06573428668252972,-0.06469130792175179,1.1619178217088055,0.16666666666666666,24
das_002_outcome_history_outcome_history_L30_r2,326,30,2,a01b72def64b1899c8a9acf5ff68985d66f74135093d3d341b80719e4b55042a,0.024567604064941406,-5.0567897508901893e-05,0.14655072790507,0.043419535357372536,-0.049611146980456926,1.1746367163499372,0.20833333333333334,24
das_002_outcome_history_outcome_history_L30_r2,327,30,2,a01b72def64b1899c8a9acf5ff68985d66f74135093d3d341b80719e4b55042a,0.024796009063720703,0.009630233911981367,0.1620850373632911,0.04005832003871274,-0.04056229011700064,1.1689374650504625,0.16666666666666666,24
das_002_outcome_history_outcome_history_L30_r2,328,30,2,a01b72def64b1899c8a9acf5ff68985d66f74135093d3d341b80719e4b55042a,0.030397653579711914,-0.004675115271617569,0.17184553692091448,0.08818527559402935,-0.10076046721823406,1.1773495279758939,0.3333333333333333,24
das_002_outcome_history_outcome_history_L30_r2,329,30,2,a01b72def64b1899c8a9acf5ff68985d66f74135093d3d341b80719e4b55042a,0.02511763572692871,0.025411183425526396,0.027643463251738307,0.011962418809012545,0.007165077492015739,1.1595869071212033,0.375,24
das_002_outcome_history_outcome_history_L30_r2,330,30,2,a01b72def64b1899c8a9acf5ff68985d66f74135093d3d341b80719e4b55042a,0.03335428237915039,0.006875215567326176,0.3652431482169605,0.16050575532753622,-0.1833938238450444,1.1705622155808924,0.3333333333333333,24
das_002_outcome_history_outcome_history_L30_r2,331,30,2,a01b72def64b1899c8a9acf5ff68985d66f74135093d3d341b80719e4b55042a,0.027380943298339844,0.029918781828217167,0.0751070715975692,0.027554739496849848,-0.010650703055699604,1.1569021800600414,0.3333333333333333,24
das_002_outcome_history_outcome_history_L30_r2,332,30,2,a01b72def64b1899c8a9acf5ff68985d66f74135093d3d341b80719e4b55042a,0.023521900177001953,0.036001958405464496,0.20194190541352003,0.0578018887522686,-0.04521108595937339,1.1532691296858504,0.2916666666666667,24
das_002_outcome_history_outcome_history_L30_r2,333,30,2,a01b72def64b1899c8a9acf5ff68985d66f74135093d3d341b80719e4b55042a,0.032312870025634766,0.08441846357164062,0.13533199150493458,0.03548713742711137,0.011535741648588223,1.1239347639329285,0.4583333333333333,24
das_002_outcome_history_outcome_history_L30_r2,334,30,2,a01b72def64b1899c8a9acf5ff68985d66f74135093d3d341b80719e4b55042a,0.03081965446472168,-0.004769281310537776,0.10362701348949944,0.043419535357372675,-0.049611146980457085,1.1774047019033131,0.25,24
das_002_outcome_history_outcome_history_L30_r2,335,30,2,a01b72def64b1899c8a9acf5ff68985d66f74135093d3d341b80719e4b55042a,0.023053884506225586,-0.015357905157162621,0.008899957342549534,0.0032249777323173356,-0.008893191841602224,1.1835924018945096,0.20833333333333334,24
das_002_outcome_history_outcome_history_L30_r2,336,30,2,a01b72def64b1899c8a9acf5ff68985d66f74135093d3d341b80719e4b55042a,0.027842044830322266,0.00042072048161279074,0.13179885349945833,0.030247149255418496,-0.034560382903673505,1.1743599014120747,0.125,24
das_002_outcome_history_outcome_history_L30_r2,337,30,2,a01b72def64b1899c8a9acf5ff68985d66f74135093d3d341b80719e4b55042a,0.02271413803100586,-0.009614764350282634,0.18188725192121347,0.07419925258653982,-0.08998837521109221,1.1802402945982817,0.3333333333333333,24
das_002_outcome_history_outcome_history_L30_r2,338,30,2,a01b72def64b1899c8a9acf5ff68985d66f74135093d3d341b80719e4b55042a,0.024385809898376465,-0.039224956045520676,7.910499110900879e-16,9.491674421370885e-17,-0.020833333333333454,1.197422391321043,0.125,24
das_002_outcome_history_outcome_history_L30_r2,339,30,2,a01b72def64b1899c8a9acf5ff68985d66f74135093d3d341b80719e4b55042a,0.0344386100769043,0.05627138406157961,0.3117173715309287,0.09463523105866402,-0.0768801842347718,1.1410801573637201,0.375,24
das_002_outcome_history_outcome_history_L30_r2,340,30,2,a01b72def64b1899c8a9acf5ff68985d66f74135093d3d341b80719e4b55042a,0.021159648895263672,-0.04327143831304414,-0.1938327962026346,-0.07837410481073503,0.07392522667157352,1.1997513581926869,0.20833333333333334,24
das_002_outcome_history_outcome_history_L30_r2,341,30,2,a01b72def64b1899c8a9acf5ff68985d66f74135093d3d341b80719e4b55042a,0.026006221771240234,0.11616852193511495,0.37021741739387304,0.12958980051202665,-0.08036093059255521,1.1042752128737356,0.5416666666666666,24
das_002_outcome_history_outcome_history_L30_r2,342,30,2,a01b72def64b1899c8a9acf5ff68985d66f74135093d3d341b80719e4b55042a,0.029953956604003906,-0.030542939824228066,0.2838570879041066,0.08953148047331379,-0.12313197380888782,1.1924100767601158,0.16666666666666666,24
das_002_outcome_history_outcome_history_L30_r2,343,30,2,a01b72def64b1899c8a9acf5ff68985d66f74135093d3d341b80719e4b55042a,0.020853281021118164,-0.06695666869513883,-0.3568100141972914,-0.09746387840357515,0.08011219577126646,1.2132938114273377,0.041666666666666664,24
das_002_outcome_history_outcome_history_L30_r2,344,30,2,a01b72def64b1899c8a9acf5ff68985d66f74135093d3d341b80719e4b55042a,0.028752565383911133,-0.050335436168776004,0.041299408074507715,0.016397363834271473,-0.044777289251719095,1.2038062680347041,0.20833333333333334,24
das_002_outcome_history_outcome_history_L30_r2,345,30,2,a01b72def64b1899c8a9acf5ff68985d66f74135093d3d341b80719e4b55042a,0.029888391494750977,0.08124155882101014,0.3109868846064841,0.09934265125660832,-0.06663388102221526,1.1258830020446595,0.4166666666666667,24
das_002_outcome_history_outcome_history_L30_r2,346,30,2,a01b72def64b1899c8a9acf5ff68985d66f74135093d3d341b80719e4b55042a,0.02177286148071289,-0.0022837299655333876,0.3458830478011154,0.1072750491868693,-0.12778076965126017,1.175947495758274,0.20833333333333334,24
das_002_outcome_history_outcome_history_L30_r2,347,30,2,a01b72def64b1899c8a9acf5ff68985d66f74135093d3d341b80719e4b55042a,0.0235593318939209,0.022596753763059918,0.058100425311815175,0.017743568713555848,-0.004648795842372738,1.1612600347928048,0.2916666666666667,24
das_002_outcome_history_outcome_history_L30_r2,348,30,2,a01b72def64b1899c8a9acf5ff68985d66f74135093d3d341b80719e4b55042a,0.01935100555419922,-0.06688162491633909,-0.010837444564659945,-0.0033612153186600067,-0.03261780980321016,1.2132511425185988,0.08333333333333333,24
das_002_outcome_history_outcome_history_L30_r2,349,30,2,a01b72def64b1899c8a9acf5ff68985d66f74135093d3d341b80719e4b55042a,0.029049396514892578,0.04755228127045319,0.06736585918701136,0.022314751325157277,0.00575317239203836,1.1463392543259718,0.4166666666666667,24
das_002_outcome_history_outcome_history_L30_r2,350,30,2,a01b72def64b1899c8a9acf5ff68985d66f74135093d3d341b80719e4b55042a,0.027449846267700195,-0.00019530183393823286,0.14200698271423226,0.04207333047808823,-0.04807297372313666,1.1747217138743118,0.20833333333333334,24
das_002_outcome_history_outcome_history_L30_r2,351,30,2,a01b72def64b1899c8a9acf5ff68985d66f74135093d3d341b80719e4b55042a,0.026260852813720703,0.06397373695479491,0.4910499593286344,0.22772248447569285,-0.22894563671263735,1.1364140867475716,0.375,24
das_002_outcome_history_outcome_history_L30_r2,352,30,2,a01b72def64b1899c8a9acf5ff68985d66f74135093d3d341b80719e4b55042a,0.026586532592773438,0.032680319718404904,0.3614041748093356,0.12031119770248107,-0.12184253537285641,1.1552543251825214,0.3333333333333333,24
das_002_outcome_history_outcome_history_L30_r2,353,30,2,a01b72def64b1899c8a9acf5ff68985d66f74135093d3d341b80719e4b55042a,0.030991315841674805,0.05941120224237606,0.15473473023869122,0.047990717968974264,-0.018375845412712803,1.1391803690437083,0.3333333333333333,24
das_002_outcome_history_outcome_history_L30_r2,354,30,2,a01b72def64b1899c8a9acf5ff68985d66f74135093d3d341b80719e4b55042a,0.03414440155029297,-0.010965746186825998,0.06327471122977743,0.017743568713555834,-0.025482129175706074,1.181029679922607,0.16666666666666666,24
das_002_outcome_history_outcome_history_L30_r2,355,30,2,a01b72def64b1899c8a9acf5ff68985d66f74135093d3d341b80719e4b55042a,0.024440765380859375,-0.06497949229909006,-0.01304899046523231,-0.003224977732317174,-0.03277347482506465,1.212169113332897,0.041666666666666664,24
das_002_outcome_history_outcome_history_L30_r2,356,30,2,a01b72def64b1899c8a9acf5ff68985d66f74135093d3d341b80719e4b55042a,0.03109455108642578,-0.09012701255670108,-0.12011825564258269,-0.04154076250433967,0.0005894617295084632,1.2263971764604928,0.08333333333333333,24
das_002_outcome_history_outcome_history_L30_r2,357,30,2,a01b72def64b1899c8a9acf5ff68985d66f74135093d3d341b80719e4b55042a,0.02383565902709961,-0.05495301378678663,-0.26651497502404886,-0.07044170688047378,0.05444500470919497,1.2064495059484972,0.08333333333333333,24
das_002_outcome_history_outcome_history_L30_r2,358,30,2,a01b72def64b1899c8a9acf5ff68985d66f74135093d3d341b80719e4b55042a,0.03008270263671875,-0.013960830431193116,0.2506810233757185,0.06573428668252983,-0.08552464125508527,1.1827778436893004,0.125,24
das_002_outcome_history_outcome_history_L30_r2,359,30,2,a01b72def64b1899c8a9acf5ff68985d66f74135093d3d341b80719e4b55042a,0.020902514457702637,-0.08744051844531286,-0.16577087192165132,-0.04288696738362376,0.0021276349868284746,1.2248850860716307,0.0,24
das_002_outcome_history_outcome_history_L30_r2,360,30,2,a01b72def64b1899c8a9acf5ff68985d66f74135093d3d341b80719e4b55042a,0.02577829360961914,0.009434932078043357,0.21287358539119886,0.08213165051680112,-0.08863526384013745,1.1690527171434597,0.25,24
das_002_outcome_history_outcome_history_L30_r2,361,30,2,a01b72def64b1899c8a9acf5ff68985d66f74135093d3d341b80719e4b55042a,0.027303218841552734,-0.010965746186825998,0.06327471122977718,0.0177435687135556,-0.025482129175705803,1.181029679922607,0.16666666666666666,24
das_002_outcome_history_outcome_history_L30_r2,362,30,2,a01b72def64b1899c8a9acf5ff68985d66f74135093d3d341b80719e4b55042a,0.02973651885986328,0.029170340979549625,-0.057223783063419784,-0.014518590981238354,0.03742227066743702,1.1573483828558733,0.25,24
das_002_outcome_history_outcome_history_L30_r2,363,30,2,a01b72def64b1899c8a9acf5ff68985d66f74135093d3d341b80719e4b55042a,0.029866933822631836,-0.04750420812095868,0.05061060324817327,0.016397363834271327,-0.04477728925171892,1.2021827152973221,0.125,24
das_002_outcome_history_outcome_history_L30_r2,364,30,2,a01b72def64b1899c8a9acf5ff68985d66f74135093d3d341b80719e4b55042a,0.030402183532714844,-0.15692430006337332,-0.3496319012216345,-0.13752219844228783,0.0790078192216003,1.2634121900646897,0.08333333333333333,24
das_002_outcome_history_outcome_history_L30_r2,365,30,2,a01b72def64b1899c8a9acf5ff68985d66f74135093d3d341b80719e4b55042a,0.025748252868652344,-0.0540598390016902,-0.07219868514503625,-0.027022171523100928,0.004833857728737673,1.2059386782425994,0.20833333333333334,24
das_002_outcome_history_outcome_history_L30_r2,366,30,2,a01b72def64b1899c8a9acf5ff68985d66f74135093d3d341b80719e4b55042a,0.02651500701904297,0.08478414114766131,0.4032880080148394,0.15862698247450363,-0.13437213859409622,1.1237102952376736,0.375,24
das_002_outcome_history_outcome_history_L30_r2,367,30,2,a01b72def64b1899c8a9acf5ff68985d66f74135093d3d341b80719e4b55042a,0.025748729705810547,-0.047812806227892635,-0.11476449078974124,-0.04476574023665676,0.030315986904443752,1.2023597857030872,0.25,24
das_002_outcome_history_outcome_history_L30_r2,368,30,2,a01b72def64b1899c8a9acf5ff68985d66f74135093d3d341b80719e4b55042a,0.026267051696777344,0.0016224933736437297,0.48081172856824744,0.13482978868371934,-0.15926480604029333,1.1736537351392786,0.16666666666666666,24
das_002_outcome_history_outcome_history_L30_r2,369,30,2,a01b72def64b1899c8a9acf5ff68985d66f74135093d3d341b80719e4b55042a,0.022687911987304688,0.022596753763059918,0.05810042531181509,0.017743568713555827,-0.004648795842372722,1.1612600347928048,0.25,24
das_002_outcome_history_outcome_history_L30_r2,370,30,2,a01b72def64b1899c8a9acf5ff68985d66f74135093d3d341b80719e4b55042a,0.023954391479492188,0.022106343123817762,0.30604840360953456,0.08025287766376812,-0.08128024525585555,1.1615513285143926,0.20833333333333334,24
das_002_outcome_history_outcome_history_L30_r2,371,30,2,a01b72def64b1899c8a9acf5ff68985d66f74135093d3d341b80719e4b55042a,0.02614116668701172,-0.030978307557878226,0.2733658098447943,0.05914809363155267,-0.08841592588336009,1.19266192558417,0.041666666666666664,24
das_002_outcome_history_outcome_history_L30_r2,372,30,2,a01b72def64b1899c8a9acf5ff68985d66f74135093d3d341b80719e4b55042a,0.030735492706298828,0.06549554474398589,0.3372020087311551,0.10458263942830097,-0.0830377564699533,1.1354899100588605,0.3333333333333333,24
das_002_outcome_history_outcome_history_L30_r2,373,30,2,a01b72def64b1899c8a9acf5ff68985d66f74135093d3d341b80719e4b55042a,0.02369379997253418,-0.03191757523240102,0.027002429810425655,0.009674933196951707,-0.02667957552480633,1.1932050862678436,0.20833333333333334,24
das_002_outcome_history_outcome_history_L30_r2,374,30,2,a01b72def64b1899c8a9acf5ff68985d66f74135093d3d341b80719e4b55042a,0.028881072998046875,0.10280040386254419,0.22282990932179822,0.07232047973350691,-0.02013335662681033,1.1125950567418894,0.5416666666666666,24
das_002_outcome_history_outcome_history_L30_r2,375,30,2,a01b72def64b1899c8a9acf5ff68985d66f74135093d3d341b80719e4b55042a,0.03196072578430176,0.03634316010019434,0.2006728487310217,0.043419535357372696,-0.02877781364712376,1.1530650150560695,0.20833333333333334,24
das_002_outcome_history_outcome_history_L30_r2,376,30,2,a01b72def64b1899c8a9acf5ff68985d66f74135093d3d341b80719e4b55042a,0.029719829559326172,-0.060176785091095475,-0.02261616191359336,-0.00806863551660389,-0.022030779682433877,1.2094327828673908,0.16666666666666666,24
das_002_outcome_history_outcome_history_L30_r2,377,30,2,a01b72def64b1899c8a9acf5ff68985d66f74135093d3d341b80719e4b55042a,0.021520614624023438,-0.03312265720815244,-0.06250850563127626,-0.01908977359283983,0.0061869690996926375,1.1939016004185221,0.16666666666666666,24
das_002_outcome_history_outcome_history_L30_r2,378,30,2,a01b72def64b1899c8a9acf5ff68985d66f74135093d3d341b80719e4b55042a,0.027004718780517578,0.047175158930251926,0.16639508170989206,0.08025287766376797,-0.06044691192252204,1.1465661787801176,0.4166666666666667,24
das_002_outcome_history_outcome_history_L30_r2,379,30,2,a01b72def64b1899c8a9acf5ff68985d66f74135093d3d341b80719e4b55042a,0.028583526611328125,-0.07107731612837509,-0.09964961249964005,-0.033608364574078405,0.001942573100463237,1.2156344585842145,0.125,24
das_002_outcome_history_outcome_history_L30_r2,380,30,2,a01b72def64b1899c8a9acf5ff68985d66f74135093d3d341b80719e4b55042a,0.029978275299072266,0.07593826872981879,0.40906300587822,0.11708621997016365,-0.09211601019792072,1.1291277573265546,0.4166666666666667,24
das_002_outcome_history_outcome_history_L30_r2,381,30,2,a01b72def64b1899c8a9acf5ff68985d66f74135093d3d341b80719e4b55042a,0.025956153869628906,-0.06430726115358487,-0.34161065313476063,-0.08159908254305233,0.06198508517984234,1.2117864832138487,0.0,24
das_002_outcome_history_outcome_history_L30_r2,382,30,2,a01b72def64b1899c8a9acf5ff68985d66f74135093d3d341b80719e4b55042a,0.028522014617919922,0.03314829103985084,0.182420389654296,0.07514912707841785,-0.06503203482997146,1.154974846068119,0.4583333333333333,24
das_002_outcome_history_outcome_history_L30_r2,383,30,2,a01b72def64b1899c8a9acf5ff68985d66f74135093d3d341b80719e4b55042a,0.02148151397705078,-0.04294488387035167,-0.25926054960403105,-0.09289269579197322,0.090514164005677,1.1995635763821977,0.20833333333333334,24
das_002_outcome_history_outcome_history_L30_r2,384,30,2,a01b72def64b1899c8a9acf5ff68985d66f74135093d3d341b80719e4b55042a,0.02830052375793457,0.0005519730903669195,0.17809602033556776,0.05780188875226875,-0.06604441929270691,1.1742827975424552,0.25,24
das_002_outcome_history_outcome_history_L30_r2,385,30,2,a01b72def64b1899c8a9acf5ff68985d66f74135093d3d341b80719e4b55042a,0.027867794036865234,-0.012544633445103148,0.30091458328769605,0.07890667278448413,-0.10057540533186897,1.1819515633935385,0.125,24
das_002_outcome_history_outcome_history_L30_r2,386,30,2,a01b72def64b1899c8a9acf5ff68985d66f74135093d3d341b80719e4b55042a,0.027662277221679688,-0.014217694716256002,-0.044588575212616985,-0.012503580541862768,0.009078253727967556,1.1829276493511398,0.16666666666666666,24
das_002_outcome_history_outcome_history_L30_r2,387,30,2,a01b72def64b1899c8a9acf5ff68985d66f74135093d3d341b80719e4b55042a,0.030499696731567383,-0.07385797627868329,-0.2746864626547835,-0.07702789993145086,0.05155372008092006,1.217211410678469,0.08333333333333333,24
das_002_outcome_history_outcome_history_L30_r2,388,30,2,a01b72def64b1899c8a9acf5ff68985d66f74135093d3d341b80719e4b55042a,0.03409266471862793,-0.10028026866967532,-0.14736562342486176,-0.051351933287633794,0.00659136894283546,1.2320951662146795,0.125,24
das_002_outcome_history_outcome_history_L30_r2,389,30,2,a01b72def64b1899c8a9acf5ff68985d66f74135093d3d341b80719e4b55042a,0.02915787696838379,0.028031296463005617,0.06688762080486733,0.027554739496850292,-0.010650703055700098,1.1580271244208156,0.3333333333333333,24
das_002_outcome_history_outcome_history_L30_r2,390,30,2,a01b72def64b1899c8a9acf5ff68985d66f74135093d3d341b80719e4b55042a,0.028784990310668945,0.06789139708419789,-0.11562448697690055,-0.03360836457407814,0.0852759064337963,1.1340334097486866,0.375,24
das_002_outcome_history_outcome_history_L30_r2,391,30,2,a01b72def64b1899c8a9acf5ff68985d66f74135093d3d341b80719e4b55042a,0.03277993202209473,-0.04080384330379783,0.23140954238255904,0.061163104070928204,-0.09592660948949615,1.1983316638507633,0.08333333333333333,24
das_002_outcome_history_outcome_history_L30_r2,392,30,2,a01b72def64b1899c8a9acf5ff68985d66f74135093d3d341b80719e4b55042a,0.023088455200195312,-0.021510771892039315,0.14371508934779015,0.06573428668252974,-0.08552464125508517,1.1871731525725209,0.2916666666666667,24
das_002_outcome_history_outcome_history_L30_r2,393,30,2,a01b72def64b1899c8a9acf5ff68985d66f74135093d3d341b80719e4b55042a,0.024262428283691406,-0.09606545519751908,-0.16971797697817775,-0.07044170688047374,0.03361167137586157,1.229733025303114,0.20833333333333334,24
das_002_outcome_history_outcome_history_L30_r2,394,30,2,a01b72def64b1899c8a9acf5ff68985d66f74135093d3d341b80719e4b55042a,0.02955484390258789,0.012901304701532057,0.060173838090987246,0.020968546445873194,-0.013541987683974984,1.167005439337583,0.25,24
das_002_outcome_history_outcome_history_L30_r2,395,30,2,a01b72def64b1899c8a9acf5ff68985d66f74135093d3d341b80719e4b55042a,0.026834487915039062,-0.09401410566180268,-0.036163753936156555,-0.010624807688829837,-0.039943431522980986,1.2285817283309188,0.041666666666666664,24
das_002_outcome_history_outcome_history_L30_r2,396,30,2,a01b72def64b1899c8a9acf5ff68985d66f74135093d3d341b80719e4b55042a,0.029900550842285156,0.013387240332691341,0.02699957451232253,0.007932397930261535,0.001353111370954465,1.166718153305657,0.25,24
das_002_outcome_history_outcome_history_L30_r2,397,30,2,a01b72def64b1899c8a9acf5ff68985d66f74135093d3d341b80719e4b55042a,0.020182371139526367,0.013046038637961277,0.06403706793633933,0.022314751325157273,-0.01508016094129498,1.1669198797659879,0.20833333333333334,24
das_002_outcome_history_outcome_history_L30_r2,398,30,2,a01b72def64b1899c8a9acf5ff68985d66f74135093d3d341b80719e4b55042a,0.040592193603515625,-0.06268476777994114,0.14690055351957695,0.05323070614066691,-0.09727972086045089,1.2108624711833593,0.125,24
das_002_outcome_history_outcome_history_L30_r2,399,30,2,a01b72def64b1899c8a9acf5ff68985d66f74135093d3d341b80719e4b55042a,0.027690887451171875,0.004832001712069989,-0.018496040365142283,-0.004571182611601264,0.010431365098922056,1.1717657300273294,0.16666666666666666,24
das_002_outcome_history_outcome_history_L30_r2,400,30,2,a01b72def64b1899c8a9acf5ff68985d66f74135093d3d341b80719e4b55042a,0.029819011688232422,-0.01955807137728116,0.07641663382504847,0.022450988911499742,-0.0360691592964824,1.1860379210097316,0.16666666666666666,24
das_002_outcome_history_outcome_history_L30_r2,401,30,2,a01b72def64b1899c8a9acf5ff68985d66f74135093d3d341b80719e4b55042a,0.02784109115600586,0.04691713669478159,0.2823454294242504,0.08347785539608545,-0.0693401037641244,1.1467214116888313,0.3333333333333333,24
das_002_outcome_history_outcome_history_L30_r2,402,30,2,a01b72def64b1899c8a9acf5ff68985d66f74135093d3d341b80719e4b55042a,0.02648138999938965,-0.03219687086130496,0.22305221222331056,0.0565919214593269,-0.08549524439057404,1.1933665499479156,0.08333333333333333,24
das_002_outcome_history_outcome_history_L30_r2,403,30,2,a01b72def64b1899c8a9acf5ff68985d66f74135093d3d341b80719e4b55042a,0.0328826904296875,-0.006297600671306025,0.21811157667781528,0.06116310407092816,-0.07509327615616275,1.1782998161770613,0.16666666666666666,24
das_002_outcome_history_outcome_history_L30_r2,404,30,2,a01b72def64b1899c8a9acf5ff68985d66f74135093d3d341b80719e4b55042a,0.033233642578125,0.1040347803423709,0.27045773073995755,0.10135766169598388,-0.053311231295018004,1.111829433422464,0.4583333333333333,24
das_002_outcome_history_outcome_history_L30_r2,405,30,2,a01b72def64b1899c8a9acf5ff68985d66f74135093d3d341b80719e4b55042a,0.029973268508911133,0.05029702874924513,0.5917519472815506,0.21709767678686318,-0.2272224015689518,1.144686312223626,0.25,24
das_002_outcome_history_outcome_history_L30_r2,406,30,2,a01b72def64b1899c8a9acf5ff68985d66f74135093d3d341b80719e4b55042a,0.029585599899291992,0.041160514560226624,0.11948527342770193,0.03871211515942856,-0.018190783526347173,1.1501792977899559,0.2916666666666667,24
das_002_outcome_history_outcome_history_L30_r2,407,30,2,a01b72def64b1899c8a9acf5ff68985d66f74135093d3d341b80719e4b55042a,0.027517318725585938,-0.05651394470930593,-0.321445811940236,-0.08496029786171211,0.0710339420432986,1.2073417202133339,0.041666666666666664,24
das_002_outcome_history_outcome_history_L30_r2,408,30,2,a01b72def64b1899c8a9acf5ff68985d66f74135093d3d341b80719e4b55042a,0.024208784103393555,-0.05954494959914469,0.01730594393767055,0.006586193050976862,-0.03877538203839154,1.2090723352246624,0.125,24
das_002_outcome_history_outcome_history_L30_r2,409,30,2,a01b72def64b1899c8a9acf5ff68985d66f74135093d3d341b80719e4b55042a,0.02692127227783203,-0.03779080272367241,-0.20468359519921855,-0.06250930895021221,0.05579811608014939,1.1965958714357605,0.125,24
das_002_outcome_history_outcome_history_L30_r2,410,30,2,a01b72def64b1899c8a9acf5ff68985d66f74135093d3d341b80719e4b55042a,0.029363393783569336,0.005075384669457561,0.3077300665952862,0.09987521923035693,-0.11411739301584349,1.1716224350017257,0.25,24
das_002_outcome_history_outcome_history_L30_r2,411,30,2,a01b72def64b1899c8a9acf5ff68985d66f74135093d3d341b80719e4b55042a,0.03162336349487305,-0.04078588696803953,-0.05072346232900148,-0.014518590981238503,-0.004244395999229497,1.198321326773968,0.125,24
das_002_outcome_history_outcome_history_L30_r2,412,30,2,a01b72def64b1899c8a9acf5ff68985d66f74135093d3d341b80719e4b55042a,0.03092193603515625,-0.013470419791951072,0.010398178659434057,0.0032249777323171596,-0.008893191841602024,1.1824917788956284,0.20833333333333334,24
das_002_outcome_history_outcome_history_L30_r2,413,30,2,a01b72def64b1899c8a9acf5ff68985d66f74135093d3d341b80719e4b55042a,0.027423381805419922,-0.012671411045774406,0.006699825252807578,0.0018787728530329987,-0.007355018584281928,1.1820255553383148,0.16666666666666666,24
das_002_outcome_history_outcome_history_L30_r2,414,30,2,a01b72def64b1899c8a9acf5ff68985d66f74135093d3d341b80719e4b55042a,0.024725794792175293,0.05241689454427367,0.1830682808398764,0.0500057284083499,-0.025886529018848997,1.143408050987817,0.3333333333333333,24
das_002_outcome_history_outcome_history_L30_r2,415,30,2,a01b72def64b1899c8a9acf5ff68985d66f74135093d3d341b80719e4b55042a,0.031479597091674805,-0.021582506587118244,-0.23708393158580462,-0.10418630904089447,0.11904324283151207,1.1872148359357333,0.375,24
das_002_outcome_history_outcome_history_L30_r2,416,30,2,a01b72def64b1899c8a9acf5ff68985d66f74135093d3d341b80719e4b55042a,0.03157758712768555,-0.10906789569406894,-0.00996788635172826,-0.004571182611601369,-0.05206863490107786,1.2370055788420984,0.125,24
das_002_outcome_history_outcome_history_L30_r2,417,30,2,a01b72def64b1899c8a9acf5ff68985d66f74135093d3d341b80719e4b55042a,0.024799823760986328,0.10746854937806405,0.3566118084758119,0.11574001509087954,-0.06974450360726737,1.1096968560067606,0.5416666666666666,24
das_002_outcome_history_outcome_history_L30_r2,418,30,2,a01b72def64b1899c8a9acf5ff68985d66f74135093d3d341b80719e4b55042a,0.03001260757446289,0.03398322043149882,0.11921654859728839,0.030247149255418538,-0.013727049570340212,1.154476046348935,0.25,24
das_002_outcome_history_outcome_history_L30_r2,419,30,2,a01b72def64b1899c8a9acf5ff68985d66f74135093d3d341b80719e4b55042a,0.024903059005737305,0.08965206350520238,0.3171040370418022,0.11050002691918658,-0.0741739614928623,1.1207178713351609,0.4166666666666667,24
das_002_outcome_history_outcome_history_L30_r2,420,30,2,a01b72def64b1899c8a9acf5ff68985d66f74135093d3d341b80719e4b55042a,0.030644893646240234,0.09515182135469458,0.23774726973629295,0.07702789993145125,-0.030720386747587165,1.1173274015113681,0.4166666666666667,24
das_002_outcome_history_outcome_history_L30_r2,421,30,2,a01b72def64b1899c8a9acf5ff68985d66f74135093d3d341b80719e4b55042a,0.025868892669677734,-0.01624991401789666,-0.04106494820295183,-0.01384978542114698,0.010616426985287706,1.1841121905953493,0.25,24
das_002_outcome_history_outcome_history_L30_r2,422,30,2,a01b72def64b1899c8a9acf5ff68985d66f74135093d3d341b80719e4b55042a,0.023171424865722656,-0.043435294509593714,-0.09632968944523256,-0.030383386841761003,0.013882714592194272,1.199845570958785,0.125,24
das_002_outcome_history_outcome_history_L30_r2,423,30,2,a01b72def64b1899c8a9acf5ff68985d66f74135093d3d341b80719e4b55042a,0.029713153839111328,-0.009073785813531243,-0.09776348376105187,-0.03172959172104523,0.036254221182847796,1.1799240501046697,0.25,24
das_002_outcome_history_outcome_history_L30_r2,424,30,2,a01b72def64b1899c8a9acf5ff68985d66f74135093d3d341b80719e4b55042a,0.028080463409423828,0.007252337907527773,0.3870509439547191,0.1025676289889253,-0.11719373953048377,1.1703399438760653,0.16666666666666666,24
das_002_outcome_history_outcome_history_L30_r2,425,30,2,a01b72def64b1899c8a9acf5ff68985d66f74135093d3d341b80719e4b55042a,0.023350238800048828,-0.029107620578017634,0.13198573626295623,0.05336694372700981,-0.07660205254897211,1.1915794051725657,0.20833333333333334,24
das_002_outcome_history_outcome_history_L30_r2,426,30,2,a01b72def64b1899c8a9acf5ff68985d66f74135093d3d341b80719e4b55042a,0.031403541564941406,0.022059084310029453,0.1183524553905855,0.04785448038263153,-0.03905351372419178,1.1615793954081481,0.3333333333333333,24
das_002_outcome_history_outcome_history_L30_r2,427,30,2,a01b72def64b1899c8a9acf5ff68985d66f74135093d3d341b80719e4b55042a,0.03125309944152832,-0.1143161428796684,-0.20078847032917116,-0.07972030969001953,0.033796733262227284,1.2399289565822655,0.125,24
das_002_outcome_history_outcome_history_L30_r2,428,30,2,a01b72def64b1899c8a9acf5ff68985d66f74135093d3d341b80719e4b55042a,0.028446197509765625,0.08683879976709852,0.49068297118609744,0.14262594902763823,-0.11608936298081791,1.1224482222990595,0.4583333333333333,24
das_002_outcome_history_outcome_history_L30_r2,429,30,2,a01b72def64b1899c8a9acf5ff68985d66f74135093d3d341b80719e4b55042a,0.02416062355041504,0.015662842591719794,0.36667940511998304,0.11372500465150395,-0.12473382000113127,1.165371870721424,0.25,24
das_002_outcome_history_outcome_history_L30_r2,430,30,2,a01b72def64b1899c8a9acf5ff68985d66f74135093d3d341b80719e4b55042a,0.02204728126525879,-0.04859385066435595,-0.04272918965570733,-0.01129361324892117,-0.01313758784083172,1.2028078244554177,0.08333333333333333,24
das_002_outcome_history_outcome_history_L30_r2,431,30,2,a01b72def64b1899c8a9acf5ff68985d66f74135093d3d341b80719e4b55042a,0.03121185302734375,-0.00046681337103837706,-0.11704326923070914,-0.036300774332646654,0.04668558628177002,1.174881147164537,0.25,24
das_002_outcome_history_outcome_history_L30_r2,432,30,2,a01b72def64b1899c8a9acf5ff68985d66f74135093d3d341b80719e4b55042a,0.02584075927734375,0.0973152932650897,0.30262183452803737,0.10592884430758517,-0.06374259639394007,1.1159908496088125,0.4583333333333333,24
das_002_outcome_history_outcome_history_L30_r2,433,30,2,a01b72def64b1899c8a9acf5ff68985d66f74135093d3d341b80719e4b55042a,0.028261184692382812,-0.030941228961999467,-0.1890299011691239,-0.0658705242688722,0.06484697294360589,1.1926404786599965,0.20833333333333334,24
das_002_outcome_history_outcome_history_L30_r2,434,30,2,a01b72def64b1899c8a9acf5ff68985d66f74135093d3d341b80719e4b55042a,0.02980184555053711,0.08231655411237027,0.34264585894082994,0.12689739075345813,-0.09811791741124813,1.125224138347253,0.4166666666666667,24
das_002_outcome_history_outcome_history_L30_r2,435,30,2,a01b72def64b1899c8a9acf5ff68985d66f74135093d3d341b80719e4b55042a,0.02711772918701172,-0.0017415855044198292,0.0934632951399244,0.027690977083192573,-0.0316397014108873,1.1756294123465787,0.125,24
das_002_outcome_history_outcome_history_L30_r2,436,30,2,a01b72def64b1899c8a9acf5ff68985d66f74135093d3d341b80719e4b55042a,0.034917593002319336,0.05581357701013301,0.2987298502539849,0.08159908254305279,-0.06198508517984287,1.1413568953977558,0.3333333333333333,24
das_002_outcome_history_outcome_history_L30_r2,437,30,2,a01b72def64b1899c8a9acf5ff68985d66f74135093d3d341b80719e4b55042a,0.03926098346710205,-0.11994715333791461,-0.22739753002077034,-0.07380292219913336,0.021827194905984296,1.2430578955839091,0.041666666666666664,24
das_002_outcome_history_outcome_history_L30_r2,438,30,2,a01b72def64b1899c8a9acf5ff68985d66f74135093d3d341b80719e4b55042a,0.029604434967041016,0.10468788922775574,0.27290978863452514,0.07232047973350703,-0.020133356626810497,1.1114241285935003,0.5416666666666666,24
das_002_outcome_history_outcome_history_L30_r2,439,30,2,a01b72def64b1899c8a9acf5ff68985d66f74135093d3d341b80719e4b55042a,0.02566814422607422,-0.04940965779588358,-0.03211037852277331,-0.01572855827418014,-0.002861887763763543,1.2032756263691224,0.2916666666666667,24
das_002_outcome_history_outcome_history_L30_r2,440,30,2,a01b72def64b1899c8a9acf5ff68985d66f74135093d3d341b80719e4b55042a,0.02403545379638672,0.06707443200226304,0.13766043853554782,0.04341953535737271,-0.007944480313790431,1.1345302739438665,0.375,24
das_002_outcome_history_outcome_history_L30_r2,441,30,2,a01b72def64b1899c8a9acf5ff68985d66f74135093d3d341b80719e4b55042a,0.031641244888305664,-0.043617115015856855,-0.03957391259127466,-0.01451859098123844,-0.004244395999229564,1.1999501040465488,0.20833333333333334,24
das_002_outcome_history_outcome_history_L30_r2,442,30,2,a01b72def64b1899c8a9acf5ff68985d66f74135093d3d341b80719e4b55042a,0.0233919620513916,-0.02859924562906202,0.07525850361720332,0.02298355688524858,-0.04188600462344423,1.1912850511431539,0.16666666666666666,24
das_002_outcome_history_outcome_history_L30_r2,443,30,2,a01b72def64b1899c8a9acf5ff68985d66f74135093d3d341b80719e4b55042a,0.019618511199951172,-0.02071176314586287,0.14707818867767386,0.06438808180324578,-0.08398646799776528,1.1867087681929724,0.25,24
das_002_outcome_history_outcome_history_L30_r2,444,30,2,a01b72def64b1899c8a9acf5ff68985d66f74135093d3d341b80719e4b55042a,0.03326773643493652,0.07364801921875275,0.04312657212151876,0.011157375662578775,0.034126586196019035,1.1305261400725164,0.4166666666666667,24
das_002_outcome_history_outcome_history_L30_r2,445,30,2,a01b72def64b1899c8a9acf5ff68985d66f74135093d3d341b80719e4b55042a,0.0268174409866333,0.1411757832643794,0.4090630058782198,0.11708621997016357,-0.050449343531253965,1.0885408518423838,0.6666666666666666,24
das_002_outcome_history_outcome_history_L30_r2,446,30,2,a01b72def64b1899c8a9acf5ff68985d66f74135093d3d341b80719e4b55042a,0.024303913116455078,-0.0502848682712671,-0.10223791681815703,-0.02702217152310111,0.004833857728737873,1.203777289347234,0.08333333333333333,24
das_002_outcome_history_outcome_history_L30_r2,447,30,2,a01b72def64b1899c8a9acf5ff68985d66f74135093d3d341b80719e4b55042a,0.02554941177368164,0.04078222629566297,0.16796925033245766,0.07030546929413133,-0.0542893396873409,1.1504061639291465,0.3333333333333333,24
das_002_outcome_history_outcome_history_L30_r2,448,30,2,a01b72def64b1899c8a9acf5ff68985d66f74135093d3d341b80719e4b55042a,0.02227163314819336,-0.006279644335547951,-0.049003520165380135,-0.014518590981238245,0.01658893733410356,1.178289303361819,0.20833333333333334,24
das_002_outcome_history_outcome_history_L30_r2,449,30,2,a01b72def64b1899c8a9acf5ff68985d66f74135093d3d341b80719e4b55042a,0.02731156349182129,0.017457319868418475,-0.034897094283506194,-0.012503580541862762,0.029911587061300888,1.1643091315518275,0.2916666666666667,24
das_002_outcome_history_outcome_history_L30_r2,450,30,2,a01b72def64b1899c8a9acf5ff68985d66f74135093d3d341b80719e4b55042a,0.020365238189697266,0.01961631677073028,0.2242040986595509,0.06587052426887235,-0.06484697294360607,1.1630292267322628,0.25,24
das_002_outcome_history_outcome_history_L30_r2,451,30,2,a01b72def64b1899c8a9acf5ff68985d66f74135093d3d341b80719e4b55042a,0.02584385871887207,-0.002699975439063085,0.08490015727348803,0.027554739496849785,-0.03148403638903287,1.1761916541726745,0.20833333333333334,24
das_002_outcome_history_outcome_history_L30_r2,452,30,2,a01b72def64b1899c8a9acf5ff68985d66f74135093d3d341b80719e4b55042a,0.02518153190612793,-0.06252207750775352,-0.05545513264661668,-0.02110478403221545,-0.007135680627504542,1.2107697799680246,0.16666666666666666,24
das_002_outcome_history_outcome_history_L30_r2,453,30,2,a01b72def64b1899c8a9acf5ff68985d66f74135093d3d341b80719e4b55042a,0.021498680114746094,-0.029108786502380024,0.08117220830111813,0.027022171523101463,-0.04650052439540497,1.1915800801705139,0.16666666666666666,24
das_002_outcome_history_outcome_history_L30_r2,454,30,2,a01b72def64b1899c8a9acf5ff68985d66f74135093d3d341b80719e4b55042a,0.027449607849121094,0.06957910560738811,0.20241787736476408,0.05793812633861121,-0.02453341764789428,1.1330062842709623,0.3333333333333333,24
das_002_outcome_history_outcome_history_L30_r2,455,30,2,a01b72def64b1899c8a9acf5ff68985d66f74135093d3d341b80719e4b55042a,0.025979995727539062,-0.05000888172608353,0.0053673547668985295,0.00187877285303302,-0.028188351917615293,1.2036191188483565,0.20833333333333334,24
das_002_outcome_history_outcome_history_L30_r2,456,30,2,a01b72def64b1899c8a9acf5ff68985d66f74135093d3d341b80719e4b55042a,0.03521537780761719,-0.03395426954212488,0.1832592930423679,0.05780188875226838,-0.08687775262603983,1.1943820194513048,0.16666666666666666,24
das_002_outcome_history_outcome_history_L30_r2,457,30,2,a01b72def64b1899c8a9acf5ff68985d66f74135093d3d341b80719e4b55042a,0.025565147399902344,-0.009205038422285483,-0.25832539850349673,-0.059284331217895135,0.0677382575718808,1.180000785362387,0.125,24
das_002_outcome_history_outcome_history_L30_r2,458,30,2,a01b72def64b1899c8a9acf5ff68985d66f74135093d3d341b80719e4b55042a,0.019809722900390625,-0.06566189568855019,0.0704818817426266,0.025539729057474345,-0.06564001944956359,1.2125574099392045,0.125,24
das_002_outcome_history_outcome_history_L30_r2,459,30,2,a01b72def64b1899c8a9acf5ff68985d66f74135093d3d341b80719e4b55042a,0.0219879150390625,0.01735502612299311,0.403807180159267,0.1557983351295923,-0.17280679372426805,1.1643697388132301,0.2916666666666667,24
das_002_outcome_history_outcome_history_L30_r2,460,30,2,a01b72def64b1899c8a9acf5ff68985d66f74135093d3d341b80719e4b55042a,0.028838396072387695,-0.09670059977319045,-0.024888528195511222,-0.009278602809545582,-0.04148160478030118,1.2300892746212164,0.125,24
das_002_outcome_history_outcome_history_L30_r2,461,30,2,a01b72def64b1899c8a9acf5ff68985d66f74135093d3d341b80719e4b55042a,0.023762226104736328,-0.06956247809528193,-0.04859335335287007,-0.02514339867006834,-0.002521160855543793,1.2147745109148709,0.20833333333333334,24
das_002_outcome_history_outcome_history_L30_r2,462,30,2,a01b72def64b1899c8a9acf5ff68985d66f74135093d3d341b80719e4b55042a,0.024370431900024414,0.03647441270894858,0.22502197964022588,0.07097427485422268,-0.06026185003615686,1.1529864871306215,0.3333333333333333,24
das_002_outcome_history_outcome_history_L30_r2,463,30,2,a01b72def64b1899c8a9acf5ff68985d66f74135093d3d341b80719e4b55042a,0.03285789489746094,-0.020661195248353748,0.06506052822313721,0.020968546445873024,-0.03437532101730813,1.186679371984958,0.20833333333333334,24
das_002_outcome_history_outcome_history_L30_r2,464,30,2,a01b72def64b1899c8a9acf5ff68985d66f74135093d3d341b80719e4b55042a,0.031438350677490234,0.034328897134311864,-0.1136728786681291,-0.03360836457407815,0.06444257310046297,1.1542694706511742,0.3333333333333333,24
das_002_outcome_history_outcome_history_L30_r2,465,30,2,a01b72def64b1899c8a9acf5ff68985d66f74135093d3d341b80719e4b55042a,0.02948594093322754,0.07597534732569755,-0.02127752567899724,-0.007932397930261376,0.06114688862904539,1.1291051035955422,0.4583333333333333,24
das_002_outcome_history_outcome_history_L30_r2,466,30,2,a01b72def64b1899c8a9acf5ff68985d66f74135093d3d341b80719e4b55042a,0.02364516258239746,0.07941028228575331,0.08288779248181137,0.032794727668543154,0.014612088163228301,1.1270045028945133,0.5,24
das_002_outcome_history_outcome_history_L30_r2,467,30,2,a01b72def64b1899c8a9acf5ff68985d66f74135093d3d341b80719e4b55042a,0.03279590606689453,0.025105902376268086,-0.04691272312620677,-0.01721100073980692,0.0404986171820775,1.1597685079072084,0.4166666666666667,24
das_002_outcome_history_outcome_history_L30_r2,468,30,2,a01b72def64b1899c8a9acf5ff68985d66f74135093d3d341b80719e4b55042a,0.027428388595581055,0.006799005864164265,0.1187738861986497,0.040058320038712715,-0.040562290117000604,1.170607127604561,0.2916666666666667,24
das_002_outcome_history_outcome_history_L30_r2,469,30,2,a01b72def64b1899c8a9acf5ff68985d66f74135093d3d341b80719e4b55042a,0.029040813446044922,-0.0066388023660362006,0.22399410557405472,0.07554545746582414,-0.09152654846841247,1.178499560179384,0.20833333333333334,24
das_002_outcome_history_outcome_history_L30_r2,470,30,2,a01b72def64b1899c8a9acf5ff68985d66f74135093d3d341b80719e4b55042a,0.030855178833007812,0.043483367659088445,0.19739484282977723,0.06909550200118963,-0.05290683145187487,1.1487852596629426,0.4166666666666667,24
das_002_outcome_history_outcome_history_L30_r2,471,30,2,a01b72def64b1899c8a9acf5ff68985d66f74135093d3d341b80719e4b55042a,0.026175498962402344,0.1439564434146876,0.46916331866107186,0.16050575532753655,-0.1000604905117114,1.086777210260323,0.5833333333333334,24
das_002_outcome_history_outcome_history_L30_r2,472,30,2,a01b72def64b1899c8a9acf5ff68985d66f74135093d3d341b80719e4b55042a,0.028316020965576172,-0.09773850849471666,-0.20610083270426724,-0.05404434304620231,0.009667715457475861,1.2306712103199837,0.0,24
das_002_outcome_history_outcome_history_L30_r2,473,30,2,a01b72def64b1899c8a9acf5ff68985d66f74135093d3d341b80719e4b55042a,0.02615213394165039,0.000893174785096762,0.16384869487390613,0.043419535357372765,-0.049611146980457196,1.174082336151954,0.16666666666666666,24
das_002_outcome_history_outcome_history_L30_r2,474,30,2,a01b72def64b1899c8a9acf5ff68985d66f74135093d3d341b80719e4b55042a,0.026782989501953125,0.027867440266455823,0.22693185869154453,0.07554545746582406,-0.07069321513507903,1.1581247314337773,0.2916666666666667,24
das_002_outcome_history_outcome_history_L30_r2,475,30,2,a01b72def64b1899c8a9acf5ff68985d66f74135093d3d341b80719e4b55042a,0.02643609046936035,0.08623625877922247,0.49569960207829955,0.12824359563274235,-0.09965609066856831,1.1228184797800345,0.4166666666666667,24
das_002_outcome_history_outcome_history_L30_r2,476,30,2,a01b72def64b1899c8a9acf5ff68985d66f74135093d3d341b80719e4b55042a,0.026882171630859375,0.00759801461034082,0.1248180679446369,0.038712115159428635,-0.03902411685968061,1.1701361687922072,0.25,24
das_002_outcome_history_outcome_history_L30_r2,477,30,2,a01b72def64b1899c8a9acf5ff68985d66f74135093d3d341b80719e4b55042a,0.034583091735839844,0.09533364186095783,0.23140954238255904,0.06116310407092828,-0.01259327615616284,1.1172151377940756,0.5,24
das_002_outcome_history_outcome_history_L30_r2,478,30,2,a01b72def64b1899c8a9acf5ff68985d66f74135093d3d341b80719e4b55042a,0.028831005096435547,-0.012526677109345075,0.01150047873847072,0.0032249777323171977,-0.008893191841602067,1.1819410830588866,0.16666666666666666,24
das_002_outcome_history_outcome_history_L30_r2,479,30,2,a01b72def64b1899c8a9acf5ff68985d66f74135093d3d341b80719e4b55042a,0.030877113342285156,-0.032178914525546665,-0.06937836070791392,-0.019089773592839688,0.006186969099692471,1.1933561698623654,0.125,24
das_002_outcome_history_outcome_history_L30_r2,480,30,2,a01b72def64b1899c8a9acf5ff68985d66f74135093d3d341b80719e4b55042a,0.027774333953857422,0.04322650337402578,-0.025625796547094893,-0.009142365223203023,0.04169606353117802,1.148939497491472,0.4166666666666667,24
das_002_outcome_history_outcome_history_L30_r2,481,30,2,a01b72def64b1899c8a9acf5ff68985d66f74135093d3d341b80719e4b55042a,0.03065180778503418,0.05892079160313379,0.4045346524234958,0.11050002691918669,-0.09500729482619576,1.1394773071812898,0.3333333333333333,24
das_002_outcome_history_outcome_history_L30_r2,482,30,2,a01b72def64b1899c8a9acf5ff68985d66f74135093d3d341b80719e4b55042a,0.0287172794342041,0.04847806761730078,0.3314513604017854,0.09799644637732398,-0.08592904109822828,1.1457819936887241,0.3333333333333333,24
das_002_outcome_history_outcome_history_L30_r2,483,30,2,a01b72def64b1899c8a9acf5ff68985d66f74135093d3d341b80719e4b55042a,0.033547282218933105,-0.0533305204131429,0.16918674040017587,0.06438808180324544,-0.10481980133109828,1.2055214032209705,0.20833333333333334,24
das_002_outcome_history_outcome_history_L30_r2,484,30,2,a01b72def64b1899c8a9acf5ff68985d66f74135093d3d341b80719e4b55042a,0.026154518127441406,-0.038080270596531074,-0.21349975583814415,-0.06520171870878089,0.05887446259479,1.196762741247396,0.16666666666666666,24
das_002_outcome_history_outcome_history_L30_r2,485,30,2,a01b72def64b1899c8a9acf5ff68985d66f74135093d3d341b80719e4b55042a,0.032068729400634766,0.004032992965893434,-0.011500478738469481,-0.003224977732317179,0.008893191841602043,1.1722360341455882,0.20833333333333334,24
das_002_outcome_history_outcome_history_L30_r2,486,30,2,a01b72def64b1899c8a9acf5ff68985d66f74135093d3d341b80719e4b55042a,0.03270149230957031,0.19028899545735145,0.44170590667185805,0.15391956227655934,-0.061285108473319465,1.0569577126773586,0.75,24
das_002_outcome_history_outcome_history_L30_r2,487,30,2,a01b72def64b1899c8a9acf5ff68985d66f74135093d3d341b80719e4b55042a,0.026361465454101562,0.01010268821546556,0.1898241336893308,0.05323070614066709,-0.055613054193784386,1.1686586119214,0.20833333333333334,24
das_002_outcome_history_outcome_history_L30_r2,488,30,2,a01b72def64b1899c8a9acf5ff68985d66f74135093d3d341b80719e4b55042a,0.025277137756347656,-0.08367903701651991,-0.30515705663317655,-0.12448604992667607,0.10577938683333749,1.2227647982989394,0.125,24
das_002_outcome_history_outcome_history_L30_r2,489,30,2,a01b72def64b1899c8a9acf5ff68985d66f74135093d3d341b80719e4b55042a,0.02914571762084961,-0.001611498820027979,0.09754720773968947,0.028900944376134344,-0.033022209646353426,1.1755530759441197,0.20833333333333334,24
das_002_outcome_history_outcome_history_L30_r2,490,30,2,a01b72def64b1899c8a9acf5ff68985d66f74135093d3d341b80719e4b55042a,0.02333521842956543,0.09323173240168736,0.4092562625441143,0.152573357397275,-0.12224693521599919,1.1185122583407772,0.5416666666666666,24
das_002_outcome_history_outcome_history_L30_r2,491,30,2,a01b72def64b1899c8a9acf5ff68985d66f74135093d3d341b80719e4b55042a,0.023551225662231445,0.015209510548356286,0.13737879642859302,0.05121569570129151,-0.048102370587648276,1.1656401932138067,0.2916666666666667,24
das_002_outcome_history_outcome_history_L30_r2,492,30,2,a01b72def64b1899c8a9acf5ff68985d66f74135093d3d341b80719e4b55042a,0.02954721450805664,-0.03242595018135663,0.0898879024557735,0.04005832003871293,-0.0613956234503342,1.1934989667568676,0.20833333333333334,24
das_002_outcome_history_outcome_history_L30_r2,493,30,2,a01b72def64b1899c8a9acf5ff68985d66f74135093d3d341b80719e4b55042a,0.022674560546875,-0.07452573241610572,-0.12473824059979619,-0.04812695555531671,0.018531510434566866,1.2175898006013033,0.20833333333333334,24
das_002_outcome_history_outcome_history_L30_r2,494,30,2,a01b72def64b1899c8a9acf5ff68985d66f74135093d3d341b80719e4b55042a,0.01966571807861328,0.033932652533989804,0.18885691386004613,0.07366668461279108,-0.06333819655079712,1.1545062625230476,0.375,24
das_002_outcome_history_outcome_history_L30_r2,495,30,2,a01b72def64b1899c8a9acf5ff68985d66f74135093d3d341b80719e4b55042a,0.03069925308227539,-0.09764434245579645,-0.02345141914187815,-0.009278602809545676,-0.041481604780301086,1.2306184245620102,0.16666666666666666,24
das_002_outcome_history_outcome_history_L30_r2,496,30,2,a01b72def64b1899c8a9acf5ff68985d66f74135093d3d341b80719e4b55042a,0.02155470848083496,-0.07183923830471772,-0.15951451567889677,-0.049473160434600816,0.0200696836918869,1.2160667589317449,0.08333333333333333,24
das_002_outcome_history_outcome_history_L30_r2,497,30,2,a01b72def64b1899c8a9acf5ff68985d66f74135093d3d341b80719e4b55042a,0.03402280807495117,-0.04078588696803975,-0.05072346232900155,-0.01451859098123836,-0.004244395999229659,1.198321326773968,0.041666666666666664,24
das_002_outcome_history_outcome_history_L30_r2,498,30,2,a01b72def64b1899c8a9acf5ff68985d66f74135093d3d341b80719e4b55042a,0.03421211242675781,-0.013418685970079558,-0.056039369231928246,-0.013849785421146945,0.010616426985287667,1.1824615976497999,0.125,24
das_002_outcome_history_outcome_history_L30_r2,499,30,2,a01b72def64b1899c8a9acf5ff68985d66f74135093d3d341b80719e4b55042a,0.027281761169433594,-0.03224860468317625,0.23355819047323714,0.07366668461279104,-0.10500486321746377,1.1933964554052525,0.16666666666666666,24
