condition_id,task_family,observed,prediction
model_agnostic_replication_behavior-0050cfc7755baca2-m0,information_sampling,4.875,4.426421958809444
model_agnostic_replication_behavior-0050cfc7755baca2-m1,information_sampling,3.0,2.4294512200975262
model_agnostic_replication_behavior-0071e4817624dff4-m0,bandit,-13.625,-13.384996846903002
model_agnostic_replication_behavior-0071e4817624dff4-m1,bandit,-11.1875,-13.381533834040644
model_agnostic_replication_behavior-007509e33e3072d8-m0,foraging,-3.0,-0.41796951762149204
model_agnostic_replication_behavior-007509e33e3072d8-m1,foraging,-0.25,-0.026487219541628776
model_agnostic_replication_behavior-00c14c748739b545-m0,information_sampling,1.0,0.8401867741865772
model_agnostic_replication_behavior-00c14c748739b545-m1,information_sampling,-2.25,-1.1567839645253404
model_agnostic_replication_behavior-00d42e915c3c3072-m0,debugging,2.625,-0.5800621241732327
model_agnostic_replication_behavior-00d42e915c3c3072-m1,debugging,3.375,0.90178569525285
model_agnostic_replication_behavior-00ec3f53fddddcfc-m0,waiting,-4.25,-0.6741729301564579
model_agnostic_replication_behavior-00ec3f53fddddcfc-m1,waiting,-4.75,-0.6851474540569082
model_agnostic_replication_behavior-011fbc6e8510d3c3-m0,effort,-0.7500000000000001,1.61809740896865
model_agnostic_replication_behavior-011fbc6e8510d3c3-m1,effort,-0.8750000000000002,1.2683979447918567
model_agnostic_replication_behavior-01361a5958199d8f-m0,bandit,12.8125,5.977408886746513
model_agnostic_replication_behavior-01361a5958199d8f-m1,bandit,9.125,5.9808718996088714
model_agnostic_replication_behavior-015bfbbae88e016e-m0,bandit,5.5,3.0468143899764555
model_agnostic_replication_behavior-015bfbbae88e016e-m1,bandit,3.0,3.0502774028388147
model_agnostic_replication_behavior-017b6c1a4ed3124e-m0,foraging,-1.25,-1.1060074367834654
model_agnostic_replication_behavior-017b6c1a4ed3124e-m1,foraging,2.0,-0.714525138703602
model_agnostic_replication_behavior-01862465da34abbd-m0,foraging,7.0,3.744298712402629
model_agnostic_replication_behavior-01862465da34abbd-m1,foraging,6.875,4.135781010482492
model_agnostic_replication_behavior-019c4ef79f769a5f-m0,foraging,7.375,5.4293909064947
model_agnostic_replication_behavior-019c4ef79f769a5f-m1,foraging,7.875,5.820873204574563
model_agnostic_replication_behavior-025fb5009c8d26ad-m0,solvability,-2.125,-2.749489352376496
model_agnostic_replication_behavior-025fb5009c8d26ad-m1,solvability,-1.125,-2.641491728485107
model_agnostic_replication_behavior-0286968f25c9a77b-m0,information_sampling,-0.25,0.359292581927833
model_agnostic_replication_behavior-0286968f25c9a77b-m1,information_sampling,-3.625,-1.6376781567840841
model_agnostic_replication_behavior-029a867656f57c26-m0,debugging,-0.25,-0.2461829806771565
model_agnostic_replication_behavior-029a867656f57c26-m1,debugging,3.5,1.235664838748926
model_agnostic_replication_behavior-02aa91033d05dec6-m0,bandit,12.3125,12.21566206848724
model_agnostic_replication_behavior-02aa91033d05dec6-m1,bandit,8.375,12.219125081349599
model_agnostic_replication_behavior-02c56a3cd3ae4884-m0,solvability,10.8125,9.829575653831842
model_agnostic_replication_behavior-02c56a3cd3ae4884-m1,solvability,8.6875,9.93757327772323
model_agnostic_replication_behavior-02e2fffae35b62a3-m0,foraging,-0.7500000000000001,-0.6538809696435377
model_agnostic_replication_behavior-02e2fffae35b62a3-m1,foraging,2.375,-0.26239867156367436
model_agnostic_replication_behavior-02f73df8b09b2dd0-m0,foraging,-7.25,-5.698466628823464
model_agnostic_replication_behavior-02f73df8b09b2dd0-m1,foraging,-5.0,-5.306984330743601
model_agnostic_replication_behavior-030e8f5e0bb93c3b-m0,information_sampling,4.375,3.481833836599661
model_agnostic_replication_behavior-030e8f5e0bb93c3b-m1,information_sampling,4.375,1.484863097887744
model_agnostic_replication_behavior-031700c7a587c792-m0,solvability,-1.0000000000000002,2.8705519970762916
model_agnostic_replication_behavior-031700c7a587c792-m1,solvability,-0.25,2.97854962096768
model_agnostic_replication_behavior-0323d5cda2c66cc2-m0,debugging,-10.0625,-8.792946676203844
model_agnostic_replication_behavior-0323d5cda2c66cc2-m1,debugging,-7.75,-7.311098856777762
model_agnostic_replication_behavior-0337f6ebd32ead7a-m0,bandit,-13.5625,-10.58850402002636
model_agnostic_replication_behavior-0337f6ebd32ead7a-m1,bandit,-11.3125,-10.585041007164001
model_agnostic_replication_behavior-033e0f696640ed6d-m0,debugging,-5.875,-5.210748833804713
model_agnostic_replication_behavior-033e0f696640ed6d-m1,debugging,-5.125,-3.728901014378631
model_agnostic_replication_behavior-03c39f5d62e89d2c-m0,bandit,1.75,-2.461656399916394
model_agnostic_replication_behavior-03c39f5d62e89d2c-m1,bandit,3.25,-2.4581933870540356
model_agnostic_replication_behavior-03dc6c876b2d6e0a-m0,waiting,-0.12500000000000006,-1.077845745574397
model_agnostic_replication_behavior-03dc6c876b2d6e0a-m1,waiting,-0.6249999999999999,-1.0888202694748472
model_agnostic_replication_behavior-03dcef28814e50f3-m0,debugging,8.125,7.986329484305035
model_agnostic_replication_behavior-03dcef28814e50f3-m1,debugging,7.25,9.468177303731117
model_agnostic_replication_behavior-03eaa7cb8f7ad60e-m0,foraging,2.25,0.9009244426252858
model_agnostic_replication_behavior-03eaa7cb8f7ad60e-m1,foraging,3.75,1.2924067407051496
model_agnostic_replication_behavior-04585da69985ea91-m0,debugging,0.8750000000000001,3.2994778145810653
model_agnostic_replication_behavior-04585da69985ea91-m1,debugging,-0.203125,4.781325634007148
model_agnostic_replication_behavior-04656918b8484ba4-m0,foraging,8.25,6.000526603909399
model_agnostic_replication_behavior-04656918b8484ba4-m1,foraging,5.375,6.3920089019892625
model_agnostic_replication_behavior-0485677a759124ae-m0,information_sampling,-0.37499999999999994,0.5109191932412789
model_agnostic_replication_behavior-0485677a759124ae-m1,information_sampling,-3.25,-1.4860515454706387
model_agnostic_replication_behavior-048fdf3fcd83c15c-m0,debugging,1.5000000000000002,-0.4199043248577574
model_agnostic_replication_behavior-048fdf3fcd83c15c-m1,debugging,4.5,1.0619434945683255
model_agnostic_replication_behavior-04f53d33a27828fc-m0,waiting,6.5,5.755527582058489
model_agnostic_replication_behavior-04f53d33a27828fc-m1,waiting,6.75,5.744553058158038
model_agnostic_replication_behavior-052503d9084f8135-m0,information_sampling,-2.75,-0.47995216594990975
model_agnostic_replication_behavior-052503d9084f8135-m1,information_sampling,-5.75,-2.4769229046618264
model_agnostic_replication_behavior-054058bf9bb26fb9-m0,effort,2.75,0.16812202224670703
model_agnostic_replication_behavior-054058bf9bb26fb9-m1,effort,2.25,-0.18157744193008618
model_agnostic_replication_behavior-056872f0a134fa57-m0,foraging,-4.25,-5.659284187148277
model_agnostic_replication_behavior-056872f0a134fa57-m1,foraging,-4.125,-5.267801889068414
model_agnostic_replication_behavior-059852d8cf8165fc-m0,information_sampling,-1.125,-1.558876308727572
model_agnostic_replication_behavior-059852d8cf8165fc-m1,information_sampling,-3.375,-3.5558470474394896
model_agnostic_replication_behavior-059c4085dceb27a9-m0,bandit,-5.625,0.5732399475623278
model_agnostic_replication_behavior-059c4085dceb27a9-m1,bandit,-4.75,0.5767029604246865
model_agnostic_replication_behavior-05dff844d310d05c-m0,waiting,5.625,1.92472069662342
model_agnostic_replication_behavior-05dff844d310d05c-m1,waiting,3.875,1.9137461727229699
model_agnostic_replication_behavior-0602f7acc92204c6-m0,bandit,-3.0,-2.9659259198397185
model_agnostic_replication_behavior-0602f7acc92204c6-m1,bandit,-6.125,-2.9624629069773594
model_agnostic_replication_behavior-062b738b3ab476aa-m0,foraging,-4.75,-6.42873930231958
model_agnostic_replication_behavior-062b738b3ab476aa-m1,foraging,-4.125,-6.0372570042397165
model_agnostic_replication_behavior-06690661f553d63f-m0,information_sampling,-0.12500000000000006,0.21793259678728827
model_agnostic_replication_behavior-06690661f553d63f-m1,information_sampling,-3.875,-1.7790381419246302
model_agnostic_replication_behavior-068ed2c8a2b40816-m0,waiting,12.8125,11.208443662132328
model_agnostic_replication_behavior-068ed2c8a2b40816-m1,waiting,13.0,11.19746913823188
model_agnostic_replication_behavior-06b9d7481d7635de-m0,solvability,9.8125,5.597780602924917
model_agnostic_replication_behavior-06b9d7481d7635de-m1,solvability,8.625,5.705778226816307
model_agnostic_replication_behavior-06d955a0c84e3719-m0,foraging,-4.25,-1.6807726266327616
model_agnostic_replication_behavior-06d955a0c84e3719-m1,foraging,-1.7499999999999998,-1.2892903285528983
model_agnostic_replication_behavior-06e272f7b6f04c46-m0,waiting,3.5,3.5769211344885004
model_agnostic_replication_behavior-06e272f7b6f04c46-m1,waiting,4.75,3.5659466105880497
model_agnostic_replication_behavior-06ea07c8e930fc7e-m0,bandit,-8.0,-7.574330358780205
model_agnostic_replication_behavior-06ea07c8e930fc7e-m1,bandit,-7.5,-7.570867345917847
model_agnostic_replication_behavior-06ecdb5710860469-m0,waiting,1.75,1.9139727819108163
model_agnostic_replication_behavior-06ecdb5710860469-m1,waiting,2.0,1.9029982580103662
model_agnostic_replication_behavior-06f696107af30257-m0,bandit,-2.125,-1.662920692790359
model_agnostic_replication_behavior-06f696107af30257-m1,bandit,-0.6249999999999999,-1.6594576799280003
model_agnostic_replication_behavior-072cde5a1a17fbb9-m0,waiting,-0.8750000000000002,-0.12830666958534692
model_agnostic_replication_behavior-072cde5a1a17fbb9-m1,waiting,-0.5,-0.1392811934857972
model_agnostic_replication_behavior-074a1a46115cf27c-m0,information_sampling,2.25,2.277620261565927
model_agnostic_replication_behavior-074a1a46115cf27c-m1,information_sampling,-0.6249999999999999,0.28064952285401
model_agnostic_replication_behavior-07626394b7de8fb6-m0,debugging,-5.875,-5.563859602598169
model_agnostic_replication_behavior-07626394b7de8fb6-m1,debugging,-4.125,-4.082011783172086
model_agnostic_replication_behavior-0763957148b0f985-m0,waiting,7.5,4.154936312018346
model_agnostic_replication_behavior-0763957148b0f985-m1,waiting,6.75,4.143961788117895
model_agnostic_replication_behavior-079471429f6d1052-m0,bandit,14.3125,9.429994134020616
model_agnostic_replication_behavior-079471429f6d1052-m1,bandit,12.5625,9.433457146882974
model_agnostic_replication_behavior-07a252f3b1c5ad23-m0,waiting,5.625,5.7687844718795525
model_agnostic_replication_behavior-07a252f3b1c5ad23-m1,waiting,5.75,5.757809947979101
model_agnostic_replication_behavior-07ccd61babdf8856-m0,solvability,-7.5,-6.835883081128356
model_agnostic_replication_behavior-07ccd61babdf8856-m1,solvability,-6.375,-6.727885457236967
model_agnostic_replication_behavior-07d5ffc8a5992390-m0,waiting,10.25,7.633597810357005
model_agnostic_replication_behavior-07d5ffc8a5992390-m1,waiting,10.0,7.622623286456554
model_agnostic_replication_behavior-08405b542766690e-m0,waiting,5.375,2.893628330830874
model_agnostic_replication_behavior-08405b542766690e-m1,waiting,5.25,2.8826538069304237
model_agnostic_replication_behavior-087e7c205111c305-m0,solvability,8.25,3.3278904915069147
model_agnostic_replication_behavior-087e7c205111c305-m1,solvability,7.5,3.435888115398303
model_agnostic_replication_behavior-088c0e7096097b55-m0,foraging,5.125,0.28195634010548
model_agnostic_replication_behavior-088c0e7096097b55-m1,foraging,3.625,0.6734386381853432
model_agnostic_replication_behavior-08b1036ea587d97f-m0,bandit,6.875,0.48979626613721194
model_agnostic_replication_behavior-08b1036ea587d97f-m1,bandit,7.5,0.49325927899957067
model_agnostic_replication_behavior-08cacdc084421d32-m0,information_sampling,4.5,4.449741280753976
model_agnostic_replication_behavior-08cacdc084421d32-m1,information_sampling,2.25,2.452770542042058
model_agnostic_replication_behavior-08ee6ec98acc7452-m0,bandit,-8.5,-6.244629562681703
model_agnostic_replication_behavior-08ee6ec98acc7452-m1,bandit,-7.25,-6.241166549819344
model_agnostic_replication_behavior-08f1ca140501fdad-m0,debugging,3.125,-0.02600478950447216
model_agnostic_replication_behavior-08f1ca140501fdad-m1,debugging,2.75,1.45584302992161
model_agnostic_replication_behavior-094d12e781ed2e0f-m0,foraging,0.5,-1.4372869029245448
model_agnostic_replication_behavior-094d12e781ed2e0f-m1,foraging,0.7500000000000002,-1.0458046048446814
model_agnostic_replication_behavior-094d1f2707fea04f-m0,information_sampling,4.375,3.3989550643755058
model_agnostic_replication_behavior-094d1f2707fea04f-m1,information_sampling,3.25,1.4019843256635882
model_agnostic_replication_behavior-0951602759c738d1-m0,solvability,7.0,2.3395446127062005
model_agnostic_replication_behavior-0951602759c738d1-m1,solvability,5.875,2.4475422365975885
model_agnostic_replication_behavior-0987b9345baa3c3c-m0,solvability,-6.25,-8.283697382299081
model_agnostic_replication_behavior-0987b9345baa3c3c-m1,solvability,-5.875,-8.175699758407692
model_agnostic_replication_behavior-09960a3772844636-m0,effort,-5.625,-6.629171519007613
model_agnostic_replication_behavior-09960a3772844636-m1,effort,-5.375,-6.9788709831844065
model_agnostic_replication_behavior-099a576227c847ab-m0,waiting,-3.5,-3.256352464019625
model_agnostic_replication_behavior-099a576227c847ab-m1,waiting,-4.0,-3.2673269879200753
model_agnostic_replication_behavior-09cf03d0d232fa14-m0,debugging,-7.125,-6.092902259484252
model_agnostic_replication_behavior-09cf03d0d232fa14-m1,debugging,-5.125,-4.61105444005817
model_agnostic_replication_behavior-0a0c409a718ec477-m0,waiting,8.375,8.653164346726427
model_agnostic_replication_behavior-0a0c409a718ec477-m1,waiting,8.625,8.642189822825976
model_agnostic_replication_behavior-0a80b7298971085d-m0,information_sampling,-2.375,-0.07358190707379109
model_agnostic_replication_behavior-0a80b7298971085d-m1,information_sampling,-3.625,-2.0705526457857077
model_agnostic_replication_behavior-0a9fd2d815015066-m0,foraging,-2.25,-1.4293934095619991
model_agnostic_replication_behavior-0a9fd2d815015066-m1,foraging,-2.25,-1.0379111114821358
model_agnostic_replication_behavior-0ac3432b25a9459b-m0,waiting,-6.25,-6.039257718579701
model_agnostic_replication_behavior-0ac3432b25a9459b-m1,waiting,-6.75,-6.050232242480151
model_agnostic_replication_behavior-0ae2856ad79f960c-m0,foraging,-8.125,-5.113917852126068
model_agnostic_replication_behavior-0ae2856ad79f960c-m1,foraging,-6.625,-4.722435554046205
model_agnostic_replication_behavior-0b0f1bdffc1ebf50-m0,solvability,8.875,3.3992520398845874
model_agnostic_replication_behavior-0b0f1bdffc1ebf50-m1,solvability,7.625,3.5072496637759754
model_agnostic_replication_behavior-0b3156e884d7f638-m0,waiting,-0.37499999999999994,-2.23635163300193
model_agnostic_replication_behavior-0b3156e884d7f638-m1,waiting,-0.6249999999999999,-2.24732615690238
model_agnostic_replication_behavior-0b478ebbbe661010-m0,solvability,-6.625,-7.272693221665847
model_agnostic_replication_behavior-0b478ebbbe661010-m1,solvability,-5.75,-7.1646955977744575
model_agnostic_replication_behavior-0b4ce0680f5ae1c8-m0,bandit,-9.0625,-7.184038886185163
model_agnostic_replication_behavior-0b4ce0680f5ae1c8-m1,bandit,-9.75,-7.180575873322804
model_agnostic_replication_behavior-0bae14c84e354aea-m0,waiting,1.0,-1.1521216784469859
model_agnostic_replication_behavior-0bae14c84e354aea-m1,waiting,1.0,-1.1630962023474363
model_agnostic_replication_behavior-0c57fd67cf191001-m0,solvability,10.5625,6.836229733444183
model_agnostic_replication_behavior-0c57fd67cf191001-m1,solvability,9.875,6.944227357335571
model_agnostic_replication_behavior-0c74ad677faf5ae3-m0,solvability,8.3125,5.668424356922481
model_agnostic_replication_behavior-0c74ad677faf5ae3-m1,solvability,7.875,5.77642198081387
model_agnostic_replication_behavior-0cf2076cba3fb7e2-m0,information_sampling,1.8749999999999998,3.29010705155544
model_agnostic_replication_behavior-0cf2076cba3fb7e2-m1,information_sampling,-0.37499999999999994,1.2931363128435223
model_agnostic_replication_behavior-0d034bfd64b78c09-m0,waiting,7.875,7.633815858674838
model_agnostic_replication_behavior-0d034bfd64b78c09-m1,waiting,7.75,7.622841334774389
model_agnostic_replication_behavior-0d38472e7e58da22-m0,foraging,-1.875,-2.959065031081657
model_agnostic_replication_behavior-0d38472e7e58da22-m1,foraging,-2.5,-2.5675827330017933
model_agnostic_replication_behavior-0d71f4fbafe773ce-m0,bandit,-8.0,-5.8927635013260105
model_agnostic_replication_behavior-0d71f4fbafe773ce-m1,bandit,-9.625,-5.889300488463651
model_agnostic_replication_behavior-0dc1173498b5f248-m0,solvability,8.5,4.321781292875192
model_agnostic_replication_behavior-0dc1173498b5f248-m1,solvability,7.125,4.429778916766581
model_agnostic_replication_behavior-0dc13aed263aad6e-m0,debugging,-0.37499999999999994,-1.8001997507324181
model_agnostic_replication_behavior-0dc13aed263aad6e-m1,debugging,0.24999999999999992,-0.31835193130633566
model_agnostic_replication_behavior-0de1efe3650167be-m0,bandit,8.375,3.5120761559247327
model_agnostic_replication_behavior-0de1efe3650167be-m1,bandit,6.875,3.5155391687870914
model_agnostic_replication_behavior-0e0a27ca3a061ff4-m0,waiting,7.375,7.834191005315921
model_agnostic_replication_behavior-0e0a27ca3a061ff4-m1,waiting,7.0,7.82321648141547
model_agnostic_replication_behavior-0e0c312ca2dd6a24-m0,solvability,4.25,0.8641839419542879
model_agnostic_replication_behavior-0e0c312ca2dd6a24-m1,solvability,1.8749999999999998,0.9721815658456764
model_agnostic_replication_behavior-0e1b6ebe07b5ec4e-m0,bandit,11.375,6.133447650160402
model_agnostic_replication_behavior-0e1b6ebe07b5ec4e-m1,bandit,10.375,6.136910663022761
model_agnostic_replication_behavior-0e3c5924a905d9ec-m0,effort,-5.875,-3.79207794332988
model_agnostic_replication_behavior-0e3c5924a905d9ec-m1,effort,-5.25,-4.141777407506673
model_agnostic_replication_behavior-0e69fc60a12b9c31-m0,effort,-4.0,-3.115996559710589
model_agnostic_replication_behavior-0e69fc60a12b9c31-m1,effort,-3.5,-3.465696023887382
model_agnostic_replication_behavior-0eb8124104774511-m0,bandit,-6.375,-5.54147877327813
model_agnostic_replication_behavior-0eb8124104774511-m1,bandit,-4.75,-5.538015760415771
model_agnostic_replication_behavior-0ef260a7b9dee6db-m0,bandit,11.5625,5.681824128035743
model_agnostic_replication_behavior-0ef260a7b9dee6db-m1,bandit,9.625,5.685287140898101
model_agnostic_replication_behavior-0f4056662f77dde7-m0,solvability,0.24999999999999992,11.561879204754884
model_agnostic_replication_behavior-0f4056662f77dde7-m1,solvability,2.5234375,11.669876828646274
model_agnostic_replication_behavior-0fd4913ccc94d32d-m0,effort,-2.25,-0.5936318447636366
model_agnostic_replication_behavior-0fd4913ccc94d32d-m1,effort,-3.125,-0.9433313089404298
model_agnostic_replication_behavior-0ff52b10f0aacabc-m0,information_sampling,-0.37499999999999994,1.5231635524477496
model_agnostic_replication_behavior-0ff52b10f0aacabc-m1,information_sampling,-1.625,-0.4738071862641675
model_agnostic_replication_behavior-100bf82681bf3cb4-m0,debugging,-5.625,-6.354044466174507
model_agnostic_replication_behavior-100bf82681bf3cb4-m1,debugging,-3.625,-4.872196646748425
model_agnostic_replication_behavior-1075d6808005ad16-m0,effort,-3.75,-4.642631523704101
model_agnostic_replication_behavior-1075d6808005ad16-m1,effort,-3.75,-4.992330987880894
model_agnostic_replication_behavior-10894231d9c32028-m0,bandit,6.875,1.7360385873140276
model_agnostic_replication_behavior-10894231d9c32028-m1,bandit,6.625,1.7395016001763863
model_agnostic_replication_behavior-10a4039044d9a058-m0,foraging,-4.25,-3.1967531875949913
model_agnostic_replication_behavior-10a4039044d9a058-m1,foraging,-4.75,-2.8052708895151275
model_agnostic_replication_behavior-10c008101b38f686-m0,effort,-0.7500000000000001,-1.6275153692608662
model_agnostic_replication_behavior-10c008101b38f686-m1,effort,-1.375,-1.9772148334376594
model_agnostic_replication_behavior-10c60f6e98c359a5-m0,waiting,4.125,1.6839163800601906
model_agnostic_replication_behavior-10c60f6e98c359a5-m1,waiting,5.125,1.6729418561597402
model_agnostic_replication_behavior-10caa96ee184bb61-m0,waiting,-3.625,-2.5059881913816113
model_agnostic_replication_behavior-10caa96ee184bb61-m1,waiting,-5.125,-2.5169627152820615
model_agnostic_replication_behavior-11217f8111fb34ae-m0,information_sampling,5.125,4.51204721306588
model_agnostic_replication_behavior-11217f8111fb34ae-m1,information_sampling,2.375,2.5150764743539624
model_agnostic_replication_behavior-114a0a17408ce26f-m0,solvability,-5.875,-6.39487011786307
model_agnostic_replication_behavior-114a0a17408ce26f-m1,solvability,-5.125,-6.28687249397168
model_agnostic_replication_behavior-11503254de9574ef-m0,information_sampling,0.625,-0.28215851631152156
model_agnostic_replication_behavior-11503254de9574ef-m1,information_sampling,-2.375,-2.279129255023439
model_agnostic_replication_behavior-117699da7b075021-m0,effort,5.375,1.1860154033059969
model_agnostic_replication_behavior-117699da7b075021-m1,effort,4.375,0.8363159391292035
model_agnostic_replication_behavior-1196ebb5edb1419b-m0,effort,8.625,8.658584237056798
model_agnostic_replication_behavior-1196ebb5edb1419b-m1,effort,6.25,8.308884772880006
model_agnostic_replication_behavior-11c8fab992fd3bfb-m0,debugging,-7.25,-6.714040618104364
model_agnostic_replication_behavior-11c8fab992fd3bfb-m1,debugging,-5.875,-5.232192798678281
model_agnostic_replication_behavior-11d283044a41ce52-m0,effort,-5.625,-6.248967615467214
model_agnostic_replication_behavior-11d283044a41ce52-m1,effort,-5.75,-6.598667079644007
model_agnostic_replication_behavior-11fa9eef50102843-m0,solvability,-13.25,-11.770294014714509
model_agnostic_replication_behavior-11fa9eef50102843-m1,solvability,-11.1875,-11.66229639082312
model_agnostic_replication_behavior-120b39b17444e343-m0,effort,-7.0,-4.430587148501228
model_agnostic_replication_behavior-120b39b17444e343-m1,effort,-6.0,-4.780286612678022
model_agnostic_replication_behavior-121eec5254aa83c9-m0,foraging,-5.5,-3.612341524373927
model_agnostic_replication_behavior-121eec5254aa83c9-m1,foraging,-5.375,-3.2208592262940634
model_agnostic_replication_behavior-122c74b0503d8133-m0,effort,-3.875,-3.8368315199607617
model_agnostic_replication_behavior-122c74b0503d8133-m1,effort,-3.875,-4.186530984137555
model_agnostic_replication_behavior-1231ae746de2ab09-m0,waiting,3.75,1.5515128611456919
model_agnostic_replication_behavior-1231ae746de2ab09-m1,waiting,5.125,1.5405383372452413
model_agnostic_replication_behavior-1244cd698473756e-m0,solvability,-5.0,0.8018125467081353
model_agnostic_replication_behavior-1244cd698473756e-m1,solvability,-5.625,0.9098101705995237
model_agnostic_replication_behavior-124b2ed73a78d4ee-m0,waiting,-1.875,-0.917646461489871
model_agnostic_replication_behavior-124b2ed73a78d4ee-m1,waiting,-4.375,-0.928620985390321
model_agnostic_replication_behavior-12623c3df9a5d3d9-m0,effort,-4.875,-5.745896468293516
model_agnostic_replication_behavior-12623c3df9a5d3d9-m1,effort,-4.625,-6.095595932470309
model_agnostic_replication_behavior-12840b535a74c58d-m0,effort,8.0,7.144522562224492
model_agnostic_replication_behavior-12840b535a74c58d-m1,effort,6.875,6.794823098047699
model_agnostic_replication_behavior-12d20b6fec07b4d0-m0,solvability,9.0,5.910648957035733
model_agnostic_replication_behavior-12d20b6fec07b4d0-m1,solvability,7.75,6.01864658092712
model_agnostic_replication_behavior-1315088b2464bc0a-m0,solvability,3.375,2.438968224562267
model_agnostic_replication_behavior-1315088b2464bc0a-m1,solvability,1.75,2.5469658484536555
model_agnostic_replication_behavior-1356b1784a0d43c3-m0,bandit,-5.75,-4.455058497089758
model_agnostic_replication_behavior-1356b1784a0d43c3-m1,bandit,-7.125,-4.451595484227399
model_agnostic_replication_behavior-13963679df0c4254-m0,effort,-4.625,-1.1843507324303555
model_agnostic_replication_behavior-13963679df0c4254-m1,effort,-4.375,-1.534050196607149
model_agnostic_replication_behavior-13bd58c211a6ad8f-m0,debugging,2.125,0.6903068115629077
model_agnostic_replication_behavior-13bd58c211a6ad8f-m1,debugging,3.5,2.1721546309889908
model_agnostic_replication_behavior-13bff8f274963dc8-m0,waiting,5.125,4.43032123922828
model_agnostic_replication_behavior-13bff8f274963dc8-m1,waiting,5.5,4.41934671532783
model_agnostic_replication_behavior-13c8c3d6275057e5-m0,bandit,-7.875,-5.170620291629524
model_agnostic_replication_behavior-13c8c3d6275057e5-m1,bandit,-9.375,-5.167157278767165
model_agnostic_replication_behavior-13dcd6634925821e-m0,foraging,-11.125,-6.424816419448126
model_agnostic_replication_behavior-13dcd6634925821e-m1,foraging,-8.625,-6.033334121368263
model_agnostic_replication_behavior-13f8c14a1ddd6e3b-m0,information_sampling,5.625,5.77467276237595
model_agnostic_replication_behavior-13f8c14a1ddd6e3b-m1,information_sampling,4.875,3.7777020236640317
model_agnostic_replication_behavior-1464dad6b232a396-m0,bandit,8.75,2.626951192435434
model_agnostic_replication_behavior-1464dad6b232a396-m1,bandit,8.875,2.630414205297793
model_agnostic_replication_behavior-147b87d2cb9fcae9-m0,foraging,7.875,4.663766930120835
model_agnostic_replication_behavior-147b87d2cb9fcae9-m1,foraging,6.25,5.055249228200698
model_agnostic_replication_behavior-149c53f564134a1a-m0,information_sampling,5.125,5.319607607627985
model_agnostic_replication_behavior-149c53f564134a1a-m1,information_sampling,3.75,3.3226368689160672
model_agnostic_replication_behavior-14c5507f170f7bb6-m0,foraging,-1.375,0.32319948558747025
model_agnostic_replication_behavior-14c5507f170f7bb6-m1,foraging,0.24999999999999992,0.714681783667334
model_agnostic_replication_behavior-14e4552aa7aab6ac-m0,effort,6.375,6.638822710406656
model_agnostic_replication_behavior-14e4552aa7aab6ac-m1,effort,4.5,6.289123246229863
model_agnostic_replication_behavior-14ea1ac3724140ab-m0,foraging,-1.375,-1.2215058239131704
model_agnostic_replication_behavior-14ea1ac3724140ab-m1,foraging,-0.7500000000000001,-0.8300235258333066
model_agnostic_replication_behavior-14eb198e931af131-m0,foraging,-4.875,-6.2906749770715455
model_agnostic_replication_behavior-14eb198e931af131-m1,foraging,-4.0,-5.899192678991682
model_agnostic_replication_behavior-14eb72851d740086-m0,information_sampling,0.7500000000000002,0.7553383775640197
model_agnostic_replication_behavior-14eb72851d740086-m1,information_sampling,-0.6249999999999999,-1.2416323611478979
model_agnostic_replication_behavior-150c2afcd11dd9db-m0,foraging,-7.0,-3.379699492771307
model_agnostic_replication_behavior-150c2afcd11dd9db-m1,foraging,-5.875,-2.988217194691444
model_agnostic_replication_behavior-151ff4f6e453aa29-m0,debugging,-6.75,-3.230142118781675
model_agnostic_replication_behavior-151ff4f6e453aa29-m1,debugging,-5.125,-1.7482942993555919
model_agnostic_replication_behavior-153f6843c649512f-m0,foraging,-4.75,-6.47749793474785
model_agnostic_replication_behavior-153f6843c649512f-m1,foraging,0.0,-6.0860156366679865
model_agnostic_replication_behavior-15586adf66bb1a30-m0,foraging,-7.0,-5.030651724083949
model_agnostic_replication_behavior-15586adf66bb1a30-m1,foraging,-7.25,-4.639169426004086
model_agnostic_replication_behavior-159675032395db54-m0,waiting,1.625,-1.204836657620997
model_agnostic_replication_behavior-159675032395db54-m1,waiting,1.125,-1.2158111815214478
model_agnostic_replication_behavior-15a7e78dc1275515-m0,solvability,6.875,7.178656539789159
model_agnostic_replication_behavior-15a7e78dc1275515-m1,solvability,6.875,7.286654163680549
model_agnostic_replication_behavior-15b3fcd5f915f158-m0,debugging,-8.4375,-8.904245891495572
model_agnostic_replication_behavior-15b3fcd5f915f158-m1,debugging,-7.5,-7.422398072069489
model_agnostic_replication_behavior-15bc9bb5b3d2d805-m0,foraging,-7.0,-6.447057836953141
model_agnostic_replication_behavior-15bc9bb5b3d2d805-m1,foraging,-6.0,-6.055575538873278
model_agnostic_replication_behavior-15db9ba7c8b28363-m0,waiting,3.75,4.687801450636562
model_agnostic_replication_behavior-15db9ba7c8b28363-m1,waiting,4.375,4.676826926736112
model_agnostic_replication_behavior-15ee8f4cf39cf018-m0,effort,-5.625,-3.2891835017526123
model_agnostic_replication_behavior-15ee8f4cf39cf018-m1,effort,-5.25,-3.6388829659294055
model_agnostic_replication_behavior-15f6aedd3bd4eace-m0,effort,-6.125,-4.81041584725374
model_agnostic_replication_behavior-15f6aedd3bd4eace-m1,effort,-5.125,-5.160115311430532
model_agnostic_replication_behavior-15fbb074b2f4abda-m0,waiting,2.0,1.5850251119184164
model_agnostic_replication_behavior-15fbb074b2f4abda-m1,waiting,0.8750000000000001,1.5740505880179663
model_agnostic_replication_behavior-160021f7c560d795-m0,debugging,1.25,0.31031454886940324
model_agnostic_replication_behavior-160021f7c560d795-m1,debugging,3.125,1.7921623682954853
model_agnostic_replication_behavior-16106a4eef772409-m0,waiting,2.5,4.122455030866964
model_agnostic_replication_behavior-16106a4eef772409-m1,waiting,5.0,4.1114805069665135
model_agnostic_replication_behavior-1641727d9252d994-m0,foraging,-6.875,-7.082727049186477
model_agnostic_replication_behavior-1641727d9252d994-m1,foraging,-6.0,-6.691244751106614
model_agnostic_replication_behavior-1649848ed48a5223-m0,foraging,8.875,5.532605881938733
model_agnostic_replication_behavior-1649848ed48a5223-m1,foraging,7.25,5.924088180018597
model_agnostic_replication_behavior-1655839b73270fa0-m0,solvability,-8.5,-7.431128883373544
model_agnostic_replication_behavior-1655839b73270fa0-m1,solvability,-5.875,-7.323131259482155
model_agnostic_replication_behavior-16fba24bc1a53cd3-m0,effort,1.0,-0.19473020533738028
model_agnostic_replication_behavior-16fba24bc1a53cd3-m1,effort,2.0,-0.5444296695141735
model_agnostic_replication_behavior-16fc2f44eb9d0e07-m0,debugging,-4.375,-2.0973915170720305
model_agnostic_replication_behavior-16fc2f44eb9d0e07-m1,debugging,-0.5,-0.6155436976459481
model_agnostic_replication_behavior-17444bc2ccc2d6ac-m0,information_sampling,-1.875,-1.4885995469572362
model_agnostic_replication_behavior-17444bc2ccc2d6ac-m1,information_sampling,-3.75,-3.485570285669153
model_agnostic_replication_behavior-174541495df7879c-m0,foraging,-2.75,-2.922062861523621
model_agnostic_replication_behavior-174541495df7879c-m1,foraging,-2.125,-2.530580563443757
model_agnostic_replication_behavior-176c4eb47fb9df78-m0,bandit,-4.0,-2.462618518858418
model_agnostic_replication_behavior-176c4eb47fb9df78-m1,bandit,-2.25,-2.459155505996059
model_agnostic_replication_behavior-17848d5aed4042cc-m0,foraging,-3.375,-3.0021187061731416
model_agnostic_replication_behavior-17848d5aed4042cc-m1,foraging,0.7500000000000002,-2.6106364080932787
model_agnostic_replication_behavior-178dfa4c882e1bd7-m0,information_sampling,4.375,3.0302624438333843
model_agnostic_replication_behavior-178dfa4c882e1bd7-m1,information_sampling,3.25,1.0332917051214672
model_agnostic_replication_behavior-1827dac5786a8321-m0,information_sampling,3.5,1.2916649703410532
model_agnostic_replication_behavior-1827dac5786a8321-m1,information_sampling,0.125,-0.7053057683708652
model_agnostic_replication_behavior-18762ee26a1e6157-m0,information_sampling,-4.125,-1.0199687857909463
model_agnostic_replication_behavior-18762ee26a1e6157-m1,information_sampling,-6.125,-3.0169395245028636
model_agnostic_replication_behavior-189946aa60798f9e-m0,effort,2.25,-0.3667115793288136
model_agnostic_replication_behavior-189946aa60798f9e-m1,effort,2.625,-0.7164110435056068
model_agnostic_replication_behavior-18a23114fa6ad47a-m0,bandit,-7.625,-5.562581229636242
model_agnostic_replication_behavior-18a23114fa6ad47a-m1,bandit,-7.5,-5.559118216773884
model_agnostic_replication_behavior-18c026b1ee13b55a-m0,waiting,2.75,0.2839912931986715
model_agnostic_replication_behavior-18c026b1ee13b55a-m1,waiting,3.0,0.27301676929822116
model_agnostic_replication_behavior-18d005c34de11231-m0,debugging,-7.0,-7.845189787428839
model_agnostic_replication_behavior-18d005c34de11231-m1,debugging,-6.25,-6.363341968002756
model_agnostic_replication_behavior-18e0a1d50757454d-m0,effort,-4.0,-5.45315165871518
model_agnostic_replication_behavior-18e0a1d50757454d-m1,effort,-4.75,-5.8028511228919735
model_agnostic_replication_behavior-19027c25d45f801b-m0,foraging,-5.625,-6.71985237699754
model_agnostic_replication_behavior-19027c25d45f801b-m1,foraging,-4.875,-6.328370078917677
model_agnostic_replication_behavior-1905010b5aea7c55-m0,waiting,-2.625,-1.5897074031667617
model_agnostic_replication_behavior-1905010b5aea7c55-m1,waiting,-1.5,-1.6006819270672126
model_agnostic_replication_behavior-196a5bf0f0a9fc18-m0,debugging,0.0,3.0840928642601924
model_agnostic_replication_behavior-196a5bf0f0a9fc18-m1,debugging,3.375,4.565940683686275
model_agnostic_replication_behavior-197698cf6e2f0b52-m0,solvability,-7.875,-6.588267842516819
model_agnostic_replication_behavior-197698cf6e2f0b52-m1,solvability,-7.125,-6.48027021862543
model_agnostic_replication_behavior-199ffc3578095b0f-m0,debugging,-3.125,-1.550086885800216
model_agnostic_replication_behavior-199ffc3578095b0f-m1,debugging,-3.125,-0.06823906637413324
model_agnostic_replication_behavior-19b0fde0ec24f796-m0,solvability,7.625,2.8682162252179784
model_agnostic_replication_behavior-19b0fde0ec24f796-m1,solvability,6.875,2.976213849109367
model_agnostic_replication_behavior-19f6bfefcdd57284-m0,foraging,-3.625,-0.9984514794696244
model_agnostic_replication_behavior-19f6bfefcdd57284-m1,foraging,-4.0,-0.6069691813897612
model_agnostic_replication_behavior-1a07a1404fb72f5a-m0,bandit,0.125,-7.132165775889168
model_agnostic_replication_behavior-1a07a1404fb72f5a-m1,bandit,-0.36718749999999994,-7.128702763026809
model_agnostic_replication_behavior-1a4c3ca2f74827b3-m0,debugging,3.0,-0.9082686753242066
model_agnostic_replication_behavior-1a4c3ca2f74827b3-m1,debugging,4.625,0.573579144101876
model_agnostic_replication_behavior-1a5e1084ff750610-m0,information_sampling,4.875,4.595343390051545
model_agnostic_replication_behavior-1a5e1084ff750610-m1,information_sampling,3.0,2.598372651339627
model_agnostic_replication_behavior-1aae20b30857e147-m0,effort,6.5,5.323595314445287
model_agnostic_replication_behavior-1aae20b30857e147-m1,effort,4.125,4.973895850268494
model_agnostic_replication_behavior-1acd56a0fe40e4aa-m0,effort,-5.625,-5.563974308096792
model_agnostic_replication_behavior-1acd56a0fe40e4aa-m1,effort,-5.0,-5.913673772273585
model_agnostic_replication_behavior-1ad6a9cd608df066-m0,debugging,3.875,0.4750341762256871
model_agnostic_replication_behavior-1ad6a9cd608df066-m1,debugging,6.125,1.9568819956517698
model_agnostic_replication_behavior-1b081458a02515be-m0,solvability,-4.125,-3.654116789019788
model_agnostic_replication_behavior-1b081458a02515be-m1,solvability,-4.5,-3.5461191651283994
model_agnostic_replication_behavior-1b32582cd087cd77-m0,debugging,-9.1875,-5.590917588300684
model_agnostic_replication_behavior-1b32582cd087cd77-m1,debugging,-5.75,-4.109069768874601
model_agnostic_replication_behavior-1bac638296bff45c-m0,solvability,-5.0,-0.5188679476159455
model_agnostic_replication_behavior-1bac638296bff45c-m1,solvability,-5.0,-0.41087032372455745
model_agnostic_replication_behavior-1bb5b6523bf3343c-m0,foraging,-8.625,-11.46721682275716
model_agnostic_replication_behavior-1bb5b6523bf3343c-m1,foraging,-6.875,-11.0757345246773
model_agnostic_replication_behavior-1bcaa2b09bb0aa9d-m0,effort,-5.875,-4.1642623640638945
model_agnostic_replication_behavior-1bcaa2b09bb0aa9d-m1,effort,-5.75,-4.513961828240689
model_agnostic_replication_behavior-1c3ed8c18c457e34-m0,foraging,8.0,2.8304350619501735
model_agnostic_replication_behavior-1c3ed8c18c457e34-m1,foraging,5.625,3.221917360030037
model_agnostic_replication_behavior-1c8bde91b848cb71-m0,solvability,6.75,9.609080835070722
model_agnostic_replication_behavior-1c8bde91b848cb71-m1,solvability,5.25,9.717078458962112
model_agnostic_replication_behavior-1ca78c5e302ae9cb-m0,waiting,1.5000000000000002,2.46515612535482
model_agnostic_replication_behavior-1ca78c5e302ae9cb-m1,waiting,4.0,2.45418160145437
model_agnostic_replication_behavior-1cbf2cf61f5d2963-m0,effort,5.125,2.388348499352012
model_agnostic_replication_behavior-1cbf2cf61f5d2963-m1,effort,3.0,2.0386490351752187
model_agnostic_replication_behavior-1ceb9068824dab50-m0,information_sampling,4.25,4.982121635635461
model_agnostic_replication_behavior-1ceb9068824dab50-m1,information_sampling,3.0,2.9851508969235434
model_agnostic_replication_behavior-1d0074b0718a8fdd-m0,information_sampling,3.25,4.275785331123222
model_agnostic_replication_behavior-1d0074b0718a8fdd-m1,information_sampling,-0.12500000000000006,2.278814592411305
model_agnostic_replication_behavior-1d2d844cd486855b-m0,debugging,-5.125,-3.773729538614675
model_agnostic_replication_behavior-1d2d844cd486855b-m1,debugging,-3.0,-2.2918817191885923
model_agnostic_replication_behavior-1d51630b8e0283f8-m0,debugging,1.3750000000000002,0.7513998752499693
model_agnostic_replication_behavior-1d51630b8e0283f8-m1,debugging,3.5,2.233247694676052
model_agnostic_replication_behavior-1d58a58aeeb48a1f-m0,waiting,-0.7500000000000001,-2.109511435234683
model_agnostic_replication_behavior-1d58a58aeeb48a1f-m1,waiting,-0.7500000000000001,-2.120485959135133
model_agnostic_replication_behavior-1d5931a2a6e09703-m0,foraging,-2.125,-1.4990388874068
model_agnostic_replication_behavior-1d5931a2a6e09703-m1,foraging,-3.125,-1.1075565893269363
model_agnostic_replication_behavior-1d5a91ed00eabedb-m0,effort,4.5,1.2118679797347027
model_agnostic_replication_behavior-1d5a91ed00eabedb-m1,effort,3.75,0.8621685155579093
model_agnostic_replication_behavior-1d5aae418e416561-m0,information_sampling,5.375,4.137321041519032
model_agnostic_replication_behavior-1d5aae418e416561-m1,information_sampling,4.25,2.1403503028071142
model_agnostic_replication_behavior-1d9b6ca07da828b2-m0,information_sampling,5.375,6.410203735016493
model_agnostic_replication_behavior-1d9b6ca07da828b2-m1,information_sampling,3.75,4.4132329963045756
model_agnostic_replication_behavior-1dbdf3e261c7125b-m0,debugging,-2.5,-1.1392487865008714
model_agnostic_replication_behavior-1dbdf3e261c7125b-m1,debugging,-3.75,0.342599032925211
model_agnostic_replication_behavior-1dc1173eb070a673-m0,foraging,2.75,4.087554774876547
model_agnostic_replication_behavior-1dc1173eb070a673-m1,foraging,2.875,4.479037072956411
model_agnostic_replication_behavior-1dca92149cba94e6-m0,bandit,-8.25,-9.304823359349783
model_agnostic_replication_behavior-1dca92149cba94e6-m1,bandit,-9.0,-9.301360346487424
model_agnostic_replication_behavior-1de14e9b46638981-m0,information_sampling,5.625,6.456565219417884
model_agnostic_replication_behavior-1de14e9b46638981-m1,information_sampling,4.125,4.459594480705967
model_agnostic_replication_behavior-1dfdeb8278104d58-m0,bandit,-8.75,-7.576563969003601
model_agnostic_replication_behavior-1dfdeb8278104d58-m1,bandit,-8.0,-7.573100956141244
model_agnostic_replication_behavior-1e5afb43f8159fa4-m0,waiting,4.625,5.069789827727424
model_agnostic_replication_behavior-1e5afb43f8159fa4-m1,waiting,4.5,5.058815303826973
model_agnostic_replication_behavior-1e66097bdfeebc01-m0,effort,-5.875,-1.5848569883673094
model_agnostic_replication_behavior-1e66097bdfeebc01-m1,effort,-4.375,-1.9345564525441028
model_agnostic_replication_behavior-1e8104c36db013ae-m0,effort,5.75,5.93994930772825
model_agnostic_replication_behavior-1e8104c36db013ae-m1,effort,4.75,5.590249843551457
model_agnostic_replication_behavior-1e8a720a327753b1-m0,foraging,-6.875,-5.151838939581381
model_agnostic_replication_behavior-1e8a720a327753b1-m1,foraging,-5.875,-4.760356641501518
model_agnostic_replication_behavior-1ef59a0601725c30-m0,information_sampling,1.5000000000000002,4.070250073342305
model_agnostic_replication_behavior-1ef59a0601725c30-m1,information_sampling,-2.375,2.0732793346303877
model_agnostic_replication_behavior-1ef66aab7b6a5a42-m0,solvability,8.3125,9.605079221039983
model_agnostic_replication_behavior-1ef66aab7b6a5a42-m1,solvability,6.125,9.71307684493137
model_agnostic_replication_behavior-1f884fbb8ec917bd-m0,waiting,3.5,4.047240974154202
model_agnostic_replication_behavior-1f884fbb8ec917bd-m1,waiting,4.25,4.036266450253752
model_agnostic_replication_behavior-1f95b82ce366cfac-m0,information_sampling,3.0,1.2111340992719137
model_agnostic_replication_behavior-1f95b82ce366cfac-m1,information_sampling,-0.8750000000000002,-0.7858366394400034
model_agnostic_replication_behavior-1f9d8f3f012cfd7e-m0,foraging,-6.875,-7.336651350841258
model_agnostic_replication_behavior-1f9d8f3f012cfd7e-m1,foraging,-6.375,-6.945169052761395
model_agnostic_replication_behavior-1fa97a3e8e317010-m0,solvability,11.25,6.506683791377586
model_agnostic_replication_behavior-1fa97a3e8e317010-m1,solvability,9.5,6.614681415268974
model_agnostic_replication_behavior-1fd4a78bb0b3034b-m0,bandit,-9.0,-8.164733202899459
model_agnostic_replication_behavior-1fd4a78bb0b3034b-m1,bandit,-9.125,-8.1612701900371
model_agnostic_replication_behavior-1fd6c06875417407-m0,information_sampling,-1.5,-0.9289659983477958
model_agnostic_replication_behavior-1fd6c06875417407-m1,information_sampling,-3.375,-2.925936737059713
model_agnostic_replication_behavior-20366cb1453628c0-m0,solvability,-1.375,1.4745260283706556
model_agnostic_replication_behavior-20366cb1453628c0-m1,solvability,-2.0,1.582523652262044
model_agnostic_replication_behavior-20392ca1446374e9-m0,effort,7.0,4.710005862081299
model_agnostic_replication_behavior-20392ca1446374e9-m1,effort,5.375,4.360306397904505
model_agnostic_replication_behavior-2039949aa53eb667-m0,waiting,7.125,4.369020448625969
model_agnostic_replication_behavior-2039949aa53eb667-m1,waiting,7.125,4.358045924725519
model_agnostic_replication_behavior-20e265cfc8aa2792-m0,waiting,0.24999999999999992,1.5960337357426635
model_agnostic_replication_behavior-20e265cfc8aa2792-m1,waiting,1.8749999999999998,1.5850592118422129
model_agnostic_replication_behavior-20f3233e96f8f5d0-m0,bandit,0.05468749999999998,0.24823168208745283
model_agnostic_replication_behavior-20f3233e96f8f5d0-m1,bandit,-0.6484374999999999,0.2516946949498111
model_agnostic_replication_behavior-21620cbe4bc7a619-m0,solvability,9.1875,6.43746873643488
model_agnostic_replication_behavior-21620cbe4bc7a619-m1,solvability,7.375,6.545466360326268
model_agnostic_replication_behavior-2189646ac74dd3c6-m0,bandit,-8.75,-10.88295723305717
model_agnostic_replication_behavior-2189646ac74dd3c6-m1,bandit,-9.0,-10.87949422019481
model_agnostic_replication_behavior-219bfe28a41484e7-m0,debugging,-6.0,-5.490226902980398
model_agnostic_replication_behavior-219bfe28a41484e7-m1,debugging,-4.5,-4.008379083554315
model_agnostic_replication_behavior-21aeb70e58204e18-m0,bandit,12.875,12.967349771731278
model_agnostic_replication_behavior-21aeb70e58204e18-m1,bandit,8.125,12.970812784593637
model_agnostic_replication_behavior-21e5a7d625933c7f-m0,bandit,-0.6249999999999999,0.6442724124080188
model_agnostic_replication_behavior-21e5a7d625933c7f-m1,bandit,-3.875,0.6477354252703779
model_agnostic_replication_behavior-220dcc3acc18d9b1-m0,effort,-3.0,-2.6818978110500113
model_agnostic_replication_behavior-220dcc3acc18d9b1-m1,effort,-3.375,-3.0315972752268046
model_agnostic_replication_behavior-2212ee15b2da8a18-m0,bandit,10.1875,10.269348991285671
model_agnostic_replication_behavior-2212ee15b2da8a18-m1,bandit,7.5,10.272812004148031
model_agnostic_replication_behavior-223a6af4b3c71b1a-m0,solvability,-5.375,0.16520461339299497
model_agnostic_replication_behavior-223a6af4b3c71b1a-m1,solvability,-3.25,0.27320223728438364
model_agnostic_replication_behavior-2270e5a827cd6037-m0,foraging,-6.125,-4.053169733262059
model_agnostic_replication_behavior-2270e5a827cd6037-m1,foraging,-5.625,-3.661687435182195
model_agnostic_replication_behavior-22bcc9fd91019e1d-m0,waiting,5.5,6.50444034454215
model_agnostic_replication_behavior-22bcc9fd91019e1d-m1,waiting,6.25,6.493465820641699
model_agnostic_replication_behavior-22d2a7152d0c93f0-m0,solvability,4.5,-0.4896150599183535
model_agnostic_replication_behavior-22d2a7152d0c93f0-m1,solvability,4.25,-0.3816174360269651
model_agnostic_replication_behavior-22fd3e7103175c25-m0,debugging,-6.125,-5.419109675114241
model_agnostic_replication_behavior-22fd3e7103175c25-m1,debugging,-4.625,-3.937261855688158
model_agnostic_replication_behavior-230c8ab66d78d959-m0,information_sampling,5.625,3.2770413708124146
model_agnostic_replication_behavior-230c8ab66d78d959-m1,information_sampling,1.8749999999999998,1.280070632100497
model_agnostic_replication_behavior-230eb2565e157697-m0,debugging,-6.5,-5.5710210857755476
model_agnostic_replication_behavior-230eb2565e157697-m1,debugging,-3.625,-4.089173266349465
model_agnostic_replication_behavior-234fbb3342894de6-m0,foraging,5.125,2.389272836744878
model_agnostic_replication_behavior-234fbb3342894de6-m1,foraging,4.375,2.7807551348247412
model_agnostic_replication_behavior-23b4d83317cf9ace-m0,information_sampling,5.0,5.182668811712104
model_agnostic_replication_behavior-23b4d83317cf9ace-m1,information_sampling,4.25,3.1856980730001867
model_agnostic_replication_behavior-23bd78873456759f-m0,information_sampling,-0.43749999999999994,1.914358384272342
model_agnostic_replication_behavior-23bd78873456759f-m1,information_sampling,0.45312500000000006,-0.08261235443957526
model_agnostic_replication_behavior-23f7858bf310652e-m0,waiting,8.625,8.999743775397448
model_agnostic_replication_behavior-23f7858bf310652e-m1,waiting,8.375,8.988769251496997
model_agnostic_replication_behavior-2425a583606f6355-m0,waiting,8.625,7.503060904314579
model_agnostic_replication_behavior-2425a583606f6355-m1,waiting,8.0,7.492086380414128
model_agnostic_replication_behavior-2489c1411cfa00c8-m0,information_sampling,2.625,2.28118315540935
model_agnostic_replication_behavior-2489c1411cfa00c8-m1,information_sampling,-3.75,0.28421241669743225
model_agnostic_replication_behavior-248aa339c21cd181-m0,waiting,1.0468750000000002,5.333580407808297
model_agnostic_replication_behavior-248aa339c21cd181-m1,waiting,-0.5234374999999999,5.322605883907847
model_agnostic_replication_behavior-248ceb9b361bc830-m0,bandit,-12.3125,-9.985952262511534
model_agnostic_replication_behavior-248ceb9b361bc830-m1,bandit,-10.625,-9.982489249649174
model_agnostic_replication_behavior-24aeb433b08609bd-m0,foraging,2.75,0.9979486870239098
model_agnostic_replication_behavior-24aeb433b08609bd-m1,foraging,3.125,1.3894309851037732
model_agnostic_replication_behavior-24d93fd6baf667cb-m0,information_sampling,-2.25,-0.3275111133269384
model_agnostic_replication_behavior-24d93fd6baf667cb-m1,information_sampling,-3.5,-2.3244818520388555
model_agnostic_replication_behavior-24f51ceafbff51f2-m0,effort,-2.25,-1.0995402168718944
model_agnostic_replication_behavior-24f51ceafbff51f2-m1,effort,-2.5,-1.4492396810486876
model_agnostic_replication_behavior-24f9f8313aa0ece3-m0,waiting,8.625,5.804521004410675
model_agnostic_replication_behavior-24f9f8313aa0ece3-m1,waiting,7.5,5.793546480510225
model_agnostic_replication_behavior-24fcc8fa9baac468-m0,waiting,-4.125,-1.8560282216606323
model_agnostic_replication_behavior-24fcc8fa9baac468-m1,waiting,-4.5,-1.8670027455610825
model_agnostic_replication_behavior-252b47d506849edf-m0,waiting,0.37499999999999994,-1.2879055908984292
model_agnostic_replication_behavior-252b47d506849edf-m1,waiting,0.0,-1.2988801147988795
model_agnostic_replication_behavior-253670869b6c84e6-m0,debugging,-2.125,0.883737795762858
model_agnostic_replication_behavior-253670869b6c84e6-m1,debugging,2.25,2.365585615188941
model_agnostic_replication_behavior-253db232a41a509b-m0,solvability,-5.625,-5.504062635735719
model_agnostic_replication_behavior-253db232a41a509b-m1,solvability,-4.875,-5.396065011844332
model_agnostic_replication_behavior-25c4f1f9c14e23af-m0,effort,5.5,5.723620334460666
model_agnostic_replication_behavior-25c4f1f9c14e23af-m1,effort,3.875,5.3739208702838726
model_agnostic_replication_behavior-264ceae46565e8aa-m0,solvability,-5.0,0.5679702499194295
model_agnostic_replication_behavior-264ceae46565e8aa-m1,solvability,-4.0,0.6759678738108177
model_agnostic_replication_behavior-26576e9ebf7368f0-m0,effort,-2.875,-2.1168284045776256
model_agnostic_replication_behavior-26576e9ebf7368f0-m1,effort,-3.5,-2.466527868754419
model_agnostic_replication_behavior-2699935cd9fe2203-m0,waiting,2.875,1.4334370485385075
model_agnostic_replication_behavior-2699935cd9fe2203-m1,waiting,3.0,1.4224625246380571
model_agnostic_replication_behavior-26b4a96d6c3b42e3-m0,debugging,-4.625,-1.8977311030929422
model_agnostic_replication_behavior-26b4a96d6c3b42e3-m1,debugging,-3.875,-0.4158832836668598
model_agnostic_replication_behavior-270b65656a02a9aa-m0,waiting,2.125,0.8658858615583853
model_agnostic_replication_behavior-270b65656a02a9aa-m1,waiting,1.5000000000000002,0.8549113376579351
model_agnostic_replication_behavior-272ca08028e479cb-m0,solvability,12.0,11.945465344982127
model_agnostic_replication_behavior-272ca08028e479cb-m1,solvability,12.25,12.053462968873516
model_agnostic_replication_behavior-2764b2f4fcf7ed0b-m0,solvability,-4.5,0.08728480310794207
model_agnostic_replication_behavior-2764b2f4fcf7ed0b-m1,solvability,-2.875,0.19528242699933096
model_agnostic_replication_behavior-2768884a0f1c8979-m0,bandit,6.5,1.3533586784258724
model_agnostic_replication_behavior-2768884a0f1c8979-m1,bandit,3.25,1.356821691288231
model_agnostic_replication_behavior-27a131bd319a1f1e-m0,waiting,3.625,2.397436411392583
model_agnostic_replication_behavior-27a131bd319a1f1e-m1,waiting,3.625,2.386461887492133
model_agnostic_replication_behavior-28013a07f13bfc32-m0,foraging,-2.5,0.875775450522331
model_agnostic_replication_behavior-28013a07f13bfc32-m1,foraging,-4.25,1.267257748602195
model_agnostic_replication_behavior-281952f98366b59e-m0,waiting,-3.0,-1.2717824035223153
model_agnostic_replication_behavior-281952f98366b59e-m1,waiting,-1.375,-1.2827569274227655
model_agnostic_replication_behavior-2862bdc45eb6d24d-m0,solvability,10.0,7.0362644673107315
model_agnostic_replication_behavior-2862bdc45eb6d24d-m1,solvability,8.9375,7.144262091202121
model_agnostic_replication_behavior-28715e418e56a469-m0,solvability,-7.0,-3.6388769541955095
model_agnostic_replication_behavior-28715e418e56a469-m1,solvability,-5.875,-3.530879330304121
model_agnostic_replication_behavior-28daaa846d4f852a-m0,foraging,-9.375,-2.006640378985473
model_agnostic_replication_behavior-28daaa846d4f852a-m1,foraging,-8.25,-1.6151580809056096
model_agnostic_replication_behavior-28e1ca6f0fd761a4-m0,foraging,-4.25,-4.829748624262571
model_agnostic_replication_behavior-28e1ca6f0fd761a4-m1,foraging,-3.625,-4.438266326182708
model_agnostic_replication_behavior-28ec801d5c018dd4-m0,foraging,-1.875,-0.08522560538507018
model_agnostic_replication_behavior-28ec801d5c018dd4-m1,foraging,-1.25,0.3062566926947936
model_agnostic_replication_behavior-28ed4f948cf4119d-m0,information_sampling,-0.9843750000000002,4.641797973477668
model_agnostic_replication_behavior-28ed4f948cf4119d-m1,information_sampling,1.3750000000000002,2.6448272347657498
model_agnostic_replication_behavior-28ef00a2b5b3cf6f-m0,solvability,-10.25,-5.411759683449244
model_agnostic_replication_behavior-28ef00a2b5b3cf6f-m1,solvability,-9.375,-5.3037620595578545
model_agnostic_replication_behavior-29121b3f21ef53a0-m0,effort,4.125,3.711959620159691
model_agnostic_replication_behavior-29121b3f21ef53a0-m1,effort,4.25,3.3622601559828977
model_agnostic_replication_behavior-292e1ea1438b4350-m0,debugging,-0.046874999999999965,-1.6042399061705426
model_agnostic_replication_behavior-292e1ea1438b4350-m1,debugging,-1.15625,-0.12239208674446006
model_agnostic_replication_behavior-293b91fc8c9f730b-m0,waiting,4.875,3.206771629429031
model_agnostic_replication_behavior-293b91fc8c9f730b-m1,waiting,5.75,3.1957971055285808
model_agnostic_replication_behavior-295fccabb249ffb9-m0,waiting,-1.125,0.21057843720153113
model_agnostic_replication_behavior-295fccabb249ffb9-m1,waiting,-0.6249999999999999,0.19960391330108074
model_agnostic_replication_behavior-2a093e5dd9ec8011-m0,effort,-5.75,-6.067340630480699
model_agnostic_replication_behavior-2a093e5dd9ec8011-m1,effort,-5.75,-6.417040094657493
model_agnostic_replication_behavior-2a16bf103e5fba63-m0,debugging,-1.7499999999999998,-2.0093915605143025
model_agnostic_replication_behavior-2a16bf103e5fba63-m1,debugging,-0.8750000000000002,-0.5275437410882201
model_agnostic_replication_behavior-2a3574e5c495b06d-m0,effort,-2.25,-0.9052125755058931
model_agnostic_replication_behavior-2a3574e5c495b06d-m1,effort,-3.125,-1.2549120396826863
model_agnostic_replication_behavior-2a5af74f33f7730c-m0,debugging,-1.5,-2.28584347061099
model_agnostic_replication_behavior-2a5af74f33f7730c-m1,debugging,4.0,-0.8039956511849071
model_agnostic_replication_behavior-2a9e2043d06dff1c-m0,solvability,6.5,2.8800690784407386
model_agnostic_replication_behavior-2a9e2043d06dff1c-m1,solvability,5.625,2.9880667023321266
model_agnostic_replication_behavior-2aa2c040f767ac07-m0,bandit,-14.46875,-14.295243492577507
model_agnostic_replication_behavior-2aa2c040f767ac07-m1,bandit,-12.1875,-14.291780479715149
model_agnostic_replication_behavior-2aa8397dfb20ffaf-m0,bandit,-5.125,-4.648103741352061
model_agnostic_replication_behavior-2aa8397dfb20ffaf-m1,bandit,-5.75,-4.644640728489702
model_agnostic_replication_behavior-2aba4fe55422de36-m0,debugging,-1.7499999999999998,-2.6706892780701907
model_agnostic_replication_behavior-2aba4fe55422de36-m1,debugging,2.125,-1.1888414586441083
model_agnostic_replication_behavior-2abc4d9bccf438dc-m0,waiting,7.0,5.275275601432091
model_agnostic_replication_behavior-2abc4d9bccf438dc-m1,waiting,7.125,5.264301077531641
model_agnostic_replication_behavior-2aeff75df03557d8-m0,waiting,3.625,1.7749674305706848
model_agnostic_replication_behavior-2aeff75df03557d8-m1,waiting,4.5,1.7639929066702345
model_agnostic_replication_behavior-2afb5bc6eae83d18-m0,bandit,-14.6875,-16.145409630646846
model_agnostic_replication_behavior-2afb5bc6eae83d18-m1,bandit,-11.9375,-16.141946617784487
model_agnostic_replication_behavior-2afdfc095ddc8a2a-m0,waiting,8.0,8.739578509267862
model_agnostic_replication_behavior-2afdfc095ddc8a2a-m1,waiting,8.25,8.72860398536741
model_agnostic_replication_behavior-2bda1916c817aaa0-m0,effort,-3.5,-0.3697106183717922
model_agnostic_replication_behavior-2bda1916c817aaa0-m1,effort,-3.875,-0.7194100825485854
model_agnostic_replication_behavior-2c01864fe0b94c92-m0,waiting,-0.37499999999999994,0.9980470511104874
model_agnostic_replication_behavior-2c01864fe0b94c92-m1,waiting,-0.5,0.987072527210037
model_agnostic_replication_behavior-2c21e9f1bd85962d-m0,effort,3.5,2.2266933184031514
model_agnostic_replication_behavior-2c21e9f1bd85962d-m1,effort,3.875,1.8769938542263582
model_agnostic_replication_behavior-2c26de6566a9e1ac-m0,bandit,-4.625,-4.112095997069296
model_agnostic_replication_behavior-2c26de6566a9e1ac-m1,bandit,-5.625,-4.1086329842069365
model_agnostic_replication_behavior-2c57b5d186ae0a71-m0,foraging,2.875,0.9973211334754135
model_agnostic_replication_behavior-2c57b5d186ae0a71-m1,foraging,3.25,1.3888034315552773
model_agnostic_replication_behavior-2c5e3fd0a27647f9-m0,debugging,-5.875,-2.268286316923148
model_agnostic_replication_behavior-2c5e3fd0a27647f9-m1,debugging,-2.625,-0.7864384974970651
model_agnostic_replication_behavior-2c5ff4528f913746-m0,foraging,1.625,1.3938158858841851
model_agnostic_replication_behavior-2c5ff4528f913746-m1,foraging,1.3750000000000002,1.7852981839640485
model_agnostic_replication_behavior-2c9dff8ccc665424-m0,effort,-4.125,-3.6662692568390423
model_agnostic_replication_behavior-2c9dff8ccc665424-m1,effort,-3.75,-4.015968721015836
model_agnostic_replication_behavior-2cbc0ab24e87c14f-m0,solvability,-8.3125,-6.622603707142057
model_agnostic_replication_behavior-2cbc0ab24e87c14f-m1,solvability,-6.375,-6.514606083250667
model_agnostic_replication_behavior-2cda2838f5cc7ecc-m0,effort,2.75,1.5884149838036334
model_agnostic_replication_behavior-2cda2838f5cc7ecc-m1,effort,1.625,1.2387155196268402
model_agnostic_replication_behavior-2cf1d3ce817afe61-m0,information_sampling,2.25,3.4264057807500015
model_agnostic_replication_behavior-2cf1d3ce817afe61-m1,information_sampling,0.625,1.4294350420380835
model_agnostic_replication_behavior-2d6e1136e4873d9f-m0,debugging,-3.25,-1.6322695871157011
model_agnostic_replication_behavior-2d6e1136e4873d9f-m1,debugging,1.3750000000000002,-0.15042176768961846
model_agnostic_replication_behavior-2e16fef3f9938466-m0,bandit,7.875,1.719751587891618
model_agnostic_replication_behavior-2e16fef3f9938466-m1,bandit,7.25,1.7232146007539773
model_agnostic_replication_behavior-2e226d5b08a3eee6-m0,bandit,6.875,2.517177370501927
model_agnostic_replication_behavior-2e226d5b08a3eee6-m1,bandit,5.625,2.5206403833642863
model_agnostic_replication_behavior-2e5b51c2360f80f9-m0,waiting,3.375,2.8789748542816853
model_agnostic_replication_behavior-2e5b51c2360f80f9-m1,waiting,2.625,2.868000330381235
model_agnostic_replication_behavior-2e9dce6bfdb4f9cf-m0,solvability,7.125,5.889826244373321
model_agnostic_replication_behavior-2e9dce6bfdb4f9cf-m1,solvability,6.125,5.9978238682647085
model_agnostic_replication_behavior-2eb53f9af7d0e765-m0,debugging,-6.5,-4.641157144202662
model_agnostic_replication_behavior-2eb53f9af7d0e765-m1,debugging,-4.625,-3.1593093247765793
model_agnostic_replication_behavior-2ee332d2e1c284d3-m0,bandit,11.75,7.987039421347656
model_agnostic_replication_behavior-2ee332d2e1c284d3-m1,bandit,9.75,7.990502434210015
model_agnostic_replication_behavior-2f02e564f8edc5b2-m0,waiting,9.375,9.149301210559274
model_agnostic_replication_behavior-2f02e564f8edc5b2-m1,waiting,9.0,9.138326686658823
model_agnostic_replication_behavior-2f21eeba3fe77b5d-m0,debugging,-6.375,-3.445552650802898
model_agnostic_replication_behavior-2f21eeba3fe77b5d-m1,debugging,-4.375,-1.9637048313768153
model_agnostic_replication_behavior-2f26850815a35fc8-m0,bandit,12.75,11.411789570555385
model_agnostic_replication_behavior-2f26850815a35fc8-m1,bandit,10.4375,11.415252583417743
model_agnostic_replication_behavior-2f3084e147e32f4b-m0,effort,-3.25,-3.6526765022172487
model_agnostic_replication_behavior-2f3084e147e32f4b-m1,effort,-2.875,-4.002375966394042
model_agnostic_replication_behavior-2f7a1051379aa91c-m0,solvability,-3.375,0.25954917466321625
model_agnostic_replication_behavior-2f7a1051379aa91c-m1,solvability,-2.75,0.3675467985546047
model_agnostic_replication_behavior-2fc78efb8492c9f6-m0,information_sampling,-2.125,-0.2759496893248712
model_agnostic_replication_behavior-2fc78efb8492c9f6-m1,information_sampling,-4.875,-2.2729204280367883
model_agnostic_replication_behavior-2fd51e0ef430bf2d-m0,information_sampling,3.875,1.609957477390057
model_agnostic_replication_behavior-2fd51e0ef430bf2d-m1,information_sampling,0.37499999999999994,-0.38701326132186065
model_agnostic_replication_behavior-2fe2f26c4691beb8-m0,bandit,-3.625,-1.026680493834408
model_agnostic_replication_behavior-2fe2f26c4691beb8-m1,bandit,-3.625,-1.0232174809720491
model_agnostic_replication_behavior-2feab7cb131d997b-m0,effort,-3.25,-3.635661094997972
model_agnostic_replication_behavior-2feab7cb131d997b-m1,effort,-3.5,-3.9853605591747656
model_agnostic_replication_behavior-2ff3cb13aa1a962a-m0,bandit,0.734375,-1.5912201324767348
model_agnostic_replication_behavior-2ff3cb13aa1a962a-m1,bandit,-0.6249999999999999,-1.5877571196143758
model_agnostic_replication_behavior-3020fbe466715153-m0,bandit,5.125,4.04063328735395
model_agnostic_replication_behavior-3020fbe466715153-m1,bandit,4.375,4.044096300216309
model_agnostic_replication_behavior-3060013985ac5deb-m0,effort,6.125,3.0499430949783015
model_agnostic_replication_behavior-3060013985ac5deb-m1,effort,5.125,2.700243630801508
model_agnostic_replication_behavior-30aabd7fbd883e12-m0,foraging,-7.75,-8.365992817969083
model_agnostic_replication_behavior-30aabd7fbd883e12-m1,foraging,-5.375,-7.97451051988922
model_agnostic_replication_behavior-30c7c0d958a92813-m0,bandit,-5.125,1.3675913102977226
model_agnostic_replication_behavior-30c7c0d958a92813-m1,bandit,-2.0,1.3710543231600814
model_agnostic_replication_behavior-30e2ef843e2346d7-m0,information_sampling,3.125,1.8561084965094339
model_agnostic_replication_behavior-30e2ef843e2346d7-m1,information_sampling,1.3750000000000002,-0.14086224220248345
model_agnostic_replication_behavior-3106ef35910d12f0-m0,debugging,3.0,0.8059630571170104
model_agnostic_replication_behavior-3106ef35910d12f0-m1,debugging,-4.25,2.2878108765430927
model_agnostic_replication_behavior-312edf261bf7687a-m0,foraging,-5.75,-3.1134229949493992
model_agnostic_replication_behavior-312edf261bf7687a-m1,foraging,-4.0,-2.721940696869536
model_agnostic_replication_behavior-314248a5d3ebbf82-m0,solvability,12.5625,10.273000803635163
model_agnostic_replication_behavior-314248a5d3ebbf82-m1,solvability,11.6875,10.380998427526553
model_agnostic_replication_behavior-31b1d290a8b79d86-m0,solvability,8.4375,4.091682431057729
model_agnostic_replication_behavior-31b1d290a8b79d86-m1,solvability,7.625,4.199680054949116
model_agnostic_replication_behavior-31b3c57c79c11340-m0,bandit,10.4375,8.010342059283271
model_agnostic_replication_behavior-31b3c57c79c11340-m1,bandit,9.25,8.01380507214563
model_agnostic_replication_behavior-31b4ed647c54a91f-m0,bandit,9.0,6.091764551608296
model_agnostic_replication_behavior-31b4ed647c54a91f-m1,bandit,7.0,6.095227564470654
model_agnostic_replication_behavior-31bc9f65b0d3b13b-m0,debugging,-7.75,-7.127103624820788
model_agnostic_replication_behavior-31bc9f65b0d3b13b-m1,debugging,-6.125,-5.645255805394706
model_agnostic_replication_behavior-31fc704bc45f8259-m0,debugging,-4.25,-3.5294264913236377
model_agnostic_replication_behavior-31fc704bc45f8259-m1,debugging,-1.5,-2.0475786718975546
model_agnostic_replication_behavior-32019cbe9d2af2c7-m0,effort,-2.875,-1.521050496902383
model_agnostic_replication_behavior-32019cbe9d2af2c7-m1,effort,-3.75,-1.8707499610791762
model_agnostic_replication_behavior-32166c073db17ba2-m0,information_sampling,-0.5,0.5545073005589936
model_agnostic_replication_behavior-32166c073db17ba2-m1,information_sampling,-3.625,-1.4424634381529238
model_agnostic_replication_behavior-32204b629e130534-m0,waiting,-1.7499999999999998,-1.20711350389079
model_agnostic_replication_behavior-32204b629e130534-m1,waiting,-1.25,-1.2180880277912416
model_agnostic_replication_behavior-3227831cea0aaea5-m0,effort,-4.5,-4.305543046334339
model_agnostic_replication_behavior-3227831cea0aaea5-m1,effort,-3.75,-4.655242510511132
model_agnostic_replication_behavior-325a58838a519821-m0,solvability,-8.375,-8.296976592291543
model_agnostic_replication_behavior-325a58838a519821-m1,solvability,-6.5,-8.188978968400153
model_agnostic_replication_behavior-32652937ee81c79b-m0,foraging,-0.7500000000000001,4.093395824680689
model_agnostic_replication_behavior-32652937ee81c79b-m1,foraging,-2.125,4.484878122760552
model_agnostic_replication_behavior-329cde008f3595c1-m0,effort,-5.5,-5.286787840869621
model_agnostic_replication_behavior-329cde008f3595c1-m1,effort,-6.0,-5.636487305046415
model_agnostic_replication_behavior-32aff6eac214317b-m0,solvability,2.75,0.024332960322458463
model_agnostic_replication_behavior-32aff6eac214317b-m1,solvability,1.625,0.1323305842138469
model_agnostic_replication_behavior-32e3d4237315b80c-m0,waiting,0.7500000000000002,1.6645856046074008
model_agnostic_replication_behavior-32e3d4237315b80c-m1,waiting,4.0,1.6536110807069506
model_agnostic_replication_behavior-32f1d31e83c1f6d4-m0,foraging,-2.375,-2.4075221056509575
model_agnostic_replication_behavior-32f1d31e83c1f6d4-m1,foraging,-0.5,-2.0160398075710946
model_agnostic_replication_behavior-32f414fb1bc864e7-m0,bandit,13.875,9.118756654555707
model_agnostic_replication_behavior-32f414fb1bc864e7-m1,bandit,10.6875,9.122219667418065
model_agnostic_replication_behavior-3378cbde33bbf401-m0,solvability,-2.75,-1.263916939013423
model_agnostic_replication_behavior-3378cbde33bbf401-m1,solvability,0.5,-1.1559193151220346
model_agnostic_replication_behavior-338e34d8fb1f3e5e-m0,debugging,-4.875,-1.9978905271597946
model_agnostic_replication_behavior-338e34d8fb1f3e5e-m1,debugging,-3.0,-0.5160427077337117
model_agnostic_replication_behavior-33d33991ef25818e-m0,information_sampling,4.375,4.313300955016283
model_agnostic_replication_behavior-33d33991ef25818e-m1,information_sampling,4.0,2.3163302163043635
model_agnostic_replication_behavior-33e3a9424dc4d0eb-m0,waiting,3.625,1.984327653904483
model_agnostic_replication_behavior-33e3a9424dc4d0eb-m1,waiting,4.875,1.9733531300040323
model_agnostic_replication_behavior-33e6758a7689ad1b-m0,bandit,-6.125,-6.24232859923998
model_agnostic_replication_behavior-33e6758a7689ad1b-m1,bandit,-6.125,-6.238865586377621
model_agnostic_replication_behavior-33f7e382ee70c03a-m0,foraging,9.875,6.416899255363903
model_agnostic_replication_behavior-33f7e382ee70c03a-m1,foraging,8.25,6.808381553443767
model_agnostic_replication_behavior-3417497abe181e00-m0,foraging,-6.875,-5.28859478482082
model_agnostic_replication_behavior-3417497abe181e00-m1,foraging,-5.625,-4.897112486740957
model_agnostic_replication_behavior-34657ac0a87412d3-m0,waiting,-1.7499999999999998,0.17989403034873863
model_agnostic_replication_behavior-34657ac0a87412d3-m1,waiting,-1.375,0.16891950644828835
model_agnostic_replication_behavior-346c4a2e93eb4511-m0,foraging,1.75,-0.7089279029906097
model_agnostic_replication_behavior-346c4a2e93eb4511-m1,foraging,2.875,-0.3174456049107459
model_agnostic_replication_behavior-346ca124a92b6ca1-m0,bandit,-6.875,-8.983017530318161
model_agnostic_replication_behavior-346ca124a92b6ca1-m1,bandit,-7.25,-8.979554517455803
model_agnostic_replication_behavior-347876a4b4751de2-m0,information_sampling,5.125,5.963551265143476
model_agnostic_replication_behavior-347876a4b4751de2-m1,information_sampling,2.625,3.966580526431559
model_agnostic_replication_behavior-347f0a0457cbd410-m0,debugging,-7.75,-7.7540513385123955
model_agnostic_replication_behavior-347f0a0457cbd410-m1,debugging,-5.375,-6.272203519086313
model_agnostic_replication_behavior-34a990226981f294-m0,waiting,-1.7499999999999998,1.5436126803121393
model_agnostic_replication_behavior-34a990226981f294-m1,waiting,-2.625,1.532638156411689
model_agnostic_replication_behavior-34b332777d67dc52-m0,debugging,4.0,1.4253588818419314
model_agnostic_replication_behavior-34b332777d67dc52-m1,debugging,4.625,2.907206701268014
model_agnostic_replication_behavior-34baa2779e183111-m0,information_sampling,5.25,5.051464700934698
model_agnostic_replication_behavior-34baa2779e183111-m1,information_sampling,3.5,3.054493962222781
model_agnostic_replication_behavior-34c616819a854651-m0,foraging,7.0,4.902353005378737
model_agnostic_replication_behavior-34c616819a854651-m1,foraging,6.0,5.2938353034586
model_agnostic_replication_behavior-34c970faac204d64-m0,effort,4.25,5.807095860970576
model_agnostic_replication_behavior-34c970faac204d64-m1,effort,4.125,5.457396396793782
model_agnostic_replication_behavior-34ec5616f6136c52-m0,foraging,-6.25,-4.123091659541373
model_agnostic_replication_behavior-34ec5616f6136c52-m1,foraging,-5.875,-3.73160936146151
model_agnostic_replication_behavior-350ae2da019adadd-m0,foraging,4.125,4.689897809563194
model_agnostic_replication_behavior-350ae2da019adadd-m1,foraging,2.0,5.081380107643057
model_agnostic_replication_behavior-35b8f420f672cb43-m0,bandit,-4.0,1.5833891100043658
model_agnostic_replication_behavior-35b8f420f672cb43-m1,bandit,-4.5,1.586852122866725
model_agnostic_replication_behavior-35d31dbda2ad98d6-m0,bandit,3.0,3.582879035143363
model_agnostic_replication_behavior-35d31dbda2ad98d6-m1,bandit,5.5,3.5863420480057213
model_agnostic_replication_behavior-35f0d4b438098135-m0,effort,-6.0,-3.072011684610054
model_agnostic_replication_behavior-35f0d4b438098135-m1,effort,-6.0,-3.421711148786847
model_agnostic_replication_behavior-360727f4b585154e-m0,waiting,3.625,3.0075373130789957
model_agnostic_replication_behavior-360727f4b585154e-m1,waiting,5.0,2.9965627891785456
model_agnostic_replication_behavior-363bd9ae88cb6482-m0,debugging,-8.5625,-9.77007267488588
model_agnostic_replication_behavior-363bd9ae88cb6482-m1,debugging,-8.25,-8.288224855459797
model_agnostic_replication_behavior-368020fb45e0fce1-m0,solvability,0.0,-2.1383373755016404
model_agnostic_replication_behavior-368020fb45e0fce1-m1,solvability,-0.8203125000000002,-2.0303397516102515
model_agnostic_replication_behavior-36807433cfec4567-m0,effort,3.125,2.667656364850132
model_agnostic_replication_behavior-36807433cfec4567-m1,effort,1.75,2.3179569006733383
model_agnostic_replication_behavior-368994e9f5ea14e9-m0,foraging,5.875,0.40452974403887665
model_agnostic_replication_behavior-368994e9f5ea14e9-m1,foraging,4.5,0.7960120421187404
model_agnostic_replication_behavior-369306a735ff1e4c-m0,information_sampling,5.375,3.709584455856727
model_agnostic_replication_behavior-369306a735ff1e4c-m1,information_sampling,1.25,1.71261371714481
model_agnostic_replication_behavior-3699d110a9abbb01-m0,bandit,-6.125,-5.337415374691824
model_agnostic_replication_behavior-3699d110a9abbb01-m1,bandit,-8.625,-5.333952361829465
model_agnostic_replication_behavior-36be1168ae25d425-m0,foraging,-2.75,-0.23984337240030795
model_agnostic_replication_behavior-36be1168ae25d425-m1,foraging,-3.875,0.1516389256795555
model_agnostic_replication_behavior-36dd3f915d6c0798-m0,information_sampling,-4.125,-1.3503232907434652
model_agnostic_replication_behavior-36dd3f915d6c0798-m1,information_sampling,-6.25,-3.347294029455383
model_agnostic_replication_behavior-36f6ca53e4ebdd76-m0,solvability,7.875,7.32812965500279
model_agnostic_replication_behavior-36f6ca53e4ebdd76-m1,solvability,7.75,7.436127278894178
model_agnostic_replication_behavior-37125ef1736ba0ac-m0,foraging,3.25,-0.673714252304344
model_agnostic_replication_behavior-37125ef1736ba0ac-m1,foraging,2.875,-0.28223195422448066
model_agnostic_replication_behavior-3713b6a9184e4b46-m0,debugging,-2.5,-1.1985649422630615
model_agnostic_replication_behavior-3713b6a9184e4b46-m1,debugging,-1.625,0.28328287716302114
model_agnostic_replication_behavior-371d5a5c51cfeaa7-m0,effort,-3.0,-1.2671678009097762
model_agnostic_replication_behavior-371d5a5c51cfeaa7-m1,effort,-3.875,-1.6168672650865696
model_agnostic_replication_behavior-37232894c21103a7-m0,debugging,4.875,0.4763805892598366
model_agnostic_replication_behavior-37232894c21103a7-m1,debugging,6.5,1.9582284086859187
model_agnostic_replication_behavior-373e938e7cce88b4-m0,bandit,-13.875,-13.911470237506524
model_agnostic_replication_behavior-373e938e7cce88b4-m1,bandit,-10.0625,-13.908007224644166
model_agnostic_replication_behavior-3761c0f0d1fd4f46-m0,information_sampling,1.5000000000000002,2.8303325206165515
model_agnostic_replication_behavior-3761c0f0d1fd4f46-m1,information_sampling,-0.12500000000000006,0.8333617819046344
model_agnostic_replication_behavior-37975376e280141e-m0,waiting,0.125,1.8979396810971478
model_agnostic_replication_behavior-37975376e280141e-m1,waiting,0.0,1.8869651571966974
model_agnostic_replication_behavior-37bd1ec8f9bcd92e-m0,debugging,-10.0,-8.428277479841473
model_agnostic_replication_behavior-37bd1ec8f9bcd92e-m1,debugging,-7.125,-6.946429660415391
model_agnostic_replication_behavior-3808bd01a40d613b-m0,foraging,-3.75,-3.028415293905984
model_agnostic_replication_behavior-3808bd01a40d613b-m1,foraging,-3.25,-2.636932995826121
model_agnostic_replication_behavior-38123c42805a1a47-m0,solvability,0.4062499999999999,4.877836692085944
model_agnostic_replication_behavior-38123c42805a1a47-m1,solvability,1.359375,4.985834315977334
model_agnostic_replication_behavior-3819b613dac8b124-m0,foraging,-6.125,-3.1409750742959153
model_agnostic_replication_behavior-3819b613dac8b124-m1,foraging,-5.625,-2.7494927762160524
model_agnostic_replication_behavior-384cb3bf9b3931c6-m0,foraging,0.0,1.03384165767312
model_agnostic_replication_behavior-384cb3bf9b3931c6-m1,foraging,1.8749999999999998,1.4253239557529838
model_agnostic_replication_behavior-389536591550721c-m0,debugging,5.75,4.091684381743615
model_agnostic_replication_behavior-389536591550721c-m1,debugging,0.37499999999999994,5.573532201169698
model_agnostic_replication_behavior-38aab0fd9fc14be1-m0,foraging,-8.0,-8.70665282248607
model_agnostic_replication_behavior-38aab0fd9fc14be1-m1,foraging,-6.375,-8.315170524406208
model_agnostic_replication_behavior-38af44c71c8a47b6-m0,effort,-4.75,-4.796729484608527
model_agnostic_replication_behavior-38af44c71c8a47b6-m1,effort,-6.25,-5.146428948785319
model_agnostic_replication_behavior-38da9964ff405890-m0,debugging,-6.5,-6.408387523758574
model_agnostic_replication_behavior-38da9964ff405890-m1,debugging,-4.25,-4.92653970433249
model_agnostic_replication_behavior-38edc479bb5223d8-m0,foraging,-8.375,-4.942347881848274
model_agnostic_replication_behavior-38edc479bb5223d8-m1,foraging,-7.375,-4.55086558376841
model_agnostic_replication_behavior-38f31abd4cd10187-m0,waiting,2.375,2.1367211076879693
model_agnostic_replication_behavior-38f31abd4cd10187-m1,waiting,2.25,2.125746583787519
model_agnostic_replication_behavior-39593c2d93df3fe2-m0,effort,-6.75,-3.729241149569254
model_agnostic_replication_behavior-39593c2d93df3fe2-m1,effort,-5.75,-4.078940613746047
model_agnostic_replication_behavior-3981bea604e19a3e-m0,bandit,11.125,5.936544221482329
model_agnostic_replication_behavior-3981bea604e19a3e-m1,bandit,9.5,5.940007234344689
model_agnostic_replication_behavior-39962819bdfafc16-m0,bandit,-13.4375,-10.40209076938834
model_agnostic_replication_behavior-39962819bdfafc16-m1,bandit,-12.4375,-10.39862775652598
model_agnostic_replication_behavior-39b5a1b214082403-m0,bandit,13.8125,11.366429911801802
model_agnostic_replication_behavior-39b5a1b214082403-m1,bandit,10.4375,11.36989292466416
model_agnostic_replication_behavior-39bf204366d5758c-m0,debugging,6.25,5.649213313700005
model_agnostic_replication_behavior-39bf204366d5758c-m1,debugging,5.5,7.131061133126087
model_agnostic_replication_behavior-39ed3fe24c36da51-m0,debugging,-1.25,0.7187996839159969
model_agnostic_replication_behavior-39ed3fe24c36da51-m1,debugging,1.8749999999999998,2.20064750334208
model_agnostic_replication_behavior-3a087443f81cf706-m0,debugging,-5.5,-1.4195886200918524
model_agnostic_replication_behavior-3a087443f81cf706-m1,debugging,-3.125,0.0622591993342303
model_agnostic_replication_behavior-3a2799b52abe3433-m0,effort,-6.375,-4.493566042887878
model_agnostic_replication_behavior-3a2799b52abe3433-m1,effort,-6.375,-4.843265507064672
model_agnostic_replication_behavior-3a3b5c4df0ad1421-m0,debugging,-8.75,-6.888383385495896
model_agnostic_replication_behavior-3a3b5c4df0ad1421-m1,debugging,-6.25,-5.406535566069813
model_agnostic_replication_behavior-3a4d8be6e10d0330-m0,waiting,7.125,8.265482395325233
model_agnostic_replication_behavior-3a4d8be6e10d0330-m1,waiting,6.625,8.254507871424781
model_agnostic_replication_behavior-3a83d79673e3b933-m0,information_sampling,5.875,6.521095084548801
model_agnostic_replication_behavior-3a83d79673e3b933-m1,information_sampling,4.0,4.524124345836883
model_agnostic_replication_behavior-3a927ff833ba238c-m0,effort,-5.0,-3.967464373095692
model_agnostic_replication_behavior-3a927ff833ba238c-m1,effort,-5.75,-4.317163837272485
model_agnostic_replication_behavior-3abb0718b6fd2981-m0,information_sampling,4.125,4.784279905026519
model_agnostic_replication_behavior-3abb0718b6fd2981-m1,information_sampling,0.625,2.7873091663146017
model_agnostic_replication_behavior-3ad63a65d2f7ccf9-m0,foraging,-3.125,-1.262123132085815
model_agnostic_replication_behavior-3ad63a65d2f7ccf9-m1,foraging,-3.5,-0.8706408340059517
model_agnostic_replication_behavior-3aecce0cacbf3278-m0,waiting,2.0,2.7835224553578635
model_agnostic_replication_behavior-3aecce0cacbf3278-m1,waiting,2.875,2.7725479314574133
model_agnostic_replication_behavior-3b098e4de07da968-m0,foraging,0.7500000000000002,-2.003276321013866
model_agnostic_replication_behavior-3b098e4de07da968-m1,foraging,0.24999999999999992,-1.6117940229340029
model_agnostic_replication_behavior-3b0c58fb2e4360da-m0,solvability,11.0,7.599254129029372
model_agnostic_replication_behavior-3b0c58fb2e4360da-m1,solvability,10.4375,7.707251752920762
model_agnostic_replication_behavior-3b66b5a311e0aa51-m0,waiting,3.25,4.179644493068699
model_agnostic_replication_behavior-3b66b5a311e0aa51-m1,waiting,4.25,4.168669969168249
model_agnostic_replication_behavior-3b6d1fe5ec4e82a6-m0,bandit,-13.875,-12.024723676297784
model_agnostic_replication_behavior-3b6d1fe5ec4e82a6-m1,bandit,-13.1875,-12.021260663435426
model_agnostic_replication_behavior-3b8054907b519ea5-m0,foraging,6.125,3.606690544619793
model_agnostic_replication_behavior-3b8054907b519ea5-m1,foraging,7.375,3.998172842699657
model_agnostic_replication_behavior-3b8b35478d724b88-m0,debugging,5.0,2.8241133503740414
model_agnostic_replication_behavior-3b8b35478d724b88-m1,debugging,6.5,4.305961169800124
model_agnostic_replication_behavior-3be1bc4a64a8782d-m0,foraging,5.25,3.9385941246739344
model_agnostic_replication_behavior-3be1bc4a64a8782d-m1,foraging,5.25,4.330076422753798
model_agnostic_replication_behavior-3cc647d20c11e750-m0,bandit,-5.125,-3.709112999589317
model_agnostic_replication_behavior-3cc647d20c11e750-m1,bandit,-5.875,-3.7056499867269577
model_agnostic_replication_behavior-3cf1ab8764f4b682-m0,solvability,1.3125000000000002,8.645818668839393
model_agnostic_replication_behavior-3cf1ab8764f4b682-m1,solvability,1.03125,8.753816292730782
model_agnostic_replication_behavior-3cf72f04474a0b1d-m0,effort,-3.25,-0.5184848254555705
model_agnostic_replication_behavior-3cf72f04474a0b1d-m1,effort,-4.375,-0.8681842896323637
model_agnostic_replication_behavior-3cf9ad49798eaf7a-m0,bandit,0.42187499999999994,10.537739236258139
model_agnostic_replication_behavior-3cf9ad49798eaf7a-m1,bandit,0.8125,10.541202249120499
model_agnostic_replication_behavior-3cfd3da02bdcae6c-m0,waiting,6.375,2.7113714689770774
model_agnostic_replication_behavior-3cfd3da02bdcae6c-m1,waiting,6.625,2.700396945076627
model_agnostic_replication_behavior-3d4abe0e0718a842-m0,information_sampling,6.25,5.37234241825427
model_agnostic_replication_behavior-3d4abe0e0718a842-m1,information_sampling,4.375,3.3753716795423525
model_agnostic_replication_behavior-3d51e2f29a93d3af-m0,information_sampling,0.5,0.7004460739621903
model_agnostic_replication_behavior-3d51e2f29a93d3af-m1,information_sampling,-2.25,-1.2965246647497273
model_agnostic_replication_behavior-3d9ad93527a7fbf8-m0,waiting,-3.375,-0.7342060357775884
model_agnostic_replication_behavior-3d9ad93527a7fbf8-m1,waiting,-5.375,-0.7451805596780385
model_agnostic_replication_behavior-3dc7ea711fd5372b-m0,debugging,7.125,5.130147069308103
model_agnostic_replication_behavior-3dc7ea711fd5372b-m1,debugging,6.875,6.611994888734186
model_agnostic_replication_behavior-3e028dbe9d5ffefa-m0,debugging,0.125,-1.2011116684331016
model_agnostic_replication_behavior-3e028dbe9d5ffefa-m1,debugging,1.0,0.28073615099298066
model_agnostic_replication_behavior-3e3f0372649b62b5-m0,debugging,-4.375,-5.800209415290553
model_agnostic_replication_behavior-3e3f0372649b62b5-m1,debugging,-3.375,-4.31836159586447
model_agnostic_replication_behavior-3e5f7ab90ec2d24c-m0,information_sampling,4.625,3.5961932320442997
model_agnostic_replication_behavior-3e5f7ab90ec2d24c-m1,information_sampling,2.75,1.599222493332382
model_agnostic_replication_behavior-3e74442fdb6ca520-m0,effort,4.75,4.360166180610146
model_agnostic_replication_behavior-3e74442fdb6ca520-m1,effort,3.125,4.010466716433353
model_agnostic_replication_behavior-3ec425db95155e19-m0,effort,-3.75,-1.5269264262338058
model_agnostic_replication_behavior-3ec425db95155e19-m1,effort,-4.375,-1.876625890410599
model_agnostic_replication_behavior-3ef7aeb023b118f6-m0,bandit,9.0,6.161539270684502
model_agnostic_replication_behavior-3ef7aeb023b118f6-m1,bandit,8.875,6.16500228354686
model_agnostic_replication_behavior-3f00f39f255f6f8c-m0,foraging,9.3125,8.376365107178481
model_agnostic_replication_behavior-3f00f39f255f6f8c-m1,foraging,8.5,8.767847405258342
model_agnostic_replication_behavior-3f2ba35b5c08ad6f-m0,effort,5.75,6.693054117528041
model_agnostic_replication_behavior-3f2ba35b5c08ad6f-m1,effort,4.125,6.3433546533512475
model_agnostic_replication_behavior-3f410f1619d9c83b-m0,solvability,-7.375,-5.151123979402124
model_agnostic_replication_behavior-3f410f1619d9c83b-m1,solvability,-5.25,-5.043126355510735
model_agnostic_replication_behavior-3f76b3bf4c7d2da4-m0,debugging,-2.75,-1.7732199220290685
model_agnostic_replication_behavior-3f76b3bf4c7d2da4-m1,debugging,2.375,-0.29137210260298585
model_agnostic_replication_behavior-3f9d284164db3b9d-m0,information_sampling,3.125,0.9262182661138452
model_agnostic_replication_behavior-3f9d284164db3b9d-m1,information_sampling,-3.0,-1.070752472598072
model_agnostic_replication_behavior-3fb2de2b9129719f-m0,information_sampling,-1.25,-0.2839624954550962
model_agnostic_replication_behavior-3fb2de2b9129719f-m1,information_sampling,-4.5,-2.280933234167014
model_agnostic_replication_behavior-3fc6c940d0a25441-m0,waiting,1.625,0.026522417342966564
model_agnostic_replication_behavior-3fc6c940d0a25441-m1,waiting,-2.625,0.015547893442516392
model_agnostic_replication_behavior-3fd4e6e5620fa1f2-m0,waiting,5.75,2.283907178142641
model_agnostic_replication_behavior-3fd4e6e5620fa1f2-m1,waiting,5.625,2.272932654242191
model_agnostic_replication_behavior-3fdcdf37a3d72da9-m0,effort,-4.625,-1.6597477454605583
model_agnostic_replication_behavior-3fdcdf37a3d72da9-m1,effort,-4.625,-2.0094472096373517
model_agnostic_replication_behavior-3fe7d5491c3ad9c5-m0,debugging,-0.6249999999999999,-1.165312363726122
model_agnostic_replication_behavior-3fe7d5491c3ad9c5-m1,debugging,3.125,0.31653545569996067
model_agnostic_replication_behavior-3ff4ad9434e96b49-m0,debugging,-5.125,-4.175601580878354
model_agnostic_replication_behavior-3ff4ad9434e96b49-m1,debugging,-4.125,-2.693753761452271
model_agnostic_replication_behavior-4001afa53065e156-m0,information_sampling,-2.75,-1.6693953093743965
model_agnostic_replication_behavior-4001afa53065e156-m1,information_sampling,-4.75,-3.6663660480863136
model_agnostic_replication_behavior-400ec26c08a340ec-m0,information_sampling,1.0,0.8790276529206338
model_agnostic_replication_behavior-400ec26c08a340ec-m1,information_sampling,-1.375,-1.1179430857912838
model_agnostic_replication_behavior-40121b3e707f2fff-m0,waiting,4.125,2.6754132808415103
model_agnostic_replication_behavior-40121b3e707f2fff-m1,waiting,3.375,2.66443875694106
model_agnostic_replication_behavior-40129a5673b3d68a-m0,effort,-5.5,-0.3334382347415865
model_agnostic_replication_behavior-40129a5673b3d68a-m1,effort,-5.125,-0.6831376989183799
model_agnostic_replication_behavior-4055ae4dfb07116f-m0,foraging,6.375,1.7512345678491574
model_agnostic_replication_behavior-4055ae4dfb07116f-m1,foraging,5.0,2.142716865929021
model_agnostic_replication_behavior-407b303a78ef3d8c-m0,debugging,3.5,0.16672334601710692
model_agnostic_replication_behavior-407b303a78ef3d8c-m1,debugging,-3.0,1.6485711654431896
model_agnostic_replication_behavior-40a3ddce92741e05-m0,bandit,-2.75,-1.730050119065667
model_agnostic_replication_behavior-40a3ddce92741e05-m1,bandit,-6.5,-1.7265871062033078
model_agnostic_replication_behavior-40c3d5939d6a6fde-m0,effort,-4.125,0.6303678586293189
model_agnostic_replication_behavior-40c3d5939d6a6fde-m1,effort,-4.75,0.2806683944525252
model_agnostic_replication_behavior-41113d1da15472df-m0,bandit,-5.875,-0.2967683815022524
model_agnostic_replication_behavior-41113d1da15472df-m1,bandit,-6.375,-0.2933053686398932
model_agnostic_replication_behavior-4122428eac3c0abf-m0,effort,-8.5,-3.7497436905507615
model_agnostic_replication_behavior-4122428eac3c0abf-m1,effort,-7.5,-4.099443154727554
model_agnostic_replication_behavior-415f7410d8ae0f39-m0,bandit,11.875,8.35538366675174
model_agnostic_replication_behavior-415f7410d8ae0f39-m1,bandit,7.5,8.3588466796141
model_agnostic_replication_behavior-4169167df74afa58-m0,bandit,15.28125,14.560991893019679
model_agnostic_replication_behavior-4169167df74afa58-m1,bandit,13.25,14.564454905882037
model_agnostic_replication_behavior-417da2de94b6ac91-m0,waiting,6.375,4.486528695953826
model_agnostic_replication_behavior-417da2de94b6ac91-m1,waiting,6.0,4.475554172053375
model_agnostic_replication_behavior-41b844ea38cdf123-m0,debugging,-1.5,-1.938973482975659
model_agnostic_replication_behavior-41b844ea38cdf123-m1,debugging,1.5000000000000002,-0.4571256635495766
model_agnostic_replication_behavior-41fbe20576b79ba0-m0,waiting,0.6171875000000001,2.96490762006905
model_agnostic_replication_behavior-41fbe20576b79ba0-m1,waiting,-0.16406250000000003,2.9539330961686
model_agnostic_replication_behavior-422d1cc9bbd937c5-m0,solvability,7.625,3.5172490982437963
model_agnostic_replication_behavior-422d1cc9bbd937c5-m1,solvability,6.875,3.6252467221351843
model_agnostic_replication_behavior-4261508a5f90395d-m0,information_sampling,2.25,0.6070641236733665
model_agnostic_replication_behavior-4261508a5f90395d-m1,information_sampling,-1.25,-1.3899066150385502
model_agnostic_replication_behavior-429755b2bc8be225-m0,debugging,-0.6249999999999999,-2.3338180587868633
model_agnostic_replication_behavior-429755b2bc8be225-m1,debugging,3.5,-0.8519702393607806
model_agnostic_replication_behavior-435eabe83e061f49-m0,foraging,-6.875,-2.6247174689992443
model_agnostic_replication_behavior-435eabe83e061f49-m1,foraging,-6.75,-2.2332351709193805
model_agnostic_replication_behavior-436a11e19cb56f8f-m0,information_sampling,3.125,2.170614999365433
model_agnostic_replication_behavior-436a11e19cb56f8f-m1,information_sampling,0.8750000000000001,0.173644260653516
model_agnostic_replication_behavior-438038cf39a92aee-m0,effort,-1.0000000000000002,-2.635585706342727
model_agnostic_replication_behavior-438038cf39a92aee-m1,effort,-0.5,-2.9852851705195205
model_agnostic_replication_behavior-43908fc217e4aa4e-m0,information_sampling,3.5,2.8702760301119468
model_agnostic_replication_behavior-43908fc217e4aa4e-m1,information_sampling,2.625,0.8733052914000297
model_agnostic_replication_behavior-43c690cc39fa343b-m0,waiting,0.625,1.3357591793551729
model_agnostic_replication_behavior-43c690cc39fa343b-m1,waiting,-2.875,1.3247846554547225
model_agnostic_replication_behavior-43d53f23a598e80a-m0,solvability,-4.125,-0.39863486051886166
model_agnostic_replication_behavior-43d53f23a598e80a-m1,solvability,-4.875,-0.290637236627473
model_agnostic_replication_behavior-43e2296fc0ab9dbd-m0,effort,0.5,-1.5993167238623445
model_agnostic_replication_behavior-43e2296fc0ab9dbd-m1,effort,2.5,-1.9490161880391377
model_agnostic_replication_behavior-44071681811add4a-m0,effort,-6.625,-5.803058917532251
model_agnostic_replication_behavior-44071681811add4a-m1,effort,-6.125,-6.152758381709045
model_agnostic_replication_behavior-441936621d27debf-m0,foraging,5.0,6.213252106090195
model_agnostic_replication_behavior-441936621d27debf-m1,foraging,5.25,6.604734404170058
model_agnostic_replication_behavior-4429a771ace4b099-m0,solvability,4.125,-0.29989254246734665
model_agnostic_replication_behavior-4429a771ace4b099-m1,solvability,3.875,-0.1918949185759582
model_agnostic_replication_behavior-44349dae1dd68fcb-m0,information_sampling,2.375,2.115967464950715
model_agnostic_replication_behavior-44349dae1dd68fcb-m1,information_sampling,2.5,0.11899672623879809
model_agnostic_replication_behavior-44457fbfce177a7b-m0,waiting,-0.12500000000000006,-1.1022372450459499
model_agnostic_replication_behavior-44457fbfce177a7b-m1,waiting,-0.25,-1.1132117689464007
model_agnostic_replication_behavior-445d70836c190b50-m0,information_sampling,4.5,4.4517529373291485
model_agnostic_replication_behavior-445d70836c190b50-m1,information_sampling,2.875,2.454782198617231
model_agnostic_replication_behavior-44a01d3134259f96-m0,information_sampling,3.125,0.931486171686357
model_agnostic_replication_behavior-44a01d3134259f96-m1,information_sampling,-0.7500000000000001,-1.0654845670255606
model_agnostic_replication_behavior-44bc2e7a5cc3eb3c-m0,waiting,0.734375,8.427806966791302
model_agnostic_replication_behavior-44bc2e7a5cc3eb3c-m1,waiting,0.4062499999999999,8.41683244289085
model_agnostic_replication_behavior-44ed84140cf0eca6-m0,effort,4.875,3.962676864587325
model_agnostic_replication_behavior-44ed84140cf0eca6-m1,effort,4.25,3.6129774004105313
model_agnostic_replication_behavior-44efb09f649b8daf-m0,information_sampling,5.0,2.7726803518682686
model_agnostic_replication_behavior-44efb09f649b8daf-m1,information_sampling,2.75,0.7757096131563506
model_agnostic_replication_behavior-451d1feccd57ea68-m0,foraging,3.125,1.9783240712855708
model_agnostic_replication_behavior-451d1feccd57ea68-m1,foraging,-2.0,2.3698063693654343
model_agnostic_replication_behavior-458a67123178d28d-m0,solvability,-10.9375,-9.715484925594916
model_agnostic_replication_behavior-458a67123178d28d-m1,solvability,-8.8125,-9.607487301703527
model_agnostic_replication_behavior-459683604851eadd-m0,foraging,-7.5,-7.111283123871669
model_agnostic_replication_behavior-459683604851eadd-m1,foraging,-6.125,-6.719800825791806
model_agnostic_replication_behavior-45c02c84e0d8a231-m0,foraging,-3.5,-1.818629902169612
model_agnostic_replication_behavior-45c02c84e0d8a231-m1,foraging,-3.625,-1.427147604089749
model_agnostic_replication_behavior-45d25567b3d8185a-m0,solvability,8.125,2.215691851999784
model_agnostic_replication_behavior-45d25567b3d8185a-m1,solvability,6.25,2.323689475891173
model_agnostic_replication_behavior-45f1d4e0684c78bf-m0,effort,1.236328125,0.013364524316433202
model_agnostic_replication_behavior-45f1d4e0684c78bf-m1,effort,-1.28125,-0.33633493986035995
model_agnostic_replication_behavior-460cbc7b41ebcb49-m0,foraging,3.375,1.435609569149025
model_agnostic_replication_behavior-460cbc7b41ebcb49-m1,foraging,3.875,1.8270918672288896
model_agnostic_replication_behavior-460fa98801833e43-m0,solvability,2.125,2.259117261662371
model_agnostic_replication_behavior-460fa98801833e43-m1,solvability,4.5,2.3671148855537596
model_agnostic_replication_behavior-46280498a1c8f592-m0,debugging,-4.5,-2.90583567357368
model_agnostic_replication_behavior-46280498a1c8f592-m1,debugging,-2.375,-1.4239878541475972
model_agnostic_replication_behavior-46582f4c674c4be4-m0,waiting,4.625,3.687657468467101
model_agnostic_replication_behavior-46582f4c674c4be4-m1,waiting,5.125,3.6766829445666502
model_agnostic_replication_behavior-469d23a5a73b138c-m0,debugging,-6.375,-4.829281368498163
model_agnostic_replication_behavior-469d23a5a73b138c-m1,debugging,-4.625,-3.347433549072081
model_agnostic_replication_behavior-46dc7e910f9443a9-m0,bandit,-9.9375,-9.68613685859772
model_agnostic_replication_behavior-46dc7e910f9443a9-m1,bandit,-10.4375,-9.682673845735362
model_agnostic_replication_behavior-46e5b6ca82a3b07d-m0,waiting,0.8828125000000001,12.88463787891208
model_agnostic_replication_behavior-46e5b6ca82a3b07d-m1,waiting,-0.5026855468749999,12.87366335501163
model_agnostic_replication_behavior-46ed10d3dff14252-m0,information_sampling,-2.625,0.12160293806312561
model_agnostic_replication_behavior-46ed10d3dff14252-m1,information_sampling,-4.5,-1.8753678006487924
model_agnostic_replication_behavior-471fad0e4db6f108-m0,solvability,-10.1875,-8.051459939007746
model_agnostic_replication_behavior-471fad0e4db6f108-m1,solvability,-8.625,-7.943462315116356
model_agnostic_replication_behavior-473a8050c87b6ae1-m0,debugging,-4.75,-4.907603342901425
model_agnostic_replication_behavior-473a8050c87b6ae1-m1,debugging,-2.125,-3.4257555234753427
model_agnostic_replication_behavior-4758528d91e62af8-m0,waiting,6.5,7.3175253770609245
model_agnostic_replication_behavior-4758528d91e62af8-m1,waiting,5.875,7.3065508531604735
model_agnostic_replication_behavior-4761651ee044b406-m0,foraging,-4.25,-4.9419833602212515
model_agnostic_replication_behavior-4761651ee044b406-m1,foraging,-4.5,-4.550501062141389
model_agnostic_replication_behavior-4775fdbbdf6eb681-m0,solvability,-10.375,-13.150401996819049
model_agnostic_replication_behavior-4775fdbbdf6eb681-m1,solvability,-9.0625,-13.04240437292766
model_agnostic_replication_behavior-479e70be2d880f91-m0,solvability,-2.125,2.4785883436162166
model_agnostic_replication_behavior-479e70be2d880f91-m1,solvability,-0.7500000000000001,2.586585967507605
model_agnostic_replication_behavior-47c88213afeb2101-m0,effort,-5.375,-4.984352219671924
model_agnostic_replication_behavior-47c88213afeb2101-m1,effort,-5.25,-5.334051683848717
model_agnostic_replication_behavior-4807f0f85615f2df-m0,foraging,-4.75,-4.730452779309393
model_agnostic_replication_behavior-4807f0f85615f2df-m1,foraging,-3.5,-4.338970481229529
model_agnostic_replication_behavior-486b1fc51df05a4b-m0,bandit,-5.375,-6.083211149251483
model_agnostic_replication_behavior-486b1fc51df05a4b-m1,bandit,-6.5,-6.079748136389124
model_agnostic_replication_behavior-4879da7392bfdd38-m0,solvability,10.375,7.466694682809548
model_agnostic_replication_behavior-4879da7392bfdd38-m1,solvability,8.8125,7.574692306700937
model_agnostic_replication_behavior-487cd40c964881e9-m0,effort,-4.75,-2.7212733152475153
model_agnostic_replication_behavior-487cd40c964881e9-m1,effort,-5.125,-3.0709727794243085
model_agnostic_replication_behavior-488bf6b801f4b7eb-m0,foraging,8.875,3.9645754157264728
model_agnostic_replication_behavior-488bf6b801f4b7eb-m1,foraging,8.375,4.3560577138063366
model_agnostic_replication_behavior-488f4fb06e037962-m0,bandit,7.25,2.0423231931832357
model_agnostic_replication_behavior-488f4fb06e037962-m1,bandit,7.375,2.045786206045595
model_agnostic_replication_behavior-48b6bb28f063be9e-m0,solvability,7.125,4.629407311257454
model_agnostic_replication_behavior-48b6bb28f063be9e-m1,solvability,7.25,4.737404935148843
model_agnostic_replication_behavior-4904753911c41b3c-m0,waiting,-2.75,-1.7426615591552166
model_agnostic_replication_behavior-4904753911c41b3c-m1,waiting,-1.0000000000000002,-1.7536360830556668
model_agnostic_replication_behavior-49821e568be01095-m0,effort,5.625,5.359423223778907
model_agnostic_replication_behavior-49821e568be01095-m1,effort,4.625,5.009723759602114
model_agnostic_replication_behavior-498bb4a71080fc92-m0,bandit,-5.875,-2.9333426277707964
model_agnostic_replication_behavior-498bb4a71080fc92-m1,bandit,-3.0,-2.9298796149084376
model_agnostic_replication_behavior-49b22ef9afd95aeb-m0,effort,-2.625,-3.06572679510512
model_agnostic_replication_behavior-49b22ef9afd95aeb-m1,effort,-3.125,-3.4154262592819133
model_agnostic_replication_behavior-49b3b15146155329-m0,bandit,2.875,-1.74022593176055
model_agnostic_replication_behavior-49b3b15146155329-m1,bandit,3.5,-1.7367629188981915
model_agnostic_replication_behavior-49bcc15a0b913295-m0,effort,0.37499999999999994,-0.3130491534921579
model_agnostic_replication_behavior-49bcc15a0b913295-m1,effort,-1.0000000000000002,-0.6627486176689511
model_agnostic_replication_behavior-49d071ff1f813f62-m0,solvability,-8.125,-8.512650684534494
model_agnostic_replication_behavior-49d071ff1f813f62-m1,solvability,-6.125,-8.404653060643104
model_agnostic_replication_behavior-4a7b5ad56680bca1-m0,waiting,-4.625,-3.6360701077037088
model_agnostic_replication_behavior-4a7b5ad56680bca1-m1,waiting,-6.625,-3.647044631604159
model_agnostic_replication_behavior-4aa1014849392967-m0,information_sampling,-1.5,0.3878380381577946
model_agnostic_replication_behavior-4aa1014849392967-m1,information_sampling,-4.125,-1.609132700554123
model_agnostic_replication_behavior-4ad1270e05dda426-m0,effort,-4.875,-1.9334665765706882
model_agnostic_replication_behavior-4ad1270e05dda426-m1,effort,-3.875,-2.2831660407474814
model_agnostic_replication_behavior-4b2cf155a98f6e01-m0,waiting,-0.12500000000000006,1.6738699859751165
model_agnostic_replication_behavior-4b2cf155a98f6e01-m1,waiting,1.8749999999999998,1.662895462074666
model_agnostic_replication_behavior-4b58bb0986b54e04-m0,waiting,-7.375,-1.5193436868317995
model_agnostic_replication_behavior-4b58bb0986b54e04-m1,waiting,-6.75,-1.5303182107322497
model_agnostic_replication_behavior-4b5ac132f41add9c-m0,information_sampling,-2.375,-1.4118404015213488
model_agnostic_replication_behavior-4b5ac132f41add9c-m1,information_sampling,-4.75,-3.4088111402332664
model_agnostic_replication_behavior-4b6356612e087bae-m0,effort,-3.125,-4.405583721038877
model_agnostic_replication_behavior-4b6356612e087bae-m1,effort,-4.25,-4.75528318521567
model_agnostic_replication_behavior-4bd7e2326d6486ca-m0,information_sampling,3.375,1.6000958040925717
model_agnostic_replication_behavior-4bd7e2326d6486ca-m1,information_sampling,2.25,-0.3968749346193454
model_agnostic_replication_behavior-4bde13d3b570cbc3-m0,solvability,9.0,3.6735555647066755
model_agnostic_replication_behavior-4bde13d3b570cbc3-m1,solvability,7.625,3.7815531885980644
model_agnostic_replication_behavior-4bfb098c98fbc34b-m0,solvability,-7.125,-6.9725147989315595
model_agnostic_replication_behavior-4bfb098c98fbc34b-m1,solvability,-7.0,-6.86451717504017
model_agnostic_replication_behavior-4bfff062252264eb-m0,waiting,2.625,1.9280216766729574
model_agnostic_replication_behavior-4bfff062252264eb-m1,waiting,2.875,1.9170471527725073
model_agnostic_replication_behavior-4cbad93157baede0-m0,solvability,9.0625,5.0089716672285665
model_agnostic_replication_behavior-4cbad93157baede0-m1,solvability,8.375,5.116969291119956
model_agnostic_replication_behavior-4cc6e7164db99b0d-m0,foraging,2.375,-0.7517121941400762
model_agnostic_replication_behavior-4cc6e7164db99b0d-m1,foraging,3.375,-0.3602298960602128
model_agnostic_replication_behavior-4ccd56a8da1c763f-m0,bandit,-12.5625,-10.237884405451068
model_agnostic_replication_behavior-4ccd56a8da1c763f-m1,bandit,-10.25,-10.234421392588708
model_agnostic_replication_behavior-4d389fdb50712472-m0,bandit,4.5,1.9645558461953911
model_agnostic_replication_behavior-4d389fdb50712472-m1,bandit,3.875,1.9680188590577496
model_agnostic_replication_behavior-4df164ea7824161f-m0,waiting,-5.625,-0.10231025902905744
model_agnostic_replication_behavior-4df164ea7824161f-m1,waiting,-6.0,-0.11328478292950805
model_agnostic_replication_behavior-4e091662b3ecfce4-m0,effort,7.125,6.108797600480903
model_agnostic_replication_behavior-4e091662b3ecfce4-m1,effort,5.5,5.759098136304109
model_agnostic_replication_behavior-4e882a59836b6e2a-m0,solvability,-4.0,0.21015044246347392
model_agnostic_replication_behavior-4e882a59836b6e2a-m1,solvability,-2.625,0.31814806635486237
model_agnostic_replication_behavior-4ed999c6211875b1-m0,debugging,3.625,2.069312300568864
model_agnostic_replication_behavior-4ed999c6211875b1-m1,debugging,5.125,3.5511601199949467
model_agnostic_replication_behavior-4eef65831fb8a9a2-m0,waiting,-2.25,0.6044923437074009
model_agnostic_replication_behavior-4eef65831fb8a9a2-m1,waiting,-3.375,0.5935178198069504
model_agnostic_replication_behavior-4ef704fc6226cf0e-m0,effort,4.125,2.591994452950558
model_agnostic_replication_behavior-4ef704fc6226cf0e-m1,effort,3.0,2.242294988773765
model_agnostic_replication_behavior-4f0fd88970b12988-m0,effort,6.0,5.013492025764653
model_agnostic_replication_behavior-4f0fd88970b12988-m1,effort,4.375,4.66379256158786
model_agnostic_replication_behavior-4f43ba3e37d5cfe6-m0,solvability,2.75,3.0028380617270765
model_agnostic_replication_behavior-4f43ba3e37d5cfe6-m1,solvability,3.25,3.110835685618465
model_agnostic_replication_behavior-4f627e1686710571-m0,effort,8.75,3.0468676000724217
model_agnostic_replication_behavior-4f627e1686710571-m1,effort,5.75,2.6971681358956285
model_agnostic_replication_behavior-4f6a3e04f93c00c5-m0,waiting,9.5,7.062095838223122
model_agnostic_replication_behavior-4f6a3e04f93c00c5-m1,waiting,9.125,7.051121314322673
model_agnostic_replication_behavior-4f905fd9204b7b49-m0,bandit,9.0,2.9457066268176826
model_agnostic_replication_behavior-4f905fd9204b7b49-m1,bandit,8.75,2.9491696396800418
model_agnostic_replication_behavior-4ffced0392759a83-m0,effort,1.0,1.342877190334631
model_agnostic_replication_behavior-4ffced0392759a83-m1,effort,1.8749999999999998,0.9931777261578376
model_agnostic_replication_behavior-509fc0192da2022d-m0,waiting,7.875,5.141117907584767
model_agnostic_replication_behavior-509fc0192da2022d-m1,waiting,7.75,5.130143383684317
model_agnostic_replication_behavior-50e234967447e8a7-m0,effort,2.375,2.912401712860895
model_agnostic_replication_behavior-50e234967447e8a7-m1,effort,1.8749999999999998,2.562702248684102
model_agnostic_replication_behavior-50e43c8d119440a9-m0,waiting,3.25,3.1586710790525845
model_agnostic_replication_behavior-50e43c8d119440a9-m1,waiting,2.375,3.147696555152134
model_agnostic_replication_behavior-51620b8355d53665-m0,bandit,4.625,4.700097668501392
model_agnostic_replication_behavior-51620b8355d53665-m1,bandit,5.75,4.703560681363752
model_agnostic_replication_behavior-51b6d4b4b1319432-m0,solvability,-7.5,-5.880404783897658
model_agnostic_replication_behavior-51b6d4b4b1319432-m1,solvability,-6.75,-5.772407160006269
model_agnostic_replication_behavior-51f61c105fb3584d-m0,foraging,-2.0,-1.3769205339221273
model_agnostic_replication_behavior-51f61c105fb3584d-m1,foraging,-1.875,-0.985438235842264
model_agnostic_replication_behavior-5221b4e7ed9fd987-m0,effort,-0.8750000000000002,-1.3025614688238962
model_agnostic_replication_behavior-5221b4e7ed9fd987-m1,effort,-1.7499999999999998,-1.6522609330006894
model_agnostic_replication_behavior-522537fcd588bc98-m0,information_sampling,3.625,0.9950157558815027
model_agnostic_replication_behavior-522537fcd588bc98-m1,information_sampling,1.25,-1.0019549828304144
model_agnostic_replication_behavior-523c4ef283595988-m0,information_sampling,-2.625,-0.292295948102276
model_agnostic_replication_behavior-523c4ef283595988-m1,information_sampling,-5.75,-2.2892666868141935
model_agnostic_replication_behavior-525787ad169b4b4f-m0,debugging,-5.125,-2.6723264216188403
model_agnostic_replication_behavior-525787ad169b4b4f-m1,debugging,-4.625,-1.1904786021927574
model_agnostic_replication_behavior-526d048d618540ab-m0,solvability,-3.125,-1.4729243785972765
model_agnostic_replication_behavior-526d048d618540ab-m1,solvability,-3.375,-1.364926754705888
model_agnostic_replication_behavior-529abcc99037b0c5-m0,bandit,0.18749999999999997,10.91617438609395
model_agnostic_replication_behavior-529abcc99037b0c5-m1,bandit,0.671875,10.919637398956308
model_agnostic_replication_behavior-52a114999f345020-m0,bandit,-3.0,-2.7599788709754423
model_agnostic_replication_behavior-52a114999f345020-m1,bandit,-4.75,-2.7565158581130835
model_agnostic_replication_behavior-52c8688663bff0ad-m0,debugging,-3.625,-0.45692469508100264
model_agnostic_replication_behavior-52c8688663bff0ad-m1,debugging,-1.25,1.0249231243450805
model_agnostic_replication_behavior-52f00f8c236224e0-m0,debugging,-5.625,-1.5930192232526743
model_agnostic_replication_behavior-52f00f8c236224e0-m1,debugging,-3.25,-0.11117140382659207
model_agnostic_replication_behavior-531112c61f78fe8d-m0,foraging,-5.5,-5.478151846048137
model_agnostic_replication_behavior-531112c61f78fe8d-m1,foraging,-4.125,-5.086669547968274
model_agnostic_replication_behavior-532ccb12f35d6253-m0,information_sampling,3.75,2.5600694948298712
model_agnostic_replication_behavior-532ccb12f35d6253-m1,information_sampling,3.125,0.5630987561179537
model_agnostic_replication_behavior-5362105bbcbe0b90-m0,foraging,-5.125,-1.8749516225185956
model_agnostic_replication_behavior-5362105bbcbe0b90-m1,foraging,-3.875,-1.4834693244387323
model_agnostic_replication_behavior-5393a1c349454d35-m0,debugging,-3.5,-2.8670414742195525
model_agnostic_replication_behavior-5393a1c349454d35-m1,debugging,-2.125,-1.3851936547934696
model_agnostic_replication_behavior-53c7fd6e11f67252-m0,solvability,6.0,1.5470234209011584
model_agnostic_replication_behavior-53c7fd6e11f67252-m1,solvability,5.0,1.6550210447925469
model_agnostic_replication_behavior-53cccb4c2339b1d4-m0,information_sampling,2.5,5.853161349133691
model_agnostic_replication_behavior-53cccb4c2339b1d4-m1,information_sampling,2.125,3.8561906104217734
model_agnostic_replication_behavior-544ea603a750e186-m0,bandit,8.25,3.289692807042811
model_agnostic_replication_behavior-544ea603a750e186-m1,bandit,6.125,3.29315581990517
model_agnostic_replication_behavior-5454fa682cb71c20-m0,waiting,2.875,2.5839419094007696
model_agnostic_replication_behavior-5454fa682cb71c20-m1,waiting,1.5000000000000002,2.5729673855003194
model_agnostic_replication_behavior-54e2895ef72fc300-m0,effort,-9.5,-5.279927228138086
model_agnostic_replication_behavior-54e2895ef72fc300-m1,effort,-8.0,-5.629626692314879
model_agnostic_replication_behavior-552da6de29b9cec7-m0,waiting,3.625,1.7928668653591988
model_agnostic_replication_behavior-552da6de29b9cec7-m1,waiting,4.875,1.7818923414587484
model_agnostic_replication_behavior-5534a49a0bfd2a49-m0,effort,3.25,1.8940881697972365
model_agnostic_replication_behavior-5534a49a0bfd2a49-m1,effort,4.125,1.5443887056204433
model_agnostic_replication_behavior-55a3f6925a08c7dc-m0,effort,5.375,3.7743439413520647
model_agnostic_replication_behavior-55a3f6925a08c7dc-m1,effort,4.125,3.4246444771752715
model_agnostic_replication_behavior-55d4d622e6a5f777-m0,information_sampling,3.75,4.644868373839089
model_agnostic_replication_behavior-55d4d622e6a5f777-m1,information_sampling,3.125,2.6478976351271717
model_agnostic_replication_behavior-55dde14d27c256b9-m0,bandit,-0.12500000000000006,1.090856496371984
model_agnostic_replication_behavior-55dde14d27c256b9-m1,bandit,4.5,1.0943195092343432
model_agnostic_replication_behavior-55ec41ba10aaa29b-m0,waiting,4.625,3.297658155798927
model_agnostic_replication_behavior-55ec41ba10aaa29b-m1,waiting,6.25,3.2866836318984762
model_agnostic_replication_behavior-56166a66cf1d3d0b-m0,foraging,-2.125,-1.2606686383057866
model_agnostic_replication_behavior-56166a66cf1d3d0b-m1,foraging,-1.625,-0.8691863402259231
model_agnostic_replication_behavior-561e4bcc970d2512-m0,solvability,13.4375,10.968016764260234
model_agnostic_replication_behavior-561e4bcc970d2512-m1,solvability,13.4375,11.076014388151624
model_agnostic_replication_behavior-5626f51e4982a764-m0,foraging,3.25,3.0569606618034673
model_agnostic_replication_behavior-5626f51e4982a764-m1,foraging,3.5,3.448442959883331
model_agnostic_replication_behavior-5665233533bc698c-m0,foraging,-0.5078125,-3.3462723004454817
model_agnostic_replication_behavior-5665233533bc698c-m1,foraging,0.15625000000000014,-2.954790002365618
model_agnostic_replication_behavior-5673fc97d3eb09d8-m0,information_sampling,4.375,2.1113942056504933
model_agnostic_replication_behavior-5673fc97d3eb09d8-m1,information_sampling,2.625,0.11442346693857619
model_agnostic_replication_behavior-56ae6336b1a0322f-m0,solvability,-3.5,-1.5889216578977643
model_agnostic_replication_behavior-56ae6336b1a0322f-m1,solvability,-2.125,-1.4809240340063763
model_agnostic_replication_behavior-5725174159c27cdf-m0,information_sampling,3.875,1.8644327659783997
model_agnostic_replication_behavior-5725174159c27cdf-m1,information_sampling,1.5000000000000002,-0.13253797273351697
model_agnostic_replication_behavior-572bc99f9e6a6f14-m0,effort,-6.625,-4.990865345300406
model_agnostic_replication_behavior-572bc99f9e6a6f14-m1,effort,-6.125,-5.3405648094772
model_agnostic_replication_behavior-573f5b34875115a1-m0,solvability,12.625,7.813810241871691
model_agnostic_replication_behavior-573f5b34875115a1-m1,solvability,11.8125,7.92180786576308
model_agnostic_replication_behavior-5752dd5eb8701349-m0,effort,-5.25,-5.380949440209964
model_agnostic_replication_behavior-5752dd5eb8701349-m1,effort,-5.125,-5.730648904386758
model_agnostic_replication_behavior-5758f6e5429daad8-m0,bandit,10.0,4.288179433042375
model_agnostic_replication_behavior-5758f6e5429daad8-m1,bandit,8.375,4.291642445904735
model_agnostic_replication_behavior-57851d72e088e3d0-m0,effort,3.0,2.9701185617619976
model_agnostic_replication_behavior-57851d72e088e3d0-m1,effort,3.625,2.620419097585205
model_agnostic_replication_behavior-57891464a4d40415-m0,debugging,-5.25,-0.6678432677247562
model_agnostic_replication_behavior-57891464a4d40415-m1,debugging,-4.375,0.8140045517013264
model_agnostic_replication_behavior-578fb89988e5862f-m0,debugging,-5.625,-0.21437272187221534
model_agnostic_replication_behavior-578fb89988e5862f-m1,debugging,-4.5,1.2674750975538676
model_agnostic_replication_behavior-5790c57e72b6df0b-m0,waiting,6.5,5.791209934016652
model_agnostic_replication_behavior-5790c57e72b6df0b-m1,waiting,7.0,5.780235410116202
model_agnostic_replication_behavior-581192d82e188dee-m0,debugging,4.25,3.29785207104858
model_agnostic_replication_behavior-581192d82e188dee-m1,debugging,6.25,4.779699890474663
model_agnostic_replication_behavior-58401eaf774a31f3-m0,effort,5.625,4.247937331682947
model_agnostic_replication_behavior-58401eaf774a31f3-m1,effort,4.5,3.898237867506153
model_agnostic_replication_behavior-5878cabd96cf26d6-m0,information_sampling,0.37499999999999994,0.5228552061307732
model_agnostic_replication_behavior-5878cabd96cf26d6-m1,information_sampling,-2.375,-1.4741155325811444
model_agnostic_replication_behavior-58c6daab1c11174e-m0,foraging,-3.125,-2.0233283467822467
model_agnostic_replication_behavior-58c6daab1c11174e-m1,foraging,-0.8750000000000002,-1.631846048702383
model_agnostic_replication_behavior-58d8026566606166-m0,waiting,9.25,11.211579422730434
model_agnostic_replication_behavior-58d8026566606166-m1,waiting,9.6875,11.200604898829985
model_agnostic_replication_behavior-58fbd6f086765ff8-m0,debugging,-9.75,-10.44832763086561
model_agnostic_replication_behavior-58fbd6f086765ff8-m1,debugging,-7.5,-8.966479811439527
model_agnostic_replication_behavior-592e9140ff981b73-m0,waiting,7.375,8.26854985123429
model_agnostic_replication_behavior-592e9140ff981b73-m1,waiting,7.75,8.25757532733384
model_agnostic_replication_behavior-596f7e9576156026-m0,effort,-1.375,0.5189416510878726
model_agnostic_replication_behavior-596f7e9576156026-m1,effort,-1.375,0.1692421869110794
model_agnostic_replication_behavior-599a19dbc03d60a7-m0,bandit,-3.875,-0.988191977837134
model_agnostic_replication_behavior-599a19dbc03d60a7-m1,bandit,-5.625,-0.9847289649747748
model_agnostic_replication_behavior-59ad83ddf97e0143-m0,bandit,6.75,2.538289536377892
model_agnostic_replication_behavior-59ad83ddf97e0143-m1,bandit,7.25,2.5417525492402513
model_agnostic_replication_behavior-59bcff70b9e24a74-m0,bandit,-5.625,-4.2928486059131075
model_agnostic_replication_behavior-59bcff70b9e24a74-m1,bandit,-3.625,-4.289385593050748
model_agnostic_replication_behavior-59e08ff161cd25a6-m0,bandit,-11.375,-10.27726654056145
model_agnostic_replication_behavior-59e08ff161cd25a6-m1,bandit,-10.25,-10.273803527699092
model_agnostic_replication_behavior-59f06017e63ffe50-m0,effort,-1.625,0.1632534053832988
model_agnostic_replication_behavior-59f06017e63ffe50-m1,effort,-1.0000000000000002,-0.1864460587934944
model_agnostic_replication_behavior-59fb9259f8bbca66-m0,effort,-4.0,-4.906570502288481
model_agnostic_replication_behavior-59fb9259f8bbca66-m1,effort,-4.625,-5.256269966465275
model_agnostic_replication_behavior-5a1d1cb1b8d78270-m0,bandit,11.0625,4.659084062984198
model_agnostic_replication_behavior-5a1d1cb1b8d78270-m1,bandit,8.125,4.6625470758465575
model_agnostic_replication_behavior-5a3b0b7aab65e085-m0,foraging,4.5,-0.10544199255998532
model_agnostic_replication_behavior-5a3b0b7aab65e085-m1,foraging,4.0,0.2860403055198779
model_agnostic_replication_behavior-5a3c3f6d0d3ad32e-m0,solvability,0.890625,2.8435923392630986
model_agnostic_replication_behavior-5a3c3f6d0d3ad32e-m1,solvability,1.203125,2.951589963154487
model_agnostic_replication_behavior-5a3dd96da89ab6b5-m0,bandit,-7.75,-7.988590586669785
model_agnostic_replication_behavior-5a3dd96da89ab6b5-m1,bandit,-8.625,-7.985127573807427
model_agnostic_replication_behavior-5a62589b143e1e6b-m0,foraging,-0.8750000000000002,-0.7535228158434315
model_agnostic_replication_behavior-5a62589b143e1e6b-m1,foraging,3.75,-0.3620405177635686
model_agnostic_replication_behavior-5a701d7b3d8f25e7-m0,information_sampling,-0.7343749999999999,3.8478495264036052
model_agnostic_replication_behavior-5a701d7b3d8f25e7-m1,information_sampling,0.30468749999999994,1.8508787876916877
model_agnostic_replication_behavior-5aa4ed07227965f1-m0,effort,-2.375,-2.5715596712449225
model_agnostic_replication_behavior-5aa4ed07227965f1-m1,effort,-3.0,-2.9212591354217157
model_agnostic_replication_behavior-5ab9a5e47f89bb17-m0,foraging,5.375,2.1250809586172172
model_agnostic_replication_behavior-5ab9a5e47f89bb17-m1,foraging,3.125,2.51656325669708
model_agnostic_replication_behavior-5ac4a33618114d61-m0,debugging,-4.375,-3.17251259627386
model_agnostic_replication_behavior-5ac4a33618114d61-m1,debugging,-2.625,-1.6906647768477778
model_agnostic_replication_behavior-5b26e9ef4c4c7858-m0,effort,-6.875,-2.2545501139455406
model_agnostic_replication_behavior-5b26e9ef4c4c7858-m1,effort,-5.75,-2.6042495781223343
model_agnostic_replication_behavior-5b6a4a0c617f15cb-m0,foraging,-6.25,-4.764105180631568
model_agnostic_replication_behavior-5b6a4a0c617f15cb-m1,foraging,-4.25,-4.372622882551704
model_agnostic_replication_behavior-5b831714becd5fb3-m0,information_sampling,4.875,5.589434537428428
model_agnostic_replication_behavior-5b831714becd5fb3-m1,information_sampling,4.0,3.5924637987165107
model_agnostic_replication_behavior-5b92fe60d8cdee6e-m0,solvability,-8.0,-6.9350331604902
model_agnostic_replication_behavior-5b92fe60d8cdee6e-m1,solvability,-6.375,-6.82703553659881
model_agnostic_replication_behavior-5bd991ed2f424c0f-m0,bandit,-2.375,1.4152491648282437
model_agnostic_replication_behavior-5bd991ed2f424c0f-m1,bandit,3.125,1.4187121776906029
model_agnostic_replication_behavior-5c04c6e103c60551-m0,effort,7.25,3.4555596773713546
model_agnostic_replication_behavior-5c04c6e103c60551-m1,effort,4.875,3.1058602131945614
model_agnostic_replication_behavior-5c57cdc846e8fbc4-m0,effort,5.0,1.3038246928121142
model_agnostic_replication_behavior-5c57cdc846e8fbc4-m1,effort,3.0,0.954125228635321
model_agnostic_replication_behavior-5c67701dc8178d46-m0,waiting,5.625,2.8552442081658365
model_agnostic_replication_behavior-5c67701dc8178d46-m1,waiting,5.25,2.8442696842653863
model_agnostic_replication_behavior-5cadcf5d320db151-m0,effort,1.0,0.07493381966994322
model_agnostic_replication_behavior-5cadcf5d320db151-m1,effort,-0.12500000000000006,-0.27476564450685
model_agnostic_replication_behavior-5cf4e3a862d5fbe3-m0,waiting,6.0,2.3436943497183513
model_agnostic_replication_behavior-5cf4e3a862d5fbe3-m1,waiting,5.75,2.3327198258179007
model_agnostic_replication_behavior-5d2d175d608c0315-m0,bandit,-7.125,-4.72375383357618
model_agnostic_replication_behavior-5d2d175d608c0315-m1,bandit,-8.875,-4.7202908207138226
model_agnostic_replication_behavior-5d7ed85be537a981-m0,information_sampling,6.0,5.587567224381627
model_agnostic_replication_behavior-5d7ed85be537a981-m1,information_sampling,3.625,3.59059648566971
model_agnostic_replication_behavior-5d7f871382944780-m0,solvability,8.5625,4.599401878083617
model_agnostic_replication_behavior-5d7f871382944780-m1,solvability,7.625,4.707399501975006
model_agnostic_replication_behavior-5dc18e2e9cdc73f3-m0,bandit,8.25,2.5356375884623312
model_agnostic_replication_behavior-5dc18e2e9cdc73f3-m1,bandit,6.5,2.53910060132469
model_agnostic_replication_behavior-5dc26b78f9ddaaaa-m0,bandit,-0.37499999999999994,1.9873034599239334
model_agnostic_replication_behavior-5dc26b78f9ddaaaa-m1,bandit,1.125,1.9907664727862926
model_agnostic_replication_behavior-5e203daf0a1b254b-m0,solvability,1.1875,2.5124181659883456
model_agnostic_replication_behavior-5e203daf0a1b254b-m1,solvability,0.890625,2.6204157898797344
model_agnostic_replication_behavior-5e387e966bb45636-m0,waiting,5.375,6.626375015861959
model_agnostic_replication_behavior-5e387e966bb45636-m1,waiting,6.25,6.615400491961509
model_agnostic_replication_behavior-5e7080e026c16251-m0,waiting,0.24999999999999992,1.0301992178421862
model_agnostic_replication_behavior-5e7080e026c16251-m1,waiting,2.125,1.0192246939417355
model_agnostic_replication_behavior-5e902921682207f7-m0,effort,3.625,2.6186935117603833
model_agnostic_replication_behavior-5e902921682207f7-m1,effort,2.75,2.2689940475835897
model_agnostic_replication_behavior-5e947401a0fff6ac-m0,effort,-2.5,-2.0105576632109954
model_agnostic_replication_behavior-5e947401a0fff6ac-m1,effort,-2.625,-2.360257127387789
model_agnostic_replication_behavior-5ec406c92ca5c045-m0,effort,5.75,4.708216504687042
model_agnostic_replication_behavior-5ec406c92ca5c045-m1,effort,4.875,4.3585170405102485
model_agnostic_replication_behavior-5ecd6d7f5851d726-m0,effort,-2.625,-1.594241597443259
model_agnostic_replication_behavior-5ecd6d7f5851d726-m1,effort,-2.625,-1.9439410616200523
model_agnostic_replication_behavior-5ee12bc856f177c9-m0,foraging,6.375,-0.14909943122439517
model_agnostic_replication_behavior-5ee12bc856f177c9-m1,foraging,4.125,0.2423828668554684
model_agnostic_replication_behavior-5f50067ffc620625-m0,information_sampling,3.875,2.0083328268375062
model_agnostic_replication_behavior-5f50067ffc620625-m1,information_sampling,1.0,0.011362088125588699
model_agnostic_replication_behavior-5f86a4ca3f52f34a-m0,information_sampling,4.625,5.0901384473250975
model_agnostic_replication_behavior-5f86a4ca3f52f34a-m1,information_sampling,2.5,3.0931677086131804
model_agnostic_replication_behavior-5f883cd2252175ee-m0,waiting,8.9375,7.6302184689853245
model_agnostic_replication_behavior-5f883cd2252175ee-m1,waiting,8.25,7.619243945084875
model_agnostic_replication_behavior-5fadc4c19efb4006-m0,effort,-4.375,-4.124694361867026
model_agnostic_replication_behavior-5fadc4c19efb4006-m1,effort,-3.75,-4.474393826043819
model_agnostic_replication_behavior-5fbfa38b7cbda6d3-m0,foraging,2.0,-0.5687134960055029
model_agnostic_replication_behavior-5fbfa38b7cbda6d3-m1,foraging,0.8750000000000001,-0.17723119792563957
model_agnostic_replication_behavior-5fe46460c07cb043-m0,foraging,-3.875,-3.8154259957261276
model_agnostic_replication_behavior-5fe46460c07cb043-m1,foraging,-2.375,-3.423943697646264
model_agnostic_replication_behavior-600e7a249b36d3e8-m0,information_sampling,1.8749999999999998,0.5193613500015495
model_agnostic_replication_behavior-600e7a249b36d3e8-m1,information_sampling,-1.375,-1.477609388710368
model_agnostic_replication_behavior-601be9f746c020cb-m0,information_sampling,2.75,3.2888444630204567
model_agnostic_replication_behavior-601be9f746c020cb-m1,information_sampling,-2.0,1.2918737243085392
model_agnostic_replication_behavior-601e36bc8bfe9339-m0,information_sampling,1.25,2.7523373311030106
model_agnostic_replication_behavior-601e36bc8bfe9339-m1,information_sampling,2.75,0.755366592391093
model_agnostic_replication_behavior-6043cd20517c2ec9-m0,foraging,6.75,1.8500497264628506
model_agnostic_replication_behavior-6043cd20517c2ec9-m1,foraging,6.125,2.241532024542714
model_agnostic_replication_behavior-60659f01d55f9143-m0,solvability,-2.125,-1.4164999655797843
model_agnostic_replication_behavior-60659f01d55f9143-m1,solvability,-1.25,-1.3085023416883959
model_agnostic_replication_behavior-607f31ffadb918f0-m0,bandit,13.0,7.310161726356334
model_agnostic_replication_behavior-607f31ffadb918f0-m1,bandit,11.4375,7.313624739218692
model_agnostic_replication_behavior-6092c4d532df81de-m0,effort,2.25,1.6973883080559597
model_agnostic_replication_behavior-6092c4d532df81de-m1,effort,3.0,1.3476888438791665
model_agnostic_replication_behavior-60d5ea62c3b4b9f4-m0,bandit,9.9375,9.84316218442079
model_agnostic_replication_behavior-60d5ea62c3b4b9f4-m1,bandit,6.75,9.846625197283148
model_agnostic_replication_behavior-60f375b587cbc923-m0,waiting,-4.625,-2.5646822232306485
model_agnostic_replication_behavior-60f375b587cbc923-m1,waiting,-6.0,-2.5756567471310996
model_agnostic_replication_behavior-6101077c5854b4c6-m0,waiting,10.1875,8.2896424458566
model_agnostic_replication_behavior-6101077c5854b4c6-m1,waiting,9.8125,8.278667921956151
model_agnostic_replication_behavior-6106e25d27e35a5f-m0,information_sampling,5.625,6.661360089998311
model_agnostic_replication_behavior-6106e25d27e35a5f-m1,information_sampling,5.5,4.6643893512863945
model_agnostic_replication_behavior-610b89fca2df76a2-m0,waiting,9.625,7.367276991863134
model_agnostic_replication_behavior-610b89fca2df76a2-m1,waiting,9.125,7.356302467962683
model_agnostic_replication_behavior-6113f91ac737dddc-m0,information_sampling,6.25,5.559295845179044
model_agnostic_replication_behavior-6113f91ac737dddc-m1,information_sampling,3.75,3.5623251064671266
model_agnostic_replication_behavior-612146e7111a9040-m0,debugging,-3.75,-4.244219322440868
model_agnostic_replication_behavior-612146e7111a9040-m1,debugging,-4.25,-2.7623715030147853
model_agnostic_replication_behavior-615c5894bd696b1d-m0,effort,3.5,1.7722550516400728
model_agnostic_replication_behavior-615c5894bd696b1d-m1,effort,2.125,1.4225555874632798
model_agnostic_replication_behavior-61bab03b7877e229-m0,foraging,-3.125,0.7231454710596334
model_agnostic_replication_behavior-61bab03b7877e229-m1,foraging,-3.5,1.1146277691394963
model_agnostic_replication_behavior-622576f8901553d2-m0,bandit,11.3125,6.828698800265268
model_agnostic_replication_behavior-622576f8901553d2-m1,bandit,10.375,6.832161813127627
model_agnostic_replication_behavior-6230a439f569f8db-m0,debugging,-4.0,1.011838107750059
model_agnostic_replication_behavior-6230a439f569f8db-m1,debugging,0.625,2.4936859271761413
model_agnostic_replication_behavior-6233c09337b6442f-m0,foraging,0.24999999999999992,-1.8743748842077452
model_agnostic_replication_behavior-6233c09337b6442f-m1,foraging,-1.25,-1.4828925861278814
model_agnostic_replication_behavior-62376fe3aa0921db-m0,debugging,-3.875,-1.0810467381820095
model_agnostic_replication_behavior-62376fe3aa0921db-m1,debugging,-2.875,0.400801081244073
model_agnostic_replication_behavior-62397028b568bcca-m0,solvability,6.875,0.5262492001865664
model_agnostic_replication_behavior-62397028b568bcca-m1,solvability,6.0,0.6342468240779549
model_agnostic_replication_behavior-623f7b5c5ad391f2-m0,waiting,7.5,7.968295723515896
model_agnostic_replication_behavior-623f7b5c5ad391f2-m1,waiting,8.25,7.957321199615446
model_agnostic_replication_behavior-629136a9efe1146e-m0,waiting,7.25,7.86684511648246
model_agnostic_replication_behavior-629136a9efe1146e-m1,waiting,7.625,7.855870592582009
model_agnostic_replication_behavior-6324fb4c5137a3d7-m0,effort,7.875,8.259944031099218
model_agnostic_replication_behavior-6324fb4c5137a3d7-m1,effort,6.5,7.910244566922425
model_agnostic_replication_behavior-633803ec801a8361-m0,effort,1.8749999999999998,-1.3077477070955514
model_agnostic_replication_behavior-633803ec801a8361-m1,effort,0.625,-1.6574471712723446
model_agnostic_replication_behavior-6368b11428cbab5a-m0,solvability,-12.0,-10.42729379142385
model_agnostic_replication_behavior-6368b11428cbab5a-m1,solvability,-8.875,-10.319296167532462
model_agnostic_replication_behavior-638ddc873eda256d-m0,bandit,-4.75,-0.7238039951940121
model_agnostic_replication_behavior-638ddc873eda256d-m1,bandit,-4.875,-0.7203409823316529
model_agnostic_replication_behavior-639c04c6902fca5b-m0,information_sampling,-0.7500000000000001,1.3386901061663683
model_agnostic_replication_behavior-639c04c6902fca5b-m1,information_sampling,-0.37499999999999994,-0.6582806325455488
model_agnostic_replication_behavior-639de2d52f328eb7-m0,solvability,-10.5,-10.540375201689493
model_agnostic_replication_behavior-639de2d52f328eb7-m1,solvability,-9.875,-10.432377577798103
model_agnostic_replication_behavior-63df0b182805f065-m0,information_sampling,2.375,3.292458335580575
model_agnostic_replication_behavior-63df0b182805f065-m1,information_sampling,2.0,1.295487596868658
model_agnostic_replication_behavior-63e18f66a844a52d-m0,effort,1.25,0.6509888626121452
model_agnostic_replication_behavior-63e18f66a844a52d-m1,effort,1.8749999999999998,0.3012893984353521
model_agnostic_replication_behavior-63f036aa6f1d6831-m0,effort,2.25,0.413042601801175
model_agnostic_replication_behavior-63f036aa6f1d6831-m1,effort,2.125,0.06334313762438182
model_agnostic_replication_behavior-6405d99c270c2755-m0,bandit,-2.125,-2.5545382984760128
model_agnostic_replication_behavior-6405d99c270c2755-m1,bandit,-3.5,-2.551075285613654
model_agnostic_replication_behavior-64212767e757765c-m0,debugging,-5.0,-4.007968092038449
model_agnostic_replication_behavior-64212767e757765c-m1,debugging,-3.125,-2.526120272612366
model_agnostic_replication_behavior-643f42843117f083-m0,bandit,5.25,2.120052469974951
model_agnostic_replication_behavior-643f42843117f083-m1,bandit,4.0,2.12351548283731
model_agnostic_replication_behavior-64aa2192710e7d42-m0,solvability,7.625,3.9020934789946304
model_agnostic_replication_behavior-64aa2192710e7d42-m1,solvability,5.0,4.010091102886019
model_agnostic_replication_behavior-64fce967120fa695-m0,solvability,-2.625,-6.1306882009047055
model_agnostic_replication_behavior-64fce967120fa695-m1,solvability,-4.625,-6.022690577013316
model_agnostic_replication_behavior-65162e39c38e5db8-m0,effort,4.25,1.8709518670103367
model_agnostic_replication_behavior-65162e39c38e5db8-m1,effort,3.625,1.5212524028335435
model_agnostic_replication_behavior-656095579b43eb28-m0,information_sampling,3.125,5.151788324043089
model_agnostic_replication_behavior-656095579b43eb28-m1,information_sampling,2.0,3.1548175853311715
model_agnostic_replication_behavior-656a809a3dbcd6bd-m0,effort,-6.0,-6.895624124841188
model_agnostic_replication_behavior-656a809a3dbcd6bd-m1,effort,-6.125,-7.24532358901798
model_agnostic_replication_behavior-65958bdac7f6c8a3-m0,solvability,-1.421875,-4.255419450222227
model_agnostic_replication_behavior-65958bdac7f6c8a3-m1,solvability,1.09375,-4.14742182633084
model_agnostic_replication_behavior-65f11026cc892904-m0,solvability,-0.37499999999999994,1.3217362414029288
model_agnostic_replication_behavior-65f11026cc892904-m1,solvability,2.25,1.4297338652943172
model_agnostic_replication_behavior-65fab96187d772ae-m0,information_sampling,-2.375,-1.0148498489034141
model_agnostic_replication_behavior-65fab96187d772ae-m1,information_sampling,-5.0,-3.0118205876153312
model_agnostic_replication_behavior-6618e4557e8cc921-m0,waiting,3.125,5.336540481780879
model_agnostic_replication_behavior-6618e4557e8cc921-m1,waiting,4.75,5.325565957880428
model_agnostic_replication_behavior-668b650574d3ac22-m0,foraging,2.625,-1.2986458393656604
model_agnostic_replication_behavior-668b650574d3ac22-m1,foraging,0.8750000000000001,-0.907163541285797
model_agnostic_replication_behavior-669bcbf6893e526f-m0,effort,6.375,3.7096799595233483
model_agnostic_replication_behavior-669bcbf6893e526f-m1,effort,5.125,3.359980495346555
model_agnostic_replication_behavior-66c640a6c48d9703-m0,waiting,5.125,1.7451980658324593
model_agnostic_replication_behavior-66c640a6c48d9703-m1,waiting,4.875,1.7342235419320091
model_agnostic_replication_behavior-66e1bc980339f284-m0,waiting,3.125,2.332359585790406
model_agnostic_replication_behavior-66e1bc980339f284-m1,waiting,1.25,2.3213850618899556
model_agnostic_replication_behavior-66f3d132267e77a9-m0,solvability,-3.0,-3.1532475072251755
model_agnostic_replication_behavior-66f3d132267e77a9-m1,solvability,-4.375,-3.045249883333787
model_agnostic_replication_behavior-67008621f5409878-m0,waiting,7.5,5.344033733728077
model_agnostic_replication_behavior-67008621f5409878-m1,waiting,8.25,5.333059209827628
model_agnostic_replication_behavior-67095842611af360-m0,waiting,10.6875,11.780063103834976
model_agnostic_replication_behavior-67095842611af360-m1,waiting,10.125,11.769088579934525
model_agnostic_replication_behavior-6730abb08d10a71a-m0,foraging,0.625,-1.0315366784462061
model_agnostic_replication_behavior-6730abb08d10a71a-m1,foraging,3.25,-0.6400543803663428
model_agnostic_replication_behavior-67ab4dc5f29d1a3e-m0,bandit,6.125,2.1620200096149977
model_agnostic_replication_behavior-67ab4dc5f29d1a3e-m1,bandit,5.0,2.165483022477357
model_agnostic_replication_behavior-67c15091b8b02790-m0,information_sampling,3.5,2.8535568992316116
model_agnostic_replication_behavior-67c15091b8b02790-m1,information_sampling,3.5,0.856586160519694
model_agnostic_replication_behavior-67f1f43fd372a5e6-m0,debugging,3.875,1.650788741767901
model_agnostic_replication_behavior-67f1f43fd372a5e6-m1,debugging,5.375,3.1326365611939835
model_agnostic_replication_behavior-681f45967e5099d4-m0,information_sampling,2.875,2.691086461235826
model_agnostic_replication_behavior-681f45967e5099d4-m1,information_sampling,2.875,0.6941157225239087
model_agnostic_replication_behavior-6835cdf4e8e9ee72-m0,waiting,3.625,1.4525546695045344
model_agnostic_replication_behavior-6835cdf4e8e9ee72-m1,waiting,4.5,1.441580145604084
model_agnostic_replication_behavior-68380dc32add63fe-m0,debugging,-6.0,-5.2417144367604225
model_agnostic_replication_behavior-68380dc32add63fe-m1,debugging,-4.625,-3.75986661733434
model_agnostic_replication_behavior-68a80c858c865a6f-m0,information_sampling,4.875,3.2561433691770043
model_agnostic_replication_behavior-68a80c858c865a6f-m1,information_sampling,1.25,1.259172630465087
model_agnostic_replication_behavior-68ae11c4abe9a4ae-m0,debugging,-0.37499999999999994,-1.1475026889001179
model_agnostic_replication_behavior-68ae11c4abe9a4ae-m1,debugging,1.25,0.3343451305259648
model_agnostic_replication_behavior-68e05cead3863265-m0,solvability,-1.7499999999999998,-1.97354238130908
model_agnostic_replication_behavior-68e05cead3863265-m1,solvability,-0.7500000000000001,-1.8655447574176915
model_agnostic_replication_behavior-68f3cef6eeb9d4af-m0,information_sampling,0.0,-0.21364617650427764
model_agnostic_replication_behavior-68f3cef6eeb9d4af-m1,information_sampling,-2.5,-2.210616915216195
model_agnostic_replication_behavior-690f7412fdbe91e6-m0,waiting,0.7500000000000002,1.0407443684608617
model_agnostic_replication_behavior-690f7412fdbe91e6-m1,waiting,2.0,1.0297698445604113
model_agnostic_replication_behavior-695669daa810eccd-m0,foraging,-6.125,-0.3547474010319245
model_agnostic_replication_behavior-695669daa810eccd-m1,foraging,-5.875,0.036734897047939086
model_agnostic_replication_behavior-697a7ee2c95a6893-m0,debugging,0.5,-1.4340990334063444
model_agnostic_replication_behavior-697a7ee2c95a6893-m1,debugging,3.0,0.04774878601973809
model_agnostic_replication_behavior-6982fb17e6f789a6-m0,debugging,-2.625,-3.1747788416098777
model_agnostic_replication_behavior-6982fb17e6f789a6-m1,debugging,2.125,-1.6929310221837948
model_agnostic_replication_behavior-699a3744eeb18eea-m0,solvability,1.3750000000000002,0.7986390251783133
model_agnostic_replication_behavior-699a3744eeb18eea-m1,solvability,0.37499999999999994,0.9066366490697022
model_agnostic_replication_behavior-69c2cbef7ef58b34-m0,foraging,-3.625,-4.290742514917389
model_agnostic_replication_behavior-69c2cbef7ef58b34-m1,foraging,-2.5,-3.8992602168375257
model_agnostic_replication_behavior-69cdfdb613f3baee-m0,debugging,5.25,1.1579709895585861
model_agnostic_replication_behavior-69cdfdb613f3baee-m1,debugging,6.25,2.6398188089846686
model_agnostic_replication_behavior-6a2a854c9bad0604-m0,solvability,6.25,5.585247815361006
model_agnostic_replication_behavior-6a2a854c9bad0604-m1,solvability,5.875,5.6932454392523955
model_agnostic_replication_behavior-6a7dc93c98330b64-m0,waiting,9.75,10.088691025623962
model_agnostic_replication_behavior-6a7dc93c98330b64-m1,waiting,9.125,10.077716501723511
model_agnostic_replication_behavior-6aa1e4048aaae233-m0,information_sampling,0.37499999999999994,0.682067687802995
model_agnostic_replication_behavior-6aa1e4048aaae233-m1,information_sampling,-3.75,-1.314903050908923
model_agnostic_replication_behavior-6ae0e9e21bbadc66-m0,solvability,2.99609375,12.360237233650174
model_agnostic_replication_behavior-6ae0e9e21bbadc66-m1,solvability,0.5312499999999999,12.468234857541564
model_agnostic_replication_behavior-6af75d8bbbf61838-m0,solvability,9.25,7.5203168229714805
model_agnostic_replication_behavior-6af75d8bbbf61838-m1,solvability,8.3125,7.62831444686287
model_agnostic_replication_behavior-6b4297883be6b3be-m0,waiting,2.0,4.093183412025146
model_agnostic_replication_behavior-6b4297883be6b3be-m1,waiting,2.875,4.082208888124697
model_agnostic_replication_behavior-6b4b41c156dddea1-m0,foraging,-2.25,-2.059139164754423
model_agnostic_replication_behavior-6b4b41c156dddea1-m1,foraging,-2.0,-1.6676568666745593
model_agnostic_replication_behavior-6b66aa88504d8bf5-m0,waiting,5.625,7.062094127709663
model_agnostic_replication_behavior-6b66aa88504d8bf5-m1,waiting,5.0,7.051119603809214
model_agnostic_replication_behavior-6b7c9af601f7199e-m0,information_sampling,4.125,4.529180343228097
model_agnostic_replication_behavior-6b7c9af601f7199e-m1,information_sampling,3.25,2.53220960451618
model_agnostic_replication_behavior-6b8a967cb60c76bb-m0,effort,-3.75,-2.6078242701588175
model_agnostic_replication_behavior-6b8a967cb60c76bb-m1,effort,-4.25,-2.9575237343356107
model_agnostic_replication_behavior-6bcd450ab65c4467-m0,bandit,-7.875,-1.149500764386074
model_agnostic_replication_behavior-6bcd450ab65c4467-m1,bandit,-6.875,-1.1460377515237148
model_agnostic_replication_behavior-6d002a6ab68a87ee-m0,effort,1.48046875,2.383120170430355
model_agnostic_replication_behavior-6d002a6ab68a87ee-m1,effort,-0.2578125000000001,2.0334207062535614
model_agnostic_replication_behavior-6d054a3455b4641b-m0,bandit,8.75,5.932647101619799
model_agnostic_replication_behavior-6d054a3455b4641b-m1,bandit,8.375,5.936110114482157
model_agnostic_replication_behavior-6d4ab805ecfeb044-m0,information_sampling,2.125,3.060545479611142
model_agnostic_replication_behavior-6d4ab805ecfeb044-m1,information_sampling,-0.25,1.0635747408992247
model_agnostic_replication_behavior-6d69775e991d03a2-m0,foraging,6.625,5.077576144370291
model_agnostic_replication_behavior-6d69775e991d03a2-m1,foraging,5.25,5.469058442450154
model_agnostic_replication_behavior-6d6a2bb6b670c069-m0,foraging,9.625,7.40300825231577
model_agnostic_replication_behavior-6d6a2bb6b670c069-m1,foraging,8.75,7.7944905503956345
model_agnostic_replication_behavior-6d7eaf9e7cb4a57a-m0,waiting,-3.375,-2.9702081667886944
model_agnostic_replication_behavior-6d7eaf9e7cb4a57a-m1,waiting,-4.0,-2.9811826906891445
model_agnostic_replication_behavior-6dc5f2c0dc0f6bcb-m0,foraging,0.37499999999999994,1.5639583321534378
model_agnostic_replication_behavior-6dc5f2c0dc0f6bcb-m1,foraging,1.8749999999999998,1.9554406302333016
model_agnostic_replication_behavior-6dcdc8d20becda58-m0,bandit,1.8749999999999998,0.5814503021708217
model_agnostic_replication_behavior-6dcdc8d20becda58-m1,bandit,3.75,0.5849133150331807
model_agnostic_replication_behavior-6dd51328705067d4-m0,bandit,12.375,7.416233764344296
model_agnostic_replication_behavior-6dd51328705067d4-m1,bandit,8.75,7.4196967772066555
model_agnostic_replication_behavior-6deca607ec107625-m0,debugging,6.0,2.5409448643573436
model_agnostic_replication_behavior-6deca607ec107625-m1,debugging,7.125,4.022792683783425
model_agnostic_replication_behavior-6df0b3c85670584b-m0,information_sampling,0.125,0.2752619691241871
model_agnostic_replication_behavior-6df0b3c85670584b-m1,information_sampling,0.24999999999999992,-1.72170876958773
model_agnostic_replication_behavior-6e3e60f63e2eaf0f-m0,bandit,15.3125,14.60037402813006
model_agnostic_replication_behavior-6e3e60f63e2eaf0f-m1,bandit,12.0625,14.603837040992419
model_agnostic_replication_behavior-6e46d5eec1c01df4-m0,information_sampling,3.0,3.560816002559825
model_agnostic_replication_behavior-6e46d5eec1c01df4-m1,information_sampling,2.0,1.5638452638479081
model_agnostic_replication_behavior-6e7878cd0f6c37f1-m0,information_sampling,5.875,5.222721141407339
model_agnostic_replication_behavior-6e7878cd0f6c37f1-m1,information_sampling,4.125,3.2257504026954216
model_agnostic_replication_behavior-6e7eb2b66e2e83fa-m0,bandit,-6.25,-7.256969433226843
model_agnostic_replication_behavior-6e7eb2b66e2e83fa-m1,bandit,-6.625,-7.253506420364484
model_agnostic_replication_behavior-6e9ada5e6500a6bb-m0,effort,5.25,1.9381853590480516
model_agnostic_replication_behavior-6e9ada5e6500a6bb-m1,effort,4.25,1.588485894871258
model_agnostic_replication_behavior-6ed66e9695a6e84f-m0,foraging,7.25,2.4713383164923153
model_agnostic_replication_behavior-6ed66e9695a6e84f-m1,foraging,6.875,2.862820614572178
model_agnostic_replication_behavior-6ef112de7fbbfc90-m0,foraging,10.375,4.31682045713275
model_agnostic_replication_behavior-6ef112de7fbbfc90-m1,foraging,8.625,4.708302755212614
model_agnostic_replication_behavior-6f01e9f7e043397c-m0,effort,-1.625,-1.993518949134536
model_agnostic_replication_behavior-6f01e9f7e043397c-m1,effort,-1.625,-2.3432184133113294
model_agnostic_replication_behavior-6f179bd00659e78a-m0,information_sampling,-1.5,-0.8234901328876145
model_agnostic_replication_behavior-6f179bd00659e78a-m1,information_sampling,-3.25,-2.820460871599532
model_agnostic_replication_behavior-6f2ea93c3ebdf802-m0,waiting,8.125,4.528047897924394
model_agnostic_replication_behavior-6f2ea93c3ebdf802-m1,waiting,7.25,4.517073374023944
model_agnostic_replication_behavior-6f881c536bb24932-m0,debugging,-8.9375,-8.880351733201286
model_agnostic_replication_behavior-6f881c536bb24932-m1,debugging,-6.625,-7.398503913775204
model_agnostic_replication_behavior-6f927f56a9d7b000-m0,information_sampling,1.625,1.7276604092219219
model_agnostic_replication_behavior-6f927f56a9d7b000-m1,information_sampling,-2.625,-0.2693103294899952
model_agnostic_replication_behavior-6f98f7647ee9f359-m0,solvability,11.0,14.36137576872335
model_agnostic_replication_behavior-6f98f7647ee9f359-m1,solvability,11.0625,14.46937339261474
model_agnostic_replication_behavior-6fef82dba41a32a3-m0,bandit,7.0,1.8513022458770436
model_agnostic_replication_behavior-6fef82dba41a32a3-m1,bandit,6.25,1.854765258739402
model_agnostic_replication_behavior-6ff3891b9f53fbe5-m0,solvability,5.5,3.961057979176888
model_agnostic_replication_behavior-6ff3891b9f53fbe5-m1,solvability,1.3750000000000002,4.069055603068277
model_agnostic_replication_behavior-703bc4b6bbaefa7b-m0,debugging,-4.75,-4.929394256923135
model_agnostic_replication_behavior-703bc4b6bbaefa7b-m1,debugging,-3.25,-3.447546437497051
model_agnostic_replication_behavior-70413389cfe39833-m0,foraging,-5.5,-4.3264526203212075
model_agnostic_replication_behavior-70413389cfe39833-m1,foraging,-5.0,-3.9349703222413446
model_agnostic_replication_behavior-70515f7c0123fdbd-m0,effort,5.125,1.9803536027501494
model_agnostic_replication_behavior-70515f7c0123fdbd-m1,effort,4.0,1.6306541385733562
model_agnostic_replication_behavior-70525641e6968be1-m0,foraging,6.25,0.6260700780258375
model_agnostic_replication_behavior-70525641e6968be1-m1,foraging,4.375,1.0175523761057013
model_agnostic_replication_behavior-70633c2081c44b77-m0,debugging,-8.5625,-10.752504295414969
model_agnostic_replication_behavior-70633c2081c44b77-m1,debugging,-8.125,-9.270656475988888
model_agnostic_replication_behavior-708a25e5ba44ab0c-m0,effort,-2.5,-1.3341477233907768
model_agnostic_replication_behavior-708a25e5ba44ab0c-m1,effort,-2.875,-1.68384718756757
model_agnostic_replication_behavior-709c0c359a3eec19-m0,information_sampling,1.25,-1.5420125548928285
model_agnostic_replication_behavior-709c0c359a3eec19-m1,information_sampling,-2.25,-3.538983293604746
model_agnostic_replication_behavior-70af5584e5dbbaf7-m0,bandit,13.1875,7.575841252005615
model_agnostic_replication_behavior-70af5584e5dbbaf7-m1,bandit,11.9375,7.579304264867974
model_agnostic_replication_behavior-70d4910bf009b7f9-m0,information_sampling,3.25,2.4732578046589273
model_agnostic_replication_behavior-70d4910bf009b7f9-m1,information_sampling,1.75,0.4762870659470093
model_agnostic_replication_behavior-714ec829bf72b976-m0,waiting,5.5,2.121255007518723
model_agnostic_replication_behavior-714ec829bf72b976-m1,waiting,5.75,2.110280483618273
model_agnostic_replication_behavior-71818a7d1ff10a9f-m0,information_sampling,0.625,0.715907246689981
model_agnostic_replication_behavior-71818a7d1ff10a9f-m1,information_sampling,-2.75,-1.2810634920219366
model_agnostic_replication_behavior-7191a05d0261b544-m0,solvability,-9.9375,-3.2425275198543884
model_agnostic_replication_behavior-7191a05d0261b544-m1,solvability,-8.9375,-3.1345298959630004
model_agnostic_replication_behavior-719b7374f2225e22-m0,foraging,-2.125,-1.789447586714276
model_agnostic_replication_behavior-719b7374f2225e22-m1,foraging,-2.5,-1.3979652886344123
model_agnostic_replication_behavior-71bc468f8b29f4b8-m0,solvability,8.5625,6.510252212048254
model_agnostic_replication_behavior-71bc468f8b29f4b8-m1,solvability,7.75,6.618249835939643
model_agnostic_replication_behavior-7226fb9c631eb04b-m0,bandit,-5.125,-5.110253413816727
model_agnostic_replication_behavior-7226fb9c631eb04b-m1,bandit,-7.375,-5.106790400954368
model_agnostic_replication_behavior-72397753399a4614-m0,debugging,0.24999999999999992,0.14077220161223436
model_agnostic_replication_behavior-72397753399a4614-m1,debugging,3.0,1.622620021038317
model_agnostic_replication_behavior-726fd19082e38d44-m0,debugging,-2.625,-1.1395281169992075
model_agnostic_replication_behavior-726fd19082e38d44-m1,debugging,-0.8750000000000002,0.34231970242687515
model_agnostic_replication_behavior-72cc88f8be62876a-m0,waiting,0.5,0.7630837677984451
model_agnostic_replication_behavior-72cc88f8be62876a-m1,waiting,0.37499999999999994,0.7521092438979949
model_agnostic_replication_behavior-735c214b04f60c3e-m0,foraging,2.875,1.638507114822138
model_agnostic_replication_behavior-735c214b04f60c3e-m1,foraging,4.0,2.029989412902002
model_agnostic_replication_behavior-73b3cacec30c4000-m0,information_sampling,4.375,4.999992307004851
model_agnostic_replication_behavior-73b3cacec30c4000-m1,information_sampling,4.0,3.003021568292935
model_agnostic_replication_behavior-73c35347d8d5a350-m0,effort,-4.25,-1.5417500694331197
model_agnostic_replication_behavior-73c35347d8d5a350-m1,effort,-3.75,-1.8914495336099129
model_agnostic_replication_behavior-73c59758d674fe12-m0,foraging,-8.75,-6.771242679307636
model_agnostic_replication_behavior-73c59758d674fe12-m1,foraging,-8.625,-6.379760381227773
model_agnostic_replication_behavior-742ec92aac30b4e2-m0,solvability,12.75,8.129470196083556
model_agnostic_replication_behavior-742ec92aac30b4e2-m1,solvability,11.5,8.237467819974945
model_agnostic_replication_behavior-74555c28b57ba636-m0,bandit,1.1328125,-1.882000920083231
model_agnostic_replication_behavior-74555c28b57ba636-m1,bandit,-1.59375,-1.8785379072208728
model_agnostic_replication_behavior-74645aa8acc90291-m0,solvability,-1.625,-1.3756470960794296
model_agnostic_replication_behavior-74645aa8acc90291-m1,solvability,1.75,-1.2676494721880411
model_agnostic_replication_behavior-74888b6e3e76c540-m0,foraging,7.25,2.1580154260234634
model_agnostic_replication_behavior-74888b6e3e76c540-m1,foraging,5.5,2.549497724103327
model_agnostic_replication_behavior-7496270f0e7afee1-m0,solvability,-7.25,-4.93801555169207
model_agnostic_replication_behavior-7496270f0e7afee1-m1,solvability,-7.125,-4.8300179278006805
model_agnostic_replication_behavior-74a511f72ea3129d-m0,foraging,4.5,1.8376001934456034
model_agnostic_replication_behavior-74a511f72ea3129d-m1,foraging,4.75,2.2290824915254674
model_agnostic_replication_behavior-74c75964d1b6d986-m0,information_sampling,4.75,5.188041359401166
model_agnostic_replication_behavior-74c75964d1b6d986-m1,information_sampling,3.0,3.1910706206892483
model_agnostic_replication_behavior-74cb4f2cedb8dec0-m0,effort,2.625,1.661450537363951
model_agnostic_replication_behavior-74cb4f2cedb8dec0-m1,effort,1.125,1.3117510731871578
model_agnostic_replication_behavior-74ced97f7105da89-m0,bandit,-9.1875,-5.654376354650358
model_agnostic_replication_behavior-74ced97f7105da89-m1,bandit,-9.9375,-5.650913341788
model_agnostic_replication_behavior-74e0731ed1a12134-m0,information_sampling,2.75,1.003902767874759
model_agnostic_replication_behavior-74e0731ed1a12134-m1,information_sampling,1.75,-0.9930679708371584
model_agnostic_replication_behavior-74f46216bd20583e-m0,bandit,-12.1875,-8.774417925089816
model_agnostic_replication_behavior-74f46216bd20583e-m1,bandit,-10.8125,-8.770954912227456
model_agnostic_replication_behavior-74fe28e0cae0feaf-m0,solvability,-10.5,-7.231046975057769
model_agnostic_replication_behavior-74fe28e0cae0feaf-m1,solvability,-9.5,-7.1230493511663795
model_agnostic_replication_behavior-758acbf8c8f9b684-m0,foraging,-0.25,-1.1363542525526087
model_agnostic_replication_behavior-758acbf8c8f9b684-m1,foraging,-2.5,-0.7448719544727449
model_agnostic_replication_behavior-759e54209fe55287-m0,information_sampling,3.25,4.693433967054908
model_agnostic_replication_behavior-759e54209fe55287-m1,information_sampling,1.625,2.6964632283429903
model_agnostic_replication_behavior-75a5ee70f66766eb-m0,solvability,-8.25,-2.616047995595886
model_agnostic_replication_behavior-75a5ee70f66766eb-m1,solvability,-5.75,-2.5080503717044977
model_agnostic_replication_behavior-75d774094d13ace3-m0,information_sampling,-1.5,-1.226946488956501
model_agnostic_replication_behavior-75d774094d13ace3-m1,information_sampling,-3.75,-3.2239172276684185
model_agnostic_replication_behavior-75ed5500b28a95a7-m0,waiting,1.75,2.8232629764726433
model_agnostic_replication_behavior-75ed5500b28a95a7-m1,waiting,0.24999999999999992,2.812288452572193
model_agnostic_replication_behavior-75f1cc3cd9e8c552-m0,debugging,-4.375,-1.4446790492135648
model_agnostic_replication_behavior-75f1cc3cd9e8c552-m1,debugging,-3.5,0.037168770212517854
model_agnostic_replication_behavior-7642ee97577164ad-m0,debugging,-4.25,-1.4833316021813656
model_agnostic_replication_behavior-7642ee97577164ad-m1,debugging,-1.5,-0.0014837827552831584
model_agnostic_replication_behavior-76525a13599f894c-m0,waiting,9.8125,10.619922803904393
model_agnostic_replication_behavior-76525a13599f894c-m1,waiting,10.0,10.608948280003943
model_agnostic_replication_behavior-7660b6e84eef795d-m0,debugging,3.375,2.54901545477337
model_agnostic_replication_behavior-7660b6e84eef795d-m1,debugging,-0.5,4.030863274199452
model_agnostic_replication_behavior-76976291cf2d7022-m0,bandit,12.25,9.698412134388867
model_agnostic_replication_behavior-76976291cf2d7022-m1,bandit,10.4375,9.701875147251227
model_agnostic_replication_behavior-769889e4e584e252-m0,debugging,-1.7499999999999998,1.7210658040349467
model_agnostic_replication_behavior-769889e4e584e252-m1,debugging,2.75,3.202913623461029
model_agnostic_replication_behavior-76cbfacca857ca73-m0,waiting,6.0,4.732426458319686
model_agnostic_replication_behavior-76cbfacca857ca73-m1,waiting,6.75,4.7214519344192345
model_agnostic_replication_behavior-76dd71127faaf927-m0,bandit,8.375,6.702268489774349
model_agnostic_replication_behavior-76dd71127faaf927-m1,bandit,6.125,6.705731502636709
model_agnostic_replication_behavior-76e23148a15230da-m0,waiting,0.625,1.4021667594766907
model_agnostic_replication_behavior-76e23148a15230da-m1,waiting,3.25,1.39119223557624
model_agnostic_replication_behavior-7703e77b4876a93e-m0,foraging,7.5,5.761186785545016
model_agnostic_replication_behavior-7703e77b4876a93e-m1,foraging,6.375,6.152669083624879
model_agnostic_replication_behavior-771c255db282bf26-m0,bandit,-3.5,1.6711814692400577
model_agnostic_replication_behavior-771c255db282bf26-m1,bandit,1.8749999999999998,1.674644482102417
model_agnostic_replication_behavior-774195ac6ba642c3-m0,effort,-4.75,-5.519111593475401
model_agnostic_replication_behavior-774195ac6ba642c3-m1,effort,-4.625,-5.868811057652194
model_agnostic_replication_behavior-781cc9cb1cac7859-m0,waiting,9.8125,12.471211754520482
model_agnostic_replication_behavior-781cc9cb1cac7859-m1,waiting,9.625,12.46023723062003
model_agnostic_replication_behavior-784518d0e0abffb1-m0,solvability,-6.375,-3.940641358440455
model_agnostic_replication_behavior-784518d0e0abffb1-m1,solvability,-5.5,-3.8326437345490674
model_agnostic_replication_behavior-786ea72c31000155-m0,information_sampling,5.125,3.606486365045804
model_agnostic_replication_behavior-786ea72c31000155-m1,information_sampling,2.0,1.6095156263338866
model_agnostic_replication_behavior-7870dd6110c94643-m0,debugging,-4.5,-4.217235136202973
model_agnostic_replication_behavior-7870dd6110c94643-m1,debugging,-3.75,-2.7353873167768903
model_agnostic_replication_behavior-7881606d081faa6b-m0,foraging,-0.5,4.136030629283758
model_agnostic_replication_behavior-7881606d081faa6b-m1,foraging,2.125,4.527512927363622
model_agnostic_replication_behavior-788b9ffd554cfb7e-m0,solvability,9.6875,7.620475830600819
model_agnostic_replication_behavior-788b9ffd554cfb7e-m1,solvability,10.25,7.7284734544922085
model_agnostic_replication_behavior-78acf52aaa4402ae-m0,foraging,8.5,4.9615952203121445
model_agnostic_replication_behavior-78acf52aaa4402ae-m1,foraging,7.0,5.353077518392007
model_agnostic_replication_behavior-78e3742259f81fff-m0,waiting,1.75,0.6340051188468139
model_agnostic_replication_behavior-78e3742259f81fff-m1,waiting,-1.625,0.6230305949463637
model_agnostic_replication_behavior-78f81eda495447f4-m0,solvability,5.75,3.2647759635801323
model_agnostic_replication_behavior-78f81eda495447f4-m1,solvability,5.0,3.372773587471521
model_agnostic_replication_behavior-79167a66bced6b04-m0,solvability,-11.75,-12.43466222977188
model_agnostic_replication_behavior-79167a66bced6b04-m1,solvability,-10.25,-12.32666460588049
model_agnostic_replication_behavior-791d74339a396d9f-m0,bandit,11.5625,7.508936207541826
model_agnostic_replication_behavior-791d74339a396d9f-m1,bandit,9.875,7.512399220404185
model_agnostic_replication_behavior-79453832fbffe56a-m0,foraging,2.375,2.2049079910656673
model_agnostic_replication_behavior-79453832fbffe56a-m1,foraging,3.625,2.59639028914553
model_agnostic_replication_behavior-794beeef699c75ee-m0,debugging,5.375,2.3400442406783313
model_agnostic_replication_behavior-794beeef699c75ee-m1,debugging,7.375,3.821892060104414
model_agnostic_replication_behavior-79731a12d5c66808-m0,bandit,-10.875,-11.17603898410539
model_agnostic_replication_behavior-79731a12d5c66808-m1,bandit,-10.1875,-11.172575971243031
model_agnostic_replication_behavior-79827561e3e53b33-m0,effort,-7.5,-2.984665924625567
model_agnostic_replication_behavior-79827561e3e53b33-m1,effort,-8.0,-3.33436538880236
model_agnostic_replication_behavior-798b01f4dfefeb0d-m0,information_sampling,4.25,3.9685385308881846
model_agnostic_replication_behavior-798b01f4dfefeb0d-m1,information_sampling,2.5,1.9715677921762675
model_agnostic_replication_behavior-79901642ccf793fe-m0,solvability,-0.046874999999999965,-5.103474117051107
model_agnostic_replication_behavior-79901642ccf793fe-m1,solvability,-0.5468749999999999,-4.995476493159719
model_agnostic_replication_behavior-799815895dc6063a-m0,waiting,5.375,6.177972168488731
model_agnostic_replication_behavior-799815895dc6063a-m1,waiting,6.125,6.166997644588281
model_agnostic_replication_behavior-79cc2dfa25aadc09-m0,bandit,-3.875,-5.655213416617698
model_agnostic_replication_behavior-79cc2dfa25aadc09-m1,bandit,-4.375,-5.651750403755339
model_agnostic_replication_behavior-79ee07967bb968d4-m0,waiting,-3.0,-1.4660289089924579
model_agnostic_replication_behavior-79ee07967bb968d4-m1,waiting,-1.625,-1.477003432892908
model_agnostic_replication_behavior-7a8540ee95e56321-m0,effort,6.5,6.622283979919821
model_agnostic_replication_behavior-7a8540ee95e56321-m1,effort,5.625,6.272584515743028
model_agnostic_replication_behavior-7acc359bd1e07957-m0,bandit,-13.375,-11.554474133941202
model_agnostic_replication_behavior-7acc359bd1e07957-m1,bandit,-11.8125,-11.551011121078842
model_agnostic_replication_behavior-7acd44fd40579e33-m0,solvability,0.8750000000000001,0.42352528670567513
model_agnostic_replication_behavior-7acd44fd40579e33-m1,solvability,-1.375,0.5315229105970634
model_agnostic_replication_behavior-7afb8917fa0ac065-m0,effort,2.25,3.026267449760164
model_agnostic_replication_behavior-7afb8917fa0ac065-m1,effort,3.375,2.676567985583371
model_agnostic_replication_behavior-7b49749f87342d28-m0,foraging,2.625,3.9395966675767573
model_agnostic_replication_behavior-7b49749f87342d28-m1,foraging,4.25,4.33107896565662
model_agnostic_replication_behavior-7b4fb1c62bf60381-m0,waiting,5.75,5.5955820339628035
model_agnostic_replication_behavior-7b4fb1c62bf60381-m1,waiting,4.625,5.584607510062353
model_agnostic_replication_behavior-7b7a9ae860f90cca-m0,information_sampling,4.375,2.7395375123975314
model_agnostic_replication_behavior-7b7a9ae860f90cca-m1,information_sampling,0.24999999999999992,0.7425667736856139
model_agnostic_replication_behavior-7b9d3cdaa0b4f064-m0,effort,-4.375,-2.0954014846132347
model_agnostic_replication_behavior-7b9d3cdaa0b4f064-m1,effort,-4.5,-2.445100948790028
model_agnostic_replication_behavior-7bc40abccc68e49e-m0,information_sampling,4.625,6.175901533428163
model_agnostic_replication_behavior-7bc40abccc68e49e-m1,information_sampling,2.25,4.178930794716245
model_agnostic_replication_behavior-7bfd4e47d3ef958b-m0,waiting,-2.5,-2.7199003197047222
model_agnostic_replication_behavior-7bfd4e47d3ef958b-m1,waiting,-2.25,-2.730874843605173
model_agnostic_replication_behavior-7c0375f282de432f-m0,waiting,7.5,6.719211216032334
model_agnostic_replication_behavior-7c0375f282de432f-m1,waiting,7.75,6.708236692131884
model_agnostic_replication_behavior-7c14256780502976-m0,debugging,-5.75,-3.157583438910791
model_agnostic_replication_behavior-7c14256780502976-m1,debugging,-0.7500000000000001,-1.6757356194847088
model_agnostic_replication_behavior-7c3d6a57e7f11931-m0,waiting,7.25,7.435711944411867
model_agnostic_replication_behavior-7c3d6a57e7f11931-m1,waiting,6.75,7.424737420511417
model_agnostic_replication_behavior-7c4d6c7fc7d3acc8-m0,bandit,-10.875,-10.227411331856363
model_agnostic_replication_behavior-7c4d6c7fc7d3acc8-m1,bandit,-10.1875,-10.223948318994005
model_agnostic_replication_behavior-7c8b5907141725bf-m0,information_sampling,-1.375,-0.09329794973509031
model_agnostic_replication_behavior-7c8b5907141725bf-m1,information_sampling,-2.375,-2.090268688447008
model_agnostic_replication_behavior-7ca3f10ed4e06ba2-m0,solvability,3.75,1.4840431097351028
model_agnostic_replication_behavior-7ca3f10ed4e06ba2-m1,solvability,2.25,1.5920407336264912
model_agnostic_replication_behavior-7d1fa84dd9f18db7-m0,solvability,0.625,-1.0906601664958004
model_agnostic_replication_behavior-7d1fa84dd9f18db7-m1,solvability,-2.0,-0.982662542604412
model_agnostic_replication_behavior-7d26082739b06856-m0,foraging,-6.75,-5.168314783488444
model_agnostic_replication_behavior-7d26082739b06856-m1,foraging,-5.125,-4.7768324854085815
model_agnostic_replication_behavior-7d3a3544d083c511-m0,bandit,5.5,1.81147752836616
model_agnostic_replication_behavior-7d3a3544d083c511-m1,bandit,4.375,1.814940541228519
model_agnostic_replication_behavior-7d5408bf2bbb7799-m0,effort,0.8750000000000001,-1.5634888145287262
model_agnostic_replication_behavior-7d5408bf2bbb7799-m1,effort,1.8749999999999998,-1.9131882787055194
model_agnostic_replication_behavior-7d72ca8587601c1a-m0,foraging,-5.75,-3.871341837786469
model_agnostic_replication_behavior-7d72ca8587601c1a-m1,foraging,-5.125,-3.479859539706606
model_agnostic_replication_behavior-7d9260937c45a046-m0,foraging,-2.875,0.12751098365691693
model_agnostic_replication_behavior-7d9260937c45a046-m1,foraging,-2.375,0.5189932817367804
model_agnostic_replication_behavior-7db34c314e436ad3-m0,foraging,-6.625,-4.643075722345323
model_agnostic_replication_behavior-7db34c314e436ad3-m1,foraging,-5.0,-4.25159342426546
model_agnostic_replication_behavior-7dbf0c8bb94232ca-m0,solvability,0.24999999999999992,-1.2143625281716701
model_agnostic_replication_behavior-7dbf0c8bb94232ca-m1,solvability,0.31249999999999994,-1.1063649042802817
model_agnostic_replication_behavior-7dc9e0188615299e-m0,information_sampling,3.625,2.015286172852046
model_agnostic_replication_behavior-7dc9e0188615299e-m1,information_sampling,1.5000000000000002,0.01831543414012904
model_agnostic_replication_behavior-7deddac5862f6699-m0,bandit,-6.375,-1.0756754516206957
model_agnostic_replication_behavior-7deddac5862f6699-m1,bandit,-7.0,-1.0722124387583365
model_agnostic_replication_behavior-7e0ef4bff9e5f7ab-m0,solvability,14.09375,12.308123653019411
model_agnostic_replication_behavior-7e0ef4bff9e5f7ab-m1,solvability,14.0,12.4161212769108
model_agnostic_replication_behavior-7e19d256b2019902-m0,effort,-1.5,1.5722178752978047
model_agnostic_replication_behavior-7e19d256b2019902-m1,effort,-3.125,1.2225184111210115
model_agnostic_replication_behavior-7e20c1a0154e2a17-m0,information_sampling,5.125,5.318701789977421
model_agnostic_replication_behavior-7e20c1a0154e2a17-m1,information_sampling,3.5,3.3217310512655036
model_agnostic_replication_behavior-7e4eae92565179de-m0,waiting,3.25,0.5755274271391422
model_agnostic_replication_behavior-7e4eae92565179de-m1,waiting,3.125,0.564552903238692
model_agnostic_replication_behavior-7e547d438d17fb8a-m0,information_sampling,5.125,7.170036221239574
model_agnostic_replication_behavior-7e547d438d17fb8a-m1,information_sampling,5.5,5.173065482527656
model_agnostic_replication_behavior-7e69952e9173a51d-m0,information_sampling,5.75,6.433392310876984
model_agnostic_replication_behavior-7e69952e9173a51d-m1,information_sampling,2.75,4.436421572165067
model_agnostic_replication_behavior-7e809fe4ff9dcadf-m0,foraging,-2.375,-1.1424893827012375
model_agnostic_replication_behavior-7e809fe4ff9dcadf-m1,foraging,-1.25,-0.7510070846213746
model_agnostic_replication_behavior-7ee9e868a144ae58-m0,debugging,4.375,0.36808200430777016
model_agnostic_replication_behavior-7ee9e868a144ae58-m1,debugging,4.75,1.8499298237338528
model_agnostic_replication_behavior-7efdd54072ab02af-m0,bandit,13.5625,8.656948381106835
model_agnostic_replication_behavior-7efdd54072ab02af-m1,bandit,11.0625,8.660411393969195
model_agnostic_replication_behavior-7f0a4c460e7cbfeb-m0,information_sampling,1.75,1.387075666743808
model_agnostic_replication_behavior-7f0a4c460e7cbfeb-m1,information_sampling,1.0,-0.6098950719681095
model_agnostic_replication_behavior-7f2bc4ad955fd580-m0,foraging,-2.75,-2.5260093707505544
model_agnostic_replication_behavior-7f2bc4ad955fd580-m1,foraging,-3.875,-2.134527072670691
model_agnostic_replication_behavior-7f538d0359a497ba-m0,information_sampling,4.375,4.608648667608827
model_agnostic_replication_behavior-7f538d0359a497ba-m1,information_sampling,2.375,2.6116779288969103
model_agnostic_replication_behavior-7f6d95201f29366b-m0,information_sampling,3.375,4.154961594940238
model_agnostic_replication_behavior-7f6d95201f29366b-m1,information_sampling,2.875,2.15799085622832
model_agnostic_replication_behavior-7f78717e1f41f59f-m0,debugging,3.875,-0.044707595360090835
model_agnostic_replication_behavior-7f78717e1f41f59f-m1,debugging,5.125,1.4371402240659916
model_agnostic_replication_behavior-7f9de09928c9ab9a-m0,waiting,2.5,1.6598670842725802
model_agnostic_replication_behavior-7f9de09928c9ab9a-m1,waiting,2.0,1.6488925603721298
model_agnostic_replication_behavior-7f9fc634cc419e6f-m0,foraging,3.125,1.56442997810324
model_agnostic_replication_behavior-7f9fc634cc419e6f-m1,foraging,-0.8750000000000002,1.955912276183103
model_agnostic_replication_behavior-7fb61efa6ace05a1-m0,information_sampling,4.75,4.656550436949667
model_agnostic_replication_behavior-7fb61efa6ace05a1-m1,information_sampling,1.8749999999999998,2.6595796982377506
model_agnostic_replication_behavior-7ffbbc51ef21c0e2-m0,effort,4.625,3.2147808226339336
model_agnostic_replication_behavior-7ffbbc51ef21c0e2-m1,effort,3.875,2.8650813584571404
model_agnostic_replication_behavior-7ffe8ab5d72a9663-m0,foraging,-8.875,-7.6641780586603385
model_agnostic_replication_behavior-7ffe8ab5d72a9663-m1,foraging,-6.5,-7.272695760580476
model_agnostic_replication_behavior-8015471af614ded2-m0,effort,0.7500000000000002,0.09190366673926081
model_agnostic_replication_behavior-8015471af614ded2-m1,effort,0.0,-0.2577957974375324
model_agnostic_replication_behavior-802cd8e4c12e20d0-m0,waiting,8.75,7.200260359157823
model_agnostic_replication_behavior-802cd8e4c12e20d0-m1,waiting,8.875,7.1892858352573725
model_agnostic_replication_behavior-802f4215ee9852f5-m0,foraging,-7.25,-7.307599974361912
model_agnostic_replication_behavior-802f4215ee9852f5-m1,foraging,-5.75,-6.916117676282049
model_agnostic_replication_behavior-8040a5718e387bb6-m0,waiting,7.5,6.282441269650976
model_agnostic_replication_behavior-8040a5718e387bb6-m1,waiting,8.75,6.2714667457505255
model_agnostic_replication_behavior-804a60e016a9b3b7-m0,waiting,-0.25,0.7575918409750855
model_agnostic_replication_behavior-804a60e016a9b3b7-m1,waiting,1.25,0.7466173170746351
model_agnostic_replication_behavior-8070f6a22f3150cf-m0,waiting,3.125,1.3899188859023806
model_agnostic_replication_behavior-8070f6a22f3150cf-m1,waiting,3.5,1.3789443620019304
model_agnostic_replication_behavior-80f3d96955e7bd42-m0,solvability,-11.25,-4.819495540312021
model_agnostic_replication_behavior-80f3d96955e7bd42-m1,solvability,-9.75,-4.711497916420631
model_agnostic_replication_behavior-810ee0ae0d727854-m0,foraging,-2.5,-5.029632618261024
model_agnostic_replication_behavior-810ee0ae0d727854-m1,foraging,-2.375,-4.63815032018116
model_agnostic_replication_behavior-811f4b237f731762-m0,information_sampling,2.875,4.214352615723282
model_agnostic_replication_behavior-811f4b237f731762-m1,information_sampling,0.24999999999999992,2.217381877011364
model_agnostic_replication_behavior-814161f3264a510b-m0,debugging,-6.875,-4.499057898372804
model_agnostic_replication_behavior-814161f3264a510b-m1,debugging,-4.75,-3.0172100789467216
model_agnostic_replication_behavior-816f02164d924430-m0,effort,-0.37499999999999994,-0.1917069956813967
model_agnostic_replication_behavior-816f02164d924430-m1,effort,1.0,-0.54140645985819
model_agnostic_replication_behavior-81974d01c7d53eaa-m0,debugging,2.125,-1.6635560619327316
model_agnostic_replication_behavior-81974d01c7d53eaa-m1,debugging,2.375,-0.1817082425066494
model_agnostic_replication_behavior-81a6d0572e913dbc-m0,debugging,1.8749999999999998,1.7044157175565016
model_agnostic_replication_behavior-81a6d0572e913dbc-m1,debugging,6.125,3.186263536982584
model_agnostic_replication_behavior-8239e1788181f16a-m0,information_sampling,3.875,4.597721944941949
model_agnostic_replication_behavior-8239e1788181f16a-m1,information_sampling,-0.37499999999999994,2.600751206230032
model_agnostic_replication_behavior-8257ef4c1a5afa5b-m0,effort,-2.0,-1.227630734912825
model_agnostic_replication_behavior-8257ef4c1a5afa5b-m1,effort,-1.125,-1.5773301990896182
model_agnostic_replication_behavior-827ae680f21a264f-m0,waiting,-3.25,-1.2550094900078688
model_agnostic_replication_behavior-827ae680f21a264f-m1,waiting,-4.125,-1.265984013908319
model_agnostic_replication_behavior-82841f3749c3e09d-m0,waiting,7.75,8.930756520661241
model_agnostic_replication_behavior-82841f3749c3e09d-m1,waiting,8.125,8.91978199676079
model_agnostic_replication_behavior-829e61f0b159d79b-m0,foraging,-7.25,-3.406522301596121
model_agnostic_replication_behavior-829e61f0b159d79b-m1,foraging,-5.25,-3.015040003516258
model_agnostic_replication_behavior-82e430d00fb538df-m0,foraging,4.375,0.7971937990544489
model_agnostic_replication_behavior-82e430d00fb538df-m1,foraging,4.375,1.1886760971343122
model_agnostic_replication_behavior-8308e81e1cc52194-m0,waiting,2.0,1.8166283345913963
model_agnostic_replication_behavior-8308e81e1cc52194-m1,waiting,4.0,1.8056538106909459
model_agnostic_replication_behavior-83606d5a5f38aac1-m0,solvability,-1.25,-0.12200043347033573
model_agnostic_replication_behavior-83606d5a5f38aac1-m1,solvability,-0.25,-0.014002809578947506
model_agnostic_replication_behavior-8371628625152169-m0,effort,0.24999999999999992,-1.415827110323448
model_agnostic_replication_behavior-8371628625152169-m1,effort,0.37499999999999994,-1.7655265745002413
model_agnostic_replication_behavior-838f03c8120b6e6f-m0,debugging,-3.0,-3.301656900860756
model_agnostic_replication_behavior-838f03c8120b6e6f-m1,debugging,-2.625,-1.8198090814346735
model_agnostic_replication_behavior-83a576f449544cd8-m0,debugging,0.125,-0.39491054042210627
model_agnostic_replication_behavior-83a576f449544cd8-m1,debugging,2.25,1.086937279003976
model_agnostic_replication_behavior-843f04738d811d99-m0,information_sampling,4.125,5.328940041120636
model_agnostic_replication_behavior-843f04738d811d99-m1,information_sampling,3.75,3.3319693024087194
model_agnostic_replication_behavior-8496712c74c14d04-m0,bandit,11.0,3.5973863016068224
model_agnostic_replication_behavior-8496712c74c14d04-m1,bandit,9.375,3.6008493144691816
model_agnostic_replication_behavior-8499f9b6854dd434-m0,solvability,11.0625,7.036630537202402
model_agnostic_replication_behavior-8499f9b6854dd434-m1,solvability,8.625,7.144628161093792
model_agnostic_replication_behavior-84c6e36d6754b188-m0,solvability,-6.25,-7.4849665535279595
model_agnostic_replication_behavior-84c6e36d6754b188-m1,solvability,-6.125,-7.37696892963657
model_agnostic_replication_behavior-84e9cbbd3ae6a00d-m0,solvability,-6.125,-1.024436897680935
model_agnostic_replication_behavior-84e9cbbd3ae6a00d-m1,solvability,-4.25,-0.9164392737895466
model_agnostic_replication_behavior-84f9d32d082ac8b0-m0,solvability,10.125,7.4870625956288155
model_agnostic_replication_behavior-84f9d32d082ac8b0-m1,solvability,9.8125,7.595060219520205
model_agnostic_replication_behavior-852e97c84771f307-m0,solvability,7.5,4.516903212531479
model_agnostic_replication_behavior-852e97c84771f307-m1,solvability,6.625,4.624900836422867
model_agnostic_replication_behavior-8563a12cab96a6c3-m0,debugging,-6.0,-5.833373706251923
model_agnostic_replication_behavior-8563a12cab96a6c3-m1,debugging,-3.125,-4.35152588682584
model_agnostic_replication_behavior-85a056b891976ef1-m0,foraging,3.5,1.9302626376585472
model_agnostic_replication_behavior-85a056b891976ef1-m1,foraging,2.125,2.321744935738411
model_agnostic_replication_behavior-85a63dd95821a309-m0,debugging,-5.25,-4.4047645351118385
model_agnostic_replication_behavior-85a63dd95821a309-m1,debugging,-2.875,-2.922916715685756
model_agnostic_replication_behavior-85c452708cc1168a-m0,solvability,-3.875,5.19010989145761
model_agnostic_replication_behavior-85c452708cc1168a-m1,solvability,-4.0,5.298107515348997
model_agnostic_replication_behavior-85c7134ec7e7d6d4-m0,information_sampling,3.75,3.092677109337253
model_agnostic_replication_behavior-85c7134ec7e7d6d4-m1,information_sampling,2.125,1.0957063706253356
model_agnostic_replication_behavior-85c815fea8fe9546-m0,debugging,0.7500000000000002,0.05461637219423321
model_agnostic_replication_behavior-85c815fea8fe9546-m1,debugging,3.875,1.5364641916203159
model_agnostic_replication_behavior-85e0bb57a7d1b2f7-m0,debugging,-7.75,-8.556326536679677
model_agnostic_replication_behavior-85e0bb57a7d1b2f7-m1,debugging,-6.0,-7.074478717253595
model_agnostic_replication_behavior-85f0eb2913c070ff-m0,solvability,-6.75,-3.9487490769598943
model_agnostic_replication_behavior-85f0eb2913c070ff-m1,solvability,-4.875,-3.840751453068506
model_agnostic_replication_behavior-8614db787e50735a-m0,debugging,-6.625,-8.651038080349759
model_agnostic_replication_behavior-8614db787e50735a-m1,debugging,-6.25,-7.169190260923675
model_agnostic_replication_behavior-86a258624a866343-m0,information_sampling,0.125,1.9991436837184224
model_agnostic_replication_behavior-86a258624a866343-m1,information_sampling,-4.0,0.0021729450065053335
model_agnostic_replication_behavior-86a79ffa565c8eb1-m0,bandit,11.75,11.772064371927364
model_agnostic_replication_behavior-86a79ffa565c8eb1-m1,bandit,7.75,11.775527384789722
model_agnostic_replication_behavior-86c1a3e477b7e561-m0,solvability,-5.0,-1.059060979526425
model_agnostic_replication_behavior-86c1a3e477b7e561-m1,solvability,-4.25,-0.9510633556350365
model_agnostic_replication_behavior-86ddbf5b4d870681-m0,solvability,-1.5,-0.5033506002070607
model_agnostic_replication_behavior-86ddbf5b4d870681-m1,solvability,-2.625,-0.395352976315672
model_agnostic_replication_behavior-86fe1c960bed3975-m0,information_sampling,5.625,5.759748595888472
model_agnostic_replication_behavior-86fe1c960bed3975-m1,information_sampling,3.375,3.762777857176555
model_agnostic_replication_behavior-871f0867f35cba3e-m0,foraging,3.75,2.2957624882869605
model_agnostic_replication_behavior-871f0867f35cba3e-m1,foraging,3.5,2.6872447863668243
model_agnostic_replication_behavior-872139abf35ae56a-m0,debugging,-7.5,-6.836761809618903
model_agnostic_replication_behavior-872139abf35ae56a-m1,debugging,-5.875,-5.35491399019282
model_agnostic_replication_behavior-87223f7a49720ff8-m0,information_sampling,3.375,0.008074887778736661
model_agnostic_replication_behavior-87223f7a49720ff8-m1,information_sampling,-1.375,-1.988895850933181
model_agnostic_replication_behavior-872e56689b4820e1-m0,bandit,-0.6249999999999999,-0.7752150337899877
model_agnostic_replication_behavior-872e56689b4820e1-m1,bandit,-0.12500000000000006,-0.7717520209276287
model_agnostic_replication_behavior-873057abea8bad95-m0,effort,-1.875,-1.3253805778668144
model_agnostic_replication_behavior-873057abea8bad95-m1,effort,-2.25,-1.6750800420436078
model_agnostic_replication_behavior-8741239493e254c4-m0,waiting,10.6875,10.41619120513255
model_agnostic_replication_behavior-8741239493e254c4-m1,waiting,11.0625,10.405216681232101
model_agnostic_replication_behavior-8762ccc6e18ef2d1-m0,information_sampling,4.0,1.8820239146496576
model_agnostic_replication_behavior-8762ccc6e18ef2d1-m1,information_sampling,0.7500000000000002,-0.11494682406225953
model_agnostic_replication_behavior-8770501f99955137-m0,waiting,-2.625,0.07210005922362717
model_agnostic_replication_behavior-8770501f99955137-m1,waiting,-2.25,0.061125535323176994
model_agnostic_replication_behavior-87745bcdd9c550ad-m0,waiting,-0.6249999999999999,0.060529763476568244
model_agnostic_replication_behavior-87745bcdd9c550ad-m1,waiting,0.125,0.04955523957611807
model_agnostic_replication_behavior-87a1f5ea44ef8e5e-m0,waiting,4.125,1.8332672030622783
model_agnostic_replication_behavior-87a1f5ea44ef8e5e-m1,waiting,2.75,1.8222926791618281
model_agnostic_replication_behavior-87db99314b46e261-m0,debugging,2.25,-1.7333842107574398
model_agnostic_replication_behavior-87db99314b46e261-m1,debugging,2.125,-0.2515363913313571
model_agnostic_replication_behavior-87fd885692ec56e4-m0,effort,-1.7499999999999998,-3.1066881572827594
model_agnostic_replication_behavior-87fd885692ec56e4-m1,effort,-2.75,-3.4563876214595526
model_agnostic_replication_behavior-88273fdf42d16f91-m0,solvability,-13.375,-15.453044538156602
model_agnostic_replication_behavior-88273fdf42d16f91-m1,solvability,-10.75,-15.345046914265213
model_agnostic_replication_behavior-88383952cacec0e1-m0,debugging,-6.5,-4.501400574183222
model_agnostic_replication_behavior-88383952cacec0e1-m1,debugging,-4.75,-3.0195527547571395
model_agnostic_replication_behavior-88645b74ac98537a-m0,solvability,-9.0625,-6.559772426703974
model_agnostic_replication_behavior-88645b74ac98537a-m1,solvability,-9.0625,-6.451774802812585
model_agnostic_replication_behavior-887cae22809dac85-m0,debugging,3.5,3.434086509091582
model_agnostic_replication_behavior-887cae22809dac85-m1,debugging,4.25,4.915934328517665
model_agnostic_replication_behavior-88dd8f0c7bd7c43b-m0,debugging,-5.125,-4.523668988945025
model_agnostic_replication_behavior-88dd8f0c7bd7c43b-m1,debugging,-5.375,-3.0418211695189425
model_agnostic_replication_behavior-88efc09b6a7bf3fc-m0,bandit,13.1875,8.501947123965584
model_agnostic_replication_behavior-88efc09b6a7bf3fc-m1,bandit,11.25,8.505410136827944
model_agnostic_replication_behavior-8941fe31ec1b5be5-m0,foraging,1.265625,-1.4853483365515685
model_agnostic_replication_behavior-8941fe31ec1b5be5-m1,foraging,-1.08203125,-1.093866038471705
model_agnostic_replication_behavior-895c4af500f38224-m0,foraging,5.25,1.9324448417670703
model_agnostic_replication_behavior-895c4af500f38224-m1,foraging,4.25,2.323927139846934
model_agnostic_replication_behavior-896c2869bd9b341f-m0,bandit,-5.25,-3.6293209372182704
model_agnostic_replication_behavior-896c2869bd9b341f-m1,bandit,-7.0,-3.6258579243559117
model_agnostic_replication_behavior-89c924b46d169021-m0,bandit,-9.3125,-11.527910440532073
model_agnostic_replication_behavior-89c924b46d169021-m1,bandit,-9.25,-11.524447427669713
model_agnostic_replication_behavior-8a17b75061a9d5bd-m0,foraging,-6.375,-5.979976122291618
model_agnostic_replication_behavior-8a17b75061a9d5bd-m1,foraging,-5.625,-5.5884938242117554
model_agnostic_replication_behavior-8a6a66876f15098b-m0,foraging,3.0,3.8165020914228585
model_agnostic_replication_behavior-8a6a66876f15098b-m1,foraging,1.8749999999999998,4.207984389502722
model_agnostic_replication_behavior-8a7dbe7400604d2a-m0,foraging,-6.0,-3.1829509938448632
model_agnostic_replication_behavior-8a7dbe7400604d2a-m1,foraging,-5.125,-2.7914686957649995
model_agnostic_replication_behavior-8aa677ad78c5e042-m0,information_sampling,-1.625,0.08463282364216163
model_agnostic_replication_behavior-8aa677ad78c5e042-m1,information_sampling,-4.5,-1.9123379150697561
model_agnostic_replication_behavior-8b6e712cfcb99475-m0,solvability,0.0,-1.9278749387193233
model_agnostic_replication_behavior-8b6e712cfcb99475-m1,solvability,1.8749999999999998,-1.8198773148279348
model_agnostic_replication_behavior-8b9d1ff9ca72f0a9-m0,bandit,4.75,4.188183619339334
model_agnostic_replication_behavior-8b9d1ff9ca72f0a9-m1,bandit,3.625,4.191646632201694
model_agnostic_replication_behavior-8c0ed3ebc30ac5f6-m0,effort,3.5,3.9805386516974925
model_agnostic_replication_behavior-8c0ed3ebc30ac5f6-m1,effort,2.875,3.6308391875206993
model_agnostic_replication_behavior-8c25a45d0853a34e-m0,waiting,1.0,1.8462955104280265
model_agnostic_replication_behavior-8c25a45d0853a34e-m1,waiting,1.625,1.8353209865275764
model_agnostic_replication_behavior-8c2e836fa92de8e0-m0,information_sampling,3.0,1.3886049506724372
model_agnostic_replication_behavior-8c2e836fa92de8e0-m1,information_sampling,-1.25,-0.6083657880394799
model_agnostic_replication_behavior-8c58c22e1df795ab-m0,effort,3.0,1.4839391505769348
model_agnostic_replication_behavior-8c58c22e1df795ab-m1,effort,3.125,1.1342396864001416
model_agnostic_replication_behavior-8ca12c7a545cc141-m0,information_sampling,2.25,0.7449926163261527
model_agnostic_replication_behavior-8ca12c7a545cc141-m1,information_sampling,0.125,-1.2519781223857644
model_agnostic_replication_behavior-8cba254b8aaab3be-m0,waiting,3.5,4.922890584590231
model_agnostic_replication_behavior-8cba254b8aaab3be-m1,waiting,4.625,4.91191606068978
model_agnostic_replication_behavior-8cc3a7e2ce460e4b-m0,foraging,5.875,1.6395846647928807
model_agnostic_replication_behavior-8cc3a7e2ce460e4b-m1,foraging,4.75,2.0310669628727442
model_agnostic_replication_behavior-8cd01411a98f37d0-m0,effort,-1.7499999999999998,0.08166258239008822
model_agnostic_replication_behavior-8cd01411a98f37d0-m1,effort,-1.0000000000000002,-0.2680368817867051
model_agnostic_replication_behavior-8cdc19ba85f41421-m0,debugging,-1.25,0.8080481514803675
model_agnostic_replication_behavior-8cdc19ba85f41421-m1,debugging,5.125,2.28989597090645
model_agnostic_replication_behavior-8cdca88468181c6b-m0,solvability,0.37499999999999994,1.3592106894910396
model_agnostic_replication_behavior-8cdca88468181c6b-m1,solvability,-0.5,1.467208313382428
model_agnostic_replication_behavior-8cfd7c6039f9b231-m0,information_sampling,-0.6249999999999999,0.8907835043793328
model_agnostic_replication_behavior-8cfd7c6039f9b231-m1,information_sampling,-3.75,-1.1061872343325851
model_agnostic_replication_behavior-8d3afb06ca5dd287-m0,debugging,6.0,4.364181201743522
model_agnostic_replication_behavior-8d3afb06ca5dd287-m1,debugging,6.875,5.846029021169604
model_agnostic_replication_behavior-8da7d4f7221253e4-m0,waiting,8.125,9.048361125155898
model_agnostic_replication_behavior-8da7d4f7221253e4-m1,waiting,7.5,9.037386601255449
model_agnostic_replication_behavior-8e048d5d9cbb5392-m0,foraging,-7.25,-8.218032906068135
model_agnostic_replication_behavior-8e048d5d9cbb5392-m1,foraging,-5.625,-7.826550607988272
model_agnostic_replication_behavior-8e3ed71ecd2baf83-m0,effort,-6.0,-6.4998254484884015
model_agnostic_replication_behavior-8e3ed71ecd2baf83-m1,effort,-5.75,-6.849524912665195
model_agnostic_replication_behavior-8eca6891b5053ee0-m0,solvability,-0.796875,10.565830166804918
model_agnostic_replication_behavior-8eca6891b5053ee0-m1,solvability,2.2265625,10.673827790696308
model_agnostic_replication_behavior-8f03ea675e166621-m0,debugging,-8.125,-8.287712821293463
model_agnostic_replication_behavior-8f03ea675e166621-m1,debugging,-6.75,-6.805865001867381
model_agnostic_replication_behavior-8f7f8b18db70814f-m0,bandit,7.875,3.0559060851875492
model_agnostic_replication_behavior-8f7f8b18db70814f-m1,bandit,5.125,3.0593690980499084
model_agnostic_replication_behavior-8fa36f874d5b0734-m0,foraging,-2.25,-4.5714317340415205
model_agnostic_replication_behavior-8fa36f874d5b0734-m1,foraging,-2.25,-4.179949435961657
model_agnostic_replication_behavior-8fb4200075fe0ca0-m0,waiting,6.875,5.512920507108586
model_agnostic_replication_behavior-8fb4200075fe0ca0-m1,waiting,7.125,5.5019459832081345
model_agnostic_replication_behavior-8fde63d1a4551c6c-m0,bandit,4.625,4.517529504821788
model_agnostic_replication_behavior-8fde63d1a4551c6c-m1,bandit,3.125,4.520992517684146
model_agnostic_replication_behavior-9057e940f679976c-m0,waiting,1.625,0.8823070922505312
model_agnostic_replication_behavior-9057e940f679976c-m1,waiting,1.25,0.871332568350081
model_agnostic_replication_behavior-90791564e411c004-m0,waiting,0.84375,4.09705177723602
model_agnostic_replication_behavior-90791564e411c004-m1,waiting,-0.951171875,4.086077253335569
model_agnostic_replication_behavior-907c8f0bd5be6667-m0,solvability,-5.0,1.0049279674747877
model_agnostic_replication_behavior-907c8f0bd5be6667-m1,solvability,-4.5,1.1129255913661762
model_agnostic_replication_behavior-909660514f3153a5-m0,bandit,6.25,1.9087788478396437
model_agnostic_replication_behavior-909660514f3153a5-m1,bandit,7.125,1.9122418607020024
model_agnostic_replication_behavior-909af838dcffe1b6-m0,information_sampling,4.0,4.855040102721722
model_agnostic_replication_behavior-909af838dcffe1b6-m1,information_sampling,3.25,2.858069364009805
model_agnostic_replication_behavior-90e1492ac577f394-m0,information_sampling,0.125,0.4024625150761114
model_agnostic_replication_behavior-90e1492ac577f394-m1,information_sampling,-1.375,-1.5945082236358061
model_agnostic_replication_behavior-9109c64cd8fe773d-m0,information_sampling,-2.125,-1.8342996814304318
model_agnostic_replication_behavior-9109c64cd8fe773d-m1,information_sampling,-3.625,-3.831270420142349
model_agnostic_replication_behavior-9130cafb11c03530-m0,effort,1.625,0.44896802232415767
model_agnostic_replication_behavior-9130cafb11c03530-m1,effort,1.3750000000000002,0.09926855814736446
model_agnostic_replication_behavior-9132f46398eaa9b5-m0,debugging,-0.6249999999999999,-0.40287048931559133
model_agnostic_replication_behavior-9132f46398eaa9b5-m1,debugging,-0.7500000000000001,1.0789773301104912
model_agnostic_replication_behavior-91910af602b31227-m0,solvability,-7.75,-8.362308276190866
model_agnostic_replication_behavior-91910af602b31227-m1,solvability,-6.75,-8.254310652299477
model_agnostic_replication_behavior-91b0d75dc4c13ada-m0,debugging,-10.1875,-10.100412320917037
model_agnostic_replication_behavior-91b0d75dc4c13ada-m1,debugging,-8.125,-8.618564501490953
model_agnostic_replication_behavior-91c1aef5e447ce11-m0,solvability,-2.0,-1.337902789249215
model_agnostic_replication_behavior-91c1aef5e447ce11-m1,solvability,-2.375,-1.2299051653578261
model_agnostic_replication_behavior-91c6e602b0c01804-m0,bandit,14.78125,10.473516307190996
model_agnostic_replication_behavior-91c6e602b0c01804-m1,bandit,12.125,10.476979320053353
model_agnostic_replication_behavior-91f59b669041a2e2-m0,foraging,-7.0,-2.9940283752373538
model_agnostic_replication_behavior-91f59b669041a2e2-m1,foraging,-4.625,-2.60254607715749
model_agnostic_replication_behavior-921010f9ad03cf66-m0,effort,8.5,8.030093031280986
model_agnostic_replication_behavior-921010f9ad03cf66-m1,effort,5.375,7.680393567104192
model_agnostic_replication_behavior-92949dfabd4a95d3-m0,foraging,-3.25,-4.948792615081927
model_agnostic_replication_behavior-92949dfabd4a95d3-m1,foraging,-3.625,-4.557310317002064
model_agnostic_replication_behavior-929e5774568dea1e-m0,waiting,6.75,2.728686422078042
model_agnostic_replication_behavior-929e5774568dea1e-m1,waiting,6.125,2.717711898177592
model_agnostic_replication_behavior-92c878938a91436d-m0,foraging,-6.375,-3.585925270969503
model_agnostic_replication_behavior-92c878938a91436d-m1,foraging,-6.375,-3.1944429728896386
model_agnostic_replication_behavior-92dd0c4db7516cde-m0,bandit,12.5625,9.071495035199455
model_agnostic_replication_behavior-92dd0c4db7516cde-m1,bandit,10.8125,9.074958048061815
model_agnostic_replication_behavior-92f029d7f7220a24-m0,solvability,0.4375,0.9697481457545765
model_agnostic_replication_behavior-92f029d7f7220a24-m1,solvability,2.1796875,1.077745769645965
model_agnostic_replication_behavior-93143c7a2ed4d153-m0,foraging,-4.0,-0.7906411158849376
model_agnostic_replication_behavior-93143c7a2ed4d153-m1,foraging,-4.25,-0.39915881780507423
model_agnostic_replication_behavior-932bbe9f5d3af2f6-m0,solvability,9.0,7.302949402254345
model_agnostic_replication_behavior-932bbe9f5d3af2f6-m1,solvability,8.0,7.410947026145733
model_agnostic_replication_behavior-932fe3d68830cb04-m0,debugging,-5.25,-4.8299096933970525
model_agnostic_replication_behavior-932fe3d68830cb04-m1,debugging,-5.75,-3.3480618739709698
model_agnostic_replication_behavior-93801b0bb9ba2537-m0,effort,-7.0,-6.343377324413147
model_agnostic_replication_behavior-93801b0bb9ba2537-m1,effort,-5.375,-6.6930767885899405
model_agnostic_replication_behavior-939645d368133f1d-m0,solvability,-0.5,0.6324477488203045
model_agnostic_replication_behavior-939645d368133f1d-m1,solvability,1.3750000000000002,0.7404453727116929
model_agnostic_replication_behavior-93b9f402dda225b8-m0,debugging,5.25,2.3192167685626996
model_agnostic_replication_behavior-93b9f402dda225b8-m1,debugging,7.0,3.8010645879887823
model_agnostic_replication_behavior-93ce1981bf9aa5e4-m0,debugging,-2.125,-2.2446392376441735
model_agnostic_replication_behavior-93ce1981bf9aa5e4-m1,debugging,1.75,-0.7627914182180908
model_agnostic_replication_behavior-940216dadcef438f-m0,solvability,10.875,11.657179062613412
model_agnostic_replication_behavior-940216dadcef438f-m1,solvability,9.4375,11.765176686504802
model_agnostic_replication_behavior-943e06a2e433449d-m0,debugging,-4.5,-2.474380361576273
model_agnostic_replication_behavior-943e06a2e433449d-m1,debugging,-3.625,-0.9925325421501907
model_agnostic_replication_behavior-94d5189ecf9f261e-m0,effort,4.5,2.48043361111929
model_agnostic_replication_behavior-94d5189ecf9f261e-m1,effort,3.25,2.1307341469424967
model_agnostic_replication_behavior-94fdc15e7d111af0-m0,information_sampling,3.625,2.679055748686525
model_agnostic_replication_behavior-94fdc15e7d111af0-m1,information_sampling,2.875,0.6820850099746067
model_agnostic_replication_behavior-953123a0db7ca236-m0,solvability,-7.75,-6.633053081917081
model_agnostic_replication_behavior-953123a0db7ca236-m1,solvability,-6.625,-6.525055458025692
model_agnostic_replication_behavior-95412ce9ae65716b-m0,information_sampling,5.5,5.151311754233312
model_agnostic_replication_behavior-95412ce9ae65716b-m1,information_sampling,4.125,3.1543410155213945
model_agnostic_replication_behavior-95873de7cd3d23de-m0,bandit,-10.4375,-8.241928779717597
model_agnostic_replication_behavior-95873de7cd3d23de-m1,bandit,-9.5,-8.238465766855239
model_agnostic_replication_behavior-95b680d128a853a9-m0,information_sampling,3.5,2.353759754794219
model_agnostic_replication_behavior-95b680d128a853a9-m1,information_sampling,2.5,0.3567890160823013
model_agnostic_replication_behavior-95da16659b84d784-m0,foraging,-2.375,-2.182679290387248
model_agnostic_replication_behavior-95da16659b84d784-m1,foraging,-3.75,-1.791196992307384
model_agnostic_replication_behavior-95e440023b1ebb1f-m0,effort,5.0,3.0297708180893324
model_agnostic_replication_behavior-95e440023b1ebb1f-m1,effort,3.625,2.680071353912539
model_agnostic_replication_behavior-95e617c92e56e841-m0,debugging,-3.5,-2.958742914822146
model_agnostic_replication_behavior-95e617c92e56e841-m1,debugging,-4.0,-1.4768950953960631
model_agnostic_replication_behavior-96095fa185c5c1c0-m0,information_sampling,5.875,4.800089727193029
model_agnostic_replication_behavior-96095fa185c5c1c0-m1,information_sampling,2.75,2.8031189884811125
model_agnostic_replication_behavior-961abfe551bb6108-m0,solvability,6.875,6.062272712033536
model_agnostic_replication_behavior-961abfe551bb6108-m1,solvability,5.75,6.170270335924924
model_agnostic_replication_behavior-962029f791192c33-m0,debugging,6.125,4.3378912474184785
model_agnostic_replication_behavior-962029f791192c33-m1,debugging,5.75,5.819739066844561
model_agnostic_replication_behavior-962db6b812456f5d-m0,information_sampling,4.375,5.240973464635797
model_agnostic_replication_behavior-962db6b812456f5d-m1,information_sampling,2.875,3.2440027259238793
model_agnostic_replication_behavior-964dac0b013bf256-m0,effort,-7.625,-8.269650528068647
model_agnostic_replication_behavior-964dac0b013bf256-m1,effort,-7.125,-8.61934999224544
model_agnostic_replication_behavior-96f1e769eb5b8372-m0,waiting,4.875,5.581150194569335
model_agnostic_replication_behavior-96f1e769eb5b8372-m1,waiting,6.25,5.570175670668885
model_agnostic_replication_behavior-972b66ffefbc58ac-m0,effort,2.125,0.6101340308035239
model_agnostic_replication_behavior-972b66ffefbc58ac-m1,effort,3.5,0.2604345666267307
model_agnostic_replication_behavior-97ac23df9331762d-m0,bandit,-5.75,-0.08128547612972703
model_agnostic_replication_behavior-97ac23df9331762d-m1,bandit,-4.875,-0.07782246326736875
model_agnostic_replication_behavior-97cb3c12a9e70a5d-m0,bandit,7.0,8.342487898856406
model_agnostic_replication_behavior-97cb3c12a9e70a5d-m1,bandit,1.8749999999999998,8.345950911718763
model_agnostic_replication_behavior-97e1c464d9f2e8a2-m0,solvability,9.8125,7.970362734666523
model_agnostic_replication_behavior-97e1c464d9f2e8a2-m1,solvability,8.5,8.07836035855791
model_agnostic_replication_behavior-983b5f4ff11deda5-m0,waiting,-3.0,-1.458655370978766
model_agnostic_replication_behavior-983b5f4ff11deda5-m1,waiting,0.125,-1.4696298948792168
model_agnostic_replication_behavior-985158d05210a378-m0,solvability,-1.6875,8.247467254442766
model_agnostic_replication_behavior-985158d05210a378-m1,solvability,3.625,8.355464878334155
model_agnostic_replication_behavior-98ac3a18dd836478-m0,effort,-8.25,-9.114558243346858
model_agnostic_replication_behavior-98ac3a18dd836478-m1,effort,-7.5,-9.46425770752365
model_agnostic_replication_behavior-98bf3931bb091378-m0,effort,4.125,5.431758998096918
model_agnostic_replication_behavior-98bf3931bb091378-m1,effort,3.25,5.082059533920125
model_agnostic_replication_behavior-98d8a6a4cc352c8c-m0,effort,3.25,2.827287759931131
model_agnostic_replication_behavior-98d8a6a4cc352c8c-m1,effort,3.0,2.477588295754338
model_agnostic_replication_behavior-98fbbadb3babd210-m0,solvability,-1.875,-1.8935834943343242
model_agnostic_replication_behavior-98fbbadb3babd210-m1,solvability,-2.125,-1.7855858704429357
model_agnostic_replication_behavior-991f73eafb590c66-m0,information_sampling,4.5,3.7054284132920055
model_agnostic_replication_behavior-991f73eafb590c66-m1,information_sampling,2.25,1.708457674580088
model_agnostic_replication_behavior-9962edd9c458d9a2-m0,effort,-1.875,-0.6920844415496334
model_agnostic_replication_behavior-9962edd9c458d9a2-m1,effort,-2.375,-1.0417839057264269
model_agnostic_replication_behavior-99f2daa110117c04-m0,foraging,6.5,1.7160602885054153
model_agnostic_replication_behavior-99f2daa110117c04-m1,foraging,4.625,2.107542586585278
model_agnostic_replication_behavior-9a1596ca31abdd1c-m0,debugging,7.875,6.855484012676617
model_agnostic_replication_behavior-9a1596ca31abdd1c-m1,debugging,7.875,8.3373318321027
model_agnostic_replication_behavior-9a70bea2c4823d6a-m0,debugging,-4.375,-2.663730137343423
model_agnostic_replication_behavior-9a70bea2c4823d6a-m1,debugging,-3.75,-1.18188231791734
model_agnostic_replication_behavior-9acfa11177e7197c-m0,bandit,6.875,3.3526019030933565
model_agnostic_replication_behavior-9acfa11177e7197c-m1,bandit,5.125,3.3560649159557157
model_agnostic_replication_behavior-9aff574db7ef5326-m0,effort,6.75,5.713362276914545
model_agnostic_replication_behavior-9aff574db7ef5326-m1,effort,5.625,5.3636628127377515
model_agnostic_replication_behavior-9b7a7d2eb83bfc0d-m0,effort,-3.5,-4.00530615857031
model_agnostic_replication_behavior-9b7a7d2eb83bfc0d-m1,effort,-3.5,-4.355005622747104
model_agnostic_replication_behavior-9b88ae29f5fdb0b9-m0,information_sampling,-2.125,-1.527270087898303
model_agnostic_replication_behavior-9b88ae29f5fdb0b9-m1,information_sampling,-2.875,-3.5242408266102205
model_agnostic_replication_behavior-9bb5425203a908c0-m0,information_sampling,3.0,2.6783239307365685
model_agnostic_replication_behavior-9bb5425203a908c0-m1,information_sampling,-1.0000000000000002,0.6813531920246509
model_agnostic_replication_behavior-9bbf7d96242c0cea-m0,waiting,9.75,7.308300302862541
model_agnostic_replication_behavior-9bbf7d96242c0cea-m1,waiting,9.625,7.29732577896209
model_agnostic_replication_behavior-9c6a917136a18bfd-m0,foraging,-6.0,-10.065795894348431
model_agnostic_replication_behavior-9c6a917136a18bfd-m1,foraging,-5.25,-9.674313596268567
model_agnostic_replication_behavior-9c8b8e260b68c5e5-m0,information_sampling,3.0,4.168947356628061
model_agnostic_replication_behavior-9c8b8e260b68c5e5-m1,information_sampling,2.5,2.171976617916143
model_agnostic_replication_behavior-9c943d622162c74b-m0,bandit,9.0,13.713812037699622
model_agnostic_replication_behavior-9c943d622162c74b-m1,bandit,6.25,13.717275050561982
model_agnostic_replication_behavior-9c9d58145cda3fb9-m0,debugging,-0.12500000000000006,-1.8701186086245818
model_agnostic_replication_behavior-9c9d58145cda3fb9-m1,debugging,4.125,-0.38827078919849956
model_agnostic_replication_behavior-9ca849977a72c42c-m0,foraging,-5.625,-8.044740035001555
model_agnostic_replication_behavior-9ca849977a72c42c-m1,foraging,-4.875,-7.653257736921692
model_agnostic_replication_behavior-9cd00b1dbe5b6f3a-m0,waiting,-1.25,1.0470287259464883
model_agnostic_replication_behavior-9cd00b1dbe5b6f3a-m1,waiting,1.125,1.0360542020460382
model_agnostic_replication_behavior-9cd2e9af61da6148-m0,bandit,-5.75,-5.536768616296712
model_agnostic_replication_behavior-9cd2e9af61da6148-m1,bandit,-7.375,-5.533305603434353
model_agnostic_replication_behavior-9cfb4e82e10d17f2-m0,effort,7.25,8.130233365489516
model_agnostic_replication_behavior-9cfb4e82e10d17f2-m1,effort,5.625,7.780533901312723
model_agnostic_replication_behavior-9d936d7ce8fd8248-m0,solvability,6.375,4.639408584279089
model_agnostic_replication_behavior-9d936d7ce8fd8248-m1,solvability,5.5,4.747406208170478
model_agnostic_replication_behavior-9da819f437196ebd-m0,bandit,7.5,3.849915763570184
model_agnostic_replication_behavior-9da819f437196ebd-m1,bandit,6.25,3.8533787764325425
model_agnostic_replication_behavior-9dbe0bb02f11a68a-m0,bandit,-8.25,-2.7497784802559786
model_agnostic_replication_behavior-9dbe0bb02f11a68a-m1,bandit,-7.0,-2.74631546739362
model_agnostic_replication_behavior-9ddb551eee3445fe-m0,foraging,-5.25,-4.392193613514851
model_agnostic_replication_behavior-9ddb551eee3445fe-m1,foraging,-4.75,-4.000711315434988
model_agnostic_replication_behavior-9e2867fdf9c03a91-m0,foraging,-8.75,-6.920958385645591
model_agnostic_replication_behavior-9e2867fdf9c03a91-m1,foraging,-5.5,-6.529476087565727
model_agnostic_replication_behavior-9e5b10b6c844f2d6-m0,waiting,4.75,5.1037971738610235
model_agnostic_replication_behavior-9e5b10b6c844f2d6-m1,waiting,5.0,5.092822649960574
model_agnostic_replication_behavior-9e73d89a206ad669-m0,solvability,6.75,2.7678176315238936
model_agnostic_replication_behavior-9e73d89a206ad669-m1,solvability,2.75,2.875815255415282
model_agnostic_replication_behavior-9e97352117542735-m0,effort,-6.375,-4.309838022126144
model_agnostic_replication_behavior-9e97352117542735-m1,effort,-6.0,-4.659537486302936
model_agnostic_replication_behavior-9ead76575469d6e8-m0,bandit,1.8749999999999998,-1.566111906366038
model_agnostic_replication_behavior-9ead76575469d6e8-m1,bandit,-0.37499999999999994,-1.5626488935036795
model_agnostic_replication_behavior-9f1d78f5eb0ec35b-m0,solvability,0.125,1.165011676140415
model_agnostic_replication_behavior-9f1d78f5eb0ec35b-m1,solvability,1.75,1.2730093000318035
model_agnostic_replication_behavior-9f62e32d4455892b-m0,waiting,5.125,3.7903376157029776
model_agnostic_replication_behavior-9f62e32d4455892b-m1,waiting,5.875,3.7793630918025274
model_agnostic_replication_behavior-9f6397cb681673b4-m0,effort,1.73046875,-1.9270345023892226
model_agnostic_replication_behavior-9f6397cb681673b4-m1,effort,-0.84765625,-2.276733966566016
model_agnostic_replication_behavior-9f919fcbeaf46708-m0,debugging,-4.625,-3.102276353249236
model_agnostic_replication_behavior-9f919fcbeaf46708-m1,debugging,-4.125,-1.6204285338231534
model_agnostic_replication_behavior-9ff975f1cc400fc2-m0,foraging,5.75,3.8383609867143416
model_agnostic_replication_behavior-9ff975f1cc400fc2-m1,foraging,5.25,4.229843284794205
model_agnostic_replication_behavior-a0033973ccb4233d-m0,solvability,1.625,-1.487509593102466
model_agnostic_replication_behavior-a0033973ccb4233d-m1,solvability,2.375,-1.3795119692110775
model_agnostic_replication_behavior-a00dba40d5edb6e1-m0,debugging,-0.6249999999999999,-1.695463905105778
model_agnostic_replication_behavior-a00dba40d5edb6e1-m1,debugging,1.25,-0.21361608567969548
model_agnostic_replication_behavior-a015e265c1b07c99-m0,information_sampling,2.625,4.298672306012647
model_agnostic_replication_behavior-a015e265c1b07c99-m1,information_sampling,2.875,2.3017015673007295
model_agnostic_replication_behavior-a01d1c9bb5374f11-m0,information_sampling,-0.12500000000000006,0.16359853716943462
model_agnostic_replication_behavior-a01d1c9bb5374f11-m1,information_sampling,-1.875,-1.833372201542483
model_agnostic_replication_behavior-a0205177286385ca-m0,foraging,-5.375,-7.5033446718366665
model_agnostic_replication_behavior-a0205177286385ca-m1,foraging,-5.125,-7.111862373756804
model_agnostic_replication_behavior-a0238357b16d73f4-m0,effort,-7.75,-9.32550103611273
model_agnostic_replication_behavior-a0238357b16d73f4-m1,effort,-6.375,-9.675200500289524
model_agnostic_replication_behavior-a02cd2dd4809b113-m0,information_sampling,1.625,0.48702205000468446
model_agnostic_replication_behavior-a02cd2dd4809b113-m1,information_sampling,-2.5,-1.509948688707233
model_agnostic_replication_behavior-a03911b6efb1a567-m0,effort,5.25,2.769230369445092
model_agnostic_replication_behavior-a03911b6efb1a567-m1,effort,4.25,2.419530905268299
model_agnostic_replication_behavior-a0614c4eed4fc20f-m0,foraging,5.125,0.5908906647190266
model_agnostic_replication_behavior-a0614c4eed4fc20f-m1,foraging,4.5,0.9823729627988897
model_agnostic_replication_behavior-a07f0ac9de5a69dd-m0,debugging,-5.75,-3.9903276166935893
model_agnostic_replication_behavior-a07f0ac9de5a69dd-m1,debugging,-4.75,-2.5084797972675066
model_agnostic_replication_behavior-a0e421a8a8bb7800-m0,debugging,-8.375,-6.247447058878365
model_agnostic_replication_behavior-a0e421a8a8bb7800-m1,debugging,-6.375,-4.765599239452283
model_agnostic_replication_behavior-a0fcd1f9e1a4e0ba-m0,debugging,-2.875,-2.0234563063202136
model_agnostic_replication_behavior-a0fcd1f9e1a4e0ba-m1,debugging,0.0,-0.5416084868941309
model_agnostic_replication_behavior-a1117ec1dbda2a69-m0,waiting,0.24999999999999992,0.31809921808134156
model_agnostic_replication_behavior-a1117ec1dbda2a69-m1,waiting,0.7500000000000002,0.3071246941808914
model_agnostic_replication_behavior-a12f808134e721d4-m0,effort,-5.0,-4.970840595536828
model_agnostic_replication_behavior-a12f808134e721d4-m1,effort,-5.125,-5.320540059713621
model_agnostic_replication_behavior-a15aa4c14e33ca93-m0,solvability,8.5,10.295997876695253
model_agnostic_replication_behavior-a15aa4c14e33ca93-m1,solvability,8.6875,10.403995500586642
model_agnostic_replication_behavior-a174e27c2c3bead6-m0,solvability,6.75,6.659925383890165
model_agnostic_replication_behavior-a174e27c2c3bead6-m1,solvability,7.125,6.767923007781555
model_agnostic_replication_behavior-a175f8adb410af7b-m0,foraging,4.0,0.08669288044139101
model_agnostic_replication_behavior-a175f8adb410af7b-m1,foraging,1.75,0.47817517852125424
model_agnostic_replication_behavior-a17642a3c59fe982-m0,foraging,-3.125,-4.276528498754107
model_agnostic_replication_behavior-a17642a3c59fe982-m1,foraging,-3.125,-3.8850462006742434
model_agnostic_replication_behavior-a1a371ca0205f3b5-m0,solvability,10.875,10.898749899822187
model_agnostic_replication_behavior-a1a371ca0205f3b5-m1,solvability,9.625,11.006747523713576
model_agnostic_replication_behavior-a1a540ac216b53e9-m0,information_sampling,5.0,4.808088221642269
model_agnostic_replication_behavior-a1a540ac216b53e9-m1,information_sampling,4.25,2.8111174829303516
model_agnostic_replication_behavior-a27d12ee74eb009d-m0,effort,-1.375,-0.5993916735976548
model_agnostic_replication_behavior-a27d12ee74eb009d-m1,effort,-2.625,-0.949091137774448
model_agnostic_replication_behavior-a2852f751614d7a1-m0,waiting,8.125,9.336950767424707
model_agnostic_replication_behavior-a2852f751614d7a1-m1,waiting,8.25,9.325976243524256
model_agnostic_replication_behavior-a308d567384b758e-m0,waiting,3.875,0.05251882789925655
model_agnostic_replication_behavior-a308d567384b758e-m1,waiting,4.375,0.04154430399880582
model_agnostic_replication_behavior-a31319d2f11fc6a4-m0,information_sampling,-1.5,-1.2461514205961661
model_agnostic_replication_behavior-a31319d2f11fc6a4-m1,information_sampling,-2.5,-3.2431221593080832
model_agnostic_replication_behavior-a32a2569c8a971ff-m0,foraging,2.625,0.15341651379942478
model_agnostic_replication_behavior-a32a2569c8a971ff-m1,foraging,3.5,0.5448988118792886
model_agnostic_replication_behavior-a377c64c042c97fa-m0,bandit,2.875,4.028903881411038
model_agnostic_replication_behavior-a377c64c042c97fa-m1,bandit,4.375,4.032366894273397
model_agnostic_replication_behavior-a3a86d0cdc3cad93-m0,solvability,6.625,8.589174893000957
model_agnostic_replication_behavior-a3a86d0cdc3cad93-m1,solvability,5.875,8.697172516892344
model_agnostic_replication_behavior-a3a93cc6e9169fa3-m0,information_sampling,2.125,1.60667897611402
model_agnostic_replication_behavior-a3a93cc6e9169fa3-m1,information_sampling,0.8750000000000001,-0.3902917625978972
model_agnostic_replication_behavior-a3c0f6578ab20b83-m0,information_sampling,3.875,5.445309033909085
model_agnostic_replication_behavior-a3c0f6578ab20b83-m1,information_sampling,2.75,3.448338295197168
model_agnostic_replication_behavior-a3cfb7159fafdec6-m0,debugging,5.125,4.09021172829485
model_agnostic_replication_behavior-a3cfb7159fafdec6-m1,debugging,5.75,5.572059547720933
model_agnostic_replication_behavior-a42ca42c513b241a-m0,solvability,-6.625,-6.313940062194833
model_agnostic_replication_behavior-a42ca42c513b241a-m1,solvability,-5.5,-6.205942438303444
model_agnostic_replication_behavior-a451b64017f24c80-m0,waiting,9.0,10.526276750343738
model_agnostic_replication_behavior-a451b64017f24c80-m1,waiting,8.625,10.515302226443287
model_agnostic_replication_behavior-a4613ac8506c78c0-m0,debugging,4.5,0.17109850525302428
model_agnostic_replication_behavior-a4613ac8506c78c0-m1,debugging,6.125,1.652946324679107
model_agnostic_replication_behavior-a46f5360fc23da31-m0,debugging,-2.375,-0.09869382476623167
model_agnostic_replication_behavior-a46f5360fc23da31-m1,debugging,1.8749999999999998,1.3831539946598508
model_agnostic_replication_behavior-a47fbfe4b3b204ba-m0,solvability,-12.625,-11.73215834189903
model_agnostic_replication_behavior-a47fbfe4b3b204ba-m1,solvability,-9.5625,-11.62416071800764
model_agnostic_replication_behavior-a487512d9591d2b5-m0,bandit,-11.4375,-9.901806452434878
model_agnostic_replication_behavior-a487512d9591d2b5-m1,bandit,-9.875,-9.89834343957252
model_agnostic_replication_behavior-a4c54bc3ec62e053-m0,information_sampling,3.5,3.1698847426478145
model_agnostic_replication_behavior-a4c54bc3ec62e053-m1,information_sampling,-0.8750000000000002,1.172914003935897
model_agnostic_replication_behavior-a4e37f63ffad0136-m0,waiting,6.5,4.109604642717292
model_agnostic_replication_behavior-a4e37f63ffad0136-m1,waiting,6.375,4.098630118816843
model_agnostic_replication_behavior-a4fbc588f4f2f1c1-m0,bandit,1.021484375,-2.0990176564888237
model_agnostic_replication_behavior-a4fbc588f4f2f1c1-m1,bandit,-1.306640625,-2.0955546436264645
model_agnostic_replication_behavior-a528e71ab9d6cfb9-m0,information_sampling,-1.25,1.44774716633518
model_agnostic_replication_behavior-a528e71ab9d6cfb9-m1,information_sampling,-3.0,-0.5492235723767385
model_agnostic_replication_behavior-a52df98b57929acf-m0,bandit,5.375,1.9730213544473143
model_agnostic_replication_behavior-a52df98b57929acf-m1,bandit,-1.7499999999999998,1.9764843673096735
model_agnostic_replication_behavior-a543d323f11e92dd-m0,waiting,3.625,1.7513760947066608
model_agnostic_replication_behavior-a543d323f11e92dd-m1,waiting,3.5,1.74040157080621
model_agnostic_replication_behavior-a5a6f09268e89b34-m0,information_sampling,3.5,0.7392648391890719
model_agnostic_replication_behavior-a5a6f09268e89b34-m1,information_sampling,-2.125,-1.2577058995228456
model_agnostic_replication_behavior-a5c3d29c9fb7e4dc-m0,foraging,-6.125,-5.822509354405932
model_agnostic_replication_behavior-a5c3d29c9fb7e4dc-m1,foraging,-4.5,-5.4310270563260685
model_agnostic_replication_behavior-a5ce8bd5b16bf8f7-m0,information_sampling,-1.625,-0.64563921484311
model_agnostic_replication_behavior-a5ce8bd5b16bf8f7-m1,information_sampling,-4.5,-2.642609953555027
model_agnostic_replication_behavior-a5e146830253c8b8-m0,debugging,-1.2385406494140625,-5.202945335675597
model_agnostic_replication_behavior-a5e146830253c8b8-m1,debugging,-0.21459960937499997,-3.7210975162495146
model_agnostic_replication_behavior-a646ebd939cd594b-m0,waiting,5.875,7.169352180252002
model_agnostic_replication_behavior-a646ebd939cd594b-m1,waiting,5.875,7.1583776563515515
model_agnostic_replication_behavior-a68d3e0aa669146a-m0,solvability,5.625,3.6896267605733963
model_agnostic_replication_behavior-a68d3e0aa669146a-m1,solvability,4.75,3.797624384464785
model_agnostic_replication_behavior-a69e531dd13ba571-m0,waiting,5.5,7.239831026438674
model_agnostic_replication_behavior-a69e531dd13ba571-m1,waiting,5.625,7.228856502538223
model_agnostic_replication_behavior-a6c9a1b963478f89-m0,information_sampling,4.25,2.7972264170702816
model_agnostic_replication_behavior-a6c9a1b963478f89-m1,information_sampling,3.0,0.800255678358365
model_agnostic_replication_behavior-a6d80956f32032cf-m0,debugging,-3.5,-0.32104823224858214
model_agnostic_replication_behavior-a6d80956f32032cf-m1,debugging,-0.8750000000000002,1.1607995871775005
model_agnostic_replication_behavior-a6ed1397d814db82-m0,waiting,10.75,8.826094590171504
model_agnostic_replication_behavior-a6ed1397d814db82-m1,waiting,10.75,8.815120066271053
model_agnostic_replication_behavior-a74f835b98d84c09-m0,effort,-7.125,-6.634647557324865
model_agnostic_replication_behavior-a74f835b98d84c09-m1,effort,-7.25,-6.984347021501658
model_agnostic_replication_behavior-a76dcd9640ae67bf-m0,information_sampling,1.0,0.7210074821273409
model_agnostic_replication_behavior-a76dcd9640ae67bf-m1,information_sampling,-2.125,-1.2759632565845758
model_agnostic_replication_behavior-a7ab7a2e0d8545a1-m0,foraging,-2.0,1.5925581096781245
model_agnostic_replication_behavior-a7ab7a2e0d8545a1-m1,foraging,-3.75,1.9840404077579878
model_agnostic_replication_behavior-a7c97b3af4ca8c64-m0,information_sampling,5.5,3.7602687300764814
model_agnostic_replication_behavior-a7c97b3af4ca8c64-m1,information_sampling,1.8749999999999998,1.7632979913645643
model_agnostic_replication_behavior-a7d9dee50aa7b775-m0,bandit,-6.5,-4.48385462332968
model_agnostic_replication_behavior-a7d9dee50aa7b775-m1,bandit,-5.375,-4.480391610467321
model_agnostic_replication_behavior-a7ded166a44d2eec-m0,solvability,7.0,8.041128015623482
model_agnostic_replication_behavior-a7ded166a44d2eec-m1,solvability,6.5,8.149125639514871
model_agnostic_replication_behavior-a7eb61b60ddd0e1c-m0,foraging,11.25,10.701701853419866
model_agnostic_replication_behavior-a7eb61b60ddd0e1c-m1,foraging,10.25,11.09318415149973
model_agnostic_replication_behavior-a7f63c768d2b931c-m0,solvability,5.875,2.2782542690797913
model_agnostic_replication_behavior-a7f63c768d2b931c-m1,solvability,5.0,2.38625189297118
model_agnostic_replication_behavior-a830c826b0ed4264-m0,effort,-4.25,-4.698211817099502
model_agnostic_replication_behavior-a830c826b0ed4264-m1,effort,-3.625,-5.047911281276296
model_agnostic_replication_behavior-a849749b5020b267-m0,debugging,-11.875,-13.346651451215033
model_agnostic_replication_behavior-a849749b5020b267-m1,debugging,-9.625,-11.86480363178895
model_agnostic_replication_behavior-a8e1a5f78fe34455-m0,information_sampling,6.25,5.3463915557354795
model_agnostic_replication_behavior-a8e1a5f78fe34455-m1,information_sampling,3.75,3.349420817023562
model_agnostic_replication_behavior-a8fe42ca48c26324-m0,debugging,3.75,3.3859033636381763
model_agnostic_replication_behavior-a8fe42ca48c26324-m1,debugging,5.375,4.867751183064259
model_agnostic_replication_behavior-a902c9fdbad01d0a-m0,foraging,5.125,1.4062877029987322
model_agnostic_replication_behavior-a902c9fdbad01d0a-m1,foraging,4.75,1.7977700010785955
model_agnostic_replication_behavior-a90dea3553dfce28-m0,waiting,3.25,3.7320675883203127
model_agnostic_replication_behavior-a90dea3553dfce28-m1,waiting,4.375,3.7210930644198625
model_agnostic_replication_behavior-a94220409f3387ce-m0,effort,4.5,4.2112402165116425
model_agnostic_replication_behavior-a94220409f3387ce-m1,effort,4.0,3.8615407523348493
model_agnostic_replication_behavior-a94b591a2bff9baa-m0,information_sampling,6.25,6.671111828235934
model_agnostic_replication_behavior-a94b591a2bff9baa-m1,information_sampling,4.375,4.674141089524016
model_agnostic_replication_behavior-a96bd9980f147e39-m0,foraging,-7.625,-6.886364826012438
model_agnostic_replication_behavior-a96bd9980f147e39-m1,foraging,-6.5,-6.4948825279325755
model_agnostic_replication_behavior-a96c2bd43fa2e9bd-m0,effort,1.25,0.5346927640406407
model_agnostic_replication_behavior-a96c2bd43fa2e9bd-m1,effort,-0.7500000000000001,0.18499329986384738
model_agnostic_replication_behavior-a980e77008cda552-m0,foraging,-5.125,-4.6896310146994225
model_agnostic_replication_behavior-a980e77008cda552-m1,foraging,-4.25,-4.2981487166195596
model_agnostic_replication_behavior-a9c746969fb565bb-m0,solvability,-9.875,-10.434748801503543
model_agnostic_replication_behavior-a9c746969fb565bb-m1,solvability,-7.125,-10.326751177612154
model_agnostic_replication_behavior-aa288658934d6f08-m0,foraging,4.625,2.5201924391314408
model_agnostic_replication_behavior-aa288658934d6f08-m1,foraging,2.25,2.911674737211304
model_agnostic_replication_behavior-aa3e1e1aafce3bed-m0,solvability,-7.375,-3.4580998740782722
model_agnostic_replication_behavior-aa3e1e1aafce3bed-m1,solvability,-5.5,-3.350102250186883
model_agnostic_replication_behavior-aa57df58cdba4ce5-m0,debugging,3.125,0.06820884322552856
model_agnostic_replication_behavior-aa57df58cdba4ce5-m1,debugging,4.25,1.5500566626516108
model_agnostic_replication_behavior-aad187a47ece8336-m0,debugging,-4.375,-3.056519680130968
model_agnostic_replication_behavior-aad187a47ece8336-m1,debugging,-0.8750000000000002,-1.5746718607048857
model_agnostic_replication_behavior-aaef65062abf2819-m0,bandit,3.375,-2.7308293084687945
model_agnostic_replication_behavior-aaef65062abf2819-m1,bandit,3.625,-2.7273662956064353
model_agnostic_replication_behavior-aaf8aa5de0fc6b93-m0,debugging,-1.375,-2.3278144897045614
model_agnostic_replication_behavior-aaf8aa5de0fc6b93-m1,debugging,3.75,-0.8459666702784789
model_agnostic_replication_behavior-ab1aa6db35ae8557-m0,debugging,-7.375,-6.134026838707243
model_agnostic_replication_behavior-ab1aa6db35ae8557-m1,debugging,-6.375,-4.65217901928116
model_agnostic_replication_behavior-ab1afbf27364f180-m0,foraging,6.875,2.880814622630104
model_agnostic_replication_behavior-ab1afbf27364f180-m1,foraging,6.625,3.2722969207099677
model_agnostic_replication_behavior-ab54dec61ded46a8-m0,bandit,-5.875,-4.86961088792026
model_agnostic_replication_behavior-ab54dec61ded46a8-m1,bandit,-5.625,-4.866147875057901
model_agnostic_replication_behavior-aba2d544304c5912-m0,debugging,-6.875,0.09579330120469387
model_agnostic_replication_behavior-aba2d544304c5912-m1,debugging,-2.75,1.5776411206307766
model_agnostic_replication_behavior-abb5317ab5b4a015-m0,waiting,-1.25,-0.21064412647726427
model_agnostic_replication_behavior-abb5317ab5b4a015-m1,waiting,-5.125,-0.22161865037771444
model_agnostic_replication_behavior-ac38923080b383a6-m0,debugging,-8.125,-10.04491218908676
model_agnostic_replication_behavior-ac38923080b383a6-m1,debugging,-6.75,-8.563064369660678
model_agnostic_replication_behavior-ac890acb50f7ec0e-m0,information_sampling,4.125,3.318443850918653
model_agnostic_replication_behavior-ac890acb50f7ec0e-m1,information_sampling,-2.375,1.321473112206736
model_agnostic_replication_behavior-acbaebba4c74cb02-m0,bandit,-4.5,-5.441647015859839
model_agnostic_replication_behavior-acbaebba4c74cb02-m1,bandit,-6.125,-5.43818400299748
model_agnostic_replication_behavior-accd5275ffc2344c-m0,effort,-2.375,0.35782375230190466
model_agnostic_replication_behavior-accd5275ffc2344c-m1,effort,-2.0,0.008124288125111234
model_agnostic_replication_behavior-acf7c0f8f0de4cdd-m0,information_sampling,3.0,1.5735182767054554
model_agnostic_replication_behavior-acf7c0f8f0de4cdd-m1,information_sampling,3.0,-0.42345246200646214
model_agnostic_replication_behavior-ad17b7f6e94b25c2-m0,effort,-1.375,-1.686044796185851
model_agnostic_replication_behavior-ad17b7f6e94b25c2-m1,effort,-2.25,-2.0357442603626446
model_agnostic_replication_behavior-ad58471ff39d62b3-m0,information_sampling,2.875,2.3822712966298725
model_agnostic_replication_behavior-ad58471ff39d62b3-m1,information_sampling,0.7500000000000002,0.38530055791795537
model_agnostic_replication_behavior-ad86cbf40f63c41b-m0,waiting,2.75,3.3148639914610554
model_agnostic_replication_behavior-ad86cbf40f63c41b-m1,waiting,3.5,3.303889467560605
model_agnostic_replication_behavior-ad9239f863ee41f7-m0,solvability,7.5,2.719968450392345
model_agnostic_replication_behavior-ad9239f863ee41f7-m1,solvability,7.125,2.8279660742837334
model_agnostic_replication_behavior-adf66d1532af3585-m0,debugging,0.24999999999999992,1.7858230465237923
model_agnostic_replication_behavior-adf66d1532af3585-m1,debugging,-2.125,3.267670865949875
model_agnostic_replication_behavior-ae29143e83f51d84-m0,bandit,-4.0,-3.1174096861344593
model_agnostic_replication_behavior-ae29143e83f51d84-m1,bandit,-1.0000000000000002,-3.1139466732721006
model_agnostic_replication_behavior-ae3f93b7a5b07031-m0,waiting,3.25,1.8668403263029618
model_agnostic_replication_behavior-ae3f93b7a5b07031-m1,waiting,4.25,1.8558658024025116
model_agnostic_replication_behavior-ae993fc3f92cbf0d-m0,solvability,-0.71875,-2.143583465970259
model_agnostic_replication_behavior-ae993fc3f92cbf0d-m1,solvability,1.328125,-2.035585842078871
model_agnostic_replication_behavior-ae9d6a62b9996a52-m0,effort,2.125,-1.9207323254530082
model_agnostic_replication_behavior-ae9d6a62b9996a52-m1,effort,0.37499999999999994,-2.2704317896298014
model_agnostic_replication_behavior-aecc506b9efb42c7-m0,foraging,-7.75,-6.202333977033237
model_agnostic_replication_behavior-aecc506b9efb42c7-m1,foraging,-6.0,-5.810851678953374
model_agnostic_replication_behavior-af0b27cc9c3c3c61-m0,foraging,4.125,2.9163278572269355
model_agnostic_replication_behavior-af0b27cc9c3c3c61-m1,foraging,5.0,3.3078101553067993
model_agnostic_replication_behavior-af0b84099a005ab1-m0,bandit,9.6875,6.094065515050019
model_agnostic_replication_behavior-af0b84099a005ab1-m1,bandit,8.25,6.097528527912378
model_agnostic_replication_behavior-af77d164614b1d66-m0,debugging,7.125,4.358586268435269
model_agnostic_replication_behavior-af77d164614b1d66-m1,debugging,7.125,5.840434087861352
model_agnostic_replication_behavior-af77e1e8d4a048b0-m0,debugging,-6.625,-2.526866694948179
model_agnostic_replication_behavior-af77e1e8d4a048b0-m1,debugging,-4.375,-1.0450188755220962
model_agnostic_replication_behavior-af7a3776375cf5d8-m0,foraging,7.125,5.336197495783213
model_agnostic_replication_behavior-af7a3776375cf5d8-m1,foraging,7.625,5.727679793863076
model_agnostic_replication_behavior-af9b04e92981df21-m0,foraging,3.375,1.749509449494181
model_agnostic_replication_behavior-af9b04e92981df21-m1,foraging,4.25,2.140991747574046
model_agnostic_replication_behavior-afb3467b7db67954-m0,debugging,-4.0,-1.6829095675007308
model_agnostic_replication_behavior-afb3467b7db67954-m1,debugging,-5.125,-0.20106174807464816
model_agnostic_replication_behavior-afd29f0454e4c837-m0,information_sampling,-2.875,-0.6919274560792996
model_agnostic_replication_behavior-afd29f0454e4c837-m1,information_sampling,-4.375,-2.688898194791217
model_agnostic_replication_behavior-b0278a57ed64cc5b-m0,waiting,-4.125,0.6114163844630749
model_agnostic_replication_behavior-b0278a57ed64cc5b-m1,waiting,-5.0,0.6004418605626247
model_agnostic_replication_behavior-b0363d1497b21cd4-m0,information_sampling,-2.0,-2.334489396806396
model_agnostic_replication_behavior-b0363d1497b21cd4-m1,information_sampling,-3.25,-4.331460135518313
model_agnostic_replication_behavior-b059e762ede61b75-m0,bandit,-0.06249999999999986,-1.285043912445647
model_agnostic_replication_behavior-b059e762ede61b75-m1,bandit,1.3203125,-1.281580899583288
model_agnostic_replication_behavior-b0799ff589d12830-m0,solvability,-0.6249999999999999,3.8305913188047716
model_agnostic_replication_behavior-b0799ff589d12830-m1,solvability,-0.37499999999999994,3.93858894269616
model_agnostic_replication_behavior-b079d0c7150c5026-m0,solvability,4.875,1.480373989004909
model_agnostic_replication_behavior-b079d0c7150c5026-m1,solvability,2.25,1.5883716128962972
model_agnostic_replication_behavior-b08ce482cad5e8d8-m0,solvability,2.125,0.3175143944643187
model_agnostic_replication_behavior-b08ce482cad5e8d8-m1,solvability,1.8749999999999998,0.42551201835570696
model_agnostic_replication_behavior-b08dda7e86b74f39-m0,waiting,-6.25,-0.666518133198247
model_agnostic_replication_behavior-b08dda7e86b74f39-m1,waiting,-5.625,-0.6774926570986972
model_agnostic_replication_behavior-b091f89781ed3b2b-m0,waiting,-5.75,-3.2599234124388143
model_agnostic_replication_behavior-b091f89781ed3b2b-m1,waiting,-6.0,-3.2708979363392645
model_agnostic_replication_behavior-b0e8eab1286e0495-m0,effort,-2.875,0.3726802595346701
model_agnostic_replication_behavior-b0e8eab1286e0495-m1,effort,-3.0,0.022980795357876893
model_agnostic_replication_behavior-b104e976596e9b41-m0,waiting,5.125,6.144642486390641
model_agnostic_replication_behavior-b104e976596e9b41-m1,waiting,5.125,6.13366796249019
model_agnostic_replication_behavior-b11901307bf86676-m0,waiting,0.8750000000000001,1.2803828024362345
model_agnostic_replication_behavior-b11901307bf86676-m1,waiting,3.625,1.269408278535784
model_agnostic_replication_behavior-b13bb523a16cd0b6-m0,effort,5.125,5.345148451911227
model_agnostic_replication_behavior-b13bb523a16cd0b6-m1,effort,4.0,4.9954489877344335
model_agnostic_replication_behavior-b154cc31684d8f3f-m0,bandit,-12.25,-11.593856269051583
model_agnostic_replication_behavior-b154cc31684d8f3f-m1,bandit,-9.8125,-11.590393256189223
model_agnostic_replication_behavior-b16568e0116fc1e7-m0,information_sampling,1.25,1.4465016106427857
model_agnostic_replication_behavior-b16568e0116fc1e7-m1,information_sampling,-3.875,-0.5504691280691314
model_agnostic_replication_behavior-b1732c0d94b9cc23-m0,effort,-2.25,-2.1206344882396575
model_agnostic_replication_behavior-b1732c0d94b9cc23-m1,effort,-2.0,-2.4703339524164507
model_agnostic_replication_behavior-b1815e9392c1084d-m0,effort,0.24999999999999992,3.1899451462540345
model_agnostic_replication_behavior-b1815e9392c1084d-m1,effort,-0.5,2.8402456820772404
model_agnostic_replication_behavior-b198af7ba8d1b526-m0,debugging,6.625,6.274888709663872
model_agnostic_replication_behavior-b198af7ba8d1b526-m1,debugging,6.875,7.756736529089955
model_agnostic_replication_behavior-b1ab096de809d49a-m0,information_sampling,5.0,5.3845908275081005
model_agnostic_replication_behavior-b1ab096de809d49a-m1,information_sampling,2.75,3.387620088796184
model_agnostic_replication_behavior-b221a40bc1ed3b52-m0,waiting,1.25,0.3333020824543558
model_agnostic_replication_behavior-b221a40bc1ed3b52-m1,waiting,1.125,0.3223275585539056
model_agnostic_replication_behavior-b240fb3e40f52959-m0,effort,-6.125,-6.572615947720919
model_agnostic_replication_behavior-b240fb3e40f52959-m1,effort,-6.375,-6.922315411897713
model_agnostic_replication_behavior-b2485125974a9402-m0,effort,-2.625,-2.2072378080731374
model_agnostic_replication_behavior-b2485125974a9402-m1,effort,-3.25,-2.5569372722499306
model_agnostic_replication_behavior-b24b3b34b3c76553-m0,effort,-3.625,-2.052768919616025
model_agnostic_replication_behavior-b24b3b34b3c76553-m1,effort,-3.75,-2.4024683837928187
model_agnostic_replication_behavior-b2a35d25bbfe0347-m0,effort,-5.125,-3.496412291092907
model_agnostic_replication_behavior-b2a35d25bbfe0347-m1,effort,-5.0,-3.8461117552697006
model_agnostic_replication_behavior-b2affe67e7dad167-m0,foraging,7.75,4.398119714572771
model_agnostic_replication_behavior-b2affe67e7dad167-m1,foraging,6.375,4.789602012652635
model_agnostic_replication_behavior-b2da15a4060b4ae3-m0,solvability,12.6875,10.940453913634341
model_agnostic_replication_behavior-b2da15a4060b4ae3-m1,solvability,12.125,11.04845153752573
model_agnostic_replication_behavior-b310632467f80f9f-m0,information_sampling,3.5,1.1710853965224626
model_agnostic_replication_behavior-b310632467f80f9f-m1,information_sampling,-1.0000000000000002,-0.8258853421894541
model_agnostic_replication_behavior-b329f57d6f2aca28-m0,solvability,1.25,-1.2428968597446628
model_agnostic_replication_behavior-b329f57d6f2aca28-m1,solvability,0.37499999999999994,-1.1348992358532743
model_agnostic_replication_behavior-b33806b03d34fa75-m0,effort,3.5,0.4263725628378917
model_agnostic_replication_behavior-b33806b03d34fa75-m1,effort,3.125,0.07667309866109795
model_agnostic_replication_behavior-b39655be6ad67a0e-m0,foraging,3.0,0.2564124204630376
model_agnostic_replication_behavior-b39655be6ad67a0e-m1,foraging,3.25,0.6478947185429018
model_agnostic_replication_behavior-b3c5d4dd465aa910-m0,information_sampling,4.875,3.7879652098464804
model_agnostic_replication_behavior-b3c5d4dd465aa910-m1,information_sampling,2.625,1.790994471134563
model_agnostic_replication_behavior-b3fc63e98c34e0c1-m0,debugging,3.5,2.867114996346916
model_agnostic_replication_behavior-b3fc63e98c34e0c1-m1,debugging,5.75,4.348962815772999
model_agnostic_replication_behavior-b4091cd5acefef50-m0,bandit,0.125,1.578592196587552
model_agnostic_replication_behavior-b4091cd5acefef50-m1,bandit,0.5,1.5820552094499103
model_agnostic_replication_behavior-b417cb54ca5cb0a9-m0,waiting,-1.25,-0.0014664718181000569
model_agnostic_replication_behavior-b417cb54ca5cb0a9-m1,waiting,-0.6249999999999999,-0.01244099571855034
model_agnostic_replication_behavior-b43d0c4c83424957-m0,debugging,-3.75,-1.2260479794531667
model_agnostic_replication_behavior-b43d0c4c83424957-m1,debugging,-2.125,0.2557998399729158
model_agnostic_replication_behavior-b43fa222450ee229-m0,bandit,8.375,6.582671380292627
model_agnostic_replication_behavior-b43fa222450ee229-m1,bandit,7.5,6.586134393154985
model_agnostic_replication_behavior-b45b8c56007b8889-m0,foraging,-6.0,-2.782258818446032
model_agnostic_replication_behavior-b45b8c56007b8889-m1,foraging,-4.75,-2.3907765203661686
model_agnostic_replication_behavior-b4a89c1245e5e084-m0,debugging,4.875,2.0410786425333507
model_agnostic_replication_behavior-b4a89c1245e5e084-m1,debugging,5.625,3.5229264619594334
model_agnostic_replication_behavior-b4da18abc05a36e8-m0,information_sampling,4.25,2.4798536777583085
model_agnostic_replication_behavior-b4da18abc05a36e8-m1,information_sampling,0.625,0.48288293904639135
model_agnostic_replication_behavior-b4e46402e04034da-m0,effort,0.24218749999999986,-3.699813743734471
model_agnostic_replication_behavior-b4e46402e04034da-m1,effort,-1.3232421875,-4.049513207911264
model_agnostic_replication_behavior-b4ff5e2b0e8e2429-m0,effort,-7.125,-8.493361840155396
model_agnostic_replication_behavior-b4ff5e2b0e8e2429-m1,effort,-7.25,-8.843061304332188
model_agnostic_replication_behavior-b50e040cfda7d970-m0,waiting,7.25,5.987840505019554
model_agnostic_replication_behavior-b50e040cfda7d970-m1,waiting,6.25,5.976865981119103
model_agnostic_replication_behavior-b51078f008173cf6-m0,debugging,6.5,0.9684826009482796
model_agnostic_replication_behavior-b51078f008173cf6-m1,debugging,6.875,2.450330420374362
model_agnostic_replication_behavior-b51ff999e101524f-m0,bandit,-3.125,-2.3577097726391547
model_agnostic_replication_behavior-b51ff999e101524f-m1,bandit,-1.7499999999999998,-2.3542467597767955
model_agnostic_replication_behavior-b525271a90d40279-m0,foraging,9.75,6.6989633641789865
model_agnostic_replication_behavior-b525271a90d40279-m1,foraging,8.375,7.090445662258851
model_agnostic_replication_behavior-b56a3286ab9ef41d-m0,bandit,-10.0625,-7.828091236282513
model_agnostic_replication_behavior-b56a3286ab9ef41d-m1,bandit,-10.8125,-7.824628223420155
model_agnostic_replication_behavior-b5701f791aa8997e-m0,effort,-1.0000000000000002,0.6503174901620004
model_agnostic_replication_behavior-b5701f791aa8997e-m1,effort,-2.125,0.3006180259852069
model_agnostic_replication_behavior-b570dad4c65811ca-m0,bandit,-6.5,-1.7041937194035701
model_agnostic_replication_behavior-b570dad4c65811ca-m1,bandit,-7.75,-1.7007307065412112
model_agnostic_replication_behavior-b58943e20a8f8a92-m0,debugging,-8.25,-7.959963982349497
model_agnostic_replication_behavior-b58943e20a8f8a92-m1,debugging,-6.5,-6.478116162923414
model_agnostic_replication_behavior-b5fad042cb63ff87-m0,solvability,-6.875,-5.054105858257701
model_agnostic_replication_behavior-b5fad042cb63ff87-m1,solvability,-5.25,-4.946108234366312
model_agnostic_replication_behavior-b6005f5c6416b8fb-m0,information_sampling,-1.25,0.15130950310298774
model_agnostic_replication_behavior-b6005f5c6416b8fb-m1,information_sampling,-0.6249999999999999,-1.8456612356089297
model_agnostic_replication_behavior-b64609b7c3f2c495-m0,debugging,1.3750000000000002,-1.7878881268228215
model_agnostic_replication_behavior-b64609b7c3f2c495-m1,debugging,1.75,-0.30604030739673904
model_agnostic_replication_behavior-b648a50a1d57f2be-m0,information_sampling,4.0,6.085870699718454
model_agnostic_replication_behavior-b648a50a1d57f2be-m1,information_sampling,3.375,4.088899961006536
model_agnostic_replication_behavior-b6f9e05fb713ae7f-m0,waiting,4.625,3.8502541556712555
model_agnostic_replication_behavior-b6f9e05fb713ae7f-m1,waiting,4.75,3.8392796317708053
model_agnostic_replication_behavior-b73b2563d7792a62-m0,bandit,-9.9375,-8.029604192186978
model_agnostic_replication_behavior-b73b2563d7792a62-m1,bandit,-9.5,-8.026141179324618
model_agnostic_replication_behavior-b74224d6692de83a-m0,debugging,-6.875,-3.992959946814363
model_agnostic_replication_behavior-b74224d6692de83a-m1,debugging,-4.75,-2.5111121273882793
model_agnostic_replication_behavior-b7665e01c153d5bf-m0,bandit,8.0,4.802412825371823
model_agnostic_replication_behavior-b7665e01c153d5bf-m1,bandit,4.875,4.805875838234181
model_agnostic_replication_behavior-b778e44eb05ef619-m0,information_sampling,5.25,4.044897633245236
model_agnostic_replication_behavior-b778e44eb05ef619-m1,information_sampling,3.875,2.0479268945333193
model_agnostic_replication_behavior-b7904579c72898ad-m0,foraging,-5.75,-3.0432046550762304
model_agnostic_replication_behavior-b7904579c72898ad-m1,foraging,-4.625,-2.651722356996367
model_agnostic_replication_behavior-b7ba091b56cafce6-m0,solvability,8.375,4.302754791363757
model_agnostic_replication_behavior-b7ba091b56cafce6-m1,solvability,7.625,4.410752415255146
model_agnostic_replication_behavior-b7c870124e39f0e2-m0,foraging,7.5,6.295727170335628
model_agnostic_replication_behavior-b7c870124e39f0e2-m1,foraging,6.5,6.687209468415491
model_agnostic_replication_behavior-b7d2a31795727d16-m0,bandit,11.5625,6.275579594293219
model_agnostic_replication_behavior-b7d2a31795727d16-m1,bandit,8.5,6.279042607155578
model_agnostic_replication_behavior-b7eacd4b42bd6e95-m0,information_sampling,2.125,1.7840704382127162
model_agnostic_replication_behavior-b7eacd4b42bd6e95-m1,information_sampling,-1.875,-0.21290030049920117
model_agnostic_replication_behavior-b81630c7a11a2e05-m0,information_sampling,4.625,2.5774900561610976
model_agnostic_replication_behavior-b81630c7a11a2e05-m1,information_sampling,3.125,0.58051931744918
model_agnostic_replication_behavior-b839ec3c500cdc8f-m0,debugging,0.24999999999999992,-1.0636300401364418
model_agnostic_replication_behavior-b839ec3c500cdc8f-m1,debugging,0.7500000000000002,0.41821777928964066
model_agnostic_replication_behavior-b84c0a4044355c3d-m0,waiting,8.75,9.544934607349678
model_agnostic_replication_behavior-b84c0a4044355c3d-m1,waiting,8.875,9.533960083449227
model_agnostic_replication_behavior-b88c71389f6e1f78-m0,waiting,3.125,1.725162046371635
model_agnostic_replication_behavior-b88c71389f6e1f78-m1,waiting,3.0,1.7141875224711844
model_agnostic_replication_behavior-b8d58994135da0d4-m0,foraging,7.75,2.5939929521606198
model_agnostic_replication_behavior-b8d58994135da0d4-m1,foraging,7.125,2.9854752502404835
model_agnostic_replication_behavior-b8d6336ea6666d04-m0,debugging,7.75,4.520292723217331
model_agnostic_replication_behavior-b8d6336ea6666d04-m1,debugging,8.0,6.002140542643414
model_agnostic_replication_behavior-b8d97a1220a37322-m0,solvability,13.125,12.790811996081793
model_agnostic_replication_behavior-b8d97a1220a37322-m1,solvability,12.875,12.898809619973182
model_agnostic_replication_behavior-b8ee4bfaaff3b78c-m0,solvability,-4.125,-2.8688497395561785
model_agnostic_replication_behavior-b8ee4bfaaff3b78c-m1,solvability,-4.625,-2.7608521156647896
model_agnostic_replication_behavior-b90bb133e5583170-m0,debugging,-4.0,-1.76446222441625
model_agnostic_replication_behavior-b90bb133e5583170-m1,debugging,-1.0000000000000002,-0.2826144049901671
model_agnostic_replication_behavior-b9754b6451a053c1-m0,information_sampling,3.875,4.0780058922751365
model_agnostic_replication_behavior-b9754b6451a053c1-m1,information_sampling,3.125,2.081035153563219
model_agnostic_replication_behavior-b98c3405de39105f-m0,bandit,12.25,7.229341245448312
model_agnostic_replication_behavior-b98c3405de39105f-m1,bandit,10.0,7.232804258310671
model_agnostic_replication_behavior-b9a8a30169f814d2-m0,solvability,-0.890625,-2.7080641731256425
model_agnostic_replication_behavior-b9a8a30169f814d2-m1,solvability,1.109375,-2.6000665492342545
model_agnostic_replication_behavior-b9c0b53ee3475117-m0,foraging,2.5,1.9179622480370997
model_agnostic_replication_behavior-b9c0b53ee3475117-m1,foraging,3.875,2.3094445461169633
model_agnostic_replication_behavior-b9e603424cb92b55-m0,bandit,6.75,8.449897035718172
model_agnostic_replication_behavior-b9e603424cb92b55-m1,bandit,6.5,8.453360048580532
model_agnostic_replication_behavior-b9f5341d75b1714a-m0,solvability,0.03125000000000008,6.124700799482705
model_agnostic_replication_behavior-b9f5341d75b1714a-m1,solvability,1.9062500000000002,6.232698423374092
model_agnostic_replication_behavior-ba1cc96811478777-m0,foraging,6.625,4.646683092306849
model_agnostic_replication_behavior-ba1cc96811478777-m1,foraging,7.0,5.038165390386712
model_agnostic_replication_behavior-ba48ed3f91a389fa-m0,foraging,-1.625,-0.6199076687088505
model_agnostic_replication_behavior-ba48ed3f91a389fa-m1,foraging,-2.875,-0.2284253706289867
model_agnostic_replication_behavior-ba4f4292ecdca8d8-m0,debugging,2.75,-0.9526334319602221
model_agnostic_replication_behavior-ba4f4292ecdca8d8-m1,debugging,5.125,0.5292143874658606
model_agnostic_replication_behavior-ba63ed3e3a0cb812-m0,foraging,3.75,3.23548459013859
model_agnostic_replication_behavior-ba63ed3e3a0cb812-m1,foraging,2.5,3.626966888218454
model_agnostic_replication_behavior-ba9da87bdb54ea7a-m0,waiting,4.0,3.722878953221774
model_agnostic_replication_behavior-ba9da87bdb54ea7a-m1,waiting,4.0,3.7119044293213235
model_agnostic_replication_behavior-baa256dd183aed71-m0,effort,-6.5,-3.1510798644155456
model_agnostic_replication_behavior-baa256dd183aed71-m1,effort,-6.25,-3.5007793285923388
model_agnostic_replication_behavior-baa496fd4db96050-m0,solvability,-4.375,-2.8991211833522197
model_agnostic_replication_behavior-baa496fd4db96050-m1,solvability,-3.0,-2.7911235594608317
model_agnostic_replication_behavior-bab38f8f58566df2-m0,debugging,-5.125,-5.848539591550091
model_agnostic_replication_behavior-bab38f8f58566df2-m1,debugging,-4.875,-4.366691772124008
model_agnostic_replication_behavior-bac2d3a7617c8d0c-m0,debugging,-9.0,-6.764705436998543
model_agnostic_replication_behavior-bac2d3a7617c8d0c-m1,debugging,-7.375,-5.282857617572461
model_agnostic_replication_behavior-badd7b79148c6bfd-m0,solvability,7.125,7.974912825545431
model_agnostic_replication_behavior-badd7b79148c6bfd-m1,solvability,7.0,8.08291044943682
model_agnostic_replication_behavior-baeb231352f2635a-m0,information_sampling,4.0,1.624024269438518
model_agnostic_replication_behavior-baeb231352f2635a-m1,information_sampling,-0.5,-0.37294646927339903
model_agnostic_replication_behavior-bafad9172aacd027-m0,debugging,-7.25,-7.66844991896931
model_agnostic_replication_behavior-bafad9172aacd027-m1,debugging,-6.0,-6.186602099543228
model_agnostic_replication_behavior-bb37dc6f4fa12254-m0,information_sampling,2.875,5.542528816422848
model_agnostic_replication_behavior-bb37dc6f4fa12254-m1,information_sampling,2.375,3.545558077710932
model_agnostic_replication_behavior-bb5ef1f5dda71a93-m0,debugging,2.125,-0.3493286199077479
model_agnostic_replication_behavior-bb5ef1f5dda71a93-m1,debugging,4.875,1.1325191995183348
model_agnostic_replication_behavior-bb7a8ea0c028b603-m0,information_sampling,3.75,2.705169650256442
model_agnostic_replication_behavior-bb7a8ea0c028b603-m1,information_sampling,3.125,0.7081989115445246
model_agnostic_replication_behavior-bb87c93639906c63-m0,solvability,11.5,10.818526523811174
model_agnostic_replication_behavior-bb87c93639906c63-m1,solvability,10.625,10.926524147702564
model_agnostic_replication_behavior-bb88a55018de43ae-m0,debugging,-1.375,-4.058308177731564
model_agnostic_replication_behavior-bb88a55018de43ae-m1,debugging,-1.7499999999999998,-2.5764603583054813
model_agnostic_replication_behavior-bb99c351ec7b289a-m0,information_sampling,4.875,3.445781010131136
model_agnostic_replication_behavior-bb99c351ec7b289a-m1,information_sampling,3.75,1.4488102714192193
model_agnostic_replication_behavior-bbbaf0ba27873635-m0,waiting,-3.25,-0.8036296013863589
model_agnostic_replication_behavior-bbbaf0ba27873635-m1,waiting,-3.75,-0.8146041252868093
model_agnostic_replication_behavior-bbcdce3e2656fce4-m0,waiting,-1.7499999999999998,0.33897217396589685
model_agnostic_replication_behavior-bbcdce3e2656fce4-m1,waiting,-3.625,0.3279976500654467
model_agnostic_replication_behavior-bbdb6f8f60a2de7e-m0,debugging,3.625,0.9321278393347294
model_agnostic_replication_behavior-bbdb6f8f60a2de7e-m1,debugging,5.875,2.413975658760812
model_agnostic_replication_behavior-bc07e1b9ff659bcf-m0,bandit,-12.125,-8.58403223531168
model_agnostic_replication_behavior-bc07e1b9ff659bcf-m1,bandit,-11.0,-8.580569222449322
model_agnostic_replication_behavior-bc6da548cf59ada3-m0,debugging,0.0,-1.887715875962649
model_agnostic_replication_behavior-bc6da548cf59ada3-m1,debugging,2.75,-0.4058680565365662
model_agnostic_replication_behavior-bcbb140dd0081a7a-m0,bandit,11.75,8.02186609827329
model_agnostic_replication_behavior-bcbb140dd0081a7a-m1,bandit,8.625,8.02532911113565
model_agnostic_replication_behavior-bcc49133072a63da-m0,bandit,3.5,4.538679255071175
model_agnostic_replication_behavior-bcc49133072a63da-m1,bandit,4.125,4.542142267933533
model_agnostic_replication_behavior-bcdf1f82ff44f91c-m0,waiting,0.7968750000000001,7.216681589849967
model_agnostic_replication_behavior-bcdf1f82ff44f91c-m1,waiting,-0.7421875,7.205707065949517
model_agnostic_replication_behavior-bcf4b4a3a5249fc0-m0,waiting,7.625,5.864064937943257
model_agnostic_replication_behavior-bcf4b4a3a5249fc0-m1,waiting,8.0,5.853090414042807
model_agnostic_replication_behavior-bd30676addecf07f-m0,effort,-3.875,-2.8704445860006156
model_agnostic_replication_behavior-bd30676addecf07f-m1,effort,-3.75,-3.220144050177409
model_agnostic_replication_behavior-bd52a33882335d5f-m0,effort,-6.5,-1.336097552331939
model_agnostic_replication_behavior-bd52a33882335d5f-m1,effort,-5.5,-1.6857970165087321
model_agnostic_replication_behavior-bd55a30fe94771cf-m0,bandit,-7.375,-6.4572122061274815
model_agnostic_replication_behavior-bd55a30fe94771cf-m1,bandit,-6.625,-6.453749193265123
model_agnostic_replication_behavior-bd59a00e0cf17cdf-m0,bandit,-5.375,0.6241461216627284
model_agnostic_replication_behavior-bd59a00e0cf17cdf-m1,bandit,-3.875,0.6276091345250867
model_agnostic_replication_behavior-bd622ae2f696cddc-m0,solvability,0.24999999999999992,3.882842889323402
model_agnostic_replication_behavior-bd622ae2f696cddc-m1,solvability,-1.25,3.9908405132147906
model_agnostic_replication_behavior-bd704a50a13f5f4b-m0,bandit,-4.25,-4.4087189358868
model_agnostic_replication_behavior-bd704a50a13f5f4b-m1,bandit,-5.875,-4.405255923024441
model_agnostic_replication_behavior-bdda94db37d4119f-m0,bandit,-7.0,-5.617851430154573
model_agnostic_replication_behavior-bdda94db37d4119f-m1,bandit,-9.125,-5.614388417292215
model_agnostic_replication_behavior-bdf79d99d9d486f5-m0,solvability,12.4375,8.275008436271339
model_agnostic_replication_behavior-bdf79d99d9d486f5-m1,solvability,9.625,8.383006060162728
model_agnostic_replication_behavior-bdf8aed1c52641de-m0,solvability,11.375,8.770926135421627
model_agnostic_replication_behavior-bdf8aed1c52641de-m1,solvability,11.125,8.878923759313016
model_agnostic_replication_behavior-be0ddae0fa5cdbda-m0,foraging,-3.5,-3.0655597259720535
model_agnostic_replication_behavior-be0ddae0fa5cdbda-m1,foraging,-3.75,-2.6740774278921897
model_agnostic_replication_behavior-be10bcfe89cdfc9d-m0,effort,-6.375,-7.961221696049946
model_agnostic_replication_behavior-be10bcfe89cdfc9d-m1,effort,-6.375,-8.310921160226739
model_agnostic_replication_behavior-be134d29547c1298-m0,bandit,-4.75,-2.437960586547491
model_agnostic_replication_behavior-be134d29547c1298-m1,bandit,-5.625,-2.4344975736851318
model_agnostic_replication_behavior-be26a6e3031b520b-m0,debugging,3.375,1.988184958841212
model_agnostic_replication_behavior-be26a6e3031b520b-m1,debugging,6.375,3.470032778267295
model_agnostic_replication_behavior-be3397744df99a47-m0,solvability,7.5,2.9519868367380213
model_agnostic_replication_behavior-be3397744df99a47-m1,solvability,5.75,3.0599844606294098
model_agnostic_replication_behavior-be6990a4a2661e4f-m0,solvability,2.5,-2.026922895294219
model_agnostic_replication_behavior-be6990a4a2661e4f-m1,solvability,0.7500000000000002,-1.9189252714028306
model_agnostic_replication_behavior-be871ad777b27cd4-m0,information_sampling,3.875,1.6667797633928592
model_agnostic_replication_behavior-be871ad777b27cd4-m1,information_sampling,0.625,-0.33019097531905883
model_agnostic_replication_behavior-be8dcc195906f315-m0,bandit,-5.0,-0.5520311928791533
model_agnostic_replication_behavior-be8dcc195906f315-m1,bandit,-6.25,-0.5485681800167945
model_agnostic_replication_behavior-be9e69f382943446-m0,bandit,9.9375,2.7618038566305785
model_agnostic_replication_behavior-be9e69f382943446-m1,bandit,8.5,2.7652668694929368
model_agnostic_replication_behavior-bea19bb2e6baac3a-m0,bandit,-2.375,0.6065764172520951
model_agnostic_replication_behavior-bea19bb2e6baac3a-m1,bandit,4.625,0.6100394301144543
model_agnostic_replication_behavior-bebd679553652e69-m0,foraging,6.375,6.445113773619804
model_agnostic_replication_behavior-bebd679553652e69-m1,foraging,5.375,6.836596071699667
model_agnostic_replication_behavior-bec7c0b1fdaf1462-m0,waiting,4.5,3.4337594351538705
model_agnostic_replication_behavior-bec7c0b1fdaf1462-m1,waiting,3.875,3.4227849112534203
model_agnostic_replication_behavior-becaedb27f1a68db-m0,effort,2.0,2.091471738426303
model_agnostic_replication_behavior-becaedb27f1a68db-m1,effort,2.125,1.7417722742495099
model_agnostic_replication_behavior-bedb344c2e19160f-m0,bandit,-7.75,-3.7786116334019413
model_agnostic_replication_behavior-bedb344c2e19160f-m1,bandit,-7.5,-3.775148620539583
model_agnostic_replication_behavior-befa0bc4bf2ebcfe-m0,waiting,3.25,0.18497363375828302
model_agnostic_replication_behavior-befa0bc4bf2ebcfe-m1,waiting,3.5,0.17399910985783285
model_agnostic_replication_behavior-bf4aaa25cfc5fb45-m0,bandit,10.875,6.824582607418021
model_agnostic_replication_behavior-bf4aaa25cfc5fb45-m1,bandit,8.625,6.828045620280379
model_agnostic_replication_behavior-bf9e010a4566f2fc-m0,debugging,-2.5,-2.7188671984996224
model_agnostic_replication_behavior-bf9e010a4566f2fc-m1,debugging,-1.625,-1.23701937907354
model_agnostic_replication_behavior-bfb5bc64c0c6e59b-m0,solvability,6.75,3.6474331939130584
model_agnostic_replication_behavior-bfb5bc64c0c6e59b-m1,solvability,6.25,3.7554308178044464
model_agnostic_replication_behavior-bfdd6cdef9c52b79-m0,waiting,-3.875,-1.3042496381499888
model_agnostic_replication_behavior-bfdd6cdef9c52b79-m1,waiting,-5.125,-1.3152241620504392
model_agnostic_replication_behavior-bfe5a3b63d29177c-m0,information_sampling,5.5,5.714448545340672
model_agnostic_replication_behavior-bfe5a3b63d29177c-m1,information_sampling,3.5,3.7174778066287546
model_agnostic_replication_behavior-c008354569d01d76-m0,effort,5.75,2.787549099779674
model_agnostic_replication_behavior-c008354569d01d76-m1,effort,4.5,2.437849635602881
model_agnostic_replication_behavior-c018b51a9119c42c-m0,debugging,-4.375,-3.222919118278761
model_agnostic_replication_behavior-c018b51a9119c42c-m1,debugging,-2.25,-1.7410712988526789
model_agnostic_replication_behavior-c01a2ae7c693eb91-m0,foraging,-5.0,-5.0686081569898995
model_agnostic_replication_behavior-c01a2ae7c693eb91-m1,foraging,-4.75,-4.677125858910037
model_agnostic_replication_behavior-c0299cc241485c10-m0,waiting,5.125,3.2741205893317424
model_agnostic_replication_behavior-c0299cc241485c10-m1,waiting,4.75,3.2631460654312914
model_agnostic_replication_behavior-c03b6a5f701f068d-m0,foraging,-2.375,-1.7764651791992014
model_agnostic_replication_behavior-c03b6a5f701f068d-m1,foraging,-0.8750000000000002,-1.3849828811193376
model_agnostic_replication_behavior-c057edc9349e010a-m0,foraging,1.0,1.1268501238300304
model_agnostic_replication_behavior-c057edc9349e010a-m1,foraging,1.125,1.5183324219098933
model_agnostic_replication_behavior-c063cec4e5090f77-m0,waiting,-5.125,-4.054446439411426
model_agnostic_replication_behavior-c063cec4e5090f77-m1,waiting,-6.0,-4.065420963311876
model_agnostic_replication_behavior-c06567bf7e7758e1-m0,effort,-5.625,-6.548805275113714
model_agnostic_replication_behavior-c06567bf7e7758e1-m1,effort,-5.25,-6.898504739290507
model_agnostic_replication_behavior-c0ba18a3ebdb66ff-m0,solvability,-12.4375,-9.186394795460425
model_agnostic_replication_behavior-c0ba18a3ebdb66ff-m1,solvability,-9.5,-9.078397171569035
model_agnostic_replication_behavior-c0e291fdb21b4a83-m0,debugging,-5.75,-3.422007157746716
model_agnostic_replication_behavior-c0e291fdb21b4a83-m1,debugging,-3.625,-1.9401593383206337
model_agnostic_replication_behavior-c0f06ff0ec605420-m0,waiting,6.75,7.866457993278339
model_agnostic_replication_behavior-c0f06ff0ec605420-m1,waiting,7.25,7.855483469377889
model_agnostic_replication_behavior-c136d381d6db3e31-m0,waiting,4.0,4.5412378642460745
model_agnostic_replication_behavior-c136d381d6db3e31-m1,waiting,3.5,4.530263340345623
model_agnostic_replication_behavior-c164f963bf1aa6ad-m0,solvability,-0.37499999999999994,-0.31955852008603225
model_agnostic_replication_behavior-c164f963bf1aa6ad-m1,solvability,-2.0,-0.2115608961946437
model_agnostic_replication_behavior-c16b5414daa837f8-m0,debugging,-4.625,0.15553544678968545
model_agnostic_replication_behavior-c16b5414daa837f8-m1,debugging,-6.375,1.6373832662157681
model_agnostic_replication_behavior-c203456d9c5f5066-m0,bandit,-8.375,-6.772734033499945
model_agnostic_replication_behavior-c203456d9c5f5066-m1,bandit,-8.625,-6.769271020637586
model_agnostic_replication_behavior-c2266333d456e1f4-m0,foraging,-4.0,-2.9359605781952354
model_agnostic_replication_behavior-c2266333d456e1f4-m1,foraging,-3.625,-2.5444782801153725
model_agnostic_replication_behavior-c23d47ac4ddfaac4-m0,bandit,9.375,0.7257919975192115
model_agnostic_replication_behavior-c23d47ac4ddfaac4-m1,bandit,8.75,0.7292550103815707
model_agnostic_replication_behavior-c23f0d42404d89e1-m0,waiting,0.24999999999999992,2.693464937323369
model_agnostic_replication_behavior-c23f0d42404d89e1-m1,waiting,-0.37499999999999994,2.6824904134229186
model_agnostic_replication_behavior-c28919b8c4221886-m0,foraging,-0.25,-0.5384315497714214
model_agnostic_replication_behavior-c28919b8c4221886-m1,foraging,2.125,-0.14694925169155804
model_agnostic_replication_behavior-c29ed161586b3b99-m0,effort,-3.0,-3.8080480145983175
model_agnostic_replication_behavior-c29ed161586b3b99-m1,effort,-3.125,-4.157747478775111
model_agnostic_replication_behavior-c2bbd90728dcc361-m0,solvability,-5.625,-2.551515665330531
model_agnostic_replication_behavior-c2bbd90728dcc361-m1,solvability,-3.75,-2.4435180414391424
model_agnostic_replication_behavior-c2cb13c2d0c06975-m0,effort,-5.0,-0.6788680873727402
model_agnostic_replication_behavior-c2cb13c2d0c06975-m1,effort,-4.125,-1.0285675515495334
model_agnostic_replication_behavior-c321f631c67e1809-m0,bandit,4.5,8.304861568350834
model_agnostic_replication_behavior-c321f631c67e1809-m1,bandit,-2.25,8.308324581213192
model_agnostic_replication_behavior-c32219fca0562523-m0,waiting,-0.5,-0.020701807824996088
model_agnostic_replication_behavior-c32219fca0562523-m1,waiting,-0.25,-0.03167633172544626
model_agnostic_replication_behavior-c32fff763fd32449-m0,bandit,11.6875,6.716086636228457
model_agnostic_replication_behavior-c32fff763fd32449-m1,bandit,8.5,6.7195496490908155
model_agnostic_replication_behavior-c3398bf2199d9061-m0,bandit,10.625,6.251012060144174
model_agnostic_replication_behavior-c3398bf2199d9061-m1,bandit,8.375,6.2544750730065335
model_agnostic_replication_behavior-c360ee68819ca005-m0,bandit,-11.8125,-10.974818654108038
model_agnostic_replication_behavior-c360ee68819ca005-m1,bandit,-11.125,-10.97135564124568
model_agnostic_replication_behavior-c3cf0d5f198e7f23-m0,bandit,-14.125,-11.604329342646288
model_agnostic_replication_behavior-c3cf0d5f198e7f23-m1,bandit,-11.4375,-11.60086632978393
model_agnostic_replication_behavior-c3d44bda5169c5e1-m0,effort,4.125,-0.3607974439233437
model_agnostic_replication_behavior-c3d44bda5169c5e1-m1,effort,2.625,-0.7104969081001369
model_agnostic_replication_behavior-c3e9aa5a58311f8e-m0,foraging,-1.375,-2.9887809053015566
model_agnostic_replication_behavior-c3e9aa5a58311f8e-m1,foraging,-1.7499999999999998,-2.5972986072216937
model_agnostic_replication_behavior-c3ed288c8bfdd427-m0,foraging,-4.25,-3.4966790987161422
model_agnostic_replication_behavior-c3ed288c8bfdd427-m1,foraging,-2.25,-3.1051968006362785
model_agnostic_replication_behavior-c414a0cd0412e5df-m0,debugging,-4.125,-5.449016054869847
model_agnostic_replication_behavior-c414a0cd0412e5df-m1,debugging,-4.0,-3.967168235443764
model_agnostic_replication_behavior-c41c3d9e3a6298a0-m0,effort,-4.5,-3.9774984233224
model_agnostic_replication_behavior-c41c3d9e3a6298a0-m1,effort,-4.875,-4.327197887499193
model_agnostic_replication_behavior-c4343a144a26adbe-m0,waiting,0.37499999999999994,-0.7337453467392676
model_agnostic_replication_behavior-c4343a144a26adbe-m1,waiting,-1.0000000000000002,-0.7447198706397185
model_agnostic_replication_behavior-c44f3e7c85290ac6-m0,foraging,-2.125,-1.6870322446461596
model_agnostic_replication_behavior-c44f3e7c85290ac6-m1,foraging,-0.8750000000000002,-1.2955499465662963
model_agnostic_replication_behavior-c4535f8079628f88-m0,effort,-1.125,-0.050306207602494823
model_agnostic_replication_behavior-c4535f8079628f88-m1,effort,-0.12500000000000006,-0.40000567177928814
model_agnostic_replication_behavior-c46060afa1805eec-m0,solvability,-10.375,-8.667883887394492
model_agnostic_replication_behavior-c46060afa1805eec-m1,solvability,-8.75,-8.559886263503103
model_agnostic_replication_behavior-c465d4c2d2ec5bb9-m0,waiting,-1.25,-2.2418693969790064
model_agnostic_replication_behavior-c465d4c2d2ec5bb9-m1,waiting,-2.625,-2.2528439208794566
model_agnostic_replication_behavior-c4675b2d0c7bdf5c-m0,debugging,4.0,2.7737565200661853
model_agnostic_replication_behavior-c4675b2d0c7bdf5c-m1,debugging,5.875,4.255604339492267
model_agnostic_replication_behavior-c46b342791a2e464-m0,waiting,3.625,3.26158756808557
model_agnostic_replication_behavior-c46b342791a2e464-m1,waiting,3.25,3.25061304418512
model_agnostic_replication_behavior-c4a363a82102e62d-m0,waiting,4.125,2.5505620518187473
model_agnostic_replication_behavior-c4a363a82102e62d-m1,waiting,5.375,2.539587527918297
model_agnostic_replication_behavior-c4a49743f4c13887-m0,information_sampling,5.25,6.610543475471825
model_agnostic_replication_behavior-c4a49743f4c13887-m1,information_sampling,4.125,4.613572736759908
model_agnostic_replication_behavior-c52c513fa5a127ba-m0,information_sampling,3.375,1.746751929777565
model_agnostic_replication_behavior-c52c513fa5a127ba-m1,information_sampling,2.0,-0.2502188089343522
model_agnostic_replication_behavior-c52ce042273b76f7-m0,waiting,-2.0,-2.9161214825606314
model_agnostic_replication_behavior-c52ce042273b76f7-m1,waiting,-3.125,-2.927096006461082
model_agnostic_replication_behavior-c53233cda738d86f-m0,foraging,-6.5,-3.1560509646078154
model_agnostic_replication_behavior-c53233cda738d86f-m1,foraging,-6.875,-2.7645686665279507
model_agnostic_replication_behavior-c56afb8b9b348d3e-m0,solvability,-6.5,-3.921161358768751
model_agnostic_replication_behavior-c56afb8b9b348d3e-m1,solvability,-5.75,-3.8131637348773624
model_agnostic_replication_behavior-c56f707e55c896be-m0,information_sampling,3.0,3.256238629350314
model_agnostic_replication_behavior-c56f707e55c896be-m1,information_sampling,1.8749999999999998,1.2592678906383967
model_agnostic_replication_behavior-c57ef8ee0996c8c8-m0,bandit,12.625,12.164722689575743
model_agnostic_replication_behavior-c57ef8ee0996c8c8-m1,bandit,11.0625,12.168185702438102
model_agnostic_replication_behavior-c594c892d8a2cd42-m0,foraging,-1.625,-2.208557890410051
model_agnostic_replication_behavior-c594c892d8a2cd42-m1,foraging,-3.25,-1.8170755923301871
model_agnostic_replication_behavior-c5aa07e198aec6a5-m0,information_sampling,4.625,4.4148691141380025
model_agnostic_replication_behavior-c5aa07e198aec6a5-m1,information_sampling,3.125,2.4178983754260854
model_agnostic_replication_behavior-c5d92556e546f93f-m0,waiting,2.125,1.7454626678936487
model_agnostic_replication_behavior-c5d92556e546f93f-m1,waiting,1.625,1.7344881439931983
model_agnostic_replication_behavior-c5f20d688e740d88-m0,solvability,10.25,6.156647371638952
model_agnostic_replication_behavior-c5f20d688e740d88-m1,solvability,7.5,6.264644995530341
model_agnostic_replication_behavior-c689d43ceffdb754-m0,foraging,-1.375,-1.525026797472513
model_agnostic_replication_behavior-c689d43ceffdb754-m1,foraging,-2.25,-1.1335444993926496
model_agnostic_replication_behavior-c6bce0660989d4fd-m0,information_sampling,5.625,3.775362611377877
model_agnostic_replication_behavior-c6bce0660989d4fd-m1,information_sampling,4.0,1.77839187266596
model_agnostic_replication_behavior-c6c66447b2a5d9d5-m0,foraging,-5.25,-2.743617406056307
model_agnostic_replication_behavior-c6c66447b2a5d9d5-m1,foraging,-6.0,-2.3521351079764434
model_agnostic_replication_behavior-c6d22a232ca5fe0d-m0,information_sampling,3.75,3.675476922576679
model_agnostic_replication_behavior-c6d22a232ca5fe0d-m1,information_sampling,3.0,1.678506183864762
model_agnostic_replication_behavior-c700812d9231729c-m0,waiting,4.75,2.823902524780129
model_agnostic_replication_behavior-c700812d9231729c-m1,waiting,4.75,2.812928000879679
model_agnostic_replication_behavior-c704cd2466c672b1-m0,information_sampling,4.375,3.2470301308534406
model_agnostic_replication_behavior-c704cd2466c672b1-m1,information_sampling,1.8749999999999998,1.250059392141523
model_agnostic_replication_behavior-c71d0123702ea0d3-m0,debugging,3.5,1.8412290007487704
model_agnostic_replication_behavior-c71d0123702ea0d3-m1,debugging,5.25,3.323076820174853
model_agnostic_replication_behavior-c77a2d01f327a961-m0,information_sampling,5.75,6.645058931282108
model_agnostic_replication_behavior-c77a2d01f327a961-m1,information_sampling,4.5,4.6480881925701905
model_agnostic_replication_behavior-c79e612bc5ba1c99-m0,effort,-4.375,-5.035633084697002
model_agnostic_replication_behavior-c79e612bc5ba1c99-m1,effort,-4.75,-5.385332548873795
model_agnostic_replication_behavior-c7a200faf702082d-m0,debugging,5.5,3.9938788715974916
model_agnostic_replication_behavior-c7a200faf702082d-m1,debugging,6.25,5.475726691023574
model_agnostic_replication_behavior-c7cd31e7bf67d05d-m0,effort,6.75,5.542305948748893
model_agnostic_replication_behavior-c7cd31e7bf67d05d-m1,effort,4.625,5.192606484572099
model_agnostic_replication_behavior-c81cca142f535527-m0,solvability,3.0,-0.784631303080479
model_agnostic_replication_behavior-c81cca142f535527-m1,solvability,1.625,-0.6766336791890906
model_agnostic_replication_behavior-c82501f20157012d-m0,bandit,3.625,3.692151830127334
model_agnostic_replication_behavior-c82501f20157012d-m1,bandit,6.125,3.695614842989692
model_agnostic_replication_behavior-c8aeed7f4848aa5a-m0,debugging,-5.375,-5.596361559608898
model_agnostic_replication_behavior-c8aeed7f4848aa5a-m1,debugging,-4.125,-4.114513740182816
model_agnostic_replication_behavior-c8bdf07f766f2393-m0,debugging,-4.125,-2.7842571147939923
model_agnostic_replication_behavior-c8bdf07f766f2393-m1,debugging,-5.5,-1.3024092953679094
model_agnostic_replication_behavior-c8beb2941d51e900-m0,solvability,2.5,1.5474959639003314
model_agnostic_replication_behavior-c8beb2941d51e900-m1,solvability,3.625,1.6554935877917198
model_agnostic_replication_behavior-c8fb5309f781d30d-m0,effort,-1.375,-0.8507641898371732
model_agnostic_replication_behavior-c8fb5309f781d30d-m1,effort,-0.6249999999999999,-1.2004636540139664
model_agnostic_replication_behavior-c923f09ff9f1faab-m0,foraging,3.875,1.8047656941833445
model_agnostic_replication_behavior-c923f09ff9f1faab-m1,foraging,2.125,2.196247992263208
model_agnostic_replication_behavior-c93152db1bbc753c-m0,information_sampling,4.75,4.159946215757321
model_agnostic_replication_behavior-c93152db1bbc753c-m1,information_sampling,4.25,2.162975477045405
model_agnostic_replication_behavior-c94f33e3ad6bdc55-m0,bandit,-11.3125,-10.917587495544996
model_agnostic_replication_behavior-c94f33e3ad6bdc55-m1,bandit,-7.125,-10.914124482682638
model_agnostic_replication_behavior-c95d175f468ec442-m0,information_sampling,0.8750000000000001,0.26534801285691323
model_agnostic_replication_behavior-c95d175f468ec442-m1,information_sampling,-4.25,-1.7316227258550034
model_agnostic_replication_behavior-c9a5fda0af205348-m0,effort,5.875,1.2582756961923112
model_agnostic_replication_behavior-c9a5fda0af205348-m1,effort,4.375,0.908576232015518
model_agnostic_replication_behavior-c9b8198b464855c5-m0,debugging,-4.0,-3.2959583861002466
model_agnostic_replication_behavior-c9b8198b464855c5-m1,debugging,1.25,-1.8141105666741641
model_agnostic_replication_behavior-c9c0b5abd58e3ba1-m0,effort,-7.25,-10.05016275344629
model_agnostic_replication_behavior-c9c0b5abd58e3ba1-m1,effort,-6.75,-10.399862217623083
model_agnostic_replication_behavior-c9e91d53079c912d-m0,information_sampling,4.0,4.106551348505098
model_agnostic_replication_behavior-c9e91d53079c912d-m1,information_sampling,2.625,2.10958060979318
model_agnostic_replication_behavior-ca2d551c41dc051f-m0,bandit,11.25,8.707894172829858
model_agnostic_replication_behavior-ca2d551c41dc051f-m1,bandit,9.625,8.711357185692217
model_agnostic_replication_behavior-ca4247a2837ca1f5-m0,foraging,-1.0000000000000002,-0.5778614429402954
model_agnostic_replication_behavior-ca4247a2837ca1f5-m1,foraging,-1.375,-0.18637914486043206
model_agnostic_replication_behavior-cabe2e472f682080-m0,debugging,0.125,0.7526126011198634
model_agnostic_replication_behavior-cabe2e472f682080-m1,debugging,2.125,2.234460420545946
model_agnostic_replication_behavior-cac2a814fd12f323-m0,foraging,-4.25,-5.26914869653882
model_agnostic_replication_behavior-cac2a814fd12f323-m1,foraging,-4.25,-4.877666398458957
model_agnostic_replication_behavior-caffe31504de15ed-m0,foraging,8.0,7.10024950512784
model_agnostic_replication_behavior-caffe31504de15ed-m1,foraging,5.5,7.491731803207703
model_agnostic_replication_behavior-cb264d8648dae7dc-m0,information_sampling,5.75,6.001115273766616
model_agnostic_replication_behavior-cb264d8648dae7dc-m1,information_sampling,3.875,4.004144535054699
model_agnostic_replication_behavior-cb43b598be1f6230-m0,solvability,-2.125,0.8763782913709657
model_agnostic_replication_behavior-cb43b598be1f6230-m1,solvability,-0.5,0.9843759152623541
model_agnostic_replication_behavior-cb762f52b418fdcb-m0,effort,-6.0,-7.697213482619417
model_agnostic_replication_behavior-cb762f52b418fdcb-m1,effort,-6.375,-8.04691294679621
model_agnostic_replication_behavior-cb84535bb7ed71eb-m0,bandit,2.25,3.2641540974935492
model_agnostic_replication_behavior-cb84535bb7ed71eb-m1,bandit,3.375,3.2676171103559075
model_agnostic_replication_behavior-cb8b55543380cb5e-m0,debugging,-2.875,-1.4468714712872155
model_agnostic_replication_behavior-cb8b55543380cb5e-m1,debugging,-3.375,0.034976348138867186
model_agnostic_replication_behavior-cb8b8ac25578292d-m0,effort,-3.5,-2.5181548937354643
model_agnostic_replication_behavior-cb8b8ac25578292d-m1,effort,-3.5,-2.8678543579122575
model_agnostic_replication_behavior-cb8ff639439d9186-m0,bandit,-4.375,-3.6951679519768246
model_agnostic_replication_behavior-cb8ff639439d9186-m1,bandit,-5.25,-3.691704939114466
model_agnostic_replication_behavior-cbd23f1e11855a01-m0,information_sampling,4.25,2.777256642941873
model_agnostic_replication_behavior-cbd23f1e11855a01-m1,information_sampling,3.75,0.7802859042299559
model_agnostic_replication_behavior-cbe14fb518c32bf5-m0,solvability,3.875,2.8297846332423378
model_agnostic_replication_behavior-cbe14fb518c32bf5-m1,solvability,0.625,2.937782257133726
model_agnostic_replication_behavior-cbf8f7b66dc2724d-m0,solvability,7.125,4.630458870412287
model_agnostic_replication_behavior-cbf8f7b66dc2724d-m1,solvability,6.125,4.738456494303675
model_agnostic_replication_behavior-cbfdae86726bfcbf-m0,bandit,4.625,7.922287264570098
model_agnostic_replication_behavior-cbfdae86726bfcbf-m1,bandit,5.75,7.925750277432456
model_agnostic_replication_behavior-cc182ab1c0348cd9-m0,information_sampling,3.5,1.0082390220402555
model_agnostic_replication_behavior-cc182ab1c0348cd9-m1,information_sampling,-1.125,-0.9887317166716618
model_agnostic_replication_behavior-cc35142bec71077b-m0,bandit,8.625,11.601851301917296
model_agnostic_replication_behavior-cc35142bec71077b-m1,bandit,6.75,11.605314314779656
model_agnostic_replication_behavior-cc6e6f2830321d44-m0,bandit,-1.25,-0.8017787271991145
model_agnostic_replication_behavior-cc6e6f2830321d44-m1,bandit,-0.7500000000000001,-0.7983157143367556
model_agnostic_replication_behavior-cca53cd8cf692fe6-m0,solvability,-1.7499999999999998,-1.8217175455323864
model_agnostic_replication_behavior-cca53cd8cf692fe6-m1,solvability,-1.375,-1.7137199216409984
model_agnostic_replication_behavior-ccabd56750698ea0-m0,bandit,8.375,6.860236208960119
model_agnostic_replication_behavior-ccabd56750698ea0-m1,bandit,4.625,6.863699221822479
model_agnostic_replication_behavior-cce71368e4e8cffb-m0,foraging,-5.875,-4.460253535687509
model_agnostic_replication_behavior-cce71368e4e8cffb-m1,foraging,-5.75,-4.0687712376076455
model_agnostic_replication_behavior-cd40b520bc9993ac-m0,solvability,-9.4375,-4.5025782149502245
model_agnostic_replication_behavior-cd40b520bc9993ac-m1,solvability,-7.5,-4.394580591058835
model_agnostic_replication_behavior-cd43b1d4a86b9a0d-m0,solvability,0.0,-0.8375267665423662
model_agnostic_replication_behavior-cd43b1d4a86b9a0d-m1,solvability,1.5000000000000002,-0.7295291426509782
model_agnostic_replication_behavior-cd5908dcc57976b5-m0,debugging,-9.375,-8.362776394504474
model_agnostic_replication_behavior-cd5908dcc57976b5-m1,debugging,-7.75,-6.880928575078392
model_agnostic_replication_behavior-cdd11dc98a2797cd-m0,solvability,-3.625,-2.202802951301448
model_agnostic_replication_behavior-cdd11dc98a2797cd-m1,solvability,-3.5,-2.0948053274100595
model_agnostic_replication_behavior-ce0012fc43349f14-m0,foraging,-0.6249999999999999,-1.0880965168100858
model_agnostic_replication_behavior-ce0012fc43349f14-m1,foraging,0.8750000000000001,-0.6966142187302229
model_agnostic_replication_behavior-ce17b45040f61325-m0,foraging,5.375,1.4668093186704387
model_agnostic_replication_behavior-ce17b45040f61325-m1,foraging,5.125,1.8582916167503016
model_agnostic_replication_behavior-ce51e6bdfcd15a37-m0,waiting,4.5,3.2779347671756867
model_agnostic_replication_behavior-ce51e6bdfcd15a37-m1,waiting,4.75,3.266960243275236
model_agnostic_replication_behavior-ce62af7a7b8cc9c3-m0,effort,1.25,3.117821823834321
model_agnostic_replication_behavior-ce62af7a7b8cc9c3-m1,effort,2.125,2.7681223596575277
model_agnostic_replication_behavior-ce9153e3a3965f72-m0,foraging,-4.125,-4.163852155105493
model_agnostic_replication_behavior-ce9153e3a3965f72-m1,foraging,-1.125,-3.7723698570256294
model_agnostic_replication_behavior-ce9d657b17faa465-m0,waiting,5.0,5.132984569634561
model_agnostic_replication_behavior-ce9d657b17faa465-m1,waiting,6.25,5.122010045734111
model_agnostic_replication_behavior-cea6fe2c4907ff1d-m0,bandit,8.375,5.35698757019988
model_agnostic_replication_behavior-cea6fe2c4907ff1d-m1,bandit,8.625,5.360450583062239
model_agnostic_replication_behavior-cefb22cac783ff92-m0,debugging,-1.59375,-3.617896724512918
model_agnostic_replication_behavior-cefb22cac783ff92-m1,debugging,-0.8281249999999999,-2.136048905086836
model_agnostic_replication_behavior-cf21850022eae0b3-m0,foraging,-5.125,-2.78997303975472
model_agnostic_replication_behavior-cf21850022eae0b3-m1,foraging,-5.125,-2.3984907416748564
model_agnostic_replication_behavior-cf243683c8977583-m0,solvability,2.625,3.129074006010994
model_agnostic_replication_behavior-cf243683c8977583-m1,solvability,4.0,3.2370716299023825
model_agnostic_replication_behavior-cf40696b5055bb2f-m0,bandit,10.8125,6.841048799480171
model_agnostic_replication_behavior-cf40696b5055bb2f-m1,bandit,9.8125,6.84451181234253
model_agnostic_replication_behavior-cf40a1994bfa02ad-m0,bandit,7.875,8.972269453073135
model_agnostic_replication_behavior-cf40a1994bfa02ad-m1,bandit,4.625,8.975732465935494
model_agnostic_replication_behavior-cf5c1a97f41a465a-m0,waiting,6.125,10.299117460181188
model_agnostic_replication_behavior-cf5c1a97f41a465a-m1,waiting,5.875,10.288142936280739
model_agnostic_replication_behavior-cf90e68c68e657cf-m0,foraging,8.9375,7.147726362403539
model_agnostic_replication_behavior-cf90e68c68e657cf-m1,foraging,8.0,7.539208660483402
model_agnostic_replication_behavior-cf9e2fae43640ac6-m0,bandit,11.0,1.3960284124702707
model_agnostic_replication_behavior-cf9e2fae43640ac6-m1,bandit,7.375,1.3994914253326298
model_agnostic_replication_behavior-cfbe144687d0e81d-m0,information_sampling,4.75,4.31286108854075
model_agnostic_replication_behavior-cfbe144687d0e81d-m1,information_sampling,2.875,2.315890349828832
model_agnostic_replication_behavior-d043ac58ac93fc53-m0,effort,1.75,1.537217068075375
model_agnostic_replication_behavior-d043ac58ac93fc53-m1,effort,1.3750000000000002,1.1875176038985817
model_agnostic_replication_behavior-d0743f409259f1d9-m0,solvability,-2.5,-1.9152269675357294
model_agnostic_replication_behavior-d0743f409259f1d9-m1,solvability,-2.375,-1.807229343644341
model_agnostic_replication_behavior-d137e813c22657a5-m0,bandit,-5.125,-0.9243597909801459
model_agnostic_replication_behavior-d137e813c22657a5-m1,bandit,-5.25,-0.9208967781177873
model_agnostic_replication_behavior-d16f4aaf0d4f7806-m0,effort,-3.25,-2.4929659623423968
model_agnostic_replication_behavior-d16f4aaf0d4f7806-m1,effort,-2.5,-2.84266542651919
model_agnostic_replication_behavior-d1777695acfe6211-m0,information_sampling,-0.5,-0.6624606296289364
model_agnostic_replication_behavior-d1777695acfe6211-m1,information_sampling,-2.0,-2.6594313683408535
model_agnostic_replication_behavior-d19ca4e99f8a64f8-m0,debugging,2.625,-1.6107145820372146
model_agnostic_replication_behavior-d19ca4e99f8a64f8-m1,debugging,3.125,-0.12886676261113184
model_agnostic_replication_behavior-d1b19f675cd914e4-m0,bandit,-3.0,-4.407169977631479
model_agnostic_replication_behavior-d1b19f675cd914e4-m1,bandit,-5.125,-4.403706964769121
model_agnostic_replication_behavior-d1b3c904c14d3353-m0,waiting,-5.25,-3.372739676756828
model_agnostic_replication_behavior-d1b3c904c14d3353-m1,waiting,-6.375,-3.3837142006572787
model_agnostic_replication_behavior-d1b4f6b57f74ab21-m0,solvability,-2.03125,-3.2193273581205566
model_agnostic_replication_behavior-d1b4f6b57f74ab21-m1,solvability,0.9843750000000002,-3.111329734229168
model_agnostic_replication_behavior-d1bb2eb6f541dd88-m0,solvability,-2.5,-0.6900909553631438
model_agnostic_replication_behavior-d1bb2eb6f541dd88-m1,solvability,-3.375,-0.5820933314717556
model_agnostic_replication_behavior-d1d9ff517c52bc54-m0,bandit,-3.5,-1.963903215713061
model_agnostic_replication_behavior-d1d9ff517c52bc54-m1,bandit,-3.875,-1.9604402028507026
model_agnostic_replication_behavior-d200e83676e40c72-m0,bandit,-8.25,-6.167504009741591
model_agnostic_replication_behavior-d200e83676e40c72-m1,bandit,-8.125,-6.164040996879232
model_agnostic_replication_behavior-d213c7dbb3313688-m0,foraging,-2.5,-2.782348718612905
model_agnostic_replication_behavior-d213c7dbb3313688-m1,foraging,-3.25,-2.390866420533041
model_agnostic_replication_behavior-d280bd53edce024b-m0,information_sampling,1.25,0.14470848729697394
model_agnostic_replication_behavior-d280bd53edce024b-m1,information_sampling,1.8749999999999998,-1.8522622514149436
model_agnostic_replication_behavior-d30aa84f83d8e61e-m0,bandit,-9.5,-7.915576922940296
model_agnostic_replication_behavior-d30aa84f83d8e61e-m1,bandit,-7.375,-7.912113910077938
model_agnostic_replication_behavior-d330ab1c17094d1d-m0,foraging,6.875,5.225811347804083
model_agnostic_replication_behavior-d330ab1c17094d1d-m1,foraging,5.5,5.617293645883947
model_agnostic_replication_behavior-d346726d4f52cab9-m0,foraging,-4.375,-5.3006612133239575
model_agnostic_replication_behavior-d346726d4f52cab9-m1,foraging,-4.25,-4.909178915244094
model_agnostic_replication_behavior-d3683e1e6fa351f1-m0,waiting,6.0,5.611091600609376
model_agnostic_replication_behavior-d3683e1e6fa351f1-m1,waiting,6.375,5.6001170767089254
model_agnostic_replication_behavior-d379f367ff1090ef-m0,effort,3.25,1.234134674185882
model_agnostic_replication_behavior-d379f367ff1090ef-m1,effort,2.625,0.8844352100090886
model_agnostic_replication_behavior-d3adb3367ff115a3-m0,information_sampling,5.375,4.067527917638579
model_agnostic_replication_behavior-d3adb3367ff115a3-m1,information_sampling,4.625,2.0705571789266606
model_agnostic_replication_behavior-d3d99261a1ebf2a2-m0,solvability,0.8750000000000001,4.189842298963253
model_agnostic_replication_behavior-d3d99261a1ebf2a2-m1,solvability,-0.8750000000000002,4.297839922854642
model_agnostic_replication_behavior-d3ddd630cd9985ae-m0,waiting,-7.0,-4.9866427352604905
model_agnostic_replication_behavior-d3ddd630cd9985ae-m1,waiting,-7.125,-4.997617259160941
model_agnostic_replication_behavior-d3eb406d7e72ebd3-m0,foraging,-7.25,-8.236462834882614
model_agnostic_replication_behavior-d3eb406d7e72ebd3-m1,foraging,-5.5,-7.844980536802751
model_agnostic_replication_behavior-d3ec8d1af6196119-m0,information_sampling,2.0,0.6907420267033482
model_agnostic_replication_behavior-d3ec8d1af6196119-m1,information_sampling,-0.8750000000000002,-1.3062287120085694
model_agnostic_replication_behavior-d409b89ede31fba1-m0,solvability,-2.125,-3.298710027762447
model_agnostic_replication_behavior-d409b89ede31fba1-m1,solvability,-2.0,-3.1907124038710584
model_agnostic_replication_behavior-d47af5b72a03f286-m0,waiting,5.5,2.0564665284659065
model_agnostic_replication_behavior-d47af5b72a03f286-m1,waiting,5.625,2.045492004565456
model_agnostic_replication_behavior-d482d6a850809cd2-m0,solvability,5.0,3.0190942948055235
model_agnostic_replication_behavior-d482d6a850809cd2-m1,solvability,2.625,3.127091918696912
model_agnostic_replication_behavior-d4ead682d6b06b87-m0,effort,-0.37499999999999994,-2.9491930439995477
model_agnostic_replication_behavior-d4ead682d6b06b87-m1,effort,-0.25,-3.298892508176341
model_agnostic_replication_behavior-d4f04074de891d4f-m0,solvability,9.25,8.07771908947642
model_agnostic_replication_behavior-d4f04074de891d4f-m1,solvability,9.5,8.185716713367809
model_agnostic_replication_behavior-d4f5918a2c38668a-m0,bandit,-9.125,-7.918523241686465
model_agnostic_replication_behavior-d4f5918a2c38668a-m1,bandit,-7.5,-7.915060228824106
model_agnostic_replication_behavior-d57f5aabcaa96f0e-m0,information_sampling,3.875,2.8347729647007123
model_agnostic_replication_behavior-d57f5aabcaa96f0e-m1,information_sampling,1.8749999999999998,0.8378022259887956
model_agnostic_replication_behavior-d5994e9ce0b18ca5-m0,bandit,3.125,1.5300915384497518
model_agnostic_replication_behavior-d5994e9ce0b18ca5-m1,bandit,4.375,1.533554551312111
model_agnostic_replication_behavior-d59e78724a1ecd0f-m0,debugging,2.125,1.2521994924455189
model_agnostic_replication_behavior-d59e78724a1ecd0f-m1,debugging,3.75,2.7340473118716018
model_agnostic_replication_behavior-d59fdef08a93a9ff-m0,bandit,3.875,5.654624370237595
model_agnostic_replication_behavior-d59fdef08a93a9ff-m1,bandit,-0.6249999999999999,5.658087383099955
model_agnostic_replication_behavior-d5a982c8cc426bb0-m0,debugging,-5.875,-4.067457745563696
model_agnostic_replication_behavior-d5a982c8cc426bb0-m1,debugging,-3.625,-2.5856099261376135
model_agnostic_replication_behavior-d5d50d3ba4cfcc60-m0,effort,-4.875,-1.5200109680418483
model_agnostic_replication_behavior-d5d50d3ba4cfcc60-m1,effort,-4.875,-1.8697104322186417
model_agnostic_replication_behavior-d61b82ff2971c5d7-m0,effort,5.75,3.122515083910794
model_agnostic_replication_behavior-d61b82ff2971c5d7-m1,effort,4.875,2.7728156197340006
model_agnostic_replication_behavior-d667f3c1179ad7b0-m0,effort,-10.3125,-10.31635661193963
model_agnostic_replication_behavior-d667f3c1179ad7b0-m1,effort,-8.9375,-10.666056076116423
model_agnostic_replication_behavior-d69eaa3c7efc08c9-m0,foraging,-1.625,-2.346333816681537
model_agnostic_replication_behavior-d69eaa3c7efc08c9-m1,foraging,-1.5,-1.954851518601674
model_agnostic_replication_behavior-d6a92de8271da676-m0,debugging,-3.0,-3.4838538915313295
model_agnostic_replication_behavior-d6a92de8271da676-m1,debugging,-1.375,-2.002006072105247
model_agnostic_replication_behavior-d6f60eb286ec217f-m0,information_sampling,3.625,2.4197001388144717
model_agnostic_replication_behavior-d6f60eb286ec217f-m1,information_sampling,3.125,0.4227294001025542
model_agnostic_replication_behavior-d6fbbff87b44116d-m0,information_sampling,4.625,1.9643966065348586
model_agnostic_replication_behavior-d6fbbff87b44116d-m1,information_sampling,2.875,-0.032574132177058956
model_agnostic_replication_behavior-d7086d07c6f649ab-m0,solvability,-10.375,-10.358328289745641
model_agnostic_replication_behavior-d7086d07c6f649ab-m1,solvability,-8.125,-10.250330665854252
model_agnostic_replication_behavior-d7292bc9a2a8db0c-m0,debugging,-6.375,-4.036237180677608
model_agnostic_replication_behavior-d7292bc9a2a8db0c-m1,debugging,-6.125,-2.554389361251526
model_agnostic_replication_behavior-d7329b52c1b7a1ab-m0,solvability,6.5,1.9207371568682072
model_agnostic_replication_behavior-d7329b52c1b7a1ab-m1,solvability,5.25,2.0287347807595957
model_agnostic_replication_behavior-d7660146d6b6baa5-m0,bandit,-5.875,-7.222214149599052
model_agnostic_replication_behavior-d7660146d6b6baa5-m1,bandit,-6.625,-7.218751136736693
model_agnostic_replication_behavior-d78c35861e238d4b-m0,effort,-4.0,-3.6492459124949117
model_agnostic_replication_behavior-d78c35861e238d4b-m1,effort,-4.25,-3.998945376671705
model_agnostic_replication_behavior-d7d0bae43a6cfe6e-m0,debugging,1.75,-0.9883978495326067
model_agnostic_replication_behavior-d7d0bae43a6cfe6e-m1,debugging,4.25,0.4934499698934758
model_agnostic_replication_behavior-d7db88b2c9a45970-m0,waiting,4.625,5.042044273867826
model_agnostic_replication_behavior-d7db88b2c9a45970-m1,waiting,5.875,5.031069749967376
model_agnostic_replication_behavior-d808239d2f4631ed-m0,solvability,8.75,4.104186788325125
model_agnostic_replication_behavior-d808239d2f4631ed-m1,solvability,7.75,4.212184412216512
model_agnostic_replication_behavior-d80a2c499995cd62-m0,effort,-4.75,-4.408848403405622
model_agnostic_replication_behavior-d80a2c499995cd62-m1,effort,-5.125,-4.758547867582415
model_agnostic_replication_behavior-d827d6c47171d7d9-m0,effort,-3.75,-3.688592275652568
model_agnostic_replication_behavior-d827d6c47171d7d9-m1,effort,-3.25,-4.038291739829361
model_agnostic_replication_behavior-d8429f58f6bb708e-m0,debugging,-2.0,-0.676959587396404
model_agnostic_replication_behavior-d8429f58f6bb708e-m1,debugging,1.75,0.8048882320296789
model_agnostic_replication_behavior-d84836cfe163999e-m0,bandit,9.5,3.5141942577206238
model_agnostic_replication_behavior-d84836cfe163999e-m1,bandit,8.625,3.5176572705829825
model_agnostic_replication_behavior-d8a4f8b8163300d1-m0,information_sampling,5.25,3.671428998109787
model_agnostic_replication_behavior-d8a4f8b8163300d1-m1,information_sampling,3.25,1.6744582593978694
model_agnostic_replication_behavior-d8b62cd928a1c074-m0,foraging,5.5,3.1956612556885005
model_agnostic_replication_behavior-d8b62cd928a1c074-m1,foraging,5.875,3.587143553768364
model_agnostic_replication_behavior-d976d70d5336adda-m0,foraging,-5.625,-2.689447065814463
model_agnostic_replication_behavior-d976d70d5336adda-m1,foraging,-5.0,-2.2979647677346
model_agnostic_replication_behavior-d9fcead5258f575a-m0,foraging,-4.0,-1.8082341631889338
model_agnostic_replication_behavior-d9fcead5258f575a-m1,foraging,-3.375,-1.4167518651090705
model_agnostic_replication_behavior-da2a70b6562b7bf5-m0,solvability,12.1875,9.451322269015582
model_agnostic_replication_behavior-da2a70b6562b7bf5-m1,solvability,11.875,9.559319892906972
model_agnostic_replication_behavior-db0ddcf4b1354e0c-m0,solvability,7.75,5.592857643610852
model_agnostic_replication_behavior-db0ddcf4b1354e0c-m1,solvability,6.125,5.70085526750224
model_agnostic_replication_behavior-db148363fbd0f843-m0,information_sampling,-0.6249999999999999,-0.16433197241286202
model_agnostic_replication_behavior-db148363fbd0f843-m1,information_sampling,0.37499999999999994,-2.1613027111247796
model_agnostic_replication_behavior-db29048e86cb47a1-m0,foraging,-2.0,0.19762565280926392
model_agnostic_replication_behavior-db29048e86cb47a1-m1,foraging,-3.125,0.5891079508891277
model_agnostic_replication_behavior-db450846fc1b2470-m0,bandit,10.9375,6.412430473574394
model_agnostic_replication_behavior-db450846fc1b2470-m1,bandit,8.25,6.415893486436754
model_agnostic_replication_behavior-db98741b892f2000-m0,foraging,-1.25,-0.10857914285016146
model_agnostic_replication_behavior-db98741b892f2000-m1,foraging,-1.5,0.2829031552297019
model_agnostic_replication_behavior-db9e1a95932f6eee-m0,debugging,-4.25,-2.0838617347060184
model_agnostic_replication_behavior-db9e1a95932f6eee-m1,debugging,-0.8750000000000002,-0.602013915279936
model_agnostic_replication_behavior-dbaeb0b0d4571653-m0,effort,-8.25,-4.272249408102054
model_agnostic_replication_behavior-dbaeb0b0d4571653-m1,effort,-8.375,-4.621948872278847
model_agnostic_replication_behavior-dbfc9a4bcf6cef60-m0,debugging,3.375,-0.04345800348692208
model_agnostic_replication_behavior-dbfc9a4bcf6cef60-m1,debugging,3.875,1.4383898159391608
model_agnostic_replication_behavior-dd000db3a7349dd2-m0,waiting,-5.25,-3.856278161786837
model_agnostic_replication_behavior-dd000db3a7349dd2-m1,waiting,-6.0,-3.867252685687287
model_agnostic_replication_behavior-dd074cf6a0e8e39c-m0,information_sampling,4.25,3.1201488098943964
model_agnostic_replication_behavior-dd074cf6a0e8e39c-m1,information_sampling,2.0,1.1231780711824797
model_agnostic_replication_behavior-dd0e73641d39781f-m0,foraging,7.25,2.6252138457944705
model_agnostic_replication_behavior-dd0e73641d39781f-m1,foraging,6.5,3.0166961438743334
model_agnostic_replication_behavior-dd323ddf12799b49-m0,debugging,-5.625,-3.433054025023531
model_agnostic_replication_behavior-dd323ddf12799b49-m1,debugging,-2.125,-1.9512062055974486
model_agnostic_replication_behavior-dd672c5fe7b7b5e2-m0,foraging,9.4375,4.753175506367922
model_agnostic_replication_behavior-dd672c5fe7b7b5e2-m1,foraging,8.625,5.144657804447786
model_agnostic_replication_behavior-ddd8e57dd4bc529b-m0,foraging,3.25,0.3729366894562869
model_agnostic_replication_behavior-ddd8e57dd4bc529b-m1,foraging,2.25,0.7644189875361501
model_agnostic_replication_behavior-de1c13ac9bb6a90e-m0,debugging,-5.375,-1.7656383572237169
model_agnostic_replication_behavior-de1c13ac9bb6a90e-m1,debugging,-5.125,-0.2837905377976345
model_agnostic_replication_behavior-de1dd1ee552bd522-m0,waiting,3.875,2.694360876475871
model_agnostic_replication_behavior-de1dd1ee552bd522-m1,waiting,5.0,2.683386352575421
model_agnostic_replication_behavior-de57795b749e7736-m0,effort,-4.25,-2.9579250393118945
model_agnostic_replication_behavior-de57795b749e7736-m1,effort,-4.0,-3.3076245034886878
model_agnostic_replication_behavior-de8205ea3bd46647-m0,foraging,-2.625,0.3757033694542615
model_agnostic_replication_behavior-de8205ea3bd46647-m1,foraging,-0.6249999999999999,0.7671856675341251
model_agnostic_replication_behavior-deac1b0810817793-m0,solvability,-11.4375,-8.216675193591453
model_agnostic_replication_behavior-deac1b0810817793-m1,solvability,-7.75,-8.108677569700063
model_agnostic_replication_behavior-deb1692b41d7709e-m0,effort,-3.0,-2.4411068188730205
model_agnostic_replication_behavior-deb1692b41d7709e-m1,effort,-4.125,-2.7908062830498137
model_agnostic_replication_behavior-ded62555a192642b-m0,information_sampling,-1.1718749999999998,3.174179454441195
model_agnostic_replication_behavior-ded62555a192642b-m1,information_sampling,0.5,1.1772087157292779
model_agnostic_replication_behavior-def535cd40206981-m0,bandit,-10.4375,-6.13366297190318
model_agnostic_replication_behavior-def535cd40206981-m1,bandit,-9.8125,-6.130199959040821
model_agnostic_replication_behavior-dfc0ae811cc0aac4-m0,waiting,-2.0,-2.782599755392968
model_agnostic_replication_behavior-dfc0ae811cc0aac4-m1,waiting,-2.625,-2.7935742792934195
model_agnostic_replication_behavior-dfcebbce010f24a8-m0,debugging,-4.75,-5.109391303977955
model_agnostic_replication_behavior-dfcebbce010f24a8-m1,debugging,-3.25,-3.6275434845518726
model_agnostic_replication_behavior-dfd06bd2b86e9d58-m0,solvability,-0.37499999999999994,1.9652214797167515
model_agnostic_replication_behavior-dfd06bd2b86e9d58-m1,solvability,-2.375,2.0732191036081398
model_agnostic_replication_behavior-dfd698f9bb3ca6ea-m0,debugging,-7.125,-7.229880390204493
model_agnostic_replication_behavior-dfd698f9bb3ca6ea-m1,debugging,-5.375,-5.748032570778411
model_agnostic_replication_behavior-dfd6e503c87fabe8-m0,debugging,-3.375,-1.4506525022589325
model_agnostic_replication_behavior-dfd6e503c87fabe8-m1,debugging,-0.8750000000000002,0.031195317167150405
model_agnostic_replication_behavior-dff09a3fc5d1ea1e-m0,information_sampling,5.0,3.809908078965117
model_agnostic_replication_behavior-dff09a3fc5d1ea1e-m1,information_sampling,1.8749999999999998,1.8129373402532
model_agnostic_replication_behavior-e00ec49a934a4c30-m0,information_sampling,0.24999999999999992,-0.1074248572996701
model_agnostic_replication_behavior-e00ec49a934a4c30-m1,information_sampling,-1.5,-2.1043955960115874
model_agnostic_replication_behavior-e0523c12fa229e16-m0,information_sampling,4.25,2.531234687101272
model_agnostic_replication_behavior-e0523c12fa229e16-m1,information_sampling,3.125,0.5342639483893545
model_agnostic_replication_behavior-e0c50aebcdc155c3-m0,information_sampling,1.25,0.9776357114420327
model_agnostic_replication_behavior-e0c50aebcdc155c3-m1,information_sampling,0.0,-1.019335027269885
model_agnostic_replication_behavior-e13eafc7c960a917-m0,debugging,-5.0,-1.8187094371621026
model_agnostic_replication_behavior-e13eafc7c960a917-m1,debugging,-4.625,-0.33686161773601997
model_agnostic_replication_behavior-e1627f42a381db93-m0,solvability,-6.5,-6.837302689004943
model_agnostic_replication_behavior-e1627f42a381db93-m1,solvability,-5.125,-6.729305065113554
model_agnostic_replication_behavior-e1727f2f013aa6a6-m0,information_sampling,-1.5,-0.3666208471792407
model_agnostic_replication_behavior-e1727f2f013aa6a6-m1,information_sampling,-4.0,-2.3635915858911583
model_agnostic_replication_behavior-e18c4b7ac858962f-m0,information_sampling,2.875,0.7327710005247243
model_agnostic_replication_behavior-e18c4b7ac858962f-m1,information_sampling,-1.625,-1.2641997381871928
model_agnostic_replication_behavior-e1aa365dc4ec0bf5-m0,bandit,-9.875,-9.55487395346358
model_agnostic_replication_behavior-e1aa365dc4ec0bf5-m1,bandit,-9.125,-9.551410940601222
model_agnostic_replication_behavior-e1b7a13161d92bc7-m0,foraging,4.875,5.88603284673807
model_agnostic_replication_behavior-e1b7a13161d92bc7-m1,foraging,2.5,6.277515144817933
model_agnostic_replication_behavior-e1be026f1bd13a1a-m0,information_sampling,6.125,6.531758049100307
model_agnostic_replication_behavior-e1be026f1bd13a1a-m1,information_sampling,4.25,4.53478731038839
model_agnostic_replication_behavior-e1cfa7fa5f98613b-m0,bandit,12.75,12.122688606549799
model_agnostic_replication_behavior-e1cfa7fa5f98613b-m1,bandit,8.875,12.126151619412159
model_agnostic_replication_behavior-e22a65024222f5e0-m0,waiting,2.125,1.3262021334776335
model_agnostic_replication_behavior-e22a65024222f5e0-m1,waiting,3.125,1.3152276095771833
model_agnostic_replication_behavior-e23101e189f9e151-m0,solvability,-7.0,-4.876374331741969
model_agnostic_replication_behavior-e23101e189f9e151-m1,solvability,-5.25,-4.76837670785058
model_agnostic_replication_behavior-e23819863e69a4ab-m0,waiting,7.625,5.2679581053520135
model_agnostic_replication_behavior-e23819863e69a4ab-m1,waiting,7.875,5.256983581451563
model_agnostic_replication_behavior-e2717f197050d2c1-m0,solvability,-0.6249999999999999,1.4904995029100352
model_agnostic_replication_behavior-e2717f197050d2c1-m1,solvability,0.37499999999999994,1.5984971268014236
model_agnostic_replication_behavior-e281e650e2b2e7ff-m0,solvability,-4.5,0.8120066722657662
model_agnostic_replication_behavior-e281e650e2b2e7ff-m1,solvability,-4.375,0.9200042961571546
model_agnostic_replication_behavior-e28ca8a62a623b65-m0,solvability,9.375,4.2137246911287685
model_agnostic_replication_behavior-e28ca8a62a623b65-m1,solvability,8.0,4.321722315020157
model_agnostic_replication_behavior-e2a47e2fe0ce667a-m0,effort,1.625,0.602236037040528
model_agnostic_replication_behavior-e2a47e2fe0ce667a-m1,effort,2.125,0.25253657286373465
model_agnostic_replication_behavior-e2a6ab722a481aff-m0,solvability,-0.12500000000000006,5.100469226710841
model_agnostic_replication_behavior-e2a6ab722a481aff-m1,solvability,2.40625,5.20846685060223
model_agnostic_replication_behavior-e2a839652f5ae604-m0,foraging,6.375,1.9235703523017038
model_agnostic_replication_behavior-e2a839652f5ae604-m1,foraging,4.625,2.315052650381568
model_agnostic_replication_behavior-e342b2befa4c7e32-m0,effort,3.625,4.4798001765424145
model_agnostic_replication_behavior-e342b2befa4c7e32-m1,effort,2.875,4.130100712365621
model_agnostic_replication_behavior-e35b05e591d8de01-m0,bandit,11.75,9.84316218442079
model_agnostic_replication_behavior-e35b05e591d8de01-m1,bandit,8.25,9.846625197283148
model_agnostic_replication_behavior-e35d26b0774afc75-m0,effort,-5.0,-4.400640539312011
model_agnostic_replication_behavior-e35d26b0774afc75-m1,effort,-5.125,-4.750340003488805
model_agnostic_replication_behavior-e362da27226caf34-m0,debugging,1.0,0.9456338466760787
model_agnostic_replication_behavior-e362da27226caf34-m1,debugging,2.875,2.427481666102161
model_agnostic_replication_behavior-e365d19d13dd5848-m0,information_sampling,3.375,1.6029453992664466
model_agnostic_replication_behavior-e365d19d13dd5848-m1,information_sampling,0.24999999999999992,-0.39402533944547047
model_agnostic_replication_behavior-e3956b8eaef66d0f-m0,effort,-3.5,-3.0601463160558127
model_agnostic_replication_behavior-e3956b8eaef66d0f-m1,effort,-4.0,-3.409845780232606
model_agnostic_replication_behavior-e3a12d33787d4cc7-m0,foraging,5.75,1.120210109720209
model_agnostic_replication_behavior-e3a12d33787d4cc7-m1,foraging,4.625,1.5116924078000726
model_agnostic_replication_behavior-e3a4db8fc64bde40-m0,foraging,-2.0,-2.291520729544847
model_agnostic_replication_behavior-e3a4db8fc64bde40-m1,foraging,-2.75,-1.9000384314649834
model_agnostic_replication_behavior-e3c1e572ceae6e38-m0,solvability,5.75,-0.909673124030622
model_agnostic_replication_behavior-e3c1e572ceae6e38-m1,solvability,4.125,-0.8016755001392335
model_agnostic_replication_behavior-e3ec028ac8bbac5c-m0,solvability,9.25,10.796697885705841
model_agnostic_replication_behavior-e3ec028ac8bbac5c-m1,solvability,7.25,10.90469550959723
model_agnostic_replication_behavior-e3f7b5323b571139-m0,effort,-4.25,-4.97332705017398
model_agnostic_replication_behavior-e3f7b5323b571139-m1,effort,-3.75,-5.323026514350773
model_agnostic_replication_behavior-e405aacf71572021-m0,waiting,0.0,-0.08008237188819067
model_agnostic_replication_behavior-e405aacf71572021-m1,waiting,-1.125,-0.09105689578864085
model_agnostic_replication_behavior-e4130daf18597b99-m0,information_sampling,1.8749999999999998,3.9749886716967837
model_agnostic_replication_behavior-e4130daf18597b99-m1,information_sampling,1.125,1.9780179329848655
model_agnostic_replication_behavior-e4245e55e6685add-m0,effort,-4.625,-0.04566349081528842
model_agnostic_replication_behavior-e4245e55e6685add-m1,effort,-4.125,-0.3953629549920816
model_agnostic_replication_behavior-e44567800c190745-m0,debugging,-4.375,-3.00143230962742
model_agnostic_replication_behavior-e44567800c190745-m1,debugging,-0.12500000000000006,-1.5195844902013376
model_agnostic_replication_behavior-e4475425ae2e189d-m0,waiting,-0.5,-0.6778489384264806
model_agnostic_replication_behavior-e4475425ae2e189d-m1,waiting,-0.5,-0.6888234623269307
model_agnostic_replication_behavior-e450c15b42ad5e25-m0,waiting,9.5,9.958154119581536
model_agnostic_replication_behavior-e450c15b42ad5e25-m1,waiting,9.125,9.947179595681087
model_agnostic_replication_behavior-e45d06872af0ddb3-m0,effort,-6.0,-2.327894817534938
model_agnostic_replication_behavior-e45d06872af0ddb3-m1,effort,-6.875,-2.6775942817117313
model_agnostic_replication_behavior-e4ecda320ff526b6-m0,bandit,4.0,0.34041088280106413
model_agnostic_replication_behavior-e4ecda320ff526b6-m1,bandit,4.75,0.3438738956634231
model_agnostic_replication_behavior-e4f023bc32461ac1-m0,effort,2.375,-0.7406681753752207
model_agnostic_replication_behavior-e4f023bc32461ac1-m1,effort,2.5,-1.0903676395520139
model_agnostic_replication_behavior-e5053587e367069c-m0,effort,-7.75,-6.331421085880739
model_agnostic_replication_behavior-e5053587e367069c-m1,effort,-6.875,-6.681120550057532
model_agnostic_replication_behavior-e50e862cb495a309-m0,information_sampling,3.25,2.9449897435518038
model_agnostic_replication_behavior-e50e862cb495a309-m1,information_sampling,0.8750000000000001,0.9480190048398862
model_agnostic_replication_behavior-e5272e5d757616cb-m0,foraging,-2.0,-2.2635192935663455
model_agnostic_replication_behavior-e5272e5d757616cb-m1,foraging,-3.0,-1.8720369954864817
model_agnostic_replication_behavior-e52f819667c5b4c1-m0,debugging,3.75,0.02284831751370353
model_agnostic_replication_behavior-e52f819667c5b4c1-m1,debugging,5.625,1.504696136939786
model_agnostic_replication_behavior-e533effdeb8c2818-m0,waiting,5.375,6.671708395676472
model_agnostic_replication_behavior-e533effdeb8c2818-m1,waiting,5.875,6.660733871776022
model_agnostic_replication_behavior-e53a4764fdf6187f-m0,effort,-3.625,-2.9535564692466636
model_agnostic_replication_behavior-e53a4764fdf6187f-m1,effort,-4.125,-3.303255933423457
model_agnostic_replication_behavior-e53a7a693142c012-m0,solvability,10.6875,9.511688996490944
model_agnostic_replication_behavior-e53a7a693142c012-m1,solvability,9.75,9.619686620382334
model_agnostic_replication_behavior-e58833a19fabc4ea-m0,solvability,7.125,2.8563280437254313
model_agnostic_replication_behavior-e58833a19fabc4ea-m1,solvability,6.125,2.9643256676168197
model_agnostic_replication_behavior-e5b07c9260de10c3-m0,effort,-1.625,-1.4816966040710784
model_agnostic_replication_behavior-e5b07c9260de10c3-m1,effort,-1.625,-1.8313960682478716
model_agnostic_replication_behavior-e5c77b67b53b87a6-m0,debugging,-7.5,-7.021195047002994
model_agnostic_replication_behavior-e5c77b67b53b87a6-m1,debugging,-4.25,-5.539347227576911
model_agnostic_replication_behavior-e6358c0dfcd3733a-m0,information_sampling,4.75,3.655086297021467
model_agnostic_replication_behavior-e6358c0dfcd3733a-m1,information_sampling,4.5,1.6581155583095502
model_agnostic_replication_behavior-e6567fe81472a136-m0,foraging,7.875,4.878461814532024
model_agnostic_replication_behavior-e6567fe81472a136-m1,foraging,6.5,5.269944112611887
model_agnostic_replication_behavior-e66eca82214ec672-m0,foraging,-4.5,-3.9113153019168374
model_agnostic_replication_behavior-e66eca82214ec672-m1,foraging,-3.25,-3.5198330038369736
model_agnostic_replication_behavior-e6acaca816b1e04a-m0,debugging,-4.5,-1.1089143370728383
model_agnostic_replication_behavior-e6acaca816b1e04a-m1,debugging,-3.75,0.3729334823532443
model_agnostic_replication_behavior-e6b7a6aa1c64ac47-m0,foraging,4.25,6.170357544799819
model_agnostic_replication_behavior-e6b7a6aa1c64ac47-m1,foraging,6.0,6.5618398428796825
model_agnostic_replication_behavior-e7131c602fb6be3b-m0,effort,-3.75,-2.0409987427176044
model_agnostic_replication_behavior-e7131c602fb6be3b-m1,effort,-4.625,-2.3906982068943976
model_agnostic_replication_behavior-e71470da955830f1-m0,waiting,-8.25,-5.410386783809272
model_agnostic_replication_behavior-e71470da955830f1-m1,waiting,-6.625,-5.421361307709722
model_agnostic_replication_behavior-e7227d9455b43c69-m0,debugging,-3.25,-2.4127647064922932
model_agnostic_replication_behavior-e7227d9455b43c69-m1,debugging,2.875,-0.9309168870662108
model_agnostic_replication_behavior-e74d719a15693956-m0,waiting,-0.6249999999999999,-0.562859180858881
model_agnostic_replication_behavior-e74d719a15693956-m1,waiting,-0.5,-0.5738337047593316
model_agnostic_replication_behavior-e7e325e8f19f0aa2-m0,debugging,-4.75,-3.595687114615804
model_agnostic_replication_behavior-e7e325e8f19f0aa2-m1,debugging,-5.375,-2.113839295189721
model_agnostic_replication_behavior-e8139c9eef6388bd-m0,foraging,-0.6406250000000001,-1.9056455518081963
model_agnostic_replication_behavior-e8139c9eef6388bd-m1,foraging,0.15625000000000014,-1.5141632537283327
model_agnostic_replication_behavior-e814d92f35ea39c3-m0,effort,-6.25,-7.740657411103574
model_agnostic_replication_behavior-e814d92f35ea39c3-m1,effort,-5.5,-8.090356875280367
model_agnostic_replication_behavior-e826284d29b7f22d-m0,debugging,-6.25,-5.44924042954431
model_agnostic_replication_behavior-e826284d29b7f22d-m1,debugging,-5.375,-3.9673926101182273
model_agnostic_replication_behavior-e85036da82aaabb3-m0,effort,-6.375,-7.222860818121935
model_agnostic_replication_behavior-e85036da82aaabb3-m1,effort,-6.5,-7.572560282298729
model_agnostic_replication_behavior-e86b74881cb83d0c-m0,debugging,-6.125,-6.172919560703706
model_agnostic_replication_behavior-e86b74881cb83d0c-m1,debugging,-1.375,-4.691071741277623
model_agnostic_replication_behavior-e8c60c014137e4e8-m0,debugging,5.375,1.2787406807046067
model_agnostic_replication_behavior-e8c60c014137e4e8-m1,debugging,6.625,2.760588500130689
model_agnostic_replication_behavior-e8de54e2a8b83e6e-m0,solvability,-3.625,1.9240923136864918
model_agnostic_replication_behavior-e8de54e2a8b83e6e-m1,solvability,-1.875,2.0320899375778803
model_agnostic_replication_behavior-e8e2c0caefb7fd6c-m0,solvability,-0.7500000000000001,2.7918139335057646
model_agnostic_replication_behavior-e8e2c0caefb7fd6c-m1,solvability,-0.6249999999999999,2.899811557397153
model_agnostic_replication_behavior-e8e328bf454fc796-m0,debugging,4.375,2.42856801143773
model_agnostic_replication_behavior-e8e328bf454fc796-m1,debugging,6.375,3.910415830863813
model_agnostic_replication_behavior-e8e5fe3af5f5cd49-m0,effort,-4.125,-4.209421941809521
model_agnostic_replication_behavior-e8e5fe3af5f5cd49-m1,effort,-4.5,-4.559121405986314
model_agnostic_replication_behavior-e9488a428a12b7d9-m0,foraging,3.875,-0.13731230691437302
model_agnostic_replication_behavior-e9488a428a12b7d9-m1,foraging,3.875,0.25416999116549044
model_agnostic_replication_behavior-e989b584823a1a23-m0,debugging,7.5,6.716026385831912
model_agnostic_replication_behavior-e989b584823a1a23-m1,debugging,7.375,8.197874205257994
model_agnostic_replication_behavior-e9d217b7b04e9ff7-m0,waiting,3.625,3.028233491595824
model_agnostic_replication_behavior-e9d217b7b04e9ff7-m1,waiting,4.25,3.017258967695373
model_agnostic_replication_behavior-e9f49c81b0507b1b-m0,waiting,7.875,7.850109156164954
model_agnostic_replication_behavior-e9f49c81b0507b1b-m1,waiting,8.375,7.839134632264503
model_agnostic_replication_behavior-ea0499b609c6983e-m0,foraging,3.375,3.0084148953816374
model_agnostic_replication_behavior-ea0499b609c6983e-m1,foraging,4.5,3.399897193461501
model_agnostic_replication_behavior-ea0a881388564910-m0,information_sampling,0.24999999999999992,2.505136043284211
model_agnostic_replication_behavior-ea0a881388564910-m1,information_sampling,-3.25,0.5081653045722931
model_agnostic_replication_behavior-ea0ca07044755ffe-m0,information_sampling,1.75,0.2568569747940064
model_agnostic_replication_behavior-ea0ca07044755ffe-m1,information_sampling,2.5,-1.7401137639179112
model_agnostic_replication_behavior-ea20419211f96601-m0,foraging,2.0,1.8960929945094316
model_agnostic_replication_behavior-ea20419211f96601-m1,foraging,4.125,2.2875752925892945
model_agnostic_replication_behavior-ea316fb9d3036eb6-m0,foraging,0.125,-0.028001283316134495
model_agnostic_replication_behavior-ea316fb9d3036eb6-m1,foraging,2.25,0.36348101476372885
model_agnostic_replication_behavior-ea6d2a2d7825251a-m0,information_sampling,4.5,4.763543485283002
model_agnostic_replication_behavior-ea6d2a2d7825251a-m1,information_sampling,4.5,2.766572746571084
model_agnostic_replication_behavior-ebdb6df7f6304643-m0,effort,1.8749999999999998,-1.8050488895885342
model_agnostic_replication_behavior-ebdb6df7f6304643-m1,effort,2.0,-2.154748353765327
model_agnostic_replication_behavior-ebe23e696e3b3056-m0,solvability,-4.0,0.4397085192231853
model_agnostic_replication_behavior-ebe23e696e3b3056-m1,solvability,-3.625,0.5477061431145738
model_agnostic_replication_behavior-ec09f860550c61ef-m0,bandit,1.3750000000000002,-0.9985833273264753
model_agnostic_replication_behavior-ec09f860550c61ef-m1,bandit,-1.25,-0.9951203144641161
model_agnostic_replication_behavior-ec151d90ba3337fe-m0,effort,6.625,7.115739056862047
model_agnostic_replication_behavior-ec151d90ba3337fe-m1,effort,5.125,6.766039592685254
model_agnostic_replication_behavior-ec72ae2382d63760-m0,information_sampling,-1.875,-2.109651855416276
model_agnostic_replication_behavior-ec72ae2382d63760-m1,information_sampling,-1.375,-4.1066225941281935
model_agnostic_replication_behavior-ecb64860b5548479-m0,bandit,7.125,3.6175745121755534
model_agnostic_replication_behavior-ecb64860b5548479-m1,bandit,7.125,3.621037525037912
model_agnostic_replication_behavior-ed652872264f921b-m0,foraging,-3.375,-2.8225911272215574
model_agnostic_replication_behavior-ed652872264f921b-m1,foraging,-3.375,-2.431108829141694
model_agnostic_replication_behavior-eda8540362697624-m0,waiting,3.875,2.8399193342963187
model_agnostic_replication_behavior-eda8540362697624-m1,waiting,4.25,2.828944810395868
model_agnostic_replication_behavior-edd04f40cb3e1a55-m0,foraging,-3.25,-2.409015335499507
model_agnostic_replication_behavior-edd04f40cb3e1a55-m1,foraging,-3.625,-2.0175330374196436
model_agnostic_replication_behavior-edea1df6800e4144-m0,bandit,-3.75,-3.508104908180427
model_agnostic_replication_behavior-edea1df6800e4144-m1,bandit,-3.625,-3.5046418953180685
model_agnostic_replication_behavior-ee3a0c454cdb2e8d-m0,debugging,7.5,3.4040368501483966
model_agnostic_replication_behavior-ee3a0c454cdb2e8d-m1,debugging,7.375,4.885884669574479
model_agnostic_replication_behavior-ee611f194bb5d5d3-m0,debugging,-2.6875,-4.656694719051055
model_agnostic_replication_behavior-ee611f194bb5d5d3-m1,debugging,-1.6562500000000002,-3.1748468996249724
model_agnostic_replication_behavior-ee76ddd61b5a25a6-m0,bandit,13.875,10.007082906828067
model_agnostic_replication_behavior-ee76ddd61b5a25a6-m1,bandit,12.0625,10.010545919690426
model_agnostic_replication_behavior-ef0eebe9d2fe4907-m0,foraging,-0.25,1.350572572184803
model_agnostic_replication_behavior-ef0eebe9d2fe4907-m1,foraging,2.0,1.7420548702646663
model_agnostic_replication_behavior-ef467b4e0d6de673-m0,waiting,-1.25,-1.3558532772188265
model_agnostic_replication_behavior-ef467b4e0d6de673-m1,waiting,-3.25,-1.366827801119277
model_agnostic_replication_behavior-efa66cb3fd9f47be-m0,waiting,5.0,2.1020860996081683
model_agnostic_replication_behavior-efa66cb3fd9f47be-m1,waiting,4.875,2.091111575707718
model_agnostic_replication_behavior-efd2c550f78ebd07-m0,waiting,7.0,5.873603394665674
model_agnostic_replication_behavior-efd2c550f78ebd07-m1,waiting,7.75,5.862628870765223
model_agnostic_replication_behavior-f002c99b9e5fc64b-m0,bandit,11.875,6.731349134642198
model_agnostic_replication_behavior-f002c99b9e5fc64b-m1,bandit,9.125,6.734812147504556
model_agnostic_replication_behavior-f01abf92019c7512-m0,foraging,4.875,2.6262216800840177
model_agnostic_replication_behavior-f01abf92019c7512-m1,foraging,5.375,3.0177039781638815
model_agnostic_replication_behavior-f0327ba88a16a84d-m0,waiting,3.625,1.6243165486472182
model_agnostic_replication_behavior-f0327ba88a16a84d-m1,waiting,4.625,1.6133420247467674
model_agnostic_replication_behavior-f041f9065c0ce643-m0,foraging,-3.75,-2.507993255863379
model_agnostic_replication_behavior-f041f9065c0ce643-m1,foraging,-4.125,-2.116510957783516
model_agnostic_replication_behavior-f071235fd29c939e-m0,bandit,7.25,5.178332082200667
model_agnostic_replication_behavior-f071235fd29c939e-m1,bandit,6.0,5.181795095063025
model_agnostic_replication_behavior-f0a0279d7d9b0a22-m0,waiting,5.125,4.46585522410855
model_agnostic_replication_behavior-f0a0279d7d9b0a22-m1,waiting,4.625,4.454880700208101
model_agnostic_replication_behavior-f176b51f56811e40-m0,waiting,6.375,2.037702713503223
model_agnostic_replication_behavior-f176b51f56811e40-m1,waiting,5.625,2.0267281896027725
model_agnostic_replication_behavior-f189f215ce3de76e-m0,effort,4.75,1.7717917738175541
model_agnostic_replication_behavior-f189f215ce3de76e-m1,effort,3.625,1.422092309640761
model_agnostic_replication_behavior-f1b264dc2e4dd38b-m0,solvability,-6.0,-4.1674151091341916
model_agnostic_replication_behavior-f1b264dc2e4dd38b-m1,solvability,-4.375,-4.059417485242802
model_agnostic_replication_behavior-f1b9be9195e00e6f-m0,foraging,0.5156250000000001,3.2567232149408
model_agnostic_replication_behavior-f1b9be9195e00e6f-m1,foraging,0.21875000000000006,3.6482055130206628
model_agnostic_replication_behavior-f1c3526d0f8f84e8-m0,effort,-6.625,-6.1416507273783125
model_agnostic_replication_behavior-f1c3526d0f8f84e8-m1,effort,-6.625,-6.491350191555106
model_agnostic_replication_behavior-f20246bbfa2469c3-m0,debugging,-3.0,-0.6627074359341727
model_agnostic_replication_behavior-f20246bbfa2469c3-m1,debugging,-2.75,0.8191403834919098
model_agnostic_replication_behavior-f22aa316d6d177ef-m0,information_sampling,5.375,5.756747559518038
model_agnostic_replication_behavior-f22aa316d6d177ef-m1,information_sampling,3.375,3.7597768208061204
model_agnostic_replication_behavior-f269f3d40e23f909-m0,debugging,-8.0,-7.288856557683513
model_agnostic_replication_behavior-f269f3d40e23f909-m1,debugging,-6.375,-5.80700873825743
model_agnostic_replication_behavior-f29f8855e765dc87-m0,waiting,0.7500000000000002,1.05269881745803
model_agnostic_replication_behavior-f29f8855e765dc87-m1,waiting,-2.375,1.04172429355758
model_agnostic_replication_behavior-f2a1b7f786f63c06-m0,bandit,10.6875,5.862896308253094
model_agnostic_replication_behavior-f2a1b7f786f63c06-m1,bandit,9.125,5.8663593211154526
model_agnostic_replication_behavior-f2a32c367268db45-m0,debugging,-4.5,1.130888912268128
model_agnostic_replication_behavior-f2a32c367268db45-m1,debugging,1.5000000000000002,2.612736731694211
model_agnostic_replication_behavior-f2d555b433596f2b-m0,debugging,-5.75,-4.979540109644344
model_agnostic_replication_behavior-f2d555b433596f2b-m1,debugging,-3.5,-3.4976922902182617
model_agnostic_replication_behavior-f2f52e0120a3c792-m0,information_sampling,-1.7499999999999998,0.4494879148757862
model_agnostic_replication_behavior-f2f52e0120a3c792-m1,information_sampling,-3.5,-1.5474828238361313
model_agnostic_replication_behavior-f2f82160bb6fe411-m0,foraging,4.375,3.6165334046237843
model_agnostic_replication_behavior-f2f82160bb6fe411-m1,foraging,3.875,4.008015702703648
model_agnostic_replication_behavior-f3193248581a1694-m0,effort,-6.125,-5.655117782258092
model_agnostic_replication_behavior-f3193248581a1694-m1,effort,-6.375,-6.004817246434884
model_agnostic_replication_behavior-f3a65d40ff9f8c6e-m0,information_sampling,3.25,1.4999200691486325
model_agnostic_replication_behavior-f3a65d40ff9f8c6e-m1,information_sampling,-1.5,-0.4970506695632846
model_agnostic_replication_behavior-f3bc6242f9c8443e-m0,foraging,8.5,6.791342093705263
model_agnostic_replication_behavior-f3bc6242f9c8443e-m1,foraging,7.125,7.182824391785126
model_agnostic_replication_behavior-f3c5a22eaf02d94d-m0,information_sampling,1.625,2.039939047666774
model_agnostic_replication_behavior-f3c5a22eaf02d94d-m1,information_sampling,-1.375,0.042968308954856926
model_agnostic_replication_behavior-f3cbd2dd0ef69d53-m0,bandit,-5.125,-0.4986854805653289
model_agnostic_replication_behavior-f3cbd2dd0ef69d53-m1,bandit,-6.75,-0.4952224677029702
model_agnostic_replication_behavior-f3e2fd53dd041a9b-m0,solvability,9.9375,4.571216090183681
model_agnostic_replication_behavior-f3e2fd53dd041a9b-m1,solvability,10.0,4.679213714075068
model_agnostic_replication_behavior-f42f51442fa0c411-m0,debugging,-3.0,-2.4300400156585926
model_agnostic_replication_behavior-f42f51442fa0c411-m1,debugging,-4.75,-0.9481921962325097
model_agnostic_replication_behavior-f43add98283e6a91-m0,waiting,-5.375,-2.646046507254322
model_agnostic_replication_behavior-f43add98283e6a91-m1,waiting,-4.0,-2.6570210311547724
model_agnostic_replication_behavior-f43d1f5d8eb31b50-m0,solvability,5.875,4.427349986486691
model_agnostic_replication_behavior-f43d1f5d8eb31b50-m1,solvability,5.875,4.5353476103780785
model_agnostic_replication_behavior-f47fca2a851df520-m0,solvability,2.5,2.606656934694142
model_agnostic_replication_behavior-f47fca2a851df520-m1,solvability,2.375,2.7146545585855306
model_agnostic_replication_behavior-f4952a213860523c-m0,solvability,-2.5,-0.4570861978550652
model_agnostic_replication_behavior-f4952a213860523c-m1,solvability,-0.8750000000000002,-0.3490885739636769
model_agnostic_replication_behavior-f49cc33f4f327000-m0,effort,3.125,2.1594257962886196
model_agnostic_replication_behavior-f49cc33f4f327000-m1,effort,1.5000000000000002,1.8097263321118264
model_agnostic_replication_behavior-f4fc09c7b952309a-m0,solvability,-6.125,-1.2158928975603602
model_agnostic_replication_behavior-f4fc09c7b952309a-m1,solvability,-6.375,-1.1078952736689718
model_agnostic_replication_behavior-f5453b8384e7e988-m0,waiting,8.0,5.323577817572422
model_agnostic_replication_behavior-f5453b8384e7e988-m1,waiting,6.625,5.312603293671971
model_agnostic_replication_behavior-f545bbd9cf648e5a-m0,waiting,5.875,3.336881282062714
model_agnostic_replication_behavior-f545bbd9cf648e5a-m1,waiting,5.375,3.325906758162264
model_agnostic_replication_behavior-f58c4f8cb7a919f6-m0,effort,-0.8750000000000002,-0.27342165776787253
model_agnostic_replication_behavior-f58c4f8cb7a919f6-m1,effort,-1.5,-0.623121121944666
model_agnostic_replication_behavior-f5adeed14f723cf0-m0,solvability,9.0,4.430796242657998
model_agnostic_replication_behavior-f5adeed14f723cf0-m1,solvability,7.625,4.538793866549385
model_agnostic_replication_behavior-f5fccb6ef83e93e6-m0,waiting,7.375,6.352746364369212
model_agnostic_replication_behavior-f5fccb6ef83e93e6-m1,waiting,7.375,6.341771840468763
model_agnostic_replication_behavior-f628c6d7055e2ea0-m0,effort,-5.75,-6.567989455462929
model_agnostic_replication_behavior-f628c6d7055e2ea0-m1,effort,-5.75,-6.917688919639721
model_agnostic_replication_behavior-f664ed1192d03e0a-m0,information_sampling,5.75,5.881617223901909
model_agnostic_replication_behavior-f664ed1192d03e0a-m1,information_sampling,4.125,3.8846464851899913
model_agnostic_replication_behavior-f6ba762afe37b348-m0,waiting,4.625,4.341374630685105
model_agnostic_replication_behavior-f6ba762afe37b348-m1,waiting,5.25,4.330400106784655
model_agnostic_replication_behavior-f6fb4ae649759358-m0,solvability,6.0,4.09257342050509
model_agnostic_replication_behavior-f6fb4ae649759358-m1,solvability,4.75,4.200571044396479
model_agnostic_replication_behavior-f7433b33ca3971ec-m0,debugging,-0.12500000000000006,-2.4458056110447535
model_agnostic_replication_behavior-f7433b33ca3971ec-m1,debugging,4.0,-0.963957791618671
model_agnostic_replication_behavior-f7761178e8c3422e-m0,effort,-3.875,-3.311999776503339
model_agnostic_replication_behavior-f7761178e8c3422e-m1,effort,-4.375,-3.6616992406801323
model_agnostic_replication_behavior-f79a094acb15446f-m0,solvability,-2.625,1.717537048561511
model_agnostic_replication_behavior-f79a094acb15446f-m1,solvability,-1.875,1.8255346724528994
model_agnostic_replication_behavior-f7c0c6babcedba48-m0,information_sampling,1.25,0.32038266109772984
model_agnostic_replication_behavior-f7c0c6babcedba48-m1,information_sampling,-1.875,-1.6765880776141877
model_agnostic_replication_behavior-f7f752e9f8d8db80-m0,information_sampling,4.0,5.23419958197878
model_agnostic_replication_behavior-f7f752e9f8d8db80-m1,information_sampling,1.3750000000000002,3.2372288432668626
model_agnostic_replication_behavior-f806bfc2f45f4bcd-m0,bandit,11.875,9.58283443032229
model_agnostic_replication_behavior-f806bfc2f45f4bcd-m1,bandit,7.625,9.586297443184648
model_agnostic_replication_behavior-f80adbe1ca64cb87-m0,bandit,-7.625,-7.897865955358719
model_agnostic_replication_behavior-f80adbe1ca64cb87-m1,bandit,-7.875,-7.8944029424963595
model_agnostic_replication_behavior-f815d987a33a71db-m0,bandit,-3.375,-3.3404533643982295
model_agnostic_replication_behavior-f815d987a33a71db-m1,bandit,-5.625,-3.3369903515358708
model_agnostic_replication_behavior-f82924d69db7ecf1-m0,debugging,-3.375,-2.427956678782156
model_agnostic_replication_behavior-f82924d69db7ecf1-m1,debugging,-3.125,-0.9461088593560734
model_agnostic_replication_behavior-f84ac6c974788968-m0,bandit,-1.0000000000000002,-3.215966042463859
model_agnostic_replication_behavior-f84ac6c974788968-m1,bandit,4.25,-3.2125030296015
model_agnostic_replication_behavior-f85b5c7332e501ec-m0,debugging,-6.125,-3.408839749688089
model_agnostic_replication_behavior-f85b5c7332e501ec-m1,debugging,-3.125,-1.926991930262006
model_agnostic_replication_behavior-f88b2d8131bd89a7-m0,bandit,-3.875,-5.229235832631172
model_agnostic_replication_behavior-f88b2d8131bd89a7-m1,bandit,1.25,-5.225772819768813
model_agnostic_replication_behavior-f8b690fda64cba1d-m0,bandit,8.75,4.0534517290552055
model_agnostic_replication_behavior-f8b690fda64cba1d-m1,bandit,6.25,4.056914741917565
model_agnostic_replication_behavior-f8b966b08e955cd1-m0,bandit,-11.625,-9.462954173845986
model_agnostic_replication_behavior-f8b966b08e955cd1-m1,bandit,-9.4375,-9.459491160983628
model_agnostic_replication_behavior-f8bf0b8a86b05031-m0,information_sampling,2.25,4.5605496036596405
model_agnostic_replication_behavior-f8bf0b8a86b05031-m1,information_sampling,-1.25,2.563578864947723
model_agnostic_replication_behavior-f8dccf3379665c95-m0,debugging,4.5,6.852959094932848
model_agnostic_replication_behavior-f8dccf3379665c95-m1,debugging,2.875,8.33480691435893
model_agnostic_replication_behavior-f8eff32af09a774c-m0,information_sampling,-3.25,-1.1132670572008982
model_agnostic_replication_behavior-f8eff32af09a774c-m1,information_sampling,-4.625,-3.1102377959128154
model_agnostic_replication_behavior-f902ccee5e180cb6-m0,debugging,7.25,5.420425088727757
model_agnostic_replication_behavior-f902ccee5e180cb6-m1,debugging,7.875,6.90227290815384
model_agnostic_replication_behavior-f95feb2f45e44f36-m0,debugging,2.375,0.815265953060639
model_agnostic_replication_behavior-f95feb2f45e44f36-m1,debugging,3.125,2.297113772486721
model_agnostic_replication_behavior-f9bb96b5cd724b4a-m0,solvability,11.4375,7.632739082079173
model_agnostic_replication_behavior-f9bb96b5cd724b4a-m1,solvability,11.4375,7.740736705970562
model_agnostic_replication_behavior-f9c5fb4e64912232-m0,solvability,-7.625,-6.401090452298259
model_agnostic_replication_behavior-f9c5fb4e64912232-m1,solvability,-6.75,-6.29309282840687
model_agnostic_replication_behavior-f9ce03cc28c8d33a-m0,waiting,1.125,0.5018121964715232
model_agnostic_replication_behavior-f9ce03cc28c8d33a-m1,waiting,1.3750000000000002,0.490837672571073
model_agnostic_replication_behavior-f9d556eafd89cfff-m0,bandit,-11.9375,-8.963359247873441
model_agnostic_replication_behavior-f9d556eafd89cfff-m1,bandit,-9.8125,-8.959896235011083
model_agnostic_replication_behavior-fa18548c5f4323ce-m0,effort,3.75,-2.072944062499003
model_agnostic_replication_behavior-fa18548c5f4323ce-m1,effort,2.375,-2.422643526675796
model_agnostic_replication_behavior-fa1c016457dacbad-m0,effort,0.125,1.3701673244009966
model_agnostic_replication_behavior-fa1c016457dacbad-m1,effort,-0.6249999999999999,1.0204678602242032
model_agnostic_replication_behavior-fa423bf72e2b4c11-m0,bandit,-2.375,2.9063244917072995
model_agnostic_replication_behavior-fa423bf72e2b4c11-m1,bandit,-3.75,2.9097875045696595
model_agnostic_replication_behavior-fa45c8e9387902a7-m0,bandit,-2.25,0.6985163597124138
model_agnostic_replication_behavior-fa45c8e9387902a7-m1,bandit,-3.375,0.7019793725747727
model_agnostic_replication_behavior-fa65d5240da08183-m0,solvability,-2.5,-0.8065940469352431
model_agnostic_replication_behavior-fa65d5240da08183-m1,solvability,0.125,-0.6985964230438548
model_agnostic_replication_behavior-fac48162faa0b666-m0,debugging,-1.125,-1.667229590328964
model_agnostic_replication_behavior-fac48162faa0b666-m1,debugging,-0.25,-0.18538177090288133
model_agnostic_replication_behavior-fad9acbbf7ddace8-m0,bandit,-9.25,-8.52450696928455
model_agnostic_replication_behavior-fad9acbbf7ddace8-m1,bandit,-8.625,-8.521043956422192
model_agnostic_replication_behavior-fae8d05bb6b21e84-m0,bandit,5.125,0.6345463161691314
model_agnostic_replication_behavior-fae8d05bb6b21e84-m1,bandit,4.25,0.6380093290314903
model_agnostic_replication_behavior-fb01bd2a994bdeb3-m0,debugging,-7.0,-6.1774882138380205
model_agnostic_replication_behavior-fb01bd2a994bdeb3-m1,debugging,-5.75,-4.695640394411938
model_agnostic_replication_behavior-fb341de23261aa70-m0,information_sampling,-1.375,-1.3151890729968942
model_agnostic_replication_behavior-fb341de23261aa70-m1,information_sampling,-3.625,-3.3121598117088116
model_agnostic_replication_behavior-fb4ef5ba46c144d8-m0,debugging,-6.125,-7.40261116861463
model_agnostic_replication_behavior-fb4ef5ba46c144d8-m1,debugging,-2.75,-5.920763349188547
model_agnostic_replication_behavior-fb66211a687da1e2-m0,information_sampling,-0.8750000000000002,-0.4152980178902448
model_agnostic_replication_behavior-fb66211a687da1e2-m1,information_sampling,-4.625,-2.4122687566021614
model_agnostic_replication_behavior-fb6f027057478610-m0,effort,3.5,2.246564600319405
model_agnostic_replication_behavior-fb6f027057478610-m1,effort,2.125,1.896865136142612
model_agnostic_replication_behavior-fb7c43bf80d876a3-m0,information_sampling,4.875,3.206960500065342
model_agnostic_replication_behavior-fb7c43bf80d876a3-m1,information_sampling,2.125,1.2099897613534245
model_agnostic_replication_behavior-fbba50841d3c35b3-m0,solvability,13.78125,11.30246495110165
model_agnostic_replication_behavior-fbba50841d3c35b3-m1,solvability,13.1875,11.410462574993039
model_agnostic_replication_behavior-fbfde25c74e96bef-m0,bandit,3.5,-0.4913545144850806
model_agnostic_replication_behavior-fbfde25c74e96bef-m1,bandit,2.75,-0.48789150162272144
model_agnostic_replication_behavior-fc2fe091b6867e6d-m0,effort,-6.25,-6.103659275871131
model_agnostic_replication_behavior-fc2fe091b6867e6d-m1,effort,-6.5,-6.453358740047924
model_agnostic_replication_behavior-fc5061f0e4a41ac9-m0,waiting,1.3413085937500002,2.1249922008954054
model_agnostic_replication_behavior-fc5061f0e4a41ac9-m1,waiting,-0.6875000000000001,2.114017676994955
model_agnostic_replication_behavior-fc7269b28476dc47-m0,bandit,11.8125,5.9736255070761
model_agnostic_replication_behavior-fc7269b28476dc47-m1,bandit,9.3125,5.97708851993846
model_agnostic_replication_behavior-fc80dab77e96c46c-m0,solvability,-6.625,-6.655497738997015
model_agnostic_replication_behavior-fc80dab77e96c46c-m1,solvability,-5.625,-6.547500115105626
model_agnostic_replication_behavior-fc9dc423c5f0c1d3-m0,debugging,-5.5,-2.293027259527295
model_agnostic_replication_behavior-fc9dc423c5f0c1d3-m1,debugging,-3.375,-0.811179440101213
model_agnostic_replication_behavior-fcda105e94e1bc61-m0,debugging,-6.25,-5.04697615591628
model_agnostic_replication_behavior-fcda105e94e1bc61-m1,debugging,-2.5,-3.565128336490197
model_agnostic_replication_behavior-fce493513353cd9b-m0,waiting,-5.75,-3.58326250750758
model_agnostic_replication_behavior-fce493513353cd9b-m1,waiting,-6.75,-3.59423703140803
model_agnostic_replication_behavior-fced5568e12b0a28-m0,debugging,3.25,1.9866818589648563
model_agnostic_replication_behavior-fced5568e12b0a28-m1,debugging,3.25,3.468529678390939
model_agnostic_replication_behavior-fd06b060dfbe091b-m0,information_sampling,4.125,4.7025837452094255
model_agnostic_replication_behavior-fd06b060dfbe091b-m1,information_sampling,3.75,2.705613006497508
model_agnostic_replication_behavior-fd1225deb24b8bb3-m0,solvability,7.25,7.332990781299294
model_agnostic_replication_behavior-fd1225deb24b8bb3-m1,solvability,7.125,7.440988405190682
model_agnostic_replication_behavior-fd15bf8e3253960c-m0,foraging,-7.625,-4.559906024042297
model_agnostic_replication_behavior-fd15bf8e3253960c-m1,foraging,-6.25,-4.168423725962434
model_agnostic_replication_behavior-fd521f111e9d8921-m0,waiting,7.625,6.398692741397216
model_agnostic_replication_behavior-fd521f111e9d8921-m1,waiting,7.375,6.387718217496765
model_agnostic_replication_behavior-fd5c0b181dd5d9fb-m0,effort,7.375,6.056228228408955
model_agnostic_replication_behavior-fd5c0b181dd5d9fb-m1,effort,5.125,5.706528764232161
model_agnostic_replication_behavior-fdd1035b85d5f106-m0,solvability,1.8749999999999998,1.0680161475893994
model_agnostic_replication_behavior-fdd1035b85d5f106-m1,solvability,2.125,1.176013771480788
model_agnostic_replication_behavior-fe1724e48189c8c9-m0,solvability,-3.875,0.3042204527877499
model_agnostic_replication_behavior-fe1724e48189c8c9-m1,solvability,-1.5,0.41221807667913835
model_agnostic_replication_behavior-fe2cf4a7bdcc1542-m0,debugging,5.5,4.776413744539651
model_agnostic_replication_behavior-fe2cf4a7bdcc1542-m1,debugging,6.875,6.258261563965734
model_agnostic_replication_behavior-fe9b67afa7bd2d9e-m0,foraging,2.875,2.522191461047524
model_agnostic_replication_behavior-fe9b67afa7bd2d9e-m1,foraging,3.0,2.913673759127388
model_agnostic_replication_behavior-feb7dd0f3de3347f-m0,debugging,3.375,1.180195469612631
model_agnostic_replication_behavior-feb7dd0f3de3347f-m1,debugging,4.5,2.6620432890387136
model_agnostic_replication_behavior-ff34a19dbc32bcb6-m0,effort,-2.875,-1.5717559205260807
model_agnostic_replication_behavior-ff34a19dbc32bcb6-m1,effort,-2.5,-1.921455384702874
model_agnostic_replication_behavior-ff5e6fe23f72c0b1-m0,effort,-4.125,0.26996782244868767
model_agnostic_replication_behavior-ff5e6fe23f72c0b1-m1,effort,-4.0,-0.07973164172810598
model_agnostic_replication_contextual_behavior-00a77272fb6d1983-m0,debugging,-5.5,-5.1454268280115905
model_agnostic_replication_contextual_behavior-00a77272fb6d1983-m1,debugging,-4.625,-3.663579008585508
model_agnostic_replication_contextual_behavior-02d90f207ee13eb5-m0,foraging,-0.37499999999999994,2.7316892122286776
model_agnostic_replication_contextual_behavior-02d90f207ee13eb5-m1,foraging,2.5,3.1231715103085413
model_agnostic_replication_contextual_behavior-036bc5e83aef68bf-m0,debugging,-1.875,-1.2619661416779093
model_agnostic_replication_contextual_behavior-036bc5e83aef68bf-m1,debugging,2.0,0.2198816777481729
model_agnostic_replication_contextual_behavior-03c0437ca9c8c907-m0,foraging,3.5,1.748249193650609
model_agnostic_replication_contextual_behavior-03c0437ca9c8c907-m1,foraging,4.5,2.1397314917304726
model_agnostic_replication_contextual_behavior-03cca73fd419d155-m0,foraging,2.203125,-2.6760693930189454
model_agnostic_replication_contextual_behavior-03cca73fd419d155-m1,foraging,-2.296875,-2.2845870949390816
model_agnostic_replication_contextual_behavior-056b4667401b4fe9-m0,bandit,-6.0,-3.0437202843343285
model_agnostic_replication_contextual_behavior-056b4667401b4fe9-m1,bandit,-5.375,-3.0402572714719693
model_agnostic_replication_contextual_behavior-058aa4e00202d167-m0,foraging,2.875,2.0215294620253266
model_agnostic_replication_contextual_behavior-058aa4e00202d167-m1,foraging,3.0,2.4130117601051895
model_agnostic_replication_contextual_behavior-06afb23839d26b64-m0,bandit,-0.37499999999999994,3.0090210913060993
model_agnostic_replication_contextual_behavior-06afb23839d26b64-m1,bandit,-1.5,3.0124841041684576
model_agnostic_replication_contextual_behavior-06ff917144adaefc-m0,debugging,-2.75,-0.22817679969316595
model_agnostic_replication_contextual_behavior-06ff917144adaefc-m1,debugging,-2.25,1.2536710197329166
model_agnostic_replication_contextual_behavior-07c003758dac5312-m0,debugging,-3.5,-5.235292568459229
model_agnostic_replication_contextual_behavior-07c003758dac5312-m1,debugging,-2.375,-3.7534447490331466
model_agnostic_replication_contextual_behavior-07e94db01dc01e0f-m0,foraging,-4.25,-3.6532603163825543
model_agnostic_replication_contextual_behavior-07e94db01dc01e0f-m1,foraging,-3.375,-3.2617780183026914
model_agnostic_replication_contextual_behavior-0e35f2c86e50264e-m0,foraging,-7.5,-9.927108373944915
model_agnostic_replication_contextual_behavior-0e35f2c86e50264e-m1,foraging,-5.75,-9.535626075865052
model_agnostic_replication_contextual_behavior-0e8945f53b689ab6-m0,debugging,-6.375,-4.978451297484269
model_agnostic_replication_contextual_behavior-0e8945f53b689ab6-m1,debugging,-4.75,-3.4966034780581863
model_agnostic_replication_contextual_behavior-0f457fee133ebb6b-m0,debugging,-4.625,-8.152272448692308
model_agnostic_replication_contextual_behavior-0f457fee133ebb6b-m1,debugging,-3.625,-6.670424629266226
model_agnostic_replication_contextual_behavior-0f98ef6568ea1247-m0,bandit,-7.5,-2.961404791996787
model_agnostic_replication_contextual_behavior-0f98ef6568ea1247-m1,bandit,-6.75,-2.957941779134428
model_agnostic_replication_contextual_behavior-100847b72109f99f-m0,bandit,-8.125,-14.635635031397156
model_agnostic_replication_contextual_behavior-100847b72109f99f-m1,bandit,-7.375,-14.632172018534797
model_agnostic_replication_contextual_behavior-13a3959ddcd444f9-m0,debugging,-6.375,-6.0975970466725515
model_agnostic_replication_contextual_behavior-13a3959ddcd444f9-m1,debugging,-4.875,-4.615749227246469
model_agnostic_replication_contextual_behavior-13b4096883b329c1-m0,bandit,4.0,4.604722565597786
model_agnostic_replication_contextual_behavior-13b4096883b329c1-m1,bandit,6.625,4.608185578460144
model_agnostic_replication_contextual_behavior-14d70a67755d4dd9-m0,foraging,-8.5,-10.705364870466555
model_agnostic_replication_contextual_behavior-14d70a67755d4dd9-m1,foraging,-6.5,-10.31388257238669
model_agnostic_replication_contextual_behavior-15115d96a986dda0-m0,foraging,-0.12500000000000006,-1.1883632206208978
model_agnostic_replication_contextual_behavior-15115d96a986dda0-m1,foraging,1.625,-0.7968809225410343
model_agnostic_replication_contextual_behavior-172872ed25fe9383-m0,debugging,0.6093749999999999,0.7260385939995777
model_agnostic_replication_contextual_behavior-172872ed25fe9383-m1,debugging,-0.07812500000000001,2.207886413425661
model_agnostic_replication_contextual_behavior-1921e5805457c150-m0,debugging,-4.125,0.11330126446810085
model_agnostic_replication_contextual_behavior-1921e5805457c150-m1,debugging,-3.625,1.5951490838941826
model_agnostic_replication_contextual_behavior-197ced2636723bd3-m0,foraging,-5.25,-4.718966898730411
model_agnostic_replication_contextual_behavior-197ced2636723bd3-m1,foraging,-3.75,-4.327484600650547
model_agnostic_replication_contextual_behavior-1981867b6d01fba1-m0,bandit,-2.375,-2.198991695910091
model_agnostic_replication_contextual_behavior-1981867b6d01fba1-m1,bandit,-2.0,-2.1955286830477316
model_agnostic_replication_contextual_behavior-19d49fb8f28b55ad-m0,bandit,2.75,3.0371860459000195
model_agnostic_replication_contextual_behavior-19d49fb8f28b55ad-m1,bandit,3.625,3.0406490587623787
model_agnostic_replication_contextual_behavior-1a5f078f73339b9d-m0,bandit,-1.125,-0.48618483664102563
model_agnostic_replication_contextual_behavior-1a5f078f73339b9d-m1,bandit,2.25,-0.4827218237786669
model_agnostic_replication_contextual_behavior-1aef918385499a39-m0,foraging,-0.5,0.34432569342312114
model_agnostic_replication_contextual_behavior-1aef918385499a39-m1,foraging,-1.25,0.7358079915029849
model_agnostic_replication_contextual_behavior-1b0904a6c6079804-m0,debugging,-1.375,-1.793367025438134
model_agnostic_replication_contextual_behavior-1b0904a6c6079804-m1,debugging,-1.0000000000000002,-0.3115192060120511
model_agnostic_replication_contextual_behavior-1c44a9121c4d7eb2-m0,debugging,-3.75,-0.7166109785245289
model_agnostic_replication_contextual_behavior-1c44a9121c4d7eb2-m1,debugging,-4.0,0.7652368409015535
model_agnostic_replication_contextual_behavior-1d8227bbbc8ae46b-m0,bandit,-3.625,-3.9281127993240634
model_agnostic_replication_contextual_behavior-1d8227bbbc8ae46b-m1,bandit,-2.5,-3.9246497864617047
model_agnostic_replication_contextual_behavior-1e377e01e82101cc-m0,debugging,-3.625,-3.396861447623203
model_agnostic_replication_contextual_behavior-1e377e01e82101cc-m1,debugging,-2.75,-1.9150136281971202
model_agnostic_replication_contextual_behavior-1e391226e84b2bb3-m0,bandit,-1.625,3.2918178170018626
model_agnostic_replication_contextual_behavior-1e391226e84b2bb3-m1,bandit,-0.7500000000000001,3.295280829864221
model_agnostic_replication_contextual_behavior-20d29dad74126b64-m0,debugging,0.5156250000000001,-2.477506753776555
model_agnostic_replication_contextual_behavior-20d29dad74126b64-m1,debugging,-0.36718749999999994,-0.9956589343504725
model_agnostic_replication_contextual_behavior-21ad6a537ff4003a-m0,bandit,-6.75,-3.663548724215452
model_agnostic_replication_contextual_behavior-21ad6a537ff4003a-m1,bandit,-5.875,-3.660085711353093
model_agnostic_replication_contextual_behavior-23ba08547fa1c6f7-m0,foraging,2.0,-2.8331355996333443
model_agnostic_replication_contextual_behavior-23ba08547fa1c6f7-m1,foraging,-2.34375,-2.4416533015534805
model_agnostic_replication_contextual_behavior-257554726d22008d-m0,foraging,-2.375,0.26711162875861105
model_agnostic_replication_contextual_behavior-257554726d22008d-m1,foraging,-0.7500000000000001,0.658593926838474
model_agnostic_replication_contextual_behavior-25d690146689c3ae-m0,bandit,-3.75,-3.1868369375213152
model_agnostic_replication_contextual_behavior-25d690146689c3ae-m1,bandit,-3.0,-3.183373924658956
model_agnostic_replication_contextual_behavior-27c6724a5cc358bd-m0,debugging,2.0,2.185939017765328
model_agnostic_replication_contextual_behavior-27c6724a5cc358bd-m1,debugging,5.375,3.66778683719141
model_agnostic_replication_contextual_behavior-28aa2181971dd9f2-m0,debugging,-3.875,-1.0999429986313813
model_agnostic_replication_contextual_behavior-28aa2181971dd9f2-m1,debugging,-3.25,0.3819048207947011
model_agnostic_replication_contextual_behavior-298b24e38f0377ba-m0,debugging,-5.625,-5.576124122461897
model_agnostic_replication_contextual_behavior-298b24e38f0377ba-m1,debugging,-4.625,-4.094276303035814
model_agnostic_replication_contextual_behavior-2a008e9584a6f226-m0,foraging,-5.0,-1.7513323439311939
model_agnostic_replication_contextual_behavior-2a008e9584a6f226-m1,foraging,-4.375,-1.35985004585133
model_agnostic_replication_contextual_behavior-2b41412b57e33a1b-m0,foraging,-1.125,1.2979048451480895
model_agnostic_replication_contextual_behavior-2b41412b57e33a1b-m1,foraging,0.7500000000000002,1.6893871432279528
model_agnostic_replication_contextual_behavior-2bdd3ed128134634-m0,debugging,-4.125,-3.776613209803787
model_agnostic_replication_contextual_behavior-2bdd3ed128134634-m1,debugging,-4.125,-2.2947653903777043
model_agnostic_replication_contextual_behavior-2d4a2df666d885cf-m0,debugging,-4.375,-4.426337842349589
model_agnostic_replication_contextual_behavior-2d4a2df666d885cf-m1,debugging,-3.375,-2.9444900229235067
model_agnostic_replication_contextual_behavior-2ea887576e39600e-m0,debugging,5.125,1.2544160346089173
model_agnostic_replication_contextual_behavior-2ea887576e39600e-m1,debugging,5.5,2.736263854035
model_agnostic_replication_contextual_behavior-2fc9c8435c225097-m0,debugging,-0.6249999999999999,-2.3216098558508795
model_agnostic_replication_contextual_behavior-2fc9c8435c225097-m1,debugging,-0.6249999999999999,-0.8397620364247966
model_agnostic_replication_contextual_behavior-31fa096b68e7e600-m0,foraging,-0.12500000000000006,1.98536812164992
model_agnostic_replication_contextual_behavior-31fa096b68e7e600-m1,foraging,2.875,2.3768504197297835
model_agnostic_replication_contextual_behavior-35f157dfea07d33c-m0,foraging,-2.5,-1.4280147024501273
model_agnostic_replication_contextual_behavior-35f157dfea07d33c-m1,foraging,-2.625,-1.0365324043702635
model_agnostic_replication_contextual_behavior-369ca1e73ba968ec-m0,bandit,6.75,4.959125342264937
model_agnostic_replication_contextual_behavior-369ca1e73ba968ec-m1,bandit,8.5,4.962588355127296
model_agnostic_replication_contextual_behavior-36a6f497b50ccc21-m0,foraging,-5.25,-3.450504060054257
model_agnostic_replication_contextual_behavior-36a6f497b50ccc21-m1,foraging,-3.75,-3.0590217619743942
model_agnostic_replication_contextual_behavior-377712564d96aeaa-m0,foraging,-1.7499999999999998,-2.4632553253511063
model_agnostic_replication_contextual_behavior-377712564d96aeaa-m1,foraging,-4.125,-2.071773027271243
model_agnostic_replication_contextual_behavior-3897ea7fa159b467-m0,bandit,-7.625,-2.346473862708159
model_agnostic_replication_contextual_behavior-3897ea7fa159b467-m1,bandit,-6.25,-2.3430108498458004
model_agnostic_replication_contextual_behavior-3910e2d9d25f1632-m0,foraging,5.625,3.7687143831152463
model_agnostic_replication_contextual_behavior-3910e2d9d25f1632-m1,foraging,5.375,4.16019668119511
model_agnostic_replication_contextual_behavior-3a1c84465ad13c40-m0,debugging,1.75,2.672415755841553
model_agnostic_replication_contextual_behavior-3a1c84465ad13c40-m1,debugging,2.5,4.154263575267636
model_agnostic_replication_contextual_behavior-3b0d061cf9227ecd-m0,bandit,-2.625,3.7336345926507546
model_agnostic_replication_contextual_behavior-3b0d061cf9227ecd-m1,bandit,0.8750000000000001,3.7370976055131138
model_agnostic_replication_contextual_behavior-3bedb4ed24eed7fc-m0,bandit,7.25,3.577748981982802
model_agnostic_replication_contextual_behavior-3bedb4ed24eed7fc-m1,bandit,9.0,3.581211994845161
model_agnostic_replication_contextual_behavior-3ccf563b5164e8ab-m0,bandit,5.375,5.8103985730065695
model_agnostic_replication_contextual_behavior-3ccf563b5164e8ab-m1,bandit,8.75,5.813861585868928
model_agnostic_replication_contextual_behavior-3d65829edd92d6c1-m0,bandit,6.625,1.863514597239377
model_agnostic_replication_contextual_behavior-3d65829edd92d6c1-m1,bandit,6.375,1.8669776101017355
model_agnostic_replication_contextual_behavior-3d92d77b9de6f4e5-m0,debugging,-5.25,-3.87325278843616
model_agnostic_replication_contextual_behavior-3d92d77b9de6f4e5-m1,debugging,-4.125,-2.391404969010078
model_agnostic_replication_contextual_behavior-3dbe2368e57ac3d6-m0,bandit,-8.375,-6.581069090112288
model_agnostic_replication_contextual_behavior-3dbe2368e57ac3d6-m1,bandit,-5.875,-6.577606077249929
model_agnostic_replication_contextual_behavior-3dea2c61ed7e1a12-m0,debugging,1.8749999999999998,0.6698903727697512
model_agnostic_replication_contextual_behavior-3dea2c61ed7e1a12-m1,debugging,5.5,2.1517381921958343
model_agnostic_replication_contextual_behavior-3e07adda7d7ff898-m0,foraging,-3.75,-1.0514419672204567
model_agnostic_replication_contextual_behavior-3e07adda7d7ff898-m1,foraging,-2.25,-0.6599596691405931
model_agnostic_replication_contextual_behavior-3ea7d65744e0db4d-m0,bandit,-8.625,-9.37172840381357
model_agnostic_replication_contextual_behavior-3ea7d65744e0db4d-m1,bandit,-6.875,-9.368265390951212
model_agnostic_replication_contextual_behavior-3f86684de28ee855-m0,debugging,-6.25,-6.50500347088819
model_agnostic_replication_contextual_behavior-3f86684de28ee855-m1,debugging,-4.75,-5.0231556514621065
model_agnostic_replication_contextual_behavior-402a9935ddf190ef-m0,bandit,-2.75,2.274388185123849
model_agnostic_replication_contextual_behavior-402a9935ddf190ef-m1,bandit,0.24999999999999992,2.277851197986208
model_agnostic_replication_contextual_behavior-4036675b6f1e683b-m0,foraging,3.625,6.212106009938157
model_agnostic_replication_contextual_behavior-4036675b6f1e683b-m1,foraging,4.25,6.603588308018022
model_agnostic_replication_contextual_behavior-41aede8ec5c05fbd-m0,bandit,-5.75,-0.2825447435986912
model_agnostic_replication_contextual_behavior-41aede8ec5c05fbd-m1,bandit,-4.125,-0.279081730736332
model_agnostic_replication_contextual_behavior-4465021c84d5ae24-m0,foraging,-5.125,-1.7973924738725737
model_agnostic_replication_contextual_behavior-4465021c84d5ae24-m1,foraging,-4.25,-1.4059101757927106
model_agnostic_replication_contextual_behavior-4554c21af3ad9eb3-m0,debugging,-0.8750000000000002,-0.14550203362060166
model_agnostic_replication_contextual_behavior-4554c21af3ad9eb3-m1,debugging,2.75,1.336345785805481
model_agnostic_replication_contextual_behavior-467dba97ae25c636-m0,debugging,0.37499999999999994,1.8425035128489233
model_agnostic_replication_contextual_behavior-467dba97ae25c636-m1,debugging,0.625,3.324351332275006
model_agnostic_replication_contextual_behavior-475cafb4b4aa640d-m0,bandit,-4.125,-2.8585605066200452
model_agnostic_replication_contextual_behavior-475cafb4b4aa640d-m1,bandit,-2.25,-2.8550974937576865
model_agnostic_replication_contextual_behavior-4768e2dd5292c945-m0,debugging,0.7500000000000002,1.1815371234687542
model_agnostic_replication_contextual_behavior-4768e2dd5292c945-m1,debugging,2.875,2.6633849428948366
model_agnostic_replication_contextual_behavior-49e95cc9708afca2-m0,bandit,1.625,1.1827820362166934
model_agnostic_replication_contextual_behavior-49e95cc9708afca2-m1,bandit,1.5000000000000002,1.1862450490790526
model_agnostic_replication_contextual_behavior-4c005713503f7bce-m0,bandit,-5.625,-7.838227591579879
model_agnostic_replication_contextual_behavior-4c005713503f7bce-m1,bandit,-4.125,-7.834764578717521
model_agnostic_replication_contextual_behavior-4c308abf34406c0f-m0,foraging,-4.375,-1.6576463393014518
model_agnostic_replication_contextual_behavior-4c308abf34406c0f-m1,foraging,-4.125,-1.2661640412215884
model_agnostic_replication_contextual_behavior-4c58f897b9794023-m0,debugging,-6.5,-5.695147501735224
model_agnostic_replication_contextual_behavior-4c58f897b9794023-m1,debugging,-5.25,-4.213299682309142
model_agnostic_replication_contextual_behavior-4c5da57e1b2b5cf9-m0,bandit,8.125,9.015195502863389
model_agnostic_replication_contextual_behavior-4c5da57e1b2b5cf9-m1,bandit,10.0,9.018658515725747
model_agnostic_replication_contextual_behavior-4c98db757c21f84a-m0,debugging,-4.5,-8.749792562624604
model_agnostic_replication_contextual_behavior-4c98db757c21f84a-m1,debugging,-3.0,-7.267944743198522
model_agnostic_replication_contextual_behavior-4cf20fd572bcdede-m0,debugging,-2.875,-0.14181557910216636
model_agnostic_replication_contextual_behavior-4cf20fd572bcdede-m1,debugging,-0.5,1.3400322403239164
model_agnostic_replication_contextual_behavior-4d16e8c457667328-m0,debugging,-6.75,-6.040592384099223
model_agnostic_replication_contextual_behavior-4d16e8c457667328-m1,debugging,-5.75,-4.55874456467314
model_agnostic_replication_contextual_behavior-5298bee11401c160-m0,debugging,6.125,4.3169704076690625
model_agnostic_replication_contextual_behavior-5298bee11401c160-m1,debugging,7.875,5.798818227095145
model_agnostic_replication_contextual_behavior-53577a9279886a71-m0,bandit,-3.125,-1.2845313485763117
model_agnostic_replication_contextual_behavior-53577a9279886a71-m1,bandit,0.37499999999999994,-1.281068335713953
model_agnostic_replication_contextual_behavior-535e456da0b8f55b-m0,debugging,-2.25,-2.3015729815623165
model_agnostic_replication_contextual_behavior-535e456da0b8f55b-m1,debugging,0.24999999999999992,-0.8197251621362337
model_agnostic_replication_contextual_behavior-53a9179708089345-m0,debugging,0.4765625000000001,-4.018031354831624
model_agnostic_replication_contextual_behavior-53a9179708089345-m1,debugging,-0.16406250000000003,-2.5361835354055415
model_agnostic_replication_contextual_behavior-53bae59927c3119e-m0,bandit,-8.25,-6.724233265144352
model_agnostic_replication_contextual_behavior-53bae59927c3119e-m1,bandit,-5.75,-6.720770252281993
model_agnostic_replication_contextual_behavior-550bfff48a8fa0a4-m0,foraging,-2.5,2.291510301870354
model_agnostic_replication_contextual_behavior-550bfff48a8fa0a4-m1,foraging,1.125,2.682992599950218
model_agnostic_replication_contextual_behavior-56a3ce12c59843cc-m0,bandit,-3.875,-1.987166696080385
model_agnostic_replication_contextual_behavior-56a3ce12c59843cc-m1,bandit,-2.75,-1.9837036832180264
model_agnostic_replication_contextual_behavior-57902065bb31bfa3-m0,debugging,5.25,2.018581986505038
model_agnostic_replication_contextual_behavior-57902065bb31bfa3-m1,debugging,5.625,3.5004298059311196
model_agnostic_replication_contextual_behavior-595bccc1a0a3cff4-m0,foraging,3.75,7.017510198864413
model_agnostic_replication_contextual_behavior-595bccc1a0a3cff4-m1,foraging,4.5,7.4089924969442755
model_agnostic_replication_contextual_behavior-59a9c966a20692ec-m0,debugging,6.25,5.860815264164757
model_agnostic_replication_contextual_behavior-59a9c966a20692ec-m1,debugging,7.25,7.342663083590841
model_agnostic_replication_contextual_behavior-59ce31750b89e02a-m0,foraging,-4.25,0.7492645042741213
model_agnostic_replication_contextual_behavior-59ce31750b89e02a-m1,foraging,-4.25,1.1407468023539846
model_agnostic_replication_contextual_behavior-5a83ab14c51cee19-m0,debugging,-3.625,-4.11259979667396
model_agnostic_replication_contextual_behavior-5a83ab14c51cee19-m1,debugging,-2.875,-2.6307519772478773
model_agnostic_replication_contextual_behavior-5f36832aad18e3fe-m0,foraging,-2.5,-1.6395458723491763
model_agnostic_replication_contextual_behavior-5f36832aad18e3fe-m1,foraging,-2.5,-1.248063574269313
model_agnostic_replication_contextual_behavior-6082db3e121771a3-m0,debugging,-2.25,-0.2244780536043376
model_agnostic_replication_contextual_behavior-6082db3e121771a3-m1,debugging,0.24999999999999992,1.257369765821745
model_agnostic_replication_contextual_behavior-60832ad04054dd1b-m0,debugging,-5.25,-4.047792218669656
model_agnostic_replication_contextual_behavior-60832ad04054dd1b-m1,debugging,-4.5,-2.5659443992435733
model_agnostic_replication_contextual_behavior-60ad47e309314f3a-m0,foraging,-8.375,-9.441906667494765
model_agnostic_replication_contextual_behavior-60ad47e309314f3a-m1,foraging,-6.875,-9.050424369414904
model_agnostic_replication_contextual_behavior-60c0f4dd0d5a425b-m0,foraging,5.625,1.6692801556206336
model_agnostic_replication_contextual_behavior-60c0f4dd0d5a425b-m1,foraging,5.5,2.060762453700497
model_agnostic_replication_contextual_behavior-61a85dcca5791c09-m0,debugging,6.625,4.053243459593194
model_agnostic_replication_contextual_behavior-61a85dcca5791c09-m1,debugging,7.875,5.5350912790192766
model_agnostic_replication_contextual_behavior-630e17b781f74c23-m0,foraging,3.75,2.8422294699860258
model_agnostic_replication_contextual_behavior-630e17b781f74c23-m1,foraging,4.125,3.2337117680658896
model_agnostic_replication_contextual_behavior-63c6a3ea0d1dfdb9-m0,bandit,-7.375,-1.554476311827481
model_agnostic_replication_contextual_behavior-63c6a3ea0d1dfdb9-m1,bandit,-6.0,-1.5510132989651217
model_agnostic_replication_contextual_behavior-64278f007515b0ba-m0,foraging,-4.75,-1.712631129260236
model_agnostic_replication_contextual_behavior-64278f007515b0ba-m1,foraging,-2.875,-1.3211488311803723
model_agnostic_replication_contextual_behavior-646c0041bb336a99-m0,foraging,0.0,2.637492309993344
model_agnostic_replication_contextual_behavior-646c0041bb336a99-m1,foraging,-0.7500000000000001,3.0289746080732076
model_agnostic_replication_contextual_behavior-6476f9d188e281c7-m0,debugging,-6.75,-6.625050942824286
model_agnostic_replication_contextual_behavior-6476f9d188e281c7-m1,debugging,-5.375,-5.143203123398204
model_agnostic_replication_contextual_behavior-64c3b4b37c15d28f-m0,debugging,-5.875,-8.492515436726286
model_agnostic_replication_contextual_behavior-64c3b4b37c15d28f-m1,debugging,-5.375,-7.010667617300204
model_agnostic_replication_contextual_behavior-65848bda8649384b-m0,debugging,-4.5,-4.346420585356902
model_agnostic_replication_contextual_behavior-65848bda8649384b-m1,debugging,-3.125,-2.864572765930819
model_agnostic_replication_contextual_behavior-68a40a4df7d76bf4-m0,foraging,-2.75,3.0587333401924806
model_agnostic_replication_contextual_behavior-68a40a4df7d76bf4-m1,foraging,0.24999999999999992,3.4502156382723435
model_agnostic_replication_contextual_behavior-68dae76b445ff4c5-m0,bandit,-7.125,-5.871038112541963
model_agnostic_replication_contextual_behavior-68dae76b445ff4c5-m1,bandit,-6.375,-5.867575099679604
model_agnostic_replication_contextual_behavior-6aad3bee13d6fbac-m0,foraging,5.375,6.162064716695939
model_agnostic_replication_contextual_behavior-6aad3bee13d6fbac-m1,foraging,4.875,6.553547014775804
model_agnostic_replication_contextual_behavior-6b13cd9d64ee9544-m0,foraging,-6.125,-10.8046701629245
model_agnostic_replication_contextual_behavior-6b13cd9d64ee9544-m1,foraging,-4.75,-10.41318786484464
model_agnostic_replication_contextual_behavior-6b29b855daf12166-m0,debugging,0.125,0.8445939041930501
model_agnostic_replication_contextual_behavior-6b29b855daf12166-m1,debugging,0.10937499999999996,2.3264417236191326
model_agnostic_replication_contextual_behavior-6bdf9551a9b04bae-m0,bandit,-9.3125,-10.122821496264578
model_agnostic_replication_contextual_behavior-6bdf9551a9b04bae-m1,bandit,-7.375,-10.11935848340222
model_agnostic_replication_contextual_behavior-6d4bec07216ab1f7-m0,bandit,-2.875,8.85717201992361
model_agnostic_replication_contextual_behavior-6d4bec07216ab1f7-m1,bandit,-3.5,8.860635032785968
model_agnostic_replication_contextual_behavior-6d70350a9e132c60-m0,debugging,-1.625,3.150877405629161
model_agnostic_replication_contextual_behavior-6d70350a9e132c60-m1,debugging,2.125,4.6327252250552435
model_agnostic_replication_contextual_behavior-6e46e59b50e3be30-m0,debugging,-4.75,-2.2734538672423232
model_agnostic_replication_contextual_behavior-6e46e59b50e3be30-m1,debugging,-3.75,-0.7916060478162403
model_agnostic_replication_contextual_behavior-70a39723d6e1c0a0-m0,bandit,-5.0,-3.539270976728896
model_agnostic_replication_contextual_behavior-70a39723d6e1c0a0-m1,bandit,-2.625,-3.535807963866537
model_agnostic_replication_contextual_behavior-71551b2ac6405a75-m0,bandit,-1.875,-1.0220314491382594
model_agnostic_replication_contextual_behavior-71551b2ac6405a75-m1,bandit,1.625,-1.0185684362759002
model_agnostic_replication_contextual_behavior-717e2679ba09d8e8-m0,bandit,-1.625,2.917472594572362
model_agnostic_replication_contextual_behavior-717e2679ba09d8e8-m1,bandit,1.8749999999999998,2.9209356074347212
model_agnostic_replication_contextual_behavior-719bbe39012d1e85-m0,bandit,-4.75,0.30261486664148474
model_agnostic_replication_contextual_behavior-719bbe39012d1e85-m1,bandit,-2.75,0.3060778795038439
model_agnostic_replication_contextual_behavior-71a7a71063fe2689-m0,foraging,-3.5,-0.2584613581654851
model_agnostic_replication_contextual_behavior-71a7a71063fe2689-m1,foraging,-4.125,0.13302093991437847
model_agnostic_replication_contextual_behavior-72b04b1f4302c49a-m0,debugging,8.25,7.4795011836100205
model_agnostic_replication_contextual_behavior-72b04b1f4302c49a-m1,debugging,8.875,8.961349003036103
model_agnostic_replication_contextual_behavior-735615446b3edf33-m0,bandit,-1.375,3.0496516671097504
model_agnostic_replication_contextual_behavior-735615446b3edf33-m1,bandit,3.0,3.0531146799721087
model_agnostic_replication_contextual_behavior-7358c860c4d99faa-m0,foraging,-3.5,-3.2144794218927606
model_agnostic_replication_contextual_behavior-7358c860c4d99faa-m1,foraging,-3.0,-2.822997123812897
model_agnostic_replication_contextual_behavior-74007db54a0a064b-m0,debugging,-4.125,-5.526801137943634
model_agnostic_replication_contextual_behavior-74007db54a0a064b-m1,debugging,-4.125,-4.0449533185175515
model_agnostic_replication_contextual_behavior-74a9c1dcfe9f58d5-m0,debugging,-1.375,-0.7032278417085738
model_agnostic_replication_contextual_behavior-74a9c1dcfe9f58d5-m1,debugging,1.625,0.7786199777175089
model_agnostic_replication_contextual_behavior-7611406682cafbfb-m0,foraging,-2.5,3.4518089733655293
model_agnostic_replication_contextual_behavior-7611406682cafbfb-m1,foraging,-1.875,3.843291271445392
model_agnostic_replication_contextual_behavior-761c7220a9b2d9a6-m0,bandit,1.8749999999999998,-0.8543992627852428
model_agnostic_replication_contextual_behavior-761c7220a9b2d9a6-m1,bandit,0.24999999999999992,-0.8509362499228836
model_agnostic_replication_contextual_behavior-763280f5b79962ec-m0,debugging,-2.5,-1.5816351696486597
model_agnostic_replication_contextual_behavior-763280f5b79962ec-m1,debugging,0.7500000000000002,-0.09978735022257745
model_agnostic_replication_contextual_behavior-785a121344e44f05-m0,bandit,-5.125,-3.9020566875100635
model_agnostic_replication_contextual_behavior-785a121344e44f05-m1,bandit,-2.5,-3.8985936746477043
model_agnostic_replication_contextual_behavior-789f23b28b178bde-m0,debugging,3.5,1.040968364977098
model_agnostic_replication_contextual_behavior-789f23b28b178bde-m1,debugging,4.375,2.5228161844031805
model_agnostic_replication_contextual_behavior-7d642cd448ae7c67-m0,debugging,-6.0,-4.256673338615896
model_agnostic_replication_contextual_behavior-7d642cd448ae7c67-m1,debugging,-4.5,-2.7748255191898137
model_agnostic_replication_contextual_behavior-7d95a7eae4fbb693-m0,debugging,-7.75,-7.514287745924044
model_agnostic_replication_contextual_behavior-7d95a7eae4fbb693-m1,debugging,-6.25,-6.032439926497961
model_agnostic_replication_contextual_behavior-83b519b28056aaf0-m0,foraging,-2.375,-3.566872389500652
model_agnostic_replication_contextual_behavior-83b519b28056aaf0-m1,foraging,-2.25,-3.1753900914207884
model_agnostic_replication_contextual_behavior-882530778f68a640-m0,debugging,5.25,5.118107900080052
model_agnostic_replication_contextual_behavior-882530778f68a640-m1,debugging,6.5,6.599955719506134
model_agnostic_replication_contextual_behavior-88a3e5071d7682e5-m0,bandit,6.625,6.143806214809802
model_agnostic_replication_contextual_behavior-88a3e5071d7682e5-m1,bandit,7.125,6.14726922767216
model_agnostic_replication_contextual_behavior-89bc6fd7bb1ad9bd-m0,foraging,-2.375,2.3077187751709083
model_agnostic_replication_contextual_behavior-89bc6fd7bb1ad9bd-m1,foraging,-0.8750000000000002,2.699201073250771
model_agnostic_replication_contextual_behavior-89bd184759f6e2cd-m0,foraging,-3.625,1.115628445684437
model_agnostic_replication_contextual_behavior-89bd184759f6e2cd-m1,foraging,-1.375,1.5071107437643005
model_agnostic_replication_contextual_behavior-8a157011ee4ffc43-m0,debugging,0.08593749999999996,-0.11441317971919474
model_agnostic_replication_contextual_behavior-8a157011ee4ffc43-m1,debugging,0.04687500000000005,1.367434639706888
model_agnostic_replication_contextual_behavior-8b486568b6c7a03a-m0,bandit,-5.375,0.23014061565715416
model_agnostic_replication_contextual_behavior-8b486568b6c7a03a-m1,bandit,-4.25,0.23360362851951333
model_agnostic_replication_contextual_behavior-8ce6b6ebfe154e3f-m0,bandit,7.375,7.991353269873465
model_agnostic_replication_contextual_behavior-8ce6b6ebfe154e3f-m1,bandit,9.5,7.994816282735823
model_agnostic_replication_contextual_behavior-8e0b3b44f47e7587-m0,debugging,3.625,3.8712515274910135
model_agnostic_replication_contextual_behavior-8e0b3b44f47e7587-m1,debugging,5.375,5.353099346917096
model_agnostic_replication_contextual_behavior-8e74f378468881e4-m0,foraging,-6.5,-5.025259796420541
model_agnostic_replication_contextual_behavior-8e74f378468881e4-m1,foraging,-4.0,-4.633777498340677
model_agnostic_replication_contextual_behavior-8fbebd1d99031e9d-m0,bandit,-6.0,1.7803838582309068
model_agnostic_replication_contextual_behavior-8fbebd1d99031e9d-m1,bandit,-4.5,1.7838468710932656
model_agnostic_replication_contextual_behavior-9024a3446801a4be-m0,bandit,-3.25,-0.6084479402024274
model_agnostic_replication_contextual_behavior-9024a3446801a4be-m1,bandit,0.5,-0.6049849273400683
model_agnostic_replication_contextual_behavior-9089e52c17de2ce5-m0,debugging,-4.375,-2.3586629449746095
model_agnostic_replication_contextual_behavior-9089e52c17de2ce5-m1,debugging,-3.375,-0.876815125548527
model_agnostic_replication_contextual_behavior-92f7ec16dab4c725-m0,bandit,-4.375,8.574375294227846
model_agnostic_replication_contextual_behavior-92f7ec16dab4c725-m1,bandit,-4.375,8.577838307090204
model_agnostic_replication_contextual_behavior-930baf82147fd9f0-m0,debugging,-3.5,-3.6775481872487568
model_agnostic_replication_contextual_behavior-930baf82147fd9f0-m1,debugging,-3.25,-2.195700367822674
model_agnostic_replication_contextual_behavior-93ce94bf53ca8c39-m0,foraging,-5.25,-3.8355199608778934
model_agnostic_replication_contextual_behavior-93ce94bf53ca8c39-m1,foraging,-2.5,-3.4440376627980305
model_agnostic_replication_contextual_behavior-93f1e071efbc212e-m0,foraging,2.125,2.6067883162231373
model_agnostic_replication_contextual_behavior-93f1e071efbc212e-m1,foraging,3.0,2.998270614303001
model_agnostic_replication_contextual_behavior-94e1f0824afcef8d-m0,bandit,5.25,1.2920831297890005
model_agnostic_replication_contextual_behavior-94e1f0824afcef8d-m1,bandit,5.75,1.2955461426513597
model_agnostic_replication_contextual_behavior-958a13b92f2e9d8b-m0,foraging,-1.7499999999999998,2.499748801907992
model_agnostic_replication_contextual_behavior-958a13b92f2e9d8b-m1,foraging,1.8749999999999998,2.8912310999878548
model_agnostic_replication_contextual_behavior-95b641b906f137c5-m0,bandit,3.25,2.576727259139308
model_agnostic_replication_contextual_behavior-95b641b906f137c5-m1,bandit,3.875,2.580190272001667
model_agnostic_replication_contextual_behavior-9ae344551c8c8645-m0,bandit,6.75,13.67329957090378
model_agnostic_replication_contextual_behavior-9ae344551c8c8645-m1,bandit,9.625,13.676762583766138
model_agnostic_replication_contextual_behavior-9b2db488290b6f06-m0,debugging,3.375,0.7250642850421558
model_agnostic_replication_contextual_behavior-9b2db488290b6f06-m1,debugging,3.75,2.2069121044682385
model_agnostic_replication_contextual_behavior-9b40c04de6bc0b21-m0,debugging,-3.625,-4.942512039666589
model_agnostic_replication_contextual_behavior-9b40c04de6bc0b21-m1,debugging,-3.0,-3.4606642202405062
model_agnostic_replication_contextual_behavior-9d8c8973dea67ebe-m0,foraging,-2.375,2.6024227401736075
model_agnostic_replication_contextual_behavior-9d8c8973dea67ebe-m1,foraging,0.5,2.9939050382534713
model_agnostic_replication_contextual_behavior-9e73ff3ba9bb834e-m0,debugging,-1.875,1.4286440960345541
model_agnostic_replication_contextual_behavior-9e73ff3ba9bb834e-m1,debugging,2.25,2.9104919154606366
model_agnostic_replication_contextual_behavior-9e8ea3bf61e054ca-m0,bandit,-1.625,-2.072333707089677
model_agnostic_replication_contextual_behavior-9e8ea3bf61e054ca-m1,bandit,1.75,-2.0688706942273187
model_agnostic_replication_contextual_behavior-9f974b93fbf5a2ed-m0,foraging,-2.5,-1.7463988435570241
model_agnostic_replication_contextual_behavior-9f974b93fbf5a2ed-m1,foraging,-0.12500000000000006,-1.3549165454771612
model_agnostic_replication_contextual_behavior-a01d02fa2544bdde-m0,foraging,-2.5,-0.9750874164850164
model_agnostic_replication_contextual_behavior-a01d02fa2544bdde-m1,foraging,-2.0,-0.5836051184051531
model_agnostic_replication_contextual_behavior-a0d374aa828419bb-m0,foraging,-4.375,-1.0405972694554557
model_agnostic_replication_contextual_behavior-a0d374aa828419bb-m1,foraging,-2.5,-0.6491149713755925
model_agnostic_replication_contextual_behavior-a1674a0d45fdc93c-m0,bandit,-5.625,0.32646343146519463
model_agnostic_replication_contextual_behavior-a1674a0d45fdc93c-m1,bandit,-5.0,0.3299264443275538
model_agnostic_replication_contextual_behavior-a167a9aeb55fd73c-m0,bandit,-7.875,-7.002225015325012
model_agnostic_replication_contextual_behavior-a167a9aeb55fd73c-m1,bandit,-6.875,-6.998762002462653
model_agnostic_replication_contextual_behavior-a175a3131d5ec1e6-m0,foraging,-5.125,-2.26965082575871
model_agnostic_replication_contextual_behavior-a175a3131d5ec1e6-m1,foraging,-4.625,-1.8781685276788462
model_agnostic_replication_contextual_behavior-a1c18d5d4bc8db88-m0,bandit,-0.37499999999999994,1.5051608738492124
model_agnostic_replication_contextual_behavior-a1c18d5d4bc8db88-m1,bandit,4.125,1.5086238867115715
model_agnostic_replication_contextual_behavior-a243f9d55e5307a4-m0,bandit,-2.125,6.252407168265739
model_agnostic_replication_contextual_behavior-a243f9d55e5307a4-m1,bandit,-0.12500000000000006,6.255870181128098
model_agnostic_replication_contextual_behavior-a258cd550018437b-m0,bandit,-8.375,-10.575265619550615
model_agnostic_replication_contextual_behavior-a258cd550018437b-m1,bandit,-6.875,-10.571802606688255
model_agnostic_replication_contextual_behavior-a400f769b01fcae2-m0,debugging,4.5,5.645561796231787
model_agnostic_replication_contextual_behavior-a400f769b01fcae2-m1,debugging,6.5,7.12740961565787
model_agnostic_replication_contextual_behavior-a4c63f0e03403d3f-m0,bandit,-7.0,-7.352846624262357
model_agnostic_replication_contextual_behavior-a4c63f0e03403d3f-m1,bandit,-5.125,-7.349383611399998
model_agnostic_replication_contextual_behavior-a4fabcd7d1f7abe0-m0,bandit,9.25,16.463958884605063
model_agnostic_replication_contextual_behavior-a4fabcd7d1f7abe0-m1,bandit,11.8125,16.46742189746742
model_agnostic_replication_contextual_behavior-a86511be5a45787d-m0,debugging,-5.125,-9.158816759519478
model_agnostic_replication_contextual_behavior-a86511be5a45787d-m1,debugging,-4.75,-7.676968940093396
model_agnostic_replication_contextual_behavior-a9cbf4cb092cc936-m0,debugging,0.34375000000000006,-2.681788553788908
model_agnostic_replication_contextual_behavior-a9cbf4cb092cc936-m1,debugging,0.18749999999999997,-1.1999407343628252
model_agnostic_replication_contextual_behavior-ab25c2db1ed2fbd5-m0,bandit,-6.625,-5.4263903081015386
model_agnostic_replication_contextual_behavior-ab25c2db1ed2fbd5-m1,bandit,-4.5,-5.422927295239179
model_agnostic_replication_contextual_behavior-ac0cf4293bb093f6-m0,bandit,10.5625,11.882394282078769
model_agnostic_replication_contextual_behavior-ac0cf4293bb093f6-m1,bandit,10.875,11.885857294941127
model_agnostic_replication_contextual_behavior-ac5884bc17ebdade-m0,bandit,-4.0,-3.3255802196287285
model_agnostic_replication_contextual_behavior-ac5884bc17ebdade-m1,bandit,-1.125,-3.3221172067663702
model_agnostic_replication_contextual_behavior-aec4bc5a1a3e3516-m0,debugging,4.25,4.447776473372285
model_agnostic_replication_contextual_behavior-aec4bc5a1a3e3516-m1,debugging,6.0,5.929624292798367
model_agnostic_replication_contextual_behavior-b03e3e801c0d1dfb-m0,debugging,-5.625,-9.283696280953889
model_agnostic_replication_contextual_behavior-b03e3e801c0d1dfb-m1,debugging,-5.0,-7.801848461527806
model_agnostic_replication_contextual_behavior-b073c5f4f72c8e9b-m0,foraging,-3.375,2.4811724491911367
model_agnostic_replication_contextual_behavior-b073c5f4f72c8e9b-m1,foraging,0.125,2.8726547472709996
model_agnostic_replication_contextual_behavior-b0a71b2a55d20644-m0,foraging,2.5,-0.8561339926888178
model_agnostic_replication_contextual_behavior-b0a71b2a55d20644-m1,foraging,2.125,-0.4646516946089543
model_agnostic_replication_contextual_behavior-b4b235ee3232c772-m0,debugging,0.625,-2.9042666438209825
model_agnostic_replication_contextual_behavior-b4b235ee3232c772-m1,debugging,2.875,-1.4224188243949003
model_agnostic_replication_contextual_behavior-b4bff01305d9d874-m0,debugging,-0.25,3.488105500033239
model_agnostic_replication_contextual_behavior-b4bff01305d9d874-m1,debugging,2.125,4.9699533194593215
model_agnostic_replication_contextual_behavior-b5168dc01dec3d41-m0,bandit,6.125,6.034758479966456
model_agnostic_replication_contextual_behavior-b5168dc01dec3d41-m1,bandit,7.25,6.038221492828816
model_agnostic_replication_contextual_behavior-b52779f55d4eef4b-m0,debugging,1.75,-1.3247462441462683
model_agnostic_replication_contextual_behavior-b52779f55d4eef4b-m1,debugging,4.25,0.15710157527981394
model_agnostic_replication_contextual_behavior-b5a5dde4f1b4ed7a-m0,debugging,-0.6249999999999999,-2.905005831897495
model_agnostic_replication_contextual_behavior-b5a5dde4f1b4ed7a-m1,debugging,0.0,-1.423158012471412
model_agnostic_replication_contextual_behavior-b752b297e09124cf-m0,foraging,-4.25,-1.5677608370212492
model_agnostic_replication_contextual_behavior-b752b297e09124cf-m1,foraging,-2.625,-1.1762785389413855
model_agnostic_replication_contextual_behavior-b8dcdbc711ce48bb-m0,debugging,1.0,0.10892642140511688
model_agnostic_replication_contextual_behavior-b8dcdbc711ce48bb-m1,debugging,0.625,1.5907742408312002
model_agnostic_replication_contextual_behavior-babe698253061141-m0,foraging,-3.125,-0.05685540824938462
model_agnostic_replication_contextual_behavior-babe698253061141-m1,foraging,0.7500000000000002,0.33462688983047895
model_agnostic_replication_contextual_behavior-bb4376c1204a4efa-m0,bandit,-4.5,-3.9997297634896087
model_agnostic_replication_contextual_behavior-bb4376c1204a4efa-m1,bandit,-3.25,-3.9962667506272496
model_agnostic_replication_contextual_behavior-bb5deb4b812d43fa-m0,bandit,-8.875,-11.691529345031128
model_agnostic_replication_contextual_behavior-bb5deb4b812d43fa-m1,bandit,-7.625,-11.68806633216877
model_agnostic_replication_contextual_behavior-bdd8fd724268b8a5-m0,bandit,-1.625,-1.0827279704295774
model_agnostic_replication_contextual_behavior-bdd8fd724268b8a5-m1,bandit,0.24999999999999992,-1.079264957567219
model_agnostic_replication_contextual_behavior-bebd3188861651b2-m0,debugging,-6.375,-5.5059051936360035
model_agnostic_replication_contextual_behavior-bebd3188861651b2-m1,debugging,-4.875,-4.024057374209922
model_agnostic_replication_contextual_behavior-bee496043c24d90b-m0,foraging,-2.5,0.2341935857788926
model_agnostic_replication_contextual_behavior-bee496043c24d90b-m1,foraging,-1.125,0.6256758838587559
model_agnostic_replication_contextual_behavior-bf0681eacca0e31c-m0,debugging,-1.5,3.5736902000918533
model_agnostic_replication_contextual_behavior-bf0681eacca0e31c-m1,debugging,1.8749999999999998,5.055538019517936
model_agnostic_replication_contextual_behavior-bf36bbd360d6535f-m0,debugging,-2.125,-3.0382353899270784
model_agnostic_replication_contextual_behavior-bf36bbd360d6535f-m1,debugging,-1.25,-1.5563875705009957
model_agnostic_replication_contextual_behavior-c0084d44a28896c1-m0,foraging,-2.125,5.968811066556398
model_agnostic_replication_contextual_behavior-c0084d44a28896c1-m1,foraging,-0.25,6.360293364636263
model_agnostic_replication_contextual_behavior-c01ea1e228c6f42d-m0,debugging,-4.375,-2.3524298872260587
model_agnostic_replication_contextual_behavior-c01ea1e228c6f42d-m1,debugging,-4.0,-0.8705820677999763
model_agnostic_replication_contextual_behavior-c2979408d06f274c-m0,foraging,-3.125,4.950788450293349
model_agnostic_replication_contextual_behavior-c2979408d06f274c-m1,foraging,0.0,5.342270748373212
model_agnostic_replication_contextual_behavior-c4e34a04c5bf6d0d-m0,foraging,-6.25,-3.155704155212308
model_agnostic_replication_contextual_behavior-c4e34a04c5bf6d0d-m1,foraging,-4.375,-2.764221857132444
model_agnostic_replication_contextual_behavior-c509889dc0abb847-m0,foraging,3.25,1.4419562959604788
model_agnostic_replication_contextual_behavior-c509889dc0abb847-m1,foraging,3.75,1.8334385940403422
model_agnostic_replication_contextual_behavior-c537c8e5d34a892f-m0,debugging,7.875,5.207616418417697
model_agnostic_replication_contextual_behavior-c537c8e5d34a892f-m1,debugging,8.625,6.689464237843779
model_agnostic_replication_contextual_behavior-c594d80a695c5284-m0,bandit,-8.125,-12.454680334530261
model_agnostic_replication_contextual_behavior-c594d80a695c5284-m1,bandit,-6.875,-12.451217321667901
model_agnostic_replication_contextual_behavior-c6427efc4c38c895-m0,foraging,-0.37499999999999994,3.9882188651438684
model_agnostic_replication_contextual_behavior-c6427efc4c38c895-m1,foraging,2.0,4.379701163223732
model_agnostic_replication_contextual_behavior-ccc07e77bc0b304f-m0,bandit,-2.75,-2.6157551952543763
model_agnostic_replication_contextual_behavior-ccc07e77bc0b304f-m1,bandit,-4.375,-2.612292182392018
model_agnostic_replication_contextual_behavior-ce8c28bf08b47de6-m0,bandit,-2.5,-0.8845430037177575
model_agnostic_replication_contextual_behavior-ce8c28bf08b47de6-m1,bandit,-1.7499999999999998,-0.8810799908553988
model_agnostic_replication_contextual_behavior-cecf591daa50fe6b-m0,debugging,-6.375,-4.321828555102478
model_agnostic_replication_contextual_behavior-cecf591daa50fe6b-m1,debugging,-5.0,-2.839980735676395
model_agnostic_replication_contextual_behavior-cf7591f432a28996-m0,bandit,-6.875,-3.0892444077222674
model_agnostic_replication_contextual_behavior-cf7591f432a28996-m1,bandit,-6.5,-3.085781394859908
model_agnostic_replication_contextual_behavior-cf938f657aea4217-m0,bandit,6.0,3.0193883869358675
model_agnostic_replication_contextual_behavior-cf938f657aea4217-m1,bandit,7.75,3.0228513997982263
model_agnostic_replication_contextual_behavior-d02465dba04b17df-m0,debugging,-5.5,-5.334750558444284
model_agnostic_replication_contextual_behavior-d02465dba04b17df-m1,debugging,-4.5,-3.8529027390182016
model_agnostic_replication_contextual_behavior-d08e90764fcd7941-m0,debugging,-1.25,0.014745171375522004
model_agnostic_replication_contextual_behavior-d08e90764fcd7941-m1,debugging,1.5000000000000002,1.4965929908016047
model_agnostic_replication_contextual_behavior-d09c29aed88217ad-m0,bandit,-8.5,-4.990055313455911
model_agnostic_replication_contextual_behavior-d09c29aed88217ad-m1,bandit,-7.25,-4.986592300593552
model_agnostic_replication_contextual_behavior-d45cf736e7c26b6b-m0,debugging,-3.5,-3.2510124536115486
model_agnostic_replication_contextual_behavior-d45cf736e7c26b6b-m1,debugging,-3.125,-1.7691646341854659
model_agnostic_replication_contextual_behavior-d582a849cbd5b32f-m0,foraging,-5.5,-2.9253921077019127
model_agnostic_replication_contextual_behavior-d582a849cbd5b32f-m1,foraging,-3.875,-2.53390980962205
model_agnostic_replication_contextual_behavior-d5cd9f28c330783e-m0,bandit,-5.5,0.10274651963347203
model_agnostic_replication_contextual_behavior-d5cd9f28c330783e-m1,bandit,-3.875,0.10620953249583076
model_agnostic_replication_contextual_behavior-d72fe28bac605d80-m0,bandit,-3.75,-0.8462847390071591
model_agnostic_replication_contextual_behavior-d72fe28bac605d80-m1,bandit,-2.25,-0.8428217261447999
model_agnostic_replication_contextual_behavior-d75d97e566ebec90-m0,foraging,-6.875,-3.398363286255906
model_agnostic_replication_contextual_behavior-d75d97e566ebec90-m1,foraging,-4.625,-3.006880988176043
model_agnostic_replication_contextual_behavior-d8f307639915e1f0-m0,foraging,4.375,0.35293747215125326
model_agnostic_replication_contextual_behavior-d8f307639915e1f0-m1,foraging,4.375,0.7444197702311168
model_agnostic_replication_contextual_behavior-d93bb2122a40c06a-m0,bandit,-5.875,-5.326634209248727
model_agnostic_replication_contextual_behavior-d93bb2122a40c06a-m1,bandit,-4.375,-5.323171196386367
model_agnostic_replication_contextual_behavior-d93c312a9d96584c-m0,foraging,-1.625,-2.366156797526865
model_agnostic_replication_contextual_behavior-d93c312a9d96584c-m1,foraging,-2.375,-1.9746744994470025
model_agnostic_replication_contextual_behavior-d9438cf8fff1d0b5-m0,bandit,4.625,5.128669310023591
model_agnostic_replication_contextual_behavior-d9438cf8fff1d0b5-m1,bandit,7.0,5.1321323228859494
model_agnostic_replication_contextual_behavior-d9559e5aa4dc4c81-m0,bandit,10.25,11.35367799192922
model_agnostic_replication_contextual_behavior-d9559e5aa4dc4c81-m1,bandit,10.875,11.357141004791579
model_agnostic_replication_contextual_behavior-db9c634627803d8e-m0,debugging,-6.125,-7.671795422981423
model_agnostic_replication_contextual_behavior-db9c634627803d8e-m1,debugging,-4.75,-6.189947603555339
model_agnostic_replication_contextual_behavior-dcb39551ab53167b-m0,bandit,2.5,-0.4933151589887088
model_agnostic_replication_contextual_behavior-dcb39551ab53167b-m1,bandit,3.75,-0.48985214612634964
model_agnostic_replication_contextual_behavior-dd98cb9d7ee2367c-m0,foraging,-7.625,-7.842822633506348
model_agnostic_replication_contextual_behavior-dd98cb9d7ee2367c-m1,foraging,-5.375,-7.451340335426485
model_agnostic_replication_contextual_behavior-de2bc1e1f578fce5-m0,foraging,-6.25,-4.568473136623232
model_agnostic_replication_contextual_behavior-de2bc1e1f578fce5-m1,foraging,-3.625,-4.176990838543369
model_agnostic_replication_contextual_behavior-dfbb707d1c0809f3-m0,bandit,-2.5,5.149362887204514
model_agnostic_replication_contextual_behavior-dfbb707d1c0809f3-m1,bandit,-1.5,5.152825900066874
model_agnostic_replication_contextual_behavior-e0b02849ca01eedd-m0,bandit,6.125,2.477198052250464
model_agnostic_replication_contextual_behavior-e0b02849ca01eedd-m1,bandit,7.375,2.4806610651128223
model_agnostic_replication_contextual_behavior-e1f394d5137ab593-m0,bandit,3.625,1.7100008770289978
model_agnostic_replication_contextual_behavior-e1f394d5137ab593-m1,bandit,6.375,1.713463889891357
model_agnostic_replication_contextual_behavior-e2766d3560ddb62f-m0,foraging,-6.5,-7.766249409083816
model_agnostic_replication_contextual_behavior-e2766d3560ddb62f-m1,foraging,-4.5,-7.374767111003952
model_agnostic_replication_contextual_behavior-e3fe2399ad9921fc-m0,bandit,-0.7500000000000001,4.018175984421465
model_agnostic_replication_contextual_behavior-e3fe2399ad9921fc-m1,bandit,1.0,4.021638997283824
model_agnostic_replication_contextual_behavior-e4d760395acd9b10-m0,foraging,2.125,0.5097963017622043
model_agnostic_replication_contextual_behavior-e4d760395acd9b10-m1,foraging,1.8749999999999998,0.9012785998420678
model_agnostic_replication_contextual_behavior-e58b15f069847c0d-m0,bandit,-8.75,-7.35879919122102
model_agnostic_replication_contextual_behavior-e58b15f069847c0d-m1,bandit,-6.0,-7.355336178358661
model_agnostic_replication_contextual_behavior-e6cd88e1fb04f123-m0,debugging,-4.875,-8.486065614548737
model_agnostic_replication_contextual_behavior-e6cd88e1fb04f123-m1,debugging,-3.625,-7.004217795122654
model_agnostic_replication_contextual_behavior-e7157a3dffea1983-m0,bandit,-4.5,-1.4311958179032516
model_agnostic_replication_contextual_behavior-e7157a3dffea1983-m1,bandit,-3.375,-1.4277328050408924
model_agnostic_replication_contextual_behavior-e7468f1f07d54582-m0,foraging,-2.625,2.151109082482205
model_agnostic_replication_contextual_behavior-e7468f1f07d54582-m1,foraging,-0.12500000000000006,2.542591380562069
model_agnostic_replication_contextual_behavior-e77b56185629a13b-m0,debugging,2.25,1.9885251131490886
model_agnostic_replication_contextual_behavior-e77b56185629a13b-m1,debugging,6.625,3.470372932575171
model_agnostic_replication_contextual_behavior-e78b6f2777a62818-m0,bandit,-3.25,7.124789047012497
model_agnostic_replication_contextual_behavior-e78b6f2777a62818-m1,bandit,-2.375,7.128252059874855
model_agnostic_replication_contextual_behavior-eaaacc007c8e3f23-m0,bandit,-8.0,-1.1691850485953168
model_agnostic_replication_contextual_behavior-eaaacc007c8e3f23-m1,bandit,-6.5,-1.1657220357329576
model_agnostic_replication_contextual_behavior-eb6f24b20bfb76e6-m0,foraging,3.75,1.398682032833756
model_agnostic_replication_contextual_behavior-eb6f24b20bfb76e6-m1,foraging,4.375,1.7901643309136197
model_agnostic_replication_contextual_behavior-ec2c68ae395dec72-m0,foraging,-0.6249999999999999,-1.2195734892417527
model_agnostic_replication_contextual_behavior-ec2c68ae395dec72-m1,foraging,-2.875,-0.8280911911618898
model_agnostic_replication_contextual_behavior-ece13e3d4b2bb287-m0,bandit,-8.875,-8.41623177152012
model_agnostic_replication_contextual_behavior-ece13e3d4b2bb287-m1,bandit,-6.75,-8.412768758657762
model_agnostic_replication_contextual_behavior-edaec4a83f8436b4-m0,bandit,-9.3125,-10.634179959166506
model_agnostic_replication_contextual_behavior-edaec4a83f8436b4-m1,bandit,-7.375,-10.630716946304146
model_agnostic_replication_contextual_behavior-ee4b2cfb96355bfd-m0,foraging,-0.5,1.4877237858431507
model_agnostic_replication_contextual_behavior-ee4b2cfb96355bfd-m1,foraging,0.8750000000000001,1.8792060839230145
model_agnostic_replication_contextual_behavior-ef00974a41948441-m0,foraging,-1.7499999999999998,0.515505476859506
model_agnostic_replication_contextual_behavior-ef00974a41948441-m1,foraging,2.875,0.9069877749393698
model_agnostic_replication_contextual_behavior-eff6c3617ba0cc48-m0,bandit,-8.875,-7.74282391464532
model_agnostic_replication_contextual_behavior-eff6c3617ba0cc48-m1,bandit,-5.625,-7.739360901782961
model_agnostic_replication_contextual_behavior-f0858a570bb183c1-m0,debugging,-2.25,-0.9089015106573513
model_agnostic_replication_contextual_behavior-f0858a570bb183c1-m1,debugging,-0.8750000000000002,0.572946308768731
model_agnostic_replication_contextual_behavior-f1ca1de8cd449e76-m0,bandit,8.125,9.451386442236767
model_agnostic_replication_contextual_behavior-f1ca1de8cd449e76-m1,bandit,10.125,9.454849455099126
model_agnostic_replication_contextual_behavior-f4e0510fd9a9be2c-m0,debugging,0.7500000000000002,3.790215461570658
model_agnostic_replication_contextual_behavior-f4e0510fd9a9be2c-m1,debugging,4.0,5.272063280996741
model_agnostic_replication_contextual_behavior-f63c99a5c4384a2d-m0,debugging,-4.875,-9.501155559753938
model_agnostic_replication_contextual_behavior-f63c99a5c4384a2d-m1,debugging,-4.75,-8.019307740327855
model_agnostic_replication_contextual_behavior-f789615c6783c65d-m0,foraging,-3.5,2.1679726405997863
model_agnostic_replication_contextual_behavior-f789615c6783c65d-m1,foraging,-1.625,2.5594549386796492
model_agnostic_replication_contextual_behavior-f9d165eb275beeb6-m0,debugging,-7.75,-7.323246257950013
model_agnostic_replication_contextual_behavior-f9d165eb275beeb6-m1,debugging,-6.5,-5.84139843852393
model_agnostic_replication_contextual_behavior-fbf3c9e556af3a38-m0,debugging,5.875,6.275771385661072
model_agnostic_replication_contextual_behavior-fbf3c9e556af3a38-m1,debugging,7.125,7.757619205087154
model_agnostic_replication_contextual_behavior-fd26b8f9ccd00495-m0,bandit,4.0,5.595689023032273
model_agnostic_replication_contextual_behavior-fd26b8f9ccd00495-m1,bandit,6.375,5.599152035894633
model_agnostic_replication_contextual_behavior-fe698cbf58ad7be5-m0,foraging,-3.75,-0.4561014763450457
model_agnostic_replication_contextual_behavior-fe698cbf58ad7be5-m1,foraging,-2.25,-0.06461917826518193
model_agnostic_replication_contextual_behavior-ff5326be867651cb-m0,bandit,-6.375,-0.8631975925168456
model_agnostic_replication_contextual_behavior-ff5326be867651cb-m1,bandit,-5.125,-0.8597345796544864
model_agnostic_replication_contextual_behavior-ffdaa3f8226212bc-m0,foraging,2.375,0.969405304015636
model_agnostic_replication_contextual_behavior-ffdaa3f8226212bc-m1,foraging,2.75,1.3608876020954992
