condition_id,task_family,observed,prediction
model_agnostic_replication_behavior-0050cfc7755baca2-m0,information_sampling,4.875,4.329706224882477
model_agnostic_replication_behavior-0050cfc7755baca2-m1,information_sampling,3.0,2.33273548617056
model_agnostic_replication_behavior-0071e4817624dff4-m0,bandit,-13.625,-12.79865815469466
model_agnostic_replication_behavior-0071e4817624dff4-m1,bandit,-11.1875,-12.7951951418323
model_agnostic_replication_behavior-007509e33e3072d8-m0,foraging,-3.0,-0.2468747357620988
model_agnostic_replication_behavior-007509e33e3072d8-m1,foraging,-0.25,0.1446075623177646
model_agnostic_replication_behavior-00c14c748739b545-m0,information_sampling,1.0,0.7617482845110626
model_agnostic_replication_behavior-00c14c748739b545-m1,information_sampling,-2.25,-1.235222454200855
model_agnostic_replication_behavior-00d42e915c3c3072-m0,debugging,2.625,-0.60538460533345
model_agnostic_replication_behavior-00d42e915c3c3072-m1,debugging,3.375,0.8764632140926327
model_agnostic_replication_behavior-00ec3f53fddddcfc-m0,waiting,-4.25,-0.261556747195149
model_agnostic_replication_behavior-00ec3f53fddddcfc-m1,waiting,-4.75,-0.2725312710955994
model_agnostic_replication_behavior-011fbc6e8510d3c3-m0,effort,-0.7500000000000001,1.8610628738230104
model_agnostic_replication_behavior-011fbc6e8510d3c3-m1,effort,-0.8750000000000002,1.511363409646217
model_agnostic_replication_behavior-01361a5958199d8f-m0,bandit,12.8125,6.121710590411678
model_agnostic_replication_behavior-01361a5958199d8f-m1,bandit,9.125,6.125173603274037
model_agnostic_replication_behavior-015bfbbae88e016e-m0,bandit,5.5,2.714906546948055
model_agnostic_replication_behavior-015bfbbae88e016e-m1,bandit,3.0,2.718369559810414
model_agnostic_replication_behavior-017b6c1a4ed3124e-m0,foraging,-1.25,-1.0881892840827025
model_agnostic_replication_behavior-017b6c1a4ed3124e-m1,foraging,2.0,-0.6967069860028392
model_agnostic_replication_behavior-01862465da34abbd-m0,foraging,7.0,3.5392414807122354
model_agnostic_replication_behavior-01862465da34abbd-m1,foraging,6.875,3.930723778792099
model_agnostic_replication_behavior-019c4ef79f769a5f-m0,foraging,7.375,5.166045209034555
model_agnostic_replication_behavior-019c4ef79f769a5f-m1,foraging,7.875,5.557527507114418
model_agnostic_replication_behavior-025fb5009c8d26ad-m0,solvability,-2.125,-2.6998451109171278
model_agnostic_replication_behavior-025fb5009c8d26ad-m1,solvability,-1.125,-2.5918474870257393
model_agnostic_replication_behavior-0286968f25c9a77b-m0,information_sampling,-0.25,0.4024108455757407
model_agnostic_replication_behavior-0286968f25c9a77b-m1,information_sampling,-3.625,-1.5945598931361769
model_agnostic_replication_behavior-029a867656f57c26-m0,debugging,-0.25,-0.13017572687206547
model_agnostic_replication_behavior-029a867656f57c26-m1,debugging,3.5,1.351672092554017
model_agnostic_replication_behavior-02aa91033d05dec6-m0,bandit,12.3125,11.844315298192164
model_agnostic_replication_behavior-02aa91033d05dec6-m1,bandit,8.375,11.847778311054523
model_agnostic_replication_behavior-02c56a3cd3ae4884-m0,solvability,10.8125,9.923456606749221
model_agnostic_replication_behavior-02c56a3cd3ae4884-m1,solvability,8.6875,10.031454230640609
model_agnostic_replication_behavior-02e2fffae35b62a3-m0,foraging,-0.7500000000000001,-0.2063300787389849
model_agnostic_replication_behavior-02e2fffae35b62a3-m1,foraging,2.375,0.1851522193408789
model_agnostic_replication_behavior-02f73df8b09b2dd0-m0,foraging,-7.25,-5.638726753383386
model_agnostic_replication_behavior-02f73df8b09b2dd0-m1,foraging,-5.0,-5.247244455303521
model_agnostic_replication_behavior-030e8f5e0bb93c3b-m0,information_sampling,4.375,3.813787899222353
model_agnostic_replication_behavior-030e8f5e0bb93c3b-m1,information_sampling,4.375,1.816817160510436
model_agnostic_replication_behavior-031700c7a587c792-m0,solvability,-1.0000000000000002,2.919297392365345
model_agnostic_replication_behavior-031700c7a587c792-m1,solvability,-0.25,3.0272950162567334
model_agnostic_replication_behavior-0323d5cda2c66cc2-m0,debugging,-10.0625,-7.963730651663586
model_agnostic_replication_behavior-0323d5cda2c66cc2-m1,debugging,-7.75,-6.4818828322375035
model_agnostic_replication_behavior-0337f6ebd32ead7a-m0,bandit,-13.5625,-10.687621241126639
model_agnostic_replication_behavior-0337f6ebd32ead7a-m1,bandit,-11.3125,-10.68415822826428
model_agnostic_replication_behavior-033e0f696640ed6d-m0,debugging,-5.875,-5.209638166435281
model_agnostic_replication_behavior-033e0f696640ed6d-m1,debugging,-5.125,-3.7277903470091984
model_agnostic_replication_behavior-03c39f5d62e89d2c-m0,bandit,1.75,-2.4908489136781906
model_agnostic_replication_behavior-03c39f5d62e89d2c-m1,bandit,3.25,-2.487385900815832
model_agnostic_replication_behavior-03dc6c876b2d6e0a-m0,waiting,-0.12500000000000006,-1.0586202513683909
model_agnostic_replication_behavior-03dc6c876b2d6e0a-m1,waiting,-0.6249999999999999,-1.069594775268841
model_agnostic_replication_behavior-03dcef28814e50f3-m0,debugging,8.125,8.15556191488109
model_agnostic_replication_behavior-03dcef28814e50f3-m1,debugging,7.25,9.637409734307173
model_agnostic_replication_behavior-03eaa7cb8f7ad60e-m0,foraging,2.25,0.9743932861660404
model_agnostic_replication_behavior-03eaa7cb8f7ad60e-m1,foraging,3.75,1.3658755842459036
model_agnostic_replication_behavior-04585da69985ea91-m0,debugging,0.8750000000000001,3.295798235937608
model_agnostic_replication_behavior-04585da69985ea91-m1,debugging,-0.203125,4.777646055363691
model_agnostic_replication_behavior-04656918b8484ba4-m0,foraging,8.25,5.9450844786106245
model_agnostic_replication_behavior-04656918b8484ba4-m1,foraging,5.375,6.336566776690487
model_agnostic_replication_behavior-0485677a759124ae-m0,information_sampling,-0.37499999999999994,0.2112978945460915
model_agnostic_replication_behavior-0485677a759124ae-m1,information_sampling,-3.25,-1.785672844165826
model_agnostic_replication_behavior-048fdf3fcd83c15c-m0,debugging,1.5000000000000002,-0.36924788922882534
model_agnostic_replication_behavior-048fdf3fcd83c15c-m1,debugging,4.5,1.1125999301972573
model_agnostic_replication_behavior-04f53d33a27828fc-m0,waiting,6.5,5.79940468733774
model_agnostic_replication_behavior-04f53d33a27828fc-m1,waiting,6.75,5.788430163437289
model_agnostic_replication_behavior-052503d9084f8135-m0,information_sampling,-2.75,0.02790009868811616
model_agnostic_replication_behavior-052503d9084f8135-m1,information_sampling,-5.75,-1.9690706400238014
model_agnostic_replication_behavior-054058bf9bb26fb9-m0,effort,2.75,0.15000724058837034
model_agnostic_replication_behavior-054058bf9bb26fb9-m1,effort,2.25,-0.19969222358842265
model_agnostic_replication_behavior-056872f0a134fa57-m0,foraging,-4.25,-5.848557894676763
model_agnostic_replication_behavior-056872f0a134fa57-m1,foraging,-4.125,-5.4570755965969
model_agnostic_replication_behavior-059852d8cf8165fc-m0,information_sampling,-1.125,-1.54801644945926
model_agnostic_replication_behavior-059852d8cf8165fc-m1,information_sampling,-3.375,-3.544987188171178
model_agnostic_replication_behavior-059c4085dceb27a9-m0,bandit,-5.625,0.5682476140139476
model_agnostic_replication_behavior-059c4085dceb27a9-m1,bandit,-4.75,0.5717106268763068
model_agnostic_replication_behavior-05dff844d310d05c-m0,waiting,5.625,1.5589515397172686
model_agnostic_replication_behavior-05dff844d310d05c-m1,waiting,3.875,1.5479770158168185
model_agnostic_replication_behavior-0602f7acc92204c6-m0,bandit,-3.0,-2.637780387290561
model_agnostic_replication_behavior-0602f7acc92204c6-m1,bandit,-6.125,-2.634317374428202
model_agnostic_replication_behavior-062b738b3ab476aa-m0,foraging,-4.75,-6.3663106938791785
model_agnostic_replication_behavior-062b738b3ab476aa-m1,foraging,-4.125,-5.974828395799316
model_agnostic_replication_behavior-06690661f553d63f-m0,information_sampling,-0.12500000000000006,0.19049817924941692
model_agnostic_replication_behavior-06690661f553d63f-m1,information_sampling,-3.875,-1.8064725594624989
model_agnostic_replication_behavior-068ed2c8a2b40816-m0,waiting,12.8125,11.24329721003248
model_agnostic_replication_behavior-068ed2c8a2b40816-m1,waiting,13.0,11.23232268613203
model_agnostic_replication_behavior-06b9d7481d7635de-m0,solvability,9.8125,5.287587251963935
model_agnostic_replication_behavior-06b9d7481d7635de-m1,solvability,8.625,5.395584875855324
model_agnostic_replication_behavior-06d955a0c84e3719-m0,foraging,-4.25,-1.2698181475399246
model_agnostic_replication_behavior-06d955a0c84e3719-m1,foraging,-1.7499999999999998,-0.8783358494600613
model_agnostic_replication_behavior-06e272f7b6f04c46-m0,waiting,3.5,3.5692972965031036
model_agnostic_replication_behavior-06e272f7b6f04c46-m1,waiting,4.75,3.5583227726026534
model_agnostic_replication_behavior-06ea07c8e930fc7e-m0,bandit,-8.0,-7.42284539493189
model_agnostic_replication_behavior-06ea07c8e930fc7e-m1,bandit,-7.5,-7.419382382069531
model_agnostic_replication_behavior-06ecdb5710860469-m0,waiting,1.75,1.914581911886438
model_agnostic_replication_behavior-06ecdb5710860469-m1,waiting,2.0,1.9036073879859878
model_agnostic_replication_behavior-06f696107af30257-m0,bandit,-2.125,-1.6284139700611737
model_agnostic_replication_behavior-06f696107af30257-m1,bandit,-0.6249999999999999,-1.6249509571988148
model_agnostic_replication_behavior-072cde5a1a17fbb9-m0,waiting,-0.8750000000000002,-0.16937108938010403
model_agnostic_replication_behavior-072cde5a1a17fbb9-m1,waiting,-0.5,-0.1803456132805542
model_agnostic_replication_behavior-074a1a46115cf27c-m0,information_sampling,2.25,2.812474602034661
model_agnostic_replication_behavior-074a1a46115cf27c-m1,information_sampling,-0.6249999999999999,0.8155038633227436
model_agnostic_replication_behavior-07626394b7de8fb6-m0,debugging,-5.875,-5.522404574089367
model_agnostic_replication_behavior-07626394b7de8fb6-m1,debugging,-4.125,-4.040556754663285
model_agnostic_replication_behavior-0763957148b0f985-m0,waiting,7.5,4.129459475372471
model_agnostic_replication_behavior-0763957148b0f985-m1,waiting,6.75,4.118484951472021
model_agnostic_replication_behavior-079471429f6d1052-m0,bandit,14.3125,9.477061628272038
model_agnostic_replication_behavior-079471429f6d1052-m1,bandit,12.5625,9.480524641134396
model_agnostic_replication_behavior-07a252f3b1c5ad23-m0,waiting,5.625,5.773595680448448
model_agnostic_replication_behavior-07a252f3b1c5ad23-m1,waiting,5.75,5.762621156547998
model_agnostic_replication_behavior-07ccd61babdf8856-m0,solvability,-7.5,-7.3979103802253965
model_agnostic_replication_behavior-07ccd61babdf8856-m1,solvability,-6.375,-7.289912756334007
model_agnostic_replication_behavior-07d5ffc8a5992390-m0,waiting,10.25,7.460454247509844
model_agnostic_replication_behavior-07d5ffc8a5992390-m1,waiting,10.0,7.449479723609395
model_agnostic_replication_behavior-08405b542766690e-m0,waiting,5.375,3.0886609076796594
model_agnostic_replication_behavior-08405b542766690e-m1,waiting,5.25,3.0776863837792092
model_agnostic_replication_behavior-087e7c205111c305-m0,solvability,8.25,3.2567711791587364
model_agnostic_replication_behavior-087e7c205111c305-m1,solvability,7.5,3.364768803050125
model_agnostic_replication_behavior-088c0e7096097b55-m0,foraging,5.125,0.2893814112750268
model_agnostic_replication_behavior-088c0e7096097b55-m1,foraging,3.625,0.6808637093548903
model_agnostic_replication_behavior-08b1036ea587d97f-m0,bandit,6.875,0.505921966030304
model_agnostic_replication_behavior-08b1036ea587d97f-m1,bandit,7.5,0.5093849788926632
model_agnostic_replication_behavior-08cacdc084421d32-m0,information_sampling,4.5,4.40583348534741
model_agnostic_replication_behavior-08cacdc084421d32-m1,information_sampling,2.25,2.408862746635492
model_agnostic_replication_behavior-08ee6ec98acc7452-m0,bandit,-8.5,-6.303706650732468
model_agnostic_replication_behavior-08ee6ec98acc7452-m1,bandit,-7.25,-6.300243637870109
model_agnostic_replication_behavior-08f1ca140501fdad-m0,debugging,3.125,-0.012682197906347614
model_agnostic_replication_behavior-08f1ca140501fdad-m1,debugging,2.75,1.469165621519735
model_agnostic_replication_behavior-094d12e781ed2e0f-m0,foraging,0.5,-1.4619253759902222
model_agnostic_replication_behavior-094d12e781ed2e0f-m1,foraging,0.7500000000000002,-1.0704430779103589
model_agnostic_replication_behavior-094d1f2707fea04f-m0,information_sampling,4.375,3.713465276368028
model_agnostic_replication_behavior-094d1f2707fea04f-m1,information_sampling,3.25,1.7164945376561105
model_agnostic_replication_behavior-0951602759c738d1-m0,solvability,7.0,1.7319662969474576
model_agnostic_replication_behavior-0951602759c738d1-m1,solvability,5.875,1.839963920838846
model_agnostic_replication_behavior-0987b9345baa3c3c-m0,solvability,-6.25,-8.763628817618114
model_agnostic_replication_behavior-0987b9345baa3c3c-m1,solvability,-5.875,-8.655631193726725
model_agnostic_replication_behavior-09960a3772844636-m0,effort,-5.625,-6.7096973773201585
model_agnostic_replication_behavior-09960a3772844636-m1,effort,-5.375,-7.059396841496952
model_agnostic_replication_behavior-099a576227c847ab-m0,waiting,-3.5,-3.2387527842035784
model_agnostic_replication_behavior-099a576227c847ab-m1,waiting,-4.0,-3.2497273081040285
model_agnostic_replication_behavior-09cf03d0d232fa14-m0,debugging,-7.125,-5.589435201063309
model_agnostic_replication_behavior-09cf03d0d232fa14-m1,debugging,-5.125,-4.107587381637227
model_agnostic_replication_behavior-0a0c409a718ec477-m0,waiting,8.375,8.299528599049328
model_agnostic_replication_behavior-0a0c409a718ec477-m1,waiting,8.625,8.288554075148877
model_agnostic_replication_behavior-0a80b7298971085d-m0,information_sampling,-2.375,-0.03961867496661586
model_agnostic_replication_behavior-0a80b7298971085d-m1,information_sampling,-3.625,-2.0365894136785325
model_agnostic_replication_behavior-0a9fd2d815015066-m0,foraging,-2.25,-1.462961208219638
model_agnostic_replication_behavior-0a9fd2d815015066-m1,foraging,-2.25,-1.0714789101397746
model_agnostic_replication_behavior-0ac3432b25a9459b-m0,waiting,-6.25,-5.656645858232264
model_agnostic_replication_behavior-0ac3432b25a9459b-m1,waiting,-6.75,-5.667620382132715
model_agnostic_replication_behavior-0ae2856ad79f960c-m0,foraging,-8.125,-5.145295950518844
model_agnostic_replication_behavior-0ae2856ad79f960c-m1,foraging,-6.625,-4.75381365243898
model_agnostic_replication_behavior-0b0f1bdffc1ebf50-m0,solvability,8.875,3.3625478465777876
model_agnostic_replication_behavior-0b0f1bdffc1ebf50-m1,solvability,7.625,3.470545470469176
model_agnostic_replication_behavior-0b3156e884d7f638-m0,waiting,-0.37499999999999994,-2.2622558705826448
model_agnostic_replication_behavior-0b3156e884d7f638-m1,waiting,-0.6249999999999999,-2.273230394483095
model_agnostic_replication_behavior-0b478ebbbe661010-m0,solvability,-6.625,-7.253574710468931
model_agnostic_replication_behavior-0b478ebbbe661010-m1,solvability,-5.75,-7.145577086577544
model_agnostic_replication_behavior-0b4ce0680f5ae1c8-m0,bandit,-9.0625,-7.282794517930749
model_agnostic_replication_behavior-0b4ce0680f5ae1c8-m1,bandit,-9.75,-7.27933150506839
model_agnostic_replication_behavior-0bae14c84e354aea-m0,waiting,1.0,-1.2167016997567692
model_agnostic_replication_behavior-0bae14c84e354aea-m1,waiting,1.0,-1.2276762236572196
model_agnostic_replication_behavior-0c57fd67cf191001-m0,solvability,10.5625,7.512607668163201
model_agnostic_replication_behavior-0c57fd67cf191001-m1,solvability,9.875,7.620605292054591
model_agnostic_replication_behavior-0c74ad677faf5ae3-m0,solvability,8.3125,5.5072548974885445
model_agnostic_replication_behavior-0c74ad677faf5ae3-m1,solvability,7.875,5.615252521379933
model_agnostic_replication_behavior-0cf2076cba3fb7e2-m0,information_sampling,1.8749999999999998,2.9091867760913344
model_agnostic_replication_behavior-0cf2076cba3fb7e2-m1,information_sampling,-0.37499999999999994,0.9122160373794173
model_agnostic_replication_behavior-0d034bfd64b78c09-m0,waiting,7.875,7.676926933188065
model_agnostic_replication_behavior-0d034bfd64b78c09-m1,waiting,7.75,7.665952409287614
model_agnostic_replication_behavior-0d38472e7e58da22-m0,foraging,-1.875,-3.617420937193079
model_agnostic_replication_behavior-0d38472e7e58da22-m1,foraging,-2.5,-3.2259386391132154
model_agnostic_replication_behavior-0d71f4fbafe773ce-m0,bandit,-8.0,-5.21187953155893
model_agnostic_replication_behavior-0d71f4fbafe773ce-m1,bandit,-9.625,-5.208416518696571
model_agnostic_replication_behavior-0dc1173498b5f248-m0,solvability,8.5,4.388907568965692
model_agnostic_replication_behavior-0dc1173498b5f248-m1,solvability,7.125,4.4969051928570805
model_agnostic_replication_behavior-0dc13aed263aad6e-m0,debugging,-0.37499999999999994,-1.748781215120395
model_agnostic_replication_behavior-0dc13aed263aad6e-m1,debugging,0.24999999999999992,-0.2669333956943122
model_agnostic_replication_behavior-0de1efe3650167be-m0,bandit,8.375,2.648041052642235
model_agnostic_replication_behavior-0de1efe3650167be-m1,bandit,6.875,2.6515040655045934
model_agnostic_replication_behavior-0e0a27ca3a061ff4-m0,waiting,7.375,8.257835724723025
model_agnostic_replication_behavior-0e0a27ca3a061ff4-m1,waiting,7.0,8.246861200822574
model_agnostic_replication_behavior-0e0c312ca2dd6a24-m0,solvability,4.25,0.7802029552145853
model_agnostic_replication_behavior-0e0c312ca2dd6a24-m1,solvability,1.8749999999999998,0.8882005791059738
model_agnostic_replication_behavior-0e1b6ebe07b5ec4e-m0,bandit,11.375,6.196666521043486
model_agnostic_replication_behavior-0e1b6ebe07b5ec4e-m1,bandit,10.375,6.200129533905845
model_agnostic_replication_behavior-0e3c5924a905d9ec-m0,effort,-5.875,-3.1325858705344514
model_agnostic_replication_behavior-0e3c5924a905d9ec-m1,effort,-5.25,-3.4822853347112446
model_agnostic_replication_behavior-0e69fc60a12b9c31-m0,effort,-4.0,-2.8219039142243294
model_agnostic_replication_behavior-0e69fc60a12b9c31-m1,effort,-3.5,-3.171603378401123
model_agnostic_replication_behavior-0eb8124104774511-m0,bandit,-6.375,-5.5804837243206595
model_agnostic_replication_behavior-0eb8124104774511-m1,bandit,-4.75,-5.5770207114583
model_agnostic_replication_behavior-0ef260a7b9dee6db-m0,bandit,11.5625,5.655189983638952
model_agnostic_replication_behavior-0ef260a7b9dee6db-m1,bandit,9.625,5.658652996501311
model_agnostic_replication_behavior-0f4056662f77dde7-m0,solvability,0.24999999999999992,11.483204218519754
model_agnostic_replication_behavior-0f4056662f77dde7-m1,solvability,2.5234375,11.591201842411143
model_agnostic_replication_behavior-0fd4913ccc94d32d-m0,effort,-2.25,-0.21777214749165041
model_agnostic_replication_behavior-0fd4913ccc94d32d-m1,effort,-3.125,-0.5674716116684437
model_agnostic_replication_behavior-0ff52b10f0aacabc-m0,information_sampling,-0.37499999999999994,1.362727630039916
model_agnostic_replication_behavior-0ff52b10f0aacabc-m1,information_sampling,-1.625,-0.6342431086720013
model_agnostic_replication_behavior-100bf82681bf3cb4-m0,debugging,-5.625,-6.28533828280862
model_agnostic_replication_behavior-100bf82681bf3cb4-m1,debugging,-3.625,-4.803490463382538
model_agnostic_replication_behavior-1075d6808005ad16-m0,effort,-3.75,-4.701419929295924
model_agnostic_replication_behavior-1075d6808005ad16-m1,effort,-3.75,-5.051119393472717
model_agnostic_replication_behavior-10894231d9c32028-m0,bandit,6.875,1.5820034069041367
model_agnostic_replication_behavior-10894231d9c32028-m1,bandit,6.625,1.5854664197664956
model_agnostic_replication_behavior-10a4039044d9a058-m0,foraging,-4.25,-3.069330306342073
model_agnostic_replication_behavior-10a4039044d9a058-m1,foraging,-4.75,-2.677848008262209
model_agnostic_replication_behavior-10c008101b38f686-m0,effort,-0.7500000000000001,-1.4671155951218124
model_agnostic_replication_behavior-10c008101b38f686-m1,effort,-1.375,-1.8168150592986057
model_agnostic_replication_behavior-10c60f6e98c359a5-m0,waiting,4.125,1.6962509793177234
model_agnostic_replication_behavior-10c60f6e98c359a5-m1,waiting,5.125,1.6852764554172728
model_agnostic_replication_behavior-10caa96ee184bb61-m0,waiting,-3.625,-3.0796705489741667
model_agnostic_replication_behavior-10caa96ee184bb61-m1,waiting,-5.125,-3.090645072874617
model_agnostic_replication_behavior-11217f8111fb34ae-m0,information_sampling,5.125,4.532854772350165
model_agnostic_replication_behavior-11217f8111fb34ae-m1,information_sampling,2.375,2.535884033638248
model_agnostic_replication_behavior-114a0a17408ce26f-m0,solvability,-5.875,-6.5958450789003935
model_agnostic_replication_behavior-114a0a17408ce26f-m1,solvability,-5.125,-6.487847455009005
model_agnostic_replication_behavior-11503254de9574ef-m0,information_sampling,0.625,-0.22257681947015806
model_agnostic_replication_behavior-11503254de9574ef-m1,information_sampling,-2.375,-2.219547558182076
model_agnostic_replication_behavior-117699da7b075021-m0,effort,5.375,1.2266035667562076
model_agnostic_replication_behavior-117699da7b075021-m1,effort,4.375,0.8769041025794144
model_agnostic_replication_behavior-1196ebb5edb1419b-m0,effort,8.625,8.691332440186544
model_agnostic_replication_behavior-1196ebb5edb1419b-m1,effort,6.25,8.34163297600975
model_agnostic_replication_behavior-11c8fab992fd3bfb-m0,debugging,-7.25,-6.711341823549196
model_agnostic_replication_behavior-11c8fab992fd3bfb-m1,debugging,-5.875,-5.229494004123113
model_agnostic_replication_behavior-11d283044a41ce52-m0,effort,-5.625,-5.99816301505991
model_agnostic_replication_behavior-11d283044a41ce52-m1,effort,-5.75,-6.347862479236703
model_agnostic_replication_behavior-11fa9eef50102843-m0,solvability,-13.25,-11.781277422204356
model_agnostic_replication_behavior-11fa9eef50102843-m1,solvability,-11.1875,-11.673279798312967
model_agnostic_replication_behavior-120b39b17444e343-m0,effort,-7.0,-4.399366997737647
model_agnostic_replication_behavior-120b39b17444e343-m1,effort,-6.0,-4.74906646191444
model_agnostic_replication_behavior-121eec5254aa83c9-m0,foraging,-5.5,-3.706778724873995
model_agnostic_replication_behavior-121eec5254aa83c9-m1,foraging,-5.375,-3.3152964267941316
model_agnostic_replication_behavior-122c74b0503d8133-m0,effort,-3.875,-3.843458846466216
model_agnostic_replication_behavior-122c74b0503d8133-m1,effort,-3.875,-4.193158310643009
model_agnostic_replication_behavior-1231ae746de2ab09-m0,waiting,3.75,1.5780671615627822
model_agnostic_replication_behavior-1231ae746de2ab09-m1,waiting,5.125,1.567092637662332
model_agnostic_replication_behavior-1244cd698473756e-m0,solvability,-5.0,0.7486574116614861
model_agnostic_replication_behavior-1244cd698473756e-m1,solvability,-5.625,0.8566550355528748
model_agnostic_replication_behavior-124b2ed73a78d4ee-m0,waiting,-1.875,-0.8220999201075245
model_agnostic_replication_behavior-124b2ed73a78d4ee-m1,waiting,-4.375,-0.8330744440079747
model_agnostic_replication_behavior-12623c3df9a5d3d9-m0,effort,-4.875,-5.005207765320624
model_agnostic_replication_behavior-12623c3df9a5d3d9-m1,effort,-4.625,-5.354907229497417
model_agnostic_replication_behavior-12840b535a74c58d-m0,effort,8.0,6.738672311636259
model_agnostic_replication_behavior-12840b535a74c58d-m1,effort,6.875,6.388972847459466
model_agnostic_replication_behavior-12d20b6fec07b4d0-m0,solvability,9.0,6.599168799598247
model_agnostic_replication_behavior-12d20b6fec07b4d0-m1,solvability,7.75,6.707166423489634
model_agnostic_replication_behavior-1315088b2464bc0a-m0,solvability,3.375,2.339144345250772
model_agnostic_replication_behavior-1315088b2464bc0a-m1,solvability,1.75,2.4471419691421605
model_agnostic_replication_behavior-1356b1784a0d43c3-m0,bandit,-5.75,-4.574608571703921
model_agnostic_replication_behavior-1356b1784a0d43c3-m1,bandit,-7.125,-4.571145558841561
model_agnostic_replication_behavior-13963679df0c4254-m0,effort,-4.625,-0.43566582305698875
model_agnostic_replication_behavior-13963679df0c4254-m1,effort,-4.375,-0.785365287233782
model_agnostic_replication_behavior-13bd58c211a6ad8f-m0,debugging,2.125,0.6475013362317402
model_agnostic_replication_behavior-13bd58c211a6ad8f-m1,debugging,3.5,2.1293491556578226
model_agnostic_replication_behavior-13bff8f274963dc8-m0,waiting,5.125,4.7572815909362305
model_agnostic_replication_behavior-13bff8f274963dc8-m1,waiting,5.5,4.74630706703578
model_agnostic_replication_behavior-13c8c3d6275057e5-m0,bandit,-7.875,-4.819747643852677
model_agnostic_replication_behavior-13c8c3d6275057e5-m1,bandit,-9.375,-4.816284630990319
model_agnostic_replication_behavior-13dcd6634925821e-m0,foraging,-11.125,-5.592692457393667
model_agnostic_replication_behavior-13dcd6634925821e-m1,foraging,-8.625,-5.2012101593138045
model_agnostic_replication_behavior-13f8c14a1ddd6e3b-m0,information_sampling,5.625,6.34309392514281
model_agnostic_replication_behavior-13f8c14a1ddd6e3b-m1,information_sampling,4.875,4.3461231864308925
model_agnostic_replication_behavior-1464dad6b232a396-m0,bandit,8.75,2.9525018507492695
model_agnostic_replication_behavior-1464dad6b232a396-m1,bandit,8.875,2.9559648636116287
model_agnostic_replication_behavior-147b87d2cb9fcae9-m0,foraging,7.875,4.794488032820924
model_agnostic_replication_behavior-147b87d2cb9fcae9-m1,foraging,6.25,5.185970330900787
model_agnostic_replication_behavior-149c53f564134a1a-m0,information_sampling,5.125,5.384359257249615
model_agnostic_replication_behavior-149c53f564134a1a-m1,information_sampling,3.75,3.3873885185376977
model_agnostic_replication_behavior-14c5507f170f7bb6-m0,foraging,-1.375,0.27530072445488696
model_agnostic_replication_behavior-14c5507f170f7bb6-m1,foraging,0.24999999999999992,0.6667830225347503
model_agnostic_replication_behavior-14e4552aa7aab6ac-m0,effort,6.375,6.721365519291952
model_agnostic_replication_behavior-14e4552aa7aab6ac-m1,effort,4.5,6.371666055115159
model_agnostic_replication_behavior-14ea1ac3724140ab-m0,foraging,-1.375,-1.3290672931454734
model_agnostic_replication_behavior-14ea1ac3724140ab-m1,foraging,-0.7500000000000001,-0.9375849950656095
model_agnostic_replication_behavior-14eb198e931af131-m0,foraging,-4.875,-6.287097841545922
model_agnostic_replication_behavior-14eb198e931af131-m1,foraging,-4.0,-5.895615543466059
model_agnostic_replication_behavior-14eb72851d740086-m0,information_sampling,0.7500000000000002,0.3621760589178308
model_agnostic_replication_behavior-14eb72851d740086-m1,information_sampling,-0.6249999999999999,-1.6347946797940867
model_agnostic_replication_behavior-150c2afcd11dd9db-m0,foraging,-7.0,-3.309167524445535
model_agnostic_replication_behavior-150c2afcd11dd9db-m1,foraging,-5.875,-2.917685226365672
model_agnostic_replication_behavior-151ff4f6e453aa29-m0,debugging,-6.75,-2.5614815234383945
model_agnostic_replication_behavior-151ff4f6e453aa29-m1,debugging,-5.125,-1.079633704012312
model_agnostic_replication_behavior-153f6843c649512f-m0,foraging,-4.75,-6.216070773783482
model_agnostic_replication_behavior-153f6843c649512f-m1,foraging,0.0,-5.824588475703618
model_agnostic_replication_behavior-15586adf66bb1a30-m0,foraging,-7.0,-4.2176386812963065
model_agnostic_replication_behavior-15586adf66bb1a30-m1,foraging,-7.25,-3.8261563832164436
model_agnostic_replication_behavior-159675032395db54-m0,waiting,1.625,-0.7656645287116897
model_agnostic_replication_behavior-159675032395db54-m1,waiting,1.125,-0.7766390526121398
model_agnostic_replication_behavior-15a7e78dc1275515-m0,solvability,6.875,7.272615026160437
model_agnostic_replication_behavior-15a7e78dc1275515-m1,solvability,6.875,7.380612650051826
model_agnostic_replication_behavior-15b3fcd5f915f158-m0,debugging,-8.4375,-8.935520215862363
model_agnostic_replication_behavior-15b3fcd5f915f158-m1,debugging,-7.5,-7.453672396436281
model_agnostic_replication_behavior-15bc9bb5b3d2d805-m0,foraging,-7.0,-6.524123543100372
model_agnostic_replication_behavior-15bc9bb5b3d2d805-m1,foraging,-6.0,-6.132641245020509
model_agnostic_replication_behavior-15db9ba7c8b28363-m0,waiting,3.75,4.416671743782416
model_agnostic_replication_behavior-15db9ba7c8b28363-m1,waiting,4.375,4.405697219881965
model_agnostic_replication_behavior-15ee8f4cf39cf018-m0,effort,-5.625,-3.634696558522803
model_agnostic_replication_behavior-15ee8f4cf39cf018-m1,effort,-5.25,-3.9843960226995963
model_agnostic_replication_behavior-15f6aedd3bd4eace-m0,effort,-6.125,-4.860345473221794
model_agnostic_replication_behavior-15f6aedd3bd4eace-m1,effort,-5.125,-5.210044937398587
model_agnostic_replication_behavior-15fbb074b2f4abda-m0,waiting,2.0,2.0092196713292516
model_agnostic_replication_behavior-15fbb074b2f4abda-m1,waiting,0.8750000000000001,1.9982451474288014
model_agnostic_replication_behavior-160021f7c560d795-m0,debugging,1.25,0.03867747052064363
model_agnostic_replication_behavior-160021f7c560d795-m1,debugging,3.125,1.5205252899467263
model_agnostic_replication_behavior-16106a4eef772409-m0,waiting,2.5,4.174480531864907
model_agnostic_replication_behavior-16106a4eef772409-m1,waiting,5.0,4.163506007964457
model_agnostic_replication_behavior-1641727d9252d994-m0,foraging,-6.875,-6.664907526670604
model_agnostic_replication_behavior-1641727d9252d994-m1,foraging,-6.0,-6.2734252285907415
model_agnostic_replication_behavior-1649848ed48a5223-m0,foraging,8.875,5.69720319206682
model_agnostic_replication_behavior-1649848ed48a5223-m1,foraging,7.25,6.088685490146683
model_agnostic_replication_behavior-1655839b73270fa0-m0,solvability,-8.5,-7.512796219887375
model_agnostic_replication_behavior-1655839b73270fa0-m1,solvability,-5.875,-7.404798595995986
model_agnostic_replication_behavior-16fba24bc1a53cd3-m0,effort,1.0,-0.2631904617243668
model_agnostic_replication_behavior-16fba24bc1a53cd3-m1,effort,2.0,-0.6128899259011598
model_agnostic_replication_behavior-16fc2f44eb9d0e07-m0,debugging,-4.375,-2.1817061471464045
model_agnostic_replication_behavior-16fc2f44eb9d0e07-m1,debugging,-0.5,-0.6998583277203223
model_agnostic_replication_behavior-17444bc2ccc2d6ac-m0,information_sampling,-1.875,-1.6060877408160632
model_agnostic_replication_behavior-17444bc2ccc2d6ac-m1,information_sampling,-3.75,-3.60305847952798
model_agnostic_replication_behavior-174541495df7879c-m0,foraging,-2.75,-2.965620960009253
model_agnostic_replication_behavior-174541495df7879c-m1,foraging,-2.125,-2.5741386619293896
model_agnostic_replication_behavior-176c4eb47fb9df78-m0,bandit,-4.0,-2.561651191022053
model_agnostic_replication_behavior-176c4eb47fb9df78-m1,bandit,-2.25,-2.5581881781596945
model_agnostic_replication_behavior-17848d5aed4042cc-m0,foraging,-3.375,-2.9289735585069936
model_agnostic_replication_behavior-17848d5aed4042cc-m1,foraging,0.7500000000000002,-2.53749126042713
model_agnostic_replication_behavior-178dfa4c882e1bd7-m0,information_sampling,4.375,2.4433988885618825
model_agnostic_replication_behavior-178dfa4c882e1bd7-m1,information_sampling,3.25,0.4464281498499658
model_agnostic_replication_behavior-1827dac5786a8321-m0,information_sampling,3.5,1.3534208583254
model_agnostic_replication_behavior-1827dac5786a8321-m1,information_sampling,0.125,-0.6435498803865172
model_agnostic_replication_behavior-18762ee26a1e6157-m0,information_sampling,-4.125,-1.2562369782144382
model_agnostic_replication_behavior-18762ee26a1e6157-m1,information_sampling,-6.125,-3.253207716926356
model_agnostic_replication_behavior-189946aa60798f9e-m0,effort,2.25,-0.5090782717854925
model_agnostic_replication_behavior-189946aa60798f9e-m1,effort,2.625,-0.8587777359622857
model_agnostic_replication_behavior-18a23114fa6ad47a-m0,bandit,-7.625,-5.634547786040676
model_agnostic_replication_behavior-18a23114fa6ad47a-m1,bandit,-7.5,-5.631084773178317
model_agnostic_replication_behavior-18c026b1ee13b55a-m0,waiting,2.75,0.31536693586950654
model_agnostic_replication_behavior-18c026b1ee13b55a-m1,waiting,3.0,0.30439241196905625
model_agnostic_replication_behavior-18d005c34de11231-m0,debugging,-7.0,-7.874192685478646
model_agnostic_replication_behavior-18d005c34de11231-m1,debugging,-6.25,-6.3923448660525635
model_agnostic_replication_behavior-18e0a1d50757454d-m0,effort,-4.0,-5.539003538810688
model_agnostic_replication_behavior-18e0a1d50757454d-m1,effort,-4.75,-5.888703002987481
model_agnostic_replication_behavior-19027c25d45f801b-m0,foraging,-5.625,-6.706810423705453
model_agnostic_replication_behavior-19027c25d45f801b-m1,foraging,-4.875,-6.315328125625588
model_agnostic_replication_behavior-1905010b5aea7c55-m0,waiting,-2.625,-1.7903957193807383
model_agnostic_replication_behavior-1905010b5aea7c55-m1,waiting,-1.5,-1.8013702432811884
model_agnostic_replication_behavior-196a5bf0f0a9fc18-m0,debugging,0.0,2.9483964314596722
model_agnostic_replication_behavior-196a5bf0f0a9fc18-m1,debugging,3.375,4.430244250885755
model_agnostic_replication_behavior-197698cf6e2f0b52-m0,solvability,-7.875,-6.697396593270236
model_agnostic_replication_behavior-197698cf6e2f0b52-m1,solvability,-7.125,-6.5893989693788475
model_agnostic_replication_behavior-199ffc3578095b0f-m0,debugging,-3.125,-1.560544352684007
model_agnostic_replication_behavior-199ffc3578095b0f-m1,debugging,-3.125,-0.07869653325792436
model_agnostic_replication_behavior-19b0fde0ec24f796-m0,solvability,7.625,2.3469731037479944
model_agnostic_replication_behavior-19b0fde0ec24f796-m1,solvability,6.875,2.454970727639383
model_agnostic_replication_behavior-19f6bfefcdd57284-m0,foraging,-3.625,-1.0613698121746447
model_agnostic_replication_behavior-19f6bfefcdd57284-m1,foraging,-4.0,-0.6698875140947812
model_agnostic_replication_behavior-1a07a1404fb72f5a-m0,bandit,0.125,-6.804973040258615
model_agnostic_replication_behavior-1a07a1404fb72f5a-m1,bandit,-0.36718749999999994,-6.801510027396255
model_agnostic_replication_behavior-1a4c3ca2f74827b3-m0,debugging,3.0,-0.966921889853586
model_agnostic_replication_behavior-1a4c3ca2f74827b3-m1,debugging,4.625,0.5149259295724967
model_agnostic_replication_behavior-1a5e1084ff750610-m0,information_sampling,4.875,4.354651938914006
model_agnostic_replication_behavior-1a5e1084ff750610-m1,information_sampling,3.0,2.357681200202088
model_agnostic_replication_behavior-1aae20b30857e147-m0,effort,6.5,5.374873025339309
model_agnostic_replication_behavior-1aae20b30857e147-m1,effort,4.125,5.025173561162516
model_agnostic_replication_behavior-1acd56a0fe40e4aa-m0,effort,-5.625,-5.588575960673902
model_agnostic_replication_behavior-1acd56a0fe40e4aa-m1,effort,-5.0,-5.938275424850695
model_agnostic_replication_behavior-1ad6a9cd608df066-m0,debugging,3.875,0.3889879789522531
model_agnostic_replication_behavior-1ad6a9cd608df066-m1,debugging,6.125,1.8708357983783361
model_agnostic_replication_behavior-1b081458a02515be-m0,solvability,-4.125,-3.9888522363500076
model_agnostic_replication_behavior-1b081458a02515be-m1,solvability,-4.5,-3.8808546124586183
model_agnostic_replication_behavior-1b32582cd087cd77-m0,debugging,-9.1875,-5.408742859016997
model_agnostic_replication_behavior-1b32582cd087cd77-m1,debugging,-5.75,-3.926895039590914
model_agnostic_replication_behavior-1bac638296bff45c-m0,solvability,-5.0,-0.6043483987221163
model_agnostic_replication_behavior-1bac638296bff45c-m1,solvability,-5.0,-0.49635077483072787
model_agnostic_replication_behavior-1bb5b6523bf3343c-m0,foraging,-8.625,-11.450963738201247
model_agnostic_replication_behavior-1bb5b6523bf3343c-m1,foraging,-6.875,-11.059481440121383
model_agnostic_replication_behavior-1bcaa2b09bb0aa9d-m0,effort,-5.875,-4.207631439462449
model_agnostic_replication_behavior-1bcaa2b09bb0aa9d-m1,effort,-5.75,-4.557330903639242
model_agnostic_replication_behavior-1c3ed8c18c457e34-m0,foraging,8.0,2.871169397446226
model_agnostic_replication_behavior-1c3ed8c18c457e34-m1,foraging,5.625,3.262651695526089
model_agnostic_replication_behavior-1c8bde91b848cb71-m0,solvability,6.75,9.588107355729457
model_agnostic_replication_behavior-1c8bde91b848cb71-m1,solvability,5.25,9.696104979620847
model_agnostic_replication_behavior-1ca78c5e302ae9cb-m0,waiting,1.5000000000000002,2.436972059920859
model_agnostic_replication_behavior-1ca78c5e302ae9cb-m1,waiting,4.0,2.4259975360204082
model_agnostic_replication_behavior-1cbf2cf61f5d2963-m0,effort,5.125,1.9415149991253677
model_agnostic_replication_behavior-1cbf2cf61f5d2963-m1,effort,3.0,1.5918155349485745
model_agnostic_replication_behavior-1ceb9068824dab50-m0,information_sampling,4.25,4.850378025500007
model_agnostic_replication_behavior-1ceb9068824dab50-m1,information_sampling,3.0,2.853407286788089
model_agnostic_replication_behavior-1d0074b0718a8fdd-m0,information_sampling,3.25,4.260855250012225
model_agnostic_replication_behavior-1d0074b0718a8fdd-m1,information_sampling,-0.12500000000000006,2.2638845113003074
model_agnostic_replication_behavior-1d2d844cd486855b-m0,debugging,-5.125,-3.7588942578667615
model_agnostic_replication_behavior-1d2d844cd486855b-m1,debugging,-3.0,-2.2770464384406788
model_agnostic_replication_behavior-1d51630b8e0283f8-m0,debugging,1.3750000000000002,0.40609071027570165
model_agnostic_replication_behavior-1d51630b8e0283f8-m1,debugging,3.5,1.8879385297017843
model_agnostic_replication_behavior-1d58a58aeeb48a1f-m0,waiting,-0.7500000000000001,-2.088796983461026
model_agnostic_replication_behavior-1d58a58aeeb48a1f-m1,waiting,-0.7500000000000001,-2.099771507361476
model_agnostic_replication_behavior-1d5931a2a6e09703-m0,foraging,-2.125,-1.9209677058782546
model_agnostic_replication_behavior-1d5931a2a6e09703-m1,foraging,-3.125,-1.5294854077983908
model_agnostic_replication_behavior-1d5a91ed00eabedb-m0,effort,4.5,1.2743206494087727
model_agnostic_replication_behavior-1d5a91ed00eabedb-m1,effort,3.75,0.9246211852319794
model_agnostic_replication_behavior-1d5aae418e416561-m0,information_sampling,5.375,4.743454427396787
model_agnostic_replication_behavior-1d5aae418e416561-m1,information_sampling,4.25,2.7464836886848696
model_agnostic_replication_behavior-1d9b6ca07da828b2-m0,information_sampling,5.375,6.5312669034852195
model_agnostic_replication_behavior-1d9b6ca07da828b2-m1,information_sampling,3.75,4.534296164773304
model_agnostic_replication_behavior-1dbdf3e261c7125b-m0,debugging,-2.5,-1.1761532499377176
model_agnostic_replication_behavior-1dbdf3e261c7125b-m1,debugging,-3.75,0.3056945694883647
model_agnostic_replication_behavior-1dc1173eb070a673-m0,foraging,2.75,4.897585618996707
model_agnostic_replication_behavior-1dc1173eb070a673-m1,foraging,2.875,5.2890679170765695
model_agnostic_replication_behavior-1dca92149cba94e6-m0,bandit,-8.25,-9.262125746468456
model_agnostic_replication_behavior-1dca92149cba94e6-m1,bandit,-9.0,-9.258662733606096
model_agnostic_replication_behavior-1de14e9b46638981-m0,information_sampling,5.625,6.575498930309292
model_agnostic_replication_behavior-1de14e9b46638981-m1,information_sampling,4.125,4.578528191597375
model_agnostic_replication_behavior-1dfdeb8278104d58-m0,bandit,-8.75,-7.697266595538721
model_agnostic_replication_behavior-1dfdeb8278104d58-m1,bandit,-8.0,-7.693803582676362
model_agnostic_replication_behavior-1e5afb43f8159fa4-m0,waiting,4.625,5.04003093979008
model_agnostic_replication_behavior-1e5afb43f8159fa4-m1,waiting,4.5,5.029056415889631
model_agnostic_replication_behavior-1e66097bdfeebc01-m0,effort,-5.875,-0.6358929281474904
model_agnostic_replication_behavior-1e66097bdfeebc01-m1,effort,-4.375,-0.9855923923242836
model_agnostic_replication_behavior-1e8104c36db013ae-m0,effort,5.75,6.019725586455172
model_agnostic_replication_behavior-1e8104c36db013ae-m1,effort,4.75,5.6700261222783785
model_agnostic_replication_behavior-1e8a720a327753b1-m0,foraging,-6.875,-5.185061172550328
model_agnostic_replication_behavior-1e8a720a327753b1-m1,foraging,-5.875,-4.793578874470464
model_agnostic_replication_behavior-1ef59a0601725c30-m0,information_sampling,1.5000000000000002,3.6034347198054695
model_agnostic_replication_behavior-1ef59a0601725c30-m1,information_sampling,-2.375,1.6064639810935528
model_agnostic_replication_behavior-1ef66aab7b6a5a42-m0,solvability,8.3125,9.094021896479706
model_agnostic_replication_behavior-1ef66aab7b6a5a42-m1,solvability,6.125,9.202019520371095
model_agnostic_replication_behavior-1f884fbb8ec917bd-m0,waiting,3.5,4.019090997303902
model_agnostic_replication_behavior-1f884fbb8ec917bd-m1,waiting,4.25,4.008116473403453
model_agnostic_replication_behavior-1f95b82ce366cfac-m0,information_sampling,3.0,1.017943187754223
model_agnostic_replication_behavior-1f95b82ce366cfac-m1,information_sampling,-0.8750000000000002,-0.9790275509576944
model_agnostic_replication_behavior-1f9d8f3f012cfd7e-m0,foraging,-6.875,-7.385275110668523
model_agnostic_replication_behavior-1f9d8f3f012cfd7e-m1,foraging,-6.375,-6.9937928125886595
model_agnostic_replication_behavior-1fa97a3e8e317010-m0,solvability,11.25,6.487066475329685
model_agnostic_replication_behavior-1fa97a3e8e317010-m1,solvability,9.5,6.595064099221074
model_agnostic_replication_behavior-1fd4a78bb0b3034b-m0,bandit,-9.0,-7.371359173284816
model_agnostic_replication_behavior-1fd4a78bb0b3034b-m1,bandit,-9.125,-7.367896160422457
model_agnostic_replication_behavior-1fd6c06875417407-m0,information_sampling,-1.5,-1.269713914829759
model_agnostic_replication_behavior-1fd6c06875417407-m1,information_sampling,-3.375,-3.2666846535416765
model_agnostic_replication_behavior-20366cb1453628c0-m0,solvability,-1.375,1.571296952159811
model_agnostic_replication_behavior-20366cb1453628c0-m1,solvability,-2.0,1.6792945760511995
model_agnostic_replication_behavior-20392ca1446374e9-m0,effort,7.0,4.692916622649534
model_agnostic_replication_behavior-20392ca1446374e9-m1,effort,5.375,4.343217158472741
model_agnostic_replication_behavior-2039949aa53eb667-m0,waiting,7.125,4.830883869724946
model_agnostic_replication_behavior-2039949aa53eb667-m1,waiting,7.125,4.819909345824497
model_agnostic_replication_behavior-20e265cfc8aa2792-m0,waiting,0.24999999999999992,1.6483238302508825
model_agnostic_replication_behavior-20e265cfc8aa2792-m1,waiting,1.8749999999999998,1.637349306350432
model_agnostic_replication_behavior-20f3233e96f8f5d0-m0,bandit,0.05468749999999998,0.31382255986441043
model_agnostic_replication_behavior-20f3233e96f8f5d0-m1,bandit,-0.6484374999999999,0.31728557272676916
model_agnostic_replication_behavior-21620cbe4bc7a619-m0,solvability,9.1875,6.43236947192404
model_agnostic_replication_behavior-21620cbe4bc7a619-m1,solvability,7.375,6.540367095815427
model_agnostic_replication_behavior-2189646ac74dd3c6-m0,bandit,-8.75,-10.723078677469532
model_agnostic_replication_behavior-2189646ac74dd3c6-m1,bandit,-9.0,-10.719615664607172
model_agnostic_replication_behavior-219bfe28a41484e7-m0,debugging,-6.0,-5.311379438962382
model_agnostic_replication_behavior-219bfe28a41484e7-m1,debugging,-4.5,-3.829531619536299
model_agnostic_replication_behavior-21aeb70e58204e18-m0,bandit,12.875,12.75041901363213
model_agnostic_replication_behavior-21aeb70e58204e18-m1,bandit,8.125,12.753882026494487
model_agnostic_replication_behavior-21e5a7d625933c7f-m0,bandit,-0.6249999999999999,0.6490744416364834
model_agnostic_replication_behavior-21e5a7d625933c7f-m1,bandit,-3.875,0.6525374544988424
model_agnostic_replication_behavior-220dcc3acc18d9b1-m0,effort,-3.0,-2.7276372359470615
model_agnostic_replication_behavior-220dcc3acc18d9b1-m1,effort,-3.375,-3.0773367001238547
model_agnostic_replication_behavior-2212ee15b2da8a18-m0,bandit,10.1875,10.212139986413789
model_agnostic_replication_behavior-2212ee15b2da8a18-m1,bandit,7.5,10.215602999276147
model_agnostic_replication_behavior-223a6af4b3c71b1a-m0,solvability,-5.375,0.17536295077282493
model_agnostic_replication_behavior-223a6af4b3c71b1a-m1,solvability,-3.25,0.28336057466421316
model_agnostic_replication_behavior-2270e5a827cd6037-m0,foraging,-6.125,-4.1741565511683065
model_agnostic_replication_behavior-2270e5a827cd6037-m1,foraging,-5.625,-3.782674253088443
model_agnostic_replication_behavior-22bcc9fd91019e1d-m0,waiting,5.5,6.537879927579981
model_agnostic_replication_behavior-22bcc9fd91019e1d-m1,waiting,6.25,6.52690540367953
model_agnostic_replication_behavior-22d2a7152d0c93f0-m0,solvability,4.5,-0.4361608577642213
model_agnostic_replication_behavior-22d2a7152d0c93f0-m1,solvability,4.25,-0.32816323387283286
model_agnostic_replication_behavior-22fd3e7103175c25-m0,debugging,-6.125,-5.721995342205249
model_agnostic_replication_behavior-22fd3e7103175c25-m1,debugging,-4.625,-4.240147522779166
model_agnostic_replication_behavior-230c8ab66d78d959-m0,information_sampling,5.625,3.3712056454592965
model_agnostic_replication_behavior-230c8ab66d78d959-m1,information_sampling,1.8749999999999998,1.3742349067473785
model_agnostic_replication_behavior-230eb2565e157697-m0,debugging,-6.5,-5.289277138542003
model_agnostic_replication_behavior-230eb2565e157697-m1,debugging,-3.625,-3.8074293191159203
model_agnostic_replication_behavior-234fbb3342894de6-m0,foraging,5.125,2.425357151434807
model_agnostic_replication_behavior-234fbb3342894de6-m1,foraging,4.375,2.8168394495146707
model_agnostic_replication_behavior-23b4d83317cf9ace-m0,information_sampling,5.0,5.248805807434767
model_agnostic_replication_behavior-23b4d83317cf9ace-m1,information_sampling,4.25,3.2518350687228494
model_agnostic_replication_behavior-23bd78873456759f-m0,information_sampling,-0.43749999999999994,1.8375778246398142
model_agnostic_replication_behavior-23bd78873456759f-m1,information_sampling,0.45312500000000006,-0.15939291407210343
model_agnostic_replication_behavior-23f7858bf310652e-m0,waiting,8.625,9.034921020224758
model_agnostic_replication_behavior-23f7858bf310652e-m1,waiting,8.375,9.023946496324307
model_agnostic_replication_behavior-2425a583606f6355-m0,waiting,8.625,7.49335368018205
model_agnostic_replication_behavior-2425a583606f6355-m1,waiting,8.0,7.4823791562816
model_agnostic_replication_behavior-2489c1411cfa00c8-m0,information_sampling,2.625,2.164517514703564
model_agnostic_replication_behavior-2489c1411cfa00c8-m1,information_sampling,-3.75,0.16754677599164625
model_agnostic_replication_behavior-248aa339c21cd181-m0,waiting,1.0468750000000002,5.354793875780176
model_agnostic_replication_behavior-248aa339c21cd181-m1,waiting,-0.5234374999999999,5.343819351879725
model_agnostic_replication_behavior-248ceb9b361bc830-m0,bandit,-12.3125,-9.446129753360749
model_agnostic_replication_behavior-248ceb9b361bc830-m1,bandit,-10.625,-9.44266674049839
model_agnostic_replication_behavior-24aeb433b08609bd-m0,foraging,2.75,1.1034186834803974
model_agnostic_replication_behavior-24aeb433b08609bd-m1,foraging,3.125,1.4949009815602605
model_agnostic_replication_behavior-24d93fd6baf667cb-m0,information_sampling,-2.25,-0.5243416161300058
model_agnostic_replication_behavior-24d93fd6baf667cb-m1,information_sampling,-3.5,-2.5213123548419234
model_agnostic_replication_behavior-24f51ceafbff51f2-m0,effort,-2.25,-1.9370628511690813
model_agnostic_replication_behavior-24f51ceafbff51f2-m1,effort,-2.5,-2.2867623153458747
model_agnostic_replication_behavior-24f9f8313aa0ece3-m0,waiting,8.625,5.8034432349249006
model_agnostic_replication_behavior-24f9f8313aa0ece3-m1,waiting,7.5,5.7924687110244495
model_agnostic_replication_behavior-24fcc8fa9baac468-m0,waiting,-4.125,-2.114926201121093
model_agnostic_replication_behavior-24fcc8fa9baac468-m1,waiting,-4.5,-2.125900725021544
model_agnostic_replication_behavior-252b47d506849edf-m0,waiting,0.37499999999999994,-1.5741316141693291
model_agnostic_replication_behavior-252b47d506849edf-m1,waiting,0.0,-1.5851061380697795
model_agnostic_replication_behavior-253670869b6c84e6-m0,debugging,-2.125,1.4985428571272776
model_agnostic_replication_behavior-253670869b6c84e6-m1,debugging,2.25,2.9803906765533608
model_agnostic_replication_behavior-253db232a41a509b-m0,solvability,-5.625,-5.450131199650553
model_agnostic_replication_behavior-253db232a41a509b-m1,solvability,-4.875,-5.342133575759164
model_agnostic_replication_behavior-25c4f1f9c14e23af-m0,effort,5.5,5.767862186679728
model_agnostic_replication_behavior-25c4f1f9c14e23af-m1,effort,3.875,5.4181627225029345
model_agnostic_replication_behavior-264ceae46565e8aa-m0,solvability,-5.0,0.4154462125508973
model_agnostic_replication_behavior-264ceae46565e8aa-m1,solvability,-4.0,0.5234438364422858
model_agnostic_replication_behavior-26576e9ebf7368f0-m0,effort,-2.875,-2.1686461663060808
model_agnostic_replication_behavior-26576e9ebf7368f0-m1,effort,-3.5,-2.5183456304828744
model_agnostic_replication_behavior-2699935cd9fe2203-m0,waiting,2.875,1.5018963555234088
model_agnostic_replication_behavior-2699935cd9fe2203-m1,waiting,3.0,1.4909218316229582
model_agnostic_replication_behavior-26b4a96d6c3b42e3-m0,debugging,-4.625,-2.1893778071386887
model_agnostic_replication_behavior-26b4a96d6c3b42e3-m1,debugging,-3.875,-0.7075299877126059
model_agnostic_replication_behavior-270b65656a02a9aa-m0,waiting,2.125,0.8341614804605294
model_agnostic_replication_behavior-270b65656a02a9aa-m1,waiting,1.5000000000000002,0.8231869565600791
model_agnostic_replication_behavior-272ca08028e479cb-m0,solvability,12.0,11.866736273416135
model_agnostic_replication_behavior-272ca08028e479cb-m1,solvability,12.25,11.974733897307525
model_agnostic_replication_behavior-2764b2f4fcf7ed0b-m0,solvability,-4.5,-0.4276921994864724
model_agnostic_replication_behavior-2764b2f4fcf7ed0b-m1,solvability,-2.875,-0.31969457559508396
model_agnostic_replication_behavior-2768884a0f1c8979-m0,bandit,6.5,1.3924323405255927
model_agnostic_replication_behavior-2768884a0f1c8979-m1,bandit,3.25,1.395895353387952
model_agnostic_replication_behavior-27a131bd319a1f1e-m0,waiting,3.625,2.4771852683915085
model_agnostic_replication_behavior-27a131bd319a1f1e-m1,waiting,3.625,2.466210744491058
model_agnostic_replication_behavior-28013a07f13bfc32-m0,foraging,-2.5,0.6716720804354922
model_agnostic_replication_behavior-28013a07f13bfc32-m1,foraging,-4.25,1.0631543785153559
model_agnostic_replication_behavior-281952f98366b59e-m0,waiting,-3.0,-1.3726723267698073
model_agnostic_replication_behavior-281952f98366b59e-m1,waiting,-1.375,-1.3836468506702577
model_agnostic_replication_behavior-2862bdc45eb6d24d-m0,solvability,10.0,7.112243920960015
model_agnostic_replication_behavior-2862bdc45eb6d24d-m1,solvability,8.9375,7.220241544851404
model_agnostic_replication_behavior-28715e418e56a469-m0,solvability,-7.0,-3.6595376992555035
model_agnostic_replication_behavior-28715e418e56a469-m1,solvability,-5.875,-3.551540075364115
model_agnostic_replication_behavior-28daaa846d4f852a-m0,foraging,-9.375,-1.6321266883527623
model_agnostic_replication_behavior-28daaa846d4f852a-m1,foraging,-8.25,-1.2406443902728994
model_agnostic_replication_behavior-28e1ca6f0fd761a4-m0,foraging,-4.25,-4.762772148557607
model_agnostic_replication_behavior-28e1ca6f0fd761a4-m1,foraging,-3.625,-4.371289850477744
model_agnostic_replication_behavior-28ec801d5c018dd4-m0,foraging,-1.875,-0.14656437718232074
model_agnostic_replication_behavior-28ec801d5c018dd4-m1,foraging,-1.25,0.24491792089754238
model_agnostic_replication_behavior-28ed4f948cf4119d-m0,information_sampling,-0.9843750000000002,4.484281714494249
model_agnostic_replication_behavior-28ed4f948cf4119d-m1,information_sampling,1.3750000000000002,2.4873109757823317
model_agnostic_replication_behavior-28ef00a2b5b3cf6f-m0,solvability,-10.25,-5.3839723606035745
model_agnostic_replication_behavior-28ef00a2b5b3cf6f-m1,solvability,-9.375,-5.275974736712185
model_agnostic_replication_behavior-29121b3f21ef53a0-m0,effort,4.125,3.7732050260980956
model_agnostic_replication_behavior-29121b3f21ef53a0-m1,effort,4.25,3.4235055619213024
model_agnostic_replication_behavior-292e1ea1438b4350-m0,debugging,-0.046874999999999965,-1.6147233901288707
model_agnostic_replication_behavior-292e1ea1438b4350-m1,debugging,-1.15625,-0.13287557070278824
model_agnostic_replication_behavior-293b91fc8c9f730b-m0,waiting,4.875,3.212243918193938
model_agnostic_replication_behavior-293b91fc8c9f730b-m1,waiting,5.75,3.201269394293488
model_agnostic_replication_behavior-295fccabb249ffb9-m0,waiting,-1.125,0.6479411738655565
model_agnostic_replication_behavior-295fccabb249ffb9-m1,waiting,-0.6249999999999999,0.6369666499651059
model_agnostic_replication_behavior-2a093e5dd9ec8011-m0,effort,-5.75,-6.071385455580662
model_agnostic_replication_behavior-2a093e5dd9ec8011-m1,effort,-5.75,-6.4210849197574555
model_agnostic_replication_behavior-2a16bf103e5fba63-m0,debugging,-1.7499999999999998,-2.30680428892738
model_agnostic_replication_behavior-2a16bf103e5fba63-m1,debugging,-0.8750000000000002,-0.8249564695012973
model_agnostic_replication_behavior-2a3574e5c495b06d-m0,effort,-2.25,-1.5009625625017402
model_agnostic_replication_behavior-2a3574e5c495b06d-m1,effort,-3.125,-1.8506620266785336
model_agnostic_replication_behavior-2a5af74f33f7730c-m0,debugging,-1.5,-2.4585274296530444
model_agnostic_replication_behavior-2a5af74f33f7730c-m1,debugging,4.0,-0.9766796102269621
model_agnostic_replication_behavior-2a9e2043d06dff1c-m0,solvability,6.5,2.8412194105634514
model_agnostic_replication_behavior-2a9e2043d06dff1c-m1,solvability,5.625,2.94921703445484
model_agnostic_replication_behavior-2aa2c040f767ac07-m0,bandit,-14.46875,-14.304626380063546
model_agnostic_replication_behavior-2aa2c040f767ac07-m1,bandit,-12.1875,-14.301163367201188
model_agnostic_replication_behavior-2aa8397dfb20ffaf-m0,bandit,-5.125,-4.570984165572077
model_agnostic_replication_behavior-2aa8397dfb20ffaf-m1,bandit,-5.75,-4.567521152709718
model_agnostic_replication_behavior-2aba4fe55422de36-m0,debugging,-1.7499999999999998,-2.9345325389454504
model_agnostic_replication_behavior-2aba4fe55422de36-m1,debugging,2.125,-1.4526847195193677
model_agnostic_replication_behavior-2abc4d9bccf438dc-m0,waiting,7.0,5.30143931205702
model_agnostic_replication_behavior-2abc4d9bccf438dc-m1,waiting,7.125,5.290464788156569
model_agnostic_replication_behavior-2aeff75df03557d8-m0,waiting,3.625,1.1810388246957615
model_agnostic_replication_behavior-2aeff75df03557d8-m1,waiting,4.5,1.170064300795311
model_agnostic_replication_behavior-2afb5bc6eae83d18-m0,bandit,-14.6875,-15.607266411275301
model_agnostic_replication_behavior-2afb5bc6eae83d18-m1,bandit,-11.9375,-15.603803398412941
model_agnostic_replication_behavior-2afdfc095ddc8a2a-m0,waiting,8.0,8.804183165896134
model_agnostic_replication_behavior-2afdfc095ddc8a2a-m1,waiting,8.25,8.793208641995683
model_agnostic_replication_behavior-2bda1916c817aaa0-m0,effort,-3.5,-0.39673309890733677
model_agnostic_replication_behavior-2bda1916c817aaa0-m1,effort,-3.875,-0.74643256308413
model_agnostic_replication_behavior-2c01864fe0b94c92-m0,waiting,-0.37499999999999994,0.9419667193099248
model_agnostic_replication_behavior-2c01864fe0b94c92-m1,waiting,-0.5,0.9309921954094742
model_agnostic_replication_behavior-2c21e9f1bd85962d-m0,effort,3.5,1.7992254963794057
model_agnostic_replication_behavior-2c21e9f1bd85962d-m1,effort,3.875,1.4495260322026124
model_agnostic_replication_behavior-2c26de6566a9e1ac-m0,bandit,-4.625,-4.093270999790125
model_agnostic_replication_behavior-2c26de6566a9e1ac-m1,bandit,-5.625,-4.089807986927767
model_agnostic_replication_behavior-2c57b5d186ae0a71-m0,foraging,2.875,1.0506749611009631
model_agnostic_replication_behavior-2c57b5d186ae0a71-m1,foraging,3.25,1.442157259180826
model_agnostic_replication_behavior-2c5e3fd0a27647f9-m0,debugging,-5.875,-1.4007511859794066
model_agnostic_replication_behavior-2c5e3fd0a27647f9-m1,debugging,-2.625,0.08109663344667606
model_agnostic_replication_behavior-2c5ff4528f913746-m0,foraging,1.625,1.3754210017210637
model_agnostic_replication_behavior-2c5ff4528f913746-m1,foraging,1.3750000000000002,1.7669032998009273
model_agnostic_replication_behavior-2c9dff8ccc665424-m0,effort,-4.125,-3.72661948733871
model_agnostic_replication_behavior-2c9dff8ccc665424-m1,effort,-3.75,-4.076318951515503
model_agnostic_replication_behavior-2cbc0ab24e87c14f-m0,solvability,-8.3125,-6.626351664039986
model_agnostic_replication_behavior-2cbc0ab24e87c14f-m1,solvability,-6.375,-6.518354040148597
model_agnostic_replication_behavior-2cda2838f5cc7ecc-m0,effort,2.75,1.6114481273043415
model_agnostic_replication_behavior-2cda2838f5cc7ecc-m1,effort,1.625,1.2617486631275483
model_agnostic_replication_behavior-2cf1d3ce817afe61-m0,information_sampling,2.25,3.1339862949492607
model_agnostic_replication_behavior-2cf1d3ce817afe61-m1,information_sampling,0.625,1.1370155562373432
model_agnostic_replication_behavior-2d6e1136e4873d9f-m0,debugging,-3.25,-1.7722284818071437
model_agnostic_replication_behavior-2d6e1136e4873d9f-m1,debugging,1.3750000000000002,-0.29038066238106097
model_agnostic_replication_behavior-2e16fef3f9938466-m0,bandit,7.875,1.37872693829715
model_agnostic_replication_behavior-2e16fef3f9938466-m1,bandit,7.25,1.382189951159509
model_agnostic_replication_behavior-2e226d5b08a3eee6-m0,bandit,6.875,2.110640195160424
model_agnostic_replication_behavior-2e226d5b08a3eee6-m1,bandit,5.625,2.114103208022783
model_agnostic_replication_behavior-2e5b51c2360f80f9-m0,waiting,3.375,3.260410140719512
model_agnostic_replication_behavior-2e5b51c2360f80f9-m1,waiting,2.625,3.2494356168190617
model_agnostic_replication_behavior-2e9dce6bfdb4f9cf-m0,solvability,7.125,6.002792441561868
model_agnostic_replication_behavior-2e9dce6bfdb4f9cf-m1,solvability,6.125,6.110790065453256
model_agnostic_replication_behavior-2eb53f9af7d0e765-m0,debugging,-6.5,-4.7799639239072915
model_agnostic_replication_behavior-2eb53f9af7d0e765-m1,debugging,-4.625,-3.298116104481209
model_agnostic_replication_behavior-2ee332d2e1c284d3-m0,bandit,11.75,7.796777496260482
model_agnostic_replication_behavior-2ee332d2e1c284d3-m1,bandit,9.75,7.800240509122841
model_agnostic_replication_behavior-2f02e564f8edc5b2-m0,waiting,9.375,9.155635071670776
model_agnostic_replication_behavior-2f02e564f8edc5b2-m1,waiting,9.0,9.144660547770327
model_agnostic_replication_behavior-2f21eeba3fe77b5d-m0,debugging,-6.375,-3.030218145057911
model_agnostic_replication_behavior-2f21eeba3fe77b5d-m1,debugging,-4.375,-1.5483703256318284
model_agnostic_replication_behavior-2f26850815a35fc8-m0,bandit,12.75,11.491619851467995
model_agnostic_replication_behavior-2f26850815a35fc8-m1,bandit,10.4375,11.495082864330353
model_agnostic_replication_behavior-2f3084e147e32f4b-m0,effort,-3.25,-3.684431239602718
model_agnostic_replication_behavior-2f3084e147e32f4b-m1,effort,-2.875,-4.034130703779512
model_agnostic_replication_behavior-2f7a1051379aa91c-m0,solvability,-3.375,0.2238314322189992
model_agnostic_replication_behavior-2f7a1051379aa91c-m1,solvability,-2.75,0.3318290561103877
model_agnostic_replication_behavior-2fc78efb8492c9f6-m0,information_sampling,-2.125,-0.3499572072932007
model_agnostic_replication_behavior-2fc78efb8492c9f6-m1,information_sampling,-4.875,-2.346927946005118
model_agnostic_replication_behavior-2fd51e0ef430bf2d-m0,information_sampling,3.875,1.6052107877633786
model_agnostic_replication_behavior-2fd51e0ef430bf2d-m1,information_sampling,0.37499999999999994,-0.391759950948539
model_agnostic_replication_behavior-2fe2f26c4691beb8-m0,bandit,-3.625,-1.0810853002732081
model_agnostic_replication_behavior-2fe2f26c4691beb8-m1,bandit,-3.625,-1.077622287410849
model_agnostic_replication_behavior-2feab7cb131d997b-m0,effort,-3.25,-4.361723218971328
model_agnostic_replication_behavior-2feab7cb131d997b-m1,effort,-3.5,-4.711422683148121
model_agnostic_replication_behavior-2ff3cb13aa1a962a-m0,bandit,0.734375,-1.4159025929946403
model_agnostic_replication_behavior-2ff3cb13aa1a962a-m1,bandit,-0.6249999999999999,-1.412439580132281
model_agnostic_replication_behavior-3020fbe466715153-m0,bandit,5.125,4.364143305091684
model_agnostic_replication_behavior-3020fbe466715153-m1,bandit,4.375,4.367606317954043
model_agnostic_replication_behavior-3060013985ac5deb-m0,effort,6.125,2.918639828443939
model_agnostic_replication_behavior-3060013985ac5deb-m1,effort,5.125,2.568940364267146
model_agnostic_replication_behavior-30aabd7fbd883e12-m0,foraging,-7.75,-8.396766613681656
model_agnostic_replication_behavior-30aabd7fbd883e12-m1,foraging,-5.375,-8.005284315601791
model_agnostic_replication_behavior-30c7c0d958a92813-m0,bandit,-5.125,1.297318256171804
model_agnostic_replication_behavior-30c7c0d958a92813-m1,bandit,-2.0,1.3007812690341631
model_agnostic_replication_behavior-30e2ef843e2346d7-m0,information_sampling,3.125,1.454409261248513
model_agnostic_replication_behavior-30e2ef843e2346d7-m1,information_sampling,1.3750000000000002,-0.542561477463404
model_agnostic_replication_behavior-3106ef35910d12f0-m0,debugging,3.0,0.2250750749046282
model_agnostic_replication_behavior-3106ef35910d12f0-m1,debugging,-4.25,1.7069228943307104
model_agnostic_replication_behavior-312edf261bf7687a-m0,foraging,-5.75,-3.086363567923019
model_agnostic_replication_behavior-312edf261bf7687a-m1,foraging,-4.0,-2.694881269843155
model_agnostic_replication_behavior-314248a5d3ebbf82-m0,solvability,12.5625,10.198424694605144
model_agnostic_replication_behavior-314248a5d3ebbf82-m1,solvability,11.6875,10.306422318496532
model_agnostic_replication_behavior-31b1d290a8b79d86-m0,solvability,8.4375,3.9627666329684885
model_agnostic_replication_behavior-31b1d290a8b79d86-m1,solvability,7.625,4.070764256859877
model_agnostic_replication_behavior-31b3c57c79c11340-m0,bandit,10.4375,8.01323770075232
model_agnostic_replication_behavior-31b3c57c79c11340-m1,bandit,9.25,8.016700713614679
model_agnostic_replication_behavior-31b4ed647c54a91f-m0,bandit,9.0,6.163643307851152
model_agnostic_replication_behavior-31b4ed647c54a91f-m1,bandit,7.0,6.16710632071351
model_agnostic_replication_behavior-31bc9f65b0d3b13b-m0,debugging,-7.75,-7.15397159608216
model_agnostic_replication_behavior-31bc9f65b0d3b13b-m1,debugging,-6.125,-5.672123776656077
model_agnostic_replication_behavior-31fc704bc45f8259-m0,debugging,-4.25,-3.4562315404704758
model_agnostic_replication_behavior-31fc704bc45f8259-m1,debugging,-1.5,-1.9743837210443935
model_agnostic_replication_behavior-32019cbe9d2af2c7-m0,effort,-2.875,-1.332957312490763
model_agnostic_replication_behavior-32019cbe9d2af2c7-m1,effort,-3.75,-1.6826567766675562
model_agnostic_replication_behavior-32166c073db17ba2-m0,information_sampling,-0.5,0.5954833286931158
model_agnostic_replication_behavior-32166c073db17ba2-m1,information_sampling,-3.625,-1.4014874100188015
model_agnostic_replication_behavior-32204b629e130534-m0,waiting,-1.7499999999999998,-1.7840708906086862
model_agnostic_replication_behavior-32204b629e130534-m1,waiting,-1.25,-1.7950454145091364
model_agnostic_replication_behavior-3227831cea0aaea5-m0,effort,-4.5,-3.702639811353415
model_agnostic_replication_behavior-3227831cea0aaea5-m1,effort,-3.75,-4.052339275530208
model_agnostic_replication_behavior-325a58838a519821-m0,solvability,-8.375,-8.34351862223203
model_agnostic_replication_behavior-325a58838a519821-m1,solvability,-6.5,-8.235520998340643
model_agnostic_replication_behavior-32652937ee81c79b-m0,foraging,-0.7500000000000001,3.173339133889838
model_agnostic_replication_behavior-32652937ee81c79b-m1,foraging,-2.125,3.5648214319697007
model_agnostic_replication_behavior-329cde008f3595c1-m0,effort,-5.5,-5.23901704887118
model_agnostic_replication_behavior-329cde008f3595c1-m1,effort,-6.0,-5.588716513047973
model_agnostic_replication_behavior-32aff6eac214317b-m0,solvability,2.75,0.09670155964271099
model_agnostic_replication_behavior-32aff6eac214317b-m1,solvability,1.625,0.20469918353409944
model_agnostic_replication_behavior-32e3d4237315b80c-m0,waiting,0.7500000000000002,1.4147630703335643
model_agnostic_replication_behavior-32e3d4237315b80c-m1,waiting,4.0,1.403788546433114
model_agnostic_replication_behavior-32f1d31e83c1f6d4-m0,foraging,-2.375,-1.0724958889388176
model_agnostic_replication_behavior-32f1d31e83c1f6d4-m1,foraging,-0.5,-0.6810135908589537
model_agnostic_replication_behavior-32f414fb1bc864e7-m0,bandit,13.875,9.133310401420346
model_agnostic_replication_behavior-32f414fb1bc864e7-m1,bandit,10.6875,9.136773414282704
model_agnostic_replication_behavior-3378cbde33bbf401-m0,solvability,-2.75,-1.7733914636657115
model_agnostic_replication_behavior-3378cbde33bbf401-m1,solvability,0.5,-1.665393839774323
model_agnostic_replication_behavior-338e34d8fb1f3e5e-m0,debugging,-4.875,-1.9443234284518218
model_agnostic_replication_behavior-338e34d8fb1f3e5e-m1,debugging,-3.0,-0.46247560902573914
model_agnostic_replication_behavior-33d33991ef25818e-m0,information_sampling,4.375,4.003095048454917
model_agnostic_replication_behavior-33d33991ef25818e-m1,information_sampling,4.0,2.006124309743001
model_agnostic_replication_behavior-33e3a9424dc4d0eb-m0,waiting,3.625,2.06882016013524
model_agnostic_replication_behavior-33e3a9424dc4d0eb-m1,waiting,4.875,2.057845636234789
model_agnostic_replication_behavior-33e6758a7689ad1b-m0,bandit,-6.125,-6.2818858314083865
model_agnostic_replication_behavior-33e6758a7689ad1b-m1,bandit,-6.125,-6.278422818546028
model_agnostic_replication_behavior-33f7e382ee70c03a-m0,foraging,9.875,6.245282356170953
model_agnostic_replication_behavior-33f7e382ee70c03a-m1,foraging,8.25,6.636764654250816
model_agnostic_replication_behavior-3417497abe181e00-m0,foraging,-6.875,-5.243110404098595
model_agnostic_replication_behavior-3417497abe181e00-m1,foraging,-5.625,-4.8516281060187305
model_agnostic_replication_behavior-34657ac0a87412d3-m0,waiting,-1.7499999999999998,0.20018044885268704
model_agnostic_replication_behavior-34657ac0a87412d3-m1,waiting,-1.375,0.18920592495223687
model_agnostic_replication_behavior-346c4a2e93eb4511-m0,foraging,1.75,-0.4444358087744721
model_agnostic_replication_behavior-346c4a2e93eb4511-m1,foraging,2.875,-0.05295351069460874
model_agnostic_replication_behavior-346ca124a92b6ca1-m0,bandit,-6.875,-8.940195338940846
model_agnostic_replication_behavior-346ca124a92b6ca1-m1,bandit,-7.25,-8.936732326078488
model_agnostic_replication_behavior-347876a4b4751de2-m0,information_sampling,5.125,5.9301082324512215
model_agnostic_replication_behavior-347876a4b4751de2-m1,information_sampling,2.625,3.933137493739304
model_agnostic_replication_behavior-347f0a0457cbd410-m0,debugging,-7.75,-8.036815928540857
model_agnostic_replication_behavior-347f0a0457cbd410-m1,debugging,-5.375,-6.554968109114775
model_agnostic_replication_behavior-34a990226981f294-m0,waiting,-1.7499999999999998,1.5656167377021015
model_agnostic_replication_behavior-34a990226981f294-m1,waiting,-2.625,1.5546422138016514
model_agnostic_replication_behavior-34b332777d67dc52-m0,debugging,4.0,1.4930810915493784
model_agnostic_replication_behavior-34b332777d67dc52-m1,debugging,4.625,2.974928910975461
model_agnostic_replication_behavior-34baa2779e183111-m0,information_sampling,5.25,5.023120595562151
model_agnostic_replication_behavior-34baa2779e183111-m1,information_sampling,3.5,3.0261498568502345
model_agnostic_replication_behavior-34c616819a854651-m0,foraging,7.0,4.941265042276929
model_agnostic_replication_behavior-34c616819a854651-m1,foraging,6.0,5.332747340356794
model_agnostic_replication_behavior-34c970faac204d64-m0,effort,4.25,6.479328208578126
model_agnostic_replication_behavior-34c970faac204d64-m1,effort,4.125,6.129628744401333
model_agnostic_replication_behavior-34ec5616f6136c52-m0,foraging,-6.25,-4.264074371024853
model_agnostic_replication_behavior-34ec5616f6136c52-m1,foraging,-5.875,-3.872592072944991
model_agnostic_replication_behavior-350ae2da019adadd-m0,foraging,4.125,4.216571542332677
model_agnostic_replication_behavior-350ae2da019adadd-m1,foraging,2.0,4.60805384041254
model_agnostic_replication_behavior-35b8f420f672cb43-m0,bandit,-4.0,1.5909982741264743
model_agnostic_replication_behavior-35b8f420f672cb43-m1,bandit,-4.5,1.5944612869888333
model_agnostic_replication_behavior-35d31dbda2ad98d6-m0,bandit,3.0,3.5367814402777857
model_agnostic_replication_behavior-35d31dbda2ad98d6-m1,bandit,5.5,3.540244453140144
model_agnostic_replication_behavior-35f0d4b438098135-m0,effort,-6.0,-3.4485416132757343
model_agnostic_replication_behavior-35f0d4b438098135-m1,effort,-6.0,-3.798241077452528
model_agnostic_replication_behavior-360727f4b585154e-m0,waiting,3.625,3.6706528586941323
model_agnostic_replication_behavior-360727f4b585154e-m1,waiting,5.0,3.659678334793682
model_agnostic_replication_behavior-363bd9ae88cb6482-m0,debugging,-8.5625,-9.818912076287797
model_agnostic_replication_behavior-363bd9ae88cb6482-m1,debugging,-8.25,-8.337064256861714
model_agnostic_replication_behavior-368020fb45e0fce1-m0,solvability,0.0,-2.202664043671307
model_agnostic_replication_behavior-368020fb45e0fce1-m1,solvability,-0.8203125000000002,-2.0946664197799194
model_agnostic_replication_behavior-36807433cfec4567-m0,effort,3.125,2.703409916780389
model_agnostic_replication_behavior-36807433cfec4567-m1,effort,1.75,2.353710452603596
model_agnostic_replication_behavior-368994e9f5ea14e9-m0,foraging,5.875,0.6364365984223909
model_agnostic_replication_behavior-368994e9f5ea14e9-m1,foraging,4.5,1.0279188965022543
model_agnostic_replication_behavior-369306a735ff1e4c-m0,information_sampling,5.375,3.6322124788110246
model_agnostic_replication_behavior-369306a735ff1e4c-m1,information_sampling,1.25,1.6352417400991075
model_agnostic_replication_behavior-3699d110a9abbb01-m0,bandit,-6.125,-4.437704271293592
model_agnostic_replication_behavior-3699d110a9abbb01-m1,bandit,-8.625,-4.434241258431232
model_agnostic_replication_behavior-36be1168ae25d425-m0,foraging,-2.75,-0.2919053357973567
model_agnostic_replication_behavior-36be1168ae25d425-m1,foraging,-3.875,0.09957696228250679
model_agnostic_replication_behavior-36dd3f915d6c0798-m0,information_sampling,-4.125,-1.5877793080705553
model_agnostic_replication_behavior-36dd3f915d6c0798-m1,information_sampling,-6.25,-3.584750046782473
model_agnostic_replication_behavior-36f6ca53e4ebdd76-m0,solvability,7.875,7.396861926218734
model_agnostic_replication_behavior-36f6ca53e4ebdd76-m1,solvability,7.75,7.504859550110122
model_agnostic_replication_behavior-37125ef1736ba0ac-m0,foraging,3.25,-0.8439271163104094
model_agnostic_replication_behavior-37125ef1736ba0ac-m1,foraging,2.875,-0.452444818230546
model_agnostic_replication_behavior-3713b6a9184e4b46-m0,debugging,-2.5,-1.194618065348359
model_agnostic_replication_behavior-3713b6a9184e4b46-m1,debugging,-1.625,0.2872297540777238
model_agnostic_replication_behavior-371d5a5c51cfeaa7-m0,effort,-3.0,-1.2539228925515307
model_agnostic_replication_behavior-371d5a5c51cfeaa7-m1,effort,-3.875,-1.603622356728324
model_agnostic_replication_behavior-37232894c21103a7-m0,debugging,4.875,0.5007874383222751
model_agnostic_replication_behavior-37232894c21103a7-m1,debugging,6.5,1.9826352577483577
model_agnostic_replication_behavior-373e938e7cce88b4-m0,bandit,-13.875,-13.510059982432047
model_agnostic_replication_behavior-373e938e7cce88b4-m1,bandit,-10.0625,-13.506596969569689
model_agnostic_replication_behavior-3761c0f0d1fd4f46-m0,information_sampling,1.5000000000000002,2.421767528425867
model_agnostic_replication_behavior-3761c0f0d1fd4f46-m1,information_sampling,-0.12500000000000006,0.42479678971394996
model_agnostic_replication_behavior-37975376e280141e-m0,waiting,0.125,1.6417875437414753
model_agnostic_replication_behavior-37975376e280141e-m1,waiting,0.0,1.6308130198410251
model_agnostic_replication_behavior-37bd1ec8f9bcd92e-m0,debugging,-10.0,-8.256868296318574
model_agnostic_replication_behavior-37bd1ec8f9bcd92e-m1,debugging,-7.125,-6.775020476892491
model_agnostic_replication_behavior-3808bd01a40d613b-m0,foraging,-3.75,-3.1724606920771348
model_agnostic_replication_behavior-3808bd01a40d613b-m1,foraging,-3.25,-2.7809783939972714
model_agnostic_replication_behavior-38123c42805a1a47-m0,solvability,0.4062499999999999,4.474346095959024
model_agnostic_replication_behavior-38123c42805a1a47-m1,solvability,1.359375,4.582343719850413
model_agnostic_replication_behavior-3819b613dac8b124-m0,foraging,-6.125,-2.864863736539217
model_agnostic_replication_behavior-3819b613dac8b124-m1,foraging,-5.625,-2.4733814384593535
model_agnostic_replication_behavior-384cb3bf9b3931c6-m0,foraging,0.0,0.9531637974942814
model_agnostic_replication_behavior-384cb3bf9b3931c6-m1,foraging,1.8749999999999998,1.3446460955741448
model_agnostic_replication_behavior-389536591550721c-m0,debugging,5.75,3.5021642036001666
model_agnostic_replication_behavior-389536591550721c-m1,debugging,0.37499999999999994,4.984012023026249
model_agnostic_replication_behavior-38aab0fd9fc14be1-m0,foraging,-8.0,-8.340334155574158
model_agnostic_replication_behavior-38aab0fd9fc14be1-m1,foraging,-6.375,-7.948851857494295
model_agnostic_replication_behavior-38af44c71c8a47b6-m0,effort,-4.75,-3.9287876434799056
model_agnostic_replication_behavior-38af44c71c8a47b6-m1,effort,-6.25,-4.278487107656699
model_agnostic_replication_behavior-38da9964ff405890-m0,debugging,-6.5,-6.448142981621147
model_agnostic_replication_behavior-38da9964ff405890-m1,debugging,-4.25,-4.966295162195065
model_agnostic_replication_behavior-38edc479bb5223d8-m0,foraging,-8.375,-4.11761398680935
model_agnostic_replication_behavior-38edc479bb5223d8-m1,foraging,-7.375,-3.7261316887294864
model_agnostic_replication_behavior-38f31abd4cd10187-m0,waiting,2.375,1.651555089491735
model_agnostic_replication_behavior-38f31abd4cd10187-m1,waiting,2.25,1.6405805655912846
model_agnostic_replication_behavior-39593c2d93df3fe2-m0,effort,-6.75,-4.166158842072339
model_agnostic_replication_behavior-39593c2d93df3fe2-m1,effort,-5.75,-4.515858306249132
model_agnostic_replication_behavior-3981bea604e19a3e-m0,bandit,11.125,5.918890678301578
model_agnostic_replication_behavior-3981bea604e19a3e-m1,bandit,9.5,5.922353691163938
model_agnostic_replication_behavior-39962819bdfafc16-m0,bandit,-13.4375,-9.987868023699562
model_agnostic_replication_behavior-39962819bdfafc16-m1,bandit,-12.4375,-9.984405010837204
model_agnostic_replication_behavior-39b5a1b214082403-m0,bandit,13.8125,11.549895168297933
model_agnostic_replication_behavior-39b5a1b214082403-m1,bandit,10.4375,11.553358181160291
model_agnostic_replication_behavior-39bf204366d5758c-m0,debugging,6.25,5.667177776661077
model_agnostic_replication_behavior-39bf204366d5758c-m1,debugging,5.5,7.14902559608716
model_agnostic_replication_behavior-39ed3fe24c36da51-m0,debugging,-1.25,0.8043406063419826
model_agnostic_replication_behavior-39ed3fe24c36da51-m1,debugging,1.8749999999999998,2.286188425768065
model_agnostic_replication_behavior-3a087443f81cf706-m0,debugging,-5.5,-1.0523857646306896
model_agnostic_replication_behavior-3a087443f81cf706-m1,debugging,-3.125,0.4294620547953931
model_agnostic_replication_behavior-3a2799b52abe3433-m0,effort,-6.375,-4.5496394211561375
model_agnostic_replication_behavior-3a2799b52abe3433-m1,effort,-6.375,-4.899338885332931
model_agnostic_replication_behavior-3a3b5c4df0ad1421-m0,debugging,-8.75,-6.984303492565862
model_agnostic_replication_behavior-3a3b5c4df0ad1421-m1,debugging,-6.25,-5.502455673139779
model_agnostic_replication_behavior-3a4d8be6e10d0330-m0,waiting,7.125,7.83545376781653
model_agnostic_replication_behavior-3a4d8be6e10d0330-m1,waiting,6.625,7.824479243916079
model_agnostic_replication_behavior-3a83d79673e3b933-m0,information_sampling,5.875,6.6236207787703485
model_agnostic_replication_behavior-3a83d79673e3b933-m1,information_sampling,4.0,4.626650040058431
model_agnostic_replication_behavior-3a927ff833ba238c-m0,effort,-5.0,-3.5468084758370533
model_agnostic_replication_behavior-3a927ff833ba238c-m1,effort,-5.75,-3.8965079400138465
model_agnostic_replication_behavior-3abb0718b6fd2981-m0,information_sampling,4.125,4.789429963358476
model_agnostic_replication_behavior-3abb0718b6fd2981-m1,information_sampling,0.625,2.7924592246465587
model_agnostic_replication_behavior-3ad63a65d2f7ccf9-m0,foraging,-3.125,-1.4585918009593388
model_agnostic_replication_behavior-3ad63a65d2f7ccf9-m1,foraging,-3.5,-1.0671095028794753
model_agnostic_replication_behavior-3aecce0cacbf3278-m0,waiting,2.0,2.614458734067614
model_agnostic_replication_behavior-3aecce0cacbf3278-m1,waiting,2.875,2.603484210167164
model_agnostic_replication_behavior-3b098e4de07da968-m0,foraging,0.7500000000000002,-2.0678073386436595
model_agnostic_replication_behavior-3b098e4de07da968-m1,foraging,0.24999999999999992,-1.676325040563796
model_agnostic_replication_behavior-3b0c58fb2e4360da-m0,solvability,11.0,7.628460327286986
model_agnostic_replication_behavior-3b0c58fb2e4360da-m1,solvability,10.4375,7.736457951178375
model_agnostic_replication_behavior-3b66b5a311e0aa51-m0,waiting,3.25,4.137274815058841
model_agnostic_replication_behavior-3b66b5a311e0aa51-m1,waiting,4.25,4.126300291158391
model_agnostic_replication_behavior-3b6d1fe5ec4e82a6-m0,bandit,-13.875,-12.356084274463774
model_agnostic_replication_behavior-3b6d1fe5ec4e82a6-m1,bandit,-13.1875,-12.352621261601413
model_agnostic_replication_behavior-3b8054907b519ea5-m0,foraging,6.125,3.9523028229004633
model_agnostic_replication_behavior-3b8054907b519ea5-m1,foraging,7.375,4.343785120980327
model_agnostic_replication_behavior-3b8b35478d724b88-m0,debugging,5.0,2.953209510818345
model_agnostic_replication_behavior-3b8b35478d724b88-m1,debugging,6.5,4.435057330244428
model_agnostic_replication_behavior-3be1bc4a64a8782d-m0,foraging,5.25,3.925327457749151
model_agnostic_replication_behavior-3be1bc4a64a8782d-m1,foraging,5.25,4.316809755829015
model_agnostic_replication_behavior-3cc647d20c11e750-m0,bandit,-5.125,-3.6231340179480407
model_agnostic_replication_behavior-3cc647d20c11e750-m1,bandit,-5.875,-3.6196710050856815
model_agnostic_replication_behavior-3cf1ab8764f4b682-m0,solvability,1.3125000000000002,8.912421144770114
model_agnostic_replication_behavior-3cf1ab8764f4b682-m1,solvability,1.03125,9.020418768661502
model_agnostic_replication_behavior-3cf72f04474a0b1d-m0,effort,-3.25,-0.22434823744421628
model_agnostic_replication_behavior-3cf72f04474a0b1d-m1,effort,-4.375,-0.5740477016210095
model_agnostic_replication_behavior-3cf9ad49798eaf7a-m0,bandit,0.42187499999999994,10.56349608630449
model_agnostic_replication_behavior-3cf9ad49798eaf7a-m1,bandit,0.8125,10.566959099166848
model_agnostic_replication_behavior-3cfd3da02bdcae6c-m0,waiting,6.375,2.5073211929004033
model_agnostic_replication_behavior-3cfd3da02bdcae6c-m1,waiting,6.625,2.496346668999953
model_agnostic_replication_behavior-3d4abe0e0718a842-m0,information_sampling,6.25,5.404557798995061
model_agnostic_replication_behavior-3d4abe0e0718a842-m1,information_sampling,4.375,3.4075870602831433
model_agnostic_replication_behavior-3d51e2f29a93d3af-m0,information_sampling,0.5,0.6314090389462441
model_agnostic_replication_behavior-3d51e2f29a93d3af-m1,information_sampling,-2.25,-1.3655616997656737
model_agnostic_replication_behavior-3d9ad93527a7fbf8-m0,waiting,-3.375,-0.6410214247887653
model_agnostic_replication_behavior-3d9ad93527a7fbf8-m1,waiting,-5.375,-0.651995948689216
model_agnostic_replication_behavior-3dc7ea711fd5372b-m0,debugging,7.125,5.125385418302795
model_agnostic_replication_behavior-3dc7ea711fd5372b-m1,debugging,6.875,6.607233237728877
model_agnostic_replication_behavior-3e028dbe9d5ffefa-m0,debugging,0.125,-1.0650103997414366
model_agnostic_replication_behavior-3e028dbe9d5ffefa-m1,debugging,1.0,0.4168374196846458
model_agnostic_replication_behavior-3e3f0372649b62b5-m0,debugging,-4.375,-5.859789730998937
model_agnostic_replication_behavior-3e3f0372649b62b5-m1,debugging,-3.375,-4.377941911572854
model_agnostic_replication_behavior-3e5f7ab90ec2d24c-m0,information_sampling,4.625,3.537559929677583
model_agnostic_replication_behavior-3e5f7ab90ec2d24c-m1,information_sampling,2.75,1.5405891909656655
model_agnostic_replication_behavior-3e74442fdb6ca520-m0,effort,4.75,3.9440071149243807
model_agnostic_replication_behavior-3e74442fdb6ca520-m1,effort,3.125,3.5943076507475875
model_agnostic_replication_behavior-3ec425db95155e19-m0,effort,-3.75,-1.5252382229152737
model_agnostic_replication_behavior-3ec425db95155e19-m1,effort,-4.375,-1.874937687092067
model_agnostic_replication_behavior-3ef7aeb023b118f6-m0,bandit,9.0,6.484724338669127
model_agnostic_replication_behavior-3ef7aeb023b118f6-m1,bandit,8.875,6.488187351531486
model_agnostic_replication_behavior-3f00f39f255f6f8c-m0,foraging,9.3125,7.834621109406852
model_agnostic_replication_behavior-3f00f39f255f6f8c-m1,foraging,8.5,8.226103407486715
model_agnostic_replication_behavior-3f2ba35b5c08ad6f-m0,effort,5.75,6.694465834229021
model_agnostic_replication_behavior-3f2ba35b5c08ad6f-m1,effort,4.125,6.344766370052228
model_agnostic_replication_behavior-3f410f1619d9c83b-m0,solvability,-7.375,-5.625220363427975
model_agnostic_replication_behavior-3f410f1619d9c83b-m1,solvability,-5.25,-5.517222739536588
model_agnostic_replication_behavior-3f76b3bf4c7d2da4-m0,debugging,-2.75,-1.1873380118497545
model_agnostic_replication_behavior-3f76b3bf4c7d2da4-m1,debugging,2.375,0.29450980757632816
model_agnostic_replication_behavior-3f9d284164db3b9d-m0,information_sampling,3.125,0.8846571128864111
model_agnostic_replication_behavior-3f9d284164db3b9d-m1,information_sampling,-3.0,-1.1123136258255064
model_agnostic_replication_behavior-3fb2de2b9129719f-m0,information_sampling,-1.25,0.0632241234945432
model_agnostic_replication_behavior-3fb2de2b9129719f-m1,information_sampling,-4.5,-1.9337466152173743
model_agnostic_replication_behavior-3fc6c940d0a25441-m0,waiting,1.625,0.00863270065093591
model_agnostic_replication_behavior-3fc6c940d0a25441-m1,waiting,-2.625,-0.0023418232495142632
model_agnostic_replication_behavior-3fd4e6e5620fa1f2-m0,waiting,5.75,2.2737539634702433
model_agnostic_replication_behavior-3fd4e6e5620fa1f2-m1,waiting,5.625,2.262779439569793
model_agnostic_replication_behavior-3fdcdf37a3d72da9-m0,effort,-4.625,-1.6969036789622847
model_agnostic_replication_behavior-3fdcdf37a3d72da9-m1,effort,-4.625,-2.046603143139078
model_agnostic_replication_behavior-3fe7d5491c3ad9c5-m0,debugging,-0.6249999999999999,-1.1446591085802211
model_agnostic_replication_behavior-3fe7d5491c3ad9c5-m1,debugging,3.125,0.33718871084586155
model_agnostic_replication_behavior-3ff4ad9434e96b49-m0,debugging,-5.125,-4.202308814199115
model_agnostic_replication_behavior-3ff4ad9434e96b49-m1,debugging,-4.125,-2.720460994773032
model_agnostic_replication_behavior-4001afa53065e156-m0,information_sampling,-2.75,-1.5028290959328583
model_agnostic_replication_behavior-4001afa53065e156-m1,information_sampling,-4.75,-3.499799834644776
model_agnostic_replication_behavior-400ec26c08a340ec-m0,information_sampling,1.0,0.45963315058901655
model_agnostic_replication_behavior-400ec26c08a340ec-m1,information_sampling,-1.375,-1.537337588122901
model_agnostic_replication_behavior-40121b3e707f2fff-m0,waiting,4.125,2.3300988556245863
model_agnostic_replication_behavior-40121b3e707f2fff-m1,waiting,3.375,2.319124331724136
model_agnostic_replication_behavior-40129a5673b3d68a-m0,effort,-5.5,-0.2606073261675339
model_agnostic_replication_behavior-40129a5673b3d68a-m1,effort,-5.125,-0.6103067903443274
model_agnostic_replication_behavior-4055ae4dfb07116f-m0,foraging,6.375,1.9044774553378176
model_agnostic_replication_behavior-4055ae4dfb07116f-m1,foraging,5.0,2.2959597534176814
model_agnostic_replication_behavior-407b303a78ef3d8c-m0,debugging,3.5,-0.7233027089972353
model_agnostic_replication_behavior-407b303a78ef3d8c-m1,debugging,-3.0,0.7585451104288476
model_agnostic_replication_behavior-40a3ddce92741e05-m0,bandit,-2.75,-0.5857332502605761
model_agnostic_replication_behavior-40a3ddce92741e05-m1,bandit,-6.5,-0.5822702373982174
model_agnostic_replication_behavior-40c3d5939d6a6fde-m0,effort,-4.125,-0.1422325221470675
model_agnostic_replication_behavior-40c3d5939d6a6fde-m1,effort,-4.75,-0.4919319863238607
model_agnostic_replication_behavior-41113d1da15472df-m0,bandit,-5.875,-0.318196002250305
model_agnostic_replication_behavior-41113d1da15472df-m1,bandit,-6.375,-0.31473298938794625
model_agnostic_replication_behavior-4122428eac3c0abf-m0,effort,-8.5,-3.775683114914322
model_agnostic_replication_behavior-4122428eac3c0abf-m1,effort,-7.5,-4.125382579091116
model_agnostic_replication_behavior-415f7410d8ae0f39-m0,bandit,11.875,7.849383876080915
model_agnostic_replication_behavior-415f7410d8ae0f39-m1,bandit,7.5,7.852846888943273
model_agnostic_replication_behavior-4169167df74afa58-m0,bandit,15.28125,14.247657459271585
model_agnostic_replication_behavior-4169167df74afa58-m1,bandit,13.25,14.251120472133943
model_agnostic_replication_behavior-417da2de94b6ac91-m0,waiting,6.375,4.533596258116092
model_agnostic_replication_behavior-417da2de94b6ac91-m1,waiting,6.0,4.522621734215642
model_agnostic_replication_behavior-41b844ea38cdf123-m0,debugging,-1.5,-2.0021676467962344
model_agnostic_replication_behavior-41b844ea38cdf123-m1,debugging,1.5000000000000002,-0.5203198273701518
model_agnostic_replication_behavior-41fbe20576b79ba0-m0,waiting,0.6171875000000001,3.237914685415906
model_agnostic_replication_behavior-41fbe20576b79ba0-m1,waiting,-0.16406250000000003,3.226940161515456
model_agnostic_replication_behavior-422d1cc9bbd937c5-m0,solvability,7.625,3.5070443638999578
model_agnostic_replication_behavior-422d1cc9bbd937c5-m1,solvability,6.875,3.6150419877913467
model_agnostic_replication_behavior-4261508a5f90395d-m0,information_sampling,2.25,0.6606952297473758
model_agnostic_replication_behavior-4261508a5f90395d-m1,information_sampling,-1.25,-1.3362755089645417
model_agnostic_replication_behavior-429755b2bc8be225-m0,debugging,-0.6249999999999999,-2.178746283519516
model_agnostic_replication_behavior-429755b2bc8be225-m1,debugging,3.5,-0.6968984640934337
model_agnostic_replication_behavior-435eabe83e061f49-m0,foraging,-6.875,-1.6348380391097863
model_agnostic_replication_behavior-435eabe83e061f49-m1,foraging,-6.75,-1.243355741029923
model_agnostic_replication_behavior-436a11e19cb56f8f-m0,information_sampling,3.125,2.016443127679575
model_agnostic_replication_behavior-436a11e19cb56f8f-m1,information_sampling,0.8750000000000001,0.019472388967658016
model_agnostic_replication_behavior-438038cf39a92aee-m0,effort,-1.0000000000000002,-2.542994629165829
model_agnostic_replication_behavior-438038cf39a92aee-m1,effort,-0.5,-2.892694093342622
model_agnostic_replication_behavior-43908fc217e4aa4e-m0,information_sampling,3.5,3.08039930595955
model_agnostic_replication_behavior-43908fc217e4aa4e-m1,information_sampling,2.625,1.083428567247633
model_agnostic_replication_behavior-43c690cc39fa343b-m0,waiting,0.625,1.4344141189906803
model_agnostic_replication_behavior-43c690cc39fa343b-m1,waiting,-2.875,1.42343959509023
model_agnostic_replication_behavior-43d53f23a598e80a-m0,solvability,-4.125,-0.4112978309706521
model_agnostic_replication_behavior-43d53f23a598e80a-m1,solvability,-4.875,-0.30330020707926364
model_agnostic_replication_behavior-43e2296fc0ab9dbd-m0,effort,0.5,-1.5943542957952483
model_agnostic_replication_behavior-43e2296fc0ab9dbd-m1,effort,2.5,-1.9440537599720416
model_agnostic_replication_behavior-44071681811add4a-m0,effort,-6.625,-5.833491408360797
model_agnostic_replication_behavior-44071681811add4a-m1,effort,-6.125,-6.18319087253759
model_agnostic_replication_behavior-441936621d27debf-m0,foraging,5.0,6.368986771264324
model_agnostic_replication_behavior-441936621d27debf-m1,foraging,5.25,6.760469069344188
model_agnostic_replication_behavior-4429a771ace4b099-m0,solvability,4.125,-0.2690072377541657
model_agnostic_replication_behavior-4429a771ace4b099-m1,solvability,3.875,-0.16100961386277723
model_agnostic_replication_behavior-44349dae1dd68fcb-m0,information_sampling,2.375,2.5129224080227184
model_agnostic_replication_behavior-44349dae1dd68fcb-m1,information_sampling,2.5,0.5159516693108008
model_agnostic_replication_behavior-44457fbfce177a7b-m0,waiting,-0.12500000000000006,-1.0515032162221158
model_agnostic_replication_behavior-44457fbfce177a7b-m1,waiting,-0.25,-1.062477740122566
model_agnostic_replication_behavior-445d70836c190b50-m0,information_sampling,4.5,4.47913824470578
model_agnostic_replication_behavior-445d70836c190b50-m1,information_sampling,2.875,2.4821675059938624
model_agnostic_replication_behavior-44a01d3134259f96-m0,information_sampling,3.125,1.609914919685528
model_agnostic_replication_behavior-44a01d3134259f96-m1,information_sampling,-0.7500000000000001,-0.3870558190263895
model_agnostic_replication_behavior-44bc2e7a5cc3eb3c-m0,waiting,0.734375,8.423292736517263
model_agnostic_replication_behavior-44bc2e7a5cc3eb3c-m1,waiting,0.4062499999999999,8.412318212616814
model_agnostic_replication_behavior-44ed84140cf0eca6-m0,effort,4.875,4.038763296052092
model_agnostic_replication_behavior-44ed84140cf0eca6-m1,effort,4.25,3.689063831875299
model_agnostic_replication_behavior-44efb09f649b8daf-m0,information_sampling,5.0,2.8310665599244222
model_agnostic_replication_behavior-44efb09f649b8daf-m1,information_sampling,2.75,0.8340958212125047
model_agnostic_replication_behavior-451d1feccd57ea68-m0,foraging,3.125,2.0711902834443108
model_agnostic_replication_behavior-451d1feccd57ea68-m1,foraging,-2.0,2.4626725815241746
model_agnostic_replication_behavior-458a67123178d28d-m0,solvability,-10.9375,-8.933364936171722
model_agnostic_replication_behavior-458a67123178d28d-m1,solvability,-8.8125,-8.825367312280333
model_agnostic_replication_behavior-459683604851eadd-m0,foraging,-7.5,-7.3924876067536545
model_agnostic_replication_behavior-459683604851eadd-m1,foraging,-6.125,-7.001005308673792
model_agnostic_replication_behavior-45c02c84e0d8a231-m0,foraging,-3.5,-1.7453942011554482
model_agnostic_replication_behavior-45c02c84e0d8a231-m1,foraging,-3.625,-1.3539119030755844
model_agnostic_replication_behavior-45d25567b3d8185a-m0,solvability,8.125,2.1434474305875875
model_agnostic_replication_behavior-45d25567b3d8185a-m1,solvability,6.25,2.251445054478976
model_agnostic_replication_behavior-45f1d4e0684c78bf-m0,effort,1.236328125,-0.7382819268435392
model_agnostic_replication_behavior-45f1d4e0684c78bf-m1,effort,-1.28125,-1.0879813910203326
model_agnostic_replication_behavior-460cbc7b41ebcb49-m0,foraging,3.375,1.389601262172921
model_agnostic_replication_behavior-460cbc7b41ebcb49-m1,foraging,3.875,1.7810835602527848
model_agnostic_replication_behavior-460fa98801833e43-m0,solvability,2.125,2.195815293103921
model_agnostic_replication_behavior-460fa98801833e43-m1,solvability,4.5,2.3038129169953097
model_agnostic_replication_behavior-46280498a1c8f592-m0,debugging,-4.5,-3.2917478280506582
model_agnostic_replication_behavior-46280498a1c8f592-m1,debugging,-2.375,-1.8099000086245758
model_agnostic_replication_behavior-46582f4c674c4be4-m0,waiting,4.625,3.6909649121201498
model_agnostic_replication_behavior-46582f4c674c4be4-m1,waiting,5.125,3.679990388219699
model_agnostic_replication_behavior-469d23a5a73b138c-m0,debugging,-6.375,-4.869899475214638
model_agnostic_replication_behavior-469d23a5a73b138c-m1,debugging,-4.625,-3.388051655788556
model_agnostic_replication_behavior-46dc7e910f9443a9-m0,bandit,-9.9375,-9.081764308259599
model_agnostic_replication_behavior-46dc7e910f9443a9-m1,bandit,-10.4375,-9.07830129539724
model_agnostic_replication_behavior-46e5b6ca82a3b07d-m0,waiting,0.8828125000000001,12.906710379313896
model_agnostic_replication_behavior-46e5b6ca82a3b07d-m1,waiting,-0.5026855468749999,12.895735855413445
model_agnostic_replication_behavior-46ed10d3dff14252-m0,information_sampling,-2.625,0.1259297828047563
model_agnostic_replication_behavior-46ed10d3dff14252-m1,information_sampling,-4.5,-1.8710409559071612
model_agnostic_replication_behavior-471fad0e4db6f108-m0,solvability,-10.1875,-8.702644006916612
model_agnostic_replication_behavior-471fad0e4db6f108-m1,solvability,-8.625,-8.594646383025223
model_agnostic_replication_behavior-473a8050c87b6ae1-m0,debugging,-4.75,-4.743671453580047
model_agnostic_replication_behavior-473a8050c87b6ae1-m1,debugging,-2.125,-3.261823634153965
model_agnostic_replication_behavior-4758528d91e62af8-m0,waiting,6.5,7.345279416301435
model_agnostic_replication_behavior-4758528d91e62af8-m1,waiting,5.875,7.334304892400985
model_agnostic_replication_behavior-4761651ee044b406-m0,foraging,-4.25,-5.013357001686402
model_agnostic_replication_behavior-4761651ee044b406-m1,foraging,-4.5,-4.621874703606539
model_agnostic_replication_behavior-4775fdbbdf6eb681-m0,solvability,-10.375,-12.451275936653408
model_agnostic_replication_behavior-4775fdbbdf6eb681-m1,solvability,-9.0625,-12.343278312762019
model_agnostic_replication_behavior-479e70be2d880f91-m0,solvability,-2.125,2.389088252040917
model_agnostic_replication_behavior-479e70be2d880f91-m1,solvability,-0.7500000000000001,2.497085875932306
model_agnostic_replication_behavior-47c88213afeb2101-m0,effort,-5.375,-5.091222922010414
model_agnostic_replication_behavior-47c88213afeb2101-m1,effort,-5.25,-5.440922386187207
model_agnostic_replication_behavior-4807f0f85615f2df-m0,foraging,-4.75,-5.093291609450303
model_agnostic_replication_behavior-4807f0f85615f2df-m1,foraging,-3.5,-4.70180931137044
model_agnostic_replication_behavior-486b1fc51df05a4b-m0,bandit,-5.375,-6.025669075056278
model_agnostic_replication_behavior-486b1fc51df05a4b-m1,bandit,-6.5,-6.02220606219392
model_agnostic_replication_behavior-4879da7392bfdd38-m0,solvability,10.375,7.532145673052006
model_agnostic_replication_behavior-4879da7392bfdd38-m1,solvability,8.8125,7.640143296943395
model_agnostic_replication_behavior-487cd40c964881e9-m0,effort,-4.75,-3.225493203824917
model_agnostic_replication_behavior-487cd40c964881e9-m1,effort,-5.125,-3.5751926680017103
model_agnostic_replication_behavior-488bf6b801f4b7eb-m0,foraging,8.875,3.9940093625526267
model_agnostic_replication_behavior-488bf6b801f4b7eb-m1,foraging,8.375,4.385491660632491
model_agnostic_replication_behavior-488f4fb06e037962-m0,bandit,7.25,1.640184558008897
model_agnostic_replication_behavior-488f4fb06e037962-m1,bandit,7.375,1.6436475708712557
model_agnostic_replication_behavior-48b6bb28f063be9e-m0,solvability,7.125,4.546074946426827
model_agnostic_replication_behavior-48b6bb28f063be9e-m1,solvability,7.25,4.654072570318215
model_agnostic_replication_behavior-4904753911c41b3c-m0,waiting,-2.75,-1.4310778821755847
model_agnostic_replication_behavior-4904753911c41b3c-m1,waiting,-1.0000000000000002,-1.4420524060760351
model_agnostic_replication_behavior-49821e568be01095-m0,effort,5.625,5.44774391741136
model_agnostic_replication_behavior-49821e568be01095-m1,effort,4.625,5.098044453234567
model_agnostic_replication_behavior-498bb4a71080fc92-m0,bandit,-5.875,-2.4773423690177925
model_agnostic_replication_behavior-498bb4a71080fc92-m1,bandit,-3.0,-2.4738793561554333
model_agnostic_replication_behavior-49b22ef9afd95aeb-m0,effort,-2.625,-3.0451144452584025
model_agnostic_replication_behavior-49b22ef9afd95aeb-m1,effort,-3.125,-3.3948139094351957
model_agnostic_replication_behavior-49b3b15146155329-m0,bandit,2.875,-1.8104876551181452
model_agnostic_replication_behavior-49b3b15146155329-m1,bandit,3.5,-1.8070246422557867
model_agnostic_replication_behavior-49bcc15a0b913295-m0,effort,0.37499999999999994,-0.32139571530391076
model_agnostic_replication_behavior-49bcc15a0b913295-m1,effort,-1.0000000000000002,-0.6710951794807042
model_agnostic_replication_behavior-49d071ff1f813f62-m0,solvability,-8.125,-8.166491741903435
model_agnostic_replication_behavior-49d071ff1f813f62-m1,solvability,-6.125,-8.058494118012046
model_agnostic_replication_behavior-4a7b5ad56680bca1-m0,waiting,-4.625,-3.660155552647567
model_agnostic_replication_behavior-4a7b5ad56680bca1-m1,waiting,-6.625,-3.671130076548017
model_agnostic_replication_behavior-4aa1014849392967-m0,information_sampling,-1.5,0.44581184353291015
model_agnostic_replication_behavior-4aa1014849392967-m1,information_sampling,-4.125,-1.5511588951790074
model_agnostic_replication_behavior-4ad1270e05dda426-m0,effort,-4.875,-1.920999986692779
model_agnostic_replication_behavior-4ad1270e05dda426-m1,effort,-3.875,-2.2706994508695724
model_agnostic_replication_behavior-4b2cf155a98f6e01-m0,waiting,-0.12500000000000006,2.0580532523427304
model_agnostic_replication_behavior-4b2cf155a98f6e01-m1,waiting,1.8749999999999998,2.0470787284422802
model_agnostic_replication_behavior-4b58bb0986b54e04-m0,waiting,-7.375,-1.7022616473498626
model_agnostic_replication_behavior-4b58bb0986b54e04-m1,waiting,-6.75,-1.7132361712503128
model_agnostic_replication_behavior-4b5ac132f41add9c-m0,information_sampling,-2.375,-0.9508659330525933
model_agnostic_replication_behavior-4b5ac132f41add9c-m1,information_sampling,-4.75,-2.9478366717645113
model_agnostic_replication_behavior-4b6356612e087bae-m0,effort,-3.125,-4.5541111263943
model_agnostic_replication_behavior-4b6356612e087bae-m1,effort,-4.25,-4.903810590571093
model_agnostic_replication_behavior-4bd7e2326d6486ca-m0,information_sampling,3.375,1.8516535213855025
model_agnostic_replication_behavior-4bd7e2326d6486ca-m1,information_sampling,2.25,-0.145317217326415
model_agnostic_replication_behavior-4bde13d3b570cbc3-m0,solvability,9.0,3.6307942905621156
model_agnostic_replication_behavior-4bde13d3b570cbc3-m1,solvability,7.625,3.738791914453503
model_agnostic_replication_behavior-4bfb098c98fbc34b-m0,solvability,-7.125,-6.942311743591975
model_agnostic_replication_behavior-4bfb098c98fbc34b-m1,solvability,-7.0,-6.834314119700585
model_agnostic_replication_behavior-4bfff062252264eb-m0,waiting,2.625,1.3741341450688114
model_agnostic_replication_behavior-4bfff062252264eb-m1,waiting,2.875,1.3631596211683612
model_agnostic_replication_behavior-4cbad93157baede0-m0,solvability,9.0625,5.576957918908804
model_agnostic_replication_behavior-4cbad93157baede0-m1,solvability,8.375,5.684955542800194
model_agnostic_replication_behavior-4cc6e7164db99b0d-m0,foraging,2.375,-0.5054525021951611
model_agnostic_replication_behavior-4cc6e7164db99b0d-m1,foraging,3.375,-0.11397020411529779
model_agnostic_replication_behavior-4ccd56a8da1c763f-m0,bandit,-12.5625,-10.332667620406696
model_agnostic_replication_behavior-4ccd56a8da1c763f-m1,bandit,-10.25,-10.329204607544337
model_agnostic_replication_behavior-4d389fdb50712472-m0,bandit,4.5,2.247098700939339
model_agnostic_replication_behavior-4d389fdb50712472-m1,bandit,3.875,2.250561713801698
model_agnostic_replication_behavior-4df164ea7824161f-m0,waiting,-5.625,-0.09821222595792678
model_agnostic_replication_behavior-4df164ea7824161f-m1,waiting,-6.0,-0.10918674985837695
model_agnostic_replication_behavior-4e091662b3ecfce4-m0,effort,7.125,5.693912331682933
model_agnostic_replication_behavior-4e091662b3ecfce4-m1,effort,5.5,5.3442128675061396
model_agnostic_replication_behavior-4e882a59836b6e2a-m0,solvability,-4.0,0.30944052735946626
model_agnostic_replication_behavior-4e882a59836b6e2a-m1,solvability,-2.625,0.4174381512508547
model_agnostic_replication_behavior-4ed999c6211875b1-m0,debugging,3.625,2.3184501354494707
model_agnostic_replication_behavior-4ed999c6211875b1-m1,debugging,5.125,3.8002979548755533
model_agnostic_replication_behavior-4eef65831fb8a9a2-m0,waiting,-2.25,0.12893095771834295
model_agnostic_replication_behavior-4eef65831fb8a9a2-m1,waiting,-3.375,0.11795643381789256
model_agnostic_replication_behavior-4ef704fc6226cf0e-m0,effort,4.125,2.5748143330523257
model_agnostic_replication_behavior-4ef704fc6226cf0e-m1,effort,3.0,2.2251148688755324
model_agnostic_replication_behavior-4f0fd88970b12988-m0,effort,6.0,5.121685734772242
model_agnostic_replication_behavior-4f0fd88970b12988-m1,effort,4.375,4.771986270595449
model_agnostic_replication_behavior-4f43ba3e37d5cfe6-m0,solvability,2.75,2.913900236158291
model_agnostic_replication_behavior-4f43ba3e37d5cfe6-m1,solvability,3.25,3.0218978600496795
model_agnostic_replication_behavior-4f627e1686710571-m0,effort,8.75,2.8155267942780355
model_agnostic_replication_behavior-4f627e1686710571-m1,effort,5.75,2.4658273301012423
model_agnostic_replication_behavior-4f6a3e04f93c00c5-m0,waiting,9.5,7.124470408180605
model_agnostic_replication_behavior-4f6a3e04f93c00c5-m1,waiting,9.125,7.113495884280155
model_agnostic_replication_behavior-4f905fd9204b7b49-m0,bandit,9.0,2.982600094433677
model_agnostic_replication_behavior-4f905fd9204b7b49-m1,bandit,8.75,2.9860631072960357
model_agnostic_replication_behavior-4ffced0392759a83-m0,effort,1.0,1.7455781513840825
model_agnostic_replication_behavior-4ffced0392759a83-m1,effort,1.8749999999999998,1.3958786872072892
model_agnostic_replication_behavior-509fc0192da2022d-m0,waiting,7.875,5.105073554907019
model_agnostic_replication_behavior-509fc0192da2022d-m1,waiting,7.75,5.094099031006568
model_agnostic_replication_behavior-50e234967447e8a7-m0,effort,2.375,3.8186894459157528
model_agnostic_replication_behavior-50e234967447e8a7-m1,effort,1.8749999999999998,3.4689899817389596
model_agnostic_replication_behavior-50e43c8d119440a9-m0,waiting,3.25,3.186323281000683
model_agnostic_replication_behavior-50e43c8d119440a9-m1,waiting,2.375,3.1753487571002323
model_agnostic_replication_behavior-51620b8355d53665-m0,bandit,4.625,4.724237873113747
model_agnostic_replication_behavior-51620b8355d53665-m1,bandit,5.75,4.727700885976107
model_agnostic_replication_behavior-51b6d4b4b1319432-m0,solvability,-7.5,-5.851720285484369
model_agnostic_replication_behavior-51b6d4b4b1319432-m1,solvability,-6.75,-5.74372266159298
model_agnostic_replication_behavior-51f61c105fb3584d-m0,foraging,-2.0,-1.4632468432044845
model_agnostic_replication_behavior-51f61c105fb3584d-m1,foraging,-1.875,-1.0717645451246212
model_agnostic_replication_behavior-5221b4e7ed9fd987-m0,effort,-0.8750000000000002,-1.2844863901605488
model_agnostic_replication_behavior-5221b4e7ed9fd987-m1,effort,-1.7499999999999998,-1.634185854337342
model_agnostic_replication_behavior-522537fcd588bc98-m0,information_sampling,3.625,1.002235449242018
model_agnostic_replication_behavior-522537fcd588bc98-m1,information_sampling,1.25,-0.9947352894698995
model_agnostic_replication_behavior-523c4ef283595988-m0,information_sampling,-2.625,0.01488588482642772
model_agnostic_replication_behavior-523c4ef283595988-m1,information_sampling,-5.75,-1.9820848538854894
model_agnostic_replication_behavior-525787ad169b4b4f-m0,debugging,-5.125,-2.6452689129804536
model_agnostic_replication_behavior-525787ad169b4b4f-m1,debugging,-4.625,-1.163421093554371
model_agnostic_replication_behavior-526d048d618540ab-m0,solvability,-3.125,-1.2357495251937622
model_agnostic_replication_behavior-526d048d618540ab-m1,solvability,-3.375,-1.1277519013023736
model_agnostic_replication_behavior-529abcc99037b0c5-m0,bandit,0.18749999999999997,11.069457993275051
model_agnostic_replication_behavior-529abcc99037b0c5-m1,bandit,0.671875,11.07292100613741
model_agnostic_replication_behavior-52a114999f345020-m0,bandit,-3.0,-2.5005213382781544
model_agnostic_replication_behavior-52a114999f345020-m1,bandit,-4.75,-2.4970583254157956
model_agnostic_replication_behavior-52c8688663bff0ad-m0,debugging,-3.625,-0.730149024278842
model_agnostic_replication_behavior-52c8688663bff0ad-m1,debugging,-1.25,0.7516987951472416
model_agnostic_replication_behavior-52f00f8c236224e0-m0,debugging,-5.625,-1.8342225937259793
model_agnostic_replication_behavior-52f00f8c236224e0-m1,debugging,-3.25,-0.35237477429989683
model_agnostic_replication_behavior-531112c61f78fe8d-m0,foraging,-5.5,-5.407743617567579
model_agnostic_replication_behavior-531112c61f78fe8d-m1,foraging,-4.125,-5.016261319487716
model_agnostic_replication_behavior-532ccb12f35d6253-m0,information_sampling,3.75,2.4050547225766454
model_agnostic_replication_behavior-532ccb12f35d6253-m1,information_sampling,3.125,0.40808398386472766
model_agnostic_replication_behavior-5362105bbcbe0b90-m0,foraging,-5.125,-1.96919886219325
model_agnostic_replication_behavior-5362105bbcbe0b90-m1,foraging,-3.875,-1.577716564113386
model_agnostic_replication_behavior-5393a1c349454d35-m0,debugging,-3.5,-3.1227273244607883
model_agnostic_replication_behavior-5393a1c349454d35-m1,debugging,-2.125,-1.6408795050347051
model_agnostic_replication_behavior-53c7fd6e11f67252-m0,solvability,6.0,1.2258649024668664
model_agnostic_replication_behavior-53c7fd6e11f67252-m1,solvability,5.0,1.333862526358255
model_agnostic_replication_behavior-53cccb4c2339b1d4-m0,information_sampling,2.5,5.674717930310853
model_agnostic_replication_behavior-53cccb4c2339b1d4-m1,information_sampling,2.125,3.677747191598935
model_agnostic_replication_behavior-544ea603a750e186-m0,bandit,8.25,3.6918479633416865
model_agnostic_replication_behavior-544ea603a750e186-m1,bandit,6.125,3.6953109762040453
model_agnostic_replication_behavior-5454fa682cb71c20-m0,waiting,2.875,2.928215838502617
model_agnostic_replication_behavior-5454fa682cb71c20-m1,waiting,1.5000000000000002,2.9172413146021667
model_agnostic_replication_behavior-54e2895ef72fc300-m0,effort,-9.5,-4.9304048113636085
model_agnostic_replication_behavior-54e2895ef72fc300-m1,effort,-8.0,-5.280104275540402
model_agnostic_replication_behavior-552da6de29b9cec7-m0,waiting,3.625,2.2761935848860344
model_agnostic_replication_behavior-552da6de29b9cec7-m1,waiting,4.875,2.265219060985584
model_agnostic_replication_behavior-5534a49a0bfd2a49-m0,effort,3.25,1.6020926072630155
model_agnostic_replication_behavior-5534a49a0bfd2a49-m1,effort,4.125,1.2523931430862223
model_agnostic_replication_behavior-55a3f6925a08c7dc-m0,effort,5.375,4.134439238949076
model_agnostic_replication_behavior-55a3f6925a08c7dc-m1,effort,4.125,3.7847397747722833
model_agnostic_replication_behavior-55d4d622e6a5f777-m0,information_sampling,3.75,4.564177842810929
model_agnostic_replication_behavior-55d4d622e6a5f777-m1,information_sampling,3.125,2.567207104099012
model_agnostic_replication_behavior-55dde14d27c256b9-m0,bandit,-0.12500000000000006,1.0795292835878434
model_agnostic_replication_behavior-55dde14d27c256b9-m1,bandit,4.5,1.0829922964502026
model_agnostic_replication_behavior-55ec41ba10aaa29b-m0,waiting,4.625,3.0396872258063965
model_agnostic_replication_behavior-55ec41ba10aaa29b-m1,waiting,6.25,3.0287127019059463
model_agnostic_replication_behavior-56166a66cf1d3d0b-m0,foraging,-2.125,-0.6782907587002852
model_agnostic_replication_behavior-56166a66cf1d3d0b-m1,foraging,-1.625,-0.28680846062042187
model_agnostic_replication_behavior-561e4bcc970d2512-m0,solvability,13.4375,10.917409210149199
model_agnostic_replication_behavior-561e4bcc970d2512-m1,solvability,13.4375,11.025406834040588
model_agnostic_replication_behavior-5626f51e4982a764-m0,foraging,3.25,3.167237143021244
model_agnostic_replication_behavior-5626f51e4982a764-m1,foraging,3.5,3.558719441101107
model_agnostic_replication_behavior-5665233533bc698c-m0,foraging,-0.5078125,-3.793592739621113
model_agnostic_replication_behavior-5665233533bc698c-m1,foraging,0.15625000000000014,-3.40211044154125
model_agnostic_replication_behavior-5673fc97d3eb09d8-m0,information_sampling,4.375,1.6738508387269582
model_agnostic_replication_behavior-5673fc97d3eb09d8-m1,information_sampling,2.625,-0.3231198999849596
model_agnostic_replication_behavior-56ae6336b1a0322f-m0,solvability,-3.5,-1.568521338742969
model_agnostic_replication_behavior-56ae6336b1a0322f-m1,solvability,-2.125,-1.460523714851581
model_agnostic_replication_behavior-5725174159c27cdf-m0,information_sampling,3.875,2.3767565989447688
model_agnostic_replication_behavior-5725174159c27cdf-m1,information_sampling,1.5000000000000002,0.3797858602328503
model_agnostic_replication_behavior-572bc99f9e6a6f14-m0,effort,-6.625,-4.985816885960808
model_agnostic_replication_behavior-572bc99f9e6a6f14-m1,effort,-6.125,-5.335516350137601
model_agnostic_replication_behavior-573f5b34875115a1-m0,solvability,12.625,7.75115751136492
model_agnostic_replication_behavior-573f5b34875115a1-m1,solvability,11.8125,7.859155135256309
model_agnostic_replication_behavior-5752dd5eb8701349-m0,effort,-5.25,-5.078266219089084
model_agnostic_replication_behavior-5752dd5eb8701349-m1,effort,-5.125,-5.427965683265878
model_agnostic_replication_behavior-5758f6e5429daad8-m0,bandit,10.0,4.079883649825423
model_agnostic_replication_behavior-5758f6e5429daad8-m1,bandit,8.375,4.083346662687782
model_agnostic_replication_behavior-57851d72e088e3d0-m0,effort,3.0,2.9884509020658028
model_agnostic_replication_behavior-57851d72e088e3d0-m1,effort,3.625,2.6387514378890096
model_agnostic_replication_behavior-57891464a4d40415-m0,debugging,-5.25,-0.8666647898072319
model_agnostic_replication_behavior-57891464a4d40415-m1,debugging,-4.375,0.6151830296188507
model_agnostic_replication_behavior-578fb89988e5862f-m0,debugging,-5.625,0.08833176866944359
model_agnostic_replication_behavior-578fb89988e5862f-m1,debugging,-4.5,1.5701795880955265
model_agnostic_replication_behavior-5790c57e72b6df0b-m0,waiting,6.5,5.324089512473325
model_agnostic_replication_behavior-5790c57e72b6df0b-m1,waiting,7.0,5.313114988572874
model_agnostic_replication_behavior-581192d82e188dee-m0,debugging,4.25,3.29376844711745
model_agnostic_replication_behavior-581192d82e188dee-m1,debugging,6.25,4.775616266543533
model_agnostic_replication_behavior-58401eaf774a31f3-m0,effort,5.625,4.364037212337271
model_agnostic_replication_behavior-58401eaf774a31f3-m1,effort,4.5,4.014337748160478
model_agnostic_replication_behavior-5878cabd96cf26d6-m0,information_sampling,0.37499999999999994,0.3559633815674359
model_agnostic_replication_behavior-5878cabd96cf26d6-m1,information_sampling,-2.375,-1.6410073571444816
model_agnostic_replication_behavior-58c6daab1c11174e-m0,foraging,-3.125,-2.0317872050807613
model_agnostic_replication_behavior-58c6daab1c11174e-m1,foraging,-0.8750000000000002,-1.6403049070008977
model_agnostic_replication_behavior-58d8026566606166-m0,waiting,9.25,10.636030388547125
model_agnostic_replication_behavior-58d8026566606166-m1,waiting,9.6875,10.625055864646676
model_agnostic_replication_behavior-58fbd6f086765ff8-m0,debugging,-9.75,-9.860756100986151
model_agnostic_replication_behavior-58fbd6f086765ff8-m1,debugging,-7.5,-8.378908281560069
model_agnostic_replication_behavior-592e9140ff981b73-m0,waiting,7.375,8.293347763724787
model_agnostic_replication_behavior-592e9140ff981b73-m1,waiting,7.75,8.282373239824338
model_agnostic_replication_behavior-596f7e9576156026-m0,effort,-1.375,0.5125413281141601
model_agnostic_replication_behavior-596f7e9576156026-m1,effort,-1.375,0.16284186393736688
model_agnostic_replication_behavior-599a19dbc03d60a7-m0,bandit,-3.875,-1.6019552826908037
model_agnostic_replication_behavior-599a19dbc03d60a7-m1,bandit,-5.625,-1.5984922698284445
model_agnostic_replication_behavior-59ad83ddf97e0143-m0,bandit,6.75,2.5224628332412546
model_agnostic_replication_behavior-59ad83ddf97e0143-m1,bandit,7.25,2.525925846103613
model_agnostic_replication_behavior-59bcff70b9e24a74-m0,bandit,-5.625,-3.6133942284850376
model_agnostic_replication_behavior-59bcff70b9e24a74-m1,bandit,-3.625,-3.6099312156226793
model_agnostic_replication_behavior-59e08ff161cd25a6-m0,bandit,-11.375,-10.34387001427495
model_agnostic_replication_behavior-59e08ff161cd25a6-m1,bandit,-10.25,-10.34040700141259
model_agnostic_replication_behavior-59f06017e63ffe50-m0,effort,-1.625,0.993683882849897
model_agnostic_replication_behavior-59f06017e63ffe50-m1,effort,-1.0000000000000002,0.6439844186731037
model_agnostic_replication_behavior-59fb9259f8bbca66-m0,effort,-4.0,-4.773921906210612
model_agnostic_replication_behavior-59fb9259f8bbca66-m1,effort,-4.625,-5.123621370387406
model_agnostic_replication_behavior-5a1d1cb1b8d78270-m0,bandit,11.0625,4.724852902556987
model_agnostic_replication_behavior-5a1d1cb1b8d78270-m1,bandit,8.125,4.728315915419346
model_agnostic_replication_behavior-5a3b0b7aab65e085-m0,foraging,4.5,-0.523986034985605
model_agnostic_replication_behavior-5a3b0b7aab65e085-m1,foraging,4.0,-0.13250373690574158
model_agnostic_replication_behavior-5a3c3f6d0d3ad32e-m0,solvability,0.890625,2.824480663598332
model_agnostic_replication_behavior-5a3c3f6d0d3ad32e-m1,solvability,1.203125,2.9324782874897197
model_agnostic_replication_behavior-5a3dd96da89ab6b5-m0,bandit,-7.75,-8.026886783651305
model_agnostic_replication_behavior-5a3dd96da89ab6b5-m1,bandit,-8.625,-8.023423770788945
model_agnostic_replication_behavior-5a62589b143e1e6b-m0,foraging,-0.8750000000000002,-1.0561701882785597
model_agnostic_replication_behavior-5a62589b143e1e6b-m1,foraging,3.75,-0.6646878901986958
model_agnostic_replication_behavior-5a701d7b3d8f25e7-m0,information_sampling,-0.7343749999999999,4.2440130052605936
model_agnostic_replication_behavior-5a701d7b3d8f25e7-m1,information_sampling,0.30468749999999994,2.2470422665486742
model_agnostic_replication_behavior-5aa4ed07227965f1-m0,effort,-2.375,-2.62216078158853
model_agnostic_replication_behavior-5aa4ed07227965f1-m1,effort,-3.0,-2.971860245765323
model_agnostic_replication_behavior-5ab9a5e47f89bb17-m0,foraging,5.375,2.330030496533093
model_agnostic_replication_behavior-5ab9a5e47f89bb17-m1,foraging,3.125,2.721512794612957
model_agnostic_replication_behavior-5ac4a33618114d61-m0,debugging,-4.375,-3.1740375039626034
model_agnostic_replication_behavior-5ac4a33618114d61-m1,debugging,-2.625,-1.6921896845365207
model_agnostic_replication_behavior-5b26e9ef4c4c7858-m0,effort,-6.875,-2.2603334025251978
model_agnostic_replication_behavior-5b26e9ef4c4c7858-m1,effort,-5.75,-2.610032866701991
model_agnostic_replication_behavior-5b6a4a0c617f15cb-m0,foraging,-6.25,-4.686977355898922
model_agnostic_replication_behavior-5b6a4a0c617f15cb-m1,foraging,-4.25,-4.295495057819058
model_agnostic_replication_behavior-5b831714becd5fb3-m0,information_sampling,4.875,5.001094796342272
model_agnostic_replication_behavior-5b831714becd5fb3-m1,information_sampling,4.0,3.0041240576303547
model_agnostic_replication_behavior-5b92fe60d8cdee6e-m0,solvability,-8.0,-6.923592268257559
model_agnostic_replication_behavior-5b92fe60d8cdee6e-m1,solvability,-6.375,-6.81559464436617
model_agnostic_replication_behavior-5bd991ed2f424c0f-m0,bandit,-2.375,1.0467968101198795
model_agnostic_replication_behavior-5bd991ed2f424c0f-m1,bandit,3.125,1.0502598229822384
model_agnostic_replication_behavior-5c04c6e103c60551-m0,effort,7.25,3.39998007270998
model_agnostic_replication_behavior-5c04c6e103c60551-m1,effort,4.875,3.050280608533187
model_agnostic_replication_behavior-5c57cdc846e8fbc4-m0,effort,5.0,1.628888040044155
model_agnostic_replication_behavior-5c57cdc846e8fbc4-m1,effort,3.0,1.2791885758673618
model_agnostic_replication_behavior-5c67701dc8178d46-m0,waiting,5.625,2.6719642758341102
model_agnostic_replication_behavior-5c67701dc8178d46-m1,waiting,5.25,2.66098975193366
model_agnostic_replication_behavior-5cadcf5d320db151-m0,effort,1.0,0.029419897107654247
model_agnostic_replication_behavior-5cadcf5d320db151-m1,effort,-0.12500000000000006,-0.32027956706913896
model_agnostic_replication_behavior-5cf4e3a862d5fbe3-m0,waiting,6.0,2.327343543337788
model_agnostic_replication_behavior-5cf4e3a862d5fbe3-m1,waiting,5.75,2.3163690194373374
model_agnostic_replication_behavior-5d2d175d608c0315-m0,bandit,-7.125,-4.518264878707697
model_agnostic_replication_behavior-5d2d175d608c0315-m1,bandit,-8.875,-4.514801865845338
model_agnostic_replication_behavior-5d7ed85be537a981-m0,information_sampling,6.0,5.492037847091631
model_agnostic_replication_behavior-5d7ed85be537a981-m1,information_sampling,3.625,3.495067108379714
model_agnostic_replication_behavior-5d7f871382944780-m0,solvability,8.5625,4.188793842796203
model_agnostic_replication_behavior-5d7f871382944780-m1,solvability,7.625,4.2967914666875915
model_agnostic_replication_behavior-5dc18e2e9cdc73f3-m0,bandit,8.25,2.7400876661051603
model_agnostic_replication_behavior-5dc18e2e9cdc73f3-m1,bandit,6.5,2.7435506789675195
model_agnostic_replication_behavior-5dc26b78f9ddaaaa-m0,bandit,-0.37499999999999994,1.968787802202741
model_agnostic_replication_behavior-5dc26b78f9ddaaaa-m1,bandit,1.125,1.9722508150650992
model_agnostic_replication_behavior-5e203daf0a1b254b-m0,solvability,1.1875,2.423142750650241
model_agnostic_replication_behavior-5e203daf0a1b254b-m1,solvability,0.890625,2.5311403745416294
model_agnostic_replication_behavior-5e387e966bb45636-m0,waiting,5.375,6.174766128342135
model_agnostic_replication_behavior-5e387e966bb45636-m1,waiting,6.25,6.163791604441685
model_agnostic_replication_behavior-5e7080e026c16251-m0,waiting,0.24999999999999992,1.03426452983415
model_agnostic_replication_behavior-5e7080e026c16251-m1,waiting,2.125,1.0232900059336998
model_agnostic_replication_behavior-5e902921682207f7-m0,effort,3.625,2.2359299592156665
model_agnostic_replication_behavior-5e902921682207f7-m1,effort,2.75,1.8862304950388733
model_agnostic_replication_behavior-5e947401a0fff6ac-m0,effort,-2.5,-2.457603561833281
model_agnostic_replication_behavior-5e947401a0fff6ac-m1,effort,-2.625,-2.807303026010074
model_agnostic_replication_behavior-5ec406c92ca5c045-m0,effort,5.75,4.72274117502615
model_agnostic_replication_behavior-5ec406c92ca5c045-m1,effort,4.875,4.373041710849357
model_agnostic_replication_behavior-5ecd6d7f5851d726-m0,effort,-2.625,-2.31348561580761
model_agnostic_replication_behavior-5ecd6d7f5851d726-m1,effort,-2.625,-2.663185079984403
model_agnostic_replication_behavior-5ee12bc856f177c9-m0,foraging,6.375,-0.3147446120888814
model_agnostic_replication_behavior-5ee12bc856f177c9-m1,foraging,4.125,0.07673768599098241
model_agnostic_replication_behavior-5f50067ffc620625-m0,information_sampling,3.875,2.05576390510872
model_agnostic_replication_behavior-5f50067ffc620625-m1,information_sampling,1.0,0.05879316639680243
model_agnostic_replication_behavior-5f86a4ca3f52f34a-m0,information_sampling,4.625,5.0538025660139585
model_agnostic_replication_behavior-5f86a4ca3f52f34a-m1,information_sampling,2.5,3.0568318273020414
model_agnostic_replication_behavior-5f883cd2252175ee-m0,waiting,8.9375,7.665264995132369
model_agnostic_replication_behavior-5f883cd2252175ee-m1,waiting,8.25,7.654290471231919
model_agnostic_replication_behavior-5fadc4c19efb4006-m0,effort,-4.375,-4.082434897095204
model_agnostic_replication_behavior-5fadc4c19efb4006-m1,effort,-3.75,-4.432134361271997
model_agnostic_replication_behavior-5fbfa38b7cbda6d3-m0,foraging,2.0,-0.5756597959474282
model_agnostic_replication_behavior-5fbfa38b7cbda6d3-m1,foraging,0.8750000000000001,-0.18417749786756485
model_agnostic_replication_behavior-5fe46460c07cb043-m0,foraging,-3.875,-3.718688037683124
model_agnostic_replication_behavior-5fe46460c07cb043-m1,foraging,-2.375,-3.32720573960326
model_agnostic_replication_behavior-600e7a249b36d3e8-m0,information_sampling,1.8749999999999998,0.4583031415277725
model_agnostic_replication_behavior-600e7a249b36d3e8-m1,information_sampling,-1.375,-1.5386675971841446
model_agnostic_replication_behavior-601be9f746c020cb-m0,information_sampling,2.75,3.171328576849934
model_agnostic_replication_behavior-601be9f746c020cb-m1,information_sampling,-2.0,1.1743578381380164
model_agnostic_replication_behavior-601e36bc8bfe9339-m0,information_sampling,1.25,3.107347239549438
model_agnostic_replication_behavior-601e36bc8bfe9339-m1,information_sampling,2.75,1.1103765008375208
model_agnostic_replication_behavior-6043cd20517c2ec9-m0,foraging,6.75,1.6724348551698827
model_agnostic_replication_behavior-6043cd20517c2ec9-m1,foraging,6.125,2.063917153249746
model_agnostic_replication_behavior-60659f01d55f9143-m0,solvability,-2.125,-1.2581180220162875
model_agnostic_replication_behavior-60659f01d55f9143-m1,solvability,-1.25,-1.150120398124899
model_agnostic_replication_behavior-607f31ffadb918f0-m0,bandit,13.0,7.345473836300166
model_agnostic_replication_behavior-607f31ffadb918f0-m1,bandit,11.4375,7.348936849162525
model_agnostic_replication_behavior-6092c4d532df81de-m0,effort,2.25,1.7183392611451231
model_agnostic_replication_behavior-6092c4d532df81de-m1,effort,3.0,1.36863979696833
model_agnostic_replication_behavior-60d5ea62c3b4b9f4-m0,bandit,9.9375,9.963340836651195
model_agnostic_replication_behavior-60d5ea62c3b4b9f4-m1,bandit,6.75,9.966803849513553
model_agnostic_replication_behavior-60f375b587cbc923-m0,waiting,-4.625,-2.2672678131998403
model_agnostic_replication_behavior-60f375b587cbc923-m1,waiting,-6.0,-2.2782423371002904
model_agnostic_replication_behavior-6101077c5854b4c6-m0,waiting,10.1875,8.35502745142915
model_agnostic_replication_behavior-6101077c5854b4c6-m1,waiting,9.8125,8.344052927528699
model_agnostic_replication_behavior-6106e25d27e35a5f-m0,information_sampling,5.625,6.315103718302279
model_agnostic_replication_behavior-6106e25d27e35a5f-m1,information_sampling,5.5,4.318132979590361
model_agnostic_replication_behavior-610b89fca2df76a2-m0,waiting,9.625,7.1359237657694905
model_agnostic_replication_behavior-610b89fca2df76a2-m1,waiting,9.125,7.124949241869039
model_agnostic_replication_behavior-6113f91ac737dddc-m0,information_sampling,6.25,5.527737711103611
model_agnostic_replication_behavior-6113f91ac737dddc-m1,information_sampling,3.75,3.5307669723916932
model_agnostic_replication_behavior-612146e7111a9040-m0,debugging,-3.75,-4.216012887332897
model_agnostic_replication_behavior-612146e7111a9040-m1,debugging,-4.25,-2.734165067906815
model_agnostic_replication_behavior-615c5894bd696b1d-m0,effort,3.5,2.0605233813017394
model_agnostic_replication_behavior-615c5894bd696b1d-m1,effort,2.125,1.7108239171249464
model_agnostic_replication_behavior-61bab03b7877e229-m0,foraging,-3.125,0.8375331617824205
model_agnostic_replication_behavior-61bab03b7877e229-m1,foraging,-3.5,1.2290154598622842
model_agnostic_replication_behavior-622576f8901553d2-m0,bandit,11.3125,6.924670128043503
model_agnostic_replication_behavior-622576f8901553d2-m1,bandit,10.375,6.928133140905861
model_agnostic_replication_behavior-6230a439f569f8db-m0,debugging,-4.0,0.757603267281894
model_agnostic_replication_behavior-6230a439f569f8db-m1,debugging,0.625,2.2394510867079767
model_agnostic_replication_behavior-6233c09337b6442f-m0,foraging,0.24999999999999992,-1.9714126056899544
model_agnostic_replication_behavior-6233c09337b6442f-m1,foraging,-1.25,-1.5799303076100906
model_agnostic_replication_behavior-62376fe3aa0921db-m0,debugging,-3.875,-1.1052735214250735
model_agnostic_replication_behavior-62376fe3aa0921db-m1,debugging,-2.875,0.37657429800100906
model_agnostic_replication_behavior-62397028b568bcca-m0,solvability,6.875,0.4621946777178081
model_agnostic_replication_behavior-62397028b568bcca-m1,solvability,6.0,0.5701923016091965
model_agnostic_replication_behavior-623f7b5c5ad391f2-m0,waiting,7.5,7.953221857961376
model_agnostic_replication_behavior-623f7b5c5ad391f2-m1,waiting,8.25,7.942247334060926
model_agnostic_replication_behavior-629136a9efe1146e-m0,waiting,7.25,7.680938088964228
model_agnostic_replication_behavior-629136a9efe1146e-m1,waiting,7.625,7.669963565063778
model_agnostic_replication_behavior-6324fb4c5137a3d7-m0,effort,7.875,7.869916875381586
model_agnostic_replication_behavior-6324fb4c5137a3d7-m1,effort,6.5,7.520217411204793
model_agnostic_replication_behavior-633803ec801a8361-m0,effort,1.8749999999999998,-0.3835503904310167
model_agnostic_replication_behavior-633803ec801a8361-m1,effort,0.625,-0.7332498546078101
model_agnostic_replication_behavior-6368b11428cbab5a-m0,solvability,-12.0,-9.581608633961379
model_agnostic_replication_behavior-6368b11428cbab5a-m1,solvability,-8.875,-9.47361101006999
model_agnostic_replication_behavior-638ddc873eda256d-m0,bandit,-4.75,-0.6864901375711829
model_agnostic_replication_behavior-638ddc873eda256d-m1,bandit,-4.875,-0.683027124708824
model_agnostic_replication_behavior-639c04c6902fca5b-m0,information_sampling,-0.7500000000000001,1.699022818469662
model_agnostic_replication_behavior-639c04c6902fca5b-m1,information_sampling,-0.37499999999999994,-0.297947920242256
model_agnostic_replication_behavior-639de2d52f328eb7-m0,solvability,-10.5,-9.811625551136533
model_agnostic_replication_behavior-639de2d52f328eb7-m1,solvability,-9.875,-9.703627927245146
model_agnostic_replication_behavior-63df0b182805f065-m0,information_sampling,2.375,3.1737473523586406
model_agnostic_replication_behavior-63df0b182805f065-m1,information_sampling,2.0,1.176776613646723
model_agnostic_replication_behavior-63e18f66a844a52d-m0,effort,1.25,0.7199741196730921
model_agnostic_replication_behavior-63e18f66a844a52d-m1,effort,1.8749999999999998,0.37027465549629857
model_agnostic_replication_behavior-63f036aa6f1d6831-m0,effort,2.25,0.42820751598567
model_agnostic_replication_behavior-63f036aa6f1d6831-m1,effort,2.125,0.07850805180887677
model_agnostic_replication_behavior-6405d99c270c2755-m0,bandit,-2.125,-2.6556572672552905
model_agnostic_replication_behavior-6405d99c270c2755-m1,bandit,-3.5,-2.652194254392932
model_agnostic_replication_behavior-64212767e757765c-m0,debugging,-5.0,-3.4174533339141675
model_agnostic_replication_behavior-64212767e757765c-m1,debugging,-3.125,-1.9356055144880842
model_agnostic_replication_behavior-643f42843117f083-m0,bandit,5.25,2.1844437669931045
model_agnostic_replication_behavior-643f42843117f083-m1,bandit,4.0,2.187906779855463
model_agnostic_replication_behavior-64aa2192710e7d42-m0,solvability,7.625,3.6026053821403305
model_agnostic_replication_behavior-64aa2192710e7d42-m1,solvability,5.0,3.710603006031718
model_agnostic_replication_behavior-64fce967120fa695-m0,solvability,-2.625,-5.580870728091763
model_agnostic_replication_behavior-64fce967120fa695-m1,solvability,-4.625,-5.472873104200375
model_agnostic_replication_behavior-65162e39c38e5db8-m0,effort,4.25,2.3146757901489137
model_agnostic_replication_behavior-65162e39c38e5db8-m1,effort,3.625,1.9649763259721205
model_agnostic_replication_behavior-656095579b43eb28-m0,information_sampling,3.125,5.133554966432097
model_agnostic_replication_behavior-656095579b43eb28-m1,information_sampling,2.0,3.1365842277201796
model_agnostic_replication_behavior-656a809a3dbcd6bd-m0,effort,-6.0,-7.6642301104419515
model_agnostic_replication_behavior-656a809a3dbcd6bd-m1,effort,-6.125,-8.013929574618745
model_agnostic_replication_behavior-65958bdac7f6c8a3-m0,solvability,-1.421875,-4.232580499640716
model_agnostic_replication_behavior-65958bdac7f6c8a3-m1,solvability,1.09375,-4.124582875749328
model_agnostic_replication_behavior-65f11026cc892904-m0,solvability,-0.37499999999999994,1.307076837343394
model_agnostic_replication_behavior-65f11026cc892904-m1,solvability,2.25,1.4150744612347825
model_agnostic_replication_behavior-65fab96187d772ae-m0,information_sampling,-2.375,-1.5080269076524169
model_agnostic_replication_behavior-65fab96187d772ae-m1,information_sampling,-5.0,-3.504997646364334
model_agnostic_replication_behavior-6618e4557e8cc921-m0,waiting,3.125,5.2937754915804796
model_agnostic_replication_behavior-6618e4557e8cc921-m1,waiting,4.75,5.2828009676800285
model_agnostic_replication_behavior-668b650574d3ac22-m0,foraging,2.625,-1.384926267153671
model_agnostic_replication_behavior-668b650574d3ac22-m1,foraging,0.8750000000000001,-0.9934439690738076
model_agnostic_replication_behavior-669bcbf6893e526f-m0,effort,6.375,3.787970106356384
model_agnostic_replication_behavior-669bcbf6893e526f-m1,effort,5.125,3.438270642179591
model_agnostic_replication_behavior-66c640a6c48d9703-m0,waiting,5.125,2.1230958674596674
model_agnostic_replication_behavior-66c640a6c48d9703-m1,waiting,4.875,2.112121343559217
model_agnostic_replication_behavior-66e1bc980339f284-m0,waiting,3.125,2.333459791643029
model_agnostic_replication_behavior-66e1bc980339f284-m1,waiting,1.25,2.3224852677425787
model_agnostic_replication_behavior-66f3d132267e77a9-m0,solvability,-3.0,-2.804506482539468
model_agnostic_replication_behavior-66f3d132267e77a9-m1,solvability,-4.375,-2.6965088586480794
model_agnostic_replication_behavior-67008621f5409878-m0,waiting,7.5,5.784166270719462
model_agnostic_replication_behavior-67008621f5409878-m1,waiting,8.25,5.773191746819012
model_agnostic_replication_behavior-67095842611af360-m0,waiting,10.6875,11.856473065911274
model_agnostic_replication_behavior-67095842611af360-m1,waiting,10.125,11.845498542010823
model_agnostic_replication_behavior-6730abb08d10a71a-m0,foraging,0.625,-0.6041363294549916
model_agnostic_replication_behavior-6730abb08d10a71a-m1,foraging,3.25,-0.21265403137512784
model_agnostic_replication_behavior-67ab4dc5f29d1a3e-m0,bandit,6.125,2.3599761074727907
model_agnostic_replication_behavior-67ab4dc5f29d1a3e-m1,bandit,5.0,2.36343912033515
model_agnostic_replication_behavior-67c15091b8b02790-m0,information_sampling,3.5,2.5183889408461346
model_agnostic_replication_behavior-67c15091b8b02790-m1,information_sampling,3.5,0.5214182021342173
model_agnostic_replication_behavior-67f1f43fd372a5e6-m0,debugging,3.875,1.8004417259589363
model_agnostic_replication_behavior-67f1f43fd372a5e6-m1,debugging,5.375,3.2822895453850185
model_agnostic_replication_behavior-681f45967e5099d4-m0,information_sampling,2.875,3.1458446505326574
model_agnostic_replication_behavior-681f45967e5099d4-m1,information_sampling,2.875,1.1488739118207398
model_agnostic_replication_behavior-6835cdf4e8e9ee72-m0,waiting,3.625,1.4761436739667366
model_agnostic_replication_behavior-6835cdf4e8e9ee72-m1,waiting,4.5,1.465169150066286
model_agnostic_replication_behavior-68380dc32add63fe-m0,debugging,-6.0,-5.326921722683076
model_agnostic_replication_behavior-68380dc32add63fe-m1,debugging,-4.625,-3.845073903256993
model_agnostic_replication_behavior-68a80c858c865a6f-m0,information_sampling,4.875,3.144166985455441
model_agnostic_replication_behavior-68a80c858c865a6f-m1,information_sampling,1.25,1.1471962467435237
model_agnostic_replication_behavior-68ae11c4abe9a4ae-m0,debugging,-0.37499999999999994,-1.1351867015702843
model_agnostic_replication_behavior-68ae11c4abe9a4ae-m1,debugging,1.25,0.3466611178557987
model_agnostic_replication_behavior-68e05cead3863265-m0,solvability,-1.7499999999999998,-2.5198405065750844
model_agnostic_replication_behavior-68e05cead3863265-m1,solvability,-0.7500000000000001,-2.411842882683696
model_agnostic_replication_behavior-68f3cef6eeb9d4af-m0,information_sampling,0.0,-0.39202307210021337
model_agnostic_replication_behavior-68f3cef6eeb9d4af-m1,information_sampling,-2.5,-2.3889938108121305
model_agnostic_replication_behavior-690f7412fdbe91e6-m0,waiting,0.7500000000000002,1.3581360001535476
model_agnostic_replication_behavior-690f7412fdbe91e6-m1,waiting,2.0,1.3471614762530975
model_agnostic_replication_behavior-695669daa810eccd-m0,foraging,-6.125,0.420751008643213
model_agnostic_replication_behavior-695669daa810eccd-m1,foraging,-5.875,0.8122333067230766
model_agnostic_replication_behavior-697a7ee2c95a6893-m0,debugging,0.5,-1.4335290398612415
model_agnostic_replication_behavior-697a7ee2c95a6893-m1,debugging,3.0,0.04831877956484121
model_agnostic_replication_behavior-6982fb17e6f789a6-m0,debugging,-2.625,-2.2769403740610326
model_agnostic_replication_behavior-6982fb17e6f789a6-m1,debugging,2.125,-0.7950925546349499
model_agnostic_replication_behavior-699a3744eeb18eea-m0,solvability,1.3750000000000002,1.3974109260430996
model_agnostic_replication_behavior-699a3744eeb18eea-m1,solvability,0.37499999999999994,1.505408549934488
model_agnostic_replication_behavior-69c2cbef7ef58b34-m0,foraging,-3.625,-3.844449593322845
model_agnostic_replication_behavior-69c2cbef7ef58b34-m1,foraging,-2.5,-3.4529672952429817
model_agnostic_replication_behavior-69cdfdb613f3baee-m0,debugging,5.25,1.2318797784984907
model_agnostic_replication_behavior-69cdfdb613f3baee-m1,debugging,6.25,2.7137275979245734
model_agnostic_replication_behavior-6a2a854c9bad0604-m0,solvability,6.25,5.640593354936243
model_agnostic_replication_behavior-6a2a854c9bad0604-m1,solvability,5.875,5.7485909788276315
model_agnostic_replication_behavior-6a7dc93c98330b64-m0,waiting,9.75,9.921568334006931
model_agnostic_replication_behavior-6a7dc93c98330b64-m1,waiting,9.125,9.910593810106482
model_agnostic_replication_behavior-6aa1e4048aaae233-m0,information_sampling,0.37499999999999994,1.0631575685538
model_agnostic_replication_behavior-6aa1e4048aaae233-m1,information_sampling,-3.75,-0.9338131701581176
model_agnostic_replication_behavior-6ae0e9e21bbadc66-m0,solvability,2.99609375,12.461724399335738
model_agnostic_replication_behavior-6ae0e9e21bbadc66-m1,solvability,0.5312499999999999,12.569722023227127
model_agnostic_replication_behavior-6af75d8bbbf61838-m0,solvability,9.25,8.090742785991628
model_agnostic_replication_behavior-6af75d8bbbf61838-m1,solvability,8.3125,8.198740409883015
model_agnostic_replication_behavior-6b4297883be6b3be-m0,waiting,2.0,4.085332024344437
model_agnostic_replication_behavior-6b4297883be6b3be-m1,waiting,2.875,4.074357500443988
model_agnostic_replication_behavior-6b4b41c156dddea1-m0,foraging,-2.25,-2.1733406208192445
model_agnostic_replication_behavior-6b4b41c156dddea1-m1,foraging,-2.0,-1.781858322739381
model_agnostic_replication_behavior-6b66aa88504d8bf5-m0,waiting,5.625,6.5973768975389575
model_agnostic_replication_behavior-6b66aa88504d8bf5-m1,waiting,5.0,6.586402373638507
model_agnostic_replication_behavior-6b7c9af601f7199e-m0,information_sampling,4.125,4.369245850748418
model_agnostic_replication_behavior-6b7c9af601f7199e-m1,information_sampling,3.25,2.3722751120365007
model_agnostic_replication_behavior-6b8a967cb60c76bb-m0,effort,-3.75,-2.305103376598946
model_agnostic_replication_behavior-6b8a967cb60c76bb-m1,effort,-4.25,-2.6548028407757394
model_agnostic_replication_behavior-6bcd450ab65c4467-m0,bandit,-7.875,-1.1037657309118405
model_agnostic_replication_behavior-6bcd450ab65c4467-m1,bandit,-6.875,-1.1003027180494815
model_agnostic_replication_behavior-6d002a6ab68a87ee-m0,effort,1.48046875,2.1445042090062323
model_agnostic_replication_behavior-6d002a6ab68a87ee-m1,effort,-0.2578125000000001,1.7948047448294389
model_agnostic_replication_behavior-6d054a3455b4641b-m0,bandit,8.75,5.907426551499045
model_agnostic_replication_behavior-6d054a3455b4641b-m1,bandit,8.375,5.910889564361403
model_agnostic_replication_behavior-6d4ab805ecfeb044-m0,information_sampling,2.125,2.481003783908275
model_agnostic_replication_behavior-6d4ab805ecfeb044-m1,information_sampling,-0.25,0.48403304519635837
model_agnostic_replication_behavior-6d69775e991d03a2-m0,foraging,6.625,5.121947902222988
model_agnostic_replication_behavior-6d69775e991d03a2-m1,foraging,5.25,5.513430200302851
model_agnostic_replication_behavior-6d6a2bb6b670c069-m0,foraging,9.625,7.538238192399236
model_agnostic_replication_behavior-6d6a2bb6b670c069-m1,foraging,8.75,7.9297204904791005
model_agnostic_replication_behavior-6d7eaf9e7cb4a57a-m0,waiting,-3.375,-2.6616349254241283
model_agnostic_replication_behavior-6d7eaf9e7cb4a57a-m1,waiting,-4.0,-2.6726094493245784
model_agnostic_replication_behavior-6dc5f2c0dc0f6bcb-m0,foraging,0.37499999999999994,1.1513834969524566
model_agnostic_replication_behavior-6dc5f2c0dc0f6bcb-m1,foraging,1.8749999999999998,1.5428657950323195
model_agnostic_replication_behavior-6dcdc8d20becda58-m0,bandit,1.8749999999999998,0.05391165853683022
model_agnostic_replication_behavior-6dcdc8d20becda58-m1,bandit,3.75,0.05737467139918895
model_agnostic_replication_behavior-6dd51328705067d4-m0,bandit,12.375,7.440838062469685
model_agnostic_replication_behavior-6dd51328705067d4-m1,bandit,8.75,7.444301075332043
model_agnostic_replication_behavior-6deca607ec107625-m0,debugging,6.0,2.486491341085351
model_agnostic_replication_behavior-6deca607ec107625-m1,debugging,7.125,3.9683391605114338
model_agnostic_replication_behavior-6df0b3c85670584b-m0,information_sampling,0.125,0.667618154641962
model_agnostic_replication_behavior-6df0b3c85670584b-m1,information_sampling,0.24999999999999992,-1.3293525840699556
model_agnostic_replication_behavior-6e3e60f63e2eaf0f-m0,bandit,15.3125,14.258859853139839
model_agnostic_replication_behavior-6e3e60f63e2eaf0f-m1,bandit,12.0625,14.262322866002197
model_agnostic_replication_behavior-6e46d5eec1c01df4-m0,information_sampling,3.0,3.4437307212754353
model_agnostic_replication_behavior-6e46d5eec1c01df4-m1,information_sampling,2.0,1.4467599825635178
model_agnostic_replication_behavior-6e7878cd0f6c37f1-m0,information_sampling,5.875,5.1227525616599126
model_agnostic_replication_behavior-6e7878cd0f6c37f1-m1,information_sampling,4.125,3.125781822947995
model_agnostic_replication_behavior-6e7eb2b66e2e83fa-m0,bandit,-6.25,-7.177016692168042
model_agnostic_replication_behavior-6e7eb2b66e2e83fa-m1,bandit,-6.625,-7.173553679305683
model_agnostic_replication_behavior-6e9ada5e6500a6bb-m0,effort,5.25,1.9361094563233059
model_agnostic_replication_behavior-6e9ada5e6500a6bb-m1,effort,4.25,1.5864099921465127
model_agnostic_replication_behavior-6ed66e9695a6e84f-m0,foraging,7.25,3.205093976552788
model_agnostic_replication_behavior-6ed66e9695a6e84f-m1,foraging,6.875,3.596576274632651
model_agnostic_replication_behavior-6ef112de7fbbfc90-m0,foraging,10.375,4.307852651992803
model_agnostic_replication_behavior-6ef112de7fbbfc90-m1,foraging,8.625,4.699334950072666
model_agnostic_replication_behavior-6f01e9f7e043397c-m0,effort,-1.625,-1.3413943178275811
model_agnostic_replication_behavior-6f01e9f7e043397c-m1,effort,-1.625,-1.6910937820043743
model_agnostic_replication_behavior-6f179bd00659e78a-m0,information_sampling,-1.5,-1.3004221913646203
model_agnostic_replication_behavior-6f179bd00659e78a-m1,information_sampling,-3.25,-3.297392930076538
model_agnostic_replication_behavior-6f2ea93c3ebdf802-m0,waiting,8.125,4.9837398236967685
model_agnostic_replication_behavior-6f2ea93c3ebdf802-m1,waiting,7.25,4.972765299796317
model_agnostic_replication_behavior-6f881c536bb24932-m0,debugging,-8.9375,-8.93218792824161
model_agnostic_replication_behavior-6f881c536bb24932-m1,debugging,-6.625,-7.450340108815527
model_agnostic_replication_behavior-6f927f56a9d7b000-m0,information_sampling,1.625,2.0180592952906373
model_agnostic_replication_behavior-6f927f56a9d7b000-m1,information_sampling,-2.625,0.021088556578719775
model_agnostic_replication_behavior-6f98f7647ee9f359-m0,solvability,11.0,14.401206754607125
model_agnostic_replication_behavior-6f98f7647ee9f359-m1,solvability,11.0625,14.509204378498515
model_agnostic_replication_behavior-6fef82dba41a32a3-m0,bandit,7.0,2.048524013676862
model_agnostic_replication_behavior-6fef82dba41a32a3-m1,bandit,6.25,2.051987026539221
model_agnostic_replication_behavior-6ff3891b9f53fbe5-m0,solvability,5.5,3.733825586573672
model_agnostic_replication_behavior-6ff3891b9f53fbe5-m1,solvability,1.3750000000000002,3.8418232104650603
model_agnostic_replication_behavior-703bc4b6bbaefa7b-m0,debugging,-4.75,-4.94732859898126
model_agnostic_replication_behavior-703bc4b6bbaefa7b-m1,debugging,-3.25,-3.465480779555177
model_agnostic_replication_behavior-70413389cfe39833-m0,foraging,-5.5,-4.6930430134319785
model_agnostic_replication_behavior-70413389cfe39833-m1,foraging,-5.0,-4.301560715352115
model_agnostic_replication_behavior-70515f7c0123fdbd-m0,effort,5.125,2.0488416521171495
model_agnostic_replication_behavior-70515f7c0123fdbd-m1,effort,4.0,1.6991421879403563
model_agnostic_replication_behavior-70525641e6968be1-m0,foraging,6.25,0.7741734481255346
model_agnostic_replication_behavior-70525641e6968be1-m1,foraging,4.375,1.165655746205398
model_agnostic_replication_behavior-70633c2081c44b77-m0,debugging,-8.5625,-10.797244786017075
model_agnostic_replication_behavior-70633c2081c44b77-m1,debugging,-8.125,-9.315396966590992
model_agnostic_replication_behavior-708a25e5ba44ab0c-m0,effort,-2.5,-1.383851098722527
model_agnostic_replication_behavior-708a25e5ba44ab0c-m1,effort,-2.875,-1.7335505628993202
model_agnostic_replication_behavior-709c0c359a3eec19-m0,information_sampling,1.25,-1.5640314822996375
model_agnostic_replication_behavior-709c0c359a3eec19-m1,information_sampling,-2.25,-3.5610022210115546
model_agnostic_replication_behavior-70af5584e5dbbaf7-m0,bandit,13.1875,7.528578375243724
model_agnostic_replication_behavior-70af5584e5dbbaf7-m1,bandit,11.9375,7.532041388106082
model_agnostic_replication_behavior-70d4910bf009b7f9-m0,information_sampling,3.25,2.557126243732695
model_agnostic_replication_behavior-70d4910bf009b7f9-m1,information_sampling,1.75,0.5601555050207774
model_agnostic_replication_behavior-714ec829bf72b976-m0,waiting,5.5,2.490431567289811
model_agnostic_replication_behavior-714ec829bf72b976-m1,waiting,5.75,2.479457043389361
model_agnostic_replication_behavior-71818a7d1ff10a9f-m0,information_sampling,0.625,0.729327585344639
model_agnostic_replication_behavior-71818a7d1ff10a9f-m1,information_sampling,-2.75,-1.267643153367278
model_agnostic_replication_behavior-7191a05d0261b544-m0,solvability,-9.9375,-3.2150045248046357
model_agnostic_replication_behavior-7191a05d0261b544-m1,solvability,-8.9375,-3.1070069009132473
model_agnostic_replication_behavior-719b7374f2225e22-m0,foraging,-2.125,-1.746522605186152
model_agnostic_replication_behavior-719b7374f2225e22-m1,foraging,-2.5,-1.3550403071062882
model_agnostic_replication_behavior-71bc468f8b29f4b8-m0,solvability,8.5625,6.948286162135774
model_agnostic_replication_behavior-71bc468f8b29f4b8-m1,solvability,7.75,7.056283786027161
model_agnostic_replication_behavior-7226fb9c631eb04b-m0,bandit,-5.125,-5.163561427488957
model_agnostic_replication_behavior-7226fb9c631eb04b-m1,bandit,-7.375,-5.1600984146265985
model_agnostic_replication_behavior-72397753399a4614-m0,debugging,0.24999999999999992,0.11223985242485623
model_agnostic_replication_behavior-72397753399a4614-m1,debugging,3.0,1.594087671850939
model_agnostic_replication_behavior-726fd19082e38d44-m0,debugging,-2.625,-1.0663835793878544
model_agnostic_replication_behavior-726fd19082e38d44-m1,debugging,-0.8750000000000002,0.41546424003822835
model_agnostic_replication_behavior-72cc88f8be62876a-m0,waiting,0.5,0.9969985319819716
model_agnostic_replication_behavior-72cc88f8be62876a-m1,waiting,0.37499999999999994,0.9860240080815212
model_agnostic_replication_behavior-735c214b04f60c3e-m0,foraging,2.875,0.5097466636193267
model_agnostic_replication_behavior-735c214b04f60c3e-m1,foraging,4.0,0.9012289616991905
model_agnostic_replication_behavior-73b3cacec30c4000-m0,information_sampling,4.375,5.2866241944063255
model_agnostic_replication_behavior-73b3cacec30c4000-m1,information_sampling,4.0,3.2896534556944097
model_agnostic_replication_behavior-73c35347d8d5a350-m0,effort,-4.25,-1.5913248354785352
model_agnostic_replication_behavior-73c35347d8d5a350-m1,effort,-3.75,-1.9410242996553284
model_agnostic_replication_behavior-73c59758d674fe12-m0,foraging,-8.75,-5.170905425068867
model_agnostic_replication_behavior-73c59758d674fe12-m1,foraging,-8.625,-4.779423126989002
model_agnostic_replication_behavior-742ec92aac30b4e2-m0,solvability,12.75,8.098571234133338
model_agnostic_replication_behavior-742ec92aac30b4e2-m1,solvability,11.5,8.206568858024728
model_agnostic_replication_behavior-74555c28b57ba636-m0,bandit,1.1328125,-1.8747922717538503
model_agnostic_replication_behavior-74555c28b57ba636-m1,bandit,-1.59375,-1.8713292588914912
model_agnostic_replication_behavior-74645aa8acc90291-m0,solvability,-1.625,-1.733983500451924
model_agnostic_replication_behavior-74645aa8acc90291-m1,solvability,1.75,-1.6259858765605355
model_agnostic_replication_behavior-74888b6e3e76c540-m0,foraging,7.25,2.3190292806294868
model_agnostic_replication_behavior-74888b6e3e76c540-m1,foraging,5.5,2.7105115787093506
model_agnostic_replication_behavior-7496270f0e7afee1-m0,solvability,-7.25,-5.295829438480914
model_agnostic_replication_behavior-7496270f0e7afee1-m1,solvability,-7.125,-5.187831814589527
model_agnostic_replication_behavior-74a511f72ea3129d-m0,foraging,4.5,1.9067491768593379
model_agnostic_replication_behavior-74a511f72ea3129d-m1,foraging,4.75,2.298231474939201
model_agnostic_replication_behavior-74c75964d1b6d986-m0,information_sampling,4.75,5.137936565633391
model_agnostic_replication_behavior-74c75964d1b6d986-m1,information_sampling,3.0,3.140965826921472
model_agnostic_replication_behavior-74cb4f2cedb8dec0-m0,effort,2.625,1.6256618614076708
model_agnostic_replication_behavior-74cb4f2cedb8dec0-m1,effort,1.125,1.2759623972308773
model_agnostic_replication_behavior-74ced97f7105da89-m0,bandit,-9.1875,-5.501311575631318
model_agnostic_replication_behavior-74ced97f7105da89-m1,bandit,-9.9375,-5.497848562768959
model_agnostic_replication_behavior-74e0731ed1a12134-m0,information_sampling,2.75,0.5676025449908484
model_agnostic_replication_behavior-74e0731ed1a12134-m1,information_sampling,1.75,-1.4293681937210692
model_agnostic_replication_behavior-74f46216bd20583e-m0,bandit,-12.1875,-8.687409866902259
model_agnostic_replication_behavior-74f46216bd20583e-m1,bandit,-10.8125,-8.6839468540399
model_agnostic_replication_behavior-74fe28e0cae0feaf-m0,solvability,-10.5,-7.617811975198658
model_agnostic_replication_behavior-74fe28e0cae0feaf-m1,solvability,-9.5,-7.509814351307269
model_agnostic_replication_behavior-758acbf8c8f9b684-m0,foraging,-0.25,-1.27951707754137
model_agnostic_replication_behavior-758acbf8c8f9b684-m1,foraging,-2.5,-0.8880347794615061
model_agnostic_replication_behavior-759e54209fe55287-m0,information_sampling,3.25,4.698447791670292
model_agnostic_replication_behavior-759e54209fe55287-m1,information_sampling,1.625,2.7014770529583747
model_agnostic_replication_behavior-75a5ee70f66766eb-m0,solvability,-8.25,-2.3885472482049996
model_agnostic_replication_behavior-75a5ee70f66766eb-m1,solvability,-5.75,-2.280549624313611
model_agnostic_replication_behavior-75d774094d13ace3-m0,information_sampling,-1.5,-0.7483945955185471
model_agnostic_replication_behavior-75d774094d13ace3-m1,information_sampling,-3.75,-2.7453653342304647
model_agnostic_replication_behavior-75ed5500b28a95a7-m0,waiting,1.75,2.8804284456707263
model_agnostic_replication_behavior-75ed5500b28a95a7-m1,waiting,0.24999999999999992,2.869453921770276
model_agnostic_replication_behavior-75f1cc3cd9e8c552-m0,debugging,-4.375,-1.8107714404678292
model_agnostic_replication_behavior-75f1cc3cd9e8c552-m1,debugging,-3.5,-0.32892362104174677
model_agnostic_replication_behavior-7642ee97577164ad-m0,debugging,-4.25,-1.5010693066881133
model_agnostic_replication_behavior-7642ee97577164ad-m1,debugging,-1.5,-0.019221487262030656
model_agnostic_replication_behavior-76525a13599f894c-m0,waiting,9.8125,10.543433323578645
model_agnostic_replication_behavior-76525a13599f894c-m1,waiting,10.0,10.532458799678196
model_agnostic_replication_behavior-7660b6e84eef795d-m0,debugging,3.375,1.5627764726502535
model_agnostic_replication_behavior-7660b6e84eef795d-m1,debugging,-0.5,3.0446242920763362
model_agnostic_replication_behavior-76976291cf2d7022-m0,bandit,12.25,9.749367043344686
model_agnostic_replication_behavior-76976291cf2d7022-m1,bandit,10.4375,9.752830056207044
model_agnostic_replication_behavior-769889e4e584e252-m0,debugging,-1.7499999999999998,2.400426634945487
model_agnostic_replication_behavior-769889e4e584e252-m1,debugging,2.75,3.8822744543715695
model_agnostic_replication_behavior-76cbfacca857ca73-m0,waiting,6.0,4.264128020749699
model_agnostic_replication_behavior-76cbfacca857ca73-m1,waiting,6.75,4.253153496849249
model_agnostic_replication_behavior-76dd71127faaf927-m0,bandit,8.375,6.8768419940973615
model_agnostic_replication_behavior-76dd71127faaf927-m1,bandit,6.125,6.88030500695972
model_agnostic_replication_behavior-76e23148a15230da-m0,waiting,0.625,1.4121018456908327
model_agnostic_replication_behavior-76e23148a15230da-m1,waiting,3.25,1.4011273217903826
model_agnostic_replication_behavior-7703e77b4876a93e-m0,foraging,7.5,5.846926246436876
model_agnostic_replication_behavior-7703e77b4876a93e-m1,foraging,6.375,6.23840854451674
model_agnostic_replication_behavior-771c255db282bf26-m0,bandit,-3.5,1.7292241681477574
model_agnostic_replication_behavior-771c255db282bf26-m1,bandit,1.8749999999999998,1.7326871810101165
model_agnostic_replication_behavior-774195ac6ba642c3-m0,effort,-4.75,-5.528180550406289
model_agnostic_replication_behavior-774195ac6ba642c3-m1,effort,-4.625,-5.8778800145830825
model_agnostic_replication_behavior-781cc9cb1cac7859-m0,waiting,9.8125,12.499892843228926
model_agnostic_replication_behavior-781cc9cb1cac7859-m1,waiting,9.625,12.488918319328475
model_agnostic_replication_behavior-784518d0e0abffb1-m0,solvability,-6.375,-4.028557467209966
model_agnostic_replication_behavior-784518d0e0abffb1-m1,solvability,-5.5,-3.9205598433185775
model_agnostic_replication_behavior-786ea72c31000155-m0,information_sampling,5.125,3.455289732975036
model_agnostic_replication_behavior-786ea72c31000155-m1,information_sampling,2.0,1.4583189942631187
model_agnostic_replication_behavior-7870dd6110c94643-m0,debugging,-4.5,-4.32585306430189
model_agnostic_replication_behavior-7870dd6110c94643-m1,debugging,-3.75,-2.844005244875808
model_agnostic_replication_behavior-7881606d081faa6b-m0,foraging,-0.5,4.119438390870824
model_agnostic_replication_behavior-7881606d081faa6b-m1,foraging,2.125,4.510920688950688
model_agnostic_replication_behavior-788b9ffd554cfb7e-m0,solvability,9.6875,7.572205157274561
model_agnostic_replication_behavior-788b9ffd554cfb7e-m1,solvability,10.25,7.68020278116595
model_agnostic_replication_behavior-78acf52aaa4402ae-m0,foraging,8.5,5.0794892041974125
model_agnostic_replication_behavior-78acf52aaa4402ae-m1,foraging,7.0,5.470971502277275
model_agnostic_replication_behavior-78e3742259f81fff-m0,waiting,1.75,0.6013177760891133
model_agnostic_replication_behavior-78e3742259f81fff-m1,waiting,-1.625,0.5903432521886627
model_agnostic_replication_behavior-78f81eda495447f4-m0,solvability,5.75,3.2402508403592076
model_agnostic_replication_behavior-78f81eda495447f4-m1,solvability,5.0,3.348248464250596
model_agnostic_replication_behavior-79167a66bced6b04-m0,solvability,-11.75,-12.978758323286437
model_agnostic_replication_behavior-79167a66bced6b04-m1,solvability,-10.25,-12.870760699395047
model_agnostic_replication_behavior-791d74339a396d9f-m0,bandit,11.5625,7.403531729833144
model_agnostic_replication_behavior-791d74339a396d9f-m1,bandit,9.875,7.4069947426955025
model_agnostic_replication_behavior-79453832fbffe56a-m0,foraging,2.375,0.6813424097587274
model_agnostic_replication_behavior-79453832fbffe56a-m1,foraging,3.625,1.0728247078385906
model_agnostic_replication_behavior-794beeef699c75ee-m0,debugging,5.375,2.250532854601725
model_agnostic_replication_behavior-794beeef699c75ee-m1,debugging,7.375,3.732380674027808
model_agnostic_replication_behavior-79731a12d5c66808-m0,bandit,-10.875,-11.203789175552824
model_agnostic_replication_behavior-79731a12d5c66808-m1,bandit,-10.1875,-11.200326162690466
model_agnostic_replication_behavior-79827561e3e53b33-m0,effort,-7.5,-3.070721146228978
model_agnostic_replication_behavior-79827561e3e53b33-m1,effort,-8.0,-3.4204206104057713
model_agnostic_replication_behavior-798b01f4dfefeb0d-m0,information_sampling,4.25,4.30690975465893
model_agnostic_replication_behavior-798b01f4dfefeb0d-m1,information_sampling,2.5,2.3099390159470126
model_agnostic_replication_behavior-79901642ccf793fe-m0,solvability,-0.046874999999999965,-4.8044979262253955
model_agnostic_replication_behavior-79901642ccf793fe-m1,solvability,-0.5468749999999999,-4.696500302334008
model_agnostic_replication_behavior-799815895dc6063a-m0,waiting,5.375,6.178117588565137
model_agnostic_replication_behavior-799815895dc6063a-m1,waiting,6.125,6.167143064664687
model_agnostic_replication_behavior-79cc2dfa25aadc09-m0,bandit,-3.875,-5.586572662391539
model_agnostic_replication_behavior-79cc2dfa25aadc09-m1,bandit,-4.375,-5.583109649529181
model_agnostic_replication_behavior-79ee07967bb968d4-m0,waiting,-3.0,-1.4636485148073413
model_agnostic_replication_behavior-79ee07967bb968d4-m1,waiting,-1.625,-1.4746230387077914
model_agnostic_replication_behavior-7a8540ee95e56321-m0,effort,6.5,6.714185922237735
model_agnostic_replication_behavior-7a8540ee95e56321-m1,effort,5.625,6.3644864580609415
model_agnostic_replication_behavior-7acc359bd1e07957-m0,bandit,-13.375,-11.709751082523386
model_agnostic_replication_behavior-7acc359bd1e07957-m1,bandit,-11.8125,-11.706288069661028
model_agnostic_replication_behavior-7acd44fd40579e33-m0,solvability,0.8750000000000001,0.448511190404594
model_agnostic_replication_behavior-7acd44fd40579e33-m1,solvability,-1.375,0.5565088142959826
model_agnostic_replication_behavior-7afb8917fa0ac065-m0,effort,2.25,2.1764448008868587
model_agnostic_replication_behavior-7afb8917fa0ac065-m1,effort,3.375,1.8267453367100654
model_agnostic_replication_behavior-7b49749f87342d28-m0,foraging,2.625,3.9212067180349215
model_agnostic_replication_behavior-7b49749f87342d28-m1,foraging,4.25,4.312689016114785
model_agnostic_replication_behavior-7b4fb1c62bf60381-m0,waiting,5.75,5.137116909918357
model_agnostic_replication_behavior-7b4fb1c62bf60381-m1,waiting,4.625,5.126142386017907
model_agnostic_replication_behavior-7b7a9ae860f90cca-m0,information_sampling,4.375,2.5996246894653696
model_agnostic_replication_behavior-7b7a9ae860f90cca-m1,information_sampling,0.24999999999999992,0.6026539507534525
model_agnostic_replication_behavior-7b9d3cdaa0b4f064-m0,effort,-4.375,-1.4721506731509915
model_agnostic_replication_behavior-7b9d3cdaa0b4f064-m1,effort,-4.5,-1.8218501373277847
model_agnostic_replication_behavior-7bc40abccc68e49e-m0,information_sampling,4.625,6.128658945776618
model_agnostic_replication_behavior-7bc40abccc68e49e-m1,information_sampling,2.25,4.1316882070647
model_agnostic_replication_behavior-7bfd4e47d3ef958b-m0,waiting,-2.5,-2.729310057752721
model_agnostic_replication_behavior-7bfd4e47d3ef958b-m1,waiting,-2.25,-2.7402845816531713
model_agnostic_replication_behavior-7c0375f282de432f-m0,waiting,7.5,6.896339562355196
model_agnostic_replication_behavior-7c0375f282de432f-m1,waiting,7.75,6.885365038454746
model_agnostic_replication_behavior-7c14256780502976-m0,debugging,-5.75,-2.963568698860053
model_agnostic_replication_behavior-7c14256780502976-m1,debugging,-0.7500000000000001,-1.4817208794339705
model_agnostic_replication_behavior-7c3d6a57e7f11931-m0,waiting,7.25,7.436918288786216
model_agnostic_replication_behavior-7c3d6a57e7f11931-m1,waiting,6.75,7.425943764885766
model_agnostic_replication_behavior-7c4d6c7fc7d3acc8-m0,bandit,-10.875,-10.373571473872481
model_agnostic_replication_behavior-7c4d6c7fc7d3acc8-m1,bandit,-10.1875,-10.370108461010123
model_agnostic_replication_behavior-7c8b5907141725bf-m0,information_sampling,-1.375,0.015519938411499012
model_agnostic_replication_behavior-7c8b5907141725bf-m1,information_sampling,-2.375,-1.9814508003004183
model_agnostic_replication_behavior-7ca3f10ed4e06ba2-m0,solvability,3.75,1.4932189703579186
model_agnostic_replication_behavior-7ca3f10ed4e06ba2-m1,solvability,2.25,1.601216594249307
model_agnostic_replication_behavior-7d1fa84dd9f18db7-m0,solvability,0.625,-1.0561411683929156
model_agnostic_replication_behavior-7d1fa84dd9f18db7-m1,solvability,-2.0,-0.9481435445015272
model_agnostic_replication_behavior-7d26082739b06856-m0,foraging,-6.75,-5.1128354131546345
model_agnostic_replication_behavior-7d26082739b06856-m1,foraging,-5.125,-4.721353115074771
model_agnostic_replication_behavior-7d3a3544d083c511-m0,bandit,5.5,2.4059538930321587
model_agnostic_replication_behavior-7d3a3544d083c511-m1,bandit,4.375,2.4094169058945174
model_agnostic_replication_behavior-7d5408bf2bbb7799-m0,effort,0.8750000000000001,-1.5214834037231992
model_agnostic_replication_behavior-7d5408bf2bbb7799-m1,effort,1.8749999999999998,-1.8711828678999927
model_agnostic_replication_behavior-7d72ca8587601c1a-m0,foraging,-5.75,-3.9030244155358615
model_agnostic_replication_behavior-7d72ca8587601c1a-m1,foraging,-5.125,-3.5115421174559986
model_agnostic_replication_behavior-7d9260937c45a046-m0,foraging,-2.875,0.2607566819737631
model_agnostic_replication_behavior-7d9260937c45a046-m1,foraging,-2.375,0.6522389800536269
model_agnostic_replication_behavior-7db34c314e436ad3-m0,foraging,-6.625,-4.62454230502663
model_agnostic_replication_behavior-7db34c314e436ad3-m1,foraging,-5.0,-4.233060006946766
model_agnostic_replication_behavior-7dbf0c8bb94232ca-m0,solvability,0.24999999999999992,-0.6208908050131423
model_agnostic_replication_behavior-7dbf0c8bb94232ca-m1,solvability,0.31249999999999994,-0.5128931811217539
model_agnostic_replication_behavior-7dc9e0188615299e-m0,information_sampling,3.625,2.3263457314122555
model_agnostic_replication_behavior-7dc9e0188615299e-m1,information_sampling,1.5000000000000002,0.329374992700338
model_agnostic_replication_behavior-7deddac5862f6699-m0,bandit,-6.375,-0.886140898047935
model_agnostic_replication_behavior-7deddac5862f6699-m1,bandit,-7.0,-0.8826778851855763
model_agnostic_replication_behavior-7e0ef4bff9e5f7ab-m0,solvability,14.09375,12.38919186364832
model_agnostic_replication_behavior-7e0ef4bff9e5f7ab-m1,solvability,14.0,12.497189487539709
model_agnostic_replication_behavior-7e19d256b2019902-m0,effort,-1.5,1.8438120133455205
model_agnostic_replication_behavior-7e19d256b2019902-m1,effort,-3.125,1.4941125491687273
model_agnostic_replication_behavior-7e20c1a0154e2a17-m0,information_sampling,5.125,5.334803288215445
model_agnostic_replication_behavior-7e20c1a0154e2a17-m1,information_sampling,3.5,3.337832549503529
model_agnostic_replication_behavior-7e4eae92565179de-m0,waiting,3.25,0.5751799691593715
model_agnostic_replication_behavior-7e4eae92565179de-m1,waiting,3.125,0.5642054452589211
model_agnostic_replication_behavior-7e547d438d17fb8a-m0,information_sampling,5.125,6.7056513123220265
model_agnostic_replication_behavior-7e547d438d17fb8a-m1,information_sampling,5.5,4.708680573610108
model_agnostic_replication_behavior-7e69952e9173a51d-m0,information_sampling,5.75,6.421228690550745
model_agnostic_replication_behavior-7e69952e9173a51d-m1,information_sampling,2.75,4.424257951838828
model_agnostic_replication_behavior-7e809fe4ff9dcadf-m0,foraging,-2.375,-1.037466145049176
model_agnostic_replication_behavior-7e809fe4ff9dcadf-m1,foraging,-1.25,-0.645983846969313
model_agnostic_replication_behavior-7ee9e868a144ae58-m0,debugging,4.375,0.36266625966521426
model_agnostic_replication_behavior-7ee9e868a144ae58-m1,debugging,4.75,1.8445140790912966
model_agnostic_replication_behavior-7efdd54072ab02af-m0,bandit,13.5625,8.831952193999253
model_agnostic_replication_behavior-7efdd54072ab02af-m1,bandit,11.0625,8.835415206861613
model_agnostic_replication_behavior-7f0a4c460e7cbfeb-m0,information_sampling,1.75,1.343895475847526
model_agnostic_replication_behavior-7f0a4c460e7cbfeb-m1,information_sampling,1.0,-0.653075262864391
model_agnostic_replication_behavior-7f2bc4ad955fd580-m0,foraging,-2.75,-2.750657207530601
model_agnostic_replication_behavior-7f2bc4ad955fd580-m1,foraging,-3.875,-2.3591749094507377
model_agnostic_replication_behavior-7f538d0359a497ba-m0,information_sampling,4.375,4.618916431843228
model_agnostic_replication_behavior-7f538d0359a497ba-m1,information_sampling,2.375,2.6219456931313116
model_agnostic_replication_behavior-7f6d95201f29366b-m0,information_sampling,3.375,4.809588603873271
model_agnostic_replication_behavior-7f6d95201f29366b-m1,information_sampling,2.875,2.812617865161353
model_agnostic_replication_behavior-7f78717e1f41f59f-m0,debugging,3.875,-0.05075218189160102
model_agnostic_replication_behavior-7f78717e1f41f59f-m1,debugging,5.125,1.4310956375344817
model_agnostic_replication_behavior-7f9de09928c9ab9a-m0,waiting,2.5,1.1921453621505087
model_agnostic_replication_behavior-7f9de09928c9ab9a-m1,waiting,2.0,1.181170838250058
model_agnostic_replication_behavior-7f9fc634cc419e6f-m0,foraging,3.125,0.568931033510134
model_agnostic_replication_behavior-7f9fc634cc419e6f-m1,foraging,-0.8750000000000002,0.9604133315899969
model_agnostic_replication_behavior-7fb61efa6ace05a1-m0,information_sampling,4.75,4.567063707115727
model_agnostic_replication_behavior-7fb61efa6ace05a1-m1,information_sampling,1.8749999999999998,2.5700929684038094
model_agnostic_replication_behavior-7ffbbc51ef21c0e2-m0,effort,4.625,2.79113426631234
model_agnostic_replication_behavior-7ffbbc51ef21c0e2-m1,effort,3.875,2.441434802135547
model_agnostic_replication_behavior-7ffe8ab5d72a9663-m0,foraging,-8.875,-7.580339312759054
model_agnostic_replication_behavior-7ffe8ab5d72a9663-m1,foraging,-6.5,-7.18885701467919
model_agnostic_replication_behavior-8015471af614ded2-m0,effort,0.7500000000000002,-0.5225200686557281
model_agnostic_replication_behavior-8015471af614ded2-m1,effort,0.0,-0.8722195328325213
model_agnostic_replication_behavior-802cd8e4c12e20d0-m0,waiting,8.75,7.192735693268721
model_agnostic_replication_behavior-802cd8e4c12e20d0-m1,waiting,8.875,7.181761169368271
model_agnostic_replication_behavior-802f4215ee9852f5-m0,foraging,-7.25,-7.283543412200144
model_agnostic_replication_behavior-802f4215ee9852f5-m1,foraging,-5.75,-6.89206111412028
model_agnostic_replication_behavior-8040a5718e387bb6-m0,waiting,7.5,6.364442693926049
model_agnostic_replication_behavior-8040a5718e387bb6-m1,waiting,8.75,6.353468170025599
model_agnostic_replication_behavior-804a60e016a9b3b7-m0,waiting,-0.25,0.761890199893354
model_agnostic_replication_behavior-804a60e016a9b3b7-m1,waiting,1.25,0.7509156759929037
model_agnostic_replication_behavior-8070f6a22f3150cf-m0,waiting,3.125,1.3803966955429474
model_agnostic_replication_behavior-8070f6a22f3150cf-m1,waiting,3.5,1.3694221716424966
model_agnostic_replication_behavior-80f3d96955e7bd42-m0,solvability,-11.25,-4.748779912333964
model_agnostic_replication_behavior-80f3d96955e7bd42-m1,solvability,-9.75,-4.640782288442575
model_agnostic_replication_behavior-810ee0ae0d727854-m0,foraging,-2.5,-4.80786858285219
model_agnostic_replication_behavior-810ee0ae0d727854-m1,foraging,-2.375,-4.416386284772326
model_agnostic_replication_behavior-811f4b237f731762-m0,information_sampling,2.875,4.422491557743722
model_agnostic_replication_behavior-811f4b237f731762-m1,information_sampling,0.24999999999999992,2.4255208190318043
model_agnostic_replication_behavior-814161f3264a510b-m0,debugging,-6.875,-4.195577991429114
model_agnostic_replication_behavior-814161f3264a510b-m1,debugging,-4.75,-2.7137301720030313
model_agnostic_replication_behavior-816f02164d924430-m0,effort,-0.37499999999999994,0.3433048958958502
model_agnostic_replication_behavior-816f02164d924430-m1,effort,1.0,-0.0063945682809429805
model_agnostic_replication_behavior-81974d01c7d53eaa-m0,debugging,2.125,-1.6331882055395117
model_agnostic_replication_behavior-81974d01c7d53eaa-m1,debugging,2.375,-0.15134038611342882
model_agnostic_replication_behavior-81a6d0572e913dbc-m0,debugging,1.8749999999999998,0.805255131847431
model_agnostic_replication_behavior-81a6d0572e913dbc-m1,debugging,6.125,2.2871029512735137
model_agnostic_replication_behavior-8239e1788181f16a-m0,information_sampling,3.875,4.486057813812165
model_agnostic_replication_behavior-8239e1788181f16a-m1,information_sampling,-0.37499999999999994,2.489087075100247
model_agnostic_replication_behavior-8257ef4c1a5afa5b-m0,effort,-2.0,-1.2026998167130472
model_agnostic_replication_behavior-8257ef4c1a5afa5b-m1,effort,-1.125,-1.5523992808898404
model_agnostic_replication_behavior-827ae680f21a264f-m0,waiting,-3.25,-1.297628108929207
model_agnostic_replication_behavior-827ae680f21a264f-m1,waiting,-4.125,-1.3086026328296572
model_agnostic_replication_behavior-82841f3749c3e09d-m0,waiting,7.75,9.031569560001754
model_agnostic_replication_behavior-82841f3749c3e09d-m1,waiting,8.125,9.020595036101305
model_agnostic_replication_behavior-829e61f0b159d79b-m0,foraging,-7.25,-3.4259178398937737
model_agnostic_replication_behavior-829e61f0b159d79b-m1,foraging,-5.25,-3.03443554181391
model_agnostic_replication_behavior-82e430d00fb538df-m0,foraging,4.375,0.9041397610037151
model_agnostic_replication_behavior-82e430d00fb538df-m1,foraging,4.375,1.2956220590835783
model_agnostic_replication_behavior-8308e81e1cc52194-m0,waiting,2.0,1.8352594002179214
model_agnostic_replication_behavior-8308e81e1cc52194-m1,waiting,4.0,1.8242848763174708
model_agnostic_replication_behavior-83606d5a5f38aac1-m0,solvability,-1.25,-0.21893159059282286
model_agnostic_replication_behavior-83606d5a5f38aac1-m1,solvability,-0.25,-0.1109339667014344
model_agnostic_replication_behavior-8371628625152169-m0,effort,0.24999999999999992,-1.5145795725952307
model_agnostic_replication_behavior-8371628625152169-m1,effort,0.37499999999999994,-1.8642790367720243
model_agnostic_replication_behavior-838f03c8120b6e6f-m0,debugging,-3.0,-3.3389446770090805
model_agnostic_replication_behavior-838f03c8120b6e6f-m1,debugging,-2.625,-1.857096857582998
model_agnostic_replication_behavior-83a576f449544cd8-m0,debugging,0.125,-0.6559138733535588
model_agnostic_replication_behavior-83a576f449544cd8-m1,debugging,2.25,0.8259339460725239
model_agnostic_replication_behavior-843f04738d811d99-m0,information_sampling,4.125,4.991346686761755
model_agnostic_replication_behavior-843f04738d811d99-m1,information_sampling,3.75,2.9943759480498375
model_agnostic_replication_behavior-8496712c74c14d04-m0,bandit,11.0,3.4935284674986162
model_agnostic_replication_behavior-8496712c74c14d04-m1,bandit,9.375,3.4969914803609745
model_agnostic_replication_behavior-8499f9b6854dd434-m0,solvability,11.0625,7.467531479135047
model_agnostic_replication_behavior-8499f9b6854dd434-m1,solvability,8.625,7.575529103026436
model_agnostic_replication_behavior-84c6e36d6754b188-m0,solvability,-6.25,-7.091068196840382
model_agnostic_replication_behavior-84c6e36d6754b188-m1,solvability,-6.125,-6.983070572948994
model_agnostic_replication_behavior-84e9cbbd3ae6a00d-m0,solvability,-6.125,-0.982209417951877
model_agnostic_replication_behavior-84e9cbbd3ae6a00d-m1,solvability,-4.25,-0.874211794060489
model_agnostic_replication_behavior-84f9d32d082ac8b0-m0,solvability,10.125,7.921463376881457
model_agnostic_replication_behavior-84f9d32d082ac8b0-m1,solvability,9.8125,8.029461000772844
model_agnostic_replication_behavior-852e97c84771f307-m0,solvability,7.5,4.52560894430398
model_agnostic_replication_behavior-852e97c84771f307-m1,solvability,6.625,4.633606568195368
model_agnostic_replication_behavior-8563a12cab96a6c3-m0,debugging,-6.0,-5.151277595626108
model_agnostic_replication_behavior-8563a12cab96a6c3-m1,debugging,-3.125,-3.669429776200025
model_agnostic_replication_behavior-85a056b891976ef1-m0,foraging,3.5,1.848508404186134
model_agnostic_replication_behavior-85a056b891976ef1-m1,foraging,2.125,2.2399907022659966
model_agnostic_replication_behavior-85a63dd95821a309-m0,debugging,-5.25,-4.449821713869449
model_agnostic_replication_behavior-85a63dd95821a309-m1,debugging,-2.875,-2.9679738944433662
model_agnostic_replication_behavior-85c452708cc1168a-m0,solvability,-3.875,4.696548866958582
model_agnostic_replication_behavior-85c452708cc1168a-m1,solvability,-4.0,4.804546490849971
model_agnostic_replication_behavior-85c7134ec7e7d6d4-m0,information_sampling,3.75,3.0179401985180307
model_agnostic_replication_behavior-85c7134ec7e7d6d4-m1,information_sampling,2.125,1.0209694598061125
model_agnostic_replication_behavior-85c815fea8fe9546-m0,debugging,0.7500000000000002,0.08922709480165647
model_agnostic_replication_behavior-85c815fea8fe9546-m1,debugging,3.875,1.5710749142277391
model_agnostic_replication_behavior-85e0bb57a7d1b2f7-m0,debugging,-7.75,-8.398901698820477
model_agnostic_replication_behavior-85e0bb57a7d1b2f7-m1,debugging,-6.0,-6.917053879394395
model_agnostic_replication_behavior-85f0eb2913c070ff-m0,solvability,-6.75,-3.44781241049854
model_agnostic_replication_behavior-85f0eb2913c070ff-m1,solvability,-4.875,-3.3398147866071515
model_agnostic_replication_behavior-8614db787e50735a-m0,debugging,-6.625,-8.65494796317651
model_agnostic_replication_behavior-8614db787e50735a-m1,debugging,-6.25,-7.173100143750427
model_agnostic_replication_behavior-86a258624a866343-m0,information_sampling,0.125,1.9171091844668775
model_agnostic_replication_behavior-86a258624a866343-m1,information_sampling,-4.0,-0.07986155424504005
model_agnostic_replication_behavior-86a79ffa565c8eb1-m0,bandit,11.75,11.061268428276271
model_agnostic_replication_behavior-86a79ffa565c8eb1-m1,bandit,7.75,11.06473144113863
model_agnostic_replication_behavior-86c1a3e477b7e561-m0,solvability,-5.0,-1.1573725182263954
model_agnostic_replication_behavior-86c1a3e477b7e561-m1,solvability,-4.25,-1.049374894335007
model_agnostic_replication_behavior-86ddbf5b4d870681-m0,solvability,-1.5,-0.7199972725209469
model_agnostic_replication_behavior-86ddbf5b4d870681-m1,solvability,-2.625,-0.6119996486295585
model_agnostic_replication_behavior-86fe1c960bed3975-m0,information_sampling,5.625,6.418543975674099
model_agnostic_replication_behavior-86fe1c960bed3975-m1,information_sampling,3.375,4.421573236962182
model_agnostic_replication_behavior-871f0867f35cba3e-m0,foraging,3.75,2.3993244762389057
model_agnostic_replication_behavior-871f0867f35cba3e-m1,foraging,3.5,2.7908067743187694
model_agnostic_replication_behavior-872139abf35ae56a-m0,debugging,-7.5,-6.833773283923323
model_agnostic_replication_behavior-872139abf35ae56a-m1,debugging,-5.875,-5.35192546449724
model_agnostic_replication_behavior-87223f7a49720ff8-m0,information_sampling,3.375,-0.087291223920273
model_agnostic_replication_behavior-87223f7a49720ff8-m1,information_sampling,-1.375,-2.0842619626321905
model_agnostic_replication_behavior-872e56689b4820e1-m0,bandit,-0.6249999999999999,-0.5958909187699186
model_agnostic_replication_behavior-872e56689b4820e1-m1,bandit,-0.12500000000000006,-0.5924279059075599
model_agnostic_replication_behavior-873057abea8bad95-m0,effort,-1.875,-1.8251018910837449
model_agnostic_replication_behavior-873057abea8bad95-m1,effort,-2.25,-2.174801355260538
model_agnostic_replication_behavior-8741239493e254c4-m0,waiting,10.6875,10.360206890706767
model_agnostic_replication_behavior-8741239493e254c4-m1,waiting,11.0625,10.349232366806316
model_agnostic_replication_behavior-8762ccc6e18ef2d1-m0,information_sampling,4.0,1.7910424735834114
model_agnostic_replication_behavior-8762ccc6e18ef2d1-m1,information_sampling,0.7500000000000002,-0.20592826512850548
model_agnostic_replication_behavior-8770501f99955137-m0,waiting,-2.625,0.2913522816296914
model_agnostic_replication_behavior-8770501f99955137-m1,waiting,-2.25,0.2803777577292408
model_agnostic_replication_behavior-87745bcdd9c550ad-m0,waiting,-0.6249999999999999,0.10771005437920045
model_agnostic_replication_behavior-87745bcdd9c550ad-m1,waiting,0.125,0.09673553047874961
model_agnostic_replication_behavior-87a1f5ea44ef8e5e-m0,waiting,4.125,1.8339806693804483
model_agnostic_replication_behavior-87a1f5ea44ef8e5e-m1,waiting,2.75,1.823006145479998
model_agnostic_replication_behavior-87db99314b46e261-m0,debugging,2.25,-1.7796305631753506
model_agnostic_replication_behavior-87db99314b46e261-m1,debugging,2.125,-0.29778274374926805
model_agnostic_replication_behavior-87fd885692ec56e4-m0,effort,-1.7499999999999998,-3.1236117510978167
model_agnostic_replication_behavior-87fd885692ec56e4-m1,effort,-2.75,-3.47331121527461
model_agnostic_replication_behavior-88273fdf42d16f91-m0,solvability,-13.375,-15.482944610523367
model_agnostic_replication_behavior-88273fdf42d16f91-m1,solvability,-10.75,-15.374946986631977
model_agnostic_replication_behavior-88383952cacec0e1-m0,debugging,-6.5,-4.535359740684869
model_agnostic_replication_behavior-88383952cacec0e1-m1,debugging,-4.75,-3.053511921258786
model_agnostic_replication_behavior-88645b74ac98537a-m0,solvability,-9.0625,-6.9926345295683285
model_agnostic_replication_behavior-88645b74ac98537a-m1,solvability,-9.0625,-6.88463690567694
model_agnostic_replication_behavior-887cae22809dac85-m0,debugging,3.5,3.49254842937137
model_agnostic_replication_behavior-887cae22809dac85-m1,debugging,4.25,4.9743962487974525
model_agnostic_replication_behavior-88dd8f0c7bd7c43b-m0,debugging,-5.125,-4.536662239485463
model_agnostic_replication_behavior-88dd8f0c7bd7c43b-m1,debugging,-5.375,-3.0548144200593814
model_agnostic_replication_behavior-88efc09b6a7bf3fc-m0,bandit,13.1875,8.62580307806401
model_agnostic_replication_behavior-88efc09b6a7bf3fc-m1,bandit,11.25,8.629266090926372
model_agnostic_replication_behavior-8941fe31ec1b5be5-m0,foraging,1.265625,-1.6846072552483995
model_agnostic_replication_behavior-8941fe31ec1b5be5-m1,foraging,-1.08203125,-1.2931249571685361
model_agnostic_replication_behavior-895c4af500f38224-m0,foraging,5.25,1.9040760615989896
model_agnostic_replication_behavior-895c4af500f38224-m1,foraging,4.25,2.2955583596788527
model_agnostic_replication_behavior-896c2869bd9b341f-m0,bandit,-5.25,-2.6681296020437744
model_agnostic_replication_behavior-896c2869bd9b341f-m1,bandit,-7.0,-2.664666589181415
model_agnostic_replication_behavior-89c924b46d169021-m0,bandit,-9.3125,-11.403439936029578
model_agnostic_replication_behavior-89c924b46d169021-m1,bandit,-9.25,-11.399976923167218
model_agnostic_replication_behavior-8a17b75061a9d5bd-m0,foraging,-6.375,-6.157416162832332
model_agnostic_replication_behavior-8a17b75061a9d5bd-m1,foraging,-5.625,-5.765933864752469
model_agnostic_replication_behavior-8a6a66876f15098b-m0,foraging,3.0,3.8518493055165464
model_agnostic_replication_behavior-8a6a66876f15098b-m1,foraging,1.8749999999999998,4.24333160359641
model_agnostic_replication_behavior-8a7dbe7400604d2a-m0,foraging,-6.0,-2.969863383515855
model_agnostic_replication_behavior-8a7dbe7400604d2a-m1,foraging,-5.125,-2.578381085435992
model_agnostic_replication_behavior-8aa677ad78c5e042-m0,information_sampling,-1.625,0.500018065673856
model_agnostic_replication_behavior-8aa677ad78c5e042-m1,information_sampling,-4.5,-1.4969526730380613
model_agnostic_replication_behavior-8b6e712cfcb99475-m0,solvability,0.0,-1.9798532860323503
model_agnostic_replication_behavior-8b6e712cfcb99475-m1,solvability,1.8749999999999998,-1.8718556621409623
model_agnostic_replication_behavior-8b9d1ff9ca72f0a9-m0,bandit,4.75,4.363869982031275
model_agnostic_replication_behavior-8b9d1ff9ca72f0a9-m1,bandit,3.625,4.367332994893633
model_agnostic_replication_behavior-8c0ed3ebc30ac5f6-m0,effort,3.5,3.758416229753213
model_agnostic_replication_behavior-8c0ed3ebc30ac5f6-m1,effort,2.875,3.4087167655764197
model_agnostic_replication_behavior-8c25a45d0853a34e-m0,waiting,1.0,1.2460814398126983
model_agnostic_replication_behavior-8c25a45d0853a34e-m1,waiting,1.625,1.2351069159122476
model_agnostic_replication_behavior-8c2e836fa92de8e0-m0,information_sampling,3.0,1.1886303096639872
model_agnostic_replication_behavior-8c2e836fa92de8e0-m1,information_sampling,-1.25,-0.8083404290479299
model_agnostic_replication_behavior-8c58c22e1df795ab-m0,effort,3.0,1.522998743335264
model_agnostic_replication_behavior-8c58c22e1df795ab-m1,effort,3.125,1.1732992791584707
model_agnostic_replication_behavior-8ca12c7a545cc141-m0,information_sampling,2.25,1.0774292232946387
model_agnostic_replication_behavior-8ca12c7a545cc141-m1,information_sampling,0.125,-0.9195415154172788
model_agnostic_replication_behavior-8cba254b8aaab3be-m0,waiting,3.5,4.979460471066695
model_agnostic_replication_behavior-8cba254b8aaab3be-m1,waiting,4.625,4.968485947166245
model_agnostic_replication_behavior-8cc3a7e2ce460e4b-m0,foraging,5.875,1.8440694390975056
model_agnostic_replication_behavior-8cc3a7e2ce460e4b-m1,foraging,4.75,2.2355517371773685
model_agnostic_replication_behavior-8cd01411a98f37d0-m0,effort,-1.7499999999999998,1.0031288822313953
model_agnostic_replication_behavior-8cd01411a98f37d0-m1,effort,-1.0000000000000002,0.6534294180546021
model_agnostic_replication_behavior-8cdc19ba85f41421-m0,debugging,-1.25,1.4952101080533353
model_agnostic_replication_behavior-8cdc19ba85f41421-m1,debugging,5.125,2.977057927479418
model_agnostic_replication_behavior-8cdca88468181c6b-m0,solvability,0.37499999999999994,2.060392042686244
model_agnostic_replication_behavior-8cdca88468181c6b-m1,solvability,-0.5,2.1683896665776325
model_agnostic_replication_behavior-8cfd7c6039f9b231-m0,information_sampling,-0.6249999999999999,0.9732837040934044
model_agnostic_replication_behavior-8cfd7c6039f9b231-m1,information_sampling,-3.75,-1.0236870346185127
model_agnostic_replication_behavior-8d3afb06ca5dd287-m0,debugging,6.0,3.5280402977125327
model_agnostic_replication_behavior-8d3afb06ca5dd287-m1,debugging,6.875,5.009888117138615
model_agnostic_replication_behavior-8da7d4f7221253e4-m0,waiting,8.125,9.032400375362915
model_agnostic_replication_behavior-8da7d4f7221253e4-m1,waiting,7.5,9.021425851462464
model_agnostic_replication_behavior-8e048d5d9cbb5392-m0,foraging,-7.25,-8.15451494474738
model_agnostic_replication_behavior-8e048d5d9cbb5392-m1,foraging,-5.625,-7.763032646667516
model_agnostic_replication_behavior-8e3ed71ecd2baf83-m0,effort,-6.0,-6.602331712995887
model_agnostic_replication_behavior-8e3ed71ecd2baf83-m1,effort,-5.75,-6.95203117717268
model_agnostic_replication_behavior-8eca6891b5053ee0-m0,solvability,-0.796875,10.649622720320194
model_agnostic_replication_behavior-8eca6891b5053ee0-m1,solvability,2.2265625,10.757620344211583
model_agnostic_replication_behavior-8f03ea675e166621-m0,debugging,-8.125,-8.478614822965515
model_agnostic_replication_behavior-8f03ea675e166621-m1,debugging,-6.75,-6.996767003539431
model_agnostic_replication_behavior-8f7f8b18db70814f-m0,bandit,7.875,3.03374450281515
model_agnostic_replication_behavior-8f7f8b18db70814f-m1,bandit,5.125,3.037207515677509
model_agnostic_replication_behavior-8fa36f874d5b0734-m0,foraging,-2.25,-4.535791054280673
model_agnostic_replication_behavior-8fa36f874d5b0734-m1,foraging,-2.25,-4.144308756200809
model_agnostic_replication_behavior-8fb4200075fe0ca0-m0,waiting,6.875,5.54513734379833
model_agnostic_replication_behavior-8fb4200075fe0ca0-m1,waiting,7.125,5.53416281989788
model_agnostic_replication_behavior-8fde63d1a4551c6c-m0,bandit,4.625,3.8105596221182436
model_agnostic_replication_behavior-8fde63d1a4551c6c-m1,bandit,3.125,3.814022634980603
model_agnostic_replication_behavior-9057e940f679976c-m0,waiting,1.625,0.8844051797938031
model_agnostic_replication_behavior-9057e940f679976c-m1,waiting,1.25,0.8734306558933524
model_agnostic_replication_behavior-90791564e411c004-m0,waiting,0.84375,4.0784711816201344
model_agnostic_replication_behavior-90791564e411c004-m1,waiting,-0.951171875,4.067496657719684
model_agnostic_replication_behavior-907c8f0bd5be6667-m0,solvability,-5.0,0.8646105072942853
model_agnostic_replication_behavior-907c8f0bd5be6667-m1,solvability,-4.5,0.9726081311856738
model_agnostic_replication_behavior-909660514f3153a5-m0,bandit,6.25,1.9361076509144466
model_agnostic_replication_behavior-909660514f3153a5-m1,bandit,7.125,1.9395706637768055
model_agnostic_replication_behavior-909af838dcffe1b6-m0,information_sampling,4.0,5.099444403650284
model_agnostic_replication_behavior-909af838dcffe1b6-m1,information_sampling,3.25,3.1024736649383664
model_agnostic_replication_behavior-90e1492ac577f394-m0,information_sampling,0.125,0.24468128203812434
model_agnostic_replication_behavior-90e1492ac577f394-m1,information_sampling,-1.375,-1.7522894566737928
model_agnostic_replication_behavior-9109c64cd8fe773d-m0,information_sampling,-2.125,-1.2395150536180712
model_agnostic_replication_behavior-9109c64cd8fe773d-m1,information_sampling,-3.625,-3.236485792329989
model_agnostic_replication_behavior-9130cafb11c03530-m0,effort,1.625,0.6270485251733807
model_agnostic_replication_behavior-9130cafb11c03530-m1,effort,1.3750000000000002,0.2773490609965873
model_agnostic_replication_behavior-9132f46398eaa9b5-m0,debugging,-0.6249999999999999,-0.41627853763292433
model_agnostic_replication_behavior-9132f46398eaa9b5-m1,debugging,-0.7500000000000001,1.0655692817931584
model_agnostic_replication_behavior-91910af602b31227-m0,solvability,-7.75,-8.963176131955413
model_agnostic_replication_behavior-91910af602b31227-m1,solvability,-6.75,-8.855178508064023
model_agnostic_replication_behavior-91b0d75dc4c13ada-m0,debugging,-10.1875,-10.100878151907468
model_agnostic_replication_behavior-91b0d75dc4c13ada-m1,debugging,-8.125,-8.619030332481385
model_agnostic_replication_behavior-91c1aef5e447ce11-m0,solvability,-2.0,-1.373532990712571
model_agnostic_replication_behavior-91c1aef5e447ce11-m1,solvability,-2.375,-1.2655353668211826
model_agnostic_replication_behavior-91c6e602b0c01804-m0,bandit,14.78125,10.102869594040037
model_agnostic_replication_behavior-91c6e602b0c01804-m1,bandit,12.125,10.106332606902395
model_agnostic_replication_behavior-91f59b669041a2e2-m0,foraging,-7.0,-2.9447855614821266
model_agnostic_replication_behavior-91f59b669041a2e2-m1,foraging,-4.625,-2.553303263402263
model_agnostic_replication_behavior-921010f9ad03cf66-m0,effort,8.5,7.701656316311312
model_agnostic_replication_behavior-921010f9ad03cf66-m1,effort,5.375,7.351956852134519
model_agnostic_replication_behavior-92949dfabd4a95d3-m0,foraging,-3.25,-4.93415572915666
model_agnostic_replication_behavior-92949dfabd4a95d3-m1,foraging,-3.625,-4.542673431076797
model_agnostic_replication_behavior-929e5774568dea1e-m0,waiting,6.75,2.7134709322274184
model_agnostic_replication_behavior-929e5774568dea1e-m1,waiting,6.125,2.702496408326968
model_agnostic_replication_behavior-92c878938a91436d-m0,foraging,-6.375,-3.622130481327173
model_agnostic_replication_behavior-92c878938a91436d-m1,foraging,-6.375,-3.2306481832473097
model_agnostic_replication_behavior-92dd0c4db7516cde-m0,bandit,12.5625,9.221996715050249
model_agnostic_replication_behavior-92dd0c4db7516cde-m1,bandit,10.8125,9.225459727912607
model_agnostic_replication_behavior-92f029d7f7220a24-m0,solvability,0.4375,0.8860215724661316
model_agnostic_replication_behavior-92f029d7f7220a24-m1,solvability,2.1796875,0.9940191963575205
model_agnostic_replication_behavior-93143c7a2ed4d153-m0,foraging,-4.0,-1.362136913614163
model_agnostic_replication_behavior-93143c7a2ed4d153-m1,foraging,-4.25,-0.9706546155342997
model_agnostic_replication_behavior-932bbe9f5d3af2f6-m0,solvability,9.0,7.1566359444071175
model_agnostic_replication_behavior-932bbe9f5d3af2f6-m1,solvability,8.0,7.264633568298506
model_agnostic_replication_behavior-932fe3d68830cb04-m0,debugging,-5.25,-4.767267226042586
model_agnostic_replication_behavior-932fe3d68830cb04-m1,debugging,-5.75,-3.2854194066165037
model_agnostic_replication_behavior-93801b0bb9ba2537-m0,effort,-7.0,-5.9729809848727164
model_agnostic_replication_behavior-93801b0bb9ba2537-m1,effort,-5.375,-6.32268044904951
model_agnostic_replication_behavior-939645d368133f1d-m0,solvability,-0.5,0.8247503206678546
model_agnostic_replication_behavior-939645d368133f1d-m1,solvability,1.3750000000000002,0.9327479445592433
model_agnostic_replication_behavior-93b9f402dda225b8-m0,debugging,5.25,2.3270475885198416
model_agnostic_replication_behavior-93b9f402dda225b8-m1,debugging,7.0,3.8088954079459243
model_agnostic_replication_behavior-93ce1981bf9aa5e4-m0,debugging,-2.125,-2.117152191320199
model_agnostic_replication_behavior-93ce1981bf9aa5e4-m1,debugging,1.75,-0.6353043718941165
model_agnostic_replication_behavior-940216dadcef438f-m0,solvability,10.875,11.62863763588483
model_agnostic_replication_behavior-940216dadcef438f-m1,solvability,9.4375,11.73663525977622
model_agnostic_replication_behavior-943e06a2e433449d-m0,debugging,-4.5,-2.5545862892523004
model_agnostic_replication_behavior-943e06a2e433449d-m1,debugging,-3.625,-1.0727384698262177
model_agnostic_replication_behavior-94d5189ecf9f261e-m0,effort,4.5,2.444603294533012
model_agnostic_replication_behavior-94d5189ecf9f261e-m1,effort,3.25,2.094903830356219
model_agnostic_replication_behavior-94fdc15e7d111af0-m0,information_sampling,3.625,3.2339109498459804
model_agnostic_replication_behavior-94fdc15e7d111af0-m1,information_sampling,2.875,1.2369402111340628
model_agnostic_replication_behavior-953123a0db7ca236-m0,solvability,-7.75,-6.579519979402524
model_agnostic_replication_behavior-953123a0db7ca236-m1,solvability,-6.625,-6.471522355511136
model_agnostic_replication_behavior-95412ce9ae65716b-m0,information_sampling,5.5,5.441687329525129
model_agnostic_replication_behavior-95412ce9ae65716b-m1,information_sampling,4.125,3.4447165908132114
model_agnostic_replication_behavior-95873de7cd3d23de-m0,bandit,-10.4375,-8.39893043556073
model_agnostic_replication_behavior-95873de7cd3d23de-m1,bandit,-9.5,-8.39546742269837
model_agnostic_replication_behavior-95b680d128a853a9-m0,information_sampling,3.5,2.3771285331527676
model_agnostic_replication_behavior-95b680d128a853a9-m1,information_sampling,2.5,0.38015779444084996
model_agnostic_replication_behavior-95da16659b84d784-m0,foraging,-2.375,-2.26401998007706
model_agnostic_replication_behavior-95da16659b84d784-m1,foraging,-3.75,-1.8725376819971962
model_agnostic_replication_behavior-95e440023b1ebb1f-m0,effort,5.0,3.292749027586853
model_agnostic_replication_behavior-95e440023b1ebb1f-m1,effort,3.625,2.9430495634100597
model_agnostic_replication_behavior-95e617c92e56e841-m0,debugging,-3.5,-2.939047793443991
model_agnostic_replication_behavior-95e617c92e56e841-m1,debugging,-4.0,-1.457199974017908
model_agnostic_replication_behavior-96095fa185c5c1c0-m0,information_sampling,5.875,4.796396346138749
model_agnostic_replication_behavior-96095fa185c5c1c0-m1,information_sampling,2.75,2.799425607426832
model_agnostic_replication_behavior-961abfe551bb6108-m0,solvability,6.875,6.022854964376466
model_agnostic_replication_behavior-961abfe551bb6108-m1,solvability,5.75,6.130852588267855
model_agnostic_replication_behavior-962029f791192c33-m0,debugging,6.125,4.3578530563408915
model_agnostic_replication_behavior-962029f791192c33-m1,debugging,5.75,5.839700875766974
model_agnostic_replication_behavior-962db6b812456f5d-m0,information_sampling,4.375,5.24842375631963
model_agnostic_replication_behavior-962db6b812456f5d-m1,information_sampling,2.875,3.2514530176077123
model_agnostic_replication_behavior-964dac0b013bf256-m0,effort,-7.625,-8.653185171441313
model_agnostic_replication_behavior-964dac0b013bf256-m1,effort,-7.125,-9.002884635618107
model_agnostic_replication_behavior-96f1e769eb5b8372-m0,waiting,4.875,5.317904289923607
model_agnostic_replication_behavior-96f1e769eb5b8372-m1,waiting,6.25,5.306929766023157
model_agnostic_replication_behavior-972b66ffefbc58ac-m0,effort,2.125,0.5848364165293287
model_agnostic_replication_behavior-972b66ffefbc58ac-m1,effort,3.5,0.2351369523525355
model_agnostic_replication_behavior-97ac23df9331762d-m0,bandit,-5.75,0.012933000864483457
model_agnostic_replication_behavior-97ac23df9331762d-m1,bandit,-4.875,0.01639601372684263
model_agnostic_replication_behavior-97cb3c12a9e70a5d-m0,bandit,7.0,8.796409629987622
model_agnostic_replication_behavior-97cb3c12a9e70a5d-m1,bandit,1.8749999999999998,8.79987264284998
model_agnostic_replication_behavior-97e1c464d9f2e8a2-m0,solvability,9.8125,7.254109531101199
model_agnostic_replication_behavior-97e1c464d9f2e8a2-m1,solvability,8.5,7.362107154992588
model_agnostic_replication_behavior-983b5f4ff11deda5-m0,waiting,-3.0,-1.2370910811072053
model_agnostic_replication_behavior-983b5f4ff11deda5-m1,waiting,0.125,-1.2480656050076557
model_agnostic_replication_behavior-985158d05210a378-m0,solvability,-1.6875,8.24306775145551
model_agnostic_replication_behavior-985158d05210a378-m1,solvability,3.625,8.351065375346897
model_agnostic_replication_behavior-98ac3a18dd836478-m0,effort,-8.25,-9.207576086086227
model_agnostic_replication_behavior-98ac3a18dd836478-m1,effort,-7.5,-9.55727555026302
model_agnostic_replication_behavior-98bf3931bb091378-m0,effort,4.125,5.851321909647333
model_agnostic_replication_behavior-98bf3931bb091378-m1,effort,3.25,5.50162244547054
model_agnostic_replication_behavior-98d8a6a4cc352c8c-m0,effort,3.25,2.8400327010148687
model_agnostic_replication_behavior-98d8a6a4cc352c8c-m1,effort,3.0,2.4903332368380755
model_agnostic_replication_behavior-98fbbadb3babd210-m0,solvability,-1.875,-1.9462728493094963
model_agnostic_replication_behavior-98fbbadb3babd210-m1,solvability,-2.125,-1.8382752254181083
model_agnostic_replication_behavior-991f73eafb590c66-m0,information_sampling,4.5,3.182233346448011
model_agnostic_replication_behavior-991f73eafb590c66-m1,information_sampling,2.25,1.1852626077360935
model_agnostic_replication_behavior-9962edd9c458d9a2-m0,effort,-1.875,-0.24989090577965567
model_agnostic_replication_behavior-9962edd9c458d9a2-m1,effort,-2.375,-0.5995903699564484
model_agnostic_replication_behavior-99f2daa110117c04-m0,foraging,6.5,1.6632575751090413
model_agnostic_replication_behavior-99f2daa110117c04-m1,foraging,4.625,2.054739873188905
model_agnostic_replication_behavior-9a1596ca31abdd1c-m0,debugging,7.875,6.889499812484095
model_agnostic_replication_behavior-9a1596ca31abdd1c-m1,debugging,7.875,8.371347631910178
model_agnostic_replication_behavior-9a70bea2c4823d6a-m0,debugging,-4.375,-2.714574155462266
model_agnostic_replication_behavior-9a70bea2c4823d6a-m1,debugging,-3.75,-1.2327263360361835
model_agnostic_replication_behavior-9acfa11177e7197c-m0,bandit,6.875,3.367632445378401
model_agnostic_replication_behavior-9acfa11177e7197c-m1,bandit,5.125,3.3710954582407595
model_agnostic_replication_behavior-9aff574db7ef5326-m0,effort,6.75,5.762131179909332
model_agnostic_replication_behavior-9aff574db7ef5326-m1,effort,5.625,5.41243171573254
model_agnostic_replication_behavior-9b7a7d2eb83bfc0d-m0,effort,-3.5,-3.3752644419720412
model_agnostic_replication_behavior-9b7a7d2eb83bfc0d-m1,effort,-3.5,-3.7249639061488344
model_agnostic_replication_behavior-9b88ae29f5fdb0b9-m0,information_sampling,-2.125,-1.9134220142392535
model_agnostic_replication_behavior-9b88ae29f5fdb0b9-m1,information_sampling,-2.875,-3.910392752951171
model_agnostic_replication_behavior-9bb5425203a908c0-m0,information_sampling,3.0,2.644712454840045
model_agnostic_replication_behavior-9bb5425203a908c0-m1,information_sampling,-1.0000000000000002,0.6477417161281283
model_agnostic_replication_behavior-9bbf7d96242c0cea-m0,waiting,9.75,7.3903996897757125
model_agnostic_replication_behavior-9bbf7d96242c0cea-m1,waiting,9.625,7.379425165875261
model_agnostic_replication_behavior-9c6a917136a18bfd-m0,foraging,-6.0,-10.247141486807772
model_agnostic_replication_behavior-9c6a917136a18bfd-m1,foraging,-5.25,-9.855659188727907
model_agnostic_replication_behavior-9c8b8e260b68c5e5-m0,information_sampling,3.0,3.9826849556786543
model_agnostic_replication_behavior-9c8b8e260b68c5e5-m1,information_sampling,2.5,1.9857142169667368
model_agnostic_replication_behavior-9c943d622162c74b-m0,bandit,9.0,13.551253058434177
model_agnostic_replication_behavior-9c943d622162c74b-m1,bandit,6.25,13.554716071296534
model_agnostic_replication_behavior-9c9d58145cda3fb9-m0,debugging,-0.12500000000000006,-1.763936085778841
model_agnostic_replication_behavior-9c9d58145cda3fb9-m1,debugging,4.125,-0.2820882663527593
model_agnostic_replication_behavior-9ca849977a72c42c-m0,foraging,-5.625,-8.106498467636955
model_agnostic_replication_behavior-9ca849977a72c42c-m1,foraging,-4.875,-7.715016169557091
model_agnostic_replication_behavior-9cd00b1dbe5b6f3a-m0,waiting,-1.25,1.0817765617424475
model_agnostic_replication_behavior-9cd00b1dbe5b6f3a-m1,waiting,1.125,1.0708020378419971
model_agnostic_replication_behavior-9cd2e9af61da6148-m0,bandit,-5.75,-5.411040321911852
model_agnostic_replication_behavior-9cd2e9af61da6148-m1,bandit,-7.375,-5.407577309049493
model_agnostic_replication_behavior-9cfb4e82e10d17f2-m0,effort,7.25,7.353896272576072
model_agnostic_replication_behavior-9cfb4e82e10d17f2-m1,effort,5.625,7.0041968083992785
model_agnostic_replication_behavior-9d936d7ce8fd8248-m0,solvability,6.375,4.554691894611994
model_agnostic_replication_behavior-9d936d7ce8fd8248-m1,solvability,5.5,4.662689518503384
model_agnostic_replication_behavior-9da819f437196ebd-m0,bandit,7.5,3.312464123143115
model_agnostic_replication_behavior-9da819f437196ebd-m1,bandit,6.25,3.3159271360054743
model_agnostic_replication_behavior-9dbe0bb02f11a68a-m0,bandit,-8.25,-2.701669179482922
model_agnostic_replication_behavior-9dbe0bb02f11a68a-m1,bandit,-7.0,-2.698206166620563
model_agnostic_replication_behavior-9ddb551eee3445fe-m0,foraging,-5.25,-3.103969569869435
model_agnostic_replication_behavior-9ddb551eee3445fe-m1,foraging,-4.75,-2.7124872717895716
model_agnostic_replication_behavior-9e2867fdf9c03a91-m0,foraging,-8.75,-6.957953841472801
model_agnostic_replication_behavior-9e2867fdf9c03a91-m1,foraging,-5.5,-6.566471543392937
model_agnostic_replication_behavior-9e5b10b6c844f2d6-m0,waiting,4.75,5.139108293518345
model_agnostic_replication_behavior-9e5b10b6c844f2d6-m1,waiting,5.0,5.128133769617895
model_agnostic_replication_behavior-9e73d89a206ad669-m0,solvability,6.75,2.4712226283279843
model_agnostic_replication_behavior-9e73d89a206ad669-m1,solvability,2.75,2.579220252219373
model_agnostic_replication_behavior-9e97352117542735-m0,effort,-6.375,-3.934905816227245
model_agnostic_replication_behavior-9e97352117542735-m1,effort,-6.0,-4.284605280404039
model_agnostic_replication_behavior-9ead76575469d6e8-m0,bandit,1.8749999999999998,-1.504449831684746
model_agnostic_replication_behavior-9ead76575469d6e8-m1,bandit,-0.37499999999999994,-1.5009868188223874
model_agnostic_replication_behavior-9f1d78f5eb0ec35b-m0,solvability,0.125,1.199795569833449
model_agnostic_replication_behavior-9f1d78f5eb0ec35b-m1,solvability,1.75,1.3077931937248375
model_agnostic_replication_behavior-9f62e32d4455892b-m0,waiting,5.125,3.3448501156291477
model_agnostic_replication_behavior-9f62e32d4455892b-m1,waiting,5.875,3.333875591728697
model_agnostic_replication_behavior-9f6397cb681673b4-m0,effort,1.73046875,-1.9733272683762515
model_agnostic_replication_behavior-9f6397cb681673b4-m1,effort,-0.84765625,-2.3230267325530445
model_agnostic_replication_behavior-9f919fcbeaf46708-m0,debugging,-4.625,-3.0855539117777258
model_agnostic_replication_behavior-9f919fcbeaf46708-m1,debugging,-4.125,-1.6037060923516429
model_agnostic_replication_behavior-9ff975f1cc400fc2-m0,foraging,5.75,3.7936126923952176
model_agnostic_replication_behavior-9ff975f1cc400fc2-m1,foraging,5.25,4.185094990475082
model_agnostic_replication_behavior-a0033973ccb4233d-m0,solvability,1.625,-1.4482593369448913
model_agnostic_replication_behavior-a0033973ccb4233d-m1,solvability,2.375,-1.3402617130535026
model_agnostic_replication_behavior-a00dba40d5edb6e1-m0,debugging,-0.6249999999999999,-1.6662046155712256
model_agnostic_replication_behavior-a00dba40d5edb6e1-m1,debugging,1.25,-0.18435679614514278
model_agnostic_replication_behavior-a015e265c1b07c99-m0,information_sampling,2.625,4.332807495709471
model_agnostic_replication_behavior-a015e265c1b07c99-m1,information_sampling,2.875,2.335836756997553
model_agnostic_replication_behavior-a01d1c9bb5374f11-m0,information_sampling,-0.12500000000000006,-0.13147067170217852
model_agnostic_replication_behavior-a01d1c9bb5374f11-m1,information_sampling,-1.875,-2.128441410414096
model_agnostic_replication_behavior-a0205177286385ca-m0,foraging,-5.375,-7.528971456271602
model_agnostic_replication_behavior-a0205177286385ca-m1,foraging,-5.125,-7.137489158191739
model_agnostic_replication_behavior-a0238357b16d73f4-m0,effort,-7.75,-9.385743458787793
model_agnostic_replication_behavior-a0238357b16d73f4-m1,effort,-6.375,-9.735442922964586
model_agnostic_replication_behavior-a02cd2dd4809b113-m0,information_sampling,1.625,0.6247771018184904
model_agnostic_replication_behavior-a02cd2dd4809b113-m1,information_sampling,-2.5,-1.372193636893427
model_agnostic_replication_behavior-a03911b6efb1a567-m0,effort,5.25,2.8088740976239346
model_agnostic_replication_behavior-a03911b6efb1a567-m1,effort,4.25,2.4591746334471414
model_agnostic_replication_behavior-a0614c4eed4fc20f-m0,foraging,5.125,0.43718427610315247
model_agnostic_replication_behavior-a0614c4eed4fc20f-m1,foraging,4.5,0.828666574183016
model_agnostic_replication_behavior-a07f0ac9de5a69dd-m0,debugging,-5.75,-3.9659859085762696
model_agnostic_replication_behavior-a07f0ac9de5a69dd-m1,debugging,-4.75,-2.484138089150187
model_agnostic_replication_behavior-a0e421a8a8bb7800-m0,debugging,-8.375,-6.579284001020894
model_agnostic_replication_behavior-a0e421a8a8bb7800-m1,debugging,-6.375,-5.097436181594811
model_agnostic_replication_behavior-a0fcd1f9e1a4e0ba-m0,debugging,-2.875,-2.2655859547855037
model_agnostic_replication_behavior-a0fcd1f9e1a4e0ba-m1,debugging,0.0,-0.783738135359421
model_agnostic_replication_behavior-a1117ec1dbda2a69-m0,waiting,0.24999999999999992,0.35372495872643506
model_agnostic_replication_behavior-a1117ec1dbda2a69-m1,waiting,0.7500000000000002,0.3427504348259849
model_agnostic_replication_behavior-a12f808134e721d4-m0,effort,-5.0,-5.0270722257851865
model_agnostic_replication_behavior-a12f808134e721d4-m1,effort,-5.125,-5.37677168996198
model_agnostic_replication_behavior-a15aa4c14e33ca93-m0,solvability,8.5,10.146366213295769
model_agnostic_replication_behavior-a15aa4c14e33ca93-m1,solvability,8.6875,10.254363837187158
model_agnostic_replication_behavior-a174e27c2c3bead6-m0,solvability,6.75,6.67400258787572
model_agnostic_replication_behavior-a174e27c2c3bead6-m1,solvability,7.125,6.782000211767108
model_agnostic_replication_behavior-a175f8adb410af7b-m0,foraging,4.0,0.1557036024653521
model_agnostic_replication_behavior-a175f8adb410af7b-m1,foraging,1.75,0.5471859005452154
model_agnostic_replication_behavior-a17642a3c59fe982-m0,foraging,-3.125,-4.258837307292492
model_agnostic_replication_behavior-a17642a3c59fe982-m1,foraging,-3.125,-3.8673550092126288
model_agnostic_replication_behavior-a1a371ca0205f3b5-m0,solvability,10.875,10.869590636875268
model_agnostic_replication_behavior-a1a371ca0205f3b5-m1,solvability,9.625,10.977588260766655
model_agnostic_replication_behavior-a1a540ac216b53e9-m0,information_sampling,5.0,4.356725048096632
model_agnostic_replication_behavior-a1a540ac216b53e9-m1,information_sampling,4.25,2.3597543093847158
model_agnostic_replication_behavior-a27d12ee74eb009d-m0,effort,-1.375,-0.640858629240472
model_agnostic_replication_behavior-a27d12ee74eb009d-m1,effort,-2.625,-0.9905580934172652
model_agnostic_replication_behavior-a2852f751614d7a1-m0,waiting,8.125,9.753428444102273
model_agnostic_replication_behavior-a2852f751614d7a1-m1,waiting,8.25,9.742453920201822
model_agnostic_replication_behavior-a308d567384b758e-m0,waiting,3.875,0.07979156407311394
model_agnostic_replication_behavior-a308d567384b758e-m1,waiting,4.375,0.06881704017266355
model_agnostic_replication_behavior-a31319d2f11fc6a4-m0,information_sampling,-1.5,-1.6543024322317872
model_agnostic_replication_behavior-a31319d2f11fc6a4-m1,information_sampling,-2.5,-3.6512731709437047
model_agnostic_replication_behavior-a32a2569c8a971ff-m0,foraging,2.625,-0.10959646733710648
model_agnostic_replication_behavior-a32a2569c8a971ff-m1,foraging,3.5,0.2818858307427573
model_agnostic_replication_behavior-a377c64c042c97fa-m0,bandit,2.875,4.104859477594607
model_agnostic_replication_behavior-a377c64c042c97fa-m1,bandit,4.375,4.108322490456965
model_agnostic_replication_behavior-a3a86d0cdc3cad93-m0,solvability,6.625,8.637449028167966
model_agnostic_replication_behavior-a3a86d0cdc3cad93-m1,solvability,5.875,8.745446652059355
model_agnostic_replication_behavior-a3a93cc6e9169fa3-m0,information_sampling,2.125,2.0970241435437518
model_agnostic_replication_behavior-a3a93cc6e9169fa3-m1,information_sampling,0.8750000000000001,0.10005340483183445
model_agnostic_replication_behavior-a3c0f6578ab20b83-m0,information_sampling,3.875,5.357536466734759
model_agnostic_replication_behavior-a3c0f6578ab20b83-m1,information_sampling,2.75,3.360565728022842
model_agnostic_replication_behavior-a3cfb7159fafdec6-m0,debugging,5.125,3.7832051946556806
model_agnostic_replication_behavior-a3cfb7159fafdec6-m1,debugging,5.75,5.265053014081763
model_agnostic_replication_behavior-a42ca42c513b241a-m0,solvability,-6.625,-6.825184881290374
model_agnostic_replication_behavior-a42ca42c513b241a-m1,solvability,-5.5,-6.717187257398986
model_agnostic_replication_behavior-a451b64017f24c80-m0,waiting,9.0,10.495262353630903
model_agnostic_replication_behavior-a451b64017f24c80-m1,waiting,8.625,10.484287829730452
model_agnostic_replication_behavior-a4613ac8506c78c0-m0,debugging,4.5,0.23908071165184253
model_agnostic_replication_behavior-a4613ac8506c78c0-m1,debugging,6.125,1.720928531077925
model_agnostic_replication_behavior-a46f5360fc23da31-m0,debugging,-2.375,0.5202101473980003
model_agnostic_replication_behavior-a46f5360fc23da31-m1,debugging,1.8749999999999998,2.0020579668240828
model_agnostic_replication_behavior-a47fbfe4b3b204ba-m0,solvability,-12.625,-11.510495992147902
model_agnostic_replication_behavior-a47fbfe4b3b204ba-m1,solvability,-9.5625,-11.402498368256513
model_agnostic_replication_behavior-a487512d9591d2b5-m0,bandit,-11.4375,-9.987577283975195
model_agnostic_replication_behavior-a487512d9591d2b5-m1,bandit,-9.875,-9.984114271112835
model_agnostic_replication_behavior-a4c54bc3ec62e053-m0,information_sampling,3.5,3.1221407250681157
model_agnostic_replication_behavior-a4c54bc3ec62e053-m1,information_sampling,-0.8750000000000002,1.1251699863561981
model_agnostic_replication_behavior-a4e37f63ffad0136-m0,waiting,6.5,4.135575723677713
model_agnostic_replication_behavior-a4e37f63ffad0136-m1,waiting,6.375,4.1246011997772625
model_agnostic_replication_behavior-a4fbc588f4f2f1c1-m0,bandit,1.021484375,-2.102716603048223
model_agnostic_replication_behavior-a4fbc588f4f2f1c1-m1,bandit,-1.306640625,-2.099253590185864
model_agnostic_replication_behavior-a528e71ab9d6cfb9-m0,information_sampling,-1.25,1.9358572849736735
model_agnostic_replication_behavior-a528e71ab9d6cfb9-m1,information_sampling,-3.0,-0.06111345373824406
model_agnostic_replication_behavior-a52df98b57929acf-m0,bandit,5.375,1.4958929434342805
model_agnostic_replication_behavior-a52df98b57929acf-m1,bandit,-1.7499999999999998,1.4993559562966392
model_agnostic_replication_behavior-a543d323f11e92dd-m0,waiting,3.625,1.7681544371589641
model_agnostic_replication_behavior-a543d323f11e92dd-m1,waiting,3.5,1.7571799132585135
model_agnostic_replication_behavior-a5a6f09268e89b34-m0,information_sampling,3.5,0.7614772007778603
model_agnostic_replication_behavior-a5a6f09268e89b34-m1,information_sampling,-2.125,-1.2354935379340568
model_agnostic_replication_behavior-a5c3d29c9fb7e4dc-m0,foraging,-6.125,-5.7229490124889715
model_agnostic_replication_behavior-a5c3d29c9fb7e4dc-m1,foraging,-4.5,-5.331466714409108
model_agnostic_replication_behavior-a5ce8bd5b16bf8f7-m0,information_sampling,-1.625,-0.33079720496601595
model_agnostic_replication_behavior-a5ce8bd5b16bf8f7-m1,information_sampling,-4.5,-2.3277679436779333
model_agnostic_replication_behavior-a5e146830253c8b8-m0,debugging,-1.2385406494140625,-4.826475354616407
model_agnostic_replication_behavior-a5e146830253c8b8-m1,debugging,-0.21459960937499997,-3.344627535190324
model_agnostic_replication_behavior-a646ebd939cd594b-m0,waiting,5.875,7.525268050336455
model_agnostic_replication_behavior-a646ebd939cd594b-m1,waiting,5.875,7.5142935264360045
model_agnostic_replication_behavior-a68d3e0aa669146a-m0,solvability,5.625,3.6689012092859423
model_agnostic_replication_behavior-a68d3e0aa669146a-m1,solvability,4.75,3.77689883317733
model_agnostic_replication_behavior-a69e531dd13ba571-m0,waiting,5.5,7.236537977630306
model_agnostic_replication_behavior-a69e531dd13ba571-m1,waiting,5.625,7.2255634537298565
model_agnostic_replication_behavior-a6c9a1b963478f89-m0,information_sampling,4.25,2.4375844709700214
model_agnostic_replication_behavior-a6c9a1b963478f89-m1,information_sampling,3.0,0.44061373225810385
model_agnostic_replication_behavior-a6d80956f32032cf-m0,debugging,-3.5,-0.6258052029798002
model_agnostic_replication_behavior-a6d80956f32032cf-m1,debugging,-0.8750000000000002,0.8560426164462824
model_agnostic_replication_behavior-a6ed1397d814db82-m0,waiting,10.75,8.864470177880008
model_agnostic_replication_behavior-a6ed1397d814db82-m1,waiting,10.75,8.853495653979557
model_agnostic_replication_behavior-a74f835b98d84c09-m0,effort,-7.125,-7.138387201660065
model_agnostic_replication_behavior-a74f835b98d84c09-m1,effort,-7.25,-7.488086665836859
model_agnostic_replication_behavior-a76dcd9640ae67bf-m0,information_sampling,1.0,0.9904627974712534
model_agnostic_replication_behavior-a76dcd9640ae67bf-m1,information_sampling,-2.125,-1.0065079412406641
model_agnostic_replication_behavior-a7ab7a2e0d8545a1-m0,foraging,-2.0,1.477209195428062
model_agnostic_replication_behavior-a7ab7a2e0d8545a1-m1,foraging,-3.75,1.8686914935079257
model_agnostic_replication_behavior-a7c97b3af4ca8c64-m0,information_sampling,5.5,3.8002956770192493
model_agnostic_replication_behavior-a7c97b3af4ca8c64-m1,information_sampling,1.8749999999999998,1.8033249383073322
model_agnostic_replication_behavior-a7d9dee50aa7b775-m0,bandit,-6.5,-5.010364190417388
model_agnostic_replication_behavior-a7d9dee50aa7b775-m1,bandit,-5.375,-5.006901177555029
model_agnostic_replication_behavior-a7ded166a44d2eec-m0,solvability,7.0,7.987867942120535
model_agnostic_replication_behavior-a7ded166a44d2eec-m1,solvability,6.5,8.095865566011923
model_agnostic_replication_behavior-a7eb61b60ddd0e1c-m0,foraging,11.25,9.465480594984845
model_agnostic_replication_behavior-a7eb61b60ddd0e1c-m1,foraging,10.25,9.856962893064708
model_agnostic_replication_behavior-a7f63c768d2b931c-m0,solvability,5.875,1.9755401745829244
model_agnostic_replication_behavior-a7f63c768d2b931c-m1,solvability,5.0,2.083537798474313
model_agnostic_replication_behavior-a830c826b0ed4264-m0,effort,-4.25,-4.778920096046505
model_agnostic_replication_behavior-a830c826b0ed4264-m1,effort,-3.625,-5.128619560223298
model_agnostic_replication_behavior-a849749b5020b267-m0,debugging,-11.875,-12.469711836929845
model_agnostic_replication_behavior-a849749b5020b267-m1,debugging,-9.625,-10.987864017503762
model_agnostic_replication_behavior-a8e1a5f78fe34455-m0,information_sampling,6.25,5.28788780419889
model_agnostic_replication_behavior-a8e1a5f78fe34455-m1,information_sampling,3.75,3.2909170654869726
model_agnostic_replication_behavior-a8fe42ca48c26324-m0,debugging,3.75,3.1530539141094938
model_agnostic_replication_behavior-a8fe42ca48c26324-m1,debugging,5.375,4.634901733535576
model_agnostic_replication_behavior-a902c9fdbad01d0a-m0,foraging,5.125,0.8950271418175652
model_agnostic_replication_behavior-a902c9fdbad01d0a-m1,foraging,4.75,1.2865094398974284
model_agnostic_replication_behavior-a90dea3553dfce28-m0,waiting,3.25,3.7457535143628444
model_agnostic_replication_behavior-a90dea3553dfce28-m1,waiting,4.375,3.734778990462394
model_agnostic_replication_behavior-a94220409f3387ce-m0,effort,4.5,4.198584673112289
model_agnostic_replication_behavior-a94220409f3387ce-m1,effort,4.0,3.8488852089354957
model_agnostic_replication_behavior-a94b591a2bff9baa-m0,information_sampling,6.25,6.725233778667735
model_agnostic_replication_behavior-a94b591a2bff9baa-m1,information_sampling,4.375,4.7282630399558165
model_agnostic_replication_behavior-a96bd9980f147e39-m0,foraging,-7.625,-6.9748034512402866
model_agnostic_replication_behavior-a96bd9980f147e39-m1,foraging,-6.5,-6.583321153160424
model_agnostic_replication_behavior-a96c2bd43fa2e9bd-m0,effort,1.25,0.54151628963284
model_agnostic_replication_behavior-a96c2bd43fa2e9bd-m1,effort,-0.7500000000000001,0.19181682545604664
model_agnostic_replication_behavior-a980e77008cda552-m0,foraging,-5.125,-4.367295549342686
model_agnostic_replication_behavior-a980e77008cda552-m1,foraging,-4.25,-3.975813251262823
model_agnostic_replication_behavior-a9c746969fb565bb-m0,solvability,-9.875,-10.262232694698591
model_agnostic_replication_behavior-a9c746969fb565bb-m1,solvability,-7.125,-10.154235070807202
model_agnostic_replication_behavior-aa288658934d6f08-m0,foraging,4.625,2.480809050093682
model_agnostic_replication_behavior-aa288658934d6f08-m1,foraging,2.25,2.8722913481735457
model_agnostic_replication_behavior-aa3e1e1aafce3bed-m0,solvability,-7.375,-3.5083476683528714
model_agnostic_replication_behavior-aa3e1e1aafce3bed-m1,solvability,-5.5,-3.400350044461482
model_agnostic_replication_behavior-aa57df58cdba4ce5-m0,debugging,3.125,0.10245001053761649
model_agnostic_replication_behavior-aa57df58cdba4ce5-m1,debugging,4.25,1.5842978299636994
model_agnostic_replication_behavior-aad187a47ece8336-m0,debugging,-4.375,-2.134657555888131
model_agnostic_replication_behavior-aad187a47ece8336-m1,debugging,-0.8750000000000002,-0.6528097364620475
model_agnostic_replication_behavior-aaef65062abf2819-m0,bandit,3.375,-2.710892604699112
model_agnostic_replication_behavior-aaef65062abf2819-m1,bandit,3.625,-2.7074295918367532
model_agnostic_replication_behavior-aaf8aa5de0fc6b93-m0,debugging,-1.375,-1.6983718848331157
model_agnostic_replication_behavior-aaf8aa5de0fc6b93-m1,debugging,3.75,-0.21652406540703306
model_agnostic_replication_behavior-ab1aa6db35ae8557-m0,debugging,-7.375,-6.207865573183079
model_agnostic_replication_behavior-ab1aa6db35ae8557-m1,debugging,-6.375,-4.726017753756996
model_agnostic_replication_behavior-ab1afbf27364f180-m0,foraging,6.875,2.8440485183519253
model_agnostic_replication_behavior-ab1afbf27364f180-m1,foraging,6.625,3.2355308164317886
model_agnostic_replication_behavior-ab54dec61ded46a8-m0,bandit,-5.875,-4.833256971454791
model_agnostic_replication_behavior-ab54dec61ded46a8-m1,bandit,-5.625,-4.8297939585924325
model_agnostic_replication_behavior-aba2d544304c5912-m0,debugging,-6.875,0.7054436859356406
model_agnostic_replication_behavior-aba2d544304c5912-m1,debugging,-2.75,2.1872915053617232
model_agnostic_replication_behavior-abb5317ab5b4a015-m0,waiting,-1.25,0.23786804112894377
model_agnostic_replication_behavior-abb5317ab5b4a015-m1,waiting,-5.125,0.22689351722849316
model_agnostic_replication_behavior-ac38923080b383a6-m0,debugging,-8.125,-10.309837827299003
model_agnostic_replication_behavior-ac38923080b383a6-m1,debugging,-6.75,-8.82799000787292
model_agnostic_replication_behavior-ac890acb50f7ec0e-m0,information_sampling,4.125,3.191748159186454
model_agnostic_replication_behavior-ac890acb50f7ec0e-m1,information_sampling,-2.375,1.1947774204745367
model_agnostic_replication_behavior-acbaebba4c74cb02-m0,bandit,-4.5,-5.211070634409735
model_agnostic_replication_behavior-acbaebba4c74cb02-m1,bandit,-6.125,-5.2076076215473766
model_agnostic_replication_behavior-accd5275ffc2344c-m0,effort,-2.375,0.3611607485253393
model_agnostic_replication_behavior-accd5275ffc2344c-m1,effort,-2.0,0.011461284348546097
model_agnostic_replication_behavior-acf7c0f8f0de4cdd-m0,information_sampling,3.0,1.8330280856452483
model_agnostic_replication_behavior-acf7c0f8f0de4cdd-m1,information_sampling,3.0,-0.16394265306666922
model_agnostic_replication_behavior-ad17b7f6e94b25c2-m0,effort,-1.375,-1.807875642282602
model_agnostic_replication_behavior-ad17b7f6e94b25c2-m1,effort,-2.25,-2.157575106459395
model_agnostic_replication_behavior-ad58471ff39d62b3-m0,information_sampling,2.875,1.9043901569615134
model_agnostic_replication_behavior-ad58471ff39d62b3-m1,information_sampling,0.7500000000000002,-0.09258058175040373
model_agnostic_replication_behavior-ad86cbf40f63c41b-m0,waiting,2.75,2.935936057693287
model_agnostic_replication_behavior-ad86cbf40f63c41b-m1,waiting,3.5,2.9249615337928367
model_agnostic_replication_behavior-ad9239f863ee41f7-m0,solvability,7.5,2.7425796495098744
model_agnostic_replication_behavior-ad9239f863ee41f7-m1,solvability,7.125,2.850577273401263
model_agnostic_replication_behavior-adf66d1532af3585-m0,debugging,0.24999999999999992,1.7585850385964303
model_agnostic_replication_behavior-adf66d1532af3585-m1,debugging,-2.125,3.2404328580225132
model_agnostic_replication_behavior-ae29143e83f51d84-m0,bandit,-4.0,-3.6629821878982303
model_agnostic_replication_behavior-ae29143e83f51d84-m1,bandit,-1.0000000000000002,-3.6595191750358715
model_agnostic_replication_behavior-ae3f93b7a5b07031-m0,waiting,3.25,1.8679338159965624
model_agnostic_replication_behavior-ae3f93b7a5b07031-m1,waiting,4.25,1.856959292096112
model_agnostic_replication_behavior-ae993fc3f92cbf0d-m0,solvability,-0.71875,-2.634874636144481
model_agnostic_replication_behavior-ae993fc3f92cbf0d-m1,solvability,1.328125,-2.5268770122530926
model_agnostic_replication_behavior-ae9d6a62b9996a52-m0,effort,2.125,-2.506168108893477
model_agnostic_replication_behavior-ae9d6a62b9996a52-m1,effort,0.37499999999999994,-2.8558675730702703
model_agnostic_replication_behavior-aecc506b9efb42c7-m0,foraging,-7.75,-5.636818914361051
model_agnostic_replication_behavior-aecc506b9efb42c7-m1,foraging,-6.0,-5.245336616281187
model_agnostic_replication_behavior-af0b27cc9c3c3c61-m0,foraging,4.125,2.685133212662595
model_agnostic_replication_behavior-af0b27cc9c3c3c61-m1,foraging,5.0,3.076615510742459
model_agnostic_replication_behavior-af0b84099a005ab1-m0,bandit,9.6875,6.1854641271752335
model_agnostic_replication_behavior-af0b84099a005ab1-m1,bandit,8.25,6.188927140037593
model_agnostic_replication_behavior-af77d164614b1d66-m0,debugging,7.125,4.354911985335543
model_agnostic_replication_behavior-af77d164614b1d66-m1,debugging,7.125,5.836759804761626
model_agnostic_replication_behavior-af77e1e8d4a048b0-m0,debugging,-6.625,-1.9429415909132803
model_agnostic_replication_behavior-af77e1e8d4a048b0-m1,debugging,-4.375,-0.46109377148719766
model_agnostic_replication_behavior-af7a3776375cf5d8-m0,foraging,7.125,3.9874343841200237
model_agnostic_replication_behavior-af7a3776375cf5d8-m1,foraging,7.625,4.378916682199887
model_agnostic_replication_behavior-af9b04e92981df21-m0,foraging,3.375,1.8587976016040728
model_agnostic_replication_behavior-af9b04e92981df21-m1,foraging,4.25,2.2502798996839366
model_agnostic_replication_behavior-afb3467b7db67954-m0,debugging,-4.0,-1.68760534402635
model_agnostic_replication_behavior-afb3467b7db67954-m1,debugging,-5.125,-0.20575752460026728
model_agnostic_replication_behavior-afd29f0454e4c837-m0,information_sampling,-2.875,-0.6923514059495939
model_agnostic_replication_behavior-afd29f0454e4c837-m1,information_sampling,-4.375,-2.689322144661512
model_agnostic_replication_behavior-b0278a57ed64cc5b-m0,waiting,-4.125,0.6657064244991526
model_agnostic_replication_behavior-b0278a57ed64cc5b-m1,waiting,-5.0,0.6547319005987025
model_agnostic_replication_behavior-b0363d1497b21cd4-m0,information_sampling,-2.0,-1.7969940619163778
model_agnostic_replication_behavior-b0363d1497b21cd4-m1,information_sampling,-3.25,-3.793964800628295
model_agnostic_replication_behavior-b059e762ede61b75-m0,bandit,-0.06249999999999986,-1.7056324815256123
model_agnostic_replication_behavior-b059e762ede61b75-m1,bandit,1.3203125,-1.7021694686632538
model_agnostic_replication_behavior-b0799ff589d12830-m0,solvability,-0.6249999999999999,3.7926202374995714
model_agnostic_replication_behavior-b0799ff589d12830-m1,solvability,-0.37499999999999994,3.900617861390959
model_agnostic_replication_behavior-b079d0c7150c5026-m0,solvability,4.875,1.1042154425927935
model_agnostic_replication_behavior-b079d0c7150c5026-m1,solvability,2.25,1.212213066484182
model_agnostic_replication_behavior-b08ce482cad5e8d8-m0,solvability,2.125,0.3163668961010805
model_agnostic_replication_behavior-b08ce482cad5e8d8-m1,solvability,1.8749999999999998,0.42436451999246905
model_agnostic_replication_behavior-b08dda7e86b74f39-m0,waiting,-6.25,-0.6288924470252939
model_agnostic_replication_behavior-b08dda7e86b74f39-m1,waiting,-5.625,-0.6398669709257441
model_agnostic_replication_behavior-b091f89781ed3b2b-m0,waiting,-5.75,-3.75941781560088
model_agnostic_replication_behavior-b091f89781ed3b2b-m1,waiting,-6.0,-3.7703923395013303
model_agnostic_replication_behavior-b0e8eab1286e0495-m0,effort,-2.875,0.332232011706199
model_agnostic_replication_behavior-b0e8eab1286e0495-m1,effort,-3.0,-0.017467452470594225
model_agnostic_replication_behavior-b104e976596e9b41-m0,waiting,5.125,6.8685266576255755
model_agnostic_replication_behavior-b104e976596e9b41-m1,waiting,5.125,6.857552133725125
model_agnostic_replication_behavior-b11901307bf86676-m0,waiting,0.8750000000000001,1.3088010351503578
model_agnostic_replication_behavior-b11901307bf86676-m1,waiting,3.625,1.2978265112499074
model_agnostic_replication_behavior-b13bb523a16cd0b6-m0,effort,5.125,4.896850729057539
model_agnostic_replication_behavior-b13bb523a16cd0b6-m1,effort,4.0,4.547151264880746
model_agnostic_replication_behavior-b154cc31684d8f3f-m0,bandit,-12.25,-11.720953476391639
model_agnostic_replication_behavior-b154cc31684d8f3f-m1,bandit,-9.8125,-11.717490463529279
model_agnostic_replication_behavior-b16568e0116fc1e7-m0,information_sampling,1.25,1.5025473148073645
model_agnostic_replication_behavior-b16568e0116fc1e7-m1,information_sampling,-3.875,-0.49442342390455274
model_agnostic_replication_behavior-b1732c0d94b9cc23-m0,effort,-2.25,-2.088521165832809
model_agnostic_replication_behavior-b1732c0d94b9cc23-m1,effort,-2.0,-2.438220630009602
model_agnostic_replication_behavior-b1815e9392c1084d-m0,effort,0.24999999999999992,3.851210579842036
model_agnostic_replication_behavior-b1815e9392c1084d-m1,effort,-0.5,3.501511115665243
model_agnostic_replication_behavior-b198af7ba8d1b526-m0,debugging,6.625,6.301459195968206
model_agnostic_replication_behavior-b198af7ba8d1b526-m1,debugging,6.875,7.783307015394287
model_agnostic_replication_behavior-b1ab096de809d49a-m0,information_sampling,5.0,5.047312915651457
model_agnostic_replication_behavior-b1ab096de809d49a-m1,information_sampling,2.75,3.0503421769395396
model_agnostic_replication_behavior-b221a40bc1ed3b52-m0,waiting,1.25,0.31785791128536767
model_agnostic_replication_behavior-b221a40bc1ed3b52-m1,waiting,1.125,0.30688338738491705
model_agnostic_replication_behavior-b240fb3e40f52959-m0,effort,-6.125,-6.643206330913461
model_agnostic_replication_behavior-b240fb3e40f52959-m1,effort,-6.375,-6.9929057950902545
model_agnostic_replication_behavior-b2485125974a9402-m0,effort,-2.625,-2.2122009298800203
model_agnostic_replication_behavior-b2485125974a9402-m1,effort,-3.25,-2.5619003940568135
model_agnostic_replication_behavior-b24b3b34b3c76553-m0,effort,-3.625,-2.04293450634044
model_agnostic_replication_behavior-b24b3b34b3c76553-m1,effort,-3.75,-2.3926339705172333
model_agnostic_replication_behavior-b2a35d25bbfe0347-m0,effort,-5.125,-2.6803765968580313
model_agnostic_replication_behavior-b2a35d25bbfe0347-m1,effort,-5.0,-3.030076061034825
model_agnostic_replication_behavior-b2affe67e7dad167-m0,foraging,7.75,4.3479622183773605
model_agnostic_replication_behavior-b2affe67e7dad167-m1,foraging,6.375,4.739444516457223
model_agnostic_replication_behavior-b2da15a4060b4ae3-m0,solvability,12.6875,10.598674255277217
model_agnostic_replication_behavior-b2da15a4060b4ae3-m1,solvability,12.125,10.706671879168605
model_agnostic_replication_behavior-b310632467f80f9f-m0,information_sampling,3.5,1.2264881369408664
model_agnostic_replication_behavior-b310632467f80f9f-m1,information_sampling,-1.0000000000000002,-0.7704826017710511
model_agnostic_replication_behavior-b329f57d6f2aca28-m0,solvability,1.25,-1.2410965525696562
model_agnostic_replication_behavior-b329f57d6f2aca28-m1,solvability,0.37499999999999994,-1.1330989286782678
model_agnostic_replication_behavior-b33806b03d34fa75-m0,effort,3.5,-0.03500147489101879
model_agnostic_replication_behavior-b33806b03d34fa75-m1,effort,3.125,-0.3847009390678122
model_agnostic_replication_behavior-b39655be6ad67a0e-m0,foraging,3.0,0.35715141492746894
model_agnostic_replication_behavior-b39655be6ad67a0e-m1,foraging,3.25,0.7486337130073318
model_agnostic_replication_behavior-b3c5d4dd465aa910-m0,information_sampling,4.875,3.6833691938796687
model_agnostic_replication_behavior-b3c5d4dd465aa910-m1,information_sampling,2.625,1.6863984551677513
model_agnostic_replication_behavior-b3fc63e98c34e0c1-m0,debugging,3.5,2.793185442580656
model_agnostic_replication_behavior-b3fc63e98c34e0c1-m1,debugging,5.75,4.275033262006739
model_agnostic_replication_behavior-b4091cd5acefef50-m0,bandit,0.125,1.6015798492789468
model_agnostic_replication_behavior-b4091cd5acefef50-m1,bandit,0.5,1.6050428621413046
model_agnostic_replication_behavior-b417cb54ca5cb0a9-m0,waiting,-1.25,0.004087797741515131
model_agnostic_replication_behavior-b417cb54ca5cb0a9-m1,waiting,-0.6249999999999999,-0.0068867261589352635
model_agnostic_replication_behavior-b43d0c4c83424957-m0,debugging,-3.75,-1.2968320934151383
model_agnostic_replication_behavior-b43d0c4c83424957-m1,debugging,-2.125,0.1850157260109444
model_agnostic_replication_behavior-b43fa222450ee229-m0,bandit,8.375,6.278524202552605
model_agnostic_replication_behavior-b43fa222450ee229-m1,bandit,7.5,6.281987215414963
model_agnostic_replication_behavior-b45b8c56007b8889-m0,foraging,-6.0,-2.7846578668152935
model_agnostic_replication_behavior-b45b8c56007b8889-m1,foraging,-4.75,-2.3931755687354297
model_agnostic_replication_behavior-b4a89c1245e5e084-m0,debugging,4.875,2.0702332115345103
model_agnostic_replication_behavior-b4a89c1245e5e084-m1,debugging,5.625,3.5520810309605926
model_agnostic_replication_behavior-b4da18abc05a36e8-m0,information_sampling,4.25,2.611260585011587
model_agnostic_replication_behavior-b4da18abc05a36e8-m1,information_sampling,0.625,0.6142898462996693
model_agnostic_replication_behavior-b4e46402e04034da-m0,effort,0.24218749999999986,-3.4418085824550944
model_agnostic_replication_behavior-b4e46402e04034da-m1,effort,-1.3232421875,-3.791508046631888
model_agnostic_replication_behavior-b4ff5e2b0e8e2429-m0,effort,-7.125,-8.672119658419481
model_agnostic_replication_behavior-b4ff5e2b0e8e2429-m1,effort,-7.25,-9.021819122596275
model_agnostic_replication_behavior-b50e040cfda7d970-m0,waiting,7.25,6.063590039587764
model_agnostic_replication_behavior-b50e040cfda7d970-m1,waiting,6.25,6.0526155156873145
model_agnostic_replication_behavior-b51078f008173cf6-m0,debugging,6.5,1.0516419504113679
model_agnostic_replication_behavior-b51078f008173cf6-m1,debugging,6.875,2.5334897698374506
model_agnostic_replication_behavior-b51ff999e101524f-m0,bandit,-3.125,-2.6640313157618483
model_agnostic_replication_behavior-b51ff999e101524f-m1,bandit,-1.7499999999999998,-2.660568302899489
model_agnostic_replication_behavior-b525271a90d40279-m0,foraging,9.75,6.730647204412421
model_agnostic_replication_behavior-b525271a90d40279-m1,foraging,8.375,7.1221295024922835
model_agnostic_replication_behavior-b56a3286ab9ef41d-m0,bandit,-10.0625,-7.879012984545997
model_agnostic_replication_behavior-b56a3286ab9ef41d-m1,bandit,-10.8125,-7.875549971683639
model_agnostic_replication_behavior-b5701f791aa8997e-m0,effort,-1.0000000000000002,0.33888470836030127
model_agnostic_replication_behavior-b5701f791aa8997e-m1,effort,-2.125,-0.010814755816491939
model_agnostic_replication_behavior-b570dad4c65811ca-m0,bandit,-6.5,-2.198340994204986
model_agnostic_replication_behavior-b570dad4c65811ca-m1,bandit,-7.75,-2.194877981342627
model_agnostic_replication_behavior-b58943e20a8f8a92-m0,debugging,-8.25,-7.453189560038178
model_agnostic_replication_behavior-b58943e20a8f8a92-m1,debugging,-6.5,-5.971341740612096
model_agnostic_replication_behavior-b5fad042cb63ff87-m0,solvability,-6.875,-5.01103388837663
model_agnostic_replication_behavior-b5fad042cb63ff87-m1,solvability,-5.25,-4.903036264485242
model_agnostic_replication_behavior-b6005f5c6416b8fb-m0,information_sampling,-1.25,-0.055968153459511116
model_agnostic_replication_behavior-b6005f5c6416b8fb-m1,information_sampling,-0.6249999999999999,-2.0529388921714284
model_agnostic_replication_behavior-b64609b7c3f2c495-m0,debugging,1.3750000000000002,-1.849016506931557
model_agnostic_replication_behavior-b64609b7c3f2c495-m1,debugging,1.75,-0.36716868750547427
model_agnostic_replication_behavior-b648a50a1d57f2be-m0,information_sampling,4.0,6.108852450145725
model_agnostic_replication_behavior-b648a50a1d57f2be-m1,information_sampling,3.375,4.111881711433807
model_agnostic_replication_behavior-b6f9e05fb713ae7f-m0,waiting,4.625,3.8373923868476236
model_agnostic_replication_behavior-b6f9e05fb713ae7f-m1,waiting,4.75,3.8264178629471735
model_agnostic_replication_behavior-b73b2563d7792a62-m0,bandit,-9.9375,-8.026271754208066
model_agnostic_replication_behavior-b73b2563d7792a62-m1,bandit,-9.5,-8.022808741345706
model_agnostic_replication_behavior-b74224d6692de83a-m0,debugging,-6.875,-3.8364251378677365
model_agnostic_replication_behavior-b74224d6692de83a-m1,debugging,-4.75,-2.3545773184416534
model_agnostic_replication_behavior-b7665e01c153d5bf-m0,bandit,8.0,4.562872894341583
model_agnostic_replication_behavior-b7665e01c153d5bf-m1,bandit,4.875,4.566335907203942
model_agnostic_replication_behavior-b778e44eb05ef619-m0,information_sampling,5.25,3.7790508311841062
model_agnostic_replication_behavior-b778e44eb05ef619-m1,information_sampling,3.875,1.7820800924721887
model_agnostic_replication_behavior-b7904579c72898ad-m0,foraging,-5.75,-2.930669425253857
model_agnostic_replication_behavior-b7904579c72898ad-m1,foraging,-4.625,-2.5391871271739936
model_agnostic_replication_behavior-b7ba091b56cafce6-m0,solvability,8.375,5.014368927407927
model_agnostic_replication_behavior-b7ba091b56cafce6-m1,solvability,7.625,5.122366551299316
model_agnostic_replication_behavior-b7c870124e39f0e2-m0,foraging,7.5,6.461932170433164
model_agnostic_replication_behavior-b7c870124e39f0e2-m1,foraging,6.5,6.8534144685130265
model_agnostic_replication_behavior-b7d2a31795727d16-m0,bandit,11.5625,6.40281563697873
model_agnostic_replication_behavior-b7d2a31795727d16-m1,bandit,8.5,6.406278649841089
model_agnostic_replication_behavior-b7eacd4b42bd6e95-m0,information_sampling,2.125,1.6432899536204086
model_agnostic_replication_behavior-b7eacd4b42bd6e95-m1,information_sampling,-1.875,-0.3536807850915089
model_agnostic_replication_behavior-b81630c7a11a2e05-m0,information_sampling,4.625,2.586077988881309
model_agnostic_replication_behavior-b81630c7a11a2e05-m1,information_sampling,3.125,0.5891072501693915
model_agnostic_replication_behavior-b839ec3c500cdc8f-m0,debugging,0.24999999999999992,-1.0292178312219622
model_agnostic_replication_behavior-b839ec3c500cdc8f-m1,debugging,0.7500000000000002,0.45262998820412015
model_agnostic_replication_behavior-b84c0a4044355c3d-m0,waiting,8.75,9.530634591977462
model_agnostic_replication_behavior-b84c0a4044355c3d-m1,waiting,8.875,9.519660068077012
model_agnostic_replication_behavior-b88c71389f6e1f78-m0,waiting,3.125,1.7485180039075323
model_agnostic_replication_behavior-b88c71389f6e1f78-m1,waiting,3.0,1.737543480007082
model_agnostic_replication_behavior-b8d58994135da0d4-m0,foraging,7.75,2.1680936582845507
model_agnostic_replication_behavior-b8d58994135da0d4-m1,foraging,7.125,2.5595759563644136
model_agnostic_replication_behavior-b8d6336ea6666d04-m0,debugging,7.75,4.373173456303135
model_agnostic_replication_behavior-b8d6336ea6666d04-m1,debugging,8.0,5.855021275729219
model_agnostic_replication_behavior-b8d97a1220a37322-m0,solvability,13.125,12.639334688992559
model_agnostic_replication_behavior-b8d97a1220a37322-m1,solvability,12.875,12.747332312883948
model_agnostic_replication_behavior-b8ee4bfaaff3b78c-m0,solvability,-4.125,-2.3066316889518808
model_agnostic_replication_behavior-b8ee4bfaaff3b78c-m1,solvability,-4.625,-2.1986340650604923
model_agnostic_replication_behavior-b90bb133e5583170-m0,debugging,-4.0,-2.1457612930937078
model_agnostic_replication_behavior-b90bb133e5583170-m1,debugging,-1.0000000000000002,-0.6639134736676247
model_agnostic_replication_behavior-b9754b6451a053c1-m0,information_sampling,3.875,4.1685757890798545
model_agnostic_replication_behavior-b9754b6451a053c1-m1,information_sampling,3.125,2.1716050503679374
model_agnostic_replication_behavior-b98c3405de39105f-m0,bandit,12.25,7.085375668523094
model_agnostic_replication_behavior-b98c3405de39105f-m1,bandit,10.0,7.088838681385454
model_agnostic_replication_behavior-b9a8a30169f814d2-m0,solvability,-0.890625,-2.0792990919431817
model_agnostic_replication_behavior-b9a8a30169f814d2-m1,solvability,1.109375,-1.9713014680517935
model_agnostic_replication_behavior-b9c0b53ee3475117-m0,foraging,2.5,1.8110382852701679
model_agnostic_replication_behavior-b9c0b53ee3475117-m1,foraging,3.875,2.2025205833500316
model_agnostic_replication_behavior-b9e603424cb92b55-m0,bandit,6.75,8.002374806346525
model_agnostic_replication_behavior-b9e603424cb92b55-m1,bandit,6.5,8.005837819208883
model_agnostic_replication_behavior-b9f5341d75b1714a-m0,solvability,0.03125000000000008,5.570738009537847
model_agnostic_replication_behavior-b9f5341d75b1714a-m1,solvability,1.9062500000000002,5.678735633429237
model_agnostic_replication_behavior-ba1cc96811478777-m0,foraging,6.625,4.8997105135685
model_agnostic_replication_behavior-ba1cc96811478777-m1,foraging,7.0,5.291192811648363
model_agnostic_replication_behavior-ba48ed3f91a389fa-m0,foraging,-1.625,-0.49426782300191474
model_agnostic_replication_behavior-ba48ed3f91a389fa-m1,foraging,-2.875,-0.10278552492205092
model_agnostic_replication_behavior-ba4f4292ecdca8d8-m0,debugging,2.75,-0.8346322580109713
model_agnostic_replication_behavior-ba4f4292ecdca8d8-m1,debugging,5.125,0.6472155614151114
model_agnostic_replication_behavior-ba63ed3e3a0cb812-m0,foraging,3.75,3.232811301991147
model_agnostic_replication_behavior-ba63ed3e3a0cb812-m1,foraging,2.5,3.624293600071011
model_agnostic_replication_behavior-ba9da87bdb54ea7a-m0,waiting,4.0,3.7170035020680507
model_agnostic_replication_behavior-ba9da87bdb54ea7a-m1,waiting,4.0,3.7060289781676
model_agnostic_replication_behavior-baa256dd183aed71-m0,effort,-6.5,-3.535810905102644
model_agnostic_replication_behavior-baa256dd183aed71-m1,effort,-6.25,-3.8855103692794373
model_agnostic_replication_behavior-baa496fd4db96050-m0,solvability,-4.375,-2.873532718295257
model_agnostic_replication_behavior-baa496fd4db96050-m1,solvability,-3.0,-2.7655350944038686
model_agnostic_replication_behavior-bab38f8f58566df2-m0,debugging,-5.125,-5.854947513114127
model_agnostic_replication_behavior-bab38f8f58566df2-m1,debugging,-4.875,-4.373099693688045
model_agnostic_replication_behavior-bac2d3a7617c8d0c-m0,debugging,-9.0,-6.809262045036009
model_agnostic_replication_behavior-bac2d3a7617c8d0c-m1,debugging,-7.375,-5.327414225609926
model_agnostic_replication_behavior-badd7b79148c6bfd-m0,solvability,7.125,7.406635603650705
model_agnostic_replication_behavior-badd7b79148c6bfd-m1,solvability,7.0,7.514633227542093
model_agnostic_replication_behavior-baeb231352f2635a-m0,information_sampling,4.0,1.5385331598826855
model_agnostic_replication_behavior-baeb231352f2635a-m1,information_sampling,-0.5,-0.4584375788292321
model_agnostic_replication_behavior-bafad9172aacd027-m0,debugging,-7.25,-7.764891066056381
model_agnostic_replication_behavior-bafad9172aacd027-m1,debugging,-6.0,-6.283043246630299
model_agnostic_replication_behavior-bb37dc6f4fa12254-m0,information_sampling,2.875,5.314548326505524
model_agnostic_replication_behavior-bb37dc6f4fa12254-m1,information_sampling,2.375,3.3175775877936062
model_agnostic_replication_behavior-bb5ef1f5dda71a93-m0,debugging,2.125,-0.9611319257786486
model_agnostic_replication_behavior-bb5ef1f5dda71a93-m1,debugging,4.875,0.5207158936474339
model_agnostic_replication_behavior-bb7a8ea0c028b603-m0,information_sampling,3.75,3.2784822279726473
model_agnostic_replication_behavior-bb7a8ea0c028b603-m1,information_sampling,3.125,1.2815114892607302
model_agnostic_replication_behavior-bb87c93639906c63-m0,solvability,11.5,10.865867475602558
model_agnostic_replication_behavior-bb87c93639906c63-m1,solvability,10.625,10.973865099493947
model_agnostic_replication_behavior-bb88a55018de43ae-m0,debugging,-1.375,-4.066832186876461
model_agnostic_replication_behavior-bb88a55018de43ae-m1,debugging,-1.7499999999999998,-2.5849843674503785
model_agnostic_replication_behavior-bb99c351ec7b289a-m0,information_sampling,4.875,3.924498584985831
model_agnostic_replication_behavior-bb99c351ec7b289a-m1,information_sampling,3.75,1.9275278462739143
model_agnostic_replication_behavior-bbbaf0ba27873635-m0,waiting,-3.25,-0.8229645606581238
model_agnostic_replication_behavior-bbbaf0ba27873635-m1,waiting,-3.75,-0.8339390845585742
model_agnostic_replication_behavior-bbcdce3e2656fce4-m0,waiting,-1.7499999999999998,0.2691234738722186
model_agnostic_replication_behavior-bbcdce3e2656fce4-m1,waiting,-3.625,0.2581489499717684
model_agnostic_replication_behavior-bbdb6f8f60a2de7e-m0,debugging,3.625,0.7915019519935913
model_agnostic_replication_behavior-bbdb6f8f60a2de7e-m1,debugging,5.875,2.273349771419674
model_agnostic_replication_behavior-bc07e1b9ff659bcf-m0,bandit,-12.125,-8.513196300818946
model_agnostic_replication_behavior-bc07e1b9ff659bcf-m1,bandit,-11.0,-8.509733287956587
model_agnostic_replication_behavior-bc6da548cf59ada3-m0,debugging,0.0,-2.2072120190334115
model_agnostic_replication_behavior-bc6da548cf59ada3-m1,debugging,2.75,-0.7253641996073291
model_agnostic_replication_behavior-bcbb140dd0081a7a-m0,bandit,11.75,8.096656412560545
model_agnostic_replication_behavior-bcbb140dd0081a7a-m1,bandit,8.625,8.100119425422903
model_agnostic_replication_behavior-bcc49133072a63da-m0,bandit,3.5,4.44620029743756
model_agnostic_replication_behavior-bcc49133072a63da-m1,bandit,4.125,4.449663310299918
model_agnostic_replication_behavior-bcdf1f82ff44f91c-m0,waiting,0.7968750000000001,7.242979392601995
model_agnostic_replication_behavior-bcdf1f82ff44f91c-m1,waiting,-0.7421875,7.232004868701544
model_agnostic_replication_behavior-bcf4b4a3a5249fc0-m0,waiting,7.625,5.931170773514566
model_agnostic_replication_behavior-bcf4b4a3a5249fc0-m1,waiting,8.0,5.920196249614117
model_agnostic_replication_behavior-bd30676addecf07f-m0,effort,-3.875,-2.893812213928488
model_agnostic_replication_behavior-bd30676addecf07f-m1,effort,-3.75,-3.243511678105281
model_agnostic_replication_behavior-bd52a33882335d5f-m0,effort,-6.5,-1.346379731445066
model_agnostic_replication_behavior-bd52a33882335d5f-m1,effort,-5.5,-1.6960791956218593
model_agnostic_replication_behavior-bd55a30fe94771cf-m0,bandit,-7.375,-6.541630702676501
model_agnostic_replication_behavior-bd55a30fe94771cf-m1,bandit,-6.625,-6.538167689814141
model_agnostic_replication_behavior-bd59a00e0cf17cdf-m0,bandit,-5.375,0.6628687196904237
model_agnostic_replication_behavior-bd59a00e0cf17cdf-m1,bandit,-3.875,0.6663317325527829
model_agnostic_replication_behavior-bd622ae2f696cddc-m0,solvability,0.24999999999999992,3.3823802066253155
model_agnostic_replication_behavior-bd622ae2f696cddc-m1,solvability,-1.25,3.490377830516704
model_agnostic_replication_behavior-bd704a50a13f5f4b-m0,bandit,-4.25,-4.525089835465551
model_agnostic_replication_behavior-bd704a50a13f5f4b-m1,bandit,-5.875,-4.521626822603192
model_agnostic_replication_behavior-bdda94db37d4119f-m0,bandit,-7.0,-4.694508923914153
model_agnostic_replication_behavior-bdda94db37d4119f-m1,bandit,-9.125,-4.691045911051794
model_agnostic_replication_behavior-bdf79d99d9d486f5-m0,solvability,12.4375,8.245392858274105
model_agnostic_replication_behavior-bdf79d99d9d486f5-m1,solvability,9.625,8.353390482165493
model_agnostic_replication_behavior-bdf8aed1c52641de-m0,solvability,11.375,8.765447091110625
model_agnostic_replication_behavior-bdf8aed1c52641de-m1,solvability,11.125,8.873444715002014
model_agnostic_replication_behavior-be0ddae0fa5cdbda-m0,foraging,-3.5,-3.0903568624778504
model_agnostic_replication_behavior-be0ddae0fa5cdbda-m1,foraging,-3.75,-2.698874564397987
model_agnostic_replication_behavior-be10bcfe89cdfc9d-m0,effort,-6.375,-8.058384002528694
model_agnostic_replication_behavior-be10bcfe89cdfc9d-m1,effort,-6.375,-8.408083466705486
model_agnostic_replication_behavior-be134d29547c1298-m0,bandit,-4.75,-1.6168836111111224
model_agnostic_replication_behavior-be134d29547c1298-m1,bandit,-5.625,-1.6134205982487637
model_agnostic_replication_behavior-be26a6e3031b520b-m0,debugging,3.375,1.0070443351949772
model_agnostic_replication_behavior-be26a6e3031b520b-m1,debugging,6.375,2.48889215462106
model_agnostic_replication_behavior-be3397744df99a47-m0,solvability,7.5,3.0339396973992736
model_agnostic_replication_behavior-be3397744df99a47-m1,solvability,5.75,3.141937321290662
model_agnostic_replication_behavior-be6990a4a2661e4f-m0,solvability,2.5,-2.1374932335406625
model_agnostic_replication_behavior-be6990a4a2661e4f-m1,solvability,0.7500000000000002,-2.029495609649274
model_agnostic_replication_behavior-be871ad777b27cd4-m0,information_sampling,3.875,1.6923520349803138
model_agnostic_replication_behavior-be871ad777b27cd4-m1,information_sampling,0.625,-0.30461870373160327
model_agnostic_replication_behavior-be8dcc195906f315-m0,bandit,-5.0,-0.9669851176426076
model_agnostic_replication_behavior-be8dcc195906f315-m1,bandit,-6.25,-0.9635221047802489
model_agnostic_replication_behavior-be9e69f382943446-m0,bandit,9.9375,2.758841414284271
model_agnostic_replication_behavior-be9e69f382943446-m1,bandit,8.5,2.7623044271466304
model_agnostic_replication_behavior-bea19bb2e6baac3a-m0,bandit,-2.375,0.14851094091512396
model_agnostic_replication_behavior-bea19bb2e6baac3a-m1,bandit,4.625,0.15197395377748268
model_agnostic_replication_behavior-bebd679553652e69-m0,foraging,6.375,6.410778688991461
model_agnostic_replication_behavior-bebd679553652e69-m1,foraging,5.375,6.802260987071324
model_agnostic_replication_behavior-bec7c0b1fdaf1462-m0,waiting,4.5,3.395569568047658
model_agnostic_replication_behavior-bec7c0b1fdaf1462-m1,waiting,3.875,3.3845950441472072
model_agnostic_replication_behavior-becaedb27f1a68db-m0,effort,2.0,2.1251546757998963
model_agnostic_replication_behavior-becaedb27f1a68db-m1,effort,2.125,1.775455211623103
model_agnostic_replication_behavior-bedb344c2e19160f-m0,bandit,-7.75,-3.8071655173909935
model_agnostic_replication_behavior-bedb344c2e19160f-m1,bandit,-7.5,-3.8037025045286343
model_agnostic_replication_behavior-befa0bc4bf2ebcfe-m0,waiting,3.25,0.567621092328626
model_agnostic_replication_behavior-befa0bc4bf2ebcfe-m1,waiting,3.5,0.5566465684281754
model_agnostic_replication_behavior-bf4aaa25cfc5fb45-m0,bandit,10.875,6.874602487626639
model_agnostic_replication_behavior-bf4aaa25cfc5fb45-m1,bandit,8.625,6.878065500488997
model_agnostic_replication_behavior-bf9e010a4566f2fc-m0,debugging,-2.5,-3.038069883526919
model_agnostic_replication_behavior-bf9e010a4566f2fc-m1,debugging,-1.625,-1.5562220641008362
model_agnostic_replication_behavior-bfb5bc64c0c6e59b-m0,solvability,6.75,4.030930317759111
model_agnostic_replication_behavior-bfb5bc64c0c6e59b-m1,solvability,6.25,4.1389279416505005
model_agnostic_replication_behavior-bfdd6cdef9c52b79-m0,waiting,-3.875,-1.4791165812527463
model_agnostic_replication_behavior-bfdd6cdef9c52b79-m1,waiting,-5.125,-1.4900911051531966
model_agnostic_replication_behavior-bfe5a3b63d29177c-m0,information_sampling,5.5,5.593871887580093
model_agnostic_replication_behavior-bfe5a3b63d29177c-m1,information_sampling,3.5,3.5969011488681764
model_agnostic_replication_behavior-c008354569d01d76-m0,effort,5.75,2.786269979336238
model_agnostic_replication_behavior-c008354569d01d76-m1,effort,4.5,2.436570515159445
model_agnostic_replication_behavior-c018b51a9119c42c-m0,debugging,-4.375,-3.4761309399327676
model_agnostic_replication_behavior-c018b51a9119c42c-m1,debugging,-2.25,-1.994283120506685
model_agnostic_replication_behavior-c01a2ae7c693eb91-m0,foraging,-5.0,-4.97089200870141
model_agnostic_replication_behavior-c01a2ae7c693eb91-m1,foraging,-4.75,-4.579409710621547
model_agnostic_replication_behavior-c0299cc241485c10-m0,waiting,5.125,3.268679309589774
model_agnostic_replication_behavior-c0299cc241485c10-m1,waiting,4.75,3.2577047856893238
model_agnostic_replication_behavior-c03b6a5f701f068d-m0,foraging,-2.375,-1.3514184801486824
model_agnostic_replication_behavior-c03b6a5f701f068d-m1,foraging,-0.8750000000000002,-0.9599361820688185
model_agnostic_replication_behavior-c057edc9349e010a-m0,foraging,1.0,1.1998134164341019
model_agnostic_replication_behavior-c057edc9349e010a-m1,foraging,1.125,1.5912957145139655
model_agnostic_replication_behavior-c063cec4e5090f77-m0,waiting,-5.125,-4.093427473059051
model_agnostic_replication_behavior-c063cec4e5090f77-m1,waiting,-6.0,-4.104401996959501
model_agnostic_replication_behavior-c06567bf7e7758e1-m0,effort,-5.625,-6.598931961778125
model_agnostic_replication_behavior-c06567bf7e7758e1-m1,effort,-5.25,-6.948631425954918
model_agnostic_replication_behavior-c0ba18a3ebdb66ff-m0,solvability,-12.4375,-9.880498051653227
model_agnostic_replication_behavior-c0ba18a3ebdb66ff-m1,solvability,-9.5,-9.772500427761837
model_agnostic_replication_behavior-c0e291fdb21b4a83-m0,debugging,-5.75,-3.4444914541498046
model_agnostic_replication_behavior-c0e291fdb21b4a83-m1,debugging,-3.625,-1.962643634723722
model_agnostic_replication_behavior-c0f06ff0ec605420-m0,waiting,6.75,8.092967452568878
model_agnostic_replication_behavior-c0f06ff0ec605420-m1,waiting,7.25,8.081992928668429
model_agnostic_replication_behavior-c136d381d6db3e31-m0,waiting,4.0,4.543038637199904
model_agnostic_replication_behavior-c136d381d6db3e31-m1,waiting,3.5,4.5320641132994535
model_agnostic_replication_behavior-c164f963bf1aa6ad-m0,solvability,-0.37499999999999994,0.07971575402371334
model_agnostic_replication_behavior-c164f963bf1aa6ad-m1,solvability,-2.0,0.1877133779151019
model_agnostic_replication_behavior-c16b5414daa837f8-m0,debugging,-4.625,0.041791159010301726
model_agnostic_replication_behavior-c16b5414daa837f8-m1,debugging,-6.375,1.5236389784363844
model_agnostic_replication_behavior-c203456d9c5f5066-m0,bandit,-8.375,-6.856601710974583
model_agnostic_replication_behavior-c203456d9c5f5066-m1,bandit,-8.625,-6.8531386981122235
model_agnostic_replication_behavior-c2266333d456e1f4-m0,foraging,-4.0,-3.3680281186223233
model_agnostic_replication_behavior-c2266333d456e1f4-m1,foraging,-3.625,-2.97654582054246
model_agnostic_replication_behavior-c23d47ac4ddfaac4-m0,bandit,9.375,0.6860534782233298
model_agnostic_replication_behavior-c23d47ac4ddfaac4-m1,bandit,8.75,0.6895164910856887
model_agnostic_replication_behavior-c23f0d42404d89e1-m0,waiting,0.24999999999999992,2.6874323422795157
model_agnostic_replication_behavior-c23f0d42404d89e1-m1,waiting,-0.37499999999999994,2.6764578183790655
model_agnostic_replication_behavior-c28919b8c4221886-m0,foraging,-0.25,-2.0568399062170166
model_agnostic_replication_behavior-c28919b8c4221886-m1,foraging,2.125,-1.6653576081371528
model_agnostic_replication_behavior-c29ed161586b3b99-m0,effort,-3.0,-3.7788692835402466
model_agnostic_replication_behavior-c29ed161586b3b99-m1,effort,-3.125,-4.12856874771704
model_agnostic_replication_behavior-c2bbd90728dcc361-m0,solvability,-5.625,-2.524253281332051
model_agnostic_replication_behavior-c2bbd90728dcc361-m1,solvability,-3.75,-2.4162556574406624
model_agnostic_replication_behavior-c2cb13c2d0c06975-m0,effort,-5.0,-0.6287625026484605
model_agnostic_replication_behavior-c2cb13c2d0c06975-m1,effort,-4.125,-0.9784619668252537
model_agnostic_replication_behavior-c321f631c67e1809-m0,bandit,4.5,8.552547110634086
model_agnostic_replication_behavior-c321f631c67e1809-m1,bandit,-2.25,8.556010123496444
model_agnostic_replication_behavior-c32219fca0562523-m0,waiting,-0.5,-0.5903128055045457
model_agnostic_replication_behavior-c32219fca0562523-m1,waiting,-0.25,-0.6012873294049963
model_agnostic_replication_behavior-c32fff763fd32449-m0,bandit,11.6875,6.239696179138768
model_agnostic_replication_behavior-c32fff763fd32449-m1,bandit,8.5,6.243159192001128
model_agnostic_replication_behavior-c3398bf2199d9061-m0,bandit,10.625,6.466819967199649
model_agnostic_replication_behavior-c3398bf2199d9061-m1,bandit,8.375,6.470282980062008
model_agnostic_replication_behavior-c360ee68819ca005-m0,bandit,-11.8125,-11.093694440599046
model_agnostic_replication_behavior-c360ee68819ca005-m1,bandit,-11.125,-11.090231427736686
model_agnostic_replication_behavior-c3cf0d5f198e7f23-m0,bandit,-14.125,-11.680049622925853
model_agnostic_replication_behavior-c3cf0d5f198e7f23-m1,bandit,-11.4375,-11.676586610063495
model_agnostic_replication_behavior-c3d44bda5169c5e1-m0,effort,4.125,-0.29792265909257276
model_agnostic_replication_behavior-c3d44bda5169c5e1-m1,effort,2.625,-0.647622123269366
model_agnostic_replication_behavior-c3e9aa5a58311f8e-m0,foraging,-1.375,-3.1416048151051488
model_agnostic_replication_behavior-c3e9aa5a58311f8e-m1,foraging,-1.7499999999999998,-2.750122517025286
model_agnostic_replication_behavior-c3ed288c8bfdd427-m0,foraging,-4.25,-3.369390224103537
model_agnostic_replication_behavior-c3ed288c8bfdd427-m1,foraging,-2.25,-2.9779079260236734
model_agnostic_replication_behavior-c414a0cd0412e5df-m0,debugging,-4.125,-5.569266795560868
model_agnostic_replication_behavior-c414a0cd0412e5df-m1,debugging,-4.0,-4.087418976134785
model_agnostic_replication_behavior-c41c3d9e3a6298a0-m0,effort,-4.5,-3.9623055001772185
model_agnostic_replication_behavior-c41c3d9e3a6298a0-m1,effort,-4.875,-4.312004964354012
model_agnostic_replication_behavior-c4343a144a26adbe-m0,waiting,0.37499999999999994,-0.7834297793452853
model_agnostic_replication_behavior-c4343a144a26adbe-m1,waiting,-1.0000000000000002,-0.7944043032457355
model_agnostic_replication_behavior-c44f3e7c85290ac6-m0,foraging,-2.125,-1.5592401824193618
model_agnostic_replication_behavior-c44f3e7c85290ac6-m1,foraging,-0.8750000000000002,-1.1677578843394985
model_agnostic_replication_behavior-c4535f8079628f88-m0,effort,-1.125,-0.015650302039664887
model_agnostic_replication_behavior-c4535f8079628f88-m1,effort,-0.12500000000000006,-0.3653497662164582
model_agnostic_replication_behavior-c46060afa1805eec-m0,solvability,-10.375,-8.648233267730651
model_agnostic_replication_behavior-c46060afa1805eec-m1,solvability,-8.75,-8.540235643839264
model_agnostic_replication_behavior-c465d4c2d2ec5bb9-m0,waiting,-1.25,-2.2864752966379402
model_agnostic_replication_behavior-c465d4c2d2ec5bb9-m1,waiting,-2.625,-2.2974498205383904
model_agnostic_replication_behavior-c4675b2d0c7bdf5c-m0,debugging,4.0,2.4457182696810693
model_agnostic_replication_behavior-c4675b2d0c7bdf5c-m1,debugging,5.875,3.9275660891071515
model_agnostic_replication_behavior-c46b342791a2e464-m0,waiting,3.625,3.228226929231279
model_agnostic_replication_behavior-c46b342791a2e464-m1,waiting,3.25,3.2172524053308287
model_agnostic_replication_behavior-c4a363a82102e62d-m0,waiting,4.125,2.379897187309263
model_agnostic_replication_behavior-c4a363a82102e62d-m1,waiting,5.375,2.3689226634088123
model_agnostic_replication_behavior-c4a49743f4c13887-m0,information_sampling,5.25,6.5924163890542005
model_agnostic_replication_behavior-c4a49743f4c13887-m1,information_sampling,4.125,4.595445650342283
model_agnostic_replication_behavior-c52c513fa5a127ba-m0,information_sampling,3.375,1.176516427470496
model_agnostic_replication_behavior-c52c513fa5a127ba-m1,information_sampling,2.0,-0.8204543112414213
model_agnostic_replication_behavior-c52ce042273b76f7-m0,waiting,-2.0,-3.400758313736314
model_agnostic_replication_behavior-c52ce042273b76f7-m1,waiting,-3.125,-3.411732837636764
model_agnostic_replication_behavior-c53233cda738d86f-m0,foraging,-6.5,-3.2830874172115228
model_agnostic_replication_behavior-c53233cda738d86f-m1,foraging,-6.875,-2.891605119131659
model_agnostic_replication_behavior-c56afb8b9b348d3e-m0,solvability,-6.5,-3.836831874740766
model_agnostic_replication_behavior-c56afb8b9b348d3e-m1,solvability,-5.75,-3.7288342508493777
model_agnostic_replication_behavior-c56f707e55c896be-m0,information_sampling,3.0,3.2284859413909412
model_agnostic_replication_behavior-c56f707e55c896be-m1,information_sampling,1.8749999999999998,1.2315152026790237
model_agnostic_replication_behavior-c57ef8ee0996c8c8-m0,bandit,12.625,12.283072211394451
model_agnostic_replication_behavior-c57ef8ee0996c8c8-m1,bandit,11.0625,12.28653522425681
model_agnostic_replication_behavior-c594c892d8a2cd42-m0,foraging,-1.625,-2.3881916362966096
model_agnostic_replication_behavior-c594c892d8a2cd42-m1,foraging,-3.25,-1.9967093382167465
model_agnostic_replication_behavior-c5aa07e198aec6a5-m0,information_sampling,4.625,4.765935416278015
model_agnostic_replication_behavior-c5aa07e198aec6a5-m1,information_sampling,3.125,2.7689646775660983
model_agnostic_replication_behavior-c5d92556e546f93f-m0,waiting,2.125,1.7573940689624616
model_agnostic_replication_behavior-c5d92556e546f93f-m1,waiting,1.625,1.746419545062011
model_agnostic_replication_behavior-c5f20d688e740d88-m0,solvability,10.25,6.771649559518132
model_agnostic_replication_behavior-c5f20d688e740d88-m1,solvability,7.5,6.879647183409522
model_agnostic_replication_behavior-c689d43ceffdb754-m0,foraging,-1.375,-1.5721621899908653
model_agnostic_replication_behavior-c689d43ceffdb754-m1,foraging,-2.25,-1.1806798919110022
model_agnostic_replication_behavior-c6bce0660989d4fd-m0,information_sampling,5.625,3.593465569633878
model_agnostic_replication_behavior-c6bce0660989d4fd-m1,information_sampling,4.0,1.5964948309219602
model_agnostic_replication_behavior-c6c66447b2a5d9d5-m0,foraging,-5.25,-2.8209520852462893
model_agnostic_replication_behavior-c6c66447b2a5d9d5-m1,foraging,-6.0,-2.4294697871664264
model_agnostic_replication_behavior-c6d22a232ca5fe0d-m0,information_sampling,3.75,3.4379216190975095
model_agnostic_replication_behavior-c6d22a232ca5fe0d-m1,information_sampling,3.0,1.4409508803855915
model_agnostic_replication_behavior-c700812d9231729c-m0,waiting,4.75,2.87255316745683
model_agnostic_replication_behavior-c700812d9231729c-m1,waiting,4.75,2.8615786435563795
model_agnostic_replication_behavior-c704cd2466c672b1-m0,information_sampling,4.375,3.3550940131613043
model_agnostic_replication_behavior-c704cd2466c672b1-m1,information_sampling,1.8749999999999998,1.3581232744493867
model_agnostic_replication_behavior-c71d0123702ea0d3-m0,debugging,3.5,1.9928394553742041
model_agnostic_replication_behavior-c71d0123702ea0d3-m1,debugging,5.25,3.474687274800287
model_agnostic_replication_behavior-c77a2d01f327a961-m0,information_sampling,5.75,6.60259409086627
model_agnostic_replication_behavior-c77a2d01f327a961-m1,information_sampling,4.5,4.6056233521543515
model_agnostic_replication_behavior-c79e612bc5ba1c99-m0,effort,-4.375,-5.284223211000448
model_agnostic_replication_behavior-c79e612bc5ba1c99-m1,effort,-4.75,-5.633922675177241
model_agnostic_replication_behavior-c7a200faf702082d-m0,debugging,5.5,4.013656922635562
model_agnostic_replication_behavior-c7a200faf702082d-m1,debugging,6.25,5.4955047420616445
model_agnostic_replication_behavior-c7cd31e7bf67d05d-m0,effort,6.75,5.257785471449546
model_agnostic_replication_behavior-c7cd31e7bf67d05d-m1,effort,4.625,4.908086007272753
model_agnostic_replication_behavior-c81cca142f535527-m0,solvability,3.0,-0.8932844908853268
model_agnostic_replication_behavior-c81cca142f535527-m1,solvability,1.625,-0.7852868669939386
model_agnostic_replication_behavior-c82501f20157012d-m0,bandit,3.625,3.631920783816379
model_agnostic_replication_behavior-c82501f20157012d-m1,bandit,6.125,3.635383796678738
model_agnostic_replication_behavior-c8aeed7f4848aa5a-m0,debugging,-5.375,-5.573892545252953
model_agnostic_replication_behavior-c8aeed7f4848aa5a-m1,debugging,-4.125,-4.09204472582687
model_agnostic_replication_behavior-c8bdf07f766f2393-m0,debugging,-4.125,-2.729143713669832
model_agnostic_replication_behavior-c8bdf07f766f2393-m1,debugging,-5.5,-1.2472958942437493
model_agnostic_replication_behavior-c8beb2941d51e900-m0,solvability,2.5,1.5320791880711173
model_agnostic_replication_behavior-c8beb2941d51e900-m1,solvability,3.625,1.6400768119625058
model_agnostic_replication_behavior-c8fb5309f781d30d-m0,effort,-1.375,-0.9018828445446584
model_agnostic_replication_behavior-c8fb5309f781d30d-m1,effort,-0.6249999999999999,-1.2515823087214515
model_agnostic_replication_behavior-c923f09ff9f1faab-m0,foraging,3.875,1.795016859861693
model_agnostic_replication_behavior-c923f09ff9f1faab-m1,foraging,2.125,2.1864991579415567
model_agnostic_replication_behavior-c93152db1bbc753c-m0,information_sampling,4.75,4.026639638677504
model_agnostic_replication_behavior-c93152db1bbc753c-m1,information_sampling,4.25,2.0296688999655865
model_agnostic_replication_behavior-c94f33e3ad6bdc55-m0,bandit,-11.3125,-10.450348425296667
model_agnostic_replication_behavior-c94f33e3ad6bdc55-m1,bandit,-7.125,-10.446885412434309
model_agnostic_replication_behavior-c95d175f468ec442-m0,information_sampling,0.8750000000000001,0.21174879045283923
model_agnostic_replication_behavior-c95d175f468ec442-m1,information_sampling,-4.25,-1.7852219482590783
model_agnostic_replication_behavior-c9a5fda0af205348-m0,effort,5.875,1.08649474376617
model_agnostic_replication_behavior-c9a5fda0af205348-m1,effort,4.375,0.7367952795893769
model_agnostic_replication_behavior-c9b8198b464855c5-m0,debugging,-4.0,-2.913692113680129
model_agnostic_replication_behavior-c9b8198b464855c5-m1,debugging,1.25,-1.4318442942540464
model_agnostic_replication_behavior-c9c0b5abd58e3ba1-m0,effort,-7.25,-9.377509766108956
model_agnostic_replication_behavior-c9c0b5abd58e3ba1-m1,effort,-6.75,-9.727209230285748
model_agnostic_replication_behavior-c9e91d53079c912d-m0,information_sampling,4.0,4.211976787037024
model_agnostic_replication_behavior-c9e91d53079c912d-m1,information_sampling,2.625,2.2150060483251064
model_agnostic_replication_behavior-ca2d551c41dc051f-m0,bandit,11.25,8.763062127076418
model_agnostic_replication_behavior-ca2d551c41dc051f-m1,bandit,9.625,8.766525139938777
model_agnostic_replication_behavior-ca4247a2837ca1f5-m0,foraging,-1.0000000000000002,-0.5315508988578836
model_agnostic_replication_behavior-ca4247a2837ca1f5-m1,foraging,-1.375,-0.1400686007780204
model_agnostic_replication_behavior-cabe2e472f682080-m0,debugging,0.125,0.7296171346439918
model_agnostic_replication_behavior-cabe2e472f682080-m1,debugging,2.125,2.2114649540700744
model_agnostic_replication_behavior-cac2a814fd12f323-m0,foraging,-4.25,-5.2964878743881725
model_agnostic_replication_behavior-cac2a814fd12f323-m1,foraging,-4.25,-4.905005576308309
model_agnostic_replication_behavior-caffe31504de15ed-m0,foraging,8.0,6.81134854222224
model_agnostic_replication_behavior-caffe31504de15ed-m1,foraging,5.5,7.202830840302103
model_agnostic_replication_behavior-cb264d8648dae7dc-m0,information_sampling,5.75,6.0568451156646645
model_agnostic_replication_behavior-cb264d8648dae7dc-m1,information_sampling,3.875,4.059874376952747
model_agnostic_replication_behavior-cb43b598be1f6230-m0,solvability,-2.125,0.8798618185749086
model_agnostic_replication_behavior-cb43b598be1f6230-m1,solvability,-0.5,0.9878594424662972
model_agnostic_replication_behavior-cb762f52b418fdcb-m0,effort,-6.0,-6.887435075929647
model_agnostic_replication_behavior-cb762f52b418fdcb-m1,effort,-6.375,-7.237134540106441
model_agnostic_replication_behavior-cb84535bb7ed71eb-m0,bandit,2.25,3.1928243711516386
model_agnostic_replication_behavior-cb84535bb7ed71eb-m1,bandit,3.375,3.196287384013997
model_agnostic_replication_behavior-cb8b55543380cb5e-m0,debugging,-2.875,-1.4513131347071415
model_agnostic_replication_behavior-cb8b55543380cb5e-m1,debugging,-3.375,0.03053468471894108
model_agnostic_replication_behavior-cb8b8ac25578292d-m0,effort,-3.5,-3.3094722368916267
model_agnostic_replication_behavior-cb8b8ac25578292d-m1,effort,-3.5,-3.65917170106842
model_agnostic_replication_behavior-cb8ff639439d9186-m0,bandit,-4.375,-3.7448398694073495
model_agnostic_replication_behavior-cb8ff639439d9186-m1,bandit,-5.25,-3.7413768565449903
model_agnostic_replication_behavior-cbd23f1e11855a01-m0,information_sampling,4.25,3.0288302578097674
model_agnostic_replication_behavior-cbd23f1e11855a01-m1,information_sampling,3.75,1.03185951909785
model_agnostic_replication_behavior-cbe14fb518c32bf5-m0,solvability,3.875,2.877147899539576
model_agnostic_replication_behavior-cbe14fb518c32bf5-m1,solvability,0.625,2.9851455234309645
model_agnostic_replication_behavior-cbf8f7b66dc2724d-m0,solvability,7.125,4.408088408004453
model_agnostic_replication_behavior-cbf8f7b66dc2724d-m1,solvability,6.125,4.516086031895841
model_agnostic_replication_behavior-cbfdae86726bfcbf-m0,bandit,4.625,7.252550380022427
model_agnostic_replication_behavior-cbfdae86726bfcbf-m1,bandit,5.75,7.256013392884785
model_agnostic_replication_behavior-cc182ab1c0348cd9-m0,information_sampling,3.5,0.8546704535363159
model_agnostic_replication_behavior-cc182ab1c0348cd9-m1,information_sampling,-1.125,-1.142300285175602
model_agnostic_replication_behavior-cc35142bec71077b-m0,bandit,8.625,11.27574729075151
model_agnostic_replication_behavior-cc35142bec71077b-m1,bandit,6.75,11.27921030361387
model_agnostic_replication_behavior-cc6e6f2830321d44-m0,bandit,-1.25,-0.9022020652637277
model_agnostic_replication_behavior-cc6e6f2830321d44-m1,bandit,-0.7500000000000001,-0.898739052401369
model_agnostic_replication_behavior-cca53cd8cf692fe6-m0,solvability,-1.7499999999999998,-1.7466741323419603
model_agnostic_replication_behavior-cca53cd8cf692fe6-m1,solvability,-1.375,-1.638676508450572
model_agnostic_replication_behavior-ccabd56750698ea0-m0,bandit,8.375,7.605306916584331
model_agnostic_replication_behavior-ccabd56750698ea0-m1,bandit,4.625,7.608769929446689
model_agnostic_replication_behavior-cce71368e4e8cffb-m0,foraging,-5.875,-4.3741188051864865
model_agnostic_replication_behavior-cce71368e4e8cffb-m1,foraging,-5.75,-3.982636507106623
model_agnostic_replication_behavior-cd40b520bc9993ac-m0,solvability,-9.4375,-4.529213424783187
model_agnostic_replication_behavior-cd40b520bc9993ac-m1,solvability,-7.5,-4.421215800891798
model_agnostic_replication_behavior-cd43b1d4a86b9a0d-m0,solvability,0.0,-0.8370823479189256
model_agnostic_replication_behavior-cd43b1d4a86b9a0d-m1,solvability,1.5000000000000002,-0.7290847240275371
model_agnostic_replication_behavior-cd5908dcc57976b5-m0,debugging,-9.375,-8.624930420467608
model_agnostic_replication_behavior-cd5908dcc57976b5-m1,debugging,-7.75,-7.143082601041526
model_agnostic_replication_behavior-cdd11dc98a2797cd-m0,solvability,-3.625,-2.310930743065592
model_agnostic_replication_behavior-cdd11dc98a2797cd-m1,solvability,-3.5,-2.2029331191742036
model_agnostic_replication_behavior-ce0012fc43349f14-m0,foraging,-0.6249999999999999,-1.1213216073845937
model_agnostic_replication_behavior-ce0012fc43349f14-m1,foraging,0.8750000000000001,-0.7298393093047307
model_agnostic_replication_behavior-ce17b45040f61325-m0,foraging,5.375,1.1627879246004595
model_agnostic_replication_behavior-ce17b45040f61325-m1,foraging,5.125,1.5542702226803224
model_agnostic_replication_behavior-ce51e6bdfcd15a37-m0,waiting,4.5,3.3395130063455047
model_agnostic_replication_behavior-ce51e6bdfcd15a37-m1,waiting,4.75,3.3285384824450546
model_agnostic_replication_behavior-ce62af7a7b8cc9c3-m0,effort,1.25,2.70913875971711
model_agnostic_replication_behavior-ce62af7a7b8cc9c3-m1,effort,2.125,2.3594392955403167
model_agnostic_replication_behavior-ce9153e3a3965f72-m0,foraging,-4.125,-4.418541664334518
model_agnostic_replication_behavior-ce9153e3a3965f72-m1,foraging,-1.125,-4.0270593662546545
model_agnostic_replication_behavior-ce9d657b17faa465-m0,waiting,5.0,4.564300621422944
model_agnostic_replication_behavior-ce9d657b17faa465-m1,waiting,6.25,4.553326097522493
model_agnostic_replication_behavior-cea6fe2c4907ff1d-m0,bandit,8.375,5.7406320729485705
model_agnostic_replication_behavior-cea6fe2c4907ff1d-m1,bandit,8.625,5.74409508581093
model_agnostic_replication_behavior-cefb22cac783ff92-m0,debugging,-1.59375,-3.6892888346134147
model_agnostic_replication_behavior-cefb22cac783ff92-m1,debugging,-0.8281249999999999,-2.2074410151873316
model_agnostic_replication_behavior-cf21850022eae0b3-m0,foraging,-5.125,-1.9136301085149774
model_agnostic_replication_behavior-cf21850022eae0b3-m1,foraging,-5.125,-1.5221478104351136
model_agnostic_replication_behavior-cf243683c8977583-m0,solvability,2.625,3.1187685707808415
model_agnostic_replication_behavior-cf243683c8977583-m1,solvability,4.0,3.22676619467223
model_agnostic_replication_behavior-cf40696b5055bb2f-m0,bandit,10.8125,6.543401569974563
model_agnostic_replication_behavior-cf40696b5055bb2f-m1,bandit,9.8125,6.546864582836921
model_agnostic_replication_behavior-cf40a1994bfa02ad-m0,bandit,7.875,8.241457777827378
model_agnostic_replication_behavior-cf40a1994bfa02ad-m1,bandit,4.625,8.244920790689736
model_agnostic_replication_behavior-cf5c1a97f41a465a-m0,waiting,6.125,10.049906947654277
model_agnostic_replication_behavior-cf5c1a97f41a465a-m1,waiting,5.875,10.038932423753826
model_agnostic_replication_behavior-cf90e68c68e657cf-m0,foraging,8.9375,7.160935597198693
model_agnostic_replication_behavior-cf90e68c68e657cf-m1,foraging,8.0,7.552417895278556
model_agnostic_replication_behavior-cf9e2fae43640ac6-m0,bandit,11.0,1.4450976544006884
model_agnostic_replication_behavior-cf9e2fae43640ac6-m1,bandit,7.375,1.448560667263047
model_agnostic_replication_behavior-cfbe144687d0e81d-m0,information_sampling,4.75,4.239902976460902
model_agnostic_replication_behavior-cfbe144687d0e81d-m1,information_sampling,2.875,2.2429322377489846
model_agnostic_replication_behavior-d043ac58ac93fc53-m0,effort,1.75,0.9929303838934851
model_agnostic_replication_behavior-d043ac58ac93fc53-m1,effort,1.3750000000000002,0.6432309197166919
model_agnostic_replication_behavior-d0743f409259f1d9-m0,solvability,-2.5,-1.6372232886633509
model_agnostic_replication_behavior-d0743f409259f1d9-m1,solvability,-2.375,-1.5292256647719624
model_agnostic_replication_behavior-d137e813c22657a5-m0,bandit,-5.125,-1.1916026678321097
model_agnostic_replication_behavior-d137e813c22657a5-m1,bandit,-5.25,-1.188139654969751
model_agnostic_replication_behavior-d16f4aaf0d4f7806-m0,effort,-3.25,-3.025879924689244
model_agnostic_replication_behavior-d16f4aaf0d4f7806-m1,effort,-2.5,-3.3755793888660373
model_agnostic_replication_behavior-d1777695acfe6211-m0,information_sampling,-0.5,-0.5942342586328326
model_agnostic_replication_behavior-d1777695acfe6211-m1,information_sampling,-2.0,-2.59120499734475
model_agnostic_replication_behavior-d19ca4e99f8a64f8-m0,debugging,2.625,-1.6428441432618828
model_agnostic_replication_behavior-d19ca4e99f8a64f8-m1,debugging,3.125,-0.16099632383579998
model_agnostic_replication_behavior-d1b19f675cd914e4-m0,bandit,-3.0,-4.187738119794398
model_agnostic_replication_behavior-d1b19f675cd914e4-m1,bandit,-5.125,-4.184275106932039
model_agnostic_replication_behavior-d1b3c904c14d3353-m0,waiting,-5.25,-3.283214006604612
model_agnostic_replication_behavior-d1b3c904c14d3353-m1,waiting,-6.375,-3.294188530505062
model_agnostic_replication_behavior-d1b4f6b57f74ab21-m0,solvability,-2.03125,-3.5131352511092935
model_agnostic_replication_behavior-d1b4f6b57f74ab21-m1,solvability,0.9843750000000002,-3.405137627217906
model_agnostic_replication_behavior-d1bb2eb6f541dd88-m0,solvability,-2.5,-1.1665671891164808
model_agnostic_replication_behavior-d1bb2eb6f541dd88-m1,solvability,-3.375,-1.0585695652250924
model_agnostic_replication_behavior-d1d9ff517c52bc54-m0,bandit,-3.5,-2.0042789655746596
model_agnostic_replication_behavior-d1d9ff517c52bc54-m1,bandit,-3.875,-2.0008159527123004
model_agnostic_replication_behavior-d200e83676e40c72-m0,bandit,-8.25,-6.047720566283826
model_agnostic_replication_behavior-d200e83676e40c72-m1,bandit,-8.125,-6.044257553421467
model_agnostic_replication_behavior-d213c7dbb3313688-m0,foraging,-2.5,-2.8769250018674546
model_agnostic_replication_behavior-d213c7dbb3313688-m1,foraging,-3.25,-2.4854427037875912
model_agnostic_replication_behavior-d280bd53edce024b-m0,information_sampling,1.25,0.09818471686767749
model_agnostic_replication_behavior-d280bd53edce024b-m1,information_sampling,1.8749999999999998,-1.89878602184424
model_agnostic_replication_behavior-d30aa84f83d8e61e-m0,bandit,-9.5,-7.983018781428896
model_agnostic_replication_behavior-d30aa84f83d8e61e-m1,bandit,-7.375,-7.979555768566537
model_agnostic_replication_behavior-d330ab1c17094d1d-m0,foraging,6.875,5.298995261919923
model_agnostic_replication_behavior-d330ab1c17094d1d-m1,foraging,5.5,5.6904775599997865
model_agnostic_replication_behavior-d346726d4f52cab9-m0,foraging,-4.375,-5.26897146217728
model_agnostic_replication_behavior-d346726d4f52cab9-m1,foraging,-4.25,-4.877489164097417
model_agnostic_replication_behavior-d3683e1e6fa351f1-m0,waiting,6.0,5.636647381438789
model_agnostic_replication_behavior-d3683e1e6fa351f1-m1,waiting,6.375,5.625672857538339
model_agnostic_replication_behavior-d379f367ff1090ef-m0,effort,3.25,0.9587893765910658
model_agnostic_replication_behavior-d379f367ff1090ef-m1,effort,2.625,0.6090899124142726
model_agnostic_replication_behavior-d3adb3367ff115a3-m0,information_sampling,5.375,4.325255506663613
model_agnostic_replication_behavior-d3adb3367ff115a3-m1,information_sampling,4.625,2.3282847679516947
model_agnostic_replication_behavior-d3d99261a1ebf2a2-m0,solvability,0.8750000000000001,4.159869409680056
model_agnostic_replication_behavior-d3d99261a1ebf2a2-m1,solvability,-0.8750000000000002,4.267867033571444
model_agnostic_replication_behavior-d3ddd630cd9985ae-m0,waiting,-7.0,-4.993337786261998
model_agnostic_replication_behavior-d3ddd630cd9985ae-m1,waiting,-7.125,-5.004312310162449
model_agnostic_replication_behavior-d3eb406d7e72ebd3-m0,foraging,-7.25,-8.447002694911024
model_agnostic_replication_behavior-d3eb406d7e72ebd3-m1,foraging,-5.5,-8.05552039683116
model_agnostic_replication_behavior-d3ec8d1af6196119-m0,information_sampling,2.0,0.5129629767342492
model_agnostic_replication_behavior-d3ec8d1af6196119-m1,information_sampling,-0.8750000000000002,-1.4840077619776684
model_agnostic_replication_behavior-d409b89ede31fba1-m0,solvability,-2.125,-3.583795136793472
model_agnostic_replication_behavior-d409b89ede31fba1-m1,solvability,-2.0,-3.4757975129020835
model_agnostic_replication_behavior-d47af5b72a03f286-m0,waiting,5.5,2.0574898582588337
model_agnostic_replication_behavior-d47af5b72a03f286-m1,waiting,5.625,2.0465153343583835
model_agnostic_replication_behavior-d482d6a850809cd2-m0,solvability,5.0,3.0107102509528865
model_agnostic_replication_behavior-d482d6a850809cd2-m1,solvability,2.625,3.118707874844275
model_agnostic_replication_behavior-d4ead682d6b06b87-m0,effort,-0.37499999999999994,-3.007668207527786
model_agnostic_replication_behavior-d4ead682d6b06b87-m1,effort,-0.25,-3.357367671704579
model_agnostic_replication_behavior-d4f04074de891d4f-m0,solvability,9.25,8.82010432005416
model_agnostic_replication_behavior-d4f04074de891d4f-m1,solvability,9.5,8.92810194394555
model_agnostic_replication_behavior-d4f5918a2c38668a-m0,bandit,-9.125,-7.6686417181250395
model_agnostic_replication_behavior-d4f5918a2c38668a-m1,bandit,-7.5,-7.665178705262679
model_agnostic_replication_behavior-d57f5aabcaa96f0e-m0,information_sampling,3.875,3.12014703041653
model_agnostic_replication_behavior-d57f5aabcaa96f0e-m1,information_sampling,1.8749999999999998,1.1231762917046124
model_agnostic_replication_behavior-d5994e9ce0b18ca5-m0,bandit,3.125,1.4447443578917298
model_agnostic_replication_behavior-d5994e9ce0b18ca5-m1,bandit,4.375,1.4482073707540886
model_agnostic_replication_behavior-d59e78724a1ecd0f-m0,debugging,2.125,1.2556449347446959
model_agnostic_replication_behavior-d59e78724a1ecd0f-m1,debugging,3.75,2.7374927541707783
model_agnostic_replication_behavior-d59fdef08a93a9ff-m0,bandit,3.875,5.42726565234458
model_agnostic_replication_behavior-d59fdef08a93a9ff-m1,bandit,-0.6249999999999999,5.4307286652069395
model_agnostic_replication_behavior-d5a982c8cc426bb0-m0,debugging,-5.875,-4.171458483055805
model_agnostic_replication_behavior-d5a982c8cc426bb0-m1,debugging,-3.625,-2.689610663629722
model_agnostic_replication_behavior-d5d50d3ba4cfcc60-m0,effort,-4.875,-1.5350166016986457
model_agnostic_replication_behavior-d5d50d3ba4cfcc60-m1,effort,-4.875,-1.8847160658754394
model_agnostic_replication_behavior-d61b82ff2971c5d7-m0,effort,5.75,3.1868530445527723
model_agnostic_replication_behavior-d61b82ff2971c5d7-m1,effort,4.875,2.837153580375979
model_agnostic_replication_behavior-d667f3c1179ad7b0-m0,effort,-10.3125,-10.393314738973965
model_agnostic_replication_behavior-d667f3c1179ad7b0-m1,effort,-8.9375,-10.743014203150759
model_agnostic_replication_behavior-d69eaa3c7efc08c9-m0,foraging,-1.625,-2.37913462147297
model_agnostic_replication_behavior-d69eaa3c7efc08c9-m1,foraging,-1.5,-1.9876523233931063
model_agnostic_replication_behavior-d6a92de8271da676-m0,debugging,-3.0,-3.6224224196960084
model_agnostic_replication_behavior-d6a92de8271da676-m1,debugging,-1.375,-2.1405746002699257
model_agnostic_replication_behavior-d6f60eb286ec217f-m0,information_sampling,3.625,2.7925743979413156
model_agnostic_replication_behavior-d6f60eb286ec217f-m1,information_sampling,3.125,0.7956036592293982
model_agnostic_replication_behavior-d6fbbff87b44116d-m0,information_sampling,4.625,2.0479252900483536
model_agnostic_replication_behavior-d6fbbff87b44116d-m1,information_sampling,2.875,0.050954551336436005
model_agnostic_replication_behavior-d7086d07c6f649ab-m0,solvability,-10.375,-10.315825075659086
model_agnostic_replication_behavior-d7086d07c6f649ab-m1,solvability,-8.125,-10.207827451767697
model_agnostic_replication_behavior-d7292bc9a2a8db0c-m0,debugging,-6.375,-3.998674960182745
model_agnostic_replication_behavior-d7292bc9a2a8db0c-m1,debugging,-6.125,-2.5168271407566625
model_agnostic_replication_behavior-d7329b52c1b7a1ab-m0,solvability,6.5,2.4178638506105026
model_agnostic_replication_behavior-d7329b52c1b7a1ab-m1,solvability,5.25,2.525861474501891
model_agnostic_replication_behavior-d7660146d6b6baa5-m0,bandit,-5.875,-7.439067195171624
model_agnostic_replication_behavior-d7660146d6b6baa5-m1,bandit,-6.625,-7.435604182309265
model_agnostic_replication_behavior-d78c35861e238d4b-m0,effort,-4.0,-3.6525401242456907
model_agnostic_replication_behavior-d78c35861e238d4b-m1,effort,-4.25,-4.002239588422484
model_agnostic_replication_behavior-d7d0bae43a6cfe6e-m0,debugging,1.75,-0.7889361251235063
model_agnostic_replication_behavior-d7d0bae43a6cfe6e-m1,debugging,4.25,0.6929116943025764
model_agnostic_replication_behavior-d7db88b2c9a45970-m0,waiting,4.625,5.094980842490312
model_agnostic_replication_behavior-d7db88b2c9a45970-m1,waiting,5.875,5.084006318589861
model_agnostic_replication_behavior-d808239d2f4631ed-m0,solvability,8.75,3.781516882584274
model_agnostic_replication_behavior-d808239d2f4631ed-m1,solvability,7.75,3.8895145064756624
model_agnostic_replication_behavior-d80a2c499995cd62-m0,effort,-4.75,-4.469208429492982
model_agnostic_replication_behavior-d80a2c499995cd62-m1,effort,-5.125,-4.818907893669776
model_agnostic_replication_behavior-d827d6c47171d7d9-m0,effort,-3.75,-3.757993387736091
model_agnostic_replication_behavior-d827d6c47171d7d9-m1,effort,-3.25,-4.107692851912884
model_agnostic_replication_behavior-d8429f58f6bb708e-m0,debugging,-2.0,-0.6563922235504761
model_agnostic_replication_behavior-d8429f58f6bb708e-m1,debugging,1.75,0.8254555958756068
model_agnostic_replication_behavior-d84836cfe163999e-m0,bandit,9.5,3.165205353481049
model_agnostic_replication_behavior-d84836cfe163999e-m1,bandit,8.625,3.168668366343408
model_agnostic_replication_behavior-d8a4f8b8163300d1-m0,information_sampling,5.25,3.7031781514176942
model_agnostic_replication_behavior-d8a4f8b8163300d1-m1,information_sampling,3.25,1.7062074127057771
model_agnostic_replication_behavior-d8b62cd928a1c074-m0,foraging,5.5,2.544535585425498
model_agnostic_replication_behavior-d8b62cd928a1c074-m1,foraging,5.875,2.936017883505362
model_agnostic_replication_behavior-d976d70d5336adda-m0,foraging,-5.625,-2.308409230693587
model_agnostic_replication_behavior-d976d70d5336adda-m1,foraging,-5.0,-1.9169269326137233
model_agnostic_replication_behavior-d9fcead5258f575a-m0,foraging,-4.0,-0.657843950935949
model_agnostic_replication_behavior-d9fcead5258f575a-m1,foraging,-3.375,-0.2663616528560857
model_agnostic_replication_behavior-da2a70b6562b7bf5-m0,solvability,12.1875,10.156655884181367
model_agnostic_replication_behavior-da2a70b6562b7bf5-m1,solvability,11.875,10.264653508072756
model_agnostic_replication_behavior-db0ddcf4b1354e0c-m0,solvability,7.75,5.661122242724321
model_agnostic_replication_behavior-db0ddcf4b1354e0c-m1,solvability,6.125,5.76911986661571
model_agnostic_replication_behavior-db148363fbd0f843-m0,information_sampling,-0.6249999999999999,0.25215504972611846
model_agnostic_replication_behavior-db148363fbd0f843-m1,information_sampling,0.37499999999999994,-1.744815688985799
model_agnostic_replication_behavior-db29048e86cb47a1-m0,foraging,-2.0,0.3389372793816504
model_agnostic_replication_behavior-db29048e86cb47a1-m1,foraging,-3.125,0.7304195774615142
model_agnostic_replication_behavior-db450846fc1b2470-m0,bandit,10.9375,6.744857542875841
model_agnostic_replication_behavior-db450846fc1b2470-m1,bandit,8.25,6.748320555738199
model_agnostic_replication_behavior-db98741b892f2000-m0,foraging,-1.25,-0.13835667783350028
model_agnostic_replication_behavior-db98741b892f2000-m1,foraging,-1.5,0.2531256202463632
model_agnostic_replication_behavior-db9e1a95932f6eee-m0,debugging,-4.25,-1.902233608473981
model_agnostic_replication_behavior-db9e1a95932f6eee-m1,debugging,-0.8750000000000002,-0.42038578904789836
model_agnostic_replication_behavior-dbaeb0b0d4571653-m0,effort,-8.25,-4.957925215708684
model_agnostic_replication_behavior-dbaeb0b0d4571653-m1,effort,-8.375,-5.307624679885478
model_agnostic_replication_behavior-dbfc9a4bcf6cef60-m0,debugging,3.375,0.09046733484699043
model_agnostic_replication_behavior-dbfc9a4bcf6cef60-m1,debugging,3.875,1.5723151542730731
model_agnostic_replication_behavior-dd000db3a7349dd2-m0,waiting,-5.25,-3.854925970820495
model_agnostic_replication_behavior-dd000db3a7349dd2-m1,waiting,-6.0,-3.865900494720945
model_agnostic_replication_behavior-dd074cf6a0e8e39c-m0,information_sampling,4.25,3.2532599726728435
model_agnostic_replication_behavior-dd074cf6a0e8e39c-m1,information_sampling,2.0,1.256289233960926
model_agnostic_replication_behavior-dd0e73641d39781f-m0,foraging,7.25,2.1287934302677884
model_agnostic_replication_behavior-dd0e73641d39781f-m1,foraging,6.5,2.5202757283476522
model_agnostic_replication_behavior-dd323ddf12799b49-m0,debugging,-5.625,-3.167262537521594
model_agnostic_replication_behavior-dd323ddf12799b49-m1,debugging,-2.125,-1.6854147180955115
model_agnostic_replication_behavior-dd672c5fe7b7b5e2-m0,foraging,9.4375,4.570742351047318
model_agnostic_replication_behavior-dd672c5fe7b7b5e2-m1,foraging,8.625,4.962224649127183
model_agnostic_replication_behavior-ddd8e57dd4bc529b-m0,foraging,3.25,0.3460109221972477
model_agnostic_replication_behavior-ddd8e57dd4bc529b-m1,foraging,2.25,0.7374932202771108
model_agnostic_replication_behavior-de1c13ac9bb6a90e-m0,debugging,-5.375,-2.0091019795744804
model_agnostic_replication_behavior-de1c13ac9bb6a90e-m1,debugging,-5.125,-0.5272541601483978
model_agnostic_replication_behavior-de1dd1ee552bd522-m0,waiting,3.875,3.0514310262909614
model_agnostic_replication_behavior-de1dd1ee552bd522-m1,waiting,5.0,3.040456502390511
model_agnostic_replication_behavior-de57795b749e7736-m0,effort,-4.25,-2.9857907760121503
model_agnostic_replication_behavior-de57795b749e7736-m1,effort,-4.0,-3.3354902401889435
model_agnostic_replication_behavior-de8205ea3bd46647-m0,foraging,-2.625,0.42121587610708666
model_agnostic_replication_behavior-de8205ea3bd46647-m1,foraging,-0.6249999999999999,0.8126981741869505
model_agnostic_replication_behavior-deac1b0810817793-m0,solvability,-11.4375,-7.848290419899667
model_agnostic_replication_behavior-deac1b0810817793-m1,solvability,-7.75,-7.740292796008277
model_agnostic_replication_behavior-deb1692b41d7709e-m0,effort,-3.0,-2.4501450678416328
model_agnostic_replication_behavior-deb1692b41d7709e-m1,effort,-4.125,-2.799844532018426
model_agnostic_replication_behavior-ded62555a192642b-m0,information_sampling,-1.1718749999999998,3.0633821327429525
model_agnostic_replication_behavior-ded62555a192642b-m1,information_sampling,0.5,1.066411394031035
model_agnostic_replication_behavior-def535cd40206981-m0,bandit,-10.4375,-6.127536751206497
model_agnostic_replication_behavior-def535cd40206981-m1,bandit,-9.8125,-6.124073738344139
model_agnostic_replication_behavior-dfc0ae811cc0aac4-m0,waiting,-2.0,-2.6798677799517727
model_agnostic_replication_behavior-dfc0ae811cc0aac4-m1,waiting,-2.625,-2.690842303852223
model_agnostic_replication_behavior-dfcebbce010f24a8-m0,debugging,-4.75,-5.045855312592995
model_agnostic_replication_behavior-dfcebbce010f24a8-m1,debugging,-3.25,-3.5640074931669115
model_agnostic_replication_behavior-dfd06bd2b86e9d58-m0,solvability,-0.37499999999999994,1.5932749222130593
model_agnostic_replication_behavior-dfd06bd2b86e9d58-m1,solvability,-2.375,1.7012725461044478
model_agnostic_replication_behavior-dfd698f9bb3ca6ea-m0,debugging,-7.125,-7.268054152860025
model_agnostic_replication_behavior-dfd698f9bb3ca6ea-m1,debugging,-5.375,-5.786206333433943
model_agnostic_replication_behavior-dfd6e503c87fabe8-m0,debugging,-3.375,-1.4018142067325043
model_agnostic_replication_behavior-dfd6e503c87fabe8-m1,debugging,-0.8750000000000002,0.08003361269357834
model_agnostic_replication_behavior-dff09a3fc5d1ea1e-m0,information_sampling,5.0,3.7426468496809715
model_agnostic_replication_behavior-dff09a3fc5d1ea1e-m1,information_sampling,1.8749999999999998,1.745676110969054
model_agnostic_replication_behavior-e00ec49a934a4c30-m0,information_sampling,0.24999999999999992,-0.3543417951886014
model_agnostic_replication_behavior-e00ec49a934a4c30-m1,information_sampling,-1.5,-2.351312533900519
model_agnostic_replication_behavior-e0523c12fa229e16-m0,information_sampling,4.25,2.9139486630577762
model_agnostic_replication_behavior-e0523c12fa229e16-m1,information_sampling,3.125,0.9169779243458587
model_agnostic_replication_behavior-e0c50aebcdc155c3-m0,information_sampling,1.25,0.8860564247489489
model_agnostic_replication_behavior-e0c50aebcdc155c3-m1,information_sampling,0.0,-1.1109143139629682
model_agnostic_replication_behavior-e13eafc7c960a917-m0,debugging,-5.0,-2.0312412790577254
model_agnostic_replication_behavior-e13eafc7c960a917-m1,debugging,-4.625,-0.5493934596316428
model_agnostic_replication_behavior-e1627f42a381db93-m0,solvability,-6.5,-6.592464990850086
model_agnostic_replication_behavior-e1627f42a381db93-m1,solvability,-5.125,-6.484467366958698
model_agnostic_replication_behavior-e1727f2f013aa6a6-m0,information_sampling,-1.5,-0.3836936348981119
model_agnostic_replication_behavior-e1727f2f013aa6a6-m1,information_sampling,-4.0,-2.3806643736100295
model_agnostic_replication_behavior-e18c4b7ac858962f-m0,information_sampling,2.875,0.7133125525042621
model_agnostic_replication_behavior-e18c4b7ac858962f-m1,information_sampling,-1.625,-1.2836581862076553
model_agnostic_replication_behavior-e1aa365dc4ec0bf5-m0,bandit,-9.875,-9.59270647837104
model_agnostic_replication_behavior-e1aa365dc4ec0bf5-m1,bandit,-9.125,-9.589243465508682
model_agnostic_replication_behavior-e1b7a13161d92bc7-m0,foraging,4.875,5.034534595171175
model_agnostic_replication_behavior-e1b7a13161d92bc7-m1,foraging,2.5,5.426016893251038
model_agnostic_replication_behavior-e1be026f1bd13a1a-m0,information_sampling,6.125,6.507185758428039
model_agnostic_replication_behavior-e1be026f1bd13a1a-m1,information_sampling,4.25,4.510215019716122
model_agnostic_replication_behavior-e1cfa7fa5f98613b-m0,bandit,12.75,12.489494650390103
model_agnostic_replication_behavior-e1cfa7fa5f98613b-m1,bandit,8.875,12.492957663252461
model_agnostic_replication_behavior-e22a65024222f5e0-m0,waiting,2.125,1.6694151382815403
model_agnostic_replication_behavior-e22a65024222f5e0-m1,waiting,3.125,1.6584406143810897
model_agnostic_replication_behavior-e23101e189f9e151-m0,solvability,-7.0,-4.841332369849768
model_agnostic_replication_behavior-e23101e189f9e151-m1,solvability,-5.25,-4.73333474595838
model_agnostic_replication_behavior-e23819863e69a4ab-m0,waiting,7.625,5.278532442028638
model_agnostic_replication_behavior-e23819863e69a4ab-m1,waiting,7.875,5.267557918128187
model_agnostic_replication_behavior-e2717f197050d2c1-m0,solvability,-0.6249999999999999,1.4418059349388024
model_agnostic_replication_behavior-e2717f197050d2c1-m1,solvability,0.37499999999999994,1.5498035588301904
model_agnostic_replication_behavior-e281e650e2b2e7ff-m0,solvability,-4.5,1.454018331702376
model_agnostic_replication_behavior-e281e650e2b2e7ff-m1,solvability,-4.375,1.5620159555937645
model_agnostic_replication_behavior-e28ca8a62a623b65-m0,solvability,9.375,4.260805420159341
model_agnostic_replication_behavior-e28ca8a62a623b65-m1,solvability,8.0,4.368803044050729
model_agnostic_replication_behavior-e2a47e2fe0ce667a-m0,effort,1.625,0.6163138443358778
model_agnostic_replication_behavior-e2a47e2fe0ce667a-m1,effort,2.125,0.26661438015908434
model_agnostic_replication_behavior-e2a6ab722a481aff-m0,solvability,-0.12500000000000006,5.144103675968595
model_agnostic_replication_behavior-e2a6ab722a481aff-m1,solvability,2.40625,5.252101299859984
model_agnostic_replication_behavior-e2a839652f5ae604-m0,foraging,6.375,2.0095278093763334
model_agnostic_replication_behavior-e2a839652f5ae604-m1,foraging,4.625,2.401010107456197
model_agnostic_replication_behavior-e342b2befa4c7e32-m0,effort,3.625,3.7854183747616226
model_agnostic_replication_behavior-e342b2befa4c7e32-m1,effort,2.875,3.4357189105848294
model_agnostic_replication_behavior-e35b05e591d8de01-m0,bandit,11.75,9.963340836651195
model_agnostic_replication_behavior-e35b05e591d8de01-m1,bandit,8.25,9.966803849513553
model_agnostic_replication_behavior-e35d26b0774afc75-m0,effort,-5.0,-4.240278437611951
model_agnostic_replication_behavior-e35d26b0774afc75-m1,effort,-5.125,-4.589977901788744
model_agnostic_replication_behavior-e362da27226caf34-m0,debugging,1.0,0.5824896524937451
model_agnostic_replication_behavior-e362da27226caf34-m1,debugging,2.875,2.0643374719198277
model_agnostic_replication_behavior-e365d19d13dd5848-m0,information_sampling,3.375,1.2187312788755635
model_agnostic_replication_behavior-e365d19d13dd5848-m1,information_sampling,0.24999999999999992,-0.7782394598363539
model_agnostic_replication_behavior-e3956b8eaef66d0f-m0,effort,-3.5,-3.104965721865456
model_agnostic_replication_behavior-e3956b8eaef66d0f-m1,effort,-4.0,-3.454665186042249
model_agnostic_replication_behavior-e3a12d33787d4cc7-m0,foraging,5.75,1.112991704777544
model_agnostic_replication_behavior-e3a12d33787d4cc7-m1,foraging,4.625,1.5044740028574077
model_agnostic_replication_behavior-e3a4db8fc64bde40-m0,foraging,-2.0,-2.140122862489819
model_agnostic_replication_behavior-e3a4db8fc64bde40-m1,foraging,-2.75,-1.748640564409956
model_agnostic_replication_behavior-e3c1e572ceae6e38-m0,solvability,5.75,-0.1757232377276119
model_agnostic_replication_behavior-e3c1e572ceae6e38-m1,solvability,4.125,-0.06772561383622344
model_agnostic_replication_behavior-e3ec028ac8bbac5c-m0,solvability,9.25,10.76735945492018
model_agnostic_replication_behavior-e3ec028ac8bbac5c-m1,solvability,7.25,10.875357078811572
model_agnostic_replication_behavior-e3f7b5323b571139-m0,effort,-4.25,-4.980689825390838
model_agnostic_replication_behavior-e3f7b5323b571139-m1,effort,-3.75,-5.3303892895676315
model_agnostic_replication_behavior-e405aacf71572021-m0,waiting,0.0,-0.04374879038167778
model_agnostic_replication_behavior-e405aacf71572021-m1,waiting,-1.125,-0.05472331428212818
model_agnostic_replication_behavior-e4130daf18597b99-m0,information_sampling,1.8749999999999998,3.6039060016219975
model_agnostic_replication_behavior-e4130daf18597b99-m1,information_sampling,1.125,1.6069352629100808
model_agnostic_replication_behavior-e4245e55e6685add-m0,effort,-4.625,-0.038153031346521704
model_agnostic_replication_behavior-e4245e55e6685add-m1,effort,-4.125,-0.3878524955233149
model_agnostic_replication_behavior-e44567800c190745-m0,debugging,-4.375,-2.963006913832198
model_agnostic_replication_behavior-e44567800c190745-m1,debugging,-0.12500000000000006,-1.4811590944061153
model_agnostic_replication_behavior-e4475425ae2e189d-m0,waiting,-0.5,-0.2616688999043295
model_agnostic_replication_behavior-e4475425ae2e189d-m1,waiting,-0.5,-0.27264342380478024
model_agnostic_replication_behavior-e450c15b42ad5e25-m0,waiting,9.5,9.954467766679137
model_agnostic_replication_behavior-e450c15b42ad5e25-m1,waiting,9.125,9.943493242778688
model_agnostic_replication_behavior-e45d06872af0ddb3-m0,effort,-6.0,-2.812467601266084
model_agnostic_replication_behavior-e45d06872af0ddb3-m1,effort,-6.875,-3.162167065442877
model_agnostic_replication_behavior-e4ecda320ff526b6-m0,bandit,4.0,0.9783706896846993
model_agnostic_replication_behavior-e4ecda320ff526b6-m1,bandit,4.75,0.9818337025470585
model_agnostic_replication_behavior-e4f023bc32461ac1-m0,effort,2.375,-0.1116860969453104
model_agnostic_replication_behavior-e4f023bc32461ac1-m1,effort,2.5,-0.4613855611221036
model_agnostic_replication_behavior-e5053587e367069c-m0,effort,-7.75,-6.335939607544438
model_agnostic_replication_behavior-e5053587e367069c-m1,effort,-6.875,-6.685639071721231
model_agnostic_replication_behavior-e50e862cb495a309-m0,information_sampling,3.25,3.339338366669522
model_agnostic_replication_behavior-e50e862cb495a309-m1,information_sampling,0.8750000000000001,1.3423676279576044
model_agnostic_replication_behavior-e5272e5d757616cb-m0,foraging,-2.0,-2.137732833772588
model_agnostic_replication_behavior-e5272e5d757616cb-m1,foraging,-3.0,-1.7462505356927245
model_agnostic_replication_behavior-e52f819667c5b4c1-m0,debugging,3.75,-0.26337165046644917
model_agnostic_replication_behavior-e52f819667c5b4c1-m1,debugging,5.625,1.2184761689596337
model_agnostic_replication_behavior-e533effdeb8c2818-m0,waiting,5.375,6.695743390678543
model_agnostic_replication_behavior-e533effdeb8c2818-m1,waiting,5.875,6.684768866778093
model_agnostic_replication_behavior-e53a4764fdf6187f-m0,effort,-3.625,-2.1389692344666815
model_agnostic_replication_behavior-e53a4764fdf6187f-m1,effort,-4.125,-2.4886686986434747
model_agnostic_replication_behavior-e53a7a693142c012-m0,solvability,10.6875,9.851781038467088
model_agnostic_replication_behavior-e53a7a693142c012-m1,solvability,9.75,9.959778662358476
model_agnostic_replication_behavior-e58833a19fabc4ea-m0,solvability,7.125,2.2648594515814344
model_agnostic_replication_behavior-e58833a19fabc4ea-m1,solvability,6.125,2.372857075472823
model_agnostic_replication_behavior-e5b07c9260de10c3-m0,effort,-1.625,-1.5085281100209451
model_agnostic_replication_behavior-e5b07c9260de10c3-m1,effort,-1.625,-1.8582275741977383
model_agnostic_replication_behavior-e5c77b67b53b87a6-m0,debugging,-7.5,-6.686424634535715
model_agnostic_replication_behavior-e5c77b67b53b87a6-m1,debugging,-4.25,-5.2045768151096325
model_agnostic_replication_behavior-e6358c0dfcd3733a-m0,information_sampling,4.75,3.6448420231110528
model_agnostic_replication_behavior-e6358c0dfcd3733a-m1,information_sampling,4.5,1.6478712843991352
model_agnostic_replication_behavior-e6567fe81472a136-m0,foraging,7.875,4.988996154298477
model_agnostic_replication_behavior-e6567fe81472a136-m1,foraging,6.5,5.380478452378341
model_agnostic_replication_behavior-e66eca82214ec672-m0,foraging,-4.5,-3.8355623419375684
model_agnostic_replication_behavior-e66eca82214ec672-m1,foraging,-3.25,-3.444080043857705
model_agnostic_replication_behavior-e6acaca816b1e04a-m0,debugging,-4.5,-1.1473804097119467
model_agnostic_replication_behavior-e6acaca816b1e04a-m1,debugging,-3.75,0.334467409714136
model_agnostic_replication_behavior-e6b7a6aa1c64ac47-m0,foraging,4.25,5.029769446674568
model_agnostic_replication_behavior-e6b7a6aa1c64ac47-m1,foraging,6.0,5.421251744754432
model_agnostic_replication_behavior-e7131c602fb6be3b-m0,effort,-3.75,-2.0020560223806547
model_agnostic_replication_behavior-e7131c602fb6be3b-m1,effort,-4.625,-2.3517554865574484
model_agnostic_replication_behavior-e71470da955830f1-m0,waiting,-8.25,-4.945166816314256
model_agnostic_replication_behavior-e71470da955830f1-m1,waiting,-6.625,-4.956141340214707
model_agnostic_replication_behavior-e7227d9455b43c69-m0,debugging,-3.25,-2.387665274246791
model_agnostic_replication_behavior-e7227d9455b43c69-m1,debugging,2.875,-0.9058174548207085
model_agnostic_replication_behavior-e74d719a15693956-m0,waiting,-0.6249999999999999,-0.2397567429251397
model_agnostic_replication_behavior-e74d719a15693956-m1,waiting,-0.5,-0.2507312668255899
model_agnostic_replication_behavior-e7e325e8f19f0aa2-m0,debugging,-4.75,-3.600881646042545
model_agnostic_replication_behavior-e7e325e8f19f0aa2-m1,debugging,-5.375,-2.1190338266164623
model_agnostic_replication_behavior-e8139c9eef6388bd-m0,foraging,-0.6406250000000001,-1.8884540330694646
model_agnostic_replication_behavior-e8139c9eef6388bd-m1,foraging,0.15625000000000014,-1.4969717349896008
model_agnostic_replication_behavior-e814d92f35ea39c3-m0,effort,-6.25,-7.7934040823942485
model_agnostic_replication_behavior-e814d92f35ea39c3-m1,effort,-5.5,-8.143103546571043
model_agnostic_replication_behavior-e826284d29b7f22d-m0,debugging,-6.25,-5.297115406417322
model_agnostic_replication_behavior-e826284d29b7f22d-m1,debugging,-5.375,-3.81526758699124
model_agnostic_replication_behavior-e85036da82aaabb3-m0,effort,-6.375,-7.629772462517957
model_agnostic_replication_behavior-e85036da82aaabb3-m1,effort,-6.5,-7.9794719266947505
model_agnostic_replication_behavior-e86b74881cb83d0c-m0,debugging,-6.125,-6.018258540852058
model_agnostic_replication_behavior-e86b74881cb83d0c-m1,debugging,-1.375,-4.536410721425975
model_agnostic_replication_behavior-e8c60c014137e4e8-m0,debugging,5.375,1.3252839000620926
model_agnostic_replication_behavior-e8c60c014137e4e8-m1,debugging,6.625,2.807131719488175
model_agnostic_replication_behavior-e8de54e2a8b83e6e-m0,solvability,-3.625,1.9661194370917492
model_agnostic_replication_behavior-e8de54e2a8b83e6e-m1,solvability,-1.875,2.074117060983138
model_agnostic_replication_behavior-e8e2c0caefb7fd6c-m0,solvability,-0.7500000000000001,2.4135177515422956
model_agnostic_replication_behavior-e8e2c0caefb7fd6c-m1,solvability,-0.6249999999999999,2.521515375433684
model_agnostic_replication_behavior-e8e328bf454fc796-m0,debugging,4.375,2.23818144949497
model_agnostic_replication_behavior-e8e328bf454fc796-m1,debugging,6.375,3.720029268921053
model_agnostic_replication_behavior-e8e5fe3af5f5cd49-m0,effort,-4.125,-3.5517882010624695
model_agnostic_replication_behavior-e8e5fe3af5f5cd49-m1,effort,-4.5,-3.9014876652392627
model_agnostic_replication_behavior-e9488a428a12b7d9-m0,foraging,3.875,-0.12748055942730774
model_agnostic_replication_behavior-e9488a428a12b7d9-m1,foraging,3.875,0.2640017386525556
model_agnostic_replication_behavior-e989b584823a1a23-m0,debugging,7.5,6.666658654737479
model_agnostic_replication_behavior-e989b584823a1a23-m1,debugging,7.375,8.148506474163563
model_agnostic_replication_behavior-e9d217b7b04e9ff7-m0,waiting,3.625,3.0012024558233685
model_agnostic_replication_behavior-e9d217b7b04e9ff7-m1,waiting,4.25,2.990227931922918
model_agnostic_replication_behavior-e9f49c81b0507b1b-m0,waiting,7.875,7.861582985476597
model_agnostic_replication_behavior-e9f49c81b0507b1b-m1,waiting,8.375,7.850608461576146
model_agnostic_replication_behavior-ea0499b609c6983e-m0,foraging,3.375,1.8223022463473462
model_agnostic_replication_behavior-ea0499b609c6983e-m1,foraging,4.5,2.213784544427211
model_agnostic_replication_behavior-ea0a881388564910-m0,information_sampling,0.24999999999999992,2.839934531081254
model_agnostic_replication_behavior-ea0a881388564910-m1,information_sampling,-3.25,0.842963792369336
model_agnostic_replication_behavior-ea0ca07044755ffe-m0,information_sampling,1.75,-0.1510433218775349
model_agnostic_replication_behavior-ea0ca07044755ffe-m1,information_sampling,2.5,-2.1480140605894524
model_agnostic_replication_behavior-ea20419211f96601-m0,foraging,2.0,1.9360595687228883
model_agnostic_replication_behavior-ea20419211f96601-m1,foraging,4.125,2.327541866802752
model_agnostic_replication_behavior-ea316fb9d3036eb6-m0,foraging,0.125,0.058935621455406095
model_agnostic_replication_behavior-ea316fb9d3036eb6-m1,foraging,2.25,0.45041791953526966
model_agnostic_replication_behavior-ea6d2a2d7825251a-m0,information_sampling,4.5,5.106927273678568
model_agnostic_replication_behavior-ea6d2a2d7825251a-m1,information_sampling,4.5,3.1099565349666483
model_agnostic_replication_behavior-ebdb6df7f6304643-m0,effort,1.8749999999999998,-1.7896402211996723
model_agnostic_replication_behavior-ebdb6df7f6304643-m1,effort,2.0,-2.1393396853764655
model_agnostic_replication_behavior-ebe23e696e3b3056-m0,solvability,-4.0,0.9804592819895697
model_agnostic_replication_behavior-ebe23e696e3b3056-m1,solvability,-3.625,1.0884569058809581
model_agnostic_replication_behavior-ec09f860550c61ef-m0,bandit,1.3750000000000002,-0.7421798714343044
model_agnostic_replication_behavior-ec09f860550c61ef-m1,bandit,-1.25,-0.7387168585719452
model_agnostic_replication_behavior-ec151d90ba3337fe-m0,effort,6.625,6.674082748710289
model_agnostic_replication_behavior-ec151d90ba3337fe-m1,effort,5.125,6.3243832845334955
model_agnostic_replication_behavior-ec72ae2382d63760-m0,information_sampling,-1.875,-1.684182093320611
model_agnostic_replication_behavior-ec72ae2382d63760-m1,information_sampling,-1.375,-3.681152832032528
model_agnostic_replication_behavior-ecb64860b5548479-m0,bandit,7.125,3.7298268472995444
model_agnostic_replication_behavior-ecb64860b5548479-m1,bandit,7.125,3.7332898601619027
model_agnostic_replication_behavior-ed652872264f921b-m0,foraging,-3.375,-2.7542678170962356
model_agnostic_replication_behavior-ed652872264f921b-m1,foraging,-3.375,-2.3627855190163722
model_agnostic_replication_behavior-eda8540362697624-m0,waiting,3.875,2.8105339964160994
model_agnostic_replication_behavior-eda8540362697624-m1,waiting,4.25,2.799559472515649
model_agnostic_replication_behavior-edd04f40cb3e1a55-m0,foraging,-3.25,-2.1772530299782042
model_agnostic_replication_behavior-edd04f40cb3e1a55-m1,foraging,-3.625,-1.7857707318983405
model_agnostic_replication_behavior-edea1df6800e4144-m0,bandit,-3.75,-3.290654923808233
model_agnostic_replication_behavior-edea1df6800e4144-m1,bandit,-3.625,-3.287191910945875
model_agnostic_replication_behavior-ee3a0c454cdb2e8d-m0,debugging,7.5,3.5786580581183856
model_agnostic_replication_behavior-ee3a0c454cdb2e8d-m1,debugging,7.375,5.060505877544467
model_agnostic_replication_behavior-ee611f194bb5d5d3-m0,debugging,-2.6875,-4.691236515236788
model_agnostic_replication_behavior-ee611f194bb5d5d3-m1,debugging,-1.6562500000000002,-3.209388695810707
model_agnostic_replication_behavior-ee76ddd61b5a25a6-m0,bandit,13.875,9.525281067145585
model_agnostic_replication_behavior-ee76ddd61b5a25a6-m1,bandit,12.0625,9.528744080007943
model_agnostic_replication_behavior-ef0eebe9d2fe4907-m0,foraging,-0.25,1.367250075169712
model_agnostic_replication_behavior-ef0eebe9d2fe4907-m1,foraging,2.0,1.7587323732495759
model_agnostic_replication_behavior-ef467b4e0d6de673-m0,waiting,-1.25,-1.3999281326286475
model_agnostic_replication_behavior-ef467b4e0d6de673-m1,waiting,-3.25,-1.4109026565290979
model_agnostic_replication_behavior-efa66cb3fd9f47be-m0,waiting,5.0,2.146538538345913
model_agnostic_replication_behavior-efa66cb3fd9f47be-m1,waiting,4.875,2.1355640144454626
model_agnostic_replication_behavior-efd2c550f78ebd07-m0,waiting,7.0,5.875575493377115
model_agnostic_replication_behavior-efd2c550f78ebd07-m1,waiting,7.75,5.864600969476663
model_agnostic_replication_behavior-f002c99b9e5fc64b-m0,bandit,11.875,5.736868759313518
model_agnostic_replication_behavior-f002c99b9e5fc64b-m1,bandit,9.125,5.740331772175878
model_agnostic_replication_behavior-f01abf92019c7512-m0,foraging,4.875,2.945712619655306
model_agnostic_replication_behavior-f01abf92019c7512-m1,foraging,5.375,3.3371949177351694
model_agnostic_replication_behavior-f0327ba88a16a84d-m0,waiting,3.625,1.1191244695664424
model_agnostic_replication_behavior-f0327ba88a16a84d-m1,waiting,4.625,1.108149945665992
model_agnostic_replication_behavior-f041f9065c0ce643-m0,foraging,-3.75,-2.4792489324445897
model_agnostic_replication_behavior-f041f9065c0ce643-m1,foraging,-4.125,-2.087766634364726
model_agnostic_replication_behavior-f071235fd29c939e-m0,bandit,7.25,5.224317148819391
model_agnostic_replication_behavior-f071235fd29c939e-m1,bandit,6.0,5.22778016168175
model_agnostic_replication_behavior-f0a0279d7d9b0a22-m0,waiting,5.125,4.889372843779506
model_agnostic_replication_behavior-f0a0279d7d9b0a22-m1,waiting,4.625,4.8783983198790555
model_agnostic_replication_behavior-f176b51f56811e40-m0,waiting,6.375,2.007824681875137
model_agnostic_replication_behavior-f176b51f56811e40-m1,waiting,5.625,1.9968501579746867
model_agnostic_replication_behavior-f189f215ce3de76e-m0,effort,4.75,1.8089960306748094
model_agnostic_replication_behavior-f189f215ce3de76e-m1,effort,3.625,1.4592965664980162
model_agnostic_replication_behavior-f1b264dc2e4dd38b-m0,solvability,-6.0,-3.9949401155145337
model_agnostic_replication_behavior-f1b264dc2e4dd38b-m1,solvability,-4.375,-3.886942491623145
model_agnostic_replication_behavior-f1b9be9195e00e6f-m0,foraging,0.5156250000000001,3.338742865801084
model_agnostic_replication_behavior-f1b9be9195e00e6f-m1,foraging,0.21875000000000006,3.7302251638809474
model_agnostic_replication_behavior-f1c3526d0f8f84e8-m0,effort,-6.625,-6.148678264603688
model_agnostic_replication_behavior-f1c3526d0f8f84e8-m1,effort,-6.625,-6.498377728780481
model_agnostic_replication_behavior-f20246bbfa2469c3-m0,debugging,-3.0,-0.7738884051033712
model_agnostic_replication_behavior-f20246bbfa2469c3-m1,debugging,-2.75,0.7079594143227113
model_agnostic_replication_behavior-f22aa316d6d177ef-m0,information_sampling,5.375,5.8483181239546465
model_agnostic_replication_behavior-f22aa316d6d177ef-m1,information_sampling,3.375,3.85134738524273
model_agnostic_replication_behavior-f269f3d40e23f909-m0,debugging,-8.0,-7.729399197715217
model_agnostic_replication_behavior-f269f3d40e23f909-m1,debugging,-6.375,-6.247551378289135
model_agnostic_replication_behavior-f29f8855e765dc87-m0,waiting,0.7500000000000002,1.0330421243292978
model_agnostic_replication_behavior-f29f8855e765dc87-m1,waiting,-2.375,1.0220676004288476
model_agnostic_replication_behavior-f2a1b7f786f63c06-m0,bandit,10.6875,5.737993666003937
model_agnostic_replication_behavior-f2a1b7f786f63c06-m1,bandit,9.125,5.741456678866296
model_agnostic_replication_behavior-f2a32c367268db45-m0,debugging,-4.5,1.3966331576675781
model_agnostic_replication_behavior-f2a32c367268db45-m1,debugging,1.5000000000000002,2.878480977093661
model_agnostic_replication_behavior-f2d555b433596f2b-m0,debugging,-5.75,-4.125147919559394
model_agnostic_replication_behavior-f2d555b433596f2b-m1,debugging,-3.5,-2.643300100133311
model_agnostic_replication_behavior-f2f52e0120a3c792-m0,information_sampling,-1.7499999999999998,0.5255642439510497
model_agnostic_replication_behavior-f2f52e0120a3c792-m1,information_sampling,-3.5,-1.4714064947608687
model_agnostic_replication_behavior-f2f82160bb6fe411-m0,foraging,4.375,3.66448957832018
model_agnostic_replication_behavior-f2f82160bb6fe411-m1,foraging,3.875,4.055971876400043
model_agnostic_replication_behavior-f3193248581a1694-m0,effort,-6.125,-6.352042904161449
model_agnostic_replication_behavior-f3193248581a1694-m1,effort,-6.375,-6.701742368338242
model_agnostic_replication_behavior-f3a65d40ff9f8c6e-m0,information_sampling,3.25,1.5399311695626823
model_agnostic_replication_behavior-f3a65d40ff9f8c6e-m1,information_sampling,-1.5,-0.4570395691492355
model_agnostic_replication_behavior-f3bc6242f9c8443e-m0,foraging,8.5,6.900707471171793
model_agnostic_replication_behavior-f3bc6242f9c8443e-m1,foraging,7.125,7.292189769251657
model_agnostic_replication_behavior-f3c5a22eaf02d94d-m0,information_sampling,1.625,1.6903583403287268
model_agnostic_replication_behavior-f3c5a22eaf02d94d-m1,information_sampling,-1.375,-0.30661239838319077
model_agnostic_replication_behavior-f3cbd2dd0ef69d53-m0,bandit,-5.125,-0.23982497862344587
model_agnostic_replication_behavior-f3cbd2dd0ef69d53-m1,bandit,-6.75,-0.2363619657610867
model_agnostic_replication_behavior-f3e2fd53dd041a9b-m0,solvability,9.9375,4.621588491116476
model_agnostic_replication_behavior-f3e2fd53dd041a9b-m1,solvability,10.0,4.729586115007864
model_agnostic_replication_behavior-f42f51442fa0c411-m0,debugging,-3.0,-3.0723716209885286
model_agnostic_replication_behavior-f42f51442fa0c411-m1,debugging,-4.75,-1.590523801562446
model_agnostic_replication_behavior-f43add98283e6a91-m0,waiting,-5.375,-2.8305186668989633
model_agnostic_replication_behavior-f43add98283e6a91-m1,waiting,-4.0,-2.841493190799414
model_agnostic_replication_behavior-f43d1f5d8eb31b50-m0,solvability,5.875,4.3506685627665185
model_agnostic_replication_behavior-f43d1f5d8eb31b50-m1,solvability,5.875,4.458666186657906
model_agnostic_replication_behavior-f47fca2a851df520-m0,solvability,2.5,2.1028402738256
model_agnostic_replication_behavior-f47fca2a851df520-m1,solvability,2.375,2.2108378977169885
model_agnostic_replication_behavior-f4952a213860523c-m0,solvability,-2.5,-0.4408500262743429
model_agnostic_replication_behavior-f4952a213860523c-m1,solvability,-0.8750000000000002,-0.33285240238295444
model_agnostic_replication_behavior-f49cc33f4f327000-m0,effort,3.125,1.986436078929829
model_agnostic_replication_behavior-f49cc33f4f327000-m1,effort,1.5000000000000002,1.6367366147530358
model_agnostic_replication_behavior-f4fc09c7b952309a-m0,solvability,-6.125,-0.8655317943448653
model_agnostic_replication_behavior-f4fc09c7b952309a-m1,solvability,-6.375,-0.7575341704534768
model_agnostic_replication_behavior-f5453b8384e7e988-m0,waiting,8.0,5.4636403314786115
model_agnostic_replication_behavior-f5453b8384e7e988-m1,waiting,6.625,5.45266580757816
model_agnostic_replication_behavior-f545bbd9cf648e5a-m0,waiting,5.875,2.9984876973943626
model_agnostic_replication_behavior-f545bbd9cf648e5a-m1,waiting,5.375,2.9875131734939124
model_agnostic_replication_behavior-f58c4f8cb7a919f6-m0,effort,-0.8750000000000002,-0.26696092708876284
model_agnostic_replication_behavior-f58c4f8cb7a919f6-m1,effort,-1.5,-0.616660391265556
model_agnostic_replication_behavior-f5adeed14f723cf0-m0,solvability,9.0,4.465643097715979
model_agnostic_replication_behavior-f5adeed14f723cf0-m1,solvability,7.625,4.573640721607368
model_agnostic_replication_behavior-f5fccb6ef83e93e6-m0,waiting,7.375,6.731883337401991
model_agnostic_replication_behavior-f5fccb6ef83e93e6-m1,waiting,7.375,6.7209088135015405
model_agnostic_replication_behavior-f628c6d7055e2ea0-m0,effort,-5.75,-6.7046905835687
model_agnostic_replication_behavior-f628c6d7055e2ea0-m1,effort,-5.75,-7.0543900477454935
model_agnostic_replication_behavior-f664ed1192d03e0a-m0,information_sampling,5.75,5.876847405084736
model_agnostic_replication_behavior-f664ed1192d03e0a-m1,information_sampling,4.125,3.8798766663728195
model_agnostic_replication_behavior-f6ba762afe37b348-m0,waiting,4.625,4.352951361603722
model_agnostic_replication_behavior-f6ba762afe37b348-m1,waiting,5.25,4.341976837703271
model_agnostic_replication_behavior-f6fb4ae649759358-m0,solvability,6.0,4.123388248602757
model_agnostic_replication_behavior-f6fb4ae649759358-m1,solvability,4.75,4.231385872494145
model_agnostic_replication_behavior-f7433b33ca3971ec-m0,debugging,-0.12500000000000006,-2.4611437467858748
model_agnostic_replication_behavior-f7433b33ca3971ec-m1,debugging,4.0,-0.9792959273597921
model_agnostic_replication_behavior-f7761178e8c3422e-m0,effort,-3.875,-2.3810100423551743
model_agnostic_replication_behavior-f7761178e8c3422e-m1,effort,-4.375,-2.730709506531968
model_agnostic_replication_behavior-f79a094acb15446f-m0,solvability,-2.625,1.6471133176405148
model_agnostic_replication_behavior-f79a094acb15446f-m1,solvability,-1.875,1.7551109415319033
model_agnostic_replication_behavior-f7c0c6babcedba48-m0,information_sampling,1.25,0.5026296420042868
model_agnostic_replication_behavior-f7c0c6babcedba48-m1,information_sampling,-1.875,-1.4943410967076298
model_agnostic_replication_behavior-f7f752e9f8d8db80-m0,information_sampling,4.0,5.0566292936565596
model_agnostic_replication_behavior-f7f752e9f8d8db80-m1,information_sampling,1.3750000000000002,3.059658554944642
model_agnostic_replication_behavior-f806bfc2f45f4bcd-m0,bandit,11.875,8.874835471072464
model_agnostic_replication_behavior-f806bfc2f45f4bcd-m1,bandit,7.625,8.878298483934822
model_agnostic_replication_behavior-f80adbe1ca64cb87-m0,bandit,-7.625,-8.200094015363973
model_agnostic_replication_behavior-f80adbe1ca64cb87-m1,bandit,-7.875,-8.196631002501613
model_agnostic_replication_behavior-f815d987a33a71db-m0,bandit,-3.375,-3.3007667015280746
model_agnostic_replication_behavior-f815d987a33a71db-m1,bandit,-5.625,-3.2973036886657154
model_agnostic_replication_behavior-f82924d69db7ecf1-m0,debugging,-3.375,-2.3178463850663973
model_agnostic_replication_behavior-f82924d69db7ecf1-m1,debugging,-3.125,-0.8359985656403145
model_agnostic_replication_behavior-f84ac6c974788968-m0,bandit,-1.0000000000000002,-3.0993644147915336
model_agnostic_replication_behavior-f84ac6c974788968-m1,bandit,4.25,-3.0959014019291744
model_agnostic_replication_behavior-f85b5c7332e501ec-m0,debugging,-6.125,-3.215113612735381
model_agnostic_replication_behavior-f85b5c7332e501ec-m1,debugging,-3.125,-1.7332657933092985
model_agnostic_replication_behavior-f88b2d8131bd89a7-m0,bandit,-3.875,-4.266614905117667
model_agnostic_replication_behavior-f88b2d8131bd89a7-m1,bandit,1.25,-4.263151892255308
model_agnostic_replication_behavior-f8b690fda64cba1d-m0,bandit,8.75,4.069034552466127
model_agnostic_replication_behavior-f8b690fda64cba1d-m1,bandit,6.25,4.0724975653284865
model_agnostic_replication_behavior-f8b966b08e955cd1-m0,bandit,-11.625,-9.498700402137803
model_agnostic_replication_behavior-f8b966b08e955cd1-m1,bandit,-9.4375,-9.495237389275445
model_agnostic_replication_behavior-f8bf0b8a86b05031-m0,information_sampling,2.25,4.580480507629935
model_agnostic_replication_behavior-f8bf0b8a86b05031-m1,information_sampling,-1.25,2.5835097689180175
model_agnostic_replication_behavior-f8dccf3379665c95-m0,debugging,4.5,7.013655313825362
model_agnostic_replication_behavior-f8dccf3379665c95-m1,debugging,2.875,8.495503133251445
model_agnostic_replication_behavior-f8eff32af09a774c-m0,information_sampling,-3.25,-1.53633514819143
model_agnostic_replication_behavior-f8eff32af09a774c-m1,information_sampling,-4.625,-3.5333058869033476
model_agnostic_replication_behavior-f902ccee5e180cb6-m0,debugging,7.25,5.249780865490034
model_agnostic_replication_behavior-f902ccee5e180cb6-m1,debugging,7.875,6.731628684916117
model_agnostic_replication_behavior-f95feb2f45e44f36-m0,debugging,2.375,0.9238311154359615
model_agnostic_replication_behavior-f95feb2f45e44f36-m1,debugging,3.125,2.405678934862044
model_agnostic_replication_behavior-f9bb96b5cd724b4a-m0,solvability,11.4375,7.664433821287499
model_agnostic_replication_behavior-f9bb96b5cd724b4a-m1,solvability,11.4375,7.772431445178888
model_agnostic_replication_behavior-f9c5fb4e64912232-m0,solvability,-7.625,-6.942520186886067
model_agnostic_replication_behavior-f9c5fb4e64912232-m1,solvability,-6.75,-6.834522562994677
model_agnostic_replication_behavior-f9ce03cc28c8d33a-m0,waiting,1.125,0.4750457542093445
model_agnostic_replication_behavior-f9ce03cc28c8d33a-m1,waiting,1.3750000000000002,0.46407123030889386
model_agnostic_replication_behavior-f9d556eafd89cfff-m0,bandit,-11.9375,-9.079291694120776
model_agnostic_replication_behavior-f9d556eafd89cfff-m1,bandit,-9.8125,-9.075828681258416
model_agnostic_replication_behavior-fa18548c5f4323ce-m0,effort,3.75,-1.736236667744243
model_agnostic_replication_behavior-fa18548c5f4323ce-m1,effort,2.375,-2.085936131921036
model_agnostic_replication_behavior-fa1c016457dacbad-m0,effort,0.125,1.3077734587110967
model_agnostic_replication_behavior-fa1c016457dacbad-m1,effort,-0.6249999999999999,0.9580739945343035
model_agnostic_replication_behavior-fa423bf72e2b4c11-m0,bandit,-2.375,2.971397700565424
model_agnostic_replication_behavior-fa423bf72e2b4c11-m1,bandit,-3.75,2.974860713427783
model_agnostic_replication_behavior-fa45c8e9387902a7-m0,bandit,-2.25,0.904280555288725
model_agnostic_replication_behavior-fa45c8e9387902a7-m1,bandit,-3.375,0.9077435681510839
model_agnostic_replication_behavior-fa65d5240da08183-m0,solvability,-2.5,-0.16473317912945218
model_agnostic_replication_behavior-fa65d5240da08183-m1,solvability,0.125,-0.05673555523806373
model_agnostic_replication_behavior-fac48162faa0b666-m0,debugging,-1.125,-1.6662939146118974
model_agnostic_replication_behavior-fac48162faa0b666-m1,debugging,-0.25,-0.18444609518581476
model_agnostic_replication_behavior-fad9acbbf7ddace8-m0,bandit,-9.25,-8.590414812283385
model_agnostic_replication_behavior-fad9acbbf7ddace8-m1,bandit,-8.625,-8.586951799421026
model_agnostic_replication_behavior-fae8d05bb6b21e84-m0,bandit,5.125,0.7198957593368158
model_agnostic_replication_behavior-fae8d05bb6b21e84-m1,bandit,4.25,0.7233587721991745
model_agnostic_replication_behavior-fb01bd2a994bdeb3-m0,debugging,-7.0,-6.542446114390836
model_agnostic_replication_behavior-fb01bd2a994bdeb3-m1,debugging,-5.75,-5.060598294964754
model_agnostic_replication_behavior-fb341de23261aa70-m0,information_sampling,-1.375,-1.3348422564081204
model_agnostic_replication_behavior-fb341de23261aa70-m1,information_sampling,-3.625,-3.3318129951200377
model_agnostic_replication_behavior-fb4ef5ba46c144d8-m0,debugging,-6.125,-7.43117599399066
model_agnostic_replication_behavior-fb4ef5ba46c144d8-m1,debugging,-2.75,-5.949328174564577
model_agnostic_replication_behavior-fb66211a687da1e2-m0,information_sampling,-0.8750000000000002,-0.4885651142611527
model_agnostic_replication_behavior-fb66211a687da1e2-m1,information_sampling,-4.625,-2.4855358529730704
model_agnostic_replication_behavior-fb6f027057478610-m0,effort,3.5,2.206659156571399
model_agnostic_replication_behavior-fb6f027057478610-m1,effort,2.125,1.856959692394606
model_agnostic_replication_behavior-fb7c43bf80d876a3-m0,information_sampling,4.875,3.1011884515167942
model_agnostic_replication_behavior-fb7c43bf80d876a3-m1,information_sampling,2.125,1.1042177128048767
model_agnostic_replication_behavior-fbba50841d3c35b3-m0,solvability,13.78125,11.344756316393033
model_agnostic_replication_behavior-fbba50841d3c35b3-m1,solvability,13.1875,11.452753940284422
model_agnostic_replication_behavior-fbfde25c74e96bef-m0,bandit,3.5,-0.2295794274640337
model_agnostic_replication_behavior-fbfde25c74e96bef-m1,bandit,2.75,-0.22611641460167453
model_agnostic_replication_behavior-fc2fe091b6867e6d-m0,effort,-6.25,-6.172385490726934
model_agnostic_replication_behavior-fc2fe091b6867e6d-m1,effort,-6.5,-6.522084954903727
model_agnostic_replication_behavior-fc5061f0e4a41ac9-m0,waiting,1.3413085937500002,2.0806023177645723
model_agnostic_replication_behavior-fc5061f0e4a41ac9-m1,waiting,-0.6875000000000001,2.0696277938641225
model_agnostic_replication_behavior-fc7269b28476dc47-m0,bandit,11.8125,5.870787014374652
model_agnostic_replication_behavior-fc7269b28476dc47-m1,bandit,9.3125,5.874250027237011
model_agnostic_replication_behavior-fc80dab77e96c46c-m0,solvability,-6.625,-6.5684965690549
model_agnostic_replication_behavior-fc80dab77e96c46c-m1,solvability,-5.625,-6.460498945163511
model_agnostic_replication_behavior-fc9dc423c5f0c1d3-m0,debugging,-5.5,-1.6254194245165063
model_agnostic_replication_behavior-fc9dc423c5f0c1d3-m1,debugging,-3.375,-0.14357160509042366
model_agnostic_replication_behavior-fcda105e94e1bc61-m0,debugging,-6.25,-4.8536255230472305
model_agnostic_replication_behavior-fcda105e94e1bc61-m1,debugging,-2.5,-3.371777703621148
model_agnostic_replication_behavior-fce493513353cd9b-m0,waiting,-5.75,-3.585283308304675
model_agnostic_replication_behavior-fce493513353cd9b-m1,waiting,-6.75,-3.5962578322051257
model_agnostic_replication_behavior-fced5568e12b0a28-m0,debugging,3.25,2.0585792834817904
model_agnostic_replication_behavior-fced5568e12b0a28-m1,debugging,3.25,3.540427102907873
model_agnostic_replication_behavior-fd06b060dfbe091b-m0,information_sampling,4.125,4.241523024891968
model_agnostic_replication_behavior-fd06b060dfbe091b-m1,information_sampling,3.75,2.244552286180051
model_agnostic_replication_behavior-fd1225deb24b8bb3-m0,solvability,7.25,7.39193924102267
model_agnostic_replication_behavior-fd1225deb24b8bb3-m1,solvability,7.125,7.499936864914058
model_agnostic_replication_behavior-fd15bf8e3253960c-m0,foraging,-7.625,-4.767875477037926
model_agnostic_replication_behavior-fd15bf8e3253960c-m1,foraging,-6.25,-4.376393178958063
model_agnostic_replication_behavior-fd521f111e9d8921-m0,waiting,7.625,6.426100728162723
model_agnostic_replication_behavior-fd521f111e9d8921-m1,waiting,7.375,6.415126204262274
model_agnostic_replication_behavior-fd5c0b181dd5d9fb-m0,effort,7.375,6.12619543522197
model_agnostic_replication_behavior-fd5c0b181dd5d9fb-m1,effort,5.125,5.776495971045177
model_agnostic_replication_behavior-fdd1035b85d5f106-m0,solvability,1.8749999999999998,0.9487557899782599
model_agnostic_replication_behavior-fdd1035b85d5f106-m1,solvability,2.125,1.0567534138696486
model_agnostic_replication_behavior-fe1724e48189c8c9-m0,solvability,-3.875,0.22026456958869023
model_agnostic_replication_behavior-fe1724e48189c8c9-m1,solvability,-1.5,0.32826219348007846
model_agnostic_replication_behavior-fe2cf4a7bdcc1542-m0,debugging,5.5,4.9499113787268385
model_agnostic_replication_behavior-fe2cf4a7bdcc1542-m1,debugging,6.875,6.431759198152921
model_agnostic_replication_behavior-fe9b67afa7bd2d9e-m0,foraging,2.875,2.943490135229935
model_agnostic_replication_behavior-fe9b67afa7bd2d9e-m1,foraging,3.0,3.3349724333097988
model_agnostic_replication_behavior-feb7dd0f3de3347f-m0,debugging,3.375,1.2289199148716006
model_agnostic_replication_behavior-feb7dd0f3de3347f-m1,debugging,4.5,2.7107677342976833
model_agnostic_replication_behavior-ff34a19dbc32bcb6-m0,effort,-2.875,-1.5544993170300618
model_agnostic_replication_behavior-ff34a19dbc32bcb6-m1,effort,-2.5,-1.904198781206855
model_agnostic_replication_behavior-ff5e6fe23f72c0b1-m0,effort,-4.125,0.8494664784085435
model_agnostic_replication_behavior-ff5e6fe23f72c0b1-m1,effort,-4.0,0.4997670142317503
model_agnostic_replication_contextual_behavior-00a77272fb6d1983-m0,debugging,-5.5,-4.056371197218989
model_agnostic_replication_contextual_behavior-00a77272fb6d1983-m1,debugging,-4.625,-2.5745233777929064
model_agnostic_replication_contextual_behavior-02d90f207ee13eb5-m0,foraging,-0.37499999999999994,2.7656141034452206
model_agnostic_replication_contextual_behavior-02d90f207ee13eb5-m1,foraging,2.5,3.1570964015250844
model_agnostic_replication_contextual_behavior-036bc5e83aef68bf-m0,debugging,-1.875,-0.3230807436707659
model_agnostic_replication_contextual_behavior-036bc5e83aef68bf-m1,debugging,2.0,1.158767075755316
model_agnostic_replication_contextual_behavior-03c0437ca9c8c907-m0,foraging,3.5,2.835272369002702
model_agnostic_replication_contextual_behavior-03c0437ca9c8c907-m1,foraging,4.5,3.2267546670825653
model_agnostic_replication_contextual_behavior-03cca73fd419d155-m0,foraging,2.203125,-1.1186351568568123
model_agnostic_replication_contextual_behavior-03cca73fd419d155-m1,foraging,-2.296875,-0.7271528587769488
model_agnostic_replication_contextual_behavior-056b4667401b4fe9-m0,bandit,-6.0,-1.63400586160172
model_agnostic_replication_contextual_behavior-056b4667401b4fe9-m1,bandit,-5.375,-1.6305428487393612
model_agnostic_replication_contextual_behavior-058aa4e00202d167-m0,foraging,2.875,0.6674006275830332
model_agnostic_replication_contextual_behavior-058aa4e00202d167-m1,foraging,3.0,1.0588829256628967
model_agnostic_replication_contextual_behavior-06afb23839d26b64-m0,bandit,-0.37499999999999994,1.1917246454695205
model_agnostic_replication_contextual_behavior-06afb23839d26b64-m1,bandit,-1.5,1.1951876583318792
model_agnostic_replication_contextual_behavior-06ff917144adaefc-m0,debugging,-2.75,-1.3489067494709717
model_agnostic_replication_contextual_behavior-06ff917144adaefc-m1,debugging,-2.25,0.1329410699551108
model_agnostic_replication_contextual_behavior-07c003758dac5312-m0,debugging,-3.5,-5.383441237144924
model_agnostic_replication_contextual_behavior-07c003758dac5312-m1,debugging,-2.375,-3.901593417718841
model_agnostic_replication_contextual_behavior-07e94db01dc01e0f-m0,foraging,-4.25,-2.3412494312942993
model_agnostic_replication_contextual_behavior-07e94db01dc01e0f-m1,foraging,-3.375,-1.949767133214436
model_agnostic_replication_contextual_behavior-0e35f2c86e50264e-m0,foraging,-7.5,-10.048954764515583
model_agnostic_replication_contextual_behavior-0e35f2c86e50264e-m1,foraging,-5.75,-9.657472466435719
model_agnostic_replication_contextual_behavior-0e8945f53b689ab6-m0,debugging,-6.375,-5.029815899489757
model_agnostic_replication_contextual_behavior-0e8945f53b689ab6-m1,debugging,-4.75,-3.547968080063674
model_agnostic_replication_contextual_behavior-0f457fee133ebb6b-m0,debugging,-4.625,-7.920482710432777
model_agnostic_replication_contextual_behavior-0f457fee133ebb6b-m1,debugging,-3.625,-6.438634891006695
model_agnostic_replication_contextual_behavior-0f98ef6568ea1247-m0,bandit,-7.5,-3.138741019530647
model_agnostic_replication_contextual_behavior-0f98ef6568ea1247-m1,bandit,-6.75,-3.135278006668288
model_agnostic_replication_contextual_behavior-100847b72109f99f-m0,bandit,-8.125,-14.302319446329685
model_agnostic_replication_contextual_behavior-100847b72109f99f-m1,bandit,-7.375,-14.298856433467325
model_agnostic_replication_contextual_behavior-13a3959ddcd444f9-m0,debugging,-6.375,-6.104461541844986
model_agnostic_replication_contextual_behavior-13a3959ddcd444f9-m1,debugging,-4.875,-4.622613722418904
model_agnostic_replication_contextual_behavior-13b4096883b329c1-m0,bandit,4.0,1.3266097455395296
model_agnostic_replication_contextual_behavior-13b4096883b329c1-m1,bandit,6.625,1.3300727584018885
model_agnostic_replication_contextual_behavior-14d70a67755d4dd9-m0,foraging,-8.5,-10.978669425457912
model_agnostic_replication_contextual_behavior-14d70a67755d4dd9-m1,foraging,-6.5,-10.58718712737805
model_agnostic_replication_contextual_behavior-15115d96a986dda0-m0,foraging,-0.12500000000000006,-0.22597700069274096
model_agnostic_replication_contextual_behavior-15115d96a986dda0-m1,foraging,1.625,0.16550529738712239
model_agnostic_replication_contextual_behavior-172872ed25fe9383-m0,debugging,0.6093749999999999,-2.33831869361786
model_agnostic_replication_contextual_behavior-172872ed25fe9383-m1,debugging,-0.07812500000000001,-0.8564708741917779
model_agnostic_replication_contextual_behavior-1921e5805457c150-m0,debugging,-4.125,0.5789905440780667
model_agnostic_replication_contextual_behavior-1921e5805457c150-m1,debugging,-3.625,2.0608383635041494
model_agnostic_replication_contextual_behavior-197ced2636723bd3-m0,foraging,-5.25,-3.5503787375101896
model_agnostic_replication_contextual_behavior-197ced2636723bd3-m1,foraging,-3.75,-3.1588964394303263
model_agnostic_replication_contextual_behavior-1981867b6d01fba1-m0,bandit,-2.375,-2.324461505909466
model_agnostic_replication_contextual_behavior-1981867b6d01fba1-m1,bandit,-2.0,-2.3209984930471075
model_agnostic_replication_contextual_behavior-19d49fb8f28b55ad-m0,bandit,2.75,3.006649524852688
model_agnostic_replication_contextual_behavior-19d49fb8f28b55ad-m1,bandit,3.625,3.010112537715047
model_agnostic_replication_contextual_behavior-1a5f078f73339b9d-m0,bandit,-1.125,-2.596766920982115
model_agnostic_replication_contextual_behavior-1a5f078f73339b9d-m1,bandit,2.25,-2.5933039081197564
model_agnostic_replication_contextual_behavior-1aef918385499a39-m0,foraging,-0.5,0.04196724535871499
model_agnostic_replication_contextual_behavior-1aef918385499a39-m1,foraging,-1.25,0.4334495434385782
model_agnostic_replication_contextual_behavior-1b0904a6c6079804-m0,debugging,-1.375,-3.4187910277817
model_agnostic_replication_contextual_behavior-1b0904a6c6079804-m1,debugging,-1.0000000000000002,-1.9369432083556175
model_agnostic_replication_contextual_behavior-1c44a9121c4d7eb2-m0,debugging,-3.75,-0.7711518335738838
model_agnostic_replication_contextual_behavior-1c44a9121c4d7eb2-m1,debugging,-4.0,0.7106959858521988
model_agnostic_replication_contextual_behavior-1d8227bbbc8ae46b-m0,bandit,-3.625,-3.93294652963302
model_agnostic_replication_contextual_behavior-1d8227bbbc8ae46b-m1,bandit,-2.5,-3.929483516770661
model_agnostic_replication_contextual_behavior-1e377e01e82101cc-m0,debugging,-3.625,-4.676592525268944
model_agnostic_replication_contextual_behavior-1e377e01e82101cc-m1,debugging,-2.75,-3.194744705842862
model_agnostic_replication_contextual_behavior-1e391226e84b2bb3-m0,bandit,-1.625,5.181746220691998
model_agnostic_replication_contextual_behavior-1e391226e84b2bb3-m1,bandit,-0.7500000000000001,5.185209233554358
model_agnostic_replication_contextual_behavior-20d29dad74126b64-m0,debugging,0.5156250000000001,-3.5749266595846523
model_agnostic_replication_contextual_behavior-20d29dad74126b64-m1,debugging,-0.36718749999999994,-2.09307884015857
model_agnostic_replication_contextual_behavior-21ad6a537ff4003a-m0,bandit,-6.75,-3.8289407327501213
model_agnostic_replication_contextual_behavior-21ad6a537ff4003a-m1,bandit,-5.875,-3.8254777198877625
model_agnostic_replication_contextual_behavior-23ba08547fa1c6f7-m0,foraging,2.0,-2.825217677476513
model_agnostic_replication_contextual_behavior-23ba08547fa1c6f7-m1,foraging,-2.34375,-2.4337353793966496
model_agnostic_replication_contextual_behavior-257554726d22008d-m0,foraging,-2.375,-0.043197499859774946
model_agnostic_replication_contextual_behavior-257554726d22008d-m1,foraging,-0.7500000000000001,0.34828479822008884
model_agnostic_replication_contextual_behavior-25d690146689c3ae-m0,bandit,-3.75,-2.619175277198778
model_agnostic_replication_contextual_behavior-25d690146689c3ae-m1,bandit,-3.0,-2.615712264336419
model_agnostic_replication_contextual_behavior-27c6724a5cc358bd-m0,debugging,2.0,3.01901800079588
model_agnostic_replication_contextual_behavior-27c6724a5cc358bd-m1,debugging,5.375,4.5008658202219625
model_agnostic_replication_contextual_behavior-28aa2181971dd9f2-m0,debugging,-3.875,-2.2907994374145595
model_agnostic_replication_contextual_behavior-28aa2181971dd9f2-m1,debugging,-3.25,-0.8089516179884769
model_agnostic_replication_contextual_behavior-298b24e38f0377ba-m0,debugging,-5.625,-6.165257258812523
model_agnostic_replication_contextual_behavior-298b24e38f0377ba-m1,debugging,-4.625,-4.68340943938644
model_agnostic_replication_contextual_behavior-2a008e9584a6f226-m0,foraging,-5.0,-1.7928208395170282
model_agnostic_replication_contextual_behavior-2a008e9584a6f226-m1,foraging,-4.375,-1.4013385414371649
model_agnostic_replication_contextual_behavior-2b41412b57e33a1b-m0,foraging,-1.125,1.886898375838598
model_agnostic_replication_contextual_behavior-2b41412b57e33a1b-m1,foraging,0.7500000000000002,2.2783806739184613
model_agnostic_replication_contextual_behavior-2bdd3ed128134634-m0,debugging,-4.125,-5.913416325690706
model_agnostic_replication_contextual_behavior-2bdd3ed128134634-m1,debugging,-4.125,-4.431568506264624
model_agnostic_replication_contextual_behavior-2d4a2df666d885cf-m0,debugging,-4.375,-4.472730971758368
model_agnostic_replication_contextual_behavior-2d4a2df666d885cf-m1,debugging,-3.375,-2.990883152332286
model_agnostic_replication_contextual_behavior-2ea887576e39600e-m0,debugging,5.125,2.880106595826706
model_agnostic_replication_contextual_behavior-2ea887576e39600e-m1,debugging,5.5,4.3619544152527885
model_agnostic_replication_contextual_behavior-2fc9c8435c225097-m0,debugging,-0.6249999999999999,-3.8888558919714096
model_agnostic_replication_contextual_behavior-2fc9c8435c225097-m1,debugging,-0.6249999999999999,-2.4070080725453273
model_agnostic_replication_contextual_behavior-31fa096b68e7e600-m0,foraging,-0.12500000000000006,2.8756509570484856
model_agnostic_replication_contextual_behavior-31fa096b68e7e600-m1,foraging,2.875,3.2671332551283494
model_agnostic_replication_contextual_behavior-35f157dfea07d33c-m0,foraging,-2.5,0.009770405998165477
model_agnostic_replication_contextual_behavior-35f157dfea07d33c-m1,foraging,-2.625,0.40125270407802927
model_agnostic_replication_contextual_behavior-369ca1e73ba968ec-m0,bandit,6.75,3.7295361075751723
model_agnostic_replication_contextual_behavior-369ca1e73ba968ec-m1,bandit,8.5,3.7329991204375306
model_agnostic_replication_contextual_behavior-36a6f497b50ccc21-m0,foraging,-5.25,-2.526655890740734
model_agnostic_replication_contextual_behavior-36a6f497b50ccc21-m1,foraging,-3.75,-2.13517359266087
model_agnostic_replication_contextual_behavior-377712564d96aeaa-m0,foraging,-1.7499999999999998,0.18708546655760128
model_agnostic_replication_contextual_behavior-377712564d96aeaa-m1,foraging,-4.125,0.5785677646374646
model_agnostic_replication_contextual_behavior-3897ea7fa159b467-m0,bandit,-7.625,-2.753463532826506
model_agnostic_replication_contextual_behavior-3897ea7fa159b467-m1,bandit,-6.25,-2.750000519964147
model_agnostic_replication_contextual_behavior-3910e2d9d25f1632-m0,foraging,5.625,5.4434175578137
model_agnostic_replication_contextual_behavior-3910e2d9d25f1632-m1,foraging,5.375,5.834899855893564
model_agnostic_replication_contextual_behavior-3a1c84465ad13c40-m0,debugging,1.75,3.1208958579662323
model_agnostic_replication_contextual_behavior-3a1c84465ad13c40-m1,debugging,2.5,4.602743677392315
model_agnostic_replication_contextual_behavior-3b0d061cf9227ecd-m0,bandit,-2.625,-0.42385647806639515
model_agnostic_replication_contextual_behavior-3b0d061cf9227ecd-m1,bandit,0.8750000000000001,-0.42039346520403686
model_agnostic_replication_contextual_behavior-3bedb4ed24eed7fc-m0,bandit,7.25,5.52462281164925
model_agnostic_replication_contextual_behavior-3bedb4ed24eed7fc-m1,bandit,9.0,5.528085824511608
model_agnostic_replication_contextual_behavior-3ccf563b5164e8ab-m0,bandit,5.375,6.390885594493749
model_agnostic_replication_contextual_behavior-3ccf563b5164e8ab-m1,bandit,8.75,6.3943486073561076
model_agnostic_replication_contextual_behavior-3d65829edd92d6c1-m0,bandit,6.625,3.4068350870038624
model_agnostic_replication_contextual_behavior-3d65829edd92d6c1-m1,bandit,6.375,3.4102980998662216
model_agnostic_replication_contextual_behavior-3d92d77b9de6f4e5-m0,debugging,-5.25,-4.442095875830249
model_agnostic_replication_contextual_behavior-3d92d77b9de6f4e5-m1,debugging,-4.125,-2.960248056404166
model_agnostic_replication_contextual_behavior-3dbe2368e57ac3d6-m0,bandit,-8.375,-7.192237520730636
model_agnostic_replication_contextual_behavior-3dbe2368e57ac3d6-m1,bandit,-5.875,-7.188774507868278
model_agnostic_replication_contextual_behavior-3dea2c61ed7e1a12-m0,debugging,1.8749999999999998,0.8584116494252116
model_agnostic_replication_contextual_behavior-3dea2c61ed7e1a12-m1,debugging,5.5,2.3402594688512943
model_agnostic_replication_contextual_behavior-3e07adda7d7ff898-m0,foraging,-3.75,-3.940684934308126
model_agnostic_replication_contextual_behavior-3e07adda7d7ff898-m1,foraging,-2.25,-3.5492026362282623
model_agnostic_replication_contextual_behavior-3ea7d65744e0db4d-m0,bandit,-8.625,-9.387172391879037
model_agnostic_replication_contextual_behavior-3ea7d65744e0db4d-m1,bandit,-6.875,-9.383709379016679
model_agnostic_replication_contextual_behavior-3f86684de28ee855-m0,debugging,-6.25,-5.915881986387916
model_agnostic_replication_contextual_behavior-3f86684de28ee855-m1,debugging,-4.75,-4.434034166961833
model_agnostic_replication_contextual_behavior-402a9935ddf190ef-m0,bandit,-2.75,2.1359794122719404
model_agnostic_replication_contextual_behavior-402a9935ddf190ef-m1,bandit,0.24999999999999992,2.1394424251342983
model_agnostic_replication_contextual_behavior-4036675b6f1e683b-m0,foraging,3.625,6.185936557637666
model_agnostic_replication_contextual_behavior-4036675b6f1e683b-m1,foraging,4.25,6.577418855717529
model_agnostic_replication_contextual_behavior-41aede8ec5c05fbd-m0,bandit,-5.75,-1.8540421629505373
model_agnostic_replication_contextual_behavior-41aede8ec5c05fbd-m1,bandit,-4.125,-1.850579150088179
model_agnostic_replication_contextual_behavior-4465021c84d5ae24-m0,foraging,-5.125,-3.485815107713994
model_agnostic_replication_contextual_behavior-4465021c84d5ae24-m1,foraging,-4.25,-3.0943328096341305
model_agnostic_replication_contextual_behavior-4554c21af3ad9eb3-m0,debugging,-0.8750000000000002,1.0098942637983264
model_agnostic_replication_contextual_behavior-4554c21af3ad9eb3-m1,debugging,2.75,2.491742083224409
model_agnostic_replication_contextual_behavior-467dba97ae25c636-m0,debugging,0.37499999999999994,1.7707534803142835
model_agnostic_replication_contextual_behavior-467dba97ae25c636-m1,debugging,0.625,3.252601299740366
model_agnostic_replication_contextual_behavior-475cafb4b4aa640d-m0,bandit,-4.125,-4.188011442854809
model_agnostic_replication_contextual_behavior-475cafb4b4aa640d-m1,bandit,-2.25,-4.18454842999245
model_agnostic_replication_contextual_behavior-4768e2dd5292c945-m0,debugging,0.7500000000000002,1.8901387506662504
model_agnostic_replication_contextual_behavior-4768e2dd5292c945-m1,debugging,2.875,3.371986570092333
model_agnostic_replication_contextual_behavior-49e95cc9708afca2-m0,bandit,1.625,2.1149385637442557
model_agnostic_replication_contextual_behavior-49e95cc9708afca2-m1,bandit,1.5000000000000002,2.1184015766066144
model_agnostic_replication_contextual_behavior-4c005713503f7bce-m0,bandit,-5.625,-5.731011266669149
model_agnostic_replication_contextual_behavior-4c005713503f7bce-m1,bandit,-4.125,-5.7275482538067894
model_agnostic_replication_contextual_behavior-4c308abf34406c0f-m0,foraging,-4.375,-0.3811541584954491
model_agnostic_replication_contextual_behavior-4c308abf34406c0f-m1,foraging,-4.125,0.010328139584414253
model_agnostic_replication_contextual_behavior-4c58f897b9794023-m0,debugging,-6.5,-5.764906842789968
model_agnostic_replication_contextual_behavior-4c58f897b9794023-m1,debugging,-5.25,-4.283059023363886
model_agnostic_replication_contextual_behavior-4c5da57e1b2b5cf9-m0,bandit,8.125,10.555484142483728
model_agnostic_replication_contextual_behavior-4c5da57e1b2b5cf9-m1,bandit,10.0,10.558947155346086
model_agnostic_replication_contextual_behavior-4c98db757c21f84a-m0,debugging,-4.5,-7.9560485554263165
model_agnostic_replication_contextual_behavior-4c98db757c21f84a-m1,debugging,-3.0,-6.474200736000234
model_agnostic_replication_contextual_behavior-4cf20fd572bcdede-m0,debugging,-2.875,-0.16200765383506832
model_agnostic_replication_contextual_behavior-4cf20fd572bcdede-m1,debugging,-0.5,1.3198401655910144
model_agnostic_replication_contextual_behavior-4d16e8c457667328-m0,debugging,-6.75,-6.9518059384258715
model_agnostic_replication_contextual_behavior-4d16e8c457667328-m1,debugging,-5.75,-5.469958118999789
model_agnostic_replication_contextual_behavior-5298bee11401c160-m0,debugging,6.125,4.262281209577343
model_agnostic_replication_contextual_behavior-5298bee11401c160-m1,debugging,7.875,5.7441290290034255
model_agnostic_replication_contextual_behavior-53577a9279886a71-m0,bandit,-3.125,-1.7380116584846181
model_agnostic_replication_contextual_behavior-53577a9279886a71-m1,bandit,0.37499999999999994,-1.7345486456222596
model_agnostic_replication_contextual_behavior-535e456da0b8f55b-m0,debugging,-2.25,-2.316920900286675
model_agnostic_replication_contextual_behavior-535e456da0b8f55b-m1,debugging,0.24999999999999992,-0.8350730808605924
model_agnostic_replication_contextual_behavior-53a9179708089345-m0,debugging,0.4765625000000001,-2.38802756394875
model_agnostic_replication_contextual_behavior-53a9179708089345-m1,debugging,-0.16406250000000003,-0.9061797445226671
model_agnostic_replication_contextual_behavior-53bae59927c3119e-m0,bandit,-8.25,-9.30887070434834
model_agnostic_replication_contextual_behavior-53bae59927c3119e-m1,bandit,-5.75,-9.305407691485982
model_agnostic_replication_contextual_behavior-550bfff48a8fa0a4-m0,foraging,-2.5,2.4374799106506257
model_agnostic_replication_contextual_behavior-550bfff48a8fa0a4-m1,foraging,1.125,2.8289622087304895
model_agnostic_replication_contextual_behavior-56a3ce12c59843cc-m0,bandit,-3.875,-1.8540421629505373
model_agnostic_replication_contextual_behavior-56a3ce12c59843cc-m1,bandit,-2.75,-1.850579150088179
model_agnostic_replication_contextual_behavior-57902065bb31bfa3-m0,debugging,5.25,0.34306512253885213
model_agnostic_replication_contextual_behavior-57902065bb31bfa3-m1,debugging,5.625,1.8249129419649348
model_agnostic_replication_contextual_behavior-595bccc1a0a3cff4-m0,foraging,3.75,7.892519078257367
model_agnostic_replication_contextual_behavior-595bccc1a0a3cff4-m1,foraging,4.5,8.28400137633723
model_agnostic_replication_contextual_behavior-59a9c966a20692ec-m0,debugging,6.25,6.4956314554891
model_agnostic_replication_contextual_behavior-59a9c966a20692ec-m1,debugging,7.25,7.977479274915183
model_agnostic_replication_contextual_behavior-59ce31750b89e02a-m0,foraging,-4.25,0.36977234716268004
model_agnostic_replication_contextual_behavior-59ce31750b89e02a-m1,foraging,-4.25,0.7612546452425436
model_agnostic_replication_contextual_behavior-5a83ab14c51cee19-m0,debugging,-3.625,-3.5817735699960993
model_agnostic_replication_contextual_behavior-5a83ab14c51cee19-m1,debugging,-2.875,-2.0999257505700166
model_agnostic_replication_contextual_behavior-5f36832aad18e3fe-m0,foraging,-2.5,-2.3895986868996943
model_agnostic_replication_contextual_behavior-5f36832aad18e3fe-m1,foraging,-2.5,-1.998116388819831
model_agnostic_replication_contextual_behavior-6082db3e121771a3-m0,debugging,-2.25,-0.34024811385362463
model_agnostic_replication_contextual_behavior-6082db3e121771a3-m1,debugging,0.24999999999999992,1.141599705572459
model_agnostic_replication_contextual_behavior-60832ad04054dd1b-m0,debugging,-5.25,-3.6282157855246697
model_agnostic_replication_contextual_behavior-60832ad04054dd1b-m1,debugging,-4.5,-2.146367966098587
model_agnostic_replication_contextual_behavior-60ad47e309314f3a-m0,foraging,-8.375,-9.580590996859069
model_agnostic_replication_contextual_behavior-60ad47e309314f3a-m1,foraging,-6.875,-9.189108698779206
model_agnostic_replication_contextual_behavior-60c0f4dd0d5a425b-m0,foraging,5.625,0.6941115668956125
model_agnostic_replication_contextual_behavior-60c0f4dd0d5a425b-m1,foraging,5.5,1.0855938649754764
model_agnostic_replication_contextual_behavior-61a85dcca5791c09-m0,debugging,6.625,3.075382113941439
model_agnostic_replication_contextual_behavior-61a85dcca5791c09-m1,debugging,7.875,4.5572299333675215
model_agnostic_replication_contextual_behavior-630e17b781f74c23-m0,foraging,3.75,1.719608498818296
model_agnostic_replication_contextual_behavior-630e17b781f74c23-m1,foraging,4.125,2.1110907968981594
model_agnostic_replication_contextual_behavior-63c6a3ea0d1dfdb9-m0,bandit,-7.375,-3.048433235204088
model_agnostic_replication_contextual_behavior-63c6a3ea0d1dfdb9-m1,bandit,-6.0,-3.0449702223417296
model_agnostic_replication_contextual_behavior-64278f007515b0ba-m0,foraging,-4.75,-1.6702776726134414
model_agnostic_replication_contextual_behavior-64278f007515b0ba-m1,foraging,-2.875,-1.2787953745335776
model_agnostic_replication_contextual_behavior-646c0041bb336a99-m0,foraging,0.0,3.1466281945772585
model_agnostic_replication_contextual_behavior-646c0041bb336a99-m1,foraging,-0.7500000000000001,3.5381104926571223
model_agnostic_replication_contextual_behavior-6476f9d188e281c7-m0,debugging,-6.75,-7.29136063748089
model_agnostic_replication_contextual_behavior-6476f9d188e281c7-m1,debugging,-5.375,-5.809512818054808
model_agnostic_replication_contextual_behavior-64c3b4b37c15d28f-m0,debugging,-5.875,-9.331513938673803
model_agnostic_replication_contextual_behavior-64c3b4b37c15d28f-m1,debugging,-5.375,-7.84966611924772
model_agnostic_replication_contextual_behavior-65848bda8649384b-m0,debugging,-4.5,-3.1225885941064186
model_agnostic_replication_contextual_behavior-65848bda8649384b-m1,debugging,-3.125,-1.640740774680336
model_agnostic_replication_contextual_behavior-68a40a4df7d76bf4-m0,foraging,-2.75,1.1788370340430414
model_agnostic_replication_contextual_behavior-68a40a4df7d76bf4-m1,foraging,0.24999999999999992,1.5703193321229052
model_agnostic_replication_contextual_behavior-68dae76b445ff4c5-m0,bandit,-7.125,-8.55768233881542
model_agnostic_replication_contextual_behavior-68dae76b445ff4c5-m1,bandit,-6.375,-8.554219325953062
model_agnostic_replication_contextual_behavior-6aad3bee13d6fbac-m0,foraging,5.375,3.7368350371939996
model_agnostic_replication_contextual_behavior-6aad3bee13d6fbac-m1,foraging,4.875,4.128317335273865
model_agnostic_replication_contextual_behavior-6b13cd9d64ee9544-m0,foraging,-6.125,-11.447033193114427
model_agnostic_replication_contextual_behavior-6b13cd9d64ee9544-m1,foraging,-4.75,-11.055550895034562
model_agnostic_replication_contextual_behavior-6b29b855daf12166-m0,debugging,0.125,-0.4712074187108508
model_agnostic_replication_contextual_behavior-6b29b855daf12166-m1,debugging,0.10937499999999996,1.0106404007152316
model_agnostic_replication_contextual_behavior-6bdf9551a9b04bae-m0,bandit,-9.3125,-10.354442835765825
model_agnostic_replication_contextual_behavior-6bdf9551a9b04bae-m1,bandit,-7.375,-10.350979822903465
model_agnostic_replication_contextual_behavior-6d4bec07216ab1f7-m0,bandit,-2.875,10.658184207189503
model_agnostic_replication_contextual_behavior-6d4bec07216ab1f7-m1,bandit,-3.5,10.661647220051861
model_agnostic_replication_contextual_behavior-6d70350a9e132c60-m0,debugging,-1.625,3.120354252260711
model_agnostic_replication_contextual_behavior-6d70350a9e132c60-m1,debugging,2.125,4.6022020716867935
model_agnostic_replication_contextual_behavior-6e46e59b50e3be30-m0,debugging,-4.75,-1.1299545491168068
model_agnostic_replication_contextual_behavior-6e46e59b50e3be30-m1,debugging,-3.75,0.3518932703092754
model_agnostic_replication_contextual_behavior-70a39723d6e1c0a0-m0,bandit,-5.0,-4.381853904406531
model_agnostic_replication_contextual_behavior-70a39723d6e1c0a0-m1,bandit,-2.625,-4.378390891544172
model_agnostic_replication_contextual_behavior-71551b2ac6405a75-m0,bandit,-1.875,-1.1355406669206298
model_agnostic_replication_contextual_behavior-71551b2ac6405a75-m1,bandit,1.625,-1.1320776540582709
model_agnostic_replication_contextual_behavior-717e2679ba09d8e8-m0,bandit,-1.625,2.7186122285268377
model_agnostic_replication_contextual_behavior-717e2679ba09d8e8-m1,bandit,1.8749999999999998,2.722075241389196
model_agnostic_replication_contextual_behavior-719bbe39012d1e85-m0,bandit,-4.75,-1.3453213165315172
model_agnostic_replication_contextual_behavior-719bbe39012d1e85-m1,bandit,-2.75,-1.3418583036691587
model_agnostic_replication_contextual_behavior-71a7a71063fe2689-m0,foraging,-3.5,-2.917575482660943
model_agnostic_replication_contextual_behavior-71a7a71063fe2689-m1,foraging,-4.125,-2.5260931845810792
model_agnostic_replication_contextual_behavior-72b04b1f4302c49a-m0,debugging,8.25,5.044428751472278
model_agnostic_replication_contextual_behavior-72b04b1f4302c49a-m1,debugging,8.875,6.526276570898361
model_agnostic_replication_contextual_behavior-735615446b3edf33-m0,bandit,-1.375,4.913547099675239
model_agnostic_replication_contextual_behavior-735615446b3edf33-m1,bandit,3.0,4.917010112537597
model_agnostic_replication_contextual_behavior-7358c860c4d99faa-m0,foraging,-3.5,-3.739327859893143
model_agnostic_replication_contextual_behavior-7358c860c4d99faa-m1,foraging,-3.0,-3.3478455618132803
model_agnostic_replication_contextual_behavior-74007db54a0a064b-m0,debugging,-4.125,-3.376374852402853
model_agnostic_replication_contextual_behavior-74007db54a0a064b-m1,debugging,-4.125,-1.8945270329767703
model_agnostic_replication_contextual_behavior-74a9c1dcfe9f58d5-m0,debugging,-1.375,-0.9667785226347244
model_agnostic_replication_contextual_behavior-74a9c1dcfe9f58d5-m1,debugging,1.625,0.5150692967913582
model_agnostic_replication_contextual_behavior-7611406682cafbfb-m0,foraging,-2.5,4.419514083295859
model_agnostic_replication_contextual_behavior-7611406682cafbfb-m1,foraging,-1.875,4.810996381375722
model_agnostic_replication_contextual_behavior-761c7220a9b2d9a6-m0,bandit,1.8749999999999998,-1.8750830114782209
model_agnostic_replication_contextual_behavior-761c7220a9b2d9a6-m1,bandit,0.24999999999999992,-1.8716199986158621
model_agnostic_replication_contextual_behavior-763280f5b79962ec-m0,debugging,-2.5,-1.6732231213227142
model_agnostic_replication_contextual_behavior-763280f5b79962ec-m1,debugging,0.7500000000000002,-0.19137530189663154
model_agnostic_replication_contextual_behavior-785a121344e44f05-m0,bandit,-5.125,-0.3918323291840533
model_agnostic_replication_contextual_behavior-785a121344e44f05-m1,bandit,-2.5,-0.38836931632169436
model_agnostic_replication_contextual_behavior-789f23b28b178bde-m0,debugging,3.5,0.1867802674729404
model_agnostic_replication_contextual_behavior-789f23b28b178bde-m1,debugging,4.375,1.668628086899023
model_agnostic_replication_contextual_behavior-7d642cd448ae7c67-m0,debugging,-6.0,-4.266351942584372
model_agnostic_replication_contextual_behavior-7d642cd448ae7c67-m1,debugging,-4.5,-2.784504123158288
model_agnostic_replication_contextual_behavior-7d95a7eae4fbb693-m0,debugging,-7.75,-8.786110458630922
model_agnostic_replication_contextual_behavior-7d95a7eae4fbb693-m1,debugging,-6.25,-7.30426263920484
model_agnostic_replication_contextual_behavior-83b519b28056aaf0-m0,foraging,-2.375,-0.8360239850895831
model_agnostic_replication_contextual_behavior-83b519b28056aaf0-m1,foraging,-2.25,-0.44454168700971974
model_agnostic_replication_contextual_behavior-882530778f68a640-m0,debugging,5.25,4.498607050324125
model_agnostic_replication_contextual_behavior-882530778f68a640-m1,debugging,6.5,5.980454869750208
model_agnostic_replication_contextual_behavior-88a3e5071d7682e5-m0,bandit,6.625,6.137188188960939
model_agnostic_replication_contextual_behavior-88a3e5071d7682e5-m1,bandit,7.125,6.1406512018232995
model_agnostic_replication_contextual_behavior-89bc6fd7bb1ad9bd-m0,foraging,-2.375,3.705970971896233
model_agnostic_replication_contextual_behavior-89bc6fd7bb1ad9bd-m1,foraging,-0.8750000000000002,4.097453269976097
model_agnostic_replication_contextual_behavior-89bd184759f6e2cd-m0,foraging,-3.625,1.9013394726135964
model_agnostic_replication_contextual_behavior-89bd184759f6e2cd-m1,foraging,-1.375,2.29282177069346
model_agnostic_replication_contextual_behavior-8a157011ee4ffc43-m0,debugging,0.08593749999999996,0.8789349589410997
model_agnostic_replication_contextual_behavior-8a157011ee4ffc43-m1,debugging,0.04687500000000005,2.360782778367182
model_agnostic_replication_contextual_behavior-8b486568b6c7a03a-m0,bandit,-5.375,-1.5063801535200678
model_agnostic_replication_contextual_behavior-8b486568b6c7a03a-m1,bandit,-4.25,-1.5029171406577089
model_agnostic_replication_contextual_behavior-8ce6b6ebfe154e3f-m0,bandit,7.375,8.185972298567826
model_agnostic_replication_contextual_behavior-8ce6b6ebfe154e3f-m1,bandit,9.5,8.189435311430184
model_agnostic_replication_contextual_behavior-8e0b3b44f47e7587-m0,debugging,3.625,2.9101762986391986
model_agnostic_replication_contextual_behavior-8e0b3b44f47e7587-m1,debugging,5.375,4.392024118065281
model_agnostic_replication_contextual_behavior-8e74f378468881e4-m0,foraging,-6.5,-5.2569612581298895
model_agnostic_replication_contextual_behavior-8e74f378468881e4-m1,foraging,-4.0,-4.865478960050027
model_agnostic_replication_contextual_behavior-8fbebd1d99031e9d-m0,bandit,-6.0,1.4025267262732939
model_agnostic_replication_contextual_behavior-8fbebd1d99031e9d-m1,bandit,-4.5,1.4059897391356528
model_agnostic_replication_contextual_behavior-9024a3446801a4be-m0,bandit,-3.25,3.566165097156082
model_agnostic_replication_contextual_behavior-9024a3446801a4be-m1,bandit,0.5,3.5696281100184404
model_agnostic_replication_contextual_behavior-9089e52c17de2ce5-m0,debugging,-4.375,-1.9050544025423952
model_agnostic_replication_contextual_behavior-9089e52c17de2ce5-m1,debugging,-3.375,-0.42320658311631254
model_agnostic_replication_contextual_behavior-92f7ec16dab4c725-m0,bandit,-4.375,6.668162631967025
model_agnostic_replication_contextual_behavior-92f7ec16dab4c725-m1,bandit,-4.375,6.671625644829383
model_agnostic_replication_contextual_behavior-930baf82147fd9f0-m0,debugging,-3.5,-3.086480115944799
model_agnostic_replication_contextual_behavior-930baf82147fd9f0-m1,debugging,-3.25,-1.6046322965187163
model_agnostic_replication_contextual_behavior-93ce94bf53ca8c39-m0,foraging,-5.25,-4.037079667261831
model_agnostic_replication_contextual_behavior-93ce94bf53ca8c39-m1,foraging,-2.5,-3.6455973691819685
model_agnostic_replication_contextual_behavior-93f1e071efbc212e-m0,foraging,2.125,1.0907478603779723
model_agnostic_replication_contextual_behavior-93f1e071efbc212e-m1,foraging,3.0,1.4822301584578361
model_agnostic_replication_contextual_behavior-94e1f0824afcef8d-m0,bandit,5.25,-0.49092827917818016
model_agnostic_replication_contextual_behavior-94e1f0824afcef8d-m1,bandit,5.75,-0.48746526631582143
model_agnostic_replication_contextual_behavior-958a13b92f2e9d8b-m0,foraging,-1.7499999999999998,4.283497983261585
model_agnostic_replication_contextual_behavior-958a13b92f2e9d8b-m1,foraging,1.8749999999999998,4.674980281341449
model_agnostic_replication_contextual_behavior-95b641b906f137c5-m0,bandit,3.25,1.2115628207786109
model_agnostic_replication_contextual_behavior-95b641b906f137c5-m1,bandit,3.875,1.2150258336409696
model_agnostic_replication_contextual_behavior-9ae344551c8c8645-m0,bandit,6.75,13.83660332984885
model_agnostic_replication_contextual_behavior-9ae344551c8c8645-m1,bandit,9.625,13.840066342711209
model_agnostic_replication_contextual_behavior-9b2db488290b6f06-m0,debugging,3.375,1.536922645124891
model_agnostic_replication_contextual_behavior-9b2db488290b6f06-m1,debugging,3.75,3.0187704645509736
model_agnostic_replication_contextual_behavior-9b40c04de6bc0b21-m0,debugging,-3.625,-4.931915947648049
model_agnostic_replication_contextual_behavior-9b40c04de6bc0b21-m1,debugging,-3.0,-3.4500681282219667
model_agnostic_replication_contextual_behavior-9d8c8973dea67ebe-m0,foraging,-2.375,1.712990194656062
model_agnostic_replication_contextual_behavior-9d8c8973dea67ebe-m1,foraging,0.5,2.1044724927359253
model_agnostic_replication_contextual_behavior-9e73ff3ba9bb834e-m0,debugging,-1.875,0.48197652750802655
model_agnostic_replication_contextual_behavior-9e73ff3ba9bb834e-m1,debugging,2.25,1.9638243469341083
model_agnostic_replication_contextual_behavior-9e8ea3bf61e054ca-m0,bandit,-1.625,-0.40183204983371373
model_agnostic_replication_contextual_behavior-9e8ea3bf61e054ca-m1,bandit,1.75,-0.39836903697135495
model_agnostic_replication_contextual_behavior-9f974b93fbf5a2ed-m0,foraging,-2.5,-1.7497800204794745
model_agnostic_replication_contextual_behavior-9f974b93fbf5a2ed-m1,foraging,-0.12500000000000006,-1.358297722399611
model_agnostic_replication_contextual_behavior-a01d02fa2544bdde-m0,foraging,-2.5,-0.9915202583008504
model_agnostic_replication_contextual_behavior-a01d02fa2544bdde-m1,foraging,-2.0,-0.6000379602209872
model_agnostic_replication_contextual_behavior-a0d374aa828419bb-m0,foraging,-4.375,-0.9324187180432876
model_agnostic_replication_contextual_behavior-a0d374aa828419bb-m1,foraging,-2.5,-0.5409364199634242
model_agnostic_replication_contextual_behavior-a1674a0d45fdc93c-m0,bandit,-5.625,0.2887065505540094
model_agnostic_replication_contextual_behavior-a1674a0d45fdc93c-m1,bandit,-5.0,0.29216956341636857
model_agnostic_replication_contextual_behavior-a167a9aeb55fd73c-m0,bandit,-7.875,-4.567660763592944
model_agnostic_replication_contextual_behavior-a167a9aeb55fd73c-m1,bandit,-6.875,-4.564197750730585
model_agnostic_replication_contextual_behavior-a175a3131d5ec1e6-m0,foraging,-5.125,-3.190899268115872
model_agnostic_replication_contextual_behavior-a175a3131d5ec1e6-m1,foraging,-4.625,-2.7994169700360088
model_agnostic_replication_contextual_behavior-a1c18d5d4bc8db88-m0,bandit,-0.37499999999999994,3.4990932960442978
model_agnostic_replication_contextual_behavior-a1c18d5d4bc8db88-m1,bandit,4.125,3.502556308906657
model_agnostic_replication_contextual_behavior-a243f9d55e5307a4-m0,bandit,-2.125,5.357553359228749
model_agnostic_replication_contextual_behavior-a243f9d55e5307a4-m1,bandit,-0.12500000000000006,5.361016372091108
model_agnostic_replication_contextual_behavior-a258cd550018437b-m0,bandit,-8.375,-9.7259426887804
model_agnostic_replication_contextual_behavior-a258cd550018437b-m1,bandit,-6.875,-9.72247967591804
model_agnostic_replication_contextual_behavior-a400f769b01fcae2-m0,debugging,4.5,5.685506145960028
model_agnostic_replication_contextual_behavior-a400f769b01fcae2-m1,debugging,6.5,7.167353965386111
model_agnostic_replication_contextual_behavior-a4c63f0e03403d3f-m0,bandit,-7.0,-7.294467957870071
model_agnostic_replication_contextual_behavior-a4c63f0e03403d3f-m1,bandit,-5.125,-7.291004945007712
model_agnostic_replication_contextual_behavior-a4fabcd7d1f7abe0-m0,bandit,9.25,16.031538200997254
model_agnostic_replication_contextual_behavior-a4fabcd7d1f7abe0-m1,bandit,11.8125,16.035001213859612
model_agnostic_replication_contextual_behavior-a86511be5a45787d-m0,debugging,-5.125,-9.667712014628977
model_agnostic_replication_contextual_behavior-a86511be5a45787d-m1,debugging,-4.75,-8.185864195202894
model_agnostic_replication_contextual_behavior-a9cbf4cb092cc936-m0,debugging,0.34375000000000006,0.19872277966999352
model_agnostic_replication_contextual_behavior-a9cbf4cb092cc936-m1,debugging,0.18749999999999997,1.6805705990960762
model_agnostic_replication_contextual_behavior-ab25c2db1ed2fbd5-m0,bandit,-6.625,-5.499381253795995
model_agnostic_replication_contextual_behavior-ab25c2db1ed2fbd5-m1,bandit,-4.5,-5.495918240933637
model_agnostic_replication_contextual_behavior-ac0cf4293bb093f6-m0,bandit,10.5625,10.4416398909414
model_agnostic_replication_contextual_behavior-ac0cf4293bb093f6-m1,bandit,10.875,10.445102903803757
model_agnostic_replication_contextual_behavior-ac5884bc17ebdade-m0,bandit,-4.0,-1.9930765717064065
model_agnostic_replication_contextual_behavior-ac5884bc17ebdade-m1,bandit,-1.125,-1.9896135588440478
model_agnostic_replication_contextual_behavior-aec4bc5a1a3e3516-m0,debugging,4.25,5.4472177719270505
model_agnostic_replication_contextual_behavior-aec4bc5a1a3e3516-m1,debugging,6.0,6.929065591353133
model_agnostic_replication_contextual_behavior-b03e3e801c0d1dfb-m0,debugging,-5.625,-8.1446148430379
model_agnostic_replication_contextual_behavior-b03e3e801c0d1dfb-m1,debugging,-5.0,-6.662767023611817
model_agnostic_replication_contextual_behavior-b073c5f4f72c8e9b-m0,foraging,-3.375,1.3148531340773135
model_agnostic_replication_contextual_behavior-b073c5f4f72c8e9b-m1,foraging,0.125,1.7063354321571769
model_agnostic_replication_contextual_behavior-b0a71b2a55d20644-m0,foraging,2.5,-1.6240554292915852
model_agnostic_replication_contextual_behavior-b0a71b2a55d20644-m1,foraging,2.125,-1.2325731312117219
model_agnostic_replication_contextual_behavior-b4b235ee3232c772-m0,debugging,0.625,-2.9084590039673994
model_agnostic_replication_contextual_behavior-b4b235ee3232c772-m1,debugging,2.875,-1.4266111845413172
model_agnostic_replication_contextual_behavior-b4bff01305d9d874-m0,debugging,-0.25,2.3315337522691957
model_agnostic_replication_contextual_behavior-b4bff01305d9d874-m1,debugging,2.125,3.8133815716952784
model_agnostic_replication_contextual_behavior-b5168dc01dec3d41-m0,bandit,6.125,4.342101484886862
model_agnostic_replication_contextual_behavior-b5168dc01dec3d41-m1,bandit,7.25,4.345564497749221
model_agnostic_replication_contextual_behavior-b52779f55d4eef4b-m0,debugging,1.75,-1.5583166263154493
model_agnostic_replication_contextual_behavior-b52779f55d4eef4b-m1,debugging,4.25,-0.07646880688936686
model_agnostic_replication_contextual_behavior-b5a5dde4f1b4ed7a-m0,debugging,-0.6249999999999999,-1.3518144186835563
model_agnostic_replication_contextual_behavior-b5a5dde4f1b4ed7a-m1,debugging,0.0,0.13003340074252634
model_agnostic_replication_contextual_behavior-b752b297e09124cf-m0,foraging,-4.25,-3.0948905432203784
model_agnostic_replication_contextual_behavior-b752b297e09124cf-m1,foraging,-2.625,-2.7034082451405146
model_agnostic_replication_contextual_behavior-b8dcdbc711ce48bb-m0,debugging,1.0,-0.5494386426569464
model_agnostic_replication_contextual_behavior-b8dcdbc711ce48bb-m1,debugging,0.625,0.932409176769136
model_agnostic_replication_contextual_behavior-babe698253061141-m0,foraging,-3.125,0.006407674036361888
model_agnostic_replication_contextual_behavior-babe698253061141-m1,foraging,0.7500000000000002,0.3978899721162251
model_agnostic_replication_contextual_behavior-bb4376c1204a4efa-m0,bandit,-4.5,-2.5867672003324547
model_agnostic_replication_contextual_behavior-bb4376c1204a4efa-m1,bandit,-3.25,-2.583304187470096
model_agnostic_replication_contextual_behavior-bb5deb4b812d43fa-m0,bandit,-8.875,-11.9208775599288
model_agnostic_replication_contextual_behavior-bb5deb4b812d43fa-m1,bandit,-7.625,-11.917414547066441
model_agnostic_replication_contextual_behavior-bdd8fd724268b8a5-m0,bandit,-1.625,-0.12952663476106485
model_agnostic_replication_contextual_behavior-bdd8fd724268b8a5-m1,bandit,0.24999999999999992,-0.12606362189870612
model_agnostic_replication_contextual_behavior-bebd3188861651b2-m0,debugging,-6.375,-6.21671499512566
model_agnostic_replication_contextual_behavior-bebd3188861651b2-m1,debugging,-4.875,-4.734867175699577
model_agnostic_replication_contextual_behavior-bee496043c24d90b-m0,foraging,-2.5,0.18031585521889737
model_agnostic_replication_contextual_behavior-bee496043c24d90b-m1,foraging,-1.125,0.5717981532987607
model_agnostic_replication_contextual_behavior-bf0681eacca0e31c-m0,debugging,-1.5,3.518432847905099
model_agnostic_replication_contextual_behavior-bf0681eacca0e31c-m1,debugging,1.8749999999999998,5.0002806673311815
model_agnostic_replication_contextual_behavior-bf36bbd360d6535f-m0,debugging,-2.125,-2.0686486501297496
model_agnostic_replication_contextual_behavior-bf36bbd360d6535f-m1,debugging,-1.25,-0.5868008307036672
model_agnostic_replication_contextual_behavior-c0084d44a28896c1-m0,foraging,-2.125,5.006000421832141
model_agnostic_replication_contextual_behavior-c0084d44a28896c1-m1,foraging,-0.25,5.397482719912004
model_agnostic_replication_contextual_behavior-c01ea1e228c6f42d-m0,debugging,-4.375,-2.4800969267687574
model_agnostic_replication_contextual_behavior-c01ea1e228c6f42d-m1,debugging,-4.0,-0.9982491073426747
model_agnostic_replication_contextual_behavior-c2979408d06f274c-m0,foraging,-3.125,4.144062431270326
model_agnostic_replication_contextual_behavior-c2979408d06f274c-m1,foraging,0.0,4.535544729350191
model_agnostic_replication_contextual_behavior-c4e34a04c5bf6d0d-m0,foraging,-6.25,-1.743504292832084
model_agnostic_replication_contextual_behavior-c4e34a04c5bf6d0d-m1,foraging,-4.375,-1.3520219947522203
model_agnostic_replication_contextual_behavior-c509889dc0abb847-m0,foraging,3.25,1.1286898483830017
model_agnostic_replication_contextual_behavior-c509889dc0abb847-m1,foraging,3.75,1.5201721464628646
model_agnostic_replication_contextual_behavior-c537c8e5d34a892f-m0,debugging,7.875,7.581470224760132
model_agnostic_replication_contextual_behavior-c537c8e5d34a892f-m1,debugging,8.625,9.063318044186214
model_agnostic_replication_contextual_behavior-c594d80a695c5284-m0,bandit,-8.125,-12.507232742255608
model_agnostic_replication_contextual_behavior-c594d80a695c5284-m1,bandit,-6.875,-12.503769729393248
model_agnostic_replication_contextual_behavior-c6427efc4c38c895-m0,foraging,-0.37499999999999994,4.472196624064921
model_agnostic_replication_contextual_behavior-c6427efc4c38c895-m1,foraging,2.0,4.863678922144786
model_agnostic_replication_contextual_behavior-ccc07e77bc0b304f-m0,bandit,-2.75,-2.1261863120329574
model_agnostic_replication_contextual_behavior-ccc07e77bc0b304f-m1,bandit,-4.375,-2.122723299170598
model_agnostic_replication_contextual_behavior-ce8c28bf08b47de6-m0,bandit,-2.5,-0.8240885731247007
model_agnostic_replication_contextual_behavior-ce8c28bf08b47de6-m1,bandit,-1.7499999999999998,-0.820625560262342
model_agnostic_replication_contextual_behavior-cecf591daa50fe6b-m0,debugging,-6.375,-5.453251038220275
model_agnostic_replication_contextual_behavior-cecf591daa50fe6b-m1,debugging,-5.0,-3.971403218794192
model_agnostic_replication_contextual_behavior-cf7591f432a28996-m0,bandit,-6.875,-4.933827723604724
model_agnostic_replication_contextual_behavior-cf7591f432a28996-m1,bandit,-6.5,-4.9303647107423645
model_agnostic_replication_contextual_behavior-cf938f657aea4217-m0,bandit,6.0,1.6117483829297852
model_agnostic_replication_contextual_behavior-cf938f657aea4217-m1,bandit,7.75,1.6152113957921443
model_agnostic_replication_contextual_behavior-d02465dba04b17df-m0,debugging,-5.5,-6.593412670506843
model_agnostic_replication_contextual_behavior-d02465dba04b17df-m1,debugging,-4.5,-5.11156485108076
model_agnostic_replication_contextual_behavior-d08e90764fcd7941-m0,debugging,-1.25,-0.6469027226216038
model_agnostic_replication_contextual_behavior-d08e90764fcd7941-m1,debugging,1.5000000000000002,0.8349450968044789
model_agnostic_replication_contextual_behavior-d09c29aed88217ad-m0,bandit,-8.5,-4.948398403974907
model_agnostic_replication_contextual_behavior-d09c29aed88217ad-m1,bandit,-7.25,-4.944935391112549
model_agnostic_replication_contextual_behavior-d45cf736e7c26b6b-m0,debugging,-3.5,-2.1395510519810905
model_agnostic_replication_contextual_behavior-d45cf736e7c26b6b-m1,debugging,-3.125,-0.6577032325550083
model_agnostic_replication_contextual_behavior-d582a849cbd5b32f-m0,foraging,-5.5,-2.7348886020558645
model_agnostic_replication_contextual_behavior-d582a849cbd5b32f-m1,foraging,-3.875,-2.343406303976001
model_agnostic_replication_contextual_behavior-d5cd9f28c330783e-m0,bandit,-5.5,-0.058955458876461364
model_agnostic_replication_contextual_behavior-d5cd9f28c330783e-m1,bandit,-3.875,-0.05549244601410308
model_agnostic_replication_contextual_behavior-d72fe28bac605d80-m0,bandit,-3.75,-4.381853904406531
model_agnostic_replication_contextual_behavior-d72fe28bac605d80-m1,bandit,-2.25,-4.378390891544172
model_agnostic_replication_contextual_behavior-d75d97e566ebec90-m0,foraging,-6.875,-4.848165242050628
model_agnostic_replication_contextual_behavior-d75d97e566ebec90-m1,foraging,-4.625,-4.4566829439707645
model_agnostic_replication_contextual_behavior-d8f307639915e1f0-m0,foraging,4.375,2.0921899954944556
model_agnostic_replication_contextual_behavior-d8f307639915e1f0-m1,foraging,4.375,2.4836722935743194
model_agnostic_replication_contextual_behavior-d93bb2122a40c06a-m0,bandit,-5.875,-7.92594613781755
model_agnostic_replication_contextual_behavior-d93bb2122a40c06a-m1,bandit,-4.375,-7.922483124955191
model_agnostic_replication_contextual_behavior-d93c312a9d96584c-m0,foraging,-1.625,-3.3760876468640824
model_agnostic_replication_contextual_behavior-d93c312a9d96584c-m1,foraging,-2.375,-2.984605348784219
model_agnostic_replication_contextual_behavior-d9438cf8fff1d0b5-m0,bandit,4.625,4.994117996209502
model_agnostic_replication_contextual_behavior-d9438cf8fff1d0b5-m1,bandit,7.0,4.99758100907186
model_agnostic_replication_contextual_behavior-d9559e5aa4dc4c81-m0,bandit,10.25,12.636574762089802
model_agnostic_replication_contextual_behavior-d9559e5aa4dc4c81-m1,bandit,10.875,12.64003777495216
model_agnostic_replication_contextual_behavior-db9c634627803d8e-m0,debugging,-6.125,-8.45292345967577
model_agnostic_replication_contextual_behavior-db9c634627803d8e-m1,debugging,-4.75,-6.971075640249688
model_agnostic_replication_contextual_behavior-dcb39551ab53167b-m0,bandit,2.5,1.0593942042277713
model_agnostic_replication_contextual_behavior-dcb39551ab53167b-m1,bandit,3.75,1.0628572170901303
model_agnostic_replication_contextual_behavior-dd98cb9d7ee2367c-m0,foraging,-7.625,-8.124764295440988
model_agnostic_replication_contextual_behavior-dd98cb9d7ee2367c-m1,foraging,-5.375,-7.733281997361125
model_agnostic_replication_contextual_behavior-de2bc1e1f578fce5-m0,foraging,-6.25,-5.631316839959277
model_agnostic_replication_contextual_behavior-de2bc1e1f578fce5-m1,foraging,-3.625,-5.239834541879413
model_agnostic_replication_contextual_behavior-dfbb707d1c0809f3-m0,bandit,-2.5,6.654174868621737
model_agnostic_replication_contextual_behavior-dfbb707d1c0809f3-m1,bandit,-1.5,6.657637881484095
model_agnostic_replication_contextual_behavior-e0b02849ca01eedd-m0,bandit,6.125,1.8638352631895214
model_agnostic_replication_contextual_behavior-e0b02849ca01eedd-m1,bandit,7.375,1.8672982760518804
model_agnostic_replication_contextual_behavior-e1f394d5137ab593-m0,bandit,3.625,5.316631320762008
model_agnostic_replication_contextual_behavior-e1f394d5137ab593-m1,bandit,6.375,5.3200943336243665
model_agnostic_replication_contextual_behavior-e2766d3560ddb62f-m0,foraging,-6.5,-6.418181774821287
model_agnostic_replication_contextual_behavior-e2766d3560ddb62f-m1,foraging,-4.5,-6.026699476741424
model_agnostic_replication_contextual_behavior-e3fe2399ad9921fc-m0,bandit,-0.7500000000000001,2.6641532933992584
model_agnostic_replication_contextual_behavior-e3fe2399ad9921fc-m1,bandit,1.0,2.6676163062616176
model_agnostic_replication_contextual_behavior-e4d760395acd9b10-m0,foraging,2.125,3.1176869274171404
model_agnostic_replication_contextual_behavior-e4d760395acd9b10-m1,foraging,1.8749999999999998,3.5091692254970037
model_agnostic_replication_contextual_behavior-e58b15f069847c0d-m0,bandit,-8.75,-6.306164055127705
model_agnostic_replication_contextual_behavior-e58b15f069847c0d-m1,bandit,-6.0,-6.302701042265346
model_agnostic_replication_contextual_behavior-e6cd88e1fb04f123-m0,debugging,-4.875,-9.142947651062219
model_agnostic_replication_contextual_behavior-e6cd88e1fb04f123-m1,debugging,-3.625,-7.661099831636137
model_agnostic_replication_contextual_behavior-e7157a3dffea1983-m0,bandit,-4.5,0.44976538754255957
model_agnostic_replication_contextual_behavior-e7157a3dffea1983-m1,bandit,-3.375,0.4532284004049183
model_agnostic_replication_contextual_behavior-e7468f1f07d54582-m0,foraging,-2.625,2.0654790561818768
model_agnostic_replication_contextual_behavior-e7468f1f07d54582-m1,foraging,-0.12500000000000006,2.45696135426174
model_agnostic_replication_contextual_behavior-e77b56185629a13b-m0,debugging,2.25,2.0453107450611143
model_agnostic_replication_contextual_behavior-e77b56185629a13b-m1,debugging,6.625,3.5271585644871974
model_agnostic_replication_contextual_behavior-e78b6f2777a62818-m0,bandit,-3.25,7.152640063302826
model_agnostic_replication_contextual_behavior-e78b6f2777a62818-m1,bandit,-2.375,7.156103076165186
model_agnostic_replication_contextual_behavior-eaaacc007c8e3f23-m0,bandit,-8.0,-1.2533465311300116
model_agnostic_replication_contextual_behavior-eaaacc007c8e3f23-m1,bandit,-6.5,-1.2498835182676524
model_agnostic_replication_contextual_behavior-eb6f24b20bfb76e6-m0,foraging,3.75,2.797330380997672
model_agnostic_replication_contextual_behavior-eb6f24b20bfb76e6-m1,foraging,4.375,3.188812679077536
model_agnostic_replication_contextual_behavior-ec2c68ae395dec72-m0,foraging,-0.6249999999999999,-0.2714266976455403
model_agnostic_replication_contextual_behavior-ec2c68ae395dec72-m1,foraging,-2.875,0.12005560043432306
model_agnostic_replication_contextual_behavior-ece13e3d4b2bb287-m0,bandit,-8.875,-8.501098926276107
model_agnostic_replication_contextual_behavior-ece13e3d4b2bb287-m1,bandit,-6.75,-8.497635913413749
model_agnostic_replication_contextual_behavior-edaec4a83f8436b4-m0,bandit,-9.3125,-12.149529539839902
model_agnostic_replication_contextual_behavior-edaec4a83f8436b4-m1,bandit,-7.375,-12.146066526977542
model_agnostic_replication_contextual_behavior-ee4b2cfb96355bfd-m0,foraging,-0.5,1.4755433838607286
model_agnostic_replication_contextual_behavior-ee4b2cfb96355bfd-m1,foraging,0.8750000000000001,1.867025681940592
model_agnostic_replication_contextual_behavior-ef00974a41948441-m0,foraging,-1.7499999999999998,-0.22900999217005846
model_agnostic_replication_contextual_behavior-ef00974a41948441-m1,foraging,2.875,0.1624723059098051
model_agnostic_replication_contextual_behavior-eff6c3617ba0cc48-m0,bandit,-8.875,-5.318849129125865
model_agnostic_replication_contextual_behavior-eff6c3617ba0cc48-m1,bandit,-5.625,-5.315386116263506
model_agnostic_replication_contextual_behavior-f0858a570bb183c1-m0,debugging,-2.25,0.24624203587329507
model_agnostic_replication_contextual_behavior-f0858a570bb183c1-m1,debugging,-0.8750000000000002,1.7280898552993778
model_agnostic_replication_contextual_behavior-f1ca1de8cd449e76-m0,bandit,8.125,8.760397438409651
model_agnostic_replication_contextual_behavior-f1ca1de8cd449e76-m1,bandit,10.125,8.76386045127201
model_agnostic_replication_contextual_behavior-f4e0510fd9a9be2c-m0,debugging,0.7500000000000002,4.4704966299126605
model_agnostic_replication_contextual_behavior-f4e0510fd9a9be2c-m1,debugging,4.0,5.952344449338743
model_agnostic_replication_contextual_behavior-f63c99a5c4384a2d-m0,debugging,-4.875,-8.480812918993074
model_agnostic_replication_contextual_behavior-f63c99a5c4384a2d-m1,debugging,-4.75,-6.99896509956699
model_agnostic_replication_contextual_behavior-f789615c6783c65d-m0,foraging,-3.5,0.6013100226776896
model_agnostic_replication_contextual_behavior-f789615c6783c65d-m1,foraging,-1.625,0.9927923207575534
model_agnostic_replication_contextual_behavior-f9d165eb275beeb6-m0,debugging,-7.75,-6.249068985343067
model_agnostic_replication_contextual_behavior-f9d165eb275beeb6-m1,debugging,-6.5,-4.767221165916984
model_agnostic_replication_contextual_behavior-fbf3c9e556af3a38-m0,debugging,5.875,5.1454890778371505
model_agnostic_replication_contextual_behavior-fbf3c9e556af3a38-m1,debugging,7.125,6.627336897263233
model_agnostic_replication_contextual_behavior-fd26b8f9ccd00495-m0,bandit,4.0,7.189052867357903
model_agnostic_replication_contextual_behavior-fd26b8f9ccd00495-m1,bandit,6.375,7.192515880220261
model_agnostic_replication_contextual_behavior-fe698cbf58ad7be5-m0,foraging,-3.75,0.03630484800625944
model_agnostic_replication_contextual_behavior-fe698cbf58ad7be5-m1,foraging,-2.25,0.4277871460861232
model_agnostic_replication_contextual_behavior-ff5326be867651cb-m0,bandit,-6.375,-0.7924081448751074
model_agnostic_replication_contextual_behavior-ff5326be867651cb-m1,bandit,-5.125,-0.7889451320127487
model_agnostic_replication_contextual_behavior-ffdaa3f8226212bc-m0,foraging,2.375,0.07746495526188457
model_agnostic_replication_contextual_behavior-ffdaa3f8226212bc-m1,foraging,2.75,0.468947253341748
