layer,target_variable,theory,pair_split,global_cfr,correlation,slope,intercept,rmse,sign_accuracy,examples,thresholded_cfr_threshold,thresholded_cfr_retained,thresholded_cfr_fraction_retained,thresholded_cfr_median,thresholded_cfr_q25,thresholded_cfr_q75
0,contextual_outcome_history,dual_history,mech_pair_test,,,0.0,-0.006944444444444442,0.05103103630798288,0.8333333333333334,18,0.1,0,0.0,,,
0,contextual_outcome_history,dual_history,mech_pair_train,,,0.0,-0.006944444444444442,0.05103103630798288,0.8333333333333334,18,0.1,0,0.0,,,
0,contextual_outcome_history,dual_history,mech_pair_validation,,,0.0,-0.0069444444444444415,0.08838834764831845,0.5,18,0.1,0,0.0,,,
0,contextual_outcome_history,dual_history,mech_task_holdout,0.05388691176677651,0.427644672533064,0.0686930549155315,-0.032149950895479194,0.6810435368643474,0.16666666666666666,18,0.1,12,0.6666666666666666,1.963852125363985e-08,1.0402221195526806e-08,0.05968119915164474
0,contextual_outcome_history,latent_context,mech_pair_test,-0.012792762248595713,0.09224062387764045,0.019894413983382587,-0.02812728071047457,1.097211109993452,0.05555555555555555,18,0.1,18,1.0,1.1698410906646473e-08,5.13954068193101e-09,1.3090777878366211e-08
0,contextual_outcome_history,latent_context,mech_pair_train,-0.01262476020951353,0.10023810348995103,0.0226079123285781,-0.03131431213468842,1.1079230706636962,0.05555555555555555,18,0.1,18,1.0,1.1698410906646473e-08,5.13954068193101e-09,1.1960954338086083e-08
0,contextual_outcome_history,latent_context,mech_pair_validation,-0.0053738209963121175,0.4029283720741646,0.155187953779134,-0.17335329154409126,1.099381429243955,0.2222222222222222,18,0.1,18,1.0,8.418975794288741e-09,-0.21650754914457013,1.3044431229625175e-08
0,contextual_outcome_history,latent_context,mech_task_holdout,0.02999411764054083,0.43590395336150634,0.108494360619351,-0.08151576507860017,0.843831571939762,0.16666666666666666,18,0.1,18,1.0,1.2307144525713909e-08,9.436527448336562e-09,4.7533242897301875e-08
0,contextual_outcome_history,outcome_history,mech_pair_test,,,0.0,-0.006944444444444442,0.05103103630798288,0.8333333333333334,18,0.1,0,0.0,,,
0,contextual_outcome_history,outcome_history,mech_pair_train,,,0.0,-0.006944444444444442,0.05103103630798288,0.8333333333333334,18,0.1,0,0.0,,,
0,contextual_outcome_history,outcome_history,mech_pair_validation,,,0.0,-0.0069444444444444415,0.08838834764831845,0.5,18,0.1,0,0.0,,,
0,contextual_outcome_history,outcome_history,mech_task_holdout,0.053223050415925455,0.4318575996330971,0.06917750857171444,-0.0332521706465469,0.6913993159334434,0.16666666666666666,18,0.1,12,0.6666666666666666,1.9274847495864833e-08,1.0047554455105967e-08,0.05872362199044048
0,outcome_history,dual_history,mech_pair_test,-0.025282318640565293,0.46663684485431284,0.11666268750617531,-0.1545365304938768,1.19373005463195,0.08333333333333333,24,0.1,24,1.0,5.832357707902247e-09,-0.042934572504519986,1.2672469518193452e-08
0,outcome_history,dual_history,mech_pair_train,-0.01818898538682534,-0.23611806797371923,-0.05750214858327811,0.06069295244647469,1.189593524969337,0.125,24,0.1,24,1.0,5.832357707902247e-09,4.352686655550997e-09,1.2801223331360134e-08
0,outcome_history,dual_history,mech_pair_validation,0.03673982205217363,0.05340625339472747,0.012372411979898221,0.00896344823701836,1.1221915736965409,0.22727272727272727,22,0.1,22,1.0,1.2929977144526816e-08,5.832357707902247e-09,1.318748477086018e-08
0,outcome_history,dual_history,mech_task_holdout,-0.02290280837336267,-0.10225329865100417,-0.018093557551321148,0.010297353828371898,0.7081422981766667,0.16666666666666666,18,0.1,12,0.6666666666666666,1.502037122458333e-08,-0.06780790667340272,1.963852125363985e-08
0,outcome_history,latent_context,mech_pair_test,-0.02280447336490954,0.4586196985638884,0.10038833092074034,-0.14199386990341378,1.2616601688488072,0.08333333333333333,24,0.1,24,1.0,5.997638941046546e-09,-0.037261748271081,1.1246190811942114e-08
0,outcome_history,latent_context,mech_pair_train,-0.014186458132589008,-0.11253427834216992,-0.02472103802848026,0.024392385514287,1.2447043379674292,0.125,24,0.1,24,1.0,6.332528723618225e-09,3.616218213764455e-09,1.2393539527977282e-08
0,outcome_history,latent_context,mech_pair_validation,0.03867491282495927,0.14612959794571165,0.0312471831793702,-0.012333757030215648,1.1353618808450732,0.22727272727272727,22,0.1,22,1.0,1.1475677685890417e-08,6.667418506189904e-09,1.7357050019484177e-08
0,outcome_history,latent_context,mech_task_holdout,-0.014328110520740012,-0.03883096197992566,-0.006370063589702338,0.0037255597942202814,0.7370666833507288,0.16666666666666666,18,0.1,13,0.7222222222222222,1.2307144525713909e-08,8.47965508921078e-09,2.496680984176436e-08
0,outcome_history,outcome_history,mech_pair_test,-0.02554823986601562,0.4667912606682955,0.11843242484944802,-0.15615418345524112,1.189516958854105,0.08333333333333333,24,0.1,24,1.0,5.903684652253105e-09,-0.04315650867306817,1.2626712120322736e-08
0,outcome_history,outcome_history,mech_pair_train,-0.01823156542202864,-0.23717169509686292,-0.058615525657804174,0.061765747223065263,1.1852661167949385,0.125,24,0.1,24,1.0,5.903684652253105e-09,4.3960713957957864e-09,1.276723407550584e-08
0,outcome_history,outcome_history,mech_pair_validation,0.03688794295164621,0.0543045356096426,0.012776500702000114,0.008553527044397541,1.1182307595451817,0.22727272727272727,22,0.1,22,1.0,1.2907756030688944e-08,5.903684652253105e-09,1.3188799941055152e-08
0,outcome_history,outcome_history,mech_task_holdout,-0.021804441792075302,-0.09826622052826675,-0.01733985563867849,0.010075579725724752,0.7182721054324336,0.16666666666666666,18,0.1,12,0.6666666666666666,1.46612009754854e-08,-0.06657324685826296,1.9274847495864833e-08
1,contextual_outcome_history,dual_history,mech_pair_test,,,0.0,-0.02777777777777777,0.05892556509887896,0.7777777777777778,18,0.1,0,0.0,,,
1,contextual_outcome_history,dual_history,mech_pair_train,,,0.0,-0.013888888888888885,0.041666666666666664,0.8888888888888888,18,0.1,0,0.0,,,
1,contextual_outcome_history,dual_history,mech_pair_validation,,,0.0,0.006944444444444445,0.09771699499632146,0.3888888888888889,18,0.1,0,0.0,,,
1,contextual_outcome_history,dual_history,mech_task_holdout,0.04970447087729668,-0.00477734670818199,-0.0009202938224382238,0.02830153277116873,0.682547206633878,0.2222222222222222,18,0.1,12,0.6666666666666666,1.963852125363985e-08,1.0402221195526806e-08,0.05968119915164474
1,contextual_outcome_history,latent_context,mech_pair_test,-0.051427455168831404,0.061391056847066874,0.01361037551755679,-0.042269602284315505,1.11794273641839,0.0,18,0.1,18,1.0,8.418975794288741e-09,5.13954068193101e-09,1.209999428430919e-08
1,contextual_outcome_history,latent_context,mech_pair_train,-0.02800769298782102,-0.12900180494581462,-0.022607912328578172,0.010480978801355161,1.116306663338995,0.0,18,0.1,18,1.0,1.1698410906646473e-08,5.13954068193101e-09,1.1960954338086083e-08
1,contextual_outcome_history,latent_context,mech_pair_validation,0.014309408565851722,0.2658820260316713,0.11327636707203344,-0.11452239102218834,1.0885663770245522,0.3333333333333333,18,0.1,18,1.0,1.1829682622366278e-08,-0.14044275044693635,0.17119594782330283
1,contextual_outcome_history,latent_context,mech_task_holdout,0.05248125897349587,0.004169528003883089,0.0012445525343165946,0.02676303952484368,0.8339931639219917,0.2222222222222222,18,0.1,18,1.0,2.992019371150789e-08,1.2307144525713909e-08,4.7533242897301875e-08
1,contextual_outcome_history,outcome_history,mech_pair_test,,,0.0,-0.02777777777777777,0.05892556509887896,0.7777777777777778,18,0.1,0,0.0,,,
1,contextual_outcome_history,outcome_history,mech_pair_train,,,0.0,-0.013888888888888885,0.041666666666666664,0.8888888888888888,18,0.1,0,0.0,,,
1,contextual_outcome_history,outcome_history,mech_pair_validation,,,0.0,0.006944444444444445,0.09771699499632146,0.3888888888888889,18,0.1,0,0.0,,,
1,contextual_outcome_history,outcome_history,mech_task_holdout,0.05015138936996011,-0.00023674006344750814,-4.547849574975179e-05,0.027804203730754602,0.6925199730223475,0.2222222222222222,18,0.1,12,0.6666666666666666,1.9274847495864833e-08,1.0047554455105967e-08,0.05872362199044048
1,outcome_history,dual_history,mech_pair_test,0.00034548761580111,0.12696930107600982,0.028712869096263027,-0.032906857195616375,1.1787164911456134,0.125,24,0.1,24,1.0,1.2672469518193452e-08,5.832357707902247e-09,1.318748477086018e-08
1,outcome_history,dual_history,mech_pair_train,0.008885327509201346,0.14854244829970426,0.04104558253163938,-0.041832633501128175,1.1736709277282578,0.16666666666666666,24,0.1,24,1.0,1.2672469518193452e-08,5.4624399448144345e-09,1.318748477086018e-08
1,outcome_history,dual_history,mech_pair_validation,0.023021635782374372,-0.07901318502557647,-0.020465239709532596,0.03981223340560271,1.1301541214133908,0.22727272727272727,22,0.1,22,1.0,1.2929977144526816e-08,5.832357707902247e-09,1.318748477086018e-08
1,outcome_history,dual_history,mech_task_holdout,-0.022902808373362893,-0.10225329865100453,-0.01809355755132121,0.010297353828371934,0.7081422981766669,0.16666666666666666,18,0.1,12,0.6666666666666666,1.502037122458333e-08,-0.06780790667340278,1.963852125363985e-08
1,outcome_history,latent_context,mech_pair_test,0.0014689164930514753,0.15693460164300055,0.031072353604528164,-0.037501799269800434,1.246599296157009,0.125,24,0.1,24,1.0,1.0557815843803553e-08,4.638435524562112e-09,1.2172293756274044e-08
1,outcome_history,latent_context,mech_pair_train,0.0098424693869118,0.17996864910617386,0.04485798109394789,-0.04850415579855805,1.2298706765215022,0.16666666666666666,24,0.1,24,1.0,1.0557815843803553e-08,4.382881196862698e-09,1.2797077453274852e-08
1,outcome_history,latent_context,mech_pair_validation,0.021988032540649072,-0.09694453134302684,-0.023176668336609536,0.04305093009711301,1.1451734099131514,0.22727272727272727,22,0.1,22,1.0,1.1475677685890417e-08,6.667418506189904e-09,1.7357050019484177e-08
1,outcome_history,latent_context,mech_task_holdout,-0.019143251931618588,-0.07944545133646205,-0.01303270769309009,0.0076222365926916355,0.7388140855273456,0.16666666666666666,18,0.1,13,0.7222222222222222,1.2307144525713909e-08,9.0806243635555e-09,2.496680984176436e-08
1,outcome_history,outcome_history,mech_pair_test,0.0002759865451835708,0.12593290368161722,0.028900944376134274,-0.03302220964635334,1.1744449189702406,0.125,24,0.1,24,1.0,1.2626712120322736e-08,5.903684652253105e-09,1.3188799941055152e-08
1,outcome_history,outcome_history,mech_pair_train,0.008831225165805034,0.14765120816934865,0.04140452491799682,-0.04210046337432062,1.1694089066197064,0.16666666666666666,24,0.1,24,1.0,1.2626712120322736e-08,5.526781338138775e-09,1.3188799941055152e-08
1,outcome_history,outcome_history,mech_pair_validation,0.023140153587747125,-0.07878075628543486,-0.02072292099087286,0.04003464530916391,1.1261834833975453,0.22727272727272727,22,0.1,22,1.0,1.2907756030688944e-08,5.903684652253105e-09,1.3188799941055152e-08
1,outcome_history,outcome_history,mech_task_holdout,-0.021804441792075302,-0.09826622052826704,-0.017339855638678542,0.010075579725724784,0.7182721054324335,0.16666666666666666,18,0.1,12,0.6666666666666666,1.46612009754854e-08,-0.06657324685826302,1.9274847495864833e-08
2,contextual_outcome_history,dual_history,mech_pair_test,,,0.0,-0.013888888888888885,0.041666666666666664,0.8888888888888888,18,0.1,0,0.0,,,
2,contextual_outcome_history,dual_history,mech_pair_train,,,0.0,0.006944444444444442,0.05103103630798288,0.8333333333333334,18,0.1,0,0.0,,,
2,contextual_outcome_history,dual_history,mech_pair_validation,,,0.0,0.020833333333333336,0.08838834764831845,0.5,18,0.1,0,0.0,,,
2,contextual_outcome_history,dual_history,mech_task_holdout,-0.0016686770628062675,0.21382233626653194,0.03434652745776575,-0.026491642114406255,0.7007536963075481,0.1111111111111111,18,0.1,12,0.6666666666666666,1.502037122458333e-08,1.0402221195526806e-08,1.963852125363985e-08
2,contextual_outcome_history,latent_context,mech_pair_test,-0.022746261286959335,0.23213626773098212,0.03890352654391391,-0.0553119252064818,1.1025894996698111,0.0,18,0.1,18,1.0,1.1698410906646473e-08,5.13954068193101e-09,1.209999428430919e-08
2,contextual_outcome_history,latent_context,mech_pair_train,0.008328128771813437,-0.10023810348995145,-0.022607912328578214,0.03131431213468854,1.0964007705303935,0.1111111111111111,18,0.1,18,1.0,1.1698410906646473e-08,5.13954068193101e-09,1.1960954338086083e-08
2,contextual_outcome_history,latent_context,mech_pair_validation,0.04786609600645153,0.5260761836700936,0.19752022700296576,-0.19096862973142817,1.0698764435611212,0.3333333333333333,18,0.1,18,1.0,1.1960954338086083e-08,6.779258238109875e-09,0.1711959478233028
2,contextual_outcome_history,latent_context,mech_task_holdout,-0.01109920232110606,0.21795197668075317,0.05424718030967546,-0.05117454920596672,0.8615202111169347,0.1111111111111111,18,0.1,18,1.0,1.2307144525713909e-08,8.47965508921078e-09,3.8726718304404883e-08
2,contextual_outcome_history,outcome_history,mech_pair_test,,,0.0,-0.013888888888888885,0.041666666666666664,0.8888888888888888,18,0.1,0,0.0,,,
2,contextual_outcome_history,outcome_history,mech_pair_train,,,0.0,0.006944444444444442,0.05103103630798288,0.8333333333333334,18,0.1,0,0.0,,,
2,contextual_outcome_history,outcome_history,mech_pair_validation,,,0.0,0.020833333333333336,0.08838834764831845,0.5,18,0.1,0,0.0,,,
2,contextual_outcome_history,outcome_history,mech_task_holdout,-0.0016623830706323783,0.21592879981654878,0.03458875428585724,-0.027042751989940137,0.7111574920889357,0.1111111111111111,18,0.1,12,0.6666666666666666,1.46612009754854e-08,1.0047554455105967e-08,1.9274847495864833e-08
2,outcome_history,dual_history,mech_pair_test,-0.027345197282019784,0.08855878249591315,0.024011175715233105,-0.043143403950194704,1.1949303497989934,0.08333333333333333,24,0.1,24,1.0,1.2672469518193452e-08,4.352686655550997e-09,1.318748477086018e-08
2,outcome_history,dual_history,mech_pair_train,-0.003591090724426982,-0.20921312304956996,-0.06393864269467919,0.07848626934806571,1.1810350675168113,0.16666666666666666,24,0.1,24,1.0,5.832357707902247e-09,4.352686655550997e-09,1.2801223331360134e-08
2,outcome_history,dual_history,mech_pair_validation,-0.003966323191300303,-0.08325829221302726,-0.01679972221606361,0.01868903399293601,1.145657421222532,0.09090909090909091,22,0.1,22,1.0,1.2672469518193452e-08,5.832357707902247e-09,1.318748477086018e-08
2,outcome_history,dual_history,mech_task_holdout,-0.10183974756649072,-0.4054097552639322,-0.08167572043885064,0.03259416399667371,0.7349580787686263,0.16666666666666666,18,0.1,12,0.6666666666666666,1.0402221195526806e-08,-0.2986809773661885,1.963852125363985e-08
2,outcome_history,latent_context,mech_pair_test,-0.023540967155746495,0.14667299803750464,0.03481845827216941,-0.057648042400512994,1.2621143307590645,0.08333333333333333,24,0.1,24,1.0,1.0557815843803553e-08,4.300606204488133e-09,1.2098545165706298e-08
2,outcome_history,latent_context,mech_pair_train,-0.0021844473890186844,-0.16709043151846967,-0.046063092525428534,0.060363810604404614,1.237317424271356,0.16666666666666666,24,0.1,24,1.0,6.667418506189904e-09,3.616218213764455e-09,1.2797077453274852e-08
2,outcome_history,latent_context,mech_pair_validation,-0.0037680337802561414,-0.07249666702276472,-0.013502154281400402,0.015150147465545724,1.1601545600729186,0.09090909090909091,22,0.1,22,1.0,1.0557815843803553e-08,6.667418506189904e-09,1.4007691229167563e-08
2,outcome_history,latent_context,mech_task_holdout,-0.10027933963070867,-0.4221321521067913,-0.07884355353783462,0.03222311124386595,0.7676602076378733,0.1111111111111111,18,0.1,13,0.7222222222222222,9.0806243635555e-09,-0.34523895669243987,1.2307144525713909e-08
2,outcome_history,outcome_history,mech_pair_test,-0.027510769010026914,0.08842215856716554,0.02432976176453255,-0.0434241778807641,1.190654567913539,0.08333333333333333,24,0.1,24,1.0,1.2626712120322736e-08,4.3960713957957864e-09,1.3188799941055152e-08
2,outcome_history,outcome_history,mech_pair_train,-0.0035740279640392725,-0.21022753529181917,-0.06520171870878118,0.07970779592812363,1.1767041850242308,0.16666666666666666,24,0.1,24,1.0,5.903684652253105e-09,4.3960713957957864e-09,1.276723407550584e-08
2,outcome_history,outcome_history,mech_pair_validation,-0.003997674061156475,-0.08473410684387887,-0.017363865635362134,0.019262787309886096,1.1417193926989446,0.09090909090909091,22,0.1,22,1.0,1.2626712120322736e-08,5.903684652253105e-09,1.3188799941055152e-08
2,outcome_history,outcome_history,mech_task_holdout,-0.09924653331002098,-0.4020925490916904,-0.08078289082658338,0.03305120530556264,0.7449938023916792,0.16666666666666666,18,0.1,12,0.6666666666666666,1.0047554455105967e-08,-0.2940201724962057,1.9274847495864833e-08
3,contextual_outcome_history,dual_history,mech_pair_test,,,0.0,-0.013888888888888885,0.05892556509887896,0.7777777777777778,18,0.1,0,0.0,,,
3,contextual_outcome_history,dual_history,mech_pair_train,,,0.0,-0.006944444444444442,0.05103103630798288,0.8333333333333334,18,0.1,0,0.0,,,
3,contextual_outcome_history,dual_history,mech_pair_validation,,,0.0,-0.006944444444444442,0.05103103630798288,0.8333333333333334,18,0.1,0,0.0,,,
3,contextual_outcome_history,dual_history,mech_task_holdout,0.05603413081976516,0.32397642147668326,0.04548860533620828,-0.0119994563399299,0.6802702781884506,0.16666666666666666,18,0.1,12,0.6666666666666666,1.963852125363985e-08,1.0402221195526806e-08,0.05968119915164474
3,contextual_outcome_history,latent_context,mech_pair_test,-0.024918103570596095,0.12775096656884147,0.031209702978393445,-0.04711982641009224,1.1037595751086793,0.05555555555555555,18,0.1,18,1.0,8.418975794288741e-09,5.13954068193101e-09,1.209999428430919e-08
3,contextual_outcome_history,latent_context,mech_pair_train,-0.01813044638725092,-0.19422362748428473,-0.04380560474932891,0.04027516505850032,1.1109309014582842,0.05555555555555555,18,0.1,18,1.0,1.1698410906646473e-08,5.13954068193101e-09,1.1960954338086083e-08
3,contextual_outcome_history,latent_context,mech_pair_validation,-0.006710824533189719,0.40763479105173933,0.09007958936581188,-0.10353725495928912,1.1001121964828195,0.05555555555555555,18,0.1,18,1.0,1.1698410906646473e-08,5.13954068193101e-09,1.1960954338086083e-08
3,contextual_outcome_history,latent_context,mech_task_holdout,0.03985488151026273,0.3343673805744344,0.07274442459100622,-0.045422830210785574,0.8395315574255166,0.16666666666666666,18,0.1,18,1.0,2.992019371150789e-08,1.2307144525713909e-08,4.7533242897301875e-08
3,contextual_outcome_history,outcome_history,mech_pair_test,,,0.0,-0.013888888888888885,0.05892556509887896,0.7777777777777778,18,0.1,0,0.0,,,
3,contextual_outcome_history,outcome_history,mech_pair_train,,,0.0,-0.006944444444444442,0.05103103630798288,0.8333333333333334,18,0.1,0,0.0,,,
3,contextual_outcome_history,outcome_history,mech_pair_validation,,,0.0,-0.006944444444444442,0.05103103630798288,0.8333333333333334,18,0.1,0,0.0,,,
3,contextual_outcome_history,outcome_history,mech_task_holdout,0.055637649725870375,0.32926614162997814,0.04610317954922636,-0.012900045854113062,0.6905171028169169,0.16666666666666666,18,0.1,12,0.6666666666666666,1.9274847495864833e-08,1.0047554455105967e-08,0.05872362199044048
3,outcome_history,dual_history,mech_pair_test,-0.034012663474331406,0.1346712806900445,0.028712869096263,-0.0537401905289497,1.1988016253950098,0.041666666666666664,24,0.1,24,1.0,5.832357707902247e-09,4.352686655550997e-09,1.2801223331360134e-08
3,outcome_history,dual_history,mech_pair_train,-0.02795460870533306,0.04184573069406684,0.009943661549485429,-0.027021097321846717,1.195284707929162,0.08333333333333333,24,0.1,24,1.0,5.832357707902247e-09,4.352686655550997e-09,1.2801223331360134e-08
3,outcome_history,dual_history,mech_pair_validation,0.02014183062896502,-0.12601914059146643,-0.03726496192559626,0.05850126739853877,1.1318185537719652,0.2727272727272727,22,0.1,22,1.0,1.318748477086018e-08,7.542385660475048e-09,0.11860212783412916
3,outcome_history,dual_history,mech_task_holdout,-0.02011451444704293,0.20166595522173797,0.028315341607325305,-0.030003635282726707,0.7071764897682363,0.05555555555555555,18,0.1,12,0.6666666666666666,1.0402221195526806e-08,1.0402221195526806e-08,1.963852125363985e-08
3,outcome_history,latent_context,mech_pair_test,-0.03312466851869744,0.07103880160013573,0.013260955155860642,-0.03683822580818076,1.2680093291434542,0.041666666666666664,24,0.1,24,1.0,5.318037232804329e-09,3.311873775224683e-09,1.0962072694020719e-08
3,outcome_history,latent_context,mech_pair_train,-0.027405705851374584,0.0027405156833073168,0.0005874277934531931,-0.0163283800497072,1.2527900230677267,0.08333333333333333,24,0.1,24,1.0,6.332528723618225e-09,3.540132104129512e-09,1.131993940250986e-08
3,outcome_history,latent_context,mech_pair_validation,0.02077974681949535,-0.08938109289318155,-0.024396091416565596,0.04441918875415364,1.1458805942917436,0.2727272727272727,22,0.1,22,1.0,1.3200615378572422e-08,7.640017840593316e-09,0.12215923578834703
3,outcome_history,latent_context,mech_task_holdout,-0.019629868258361105,0.18268251307425087,0.023779634440661994,-0.02779651300375678,0.7389904474325996,0.05555555555555555,18,0.1,13,0.7222222222222222,1.0038851971927443e-08,9.0806243635555e-09,2.496680984176436e-08
3,outcome_history,outcome_history,mech_pair_test,-0.03423025608730845,0.1335720152516757,0.028900944376134247,-0.05385554297968665,1.1945414130449634,0.041666666666666664,24,0.1,24,1.0,5.903684652253105e-09,4.3960713957957864e-09,1.276723407550584e-08
3,outcome_history,outcome_history,mech_pair_train,-0.028127957249940216,0.040684661078339644,0.009811170783294049,-0.02683524054666023,1.1910121056162113,0.08333333333333333,24,0.1,24,1.0,5.903684652253105e-09,4.3960713957957864e-09,1.276723407550584e-08
3,outcome_history,outcome_history,mech_pair_validation,0.020236539909057383,-0.1268225865488103,-0.03808678662623505,0.059297432619050065,1.1278559727772928,0.2727272727272727,22,0.1,22,1.0,1.3188799941055152e-08,7.584441519270513e-09,0.11916625340798567
3,outcome_history,outcome_history,mech_task_holdout,-0.019756667761432034,0.2057507379328078,0.028808802406297657,-0.030628669859142966,0.7175520084295269,0.05555555555555555,18,0.1,12,0.6666666666666666,1.0047554455105967e-08,1.0047554455105967e-08,1.9274847495864833e-08
4,contextual_outcome_history,dual_history,mech_pair_test,,,0.0,-0.02777777777777777,0.05892556509887896,0.7777777777777778,18,0.1,0,0.0,,,
4,contextual_outcome_history,dual_history,mech_pair_train,,,0.0,0.0,0.041666666666666664,0.8888888888888888,18,0.1,0,0.0,,,
4,contextual_outcome_history,dual_history,mech_pair_validation,,,0.0,0.0,0.05892556509887896,0.7777777777777778,18,0.1,0,0.0,,,
4,contextual_outcome_history,dual_history,mech_task_holdout,0.026485653396899678,0.17627553475698865,0.02831534160732538,-0.009170301949393417,0.6908353123821505,0.16666666666666666,18,0.1,12,0.6666666666666666,1.963852125363985e-08,1.0402221195526806e-08,1.963852125363985e-08
4,contextual_outcome_history,latent_context,mech_pair_test,-0.051308234190837965,0.0672078610237171,0.014899958939349351,-0.04364270301993085,1.117879353060774,0.0,18,0.1,18,1.0,8.418975794288741e-09,5.13954068193101e-09,1.209999428430919e-08
4,contextual_outcome_history,latent_context,mech_pair_train,-0.006820989307447567,-0.34969904897677223,-0.06500329717007963,0.07006935131564544,1.1047435258482763,0.05555555555555555,18,0.1,18,1.0,1.1698410906646473e-08,5.13954068193101e-09,1.1960954338086083e-08
4,contextual_outcome_history,latent_context,mech_pair_validation,0.002545378504234197,0.24227409984262555,0.06240084295424779,-0.0669127472924944,1.0950430264610551,0.1111111111111111,18,0.1,18,1.0,1.1698410906646473e-08,6.779258238109875e-09,1.1960954338086083e-08
4,contextual_outcome_history,latent_context,mech_task_holdout,0.01812569648340412,0.18329341702972943,0.04562083443616841,-0.030252222274468825,0.8489781903259871,0.16666666666666666,18,0.1,18,1.0,1.2307144525713909e-08,8.47965508921078e-09,4.7533242897301875e-08
4,contextual_outcome_history,outcome_history,mech_pair_test,,,0.0,-0.02777777777777777,0.05892556509887896,0.7777777777777778,18,0.1,0,0.0,,,
4,contextual_outcome_history,outcome_history,mech_pair_train,,,0.0,0.0,0.041666666666666664,0.8888888888888888,18,0.1,0,0.0,,,
4,contextual_outcome_history,outcome_history,mech_pair_validation,,,0.0,0.0,0.05892556509887896,0.7777777777777778,18,0.1,0,0.0,,,
4,contextual_outcome_history,outcome_history,mech_task_holdout,0.026475689819958292,0.17984602961799928,0.028808802406297795,-0.0097953365258097,0.7010976444681011,0.16666666666666666,18,0.1,12,0.6666666666666666,1.9274847495864833e-08,1.0047554455105967e-08,1.9274847495864833e-08
4,outcome_history,dual_history,mech_pair_test,0.017904605918687366,0.17000489973270352,0.04921687737341175,-0.04598914739222202,1.1683184402180395,0.16666666666666666,24,0.1,24,1.0,9.25241361304785e-09,5.4624399448144345e-09,1.318748477086018e-08
4,outcome_history,dual_history,mech_pair_train,-0.00575239800123617,-0.0037351042376301304,-0.001194525942945519,0.0013690061584992613,1.1823061065360623,0.16666666666666666,24,0.1,24,1.0,5.832357707902247e-09,4.352686655550997e-09,1.2801223331360134e-08
4,outcome_history,dual_history,mech_pair_validation,0.01599576521693291,-0.003234495698367286,-0.0007871270346614578,0.012239284408190382,1.1342105531686062,0.18181818181818182,22,0.1,22,1.0,1.2672469518193452e-08,5.832357707902247e-09,1.318748477086018e-08
4,outcome_history,dual_history,mech_task_holdout,-0.019361442357214154,-0.12523420310568956,-0.018093557551321103,0.010297353828371872,0.7069154145693954,0.1111111111111111,18,0.1,12,0.6666666666666666,1.0402221195526806e-08,1.0402221195526806e-08,1.963852125363985e-08
4,outcome_history,latent_context,mech_pair_test,0.019888167946559898,0.24385760166686735,0.06181110319151684,-0.06418429900319429,1.2350481772556618,0.16666666666666666,24,0.1,24,1.0,8.612617174996728e-09,4.636372563648905e-09,1.2172293756274044e-08
4,outcome_history,latent_context,mech_pair_train,-0.0010361311288635822,0.11501809089002081,0.033180737557056666,-0.039730276797098174,1.2366083537223793,0.16666666666666666,24,0.1,24,1.0,6.667418506189904e-09,3.616218213764455e-09,1.2393539527977282e-08
4,outcome_history,latent_context,mech_pair_validation,0.01577043569326053,-0.0025329097269978715,-0.0005689425120553891,0.012002020637539296,1.148807795864902,0.18181818181818182,22,0.1,22,1.0,1.0557815843803553e-08,6.667418506189904e-09,1.6519710321905023e-08
4,outcome_history,latent_context,mech_task_holdout,-0.011086637461515725,-0.04755802153611568,-0.006370063589702328,0.0037255597942202757,0.7358880244945777,0.1111111111111111,18,0.1,13,0.7222222222222222,1.0038851971927443e-08,9.0806243635555e-09,2.496680984176436e-08
4,outcome_history,outcome_history,mech_pair_test,0.017910651911782094,0.17020494963490698,0.050005728408349825,-0.04671986235218226,1.1640405022370144,0.16666666666666666,24,0.1,24,1.0,9.26519838628792e-09,5.526781338138775e-09,1.3188799941055152e-08
4,outcome_history,outcome_history,mech_pair_train,-0.00580719003206398,-0.004147852894296197,-0.0013462048792844505,0.0015381732573204257,1.1780126639541413,0.16666666666666666,24,0.1,24,1.0,5.903684652253105e-09,4.3960713957957864e-09,1.276723407550584e-08
4,outcome_history,outcome_history,mech_pair_validation,0.01606589116114643,-0.0027662129231321372,-0.00068365566230531,0.012122056976461598,1.1302539474147504,0.18181818181818182,22,0.1,22,1.0,1.2626712120322736e-08,5.903684652253105e-09,1.3188799941055152e-08
4,outcome_history,outcome_history,mech_task_holdout,-0.018365955466808526,-0.12035104962302946,-0.01733985563867847,0.010075579725724744,0.717062553987607,0.1111111111111111,18,0.1,12,0.6666666666666666,1.0047554455105967e-08,1.0047554455105967e-08,1.9274847495864833e-08
5,contextual_outcome_history,dual_history,mech_pair_test,,,0.0,-0.013888888888888885,0.05892556509887896,0.7777777777777778,18,0.1,0,0.0,,,
5,contextual_outcome_history,dual_history,mech_pair_train,,,0.0,0.0,0.05892556509887896,0.7777777777777778,18,0.1,0,0.0,,,
5,contextual_outcome_history,dual_history,mech_pair_validation,,,0.0,0.020833333333333336,0.07795119555779044,0.6111111111111112,18,0.1,0,0.0,,,
5,contextual_outcome_history,dual_history,mech_task_holdout,0.026485653396899678,0.17627553475698865,0.02831534160732538,-0.009170301949393417,0.6908353123821505,0.16666666666666666,18,0.1,12,0.6666666666666666,1.963852125363985e-08,1.0402221195526806e-08,1.963852125363985e-08
5,contextual_outcome_history,latent_context,mech_pair_test,-0.02444525755987259,0.14868683835036542,0.03632435970032901,-0.05256572373525137,1.1035049359723597,0.05555555555555555,18,0.1,18,1.0,8.418975794288741e-09,5.13954068193101e-09,1.3090777878366211e-08
5,contextual_outcome_history,latent_context,mech_pair_train,-0.002864420958466729,5.837086887994457e-17,0.0,0.0,1.102570698694561,0.1111111111111111,18,0.1,18,1.0,1.1698410906646473e-08,5.13954068193101e-09,1.1960954338086083e-08
5,contextual_outcome_history,latent_context,mech_pair_validation,0.04329116908876751,0.39105946466617963,0.12839643099070386,-0.11684682503309025,1.0724436985738017,0.2777777777777778,18,0.1,18,1.0,1.1960954338086083e-08,6.779258238109875e-09,0.12839696421887467
5,contextual_outcome_history,latent_context,mech_task_holdout,0.01812569648340412,0.18329341702972943,0.04562083443616841,-0.030252222274468825,0.8489781903259871,0.16666666666666666,18,0.1,18,1.0,1.2307144525713909e-08,8.47965508921078e-09,4.7533242897301875e-08
5,contextual_outcome_history,outcome_history,mech_pair_test,,,0.0,-0.013888888888888885,0.05892556509887896,0.7777777777777778,18,0.1,0,0.0,,,
5,contextual_outcome_history,outcome_history,mech_pair_train,,,0.0,0.0,0.05892556509887896,0.7777777777777778,18,0.1,0,0.0,,,
5,contextual_outcome_history,outcome_history,mech_pair_validation,,,0.0,0.020833333333333336,0.07795119555779044,0.6111111111111112,18,0.1,0,0.0,,,
5,contextual_outcome_history,outcome_history,mech_task_holdout,0.026475689819958292,0.17984602961799928,0.028808802406297795,-0.0097953365258097,0.7010976444681011,0.16666666666666666,18,0.1,12,0.6666666666666666,1.9274847495864833e-08,1.0047554455105967e-08,1.9274847495864833e-08
5,outcome_history,dual_history,mech_pair_test,-0.012287239290948548,-0.059991337364817834,-0.012332713435376438,0.008925776305511867,1.1861408839790968,0.08333333333333333,24,0.1,24,1.0,9.25241361304785e-09,4.352686655550997e-09,1.318748477086018e-08
5,outcome_history,dual_history,mech_pair_train,0.0013738055220623435,-0.06141457438779286,-0.018769207546777522,0.02671909320710291,1.1781100780638085,0.16666666666666666,24,0.1,24,1.0,9.25241361304785e-09,4.352686655550997e-09,1.2801223331360134e-08
5,outcome_history,dual_history,mech_pair_validation,-0.0015349316038149041,-0.2606213541661891,-0.06934082087233055,0.08282076974983531,1.1442693117344327,0.18181818181818182,22,0.1,22,1.0,1.2672469518193452e-08,5.832357707902247e-09,1.318748477086018e-08
5,outcome_history,dual_history,mech_task_holdout,-0.04890991978007975,-0.21955157266189654,-0.03526682128020409,0.013126508218908397,0.7170879867933722,0.1111111111111111,18,0.1,12,0.6666666666666666,1.0402221195526806e-08,-0.06780790667340278,1.963852125363985e-08
5,outcome_history,latent_context,mech_pair_test,-0.009786940517120923,0.016612975595205772,0.0029901646501939725,-0.008817218451031205,1.2536056991737068,0.08333333333333333,24,0.1,24,1.0,8.612617174996728e-09,4.630183680909283e-09,1.2098545165706298e-08
5,outcome_history,latent_context,mech_pair_train,0.002500924605012389,-0.028804849925199133,-0.007940852478670296,0.014716629116089288,1.2344217077570805,0.16666666666666666,24,0.1,24,1.0,8.612617174996728e-09,3.616218213764455e-09,1.2797077453274852e-08
5,outcome_history,latent_context,mech_pair_validation,-0.0009827937062893977,-0.2261438173001195,-0.055535939541509816,0.0679961464109458,1.158543852456325,0.18181818181818182,22,0.1,22,1.0,1.0557815843803553e-08,6.667418506189904e-09,1.6519710321905023e-08
5,outcome_history,latent_context,mech_task_holdout,-0.0434040710921908,-0.18707700024427604,-0.02785923206938857,0.009349150342168407,0.7475561411085903,0.1111111111111111,18,0.1,13,0.7222222222222222,1.0038851971927443e-08,9.0806243635555e-09,2.496680984176436e-08
5,outcome_history,outcome_history,mech_pair_test,-0.012330209351044452,-0.059933459145382596,-0.012503580541862746,0.009078253727967528,1.18182640727509,0.08333333333333333,24,0.1,24,1.0,9.26519838628792e-09,4.3960713957957864e-09,1.3188799941055152e-08
5,outcome_history,outcome_history,mech_pair_train,0.0013835854243391399,-0.06155046417758187,-0.019089773592839986,0.027020302433026146,1.1737941521823432,0.16666666666666666,24,0.1,24,1.0,9.26519838628792e-09,4.3960713957957864e-09,1.276723407550584e-08
5,outcome_history,outcome_history,mech_pair_validation,-0.0014518114613613076,-0.2603876132632578,-0.07035789874125666,0.08373409452881055,1.1402709303469574,0.18181818181818182,22,0.1,22,1.0,1.2626712120322736e-08,5.903684652253105e-09,1.3188799941055152e-08
5,outcome_history,outcome_history,mech_task_holdout,-0.04752791537272083,-0.2162127105039234,-0.034634232781607155,0.013180289054028198,0.7272570000538193,0.1111111111111111,18,0.1,12,0.6666666666666666,1.0047554455105967e-08,-0.06657324685826302,1.9274847495864833e-08
6,contextual_outcome_history,dual_history,mech_pair_test,,,0.0,-0.02777777777777777,0.05892556509887896,0.7777777777777778,18,0.1,0,0.0,,,
6,contextual_outcome_history,dual_history,mech_pair_train,,,0.0,-0.013888888888888885,0.041666666666666664,0.8888888888888888,18,0.1,0,0.0,,,
6,contextual_outcome_history,dual_history,mech_pair_validation,,,0.0,0.013888888888888885,0.08333333333333333,0.5555555555555556,18,0.1,0,0.0,,,
6,contextual_outcome_history,dual_history,mech_task_holdout,0.08064709526332225,0.24160171011440756,0.039457419485767885,0.005321883825082956,0.6713430184660857,0.2777777777777778,18,0.1,12,0.6666666666666666,1.963852125363985e-08,1.732944623911159e-08,0.2387247376910152
6,contextual_outcome_history,latent_context,mech_pair_test,-0.05130823419083774,0.06720786102371736,0.014899958939349414,-0.0436427030199309,1.117879353060774,0.0,18,0.1,18,1.0,8.418975794288741e-09,5.13954068193101e-09,1.209999428430919e-08
6,contextual_outcome_history,latent_context,mech_pair_train,-0.02800769298782102,-0.12900180494581462,-0.022607912328578172,0.010480978801355161,1.116306663338995,0.0,18,0.1,18,1.0,1.1698410906646473e-08,5.13954068193101e-09,1.1960954338086083e-08
6,contextual_outcome_history,latent_context,mech_pair_validation,0.03802448122536961,0.6083066145372169,0.21847602035651623,-0.22038407999237986,1.0753915516573738,0.2777777777777778,18,0.1,18,1.0,1.1960954338086083e-08,6.779258238109875e-09,0.1283969642188746
6,contextual_outcome_history,latent_context,mech_task_holdout,0.06671473022270258,0.2533758584004887,0.06411807871749915,-0.024500503279287652,0.8277054068390788,0.2777777777777778,18,0.1,18,1.0,4.7533242897301875e-08,1.2307144525713909e-08,0.16272237708560994
6,contextual_outcome_history,outcome_history,mech_pair_test,,,0.0,-0.02777777777777777,0.05892556509887896,0.7777777777777778,18,0.1,0,0.0,,,
6,contextual_outcome_history,outcome_history,mech_pair_train,,,0.0,-0.013888888888888885,0.041666666666666664,0.8888888888888888,18,0.1,0,0.0,,,
6,contextual_outcome_history,outcome_history,mech_pair_validation,,,0.0,0.013888888888888885,0.08333333333333333,0.5555555555555556,18,0.1,0,0.0,,,
6,contextual_outcome_history,outcome_history,mech_task_holdout,0.08033723629119394,0.24758938851068424,0.04032322766966692,0.0043473696100173684,0.6814271119630295,0.2777777777777778,18,0.1,12,0.6666666666666666,1.9274847495864833e-08,1.6968024235675117e-08,0.23489443013721945
6,outcome_history,dual_history,mech_pair_test,0.018232044344761222,0.15763651594561845,0.0351493632076641,-0.029866840763874053,1.168123660645026,0.16666666666666666,24,0.1,24,1.0,1.2672469518193452e-08,5.832357707902247e-09,1.318748477086018e-08
6,outcome_history,dual_history,mech_pair_train,0.005597991440325467,0.040308689454498135,0.011138187492430908,-0.007556770147012603,1.1756157363902309,0.20833333333333334,24,0.1,24,1.0,5.832357707902247e-09,4.352686655550997e-09,1.318748477086018e-08
6,outcome_history,dual_history,mech_pair_validation,0.04040005779768063,0.20141898364514385,0.04666192604471533,-0.02918229522925549,1.1200574695443528,0.22727272727272727,22,0.1,22,1.0,1.2929977144526816e-08,7.542385660475048e-09,1.318748477086018e-08
6,outcome_history,dual_history,mech_task_holdout,0.022944287380750716,0.14874145917514034,0.028315341607325364,-0.009170301949393396,0.6920907021086575,0.2222222222222222,18,0.1,12,0.6666666666666666,1.963852125363985e-08,1.0402221195526806e-08,1.963852125363985e-08
6,outcome_history,latent_context,mech_pair_test,0.01826496055751281,0.1847474392204071,0.03606754982066017,-0.03311392746672433,1.2360704636486222,0.16666666666666666,24,0.1,24,1.0,1.0557815843803553e-08,4.638435524562112e-09,1.2797077453274852e-08
6,outcome_history,latent_context,mech_pair_train,0.007306612464010542,0.09719040424464193,0.024225137754672114,-0.023798599583269794,1.2314445582926026,0.20833333333333334,24,0.1,24,1.0,6.667418506189904e-09,3.616218213764455e-09,1.4845030926746716e-08
6,outcome_history,latent_context,mech_pair_validation,0.04033270628239538,0.20959525752643768,0.04481817166080876,-0.02756114019160047,1.1343824995310592,0.22727272727272727,22,0.1,22,1.0,1.1594150417515436e-08,7.640017840593316e-09,1.7357050019484177e-08
6,outcome_history,latent_context,mech_task_holdout,0.025337684313275766,0.16869448454072583,0.029772111060462354,-0.010467906059438438,0.7225112895210621,0.2222222222222222,18,0.1,13,0.7222222222222222,1.6352143750175685e-08,9.0806243635555e-09,2.496680984176436e-08
6,outcome_history,outcome_history,mech_pair_test,0.018237206354474234,0.15682503011413743,0.03548713742711132,-0.030130925018078406,1.1638469586444145,0.16666666666666666,24,0.1,24,1.0,1.2626712120322736e-08,5.903684652253105e-09,1.3188799941055152e-08
6,outcome_history,outcome_history,mech_pair_train,0.005579276636374919,0.039787921726954445,0.011157375662578529,-0.007540080470647366,1.1713257060368882,0.20833333333333334,24,0.1,24,1.0,5.903684652253105e-09,4.3960713957957864e-09,1.3188799941055152e-08
6,outcome_history,outcome_history,mech_pair_validation,0.040490069303119824,0.20121683671476578,0.04734129528370281,-0.02979129204250484,1.116137658438582,0.22727272727272727,22,0.1,22,1.0,1.2907756030688944e-08,7.584441519270513e-09,1.3188799941055152e-08
6,outcome_history,outcome_history,mech_task_holdout,0.023037203494691627,0.15175424603938745,0.028808802406297723,-0.009795336525809679,0.7023346910055288,0.2222222222222222,18,0.1,12,0.6666666666666666,1.9274847495864833e-08,1.0047554455105967e-08,1.9274847495864833e-08
7,contextual_outcome_history,dual_history,mech_pair_test,,,0.0,0.0,0.041666666666666664,0.8888888888888888,18,0.1,0,0.0,,,
7,contextual_outcome_history,dual_history,mech_pair_train,,,0.0,-0.02777777777777777,0.07216878364870322,0.6666666666666666,18,0.1,0,0.0,,,
7,contextual_outcome_history,dual_history,mech_pair_validation,,,0.0,0.0,0.08333333333333333,0.5555555555555556,18,0.1,0,0.0,,,
7,contextual_outcome_history,dual_history,mech_task_holdout,0.03050556140323102,0.20727117585190616,0.0394574194857679,-0.01551144950825037,0.6894075125794955,0.2222222222222222,18,0.1,12,0.6666666666666666,1.963852125363985e-08,1.0402221195526806e-08,0.05968119915164474
7,contextual_outcome_history,latent_context,mech_pair_test,0.004235936321999367,0.3466425848705532,0.0616175107266859,-0.06560804665741743,1.0879479705329886,0.05555555555555555,18,0.1,18,1.0,1.1698410906646473e-08,5.13954068193101e-09,1.3090777878366211e-08
7,contextual_outcome_history,latent_context,mech_pair_train,-0.05721378175582914,-0.14267076300623044,-0.042395384841501516,0.017921705847623697,1.1320529550871175,0.05555555555555555,18,0.1,18,1.0,8.418975794288741e-09,-0.14044275044693635,1.189531848022618e-08
7,contextual_outcome_history,latent_context,mech_pair_validation,0.011345582298379009,0.5398311573306068,0.1966330033798315,-0.2108505885756342,1.0902017279253091,0.2222222222222222,18,0.1,18,1.0,1.1698410906646473e-08,5.13954068193101e-09,1.3044431229625175e-08
7,contextual_outcome_history,latent_context,mech_task_holdout,0.01925230812409018,0.21737226975043497,0.06411807871749912,-0.04533383661262096,0.848490987823967,0.2222222222222222,18,0.1,18,1.0,1.2307144525713909e-08,8.47965508921078e-09,4.7533242897301875e-08
7,contextual_outcome_history,outcome_history,mech_pair_test,,,0.0,0.0,0.041666666666666664,0.8888888888888888,18,0.1,0,0.0,,,
7,contextual_outcome_history,outcome_history,mech_pair_train,,,0.0,-0.02777777777777777,0.07216878364870322,0.6666666666666666,18,0.1,0,0.0,,,
7,contextual_outcome_history,outcome_history,mech_pair_validation,,,0.0,0.0,0.08333333333333333,0.5555555555555556,18,0.1,0,0.0,,,
7,contextual_outcome_history,outcome_history,mech_task_holdout,0.0306663923845375,0.21240803163505298,0.04032322766966692,-0.016485963723315965,0.699587019427829,0.2222222222222222,18,0.1,12,0.6666666666666666,1.9274847495864833e-08,1.0047554455105967e-08,0.05872362199044048
7,outcome_history,dual_history,mech_pair_test,0.033899413759145736,0.07637263282086029,0.01287298822280218,0.006080032863484605,1.1587655285674265,0.16666666666666666,24,0.1,24,1.0,1.2672469518193452e-08,5.832357707902247e-09,1.318748477086018e-08
7,outcome_history,dual_history,mech_pair_train,0.02577715435100747,-0.17589439539586668,-0.04397490920495617,0.0712315033157969,1.1636263552864512,0.25,24,0.1,24,1.0,1.2672469518193452e-08,5.4624399448144345e-09,0.0395340514030329
7,outcome_history,dual_history,mech_pair_validation,0.02014183062896502,-0.12601914059146618,-0.03726496192559621,0.05850126739853871,1.1318185537719652,0.18181818181818182,22,0.1,22,1.0,1.2672469518193452e-08,5.832357707902247e-09,1.318748477086018e-08
7,outcome_history,dual_history,mech_task_holdout,-0.07507956406994487,-0.513367433836199,-0.11091135586861428,0.07006599871723589,0.7259783239778759,0.2777777777777778,18,0.1,12,0.6666666666666666,1.0402221195526806e-08,-0.2986809773661883,1.963852125363985e-08
7,outcome_history,latent_context,mech_pair_test,0.034615814423859526,0.21041471050025434,0.031052408272489833,-0.016644393545685532,1.2257338310980475,0.16666666666666666,24,0.1,24,1.0,1.0759944268912136e-08,5.6578380869254374e-09,1.2797077453274852e-08
7,outcome_history,latent_context,mech_pair_train,0.028652274037507364,-0.021567692616054374,-0.004863889009482685,0.026657304434783827,1.2181328728557728,0.25,24,0.1,24,1.0,1.079476130705359e-08,4.382881196862698e-09,0.03467436404997434
7,outcome_history,latent_context,mech_pair_validation,0.01771885835815512,-0.18118347981976388,-0.0494530620937577,0.07253446524171742,1.1476701181747286,0.18181818181818182,22,0.1,22,1.0,1.0676288575428572e-08,6.667418506189904e-09,1.6519710321905023e-08
7,outcome_history,latent_context,mech_task_holdout,-0.06906348717286148,-0.4811156292826515,-0.09636429395112793,0.06330352690684146,0.7566922718803598,0.2222222222222222,18,0.1,13,0.7222222222222222,9.0806243635555e-09,-0.34523895669243987,1.2307144525713909e-08
7,outcome_history,outcome_history,mech_pair_test,0.03403495425337011,0.07700658914898864,0.013172386101954248,0.0057825692565496925,1.1544451326738046,0.16666666666666666,24,0.1,24,1.0,1.2626712120322736e-08,5.903684652253105e-09,1.3188799941055152e-08
7,outcome_history,outcome_history,mech_pair_train,0.02591839245011973,-0.1764403316607086,-0.04476574023665691,0.07198265357111056,1.1592851237035788,0.25,24,0.1,24,1.0,1.2626712120322736e-08,5.526781338138775e-09,0.03972209326186185
7,outcome_history,outcome_history,mech_pair_validation,0.020236539909057494,-0.12682258654881015,-0.038086786626234985,0.05929743261905,1.1278559727772928,0.18181818181818182,22,0.1,22,1.0,1.2626712120322736e-08,5.903684652253105e-09,1.3188799941055152e-08
7,outcome_history,outcome_history,mech_task_holdout,-0.07213234743475239,-0.5088801828895393,-0.10963717172863098,0.07065074556212697,0.735748367614264,0.2777777777777778,18,0.1,12,0.6666666666666666,1.0047554455105967e-08,-0.29402017249620555,1.9274847495864833e-08
8,contextual_outcome_history,dual_history,mech_pair_test,,,0.0,0.006944444444444445,0.05103103630798288,0.8333333333333334,18,0.1,0,0.0,,,
8,contextual_outcome_history,dual_history,mech_pair_train,,,0.0,-0.006944444444444442,0.07795119555779044,0.6111111111111112,18,0.1,0,0.0,,,
8,contextual_outcome_history,dual_history,mech_pair_validation,,,0.0,0.006944444444444445,0.07795119555779044,0.6111111111111112,18,0.1,0,0.0,,,
8,contextual_outcome_history,dual_history,mech_task_holdout,0.11614462306863582,0.15644000545584355,0.028315341607325416,0.03249636471727321,0.6582546788680596,0.3333333333333333,18,0.1,12,0.6666666666666666,1.963852125363985e-08,1.963852125363985e-08,0.2387247376910152
8,contextual_outcome_history,latent_context,mech_pair_test,0.01339630197003161,0.15777702176315478,0.03402927317778297,-0.02928866715055342,1.0829322103958055,0.1111111111111111,18,0.1,18,1.0,1.1829682622366278e-08,5.13954068193101e-09,1.3090777878366211e-08
8,contextual_outcome_history,latent_context,mech_pair_train,-0.020761052646671496,-0.11832649390385355,-0.040985164933674045,0.03723491330341364,1.112365165858322,0.16666666666666666,18,0.1,18,1.0,1.1698410906646473e-08,5.13954068193101e-09,1.1960954338086083e-08
8,contextual_outcome_history,latent_context,mech_pair_validation,0.01661227016177702,0.3139750535081435,0.10655341401401947,-0.1073133336163449,1.087294028681263,0.2222222222222222,18,0.1,18,1.0,1.1829682622366278e-08,5.13954068193101e-09,1.340559019347154e-08
8,contextual_outcome_history,latent_context,mech_task_holdout,0.10595539040441837,0.16266819555919224,0.04562083443616837,0.011414444392197881,0.8101178119056686,0.3333333333333333,18,0.1,18,1.0,4.7533242897301875e-08,1.2307144525713909e-08,0.21696315360306562
8,contextual_outcome_history,outcome_history,mech_pair_test,,,0.0,0.006944444444444445,0.05103103630798288,0.8333333333333334,18,0.1,0,0.0,,,
8,contextual_outcome_history,outcome_history,mech_pair_train,,,0.0,-0.006944444444444442,0.07795119555779044,0.6111111111111112,18,0.1,0,0.0,,,
8,contextual_outcome_history,outcome_history,mech_pair_validation,,,0.0,0.006944444444444445,0.07795119555779044,0.6111111111111112,18,0.1,0,0.0,,,
8,contextual_outcome_history,outcome_history,mech_task_holdout,0.11550191865747161,0.1596087278557303,0.028808802406297778,0.03187133014085698,0.6682724464952722,0.3333333333333333,18,0.1,12,0.6666666666666666,1.9274847495864833e-08,1.9274847495864833e-08,0.23489443013721945
8,outcome_history,dual_history,mech_pair_test,0.04014664747082364,0.34701082939697947,0.08675529246696678,-0.07859400047309448,1.1550129069769104,0.25,24,0.1,24,1.0,1.2929977144526816e-08,5.832357707902247e-09,0.0395340514030329
8,outcome_history,dual_history,mech_pair_train,0.0298880905540847,0.07612052179986965,0.027518343153317446,-0.010704517703783719,1.1611686779953219,0.25,24,0.1,24,1.0,9.25241361304785e-09,4.352686655550997e-09,0.04545291798550982
8,outcome_history,dual_history,mech_pair_validation,0.00672973180495906,-0.3599384168072624,-0.08759240546378048,0.10880676204046084,1.1395382778422993,0.18181818181818182,22,0.1,22,1.0,1.2672469518193452e-08,5.832357707902247e-09,1.318748477086018e-08
8,outcome_history,dual_history,mech_task_holdout,-0.025528569416534364,-0.04865528438405453,-0.006031185850440457,-0.003511993168320439,0.7090506057447692,0.05555555555555555,18,0.1,12,0.6666666666666666,1.502037122458333e-08,1.0402221195526806e-08,1.963852125363985e-08
8,outcome_history,latent_context,mech_pair_test,0.03846637554856558,0.33893409713896955,0.07419007166603275,-0.06870803874432643,1.2232868887991424,0.25,24,0.1,24,1.0,1.0759944268912136e-08,6.499973614904064e-09,0.03467436153795522
8,outcome_history,latent_context,mech_pair_train,0.0323164851673744,0.16157897272311228,0.05269050838351993,-0.04225774410451151,1.215833123097609,0.25,24,0.1,24,1.0,8.731089906621747e-09,3.616218213764455e-09,0.042599838885255564
8,outcome_history,latent_context,mech_pair_validation,0.0068451206501286554,-0.32781184596078905,-0.07363313944216485,0.09398400179943903,1.1540049222373234,0.18181818181818182,22,0.1,22,1.0,1.0557815843803553e-08,6.667418506189904e-09,1.6519710321905023e-08
8,outcome_history,latent_context,mech_task_holdout,-0.027420275679030492,-0.0890006173766598,-0.010227858107429601,-0.000962636506509835,0.7418081767379248,0.05555555555555555,18,0.1,13,0.7222222222222222,1.2307144525713909e-08,9.0806243635555e-09,2.496680984176436e-08
8,outcome_history,outcome_history,mech_pair_test,0.040212296869537756,0.3475747120710074,0.0881852755940295,-0.0799271338849009,1.1507478761978884,0.25,24,0.1,24,1.0,1.2907756030688944e-08,5.903684652253105e-09,0.03972209326186185
8,outcome_history,outcome_history,mech_pair_train,0.029918781828217167,0.07510707159756827,0.027554739496849674,-0.0106507030556994,1.1569021800600414,0.25,24,0.1,24,1.0,9.26519838628792e-09,4.3960713957957864e-09,0.04571603372721983
8,outcome_history,outcome_history,mech_pair_validation,0.006884298254841048,-0.3592512138104846,-0.08878713726544853,0.10986058266083268,1.135515191190608,0.18181818181818182,22,0.1,22,1.0,1.2626712120322736e-08,5.903684652253105e-09,1.3188799941055152e-08
8,outcome_history,outcome_history,mech_task_holdout,-0.024971257341332764,-0.046758109207482905,-0.005779951879559554,-0.0035859178692028222,0.7193842926062542,0.05555555555555555,18,0.1,12,0.6666666666666666,1.46612009754854e-08,1.0047554455105967e-08,1.9274847495864833e-08
9,contextual_outcome_history,dual_history,mech_pair_test,,,0.0,-0.006944444444444442,0.06588078458684124,0.7222222222222222,18,0.1,0,0.0,,,
9,contextual_outcome_history,dual_history,mech_pair_train,,,0.0,-0.006944444444444442,0.06588078458684124,0.7222222222222222,18,0.1,0,0.0,,,
9,contextual_outcome_history,dual_history,mech_pair_validation,,,0.0,0.0,0.09316949906249124,0.4444444444444444,18,0.1,0,0.0,,,
9,contextual_outcome_history,dual_history,mech_task_holdout,0.07587411516716192,0.5321968423079292,0.07472424076597187,-0.028637957727158707,0.6730834593134463,0.16666666666666666,18,0.1,12,0.6666666666666666,1.963852125363985e-08,1.732944623911159e-08,0.05968119915164474
9,contextual_outcome_history,latent_context,mech_pair_test,-0.008757892328210781,0.2838637951038451,0.07933703986542491,-0.09141959041780959,1.0950233365591782,0.1111111111111111,18,0.1,18,1.0,1.1698410906646473e-08,5.13954068193101e-09,1.209999428430919e-08
9,contextual_outcome_history,latent_context,mech_pair_train,-0.02495143569469871,-0.3722886017978775,-0.10880890191940855,0.11034451637414577,1.1146460435138175,0.1111111111111111,18,0.1,18,1.0,1.1698410906646473e-08,5.13954068193101e-09,1.1960954338086083e-08
9,contextual_outcome_history,latent_context,mech_pair_validation,0.010486857372245417,0.49934812737340256,0.20335595643784565,-0.21805964598147776,1.0906750885770917,0.2777777777777778,18,0.1,18,1.0,1.1698410906646473e-08,-0.21650754914457013,0.1283969638577157
9,contextual_outcome_history,latent_context,mech_task_holdout,0.04823164093464294,0.5383415163598098,0.11712070649285813,-0.08160475867676484,0.835861299743123,0.16666666666666666,18,0.1,18,1.0,1.2307144525713909e-08,1.2307144525713909e-08,4.7533242897301875e-08
9,contextual_outcome_history,outcome_history,mech_pair_test,,,0.0,-0.006944444444444442,0.06588078458684124,0.7222222222222222,18,0.1,0,0.0,,,
9,contextual_outcome_history,outcome_history,mech_pair_train,,,0.0,-0.006944444444444442,0.06588078458684124,0.7222222222222222,18,0.1,0,0.0,,,
9,contextual_outcome_history,outcome_history,mech_pair_validation,,,0.0,0.0,0.09316949906249124,0.4444444444444444,18,0.1,0,0.0,,,
9,contextual_outcome_history,outcome_history,mech_task_holdout,0.07475582143199155,0.5353416842502094,0.07495746045127391,-0.02966625277734402,0.683491767847353,0.16666666666666666,18,0.1,12,0.6666666666666666,1.9274847495864833e-08,1.6968024235675117e-08,0.05872362199044048
9,outcome_history,dual_history,mech_pair_test,0.03995614253045787,0.042766255339508244,0.011138187492430944,0.013276563186320705,1.1551275207081049,0.2916666666666667,24,0.1,24,1.0,1.2929977144526816e-08,5.832357707902247e-09,0.1581361660496773
9,outcome_history,dual_history,mech_pair_train,0.01958780067709598,-0.11109959937402308,-0.026400227601124173,0.04588141626719326,1.1673168314133258,0.20833333333333334,24,0.1,24,1.0,1.2672469518193452e-08,5.4624399448144345e-09,1.318748477086018e-08
9,outcome_history,dual_history,mech_pair_validation,0.0022775789471335406,-0.12638061180075053,-0.03362477872409225,0.043088069576774704,1.1420893086756352,0.18181818181818182,22,0.1,22,1.0,1.2672469518193452e-08,5.832357707902247e-09,1.318748477086018e-08
9,outcome_history,dual_history,mech_task_holdout,0.0026257610431714706,-0.09731056876810781,-0.01206237170088078,0.013809346996692388,0.6992499177350513,0.1111111111111111,18,0.1,12,0.6666666666666666,1.502037122458333e-08,1.0402221195526806e-08,1.963852125363985e-08
9,outcome_history,latent_context,mech_pair_test,0.03761306179341639,0.03380228316157173,0.0077079149560824525,0.01673884129493262,1.2238295718702537,0.2916666666666667,24,0.1,24,1.0,1.0557815843803553e-08,4.638435524562112e-09,0.13869740412874723
9,outcome_history,latent_context,mech_pair_train,0.02251537593978281,0.03811092099732493,0.008169051673118547,0.005843460828825892,1.2219748476545724,0.20833333333333334,24,0.1,24,1.0,1.079476130705359e-08,4.382881196862698e-09,1.4845030926746716e-08
9,outcome_history,latent_context,mech_pair_validation,-0.0003522677281762032,-0.2051256598880237,-0.05037434311474135,0.06220455601778184,1.158178907588099,0.18181818181818182,22,0.1,22,1.0,1.0557815843803553e-08,5.4839708329978976e-09,1.6519710321905023e-08
9,outcome_history,latent_context,mech_task_holdout,0.008277023747411905,-0.024407196712195538,-0.002804849585660571,0.008584873099201522,0.7288073395850788,0.1111111111111111,18,0.1,13,0.7222222222222222,1.2307144525713909e-08,9.0806243635555e-09,2.496680984176436e-08
9,outcome_history,outcome_history,mech_pair_test,0.04008551926886672,0.04221373711303954,0.01115737566257871,0.01329325286268577,1.150823874377992,0.2916666666666667,24,0.1,24,1.0,1.2907756030688944e-08,5.903684652253105e-09,0.15888833348104758
9,outcome_history,outcome_history,mech_pair_train,0.019671359676322386,-0.11205470930035304,-0.02702217152310143,0.04650052439540492,1.1629965775727613,0.20833333333333334,24,0.1,24,1.0,1.2626712120322736e-08,5.526781338138775e-09,1.3188799941055152e-08
9,outcome_history,outcome_history,mech_pair_validation,0.0023181017972474516,-0.1265081829581258,-0.034183077355178275,0.04360317524122797,1.138122661373132,0.18181818181818182,22,0.1,22,1.0,1.2626712120322736e-08,5.903684652253105e-09,1.3188799941055152e-08
9,outcome_history,outcome_history,mech_task_holdout,0.0031668155492574623,-0.09351621841496506,-0.011559903759119014,0.013661497594927624,0.7094411102925289,0.1111111111111111,18,0.1,12,0.6666666666666666,1.46612009754854e-08,1.0047554455105967e-08,1.9274847495864833e-08
10,contextual_outcome_history,dual_history,mech_pair_test,,,0.0,-0.013888888888888885,0.05892556509887896,0.7777777777777778,18,0.1,0,0.0,,,
10,contextual_outcome_history,dual_history,mech_pair_train,,,0.0,-0.02083333333333333,0.05103103630798288,0.8333333333333334,18,0.1,0,0.0,,,
10,contextual_outcome_history,dual_history,mech_pair_validation,,,0.0,-0.013888888888888885,0.08333333333333333,0.5555555555555556,18,0.1,0,0.0,,,
10,contextual_outcome_history,dual_history,mech_task_holdout,0.14279280934868366,0.5775474248324208,0.11510195407417798,-0.030784273339911166,0.6482555644553721,0.2777777777777778,18,0.1,12,0.6666666666666666,1.963852125363985e-08,1.963852125363985e-08,0.2387247376910152
10,contextual_outcome_history,latent_context,mech_pair_test,-0.02994068179718412,-0.09463021330751811,-0.023118266181713466,0.010726585972083813,1.1064607390731682,0.05555555555555555,18,0.1,18,1.0,1.1698410906646473e-08,5.13954068193101e-09,1.3090777878366211e-08
10,contextual_outcome_history,latent_context,mech_pair_train,-0.04470592889583891,-0.3195659793964371,-0.06641351707790696,0.05075614385985536,1.1253363941156687,0.0,18,0.1,18,1.0,1.1698410906646473e-08,5.13954068193101e-09,1.1960954338086083e-08
10,contextual_outcome_history,latent_context,mech_pair_validation,-0.009314253041136089,0.6791334214984454,0.24391378241540917,-0.27543890185722697,1.1015337636821816,0.16666666666666666,18,0.1,18,1.0,1.1698410906646473e-08,-0.21650754914457013,1.1960954338086083e-08
10,contextual_outcome_history,latent_context,mech_task_holdout,0.10046733391418139,0.5828770455257724,0.17999423267604062,-0.11203496814756275,0.8126004454754447,0.2777777777777778,18,0.1,18,1.0,4.7533242897301875e-08,1.2307144525713909e-08,0.16272237708560994
10,contextual_outcome_history,outcome_history,mech_pair_test,,,0.0,-0.013888888888888885,0.05892556509887896,0.7777777777777778,18,0.1,0,0.0,,,
10,contextual_outcome_history,outcome_history,mech_pair_train,,,0.0,-0.02083333333333333,0.05103103630798288,0.8333333333333334,18,0.1,0,0.0,,,
10,contextual_outcome_history,outcome_history,mech_pair_validation,,,0.0,-0.013888888888888885,0.08333333333333333,0.5555555555555556,18,0.1,0,0.0,,,
10,contextual_outcome_history,outcome_history,mech_task_holdout,0.1408585669588157,0.5802808331960176,0.11532616661669065,-0.03228975356474796,0.6586238290627725,0.2777777777777778,18,0.1,12,0.6666666666666666,1.9274847495864833e-08,1.9274847495864833e-08,0.23489443013721945
10,outcome_history,dual_history,mech_pair_test,0.019778305617461744,0.22072596391093954,0.04921687737341175,-0.04598914739222202,1.1672034146141135,0.16666666666666666,24,0.1,24,1.0,1.2672469518193452e-08,5.832357707902247e-09,1.318748477086018e-08
10,outcome_history,dual_history,mech_pair_train,0.057233287836104596,0.01706028977933514,0.0035071674380843143,0.03243888624641102,1.144686376828134,0.2916666666666667,24,0.1,24,1.0,1.2672469518193452e-08,5.832357707902247e-09,0.16405503263215418
10,outcome_history,dual_history,mech_pair_validation,0.00391859125721028,-0.06859960167850436,-0.01825158459144981,0.02598599229062542,1.1411496916769672,0.09090909090909091,22,0.1,22,1.0,1.2672469518193452e-08,5.832357707902247e-09,1.318748477086018e-08
10,outcome_history,dual_history,mech_task_holdout,-0.031858229359003065,-0.27546956246157706,-0.052440085009087006,0.036788995942778215,0.7112354036492713,0.2222222222222222,18,0.1,12,0.6666666666666666,1.963852125363985e-08,-0.06780790667340272,1.963852125363985e-08
10,outcome_history,latent_context,mech_pair_test,0.021252855792073255,0.3042673253506449,0.05940096903205787,-0.0612754634314934,1.2341880497231605,0.16666666666666666,24,0.1,24,1.0,1.0557815843803553e-08,5.6578380869254374e-09,1.2797077453274852e-08
10,outcome_history,latent_context,mech_pair_train,0.05434436521414343,0.0076119548589937995,0.0014115404292591159,0.03476816921723061,1.2019151426737573,0.2916666666666667,24,0.1,24,1.0,1.079476130705359e-08,6.285459097643553e-09,0.15111519826202388
10,outcome_history,latent_context,mech_pair_validation,0.001814436555498955,-0.1329000367090609,-0.032637321204955834,0.042302657999697936,1.156923953920749,0.09090909090909091,22,0.1,22,1.0,1.0557815843803553e-08,6.667418506189904e-09,1.4007691229167563e-08
10,outcome_history,latent_context,mech_task_holdout,-0.03862252471203487,-0.332768287254033,-0.058728739309406024,0.04129220673210338,0.745841283459895,0.16666666666666666,18,0.1,13,0.7222222222222222,1.2307144525713909e-08,-0.24346205890793193,2.496680984176436e-08
10,outcome_history,outcome_history,mech_pair_test,0.019798137276993644,0.22098569882189537,0.050005728408349784,-0.04671986235218222,1.1629213748923588,0.16666666666666666,24,0.1,24,1.0,1.2626712120322736e-08,5.903684652253105e-09,1.3188799941055152e-08
10,outcome_history,outcome_history,mech_pair_train,0.0574295508382443,0.015458297766584977,0.0032249777323170156,0.032773474825064805,1.1403797617110696,0.2916666666666667,24,0.1,24,1.0,1.2626712120322736e-08,5.903684652253105e-09,0.16488227394640553
10,outcome_history,outcome_history,mech_pair_validation,0.003959868186335314,-0.06820478609261961,-0.018429238524191868,0.02612648813202212,1.1371858392890555,0.09090909090909091,22,0.1,22,1.0,1.2626712120322736e-08,5.903684652253105e-09,1.3188799941055152e-08
10,outcome_history,outcome_history,mech_task_holdout,-0.03045751769724303,-0.2735409454316191,-0.051928609924535775,0.03711833171566494,0.7213070110575697,0.2222222222222222,18,0.1,12,0.6666666666666666,1.9274847495864833e-08,-0.06657324685826296,1.9274847495864833e-08
11,contextual_outcome_history,dual_history,mech_pair_test,,,0.0,-0.006944444444444442,0.05103103630798288,0.8333333333333334,18,0.1,0,0.0,,,
11,contextual_outcome_history,dual_history,mech_pair_train,,,0.0,0.0,0.05892556509887896,0.7777777777777778,18,0.1,0,0.0,,,
11,contextual_outcome_history,dual_history,mech_pair_validation,,,0.0,0.006944444444444445,0.07795119555779044,0.6111111111111112,18,0.1,0,0.0,,,
11,contextual_outcome_history,dual_history,mech_task_holdout,0.1229528250012869,0.43085168806918683,0.08586631864441432,-0.014145771952682311,0.655714560637927,0.3888888888888889,18,0.1,12,0.6666666666666666,0.11936237866476823,1.963852125363985e-08,0.2387247376910152
11,contextual_outcome_history,latent_context,mech_pair_test,-0.007297338011284182,0.3678468770130493,0.07933703986542487,-0.09141959041780955,1.094230321503697,0.05555555555555555,18,0.1,18,1.0,1.1698410906646473e-08,5.13954068193101e-09,1.3090777878366211e-08
11,contextual_outcome_history,latent_context,mech_pair_train,-0.008253199786681042,-0.2472745689059622,-0.0650032971700796,0.07006935131564543,1.1055289996263293,0.1111111111111111,18,0.1,18,1.0,1.1698410906646473e-08,5.13954068193101e-09,1.1960954338086083e-08
11,contextual_outcome_history,latent_context,mech_pair_validation,0.01661227016177702,0.3139750535081438,0.10655341401401962,-0.1073133336163451,1.087294028681263,0.2222222222222222,18,0.1,18,1.0,1.1829682622366278e-08,5.13954068193101e-09,1.340559019347154e-08
11,contextual_outcome_history,latent_context,mech_task_holdout,0.09209057448980107,0.4391729073330531,0.13561795077418876,-0.07585303968158355,0.8163752859389741,0.3888888888888889,18,0.1,18,1.0,4.7533242897301875e-08,1.2307144525713909e-08,0.21696315360306562
11,contextual_outcome_history,outcome_history,mech_pair_test,,,0.0,-0.006944444444444442,0.05103103630798288,0.8333333333333334,18,0.1,0,0.0,,,
11,contextual_outcome_history,outcome_history,mech_pair_train,,,0.0,0.0,0.05892556509887896,0.7777777777777778,18,0.1,0,0.0,,,
11,contextual_outcome_history,outcome_history,mech_pair_validation,,,0.0,0.006944444444444445,0.07795119555779044,0.6111111111111112,18,0.1,0,0.0,,,
11,contextual_outcome_history,outcome_history,mech_task_holdout,0.12174039525269442,0.4350962089748494,0.08647188571464309,-0.015523546641516995,0.6659115712892194,0.3888888888888889,18,0.1,12,0.6666666666666666,0.11744722470603347,1.9274847495864833e-08,0.23489443013721945
11,outcome_history,dual_history,mech_pair_test,0.012173989575763211,0.2622818721369061,0.053918570754441585,-0.05658593397097693,1.1717221046814605,0.125,24,0.1,24,1.0,1.2672469518193452e-08,5.832357707902247e-09,1.318748477086018e-08
11,outcome_history,dual_history,mech_pair_train,0.03437620027985988,0.15167850724425294,0.042780383262010606,-0.028195830490630933,1.1584795583618699,0.2916666666666667,24,0.1,24,1.0,1.2672469518193452e-08,4.352686655550997e-09,0.15813616604967728
11,outcome_history,dual_history,mech_pair_validation,0.05094383798849833,-0.10041935714269193,-0.02555728528642281,0.06252238952505619,1.1138870547502615,0.3181818181818182,22,0.1,22,1.0,1.318748477086018e-08,5.832357707902247e-09,0.15813616604967737
11,outcome_history,dual_history,mech_task_holdout,-0.015341534350882702,-0.039285349221184394,-0.006951479672878682,0.003956206269514973,0.7055201577011985,0.16666666666666666,18,0.1,12,0.6666666666666666,1.0402221195526806e-08,-0.09525722613931656,1.963852125363985e-08
11,outcome_history,latent_context,mech_pair_test,0.01172367380675221,0.2489194064581304,0.04480293164056409,-0.04886515496650925,1.240181586980084,0.125,24,0.1,24,1.0,1.0557815843803553e-08,4.638435524562112e-09,1.2172293756274044e-08
11,outcome_history,latent_context,mech_pair_train,0.035120923090031675,0.21501265984461534,0.05470306718205111,-0.04466756148721987,1.214070045355476,0.2916666666666667,24,0.1,24,1.0,1.0676288575428572e-08,4.382881196862698e-09,0.14019484389474576
11,outcome_history,latent_context,mech_pair_validation,0.050821166337517876,-0.06953024689181166,-0.016333583561989322,0.05241807336763711,1.1281664841552748,0.3181818181818182,22,0.1,22,1.0,1.3200615378572422e-08,6.667418506189904e-09,0.15833102224726978
11,outcome_history,latent_context,mech_task_holdout,-0.007394158975465359,0.01965515030704587,0.003224348585177119,-0.0018857744953921641,0.7345430675040386,0.16666666666666666,18,0.1,13,0.7222222222222222,1.0038851971927443e-08,8.47965508921078e-09,2.496680984176436e-08
11,outcome_history,outcome_history,mech_pair_test,0.01213490751710633,0.2616037107086224,0.054576911019951206,-0.05715122745110445,1.167458391079078,0.125,24,0.1,24,1.0,1.2626712120322736e-08,5.903684652253105e-09,1.3188799941055152e-08
11,outcome_history,outcome_history,mech_pair_train,0.03445567473498279,0.15169441503576125,0.043419535357372585,-0.028777813647123625,1.1541936993472632,0.2916666666666667,24,0.1,24,1.0,1.2626712120322736e-08,4.3960713957957864e-09,0.15888833348104758
11,outcome_history,outcome_history,mech_pair_validation,0.051204254711982644,-0.09940016935988097,-0.025692003150759393,0.06259260350912209,1.1098885951299706,0.3181818181818182,22,0.1,22,1.0,1.3188799941055152e-08,5.903684652253105e-09,0.15888833348104758
11,outcome_history,outcome_history,mech_task_holdout,-0.01417525290222943,-0.03301313677925443,-0.005825430375309415,0.003384952528218507,0.7155856321953532,0.16666666666666666,18,0.1,12,0.6666666666666666,1.0047554455105967e-08,-0.09430040177875329,1.9274847495864833e-08
12,contextual_outcome_history,dual_history,mech_pair_test,,,0.0,-0.006944444444444442,0.05103103630798288,0.8333333333333334,18,0.1,0,0.0,,,
12,contextual_outcome_history,dual_history,mech_pair_train,,,0.0,0.02083333333333333,0.07795119555779044,0.6111111111111112,18,0.1,0,0.0,,,
12,contextual_outcome_history,dual_history,mech_pair_validation,,,0.0,0.006944444444444445,0.07795119555779044,0.6111111111111112,18,0.1,0,0.0,,,
12,contextual_outcome_history,dual_history,mech_task_holdout,0.11893291699495556,0.43668277642047865,0.07472424076597182,-0.007804624393825356,0.6572155624037563,0.3333333333333333,18,0.1,12,0.6666666666666666,1.963852125363985e-08,1.963852125363985e-08,0.2387247376910152
12,contextual_outcome_history,latent_context,mech_pair_test,-0.01370511661692042,0.04648427129643808,0.01002570557321845,-0.0176194449640025,1.0977051992311433,0.05555555555555555,18,0.1,18,1.0,1.1698410906646473e-08,5.13954068193101e-09,1.2146340933050226e-08
12,contextual_outcome_history,latent_context,mech_pair_train,0.021261632665505847,-0.38795626217438245,-0.13000659434015896,0.16097203596462395,1.0892276100638851,0.2777777777777778,18,0.1,18,1.0,1.1960954338086083e-08,6.779258238109875e-09,0.12839696385771562
12,contextual_outcome_history,latent_context,mech_pair_validation,0.011764030061617747,0.14991209390095098,0.050875524117785564,-0.04760964372969383,1.0899709896878524,0.2222222222222222,18,0.1,18,1.0,1.1698410906646473e-08,5.13954068193101e-09,1.3044431229625175e-08
12,contextual_outcome_history,latent_context,mech_task_holdout,0.0909639628491149,0.4417246577543435,0.11712070649285806,-0.06077142534343141,0.816881643031987,0.3333333333333333,18,0.1,18,1.0,4.7533242897301875e-08,1.2307144525713909e-08,0.21696315360306562
12,contextual_outcome_history,outcome_history,mech_pair_test,,,0.0,-0.006944444444444442,0.05103103630798288,0.8333333333333334,18,0.1,0,0.0,,,
12,contextual_outcome_history,outcome_history,mech_pair_train,,,0.0,0.02083333333333333,0.07795119555779044,0.6111111111111112,18,0.1,0,0.0,,,
12,contextual_outcome_history,outcome_history,mech_pair_validation,,,0.0,0.006944444444444445,0.07795119555779044,0.6111111111111112,18,0.1,0,0.0,,,
12,contextual_outcome_history,outcome_history,mech_task_holdout,0.1175496926881151,0.4392632094512406,0.07495746045127395,-0.00883291944401072,0.6674984120607955,0.3333333333333333,18,0.1,12,0.6666666666666666,1.9274847495864833e-08,1.9274847495864833e-08,0.23489443013721945
12,outcome_history,dual_history,mech_pair_test,0.030479452787670613,-0.004777961394753445,-0.0011945259429454646,0.022202339491832545,1.1608147105954096,0.25,24,0.1,24,1.0,1.2672469518193452e-08,5.832357707902247e-09,0.0395340514030329
12,outcome_history,dual_history,mech_pair_train,-0.0005913622335858015,0.10995864023257902,0.028712869096262923,-0.032906857195616264,1.1792686928058256,0.16666666666666666,24,0.1,24,1.0,1.2672469518193452e-08,4.352686655550997e-09,1.318748477086018e-08
12,outcome_history,dual_history,mech_pair_validation,0.055842866577337835,0.048202735309067664,0.010158756861815521,0.022789689351995556,1.1110083921414613,0.2727272727272727,22,0.1,22,1.0,1.318748477086018e-08,5.832357707902247e-09,0.11860212783412916
12,outcome_history,dual_history,mech_task_holdout,-0.009871025958617441,-0.2672697675214872,-0.04640889915864658,0.040300989111098674,0.7036169721523193,0.2222222222222222,18,0.1,12,0.6666666666666666,1.963852125363985e-08,1.0402221195526806e-08,1.963852125363985e-08
12,outcome_history,latent_context,mech_pair_test,0.029906224827485173,0.03353770613128303,0.0073411463833160315,0.01197316774751113,1.2287200411626282,0.25,24,0.1,24,1.0,1.0557815843803553e-08,4.638435524562112e-09,0.03467436153795522
12,outcome_history,latent_context,mech_pair_train,0.00020619817238942684,0.12489530199507501,0.02941848839416506,-0.035225398014210936,1.235840773169518,0.16666666666666666,24,0.1,24,1.0,1.0676288575428572e-08,3.616218213764455e-09,1.2797077453274852e-08
12,outcome_history,latent_context,mech_pair_validation,0.05457561723760718,0.029451966431077527,0.005729194979517407,0.027662442418881807,1.1259330575759354,0.2727272727272727,22,0.1,22,1.0,1.1475677685890417e-08,6.667418506189904e-09,0.12215923578834703
12,outcome_history,latent_context,mech_task_holdout,-0.007327656451459719,-0.2401206048172151,-0.03865448028970575,0.03649613222420031,0.734518821892847,0.2222222222222222,18,0.1,13,0.7222222222222222,2.496680984176436e-08,1.0038851971927443e-08,2.496680984176436e-08
12,outcome_history,outcome_history,mech_pair_test,0.030586537965639593,-0.005305951250408655,-0.0013462048792841747,0.022371506590653453,1.1565039342713985,0.25,24,0.1,24,1.0,1.2626712120322736e-08,5.903684652253105e-09,0.03972209326186185
12,outcome_history,outcome_history,mech_pair_train,-0.0006677561374222041,0.1090610937606184,0.028900944376134035,-0.03302220964635305,1.174999128096846,0.16666666666666666,24,0.1,24,1.0,1.2626712120322736e-08,4.3960713957957864e-09,1.3188799941055152e-08
12,outcome_history,outcome_history,mech_pair_validation,0.056068228353058136,0.04897738736988381,0.010482818235319031,0.02246168422153945,1.1070400339603215,0.2727272727272727,22,0.1,22,1.0,1.3188799941055152e-08,5.903684652253105e-09,0.11916625340798567
12,outcome_history,outcome_history,mech_task_holdout,-0.008924746681176599,-0.26650972432863124,-0.04614865804497625,0.040704249584867784,0.7137308924536412,0.2222222222222222,18,0.1,12,0.6666666666666666,1.9274847495864833e-08,1.0047554455105967e-08,1.9274847495864833e-08
13,contextual_outcome_history,dual_history,mech_pair_test,,,0.0,-0.0069444444444444415,0.05103103630798288,0.8333333333333334,18,0.1,0,0.0,,,
13,contextual_outcome_history,dual_history,mech_pair_train,,,0.0,-0.006944444444444442,0.07795119555779044,0.6111111111111112,18,0.1,0,0.0,,,
13,contextual_outcome_history,dual_history,mech_pair_validation,,,0.0,0.0,0.07216878364870322,0.6666666666666666,18,0.1,0,0.0,,,
13,contextual_outcome_history,dual_history,mech_task_holdout,0.10005001662792423,0.25429473930503327,0.06777276109309331,-0.0038484181243104757,0.6642209007603961,0.3333333333333333,18,0.1,12,0.6666666666666666,1.963852125363985e-08,1.732944623911159e-08,0.2387247376910152
13,contextual_outcome_history,latent_context,mech_pair_test,-0.007297338011284182,0.3678468770130496,0.07933703986542485,-0.09141959041780952,1.094230321503697,0.05555555555555555,18,0.1,18,1.0,1.1698410906646473e-08,5.13954068193101e-09,1.3090777878366211e-08
13,contextual_outcome_history,latent_context,mech_pair_train,-0.02099486734571787,-0.12646926349361426,-0.043805604749328715,0.04027516505850011,1.1124925572951663,0.16666666666666666,18,0.1,18,1.0,1.1698410906646473e-08,5.13954068193101e-09,1.1960954338086083e-08
13,contextual_outcome_history,latent_context,mech_pair_validation,0.007120305421918105,0.4169442807598287,0.13152463896650943,-0.14103455199083206,1.09252887727388,0.16666666666666666,18,0.1,18,1.0,1.1698410906646473e-08,5.13954068193101e-09,1.1960954338086083e-08
13,contextual_outcome_history,latent_context,mech_task_holdout,0.08011032652196615,0.26573958891040605,0.1097389131536676,-0.054752725553756494,0.8217438420752042,0.3333333333333333,18,0.1,18,1.0,4.7533242897301875e-08,1.2307144525713909e-08,0.21696315360306556
13,contextual_outcome_history,outcome_history,mech_pair_test,,,0.0,-0.0069444444444444415,0.05103103630798288,0.8333333333333334,18,0.1,0,0.0,,,
13,contextual_outcome_history,outcome_history,mech_pair_train,,,0.0,-0.006944444444444442,0.07795119555779044,0.6111111111111112,18,0.1,0,0.0,,,
13,contextual_outcome_history,outcome_history,mech_pair_validation,,,0.0,0.0,0.07216878364870322,0.6666666666666666,18,0.1,0,0.0,,,
13,contextual_outcome_history,outcome_history,mech_task_holdout,0.09993595346061912,0.26011591262460015,0.0691320300759646,-0.005447966915792263,0.6741271439720121,0.3333333333333333,18,0.1,12,0.6666666666666666,1.9274847495864833e-08,1.6968024235675117e-08,0.23489443013721945
13,outcome_history,dual_history,mech_pair_test,0.05319960685820713,0.20910053342428297,0.04921687737341175,-0.02515581405888866,1.1471325659526403,0.2916666666666667,24,0.1,24,1.0,1.2672469518193452e-08,5.832357707902247e-09,0.1581361660496773
13,outcome_history,dual_history,mech_pair_train,0.05207225206845434,-0.09554144932691655,-0.026400227601124086,0.0667147496005265,1.14781530788556,0.375,24,0.1,24,1.0,1.2929977144526816e-08,5.832357707902247e-09,0.1818116323795849
13,outcome_history,dual_history,mech_pair_validation,0.06264126298795736,0.029137437893479265,0.00870689448642933,0.03008664764968495,1.107001261953384,0.22727272727272727,22,0.1,22,1.0,1.2929977144526816e-08,5.832357707902247e-09,1.318748477086018e-08
13,outcome_history,dual_history,mech_task_holdout,0.03313132244640227,0.12127770418622229,0.027395047784887033,-0.001702102511557916,0.6884732902306048,0.3333333333333333,18,0.1,12,0.6666666666666666,1.963852125363985e-08,-0.09525722613931656,0.2387247376910152
13,outcome_history,latent_context,mech_pair_test,0.05137318998682461,0.23686418056702746,0.04881304323790837,-0.027663366285499508,1.2150489661955988,0.2916666666666667,24,0.1,24,1.0,1.0759944268912136e-08,5.6578380869254374e-09,0.13869740412874723
13,outcome_history,latent_context,mech_pair_train,0.052039066949233104,-0.013941545293505244,-0.0034749917738590447,0.04061925304784092,1.2033792519192967,0.375,24,0.1,24,1.0,1.2393539527977282e-08,6.667418506189904e-09,0.17385941699234375
13,outcome_history,latent_context,mech_pair_validation,0.05909876311664153,-0.04860444207838339,-0.013405971944038038,0.054814952953034034,1.1232364562216548,0.22727272727272727,22,0.1,22,1.0,1.0557815843803553e-08,6.667418506189904e-09,1.7357050019484177e-08
13,outcome_history,latent_context,mech_task_holdout,0.03921733294620855,0.16579209977959994,0.03471953549372763,-0.006416984622097516,0.7173483932353191,0.3333333333333333,18,0.1,13,0.7222222222222222,2.496680984176436e-08,8.47965508921078e-09,0.22404230865106178
13,outcome_history,outcome_history,mech_pair_test,0.05336063722687945,0.2093465883399232,0.05000572840834969,-0.025886529018848747,1.1428385221589379,0.2916666666666667,24,0.1,24,1.0,1.2626712120322736e-08,5.903684652253105e-09,0.15888833348104758
13,outcome_history,outcome_history,mech_pair_train,0.05229011694360264,-0.09636280770392451,-0.027022171523101365,0.06733385772873816,1.1434845369869153,0.375,24,0.1,24,1.0,1.2907756030688944e-08,5.903684652253105e-09,0.1828640953424794
13,outcome_history,outcome_history,mech_pair_validation,0.0629317102180833,0.03103184730227336,0.009417445346489327,0.02932538504367544,1.1030079567940707,0.22727272727272727,22,0.1,22,1.0,1.2907756030688944e-08,5.903684652253105e-09,1.3188799941055152e-08
13,outcome_history,outcome_history,mech_task_holdout,0.03383320793379474,0.12768897215549094,0.02876332391054774,-0.0028244661283882777,0.6984433081830296,0.3333333333333333,18,0.1,12,0.6666666666666666,1.9274847495864833e-08,-0.09430040177875329,0.23489443013721945
14,contextual_outcome_history,dual_history,mech_pair_test,,,0.0,0.0,0.05892556509887896,0.7777777777777778,18,0.1,0,0.0,,,
14,contextual_outcome_history,dual_history,mech_pair_train,,,0.0,0.0,0.05892556509887896,0.7777777777777778,18,0.1,0,0.0,,,
14,contextual_outcome_history,dual_history,mech_pair_validation,,,0.0,-0.006944444444444439,0.06588078458684124,0.7222222222222222,18,0.1,0,0.0,,,
14,contextual_outcome_history,dual_history,mech_task_holdout,0.16740577379224064,0.5247838683178969,0.10907076822373761,-0.013462933174898311,0.6388811109305989,0.3888888888888889,18,0.1,12,0.6666666666666666,0.11936237866476823,1.963852125363985e-08,0.2387247376910152
14,contextual_outcome_history,latent_context,mech_pair_test,0.002064094038362496,0.21450743401983097,0.05392368716116543,-0.05741594786102786,1.0891337757359363,0.1111111111111111,18,0.1,18,1.0,1.1698410906646473e-08,5.13954068193101e-09,1.3090777878366211e-08
14,contextual_outcome_history,latent_context,mech_pair_train,-0.008253199786681042,-0.24727456890596192,-0.06500329717007955,0.07006935131564536,1.1055289996263293,0.1111111111111111,18,0.1,18,1.0,1.1698410906646473e-08,5.13954068193101e-09,1.1960954338086083e-08
14,contextual_outcome_history,latent_context,mech_pair_validation,-0.008037080351763759,0.3192952145375091,0.09143335009534898,-0.10498889960544291,1.1008366100608673,0.1111111111111111,18,0.1,18,1.0,1.1698410906646473e-08,5.13954068193101e-09,1.1960954338086083e-08
14,contextual_outcome_history,latent_context,mech_task_holdout,0.12732718262662135,0.5321265809448895,0.1713678868025336,-0.09111264121606487,0.8003764667856137,0.3888888888888889,18,0.1,18,1.0,4.7533242897301875e-08,1.2307144525713909e-08,0.21696315360306562
14,contextual_outcome_history,outcome_history,mech_pair_test,,,0.0,0.0,0.05892556509887896,0.7777777777777778,18,0.1,0,0.0,,,
14,contextual_outcome_history,outcome_history,mech_pair_train,,,0.0,0.0,0.05892556509887896,0.7777777777777778,18,0.1,0,0.0,,,
14,contextual_outcome_history,outcome_history,mech_pair_validation,,,0.0,-0.006944444444444439,0.06588078458684124,0.7222222222222222,18,0.1,0,0.0,,,
14,contextual_outcome_history,outcome_history,mech_task_holdout,0.1655581535241395,0.5285363903098473,0.10954621473713115,-0.015042338100617498,0.6490873499344403,0.3888888888888889,18,0.1,12,0.6666666666666666,0.11744722470603347,1.9274847495864833e-08,0.23489443013721947
14,outcome_history,dual_history,mech_pair_test,0.06873435136999251,0.17111643400111282,0.04278038326201061,-0.007362497157297551,1.1376827838159553,0.375,24,0.1,24,1.0,1.318748477086018e-08,1.0962441565620651e-08,0.1581361660496774
14,outcome_history,dual_history,mech_pair_train,0.08468800236472562,-0.08651735326707054,-0.02520570165817863,0.08617907677536064,1.1278957801981522,0.4583333333333333,24,0.1,24,1.0,1.318748477086018e-08,5.832357707902247e-09,0.2616294359433853
14,outcome_history,dual_history,mech_pair_validation,0.07747343471093793,-0.03877106548662603,-0.013159539014559645,0.06577583617117197,1.0982080950097888,0.36363636363636365,22,0.1,22,1.0,1.318748477086018e-08,7.542385660475048e-09,0.18181163237958495
14,outcome_history,dual_history,mech_task_holdout,0.07849987621033316,0.34023238738693246,0.06266186906509105,-0.014828610730466275,0.6721265477283745,0.16666666666666666,18,0.1,12,0.6666666666666666,1.963852125363985e-08,1.0402221195526806e-08,0.05968119915164474
14,outcome_history,latent_context,mech_pair_test,0.0642580333447419,0.13613150986780753,0.029798142347881994,0.0057027365709316855,1.2067689761092557,0.375,24,0.1,24,1.0,1.2393539527977282e-08,9.58521650940014e-09,0.16287897526544615
14,outcome_history,latent_context,mech_pair_train,0.08008339448117885,-0.10333317456268787,-0.027155784848757924,0.08980772652905943,1.1854453260277678,0.4583333333333333,24,0.1,24,1.0,1.487529477373073e-08,6.667418506189904e-09,0.2403815034156487
14,outcome_history,latent_context,mech_pair_validation,0.07654477661142245,-0.02850464902315853,-0.008930156313027513,0.061156482071768506,1.1127743131445575,0.36363636363636365,22,0.1,22,1.0,1.4007691229167563e-08,7.640017840593316e-09,0.18788819134525347
14,outcome_history,latent_context,mech_task_holdout,0.07456478956829637,0.3274842243786861,0.05591612345972848,-0.01186945816579459,0.7040290177840114,0.16666666666666666,18,0.1,13,0.7222222222222222,2.496680984176436e-08,1.0038851971927443e-08,9.556261182375181e-08
14,outcome_history,outcome_history,mech_pair_test,0.0689619173674747,0.17113438041029913,0.04341953535737257,-0.007944480313790263,1.1333820078986951,0.375,24,0.1,24,1.0,1.3188799941055152e-08,1.0945955253305328e-08,0.1588883334810477
14,outcome_history,outcome_history,mech_pair_train,0.08505360814731211,-0.08684329267365433,-0.02567596664381696,0.08662901780475113,1.1235448560515804,0.4583333333333333,24,0.1,24,1.0,1.3188799941055152e-08,5.903684652253105e-09,0.261192382068732
14,outcome_history,outcome_history,mech_pair_validation,0.07777874774406857,-0.03904843269522923,-0.013460156364305306,0.0660685299320639,1.094234963824676,0.36363636363636365,22,0.1,22,1.0,1.3188799941055152e-08,7.584441519270513e-09,0.1828640953424795
14,outcome_history,outcome_history,mech_task_holdout,0.07792263698124913,0.3451836707872038,0.06339755669215486,-0.016004755182416463,0.6823210781654342,0.16666666666666666,18,0.1,12,0.6666666666666666,1.9274847495864833e-08,1.0047554455105967e-08,0.05872362199044048
15,contextual_outcome_history,dual_history,mech_pair_test,,,0.0,0.0,0.05892556509887896,0.7777777777777778,18,0.1,0,0.0,,,
15,contextual_outcome_history,dual_history,mech_pair_train,,,0.0,0.013888888888888885,0.09316949906249124,0.4444444444444444,18,0.1,0,0.0,,,
15,contextual_outcome_history,dual_history,mech_pair_validation,,,0.0,-0.0069444444444444415,0.06588078458684124,0.7222222222222222,18,0.1,0,0.0,,,
15,contextual_outcome_history,dual_history,mech_task_holdout,0.1884773722196489,0.4401882304248905,0.10303958237329724,0.0038584069901145238,0.6307447836261433,0.4444444444444444,18,0.1,12,0.6666666666666666,0.2387247376910152,1.963852125363985e-08,0.2387247376910152
15,contextual_outcome_history,latent_context,mech_pair_test,0.002064094038362496,0.2145074340198311,0.053923687161165516,-0.05741594786102796,1.0891337757359363,0.1111111111111111,18,0.1,18,1.0,1.1698410906646473e-08,5.13954068193101e-09,1.3090777878366211e-08
15,contextual_outcome_history,latent_context,mech_pair_train,0.01964824481146743,0.06186887212308719,0.02542835214423291,-0.013521230556441695,1.0901250015593076,0.3333333333333333,18,0.1,18,1.0,1.1698410906646473e-08,5.13954068193101e-09,0.1711959478233028
15,contextual_outcome_history,latent_context,mech_pair_validation,-0.008740372946639319,0.2910904505332931,0.08335663630779794,-0.09632819755344571,1.1012205618318063,0.1111111111111111,18,0.1,18,1.0,1.1698410906646473e-08,5.13954068193101e-09,1.1960954338086083e-08
15,contextual_outcome_history,latent_context,mech_task_holdout,0.1518219812469911,0.44868977024513296,0.16274154092902657,-0.07019031428456698,0.7890637517290128,0.4444444444444444,18,0.1,18,1.0,4.7533242897301875e-08,1.2307144525713909e-08,0.21696315360306562
15,contextual_outcome_history,outcome_history,mech_pair_test,,,0.0,0.0,0.05892556509887896,0.7777777777777778,18,0.1,0,0.0,,,
15,contextual_outcome_history,outcome_history,mech_pair_train,,,0.0,0.013888888888888885,0.09316949906249124,0.4444444444444444,18,0.1,0,0.0,,,
15,contextual_outcome_history,outcome_history,mech_pair_validation,,,0.0,-0.0069444444444444415,0.06588078458684124,0.7222222222222222,18,0.1,0,0.0,,,
15,contextual_outcome_history,outcome_history,mech_task_holdout,0.18681925376419684,0.44452472996336967,0.10376626285757169,0.002205077363512966,0.6407648075476929,0.4444444444444444,18,0.1,12,0.6666666666666666,0.23489443013721945,1.9274847495864833e-08,0.23489443013721947
15,outcome_history,dual_history,mech_pair_test,0.10544298867961366,0.3214278718275114,0.07268777830121914,-0.020805027178079846,1.115034760139624,0.5,24,0.1,24,1.0,0.07906808961858103,1.2672469518193452e-08,0.18181163237958498
15,outcome_history,dual_history,mech_pair_train,0.10599319406747443,0.0473527647262811,0.012332713435376345,0.05357422369448823,1.1146918012849438,0.5,24,0.1,24,1.0,0.07906808961858103,1.0962441565620651e-08,0.2616294359433852
15,outcome_history,dual_history,mech_pair_validation,0.07441388733679666,0.08679630619013623,0.023318295876375173,0.019513853180823548,1.1000276840407917,0.3181818181818182,22,0.1,22,1.0,1.318748477086018e-08,7.542385660475048e-09,0.15813616604967737
15,outcome_history,dual_history,mech_task_holdout,0.07356436323102422,0.18095558581844315,0.03945741948576773,0.005321883825083076,0.673924083755268,0.2777777777777778,18,0.1,12,0.6666666666666666,1.963852125363985e-08,1.0402221195526806e-08,0.05968119915164474
15,outcome_history,latent_context,mech_pair_test,0.0979767390086892,0.23894999938422615,0.047311037826817066,0.005399431874106004,1.1848270250138644,0.5,24,0.1,24,1.0,0.06934870906821922,1.0861008481466428e-08,0.1866092733290808
15,outcome_history,latent_context,mech_pair_train,0.10092371423080104,0.040625254575703325,0.009544131533173255,0.056280287559822735,1.1719405214224368,0.5,24,0.1,24,1.0,0.06934871074289867,9.58521650940014e-09,0.2410055765865725
15,outcome_history,latent_context,mech_pair_validation,0.07216267880869698,0.045809879672975805,0.01135965494232266,0.03270839814004047,1.1154114278310272,0.3181818181818182,22,0.1,22,1.0,1.3200615378572422e-08,7.640017840593316e-09,0.16287897526544604
15,outcome_history,latent_context,mech_task_holdout,0.06264532805903211,0.12448957382500597,0.02516567852757635,0.013059519663655523,0.7085484041936888,0.2222222222222222,18,0.1,13,0.7222222222222222,2.496680984176436e-08,9.0806243635555e-09,2.496680984176436e-08
15,outcome_history,outcome_history,mech_pair_test,0.10577636584679073,0.3209950296830948,0.07366668461279119,-0.021671529884130576,1.1107483156125202,0.5,24,0.1,24,1.0,0.07944417333492376,1.2626712120322736e-08,0.1828640953424794
15,outcome_history,outcome_history,mech_pair_train,0.10641151042246222,0.04730707990197008,0.012503580541862644,0.05342174627203258,1.1103537772345577,0.5,24,0.1,24,1.0,0.07944417333492376,1.0945955253305328e-08,0.2611923820687321
15,outcome_history,outcome_history,mech_pair_validation,0.07470215937862434,0.08775441617183796,0.023942974599624436,0.01889315428947541,1.096058662585241,0.3181818181818182,22,0.1,22,1.0,1.3188799941055152e-08,7.584441519270513e-09,0.15888833348104758
15,outcome_history,outcome_history,mech_task_holdout,0.07346026364066083,0.18544025544837872,0.040323227669666714,0.004347369610017441,0.6839701244502555,0.2777777777777778,18,0.1,12,0.6666666666666666,1.9274847495864833e-08,1.0047554455105967e-08,0.05872362199044048
16,contextual_outcome_history,dual_history,mech_pair_test,,,0.0,0.01388888888888889,0.07216878364870322,0.6666666666666666,18,0.1,0,0.0,,,
16,contextual_outcome_history,dual_history,mech_pair_train,,,0.0,0.02083333333333333,0.07795119555779044,0.6111111111111112,18,0.1,0,0.0,,,
16,contextual_outcome_history,dual_history,mech_pair_validation,,,0.0,0.027777777777777773,0.10206207261596575,0.6666666666666666,18,0.1,0,0.0,,,
16,contextual_outcome_history,dual_history,mech_task_holdout,0.14589711238203773,0.4224363892260596,0.11418166025173979,-0.02331607390207577,0.6470806985881091,0.2777777777777778,18,0.1,12,0.6666666666666666,1.963852125363985e-08,1.732944623911159e-08,0.2902791842597882
16,contextual_outcome_history,latent_context,mech_pair_test,0.02209031309308318,0.056913549813481526,0.017195045461895223,-0.004419759604628594,1.0781502204051305,0.2222222222222222,18,0.1,18,1.0,1.1829682622366278e-08,6.779258238109875e-09,1.340559019347154e-08
16,contextual_outcome_history,latent_context,mech_pair_train,0.026533504144197084,-0.19818640719088745,-0.06641351707790688,0.09242281052652193,1.0862901440414372,0.2777777777777778,18,0.1,18,1.0,1.1829682622366278e-08,5.13954068193101e-09,0.12839696385771562
16,contextual_outcome_history,latent_context,mech_pair_validation,0.05012662967904902,0.24713226351848794,0.10608687690761649,-0.08597973012598498,1.0686056512366382,0.2222222222222222,18,0.1,18,1.0,1.1829682622366278e-08,5.13954068193101e-09,1.340559019347154e-08
16,contextual_outcome_history,latent_context,mech_task_holdout,0.10785122088113486,0.43274246892943724,0.18123878521035722,-0.1061052619560524,0.8092584246448745,0.2777777777777778,18,0.1,18,1.0,2.992019371150789e-08,1.2307144525713909e-08,0.16272237708561002
16,contextual_outcome_history,outcome_history,mech_pair_test,,,0.0,0.01388888888888889,0.07216878364870322,0.6666666666666666,18,0.1,0,0.0,,,
16,contextual_outcome_history,outcome_history,mech_pair_train,,,0.0,0.02083333333333333,0.07795119555779044,0.6111111111111112,18,0.1,0,0.0,,,
16,contextual_outcome_history,outcome_history,mech_pair_validation,,,0.0,0.027777777777777773,0.10206207261596575,0.6666666666666666,18,0.1,0,0.0,,,
16,contextual_outcome_history,outcome_history,mech_task_holdout,0.14477759874738605,0.42768787956000215,0.11528068812094086,-0.02531888316732668,0.6571199334880603,0.2777777777777778,18,0.1,12,0.6666666666666666,1.9274847495864833e-08,1.6968024235675117e-08,0.28576838327623455
16,outcome_history,dual_history,mech_pair_test,0.17513223908872055,0.46942705917207334,0.15824854482524042,-0.0771966881593417,1.070721588673917,0.7083333333333334,24,0.1,24,1.0,0.18181163237958498,1.2672469518193452e-08,0.2664865018264685
16,outcome_history,dual_history,mech_pair_train,0.12187475219274702,0.06135993061248222,0.01757468160383192,0.0579832462847298,1.1047464798413476,0.5416666666666666,24,0.1,24,1.0,0.15813616604967734,1.0962441565620651e-08,0.2628437024141562
16,outcome_history,dual_history,mech_pair_validation,0.16115335545970833,0.27903402329508453,0.09696403529093463,-0.011277788280275022,1.0472165230316035,0.6818181818181818,22,0.1,22,1.0,0.18181163237958486,1.318748477086018e-08,0.26527223535569766
16,outcome_history,dual_history,mech_task_holdout,0.15507151967359967,0.6683355235565155,0.13319551162549914,-0.04108162716828301,0.6435959836779004,0.3888888888888889,18,0.1,12,0.6666666666666666,0.2387247376910152,1.963852125363985e-08,0.25895820241495726
16,outcome_history,latent_context,mech_pair_test,0.16668897211396982,0.467647734891218,0.13802826196916151,-0.06242220007346278,1.1388057403868326,0.7083333333333334,24,0.1,24,1.0,0.188978789098403,1.3604153303869992e-08,0.24748604824753856
16,outcome_history,latent_context,mech_pair_train,0.11657014118012388,0.06910692709971093,0.017854644559785332,0.056746030673165096,1.1616982532321225,0.5416666666666666,24,0.1,24,1.0,0.14468716319274105,9.762925606837669e-09,0.24144151859420493
16,outcome_history,latent_context,mech_pair_validation,0.16065993802537581,0.31262743421038985,0.10027462103157628,-0.015922639785717223,1.060884605100539,0.6818181818181818,22,0.1,22,1.0,0.19371782063704723,1.4845030926746716e-08,0.24225372292842012
16,outcome_history,latent_context,mech_task_holdout,0.14312466011419467,0.6131966414363375,0.1132957950427458,-0.03153932335289798,0.6774486353682879,0.3888888888888889,18,0.1,13,0.7222222222222222,0.22404230865106178,2.496680984176436e-08,0.23479948074753487
16,outcome_history,outcome_history,mech_pair_test,0.17563145799936208,0.46916331866107125,0.16050575532753608,-0.07922715717837751,1.0664814273848222,0.7083333333333334,24,0.1,24,1.0,0.1828640953424795,1.2626712120322736e-08,0.2664987623674744
16,outcome_history,outcome_history,mech_pair_train,0.12234051093011233,0.06104406018097724,0.017743568713555497,0.05785120415762766,1.100412760007349,0.5416666666666666,24,0.1,24,1.0,0.15888833348104764,1.0945955253305328e-08,0.26251897714341776
16,outcome_history,outcome_history,mech_pair_validation,0.1616625000289983,0.27935052301984303,0.09858629983846233,-0.012776841462831728,1.0432838175870989,0.6818181818181818,22,0.1,22,1.0,0.1828640953424795,1.3188799941055152e-08,0.2651721672927888
16,outcome_history,outcome_history,mech_task_holdout,0.15234754977509124,0.6675289068353156,0.13266602225536914,-0.04236533329047283,0.6542052400276668,0.3888888888888889,18,0.1,12,0.6666666666666666,0.2348944301372194,1.9274847495864833e-08,0.25541276699884397
17,contextual_outcome_history,dual_history,mech_pair_test,,,0.0,0.10416666666666666,0.12147816447594376,0.2222222222222222,18,0.1,0,0.0,,,
17,contextual_outcome_history,dual_history,mech_pair_train,,,0.0,0.10416666666666664,0.12147816447594376,0.2222222222222222,18,0.1,0,0.0,,,
17,contextual_outcome_history,dual_history,mech_pair_validation,,,0.0,0.10416666666666666,0.15866193970549808,0.2222222222222222,18,0.1,0,0.0,,,
17,contextual_outcome_history,dual_history,mech_task_holdout,0.45687709146289224,0.7843664564759721,0.3230217064656489,-0.03800385823535293,0.5160032194738032,0.6666666666666666,18,0.1,12,0.6666666666666666,0.5114446595234815,0.3196585965867831,0.6186533692274974
17,contextual_outcome_history,latent_context,mech_pair_test,0.17943735210584932,0.21236346782618243,0.05662305568265273,0.04387653103312625,0.9876106713046932,0.7777777777777778,18,0.1,18,1.0,0.25211922343989707,0.17119594782330272,0.2655194059085363
17,contextual_outcome_history,latent_context,mech_pair_train,0.16769706709455856,-0.2331326993178477,-0.06500329717007938,0.17423601798231184,1.0044447364002844,0.7777777777777778,18,0.1,18,1.0,0.2521192234398969,0.17119594782330272,0.2547263887458032
17,contextual_outcome_history,latent_context,mech_pair_validation,0.1814599956955275,0.3638425482064887,0.1903307368385483,-0.09992596883522431,0.9919837664478165,0.6666666666666666,18,0.1,18,1.0,0.17119594782330289,1.2322113301932447e-08,0.31187563371663896
17,contextual_outcome_history,latent_context,mech_task_holdout,0.35150272100113233,0.7882400878804661,0.5029882094654605,-0.2642750090997174,0.6899580174324375,0.6666666666666666,18,0.1,18,1.0,0.2581140224192337,4.7533242897301875e-08,0.47776820616336446
17,contextual_outcome_history,outcome_history,mech_pair_test,,,0.0,0.10416666666666666,0.12147816447594376,0.2222222222222222,18,0.1,0,0.0,,,
17,contextual_outcome_history,outcome_history,mech_pair_train,,,0.0,0.10416666666666664,0.12147816447594376,0.2222222222222222,18,0.1,0,0.0,,,
17,contextual_outcome_history,outcome_history,mech_pair_validation,,,0.0,0.10416666666666666,0.15866193970549808,0.2222222222222222,18,0.1,0,0.0,,,
17,contextual_outcome_history,outcome_history,mech_task_holdout,0.4516432297058034,0.7863710872087121,0.32294964932333364,-0.04182133963256467,0.5261828785275605,0.6666666666666666,18,0.1,12,0.6666666666666666,0.5060459401811064,0.3169677775837175,0.6104874477157345
17,outcome_history,dual_history,mech_pair_test,0.5742367993707918,0.7226156746415283,0.5579937595046038,-0.2384562845308641,0.7692516834152612,0.9583333333333334,24,0.1,24,1.0,0.521346938768817,0.48365739213062753,0.6685196134436662
17,outcome_history,dual_history,mech_pair_train,0.5592105272866172,0.6759780725484178,0.5093935673093695,-0.19317389935822066,0.7827084118090321,1.0,24,0.1,24,1.0,0.4912593163267738,0.4836573921306272,0.6575154869480103
17,outcome_history,dual_history,mech_pair_validation,0.5530322780419394,0.7391290166613886,0.48873047733601505,-0.174375361851424,0.7644221817905914,1.0,22,0.1,22,1.0,0.5213469387688169,0.4836573921306273,0.6454669678405325
17,outcome_history,dual_history,mech_task_holdout,0.4119456006817558,0.7183681763591493,0.2886751790078833,-0.03234554945427993,0.5369231164310105,0.6111111111111112,18,0.1,12,0.6666666666666666,0.44494252396610745,0.23872473769101518,0.5779467950808552
17,outcome_history,latent_context,mech_pair_test,0.5558886112587407,0.7678668341982844,0.5191411479613575,-0.2255194033870487,0.831365576524927,0.9583333333333334,24,0.1,24,1.0,0.5114344007291575,0.45318243562278354,0.6320811149971473
17,outcome_history,latent_context,mech_pair_train,0.5430476119844844,0.7057655224638166,0.47974262535693474,-0.18381392752600859,0.8354929220580875,1.0,24,0.1,24,1.0,0.4722889680118147,0.45095891984618586,0.6133629769911525
17,outcome_history,latent_context,mech_pair_validation,0.5506770608848199,0.7654133969602965,0.46714924682913933,-0.15484854227482975,0.776208629048475,1.0,22,0.1,22,1.0,0.5305968925900555,0.44776982192461384,0.6498571641722237
17,outcome_history,latent_context,mech_task_holdout,0.3768439624840183,0.6363832311394746,0.23708280957541158,-0.006714482710191747,0.5777180725386938,0.5555555555555556,18,0.1,13,0.7222222222222222,0.41970765682075306,0.21696315360306573,0.6340019121705855
17,outcome_history,outcome_history,mech_pair_test,0.5755654100573854,0.7228793099995543,0.5664775638443212,-0.24621541357843205,0.7652405521773671,0.9583333333333334,24,0.1,24,1.0,0.5231861059909025,0.48292627636919483,0.6678640870879795
17,outcome_history,outcome_history,mech_pair_train,0.5606453673818877,0.6772914942554434,0.517954277901598,-0.20118938950542392,0.7785745373091915,1.0,24,0.1,24,1.0,0.491782511893748,0.4829262763691944,0.6590987373108734
17,outcome_history,outcome_history,mech_pair_validation,0.5543589848918422,0.7399483414516241,0.496894431419384,-0.1819168915750108,0.76065128259191,1.0,22,0.1,22,1.0,0.5224547467401157,0.4829262763691944,0.6479888824311908
17,outcome_history,outcome_history,mech_task_holdout,0.4070732551950452,0.7195805570440426,0.2883608950374764,-0.0356119209759582,0.5471490224821827,0.6111111111111112,18,0.1,12,0.6666666666666666,0.4383902426932794,0.23489443013721942,0.5737016376689328
18,contextual_outcome_history,dual_history,mech_pair_test,,,0.0,0.17361111111111105,0.19764235376052372,0.1111111111111111,18,0.1,0,0.0,,,
18,contextual_outcome_history,dual_history,mech_pair_train,,,0.0,0.15972222222222218,0.1886538570445295,0.16666666666666666,18,0.1,0,0.0,,,
18,contextual_outcome_history,dual_history,mech_pair_validation,,,0.0,0.13888888888888884,0.19094065395649334,0.2222222222222222,18,0.1,0,0.0,,,
18,contextual_outcome_history,dual_history,mech_task_holdout,0.5414239504858354,0.7425053033766655,0.2937860710358853,0.041134643151875906,0.4741426634076859,0.8333333333333334,18,0.1,12,0.6666666666666666,0.5983000821541767,0.3196585965867833,0.6186533692274976
18,contextual_outcome_history,latent_context,mech_pair_test,0.27480759709088287,-0.09016144085812261,-0.03633102846811075,0.21229504661478044,0.928445733481674,0.8888888888888888,18,0.1,18,1.0,0.2625287541770905,0.17119594782330275,0.4709763128755049
18,contextual_outcome_history,latent_context,mech_pair_train,0.25107297050132527,-0.09780630516747234,-0.04380560474932876,0.20694183172516678,0.9528073249709951,0.8333333333333334,18,0.1,18,1.0,0.2547263887458033,0.2521192234398969,0.32633082574219097
18,contextual_outcome_history,latent_context,mech_pair_validation,0.23552705741940028,0.3626411643846891,0.20769178510989025,-0.0838200886480743,0.9586623462991444,0.7222222222222222,18,0.1,18,1.0,0.2534228060928501,0.04279899592654146,0.32633082574219113
18,contextual_outcome_history,latent_context,mech_task_holdout,0.454767576675676,0.7480439453154032,0.45861192756360875,-0.1655930806337382,0.6326440437127776,0.8333333333333334,18,0.1,18,1.0,0.47078233853979573,0.25811402241923365,0.5713926770573576
18,contextual_outcome_history,outcome_history,mech_pair_test,,,0.0,0.17361111111111105,0.19764235376052372,0.1111111111111111,18,0.1,0,0.0,,,
18,contextual_outcome_history,outcome_history,mech_pair_train,,,0.0,0.15972222222222218,0.1886538570445295,0.16666666666666666,18,0.1,0,0.0,,,
18,contextual_outcome_history,outcome_history,mech_pair_validation,,,0.0,0.13888888888888884,0.19094065395649334,0.2222222222222222,18,0.1,0,0.0,,,
18,contextual_outcome_history,outcome_history,mech_task_holdout,0.536837267491186,0.7453529216033026,0.29409536842128586,0.03744486729066643,0.4835839866730988,0.8333333333333334,18,0.1,12,0.6666666666666666,0.592094542692334,0.3169677775837182,0.6104874477157345
18,outcome_history,dual_history,mech_pair_test,0.6748848463057948,0.7498987793022426,0.6494507453526006,-0.24431373824938024,0.6722069534643441,1.0,24,0.1,24,1.0,0.666083881234196,0.6011502977906225,0.7608158172313426
18,outcome_history,dual_history,mech_pair_train,0.6531911080293089,0.6815304624635159,0.6055522465383959,-0.20962813965549162,0.6942717695140654,1.0,24,0.1,24,1.0,0.6178898048042851,0.4915107085573863,0.7447847885570931
18,outcome_history,dual_history,mech_pair_validation,0.6262943156339087,0.7448159376051511,0.6783789636676204,-0.3171700682916134,0.6989724397934656,0.9545454545454546,22,0.1,22,1.0,0.5548259527961422,0.48365739213062753,0.7140544224231626
18,outcome_history,dual_history,mech_task_holdout,0.5452117170289579,0.6962275807414283,0.3411152640169703,0.014198787936275216,0.4721804309011097,0.7222222222222222,18,0.1,12,0.6666666666666666,0.5983000821541765,0.41362154212127644,0.6577061807008074
18,outcome_history,latent_context,mech_pair_test,0.6544452806252326,0.7867228289527741,0.5965445806845637,-0.21998070712801038,0.7333385193446005,1.0,24,0.1,24,1.0,0.6498571641722237,0.564999777604198,0.7404991377538002
18,outcome_history,latent_context,mech_pair_train,0.6345616059306366,0.6932422689819225,0.5556206820518174,-0.18091953886164208,0.7471613296547456,1.0,24,0.1,24,1.0,0.6266301026118417,0.4542454682633076,0.7099627156559594
18,outcome_history,latent_context,mech_pair_validation,0.6246491083464536,0.7631375340812732,0.6415590690395467,-0.2823639788316257,0.7094436353620502,0.9545454545454546,22,0.1,22,1.0,0.5576744791759489,0.5042224020688649,0.7375995886766704
18,outcome_history,latent_context,mech_task_holdout,0.48621137720778373,0.5690817476657235,0.25848989210775813,0.05715437951475725,0.5245776601696002,0.6666666666666666,18,0.1,13,0.7222222222222222,0.5869960535896983,0.3560116089965091,0.6340019121705855
18,outcome_history,outcome_history,mech_pair_test,0.6763024891841756,0.7500687720945083,0.6592340220499523,-0.253240579228922,0.668285858546392,1.0,24,0.1,24,1.0,0.6652016955280997,0.6038534524036479,0.7624527581605092
18,outcome_history,outcome_history,mech_pair_train,0.6546629594313964,0.6823588842607327,0.6152819187188301,-0.21864592025483562,0.6902623295303532,1.0,24,0.1,24,1.0,0.6207622760093693,0.4917825118937479,0.7472641310321968
18,outcome_history,outcome_history,mech_pair_validation,0.6274641268008916,0.7451292006583722,0.6892369506831815,-0.32711227389863345,0.6954678754107251,0.9545454545454546,22,0.1,22,1.0,0.5570037532023455,0.4829262763691947,0.7163355457032807
18,outcome_history,outcome_history,mech_task_holdout,0.5399365314114497,0.6964726066437591,0.3402895049620122,0.010603080641710113,0.48196331432829675,0.7222222222222222,18,0.1,12,0.6666666666666666,0.5920945426923336,0.40803462641588883,0.6504159856694242
19,contextual_outcome_history,dual_history,mech_pair_test,,,0.0,0.24999999999999994,0.27322660517925,0.1111111111111111,18,0.1,0,0.0,,,
19,contextual_outcome_history,dual_history,mech_pair_train,,,0.0,0.23611111111111102,0.27003086243366087,0.1111111111111111,18,0.1,0,0.0,,,
19,contextual_outcome_history,dual_history,mech_pair_validation,,,0.0,0.2569444444444444,0.2960973000739978,0.1111111111111111,18,0.1,0,0.0,,,
19,contextual_outcome_history,dual_history,mech_task_holdout,0.6639813857891446,0.8024299543824602,0.5249102730066795,-0.048735436299115156,0.40586819379857497,0.7222222222222222,18,0.1,12,0.6666666666666666,0.7598572734751858,0.5779467950808557,0.774864615120737
19,contextual_outcome_history,latent_context,mech_pair_test,0.3956401725944637,0.24293556055890136,0.11425161446605907,0.12834910621716974,0.8475741371424867,0.8888888888888888,18,0.1,18,1.0,0.4665427701073617,0.32633082574219097,0.4951276326276991
19,contextual_outcome_history,latent_context,mech_pair_train,0.36351739488188717,0.07735275259564069,0.04521582465715631,0.18737137573062296,0.8783722447470799,0.8888888888888888,18,0.1,18,1.0,0.4654046388962052,0.2527710147663735,0.47207478339450093
19,contextual_outcome_history,latent_context,mech_pair_validation,0.4109048291174032,0.45461129238650083,0.29240218214722563,-0.056599930847674194,0.8415449955302371,0.8888888888888888,18,0.1,18,1.0,0.4687397111453533,0.2527710147663735,0.5650949486209341
19,contextual_outcome_history,latent_context,mech_task_holdout,0.5275393825842944,0.8063927932386347,0.8173558403813737,-0.41642605645370756,0.5889133414284665,0.7222222222222222,18,0.1,18,1.0,0.5245804416103609,0.06452854125474058,0.7088590553882391
19,contextual_outcome_history,outcome_history,mech_pair_test,,,0.0,0.24999999999999994,0.27322660517925,0.1111111111111111,18,0.1,0,0.0,,,
19,contextual_outcome_history,outcome_history,mech_pair_train,,,0.0,0.23611111111111102,0.27003086243366087,0.1111111111111111,18,0.1,0,0.0,,,
19,contextual_outcome_history,outcome_history,mech_pair_validation,,,0.0,0.2569444444444444,0.2960973000739978,0.1111111111111111,18,0.1,0,0.0,,,
19,contextual_outcome_history,outcome_history,mech_task_holdout,0.6583714496303257,0.8044807505812844,0.5247931801504171,-0.05493884356958425,0.41531937003538794,0.7222222222222222,18,0.1,12,0.6666666666666666,0.7511860452045847,0.5737016376689337,0.7702015995304935
19,outcome_history,dual_history,mech_pair_test,0.8718654929160289,0.6792635697568993,0.8552577772116338,-0.1676822815333495,0.42200485328494824,1.0,24,0.1,24,1.0,0.8870810669203609,0.8174779970732676,0.9362015894256999
19,outcome_history,dual_history,mech_pair_train,0.8449549857639049,0.6974335002472175,0.9344584600150049,-0.3053265303349286,0.46420872286931975,1.0,24,0.1,24,1.0,0.8199943527708853,0.6758268100720766,0.9362015894256999
19,outcome_history,dual_history,mech_pair_validation,0.8330559588059442,0.6782188815011949,0.8118461681414547,-0.19291984115313937,0.46717614770423155,1.0,22,0.1,22,1.0,0.8180793133759846,0.8089089032540907,0.888506991661937
19,outcome_history,dual_history,mech_task_holdout,0.6937533365708151,0.7270966618650704,0.6135374731184092,-0.04361913989863709,0.3874708482267605,0.7777777777777778,18,0.1,12,0.6666666666666666,0.7748646151207363,0.7245562974132639,0.8790186917084863
19,outcome_history,latent_context,mech_pair_test,0.8592962644446785,0.7161216185705664,0.7894471708828185,-0.14029841731219428,0.4679494022657988,1.0,24,0.1,24,1.0,0.86087368795461,0.8080795318163552,0.9126457096255489
19,outcome_history,latent_context,mech_pair_train,0.8297491128240989,0.6934000991379236,0.8380464992316387,-0.23784333237379288,0.5099786457002928,1.0,24,0.1,24,1.0,0.8608736879546097,0.6793020627849161,0.9337732676702045
19,outcome_history,latent_context,mech_pair_validation,0.8315591197570331,0.6941038808684391,0.7669000475016051,-0.15027606391348508,0.4752508716628481,1.0,22,0.1,22,1.0,0.8333486501731308,0.7614009208176653,0.8959476861810947
19,outcome_history,latent_context,mech_task_holdout,0.6249101247982229,0.6244650032015527,0.4885128880286918,0.01984663774502336,0.44821379683974727,0.7222222222222222,18,0.1,13,0.7222222222222222,0.7291142424760124,0.6340019121705858,0.8602832414065431
19,outcome_history,outcome_history,mech_pair_test,0.8728772585402751,0.6797327995973023,0.8685441322519982,-0.17989824308370406,0.4187976310056208,1.0,24,0.1,24,1.0,0.8895348564567993,0.8187050119890915,0.9381627765436924
19,outcome_history,outcome_history,mech_pair_train,0.8459504307199046,0.6983826221830366,0.9496106468213011,-0.31939981626991737,0.4610232580059334,1.0,24,0.1,24,1.0,0.8220877221901985,0.6758512617676204,0.9381627765436924
19,outcome_history,outcome_history,mech_pair_validation,0.8341278841532982,0.6783736103657946,0.8246817275700276,-0.2046420916255096,0.4640659636007372,1.0,22,0.1,22,1.0,0.8195771677009043,0.8080186395454471,0.8910770908294081
19,outcome_history,outcome_history,mech_task_holdout,0.6888951484167589,0.7265792193691514,0.61140150135231,-0.049708334736699354,0.39633141649442843,0.7777777777777778,18,0.1,12,0.6666666666666666,0.7702015995304929,0.7160113958323719,0.871981442161972
20,contextual_outcome_history,dual_history,mech_pair_test,,,0.0,0.2916666666666666,0.32004773949452536,0.1111111111111111,18,0.1,0,0.0,,,
20,contextual_outcome_history,dual_history,mech_pair_train,,,0.0,0.2569444444444444,0.2779513346692986,0.05555555555555555,18,0.1,0,0.0,,,
20,contextual_outcome_history,dual_history,mech_pair_validation,,,0.0,0.2777777777777777,0.3227486121839514,0.05555555555555555,18,0.1,0,0.0,,,
20,contextual_outcome_history,dual_history,mech_task_holdout,0.6680851614393017,0.7474775514570786,0.5249102730066796,-0.027902102965781894,0.403382157790686,0.7222222222222222,18,0.1,12,0.6666666666666666,0.7598572734751858,0.5779467950808557,0.7982870205178462
20,contextual_outcome_history,latent_context,mech_pair_test,0.44796091406919125,0.2233189964464437,0.12553010797591796,0.15800685010046708,0.8100555763141406,0.8888888888888888,18,0.1,18,1.0,0.46987784235650926,0.4654046388962051,0.4951276326276992
20,contextual_outcome_history,latent_context,mech_pair_train,0.4023775745112693,0.23307156996643147,0.11021912182723585,0.138135357748311,0.8511356426409756,0.9444444444444444,18,0.1,18,1.0,0.46654277010736156,0.32633082574219086,0.47207478339450093
20,contextual_outcome_history,latent_context,mech_pair_validation,0.4392763528975103,0.48581788029814366,0.3489672956665937,-0.0964216618901192,0.8210300377345912,0.8888888888888888,18,0.1,18,1.0,0.4698778423565093,0.36109927903069466,0.5650949486209341
20,contextual_outcome_history,latent_context,mech_task_holdout,0.5442561534859935,0.7511690052330183,0.8173558403813734,-0.39559272312037413,0.5784009441979149,0.7222222222222222,18,0.1,18,1.0,0.5245804416103609,0.06452854125474058,0.7088590553882392
20,contextual_outcome_history,outcome_history,mech_pair_test,,,0.0,0.2916666666666666,0.32004773949452536,0.1111111111111111,18,0.1,0,0.0,,,
20,contextual_outcome_history,outcome_history,mech_pair_train,,,0.0,0.2569444444444444,0.2779513346692986,0.05555555555555555,18,0.1,0,0.0,,,
20,contextual_outcome_history,outcome_history,mech_pair_validation,,,0.0,0.2777777777777777,0.3227486121839514,0.05555555555555555,18,0.1,0,0.0,,,
20,contextual_outcome_history,outcome_history,mech_task_holdout,0.6633419713085165,0.749387904021639,0.524793180150417,-0.034105510236250816,0.41228695678786326,0.7222222222222222,18,0.1,12,0.6666666666666666,0.7511860452045847,0.5737016376689337,0.7927727084378279
20,outcome_history,dual_history,mech_pair_test,0.8722607156284542,0.6758877500161922,0.8418069482240639,-0.15226673712458078,0.42135352713004404,1.0,24,0.1,24,1.0,0.8870810669203609,0.8174779970732676,0.9692650633899806
20,outcome_history,dual_history,mech_pair_train,0.8413454824191817,0.698185497093398,0.8477031675480383,-0.22673252986183443,0.4695811074925964,1.0,24,0.1,24,1.0,0.8180793133759845,0.7267969598735247,0.9362015894256999
20,outcome_history,dual_history,mech_pair_validation,0.8393523431256011,0.6329275957193508,0.7731293438404723,-0.12712161545691128,0.45828157591755375,1.0,22,0.1,22,1.0,0.8264544281475076,0.8089089032540907,0.8899329164035132
20,outcome_history,dual_history,mech_task_holdout,0.6908530454279971,0.7680333276309392,0.6831508218563785,-0.10407062356528489,0.38930128469962383,0.6666666666666666,18,0.1,12,0.6666666666666666,0.7748646151207372,0.759857273475186,0.9104120567064287
20,outcome_history,latent_context,mech_pair_test,0.8615556651730758,0.7281455372350405,0.7940241326993801,-0.1458224373299514,0.46417706432990175,1.0,24,0.1,24,1.0,0.8627312283383038,0.7958050398529459,0.9445696488776729
20,outcome_history,latent_context,mech_pair_train,0.8256214055902033,0.7048656247777056,0.7719805078859124,-0.17956992136406172,0.5161237995851238,1.0,24,0.1,24,1.0,0.7936251486585657,0.6978022983253498,0.9337732676702044
20,outcome_history,latent_context,mech_pair_validation,0.8385699220087115,0.6549043316099302,0.7383910291985011,-0.09556013053337516,0.4652553750828739,1.0,22,0.1,22,1.0,0.8350372480693795,0.7635669358959412,0.8978906955340189
20,outcome_history,latent_context,mech_task_holdout,0.6124697121607974,0.6505979636941703,0.5364981241348753,-0.029051072628809592,0.4555860059221843,0.6111111111111112,18,0.1,13,0.7222222222222222,0.7509694195681496,0.6589625635395373,0.9559186759518724
20,outcome_history,outcome_history,mech_pair_test,0.8733631941714343,0.6768480484230353,0.8555079837363869,-0.16500314402877508,0.41799642288586375,1.0,24,0.1,24,1.0,0.8895348564567992,0.8187050119890915,0.9706857516246377
20,outcome_history,outcome_history,mech_pair_train,0.8425440984719923,0.6991167720324634,0.8614253712272713,-0.23947268238501632,0.4660924443008597,1.0,24,0.1,24,1.0,0.8187050119890917,0.7298303070151677,0.9381627765436924
20,outcome_history,outcome_history,mech_pair_validation,0.8404407586605118,0.6332145026354227,0.7855295680549627,-0.13848095818432324,0.45514943277838266,1.0,22,0.1,22,1.0,0.8283708245447718,0.8080186395454471,0.8926193252020169
20,outcome_history,outcome_history,mech_task_holdout,0.6850898368121907,0.7673198899431313,0.6806244884197742,-0.11076470911400099,0.39874793411510356,0.6666666666666666,18,0.1,12,0.6666666666666666,0.7702015995304933,0.7511860452045847,0.906467663168399
21,contextual_outcome_history,dual_history,mech_pair_test,,,0.0,0.27083333333333326,0.2960973000739978,0.1111111111111111,18,0.1,0,0.0,,,
21,contextual_outcome_history,dual_history,mech_pair_train,,,0.0,0.24999999999999994,0.27322660517925,0.05555555555555555,18,0.1,0,0.0,,,
21,contextual_outcome_history,dual_history,mech_pair_validation,,,0.0,0.2777777777777777,0.31180478223116176,0.1111111111111111,18,0.1,0,0.0,,,
21,contextual_outcome_history,dual_history,mech_task_holdout,0.673950344177924,0.7869132160959095,0.5077370092777965,-0.025072948575245328,0.3998022405643947,0.7222222222222222,18,0.1,12,0.6666666666666666,0.7598572734751858,0.5779467950808551,0.7982870205178462
21,contextual_outcome_history,latent_context,mech_pair_test,0.4218791430125771,0.22101457222517978,0.11284182936636435,0.15068352658740025,0.8289707766712905,0.8888888888888888,18,0.1,18,1.0,0.467680901318518,0.3610992790306946,0.4951276326276991
21,contextual_outcome_history,latent_context,mech_pair_train,0.38866066691124157,0.13790873039505064,0.06782373698573439,0.17689039692926795,0.8608480582232825,0.9444444444444444,18,0.1,18,1.0,0.46654277010736156,0.32633082574219086,0.4709763128755052
21,contextual_outcome_history,latent_context,mech_pair_validation,0.439501366881642,0.46068594519717465,0.2852126919828085,-0.028057269951470693,0.8208652847599675,0.8888888888888888,18,0.1,18,1.0,0.4698778423565093,0.326330825742191,0.5884173872853459
21,contextual_outcome_history,latent_context,mech_task_holdout,0.5461774693798376,0.790416824923615,0.7902322502265356,-0.38042211518405733,0.5771804508763294,0.7222222222222222,18,0.1,18,1.0,0.4777682061633645,0.06452854125474058,0.7088590553882391
21,contextual_outcome_history,outcome_history,mech_pair_test,,,0.0,0.27083333333333326,0.2960973000739978,0.1111111111111111,18,0.1,0,0.0,,,
21,contextual_outcome_history,outcome_history,mech_pair_train,,,0.0,0.24999999999999994,0.27322660517925,0.05555555555555555,18,0.1,0,0.0,,,
21,contextual_outcome_history,outcome_history,mech_pair_validation,,,0.0,0.2777777777777777,0.31180478223116176,0.1111111111111111,18,0.1,0,0.0,,,
21,contextual_outcome_history,outcome_history,mech_task_holdout,0.6685648746552704,0.7887301732715629,0.5074988030074884,-0.031000800907947417,0.40907635158040795,0.7222222222222222,18,0.1,12,0.6666666666666666,0.7511860452045847,0.5737016376689332,0.7927727084378279
21,outcome_history,dual_history,mech_pair_test,0.889514753278103,0.7202140931862636,0.8453141156621482,-0.1406611842115028,0.3918650574658037,1.0,24,0.1,24,1.0,0.9010326872969127,0.818379971527343,0.9692650633899806
21,outcome_history,dual_history,mech_pair_train,0.8302541710028178,0.6937064602661774,0.8576468290975239,-0.25375362718368144,0.48571772266823154,1.0,24,0.1,24,1.0,0.8180793133759845,0.6758268100720766,0.9335482132795124
21,outcome_history,dual_history,mech_pair_validation,0.8431454588398892,0.6347599050621346,0.7374133016922337,-0.08738891528385037,0.45283892256882796,1.0,22,0.1,22,1.0,0.8199943527708855,0.8089089032540908,0.9121324581903121
21,outcome_history,dual_history,mech_task_holdout,0.6437884003802082,0.7134844351871096,0.6195686589688493,-0.0817738133969831,0.41788557446879726,0.6666666666666666,18,0.1,12,0.6666666666666666,0.7748646151207363,0.7245562974132639,0.8790186917084863
21,outcome_history,latent_context,mech_pair_test,0.8768399195609519,0.7650644237823706,0.7861982853054771,-0.12075227711397485,0.437805350596705,1.0,24,0.1,24,1.0,0.8858870098587046,0.815698758107247,0.9445696488776729
21,outcome_history,latent_context,mech_pair_train,0.8122918803863413,0.683511610390764,0.762264447121304,-0.1835610092820434,0.5354868730858461,1.0,24,0.1,24,1.0,0.8265979553473769,0.6603764657797102,0.90458259393411
21,outcome_history,latent_context,mech_pair_validation,0.8399744787090458,0.6427242843403308,0.6891862643743855,-0.04034972280460704,0.463226926573671,1.0,22,0.1,22,1.0,0.8415601473620236,0.7614009208176653,0.9288068813427759
21,outcome_history,latent_context,mech_task_holdout,0.5632038952896086,0.5893024505729544,0.47441909802138926,-0.0066327692117010735,0.48367866200211723,0.6111111111111112,18,0.1,13,0.7222222222222222,0.7291142424760124,0.6340019121705858,0.8602832414065431
21,outcome_history,outcome_history,mech_pair_test,0.8906240462815519,0.720952533614016,0.8587329614687043,-0.15306300253704402,0.3884664508862003,1.0,24,0.1,24,1.0,0.9019982168116272,0.8187050119890917,0.9706857516246377
21,outcome_history,outcome_history,mech_pair_train,0.831403509508956,0.6943978705641545,0.8712365420105657,-0.2663079229316769,0.4822995496294974,1.0,24,0.1,24,1.0,0.8187050119890917,0.6758512617676204,0.9354369312639006
21,outcome_history,outcome_history,mech_pair_validation,0.8443292680791706,0.6351443273770622,0.7493547466688844,-0.09835003889674068,0.4495691566417309,1.0,22,0.1,22,1.0,0.8220877221901985,0.8080186395454472,0.9113771084212374
21,outcome_history,outcome_history,mech_task_holdout,0.6385941222216447,0.712710806105149,0.6171814532318695,-0.08778908353416306,0.42717193625135813,0.6666666666666666,18,0.1,12,0.6666666666666666,0.7702015995304929,0.7160113958323719,0.871981442161972
22,contextual_outcome_history,dual_history,mech_pair_test,,,0.0,0.29166666666666663,0.31732387941099616,0.1111111111111111,18,0.1,0,0.0,,,
22,contextual_outcome_history,dual_history,mech_pair_train,,,0.0,0.2708333333333333,0.29315098498896436,0.05555555555555555,18,0.1,0,0.0,,,
22,contextual_outcome_history,dual_history,mech_pair_validation,,,0.0,0.28472222222222215,0.31868871959954903,0.1111111111111111,18,0.1,0,0.0,,,
22,contextual_outcome_history,dual_history,mech_task_holdout,0.6610024294070043,0.732143048618645,0.5249102730066795,-0.027902102965781748,0.40766332609899075,0.7777777777777778,18,0.1,12,0.6666666666666666,0.7598572734751858,0.5779467950808557,0.774864615120737
22,contextual_outcome_history,latent_context,mech_pair_test,0.442622689193379,0.09749255886421689,0.051989418384627166,0.236310256664966,0.8139627771539395,0.8888888888888888,18,0.1,18,1.0,0.46987784235650926,0.3610992790306946,0.6507051582638534
22,contextual_outcome_history,latent_context,mech_pair_train,0.42179200462369026,0.265385101039075,0.13282703415581412,0.12765437894695575,0.8371964558113484,0.9444444444444444,18,0.1,18,1.0,0.46654277010736156,0.32633082574219097,0.47207478339450093
22,contextual_outcome_history,latent_context,mech_pair_validation,0.4404356447356651,0.3118309840670029,0.1951331026169965,0.07547998500781856,0.8201808619396073,0.8888888888888888,18,0.1,18,1.0,0.4720747833945009,0.326330825742191,0.646685045334274
22,contextual_outcome_history,latent_context,mech_task_holdout,0.5395260533018529,0.7357587722160733,0.8173558403813733,-0.395592723120374,0.581394766463598,0.7777777777777778,18,0.1,18,1.0,0.5245804416103609,0.31128110144937415,0.7088590553882391
22,contextual_outcome_history,outcome_history,mech_pair_test,,,0.0,0.29166666666666663,0.31732387941099616,0.1111111111111111,18,0.1,0,0.0,,,
22,contextual_outcome_history,outcome_history,mech_pair_train,,,0.0,0.2708333333333333,0.29315098498896436,0.05555555555555555,18,0.1,0,0.0,,,
22,contextual_outcome_history,outcome_history,mech_pair_validation,,,0.0,0.28472222222222215,0.31868871959954903,0.1111111111111111,18,0.1,0,0.0,,,
22,contextual_outcome_history,outcome_history,mech_task_holdout,0.6564649986579831,0.7340142102981192,0.5247931801504171,-0.03410551023625082,0.41647659833371153,0.7777777777777778,18,0.1,12,0.6666666666666666,0.7511860452045845,0.5737016376689337,0.7702015995304935
22,outcome_history,dual_history,mech_pair_test,0.8898023608561376,0.6890546353191775,0.7825699989104148,-0.06354392102193662,0.3913546870567938,1.0,24,0.1,24,1.0,0.9162280088990928,0.8206512143169771,0.9714455503751533
22,outcome_history,dual_history,mech_pair_train,0.8416368224658008,0.6639118747409015,0.7480748868582695,-0.11255189558555796,0.4691497594062208,1.0,24,0.1,24,1.0,0.8186806296787017,0.7140544224231626,0.9362015894256999
22,outcome_history,dual_history,mech_pair_validation,0.8463514144285231,0.6334932339151377,0.769489160638968,-0.11170841763514693,0.44818723537300204,1.0,22,0.1,22,1.0,0.827768151239691,0.8089089032540907,0.9065825727436123
22,outcome_history,dual_history,mech_task_holdout,0.6957885584073058,0.790221465520382,0.706355271435702,-0.12422111812083432,0.3861811955088739,0.7222222222222222,18,0.1,12,0.6666666666666666,0.7748646151207363,0.759857273475186,0.8790186917084863
22,outcome_history,latent_context,mech_pair_test,0.8761955859175504,0.732004517796869,0.7278818270621021,-0.04516072984701632,0.4389490845208772,1.0,24,0.1,24,1.0,0.8858870098587046,0.8321703089395878,0.9549610462243552
22,outcome_history,latent_context,mech_pair_train,0.8215437444752118,0.6450069697577003,0.655580560824937,-0.04019381171768052,0.5221234361753904,1.0,24,0.1,24,1.0,0.8608736879546097,0.689062471665162,0.9184074243678807
22,outcome_history,latent_context,mech_pair_validation,0.8453668052587834,0.6544399301363726,0.7337375387522022,-0.07897502617125417,0.4553554461611614,1.0,22,0.1,22,1.0,0.8348228218082265,0.764952546549404,0.9184753601468351
22,outcome_history,latent_context,mech_task_holdout,0.6199701213241766,0.6771318278031756,0.5611339878860153,-0.0504039106779126,0.45115567183010286,0.6666666666666666,18,0.1,13,0.7222222222222222,0.7291142424760124,0.6589625635395373,0.8602832414065431
22,outcome_history,outcome_history,mech_pair_test,0.8909697229843649,0.6896610268737411,0.7948774476392074,-0.07489337986624048,0.3878521016418425,1.0,24,0.1,24,1.0,0.9158604354896998,0.8229069215789394,0.9725068178062201
22,outcome_history,outcome_history,mech_pair_train,0.8429717887097028,0.6646954233379703,0.7600677095312879,-0.12366145108999878,0.46545900110435784,1.0,24,0.1,24,1.0,0.8204493234127169,0.716335545703281,0.9381627765436925
22,outcome_history,outcome_history,mech_pair_validation,0.8474185929476541,0.6336141024162725,0.7816258587839061,-0.12278670080650153,0.44508589576775137,1.0,22,0.1,22,1.0,0.8300092233222536,0.8080186395454471,0.9066876626164324
22,outcome_history,outcome_history,mech_task_holdout,0.6895522101527791,0.7894377092188529,0.7036988174422626,-0.131116833906435,0.395912664017464,0.7222222222222222,18,0.1,12,0.6666666666666666,0.7702015995304929,0.7511860452045847,0.871981442161972
23,contextual_outcome_history,dual_history,mech_pair_test,,,0.0,0.2777777777777777,0.2946278254943948,0.05555555555555555,18,0.1,0,0.0,,,
23,contextual_outcome_history,dual_history,mech_pair_train,,,0.0,0.25694444444444436,0.28716768233521295,0.1111111111111111,18,0.1,0,0.0,,,
23,contextual_outcome_history,dual_history,mech_pair_validation,,,0.0,0.28472222222222215,0.3294039229342062,0.16666666666666666,18,0.1,0,0.0,,,
23,contextual_outcome_history,dual_history,mech_task_holdout,0.6553138443378665,0.7377398349179751,0.5481147225860028,-0.048052597521331175,0.4110695151374168,0.7222222222222222,18,0.1,12,0.6666666666666666,0.7748646151207368,0.5446957273021688,0.8685542367091721
23,contextual_outcome_history,latent_context,mech_pair_test,0.4215092145029131,-0.08027167417631517,-0.03363165994662352,0.31358752550893454,0.8292359555517036,0.9444444444444444,18,0.1,18,1.0,0.46987784235650926,0.32633082574219097,0.6466850453342741
23,contextual_outcome_history,latent_context,mech_pair_train,0.3980809430735692,0.19265934196107212,0.11021912182723592,0.1381353577483109,0.8541898006340277,0.8888888888888888,18,0.1,18,1.0,0.46654277010736156,0.32633082574219086,0.47207478339450093
23,contextual_outcome_history,latent_context,mech_pair_validation,0.44564428259535105,0.4437331703715196,0.3212885492550289,-0.059797154223323705,0.8163546594681867,0.8333333333333334,18,0.1,18,1.0,0.4665427701073617,0.2726274979949003,0.6361382437516219
23,contextual_outcome_history,latent_context,mech_task_holdout,0.5273002393400608,0.7410509304747341,0.8531057764097182,-0.4316856579881887,0.5890623663682726,0.7222222222222222,18,0.1,18,1.0,0.5683653848514507,0.06452854125474058,0.7920846474382679
23,contextual_outcome_history,outcome_history,mech_pair_test,,,0.0,0.2777777777777777,0.2946278254943948,0.05555555555555555,18,0.1,0,0.0,,,
23,contextual_outcome_history,outcome_history,mech_pair_train,,,0.0,0.25694444444444436,0.28716768233521295,0.1111111111111111,18,0.1,0,0.0,,,
23,contextual_outcome_history,outcome_history,mech_pair_validation,,,0.0,0.28472222222222215,0.3294039229342062,0.16666666666666666,18,0.1,0,0.0,,,
23,contextual_outcome_history,outcome_history,mech_task_holdout,0.6506119130227717,0.7394566632021387,0.5478675091729052,-0.05445763502868477,0.42000953901226507,0.7222222222222222,18,0.1,12,0.6666666666666666,0.7702015995304933,0.53987378892502,0.8604860351598297
23,outcome_history,dual_history,mech_pair_test,0.9114338157338872,0.702644016648452,0.8201084140039695,-0.05448210743614208,0.3508474799332998,1.0,24,0.1,24,1.0,0.9246677833531669,0.8899329164035132,0.9786791584629017
23,outcome_history,dual_history,mech_pair_train,0.862172925034099,0.7029899738934873,0.8524048609290683,-0.19566264977392303,0.4376749230392707,1.0,24,0.1,24,1.0,0.9121324581903119,0.7267969598735247,0.9692650633899805
23,outcome_history,dual_history,mech_pair_validation,0.8586558158813911,0.6439353179558067,0.7972347667515087,-0.1198470466842779,0.4298670645664213,1.0,22,0.1,22,1.0,0.8842292174372086,0.8089089032540908,0.9182757842534832
23,outcome_history,dual_history,mech_task_holdout,0.6650499459118165,0.7759579095815161,0.7346706130430275,-0.15422475340356104,0.4052223368551544,0.7222222222222222,18,0.1,12,0.6666666666666666,0.759857273475186,0.5779467950808554,0.8790186917084863
23,outcome_history,latent_context,mech_pair_test,0.9013024301016455,0.7535458837881438,0.7700575731099819,-0.04398008584556473,0.39192170237492,1.0,24,0.1,24,1.0,0.9129655815080031,0.8747620419338444,0.9496542915977163
23,outcome_history,latent_context,mech_pair_train,0.8455506200418013,0.6983659014364046,0.7638478027385635,-0.13337356981887466,0.4857361027999439,1.0,24,0.1,24,1.0,0.874514189751906,0.7241721598059645,0.9383409054565488
23,outcome_history,latent_context,mech_pair_validation,0.8570817331526521,0.658414903347675,0.7524091354737468,-0.07719829495410714,0.43776702133015466,1.0,22,0.1,22,1.0,0.8454249131685793,0.764952546549404,0.932250721741423
23,outcome_history,latent_context,mech_task_holdout,0.5861539632845969,0.6593406661145234,0.5787397941189254,-0.07458963301634446,0.47080053783488757,0.6666666666666666,18,0.1,13,0.7222222222222222,0.7259074989578973,0.5371766159363699,0.8602832414065431
23,outcome_history,outcome_history,mech_pair_test,0.9124468946942766,0.7033052270516467,0.8330569948248873,-0.06643398473229264,0.3475588634627599,1.0,24,0.1,24,1.0,0.9252849975334927,0.8926193252020169,0.978669390631933
23,outcome_history,outcome_history,mech_pair_train,0.8633124186250403,0.703759746141336,0.8659965538388732,-0.2082373808172725,0.4342672922500761,1.0,24,0.1,24,1.0,0.9113771084212373,0.7298303070151677,0.9706857516246375
23,outcome_history,outcome_history,mech_pair_validation,0.8596908531091855,0.6443342492988852,0.8101561983168927,-0.1317098608713098,0.4268114056306009,1.0,22,0.1,22,1.0,0.8864503877115815,0.8080186395454472,0.9181020990239308
23,outcome_history,outcome_history,mech_task_holdout,0.6594800834155472,0.7758237263744451,0.7325076198485599,-0.16174550376557775,0.41464493688531967,0.7222222222222222,18,0.1,12,0.6666666666666666,0.7511860452045847,0.5737016376689328,0.871981442161972
24,contextual_outcome_history,dual_history,mech_pair_test,,,0.0,0.3124999999999999,0.33978138396458524,0.1111111111111111,18,0.1,0,0.0,,,
24,contextual_outcome_history,dual_history,mech_pair_train,,,0.0,0.27777777777777773,0.30618621784789724,0.05555555555555555,18,0.1,0,0.0,,,
24,contextual_outcome_history,dual_history,mech_pair_validation,,,0.0,0.32638888888888884,0.35963909378400144,0.05555555555555555,18,0.1,0,0.0,,,
24,contextual_outcome_history,dual_history,mech_task_holdout,0.6630517160298313,0.7904705676536102,0.5652879863148856,-0.071715085245201,0.40642926801199114,0.7222222222222222,18,0.1,12,0.6666666666666666,0.7598572734751858,0.5779467950808557,0.7982870205178462
24,contextual_outcome_history,latent_context,mech_pair_test,0.47910324173589924,0.31129943921293657,0.17715870861453734,0.12386795882413706,0.786874967059329,0.8888888888888888,18,0.1,18,1.0,0.4736061786827298,0.46540463889620515,0.6507051582638534
24,contextual_outcome_history,latent_context,mech_pair_train,0.4203178157800662,0.0762361181812177,0.0438056047493289,0.23055816827483308,0.83826302702941,0.9444444444444444,18,0.1,18,1.0,0.46654277010736156,0.32633082574219086,0.47207478339450093
24,contextual_outcome_history,latent_context,mech_pair_validation,0.4976019165024055,0.398949548445511,0.26336967500612435,0.04397622146527439,0.777156703414325,0.9444444444444444,18,0.1,18,1.0,0.5302460853399233,0.36109927903069483,0.6507051582638539
24,contextual_outcome_history,latent_context,mech_task_holdout,0.520487403004869,0.7943743445042275,0.880229366564556,-0.4676895992578389,0.5932921428389829,0.7222222222222222,18,0.1,18,1.0,0.5245804416103608,0.06452854125474058,0.7088590553882392
24,contextual_outcome_history,outcome_history,mech_pair_test,,,0.0,0.3124999999999999,0.33978138396458524,0.1111111111111111,18,0.1,0,0.0,,,
24,contextual_outcome_history,outcome_history,mech_pair_train,,,0.0,0.27777777777777773,0.30618621784789724,0.05555555555555555,18,0.1,0,0.0,,,
24,contextual_outcome_history,outcome_history,mech_pair_validation,,,0.0,0.32638888888888884,0.35963909378400144,0.05555555555555555,18,0.1,0,0.0,,,
24,contextual_outcome_history,outcome_history,mech_task_holdout,0.65761091962416,0.7924907988607989,0.5651618863158338,-0.07839567769032141,0.4157814029150339,0.7222222222222222,18,0.1,12,0.6666666666666666,0.7511860452045847,0.5737016376689332,0.7927727084378279
24,outcome_history,dual_history,mech_pair_test,0.9074684951568658,0.6799037774691772,0.8294742347886871,-0.06000762748573525,0.358615624113085,1.0,24,0.1,24,1.0,0.9246677833531669,0.8727767062684022,0.9786791584629017
24,outcome_history,dual_history,mech_pair_train,0.8601021232470467,0.6495220951993678,0.8647375743644446,-0.18375509274610125,0.4409506183261602,1.0,24,0.1,24,1.0,0.9121324581903121,0.7140544224231626,0.9757545460428594
24,outcome_history,dual_history,mech_pair_validation,0.8572438155610463,0.6169773347717681,0.7432924743037854,-0.05983835581149456,0.4320088720906699,1.0,22,0.1,22,1.0,0.8842292174372086,0.8089089032540907,0.9141229014601014
24,outcome_history,dual_history,mech_task_holdout,0.693943283675015,0.7808983494132171,0.7346706130430274,-0.1333914200702277,0.3873506667028298,0.7222222222222222,18,0.1,12,0.6666666666666666,0.7673609442979614,0.7143796538766033,0.9189951072621856
24,outcome_history,latent_context,mech_pair_test,0.900190986234327,0.7424332389618973,0.7930314898668517,-0.06649939830381645,0.3941222605958538,1.0,24,0.1,24,1.0,0.9048868610161243,0.8664247096564566,0.9496542915977163
24,outcome_history,latent_context,mech_pair_train,0.8445493633564235,0.6385288879780882,0.7668280169697417,-0.11090038128250128,0.4873080121507175,1.0,24,0.1,24,1.0,0.8894476072077824,0.689062471665162,0.9479081874018869
24,outcome_history,latent_context,mech_pair_validation,0.8581997065910799,0.653669264909472,0.7268737980312413,-0.048546265079930484,0.4360514506866658,1.0,22,0.1,22,1.0,0.8454249131685793,0.7693696725684639,0.913329193993631
24,outcome_history,latent_context,mech_task_holdout,0.6199204809279995,0.6732089496826106,0.587174279215219,-0.05868924550328514,0.4511851363751977,0.6666666666666666,18,0.1,13,0.7222222222222222,0.7259074989578973,0.6340019121705858,0.9382256510273643
24,outcome_history,outcome_history,mech_pair_test,0.908458657820202,0.6808938972998945,0.8430044031945237,-0.072591556967474,0.35538674785993146,1.0,24,0.1,24,1.0,0.9252849975334927,0.8753960241434328,0.978669390631933
24,outcome_history,outcome_history,mech_pair_train,0.8610742511130761,0.6502142398423946,0.8785001343807357,-0.19648230121190616,0.4378082737000898,1.0,24,0.1,24,1.0,0.9113771084212373,0.716335545703281,0.9745471264026906
24,outcome_history,outcome_history,mech_pair_validation,0.8583198411770859,0.6170881022828225,0.7550074844910761,-0.07053005407316068,0.42889160147916,1.0,22,0.1,22,1.0,0.8864503877115815,0.8080186395454471,0.9139058533381346
24,outcome_history,outcome_history,mech_task_holdout,0.6885200093706043,0.7807633118762232,0.7325076198485602,-0.14091217043224455,0.39657029833014346,0.7222222222222222,18,0.1,12,0.6666666666666666,0.760693822367539,0.7068149433206715,0.9144476017716667
25,contextual_outcome_history,dual_history,mech_pair_test,,,0.0,0.3055555555555554,0.338501600193165,0.1111111111111111,18,0.1,0,0.0,,,
25,contextual_outcome_history,dual_history,mech_pair_train,,,0.0,0.2708333333333333,0.30190368221228,0.05555555555555555,18,0.1,0,0.0,,,
25,contextual_outcome_history,dual_history,mech_pair_validation,,,0.0,0.31249999999999994,0.3547788826234667,0.1111111111111111,18,0.1,0,0.0,,,
25,contextual_outcome_history,dual_history,mech_task_holdout,0.6610024294070043,0.732143048618645,0.5249102730066795,-0.027902102965781748,0.4076633260989907,0.7777777777777778,18,0.1,12,0.6666666666666666,0.7673609442979613,0.6084767256908372,0.7982870205178462
25,contextual_outcome_history,latent_context,mech_pair_test,0.46282380951552027,0.20555860844691565,0.12774178830571334,0.16954082356746975,0.7990763541305556,0.8888888888888888,18,0.1,18,1.0,0.4736061786827298,0.3610992790306946,0.6507051582638534
25,contextual_outcome_history,latent_context,mech_pair_train,0.4119896870082528,0.11159728075387422,0.06641351707790702,0.1992438561401446,0.844263096589244,0.9444444444444444,18,0.1,18,1.0,0.46540463889620526,0.2726274979949002,0.4720747833945009
25,contextual_outcome_history,latent_context,mech_pair_validation,0.47369341006378074,0.3271363806946778,0.2401728972999022,0.05496135752817426,0.7954337505700508,0.8888888888888888,18,0.1,18,1.0,0.4720747833945009,0.3263308257421911,0.6729008527533173
25,contextual_outcome_history,latent_context,mech_task_holdout,0.539526053301853,0.7357587722160736,0.8173558403813733,-0.395592723120374,0.5813947664635979,0.7777777777777778,18,0.1,18,1.0,0.615177620298447,0.25811402241923365,0.7088590553882391
25,contextual_outcome_history,outcome_history,mech_pair_test,,,0.0,0.3055555555555554,0.338501600193165,0.1111111111111111,18,0.1,0,0.0,,,
25,contextual_outcome_history,outcome_history,mech_pair_train,,,0.0,0.2708333333333333,0.30190368221228,0.05555555555555555,18,0.1,0,0.0,,,
25,contextual_outcome_history,outcome_history,mech_pair_validation,,,0.0,0.31249999999999994,0.3547788826234667,0.1111111111111111,18,0.1,0,0.0,,,
25,contextual_outcome_history,outcome_history,mech_task_holdout,0.6564649986579831,0.7340142102981192,0.5247931801504171,-0.03410551023625088,0.41647659833371153,0.7777777777777778,18,0.1,12,0.6666666666666666,0.7606938223675389,0.6012909952040344,0.7927727084378279
25,outcome_history,dual_history,mech_pair_test,0.9057441435527319,0.68886760247655,0.8734491439936433,-0.11040579746819863,0.3619416536758723,1.0,24,0.1,24,1.0,0.9175549710789523,0.888506991661937,0.9692650633899805
25,outcome_history,dual_history,mech_pair_train,0.8649768774343483,0.7031568522510151,0.9403546793389802,-0.27562565640551606,0.433200019992562,1.0,24,0.1,24,1.0,0.9010326872969127,0.7402878313862009,0.9692650633899805
25,outcome_history,dual_history,mech_pair_validation,0.8763666764139653,0.637850205281194,0.8023521466203638,-0.08576720439463399,0.4020341753009942,1.0,22,0.1,22,1.0,0.8842292174372087,0.8113518348602438,0.9141229014601014
25,outcome_history,dual_history,mech_task_holdout,0.693288144015348,0.7567190313430298,0.7174973493141444,-0.1097289323463578,0.3877650231150981,0.7222222222222222,18,0.1,12,0.6666666666666666,0.7748646151207372,0.759857273475186,0.8790186917084863
25,outcome_history,latent_context,mech_pair_test,0.8977780407368998,0.7385742237663624,0.8199239816487004,-0.09895644489589316,0.39885788624354956,1.0,24,0.1,24,1.0,0.9048868610161243,0.8719757313583036,0.9445696488776729
25,outcome_history,latent_context,mech_pair_train,0.8463240018961259,0.6710900307550948,0.8095567250862431,-0.16727163399735306,0.4845184516395199,1.0,24,0.1,24,1.0,0.8897157671137375,0.7561183381905914,0.9499095913601172
25,outcome_history,latent_context,mech_pair_validation,0.8754042839236498,0.6552139804467862,0.7607463859979819,-0.046780413750155625,0.4087433745753466,1.0,22,0.1,22,1.0,0.8777555305544313,0.7693696725684639,0.932250721741423
25,outcome_history,latent_context,mech_task_holdout,0.6073243425218171,0.6310185478959001,0.5546854171971756,-0.02579910232706677,0.45860051686856584,0.6666666666666666,18,0.1,13,0.7222222222222222,0.83397093448904,0.6589625635395373,0.8602832414065431
25,outcome_history,outcome_history,mech_pair_test,0.9066653384939106,0.6899279147539324,0.8877701434311804,-0.1237408772052506,0.3588509247335941,1.0,24,0.1,24,1.0,0.9175462654342976,0.8910770908294081,0.9706857516246375
25,outcome_history,outcome_history,mech_pair_train,0.8659197421267761,0.7040589145450956,0.9555280343121864,-0.28970268795949283,0.43010551332105074,1.0,24,0.1,24,1.0,0.9019982168116272,0.7429056750279394,0.9706857516246375
25,outcome_history,outcome_history,mech_pair_validation,0.8772457466837534,0.6376380125626252,0.814580626561233,-0.09684541969272346,0.3992190887138559,1.0,22,0.1,22,1.0,0.8864503877115815,0.8106902326563584,0.9139058533381346
25,outcome_history,outcome_history,mech_task_holdout,0.6883979754197491,0.7564066129155227,0.7152132427056316,-0.11697412777060777,0.3966479763552795,0.7222222222222222,18,0.1,12,0.6666666666666666,0.7702015995304934,0.7511860452045847,0.871981442161972
26,contextual_outcome_history,dual_history,mech_pair_test,,,0.0,0.31249999999999994,0.3423265984407288,0.1111111111111111,18,0.1,0,0.0,,,
26,contextual_outcome_history,dual_history,mech_pair_train,,,0.0,0.27777777777777773,0.30618621784789724,0.05555555555555555,18,0.1,0,0.0,,,
26,contextual_outcome_history,dual_history,mech_pair_validation,,,0.0,0.31249999999999994,0.344853028275976,0.1111111111111111,18,0.1,0,0.0,,,
26,contextual_outcome_history,dual_history,mech_task_holdout,0.6957742993435405,0.7834526701829471,0.6228389633519748,-0.07669055524848992,0.3861902459866239,0.7222222222222222,18,0.1,12,0.6666666666666666,0.7748646151207372,0.5779467950808557,0.8685542367091721
26,contextual_outcome_history,latent_context,mech_pair_test,0.4721472631816612,0.19744098340650512,0.11771608273249504,0.18716026853147216,0.7921114494127143,0.8888888888888888,18,0.1,18,1.0,0.4736061786827298,0.4654046388962051,0.6729008527533172
26,contextual_outcome_history,latent_context,mech_pair_train,0.4203178157800662,0.0762361181812177,0.0438056047493289,0.23055816827483308,0.83826302702941,0.9444444444444444,18,0.1,18,1.0,0.46654277010736156,0.32633082574219086,0.47207478339450093
26,contextual_outcome_history,latent_context,mech_pair_validation,0.47946995674294735,0.37677968857228733,0.2401728972999026,0.05496135752817392,0.7910565132160239,0.8888888888888888,18,0.1,18,1.0,0.4720747833945009,0.4654046388962052,0.646685045334274
26,contextual_outcome_history,latent_context,mech_task_holdout,0.5518813793540012,0.787632311824001,0.9702264829025765,-0.5132904166649537,0.5735418089356921,0.7222222222222222,18,0.1,18,1.0,0.5245804416103609,0.06452854125474058,0.8198265114549442
26,contextual_outcome_history,outcome_history,mech_pair_test,,,0.0,0.31249999999999994,0.3423265984407288,0.1111111111111111,18,0.1,0,0.0,,,
26,contextual_outcome_history,outcome_history,mech_pair_train,,,0.0,0.27777777777777773,0.30618621784789724,0.05555555555555555,18,0.1,0,0.0,,,
26,contextual_outcome_history,outcome_history,mech_pair_validation,,,0.0,0.31249999999999994,0.344853028275976,0.1111111111111111,18,0.1,0,0.0,,,
26,contextual_outcome_history,outcome_history,mech_task_holdout,0.6909828712020971,0.7856125664692345,0.6228249696241789,-0.08412388780602868,0.3949993527945976,0.7222222222222222,18,0.1,12,0.6666666666666666,0.7702015995304936,0.5737016376689337,0.8604860351598297
26,outcome_history,dual_history,mech_pair_test,0.8989504369217777,0.6590849819950713,0.8230377406772862,-0.06304764391747726,0.37475860559108515,1.0,24,0.1,24,1.0,0.9175549710789523,0.8727767062684022,0.9504375542456918
26,outcome_history,dual_history,mech_pair_train,0.8648275293397077,0.686840417349759,0.8963797701340241,-0.22522748642305285,0.43343953347683367,1.0,24,0.1,24,1.0,0.8556204961332909,0.7267969598735247,0.9757545460428594
26,outcome_history,dual_history,mech_pair_validation,0.8687815613292047,0.6856392878915362,0.8636001397630603,-0.1823122925018485,0.4141833467525774,1.0,22,0.1,22,1.0,0.8842292174372086,0.7473249457186664,0.9121324581903121
26,outcome_history,dual_history,mech_task_holdout,0.6939432836750151,0.7808983494132173,0.7346706130430275,-0.13339142007022775,0.38735066670282975,0.7222222222222222,18,0.1,12,0.6666666666666666,0.7748646151207371,0.7143796538766033,0.8790186917084863
26,outcome_history,latent_context,mech_pair_test,0.8905342172298077,0.7119934073906405,0.778452084794108,-0.059319910862882165,0.412748284131749,1.0,24,0.1,24,1.0,0.9002977921725988,0.8664247096564566,0.9445696488776729
26,outcome_history,latent_context,mech_pair_train,0.8486615700542619,0.6743769382608622,0.7939002420155304,-0.14852472082223578,0.4808193217489565,1.0,24,0.1,24,1.0,0.8954955663098654,0.7241721598059645,0.9499095913601172
26,outcome_history,latent_context,mech_pair_validation,0.8658094029276068,0.6866110210003393,0.7982486671315577,-0.11726909267363395,0.42418979241255367,1.0,22,0.1,22,1.0,0.8389020138759353,0.7610659183935197,0.932250721741423
26,outcome_history,latent_context,mech_task_holdout,0.618750161437782,0.6713523218161185,0.5855549244371929,-0.05774215871700177,0.4518792344339617,0.6666666666666666,18,0.1,13,0.7222222222222222,0.7259074989578973,0.6340019121705858,0.8602832414065431
26,outcome_history,outcome_history,mech_pair_test,0.8999348648369689,0.6600095050914038,0.8364182101435468,-0.07548284159574846,0.3715643036814586,1.0,24,0.1,24,1.0,0.9175462654342976,0.8753960241434328,0.9524266721934603
26,outcome_history,outcome_history,mech_pair_train,0.8658255760878558,0.687660192075551,0.9107622940755296,-0.23855336772171548,0.43025652072703574,1.0,24,0.1,24,1.0,0.8581727230848485,0.7298303070151677,0.9752771021554699
26,outcome_history,outcome_history,mech_pair_validation,0.8696644854765431,0.6855910141106957,0.8769921050136169,-0.19449134186797248,0.4113622264374757,1.0,22,0.1,22,1.0,0.8864503877115815,0.7493773901477376,0.9113771084212374
26,outcome_history,outcome_history,mech_task_holdout,0.6885200093706043,0.7807633118762232,0.7325076198485599,-0.14091217043224447,0.3965702983301434,0.7222222222222222,18,0.1,12,0.6666666666666666,0.7702015995304934,0.7068149433206716,0.871981442161972
27,contextual_outcome_history,dual_history,mech_pair_test,,,0.0,0.3194444444444444,0.34105636549468543,0.05555555555555555,18,0.1,0,0.0,,,
27,contextual_outcome_history,dual_history,mech_pair_train,,,0.0,0.2708333333333333,0.3047653924651624,0.05555555555555555,18,0.1,0,0.0,,,
27,contextual_outcome_history,dual_history,mech_pair_validation,,,0.0,0.31249999999999994,0.3523236359434951,0.05555555555555555,18,0.1,0,0.0,,,
27,contextual_outcome_history,dual_history,mech_task_holdout,0.6897978347400409,0.807501595458346,0.5884924358942087,-0.07103224646741696,0.38996511936793166,0.7222222222222222,18,0.1,12,0.6666666666666666,0.7673609442979613,0.5779467950808557,0.8685542367091721
27,contextual_outcome_history,latent_context,mech_pair_test,0.48276818314662007,0.1768243815915311,0.09012784518359224,0.2234796480383361,0.7841019212484409,0.9444444444444444,18,0.1,18,1.0,0.46987784235650926,0.4654046388962051,0.6507051582638534
27,contextual_outcome_history,latent_context,mech_pair_train,0.4051686977008051,0.0022618804416002576,0.0014102199078273696,0.26931320745579,0.8491457535479701,0.9444444444444444,18,0.1,18,1.0,0.46540463889620526,0.25277101476637354,0.6030324798493305
27,contextual_outcome_history,latent_context,mech_pair_validation,0.4752554275847899,0.3395953072843178,0.2415266580294394,0.053509712882020326,0.7942524954469854,0.9444444444444444,18,0.1,18,1.0,0.4687397111453531,0.2726274979949003,0.6729008527533173
27,contextual_outcome_history,latent_context,mech_task_holdout,0.543898760681338,0.8111507464562133,0.9159793025929008,-0.48294920079232023,0.5786276897991561,0.7222222222222222,18,0.1,18,1.0,0.5245804416103609,0.06452854125474058,0.7920846474382679
27,contextual_outcome_history,outcome_history,mech_pair_test,,,0.0,0.3194444444444444,0.34105636549468543,0.05555555555555555,18,0.1,0,0.0,,,
27,contextual_outcome_history,outcome_history,mech_pair_train,,,0.0,0.2708333333333333,0.3047653924651624,0.05555555555555555,18,0.1,0,0.0,,,
27,contextual_outcome_history,outcome_history,mech_pair_validation,,,0.0,0.31249999999999994,0.3523236359434951,0.05555555555555555,18,0.1,0,0.0,,,
27,contextual_outcome_history,outcome_history,mech_task_holdout,0.6842362462692722,0.8093934342331202,0.5882362153383218,-0.07791446914942196,0.3992879883412305,0.7222222222222222,18,0.1,12,0.6666666666666666,0.760693822367539,0.5737016376689337,0.8604860351598297
27,outcome_history,dual_history,mech_pair_test,0.9143200818255867,0.748979591105202,0.9713426239530413,-0.2173899014216393,0.34508327883250073,1.0,24,0.1,24,1.0,0.9365868624813611,0.8678420704975818,0.9765800077177885
27,outcome_history,dual_history,mech_pair_train,0.869621295833245,0.6935082476456131,0.8916780767529946,-0.21463069984429808,0.4256843897399917,1.0,24,0.1,24,1.0,0.8667202670266902,0.7402878313862009,0.9757545460428594
27,outcome_history,dual_history,mech_pair_validation,0.8641350216611199,0.6389997171905106,0.8424701647128027,-0.1474423852067465,0.4214528179834133,1.0,22,0.1,22,1.0,0.887081066920361,0.8110511767088852,0.9302420498616029
27,outcome_history,dual_history,mech_task_holdout,0.6875995589462103,0.7642512064320959,0.7407017988934677,-0.12987942690190712,0.391344441612081,0.7222222222222222,18,0.1,12,0.6666666666666666,0.7748646151207372,0.759857273475186,0.8790186917084863
27,outcome_history,latent_context,mech_pair_test,0.9062602951314767,0.791045073354903,0.8982170034658697,-0.18824141019654878,0.38195119570881375,1.0,24,0.1,24,1.0,0.9143487830886128,0.8664247096564566,0.9589181799017203
27,outcome_history,latent_context,mech_pair_train,0.8524526092994479,0.6747588091848069,0.7825859428347701,-0.1297687610250904,0.47475884680509045,1.0,24,0.1,24,1.0,0.8634121463482123,0.7561183381905914,0.9550325648181233
27,outcome_history,latent_context,mech_pair_validation,0.8646033655558772,0.6624297537953648,0.806128207463529,-0.11474672678448208,0.4260917304571902,1.0,22,0.1,22,1.0,0.8719757313583034,0.7859500786016419,0.9418239855955459
27,outcome_history,latent_context,mech_task_holdout,0.6012945034173265,0.638891950055105,0.574055208245026,-0.04407205452251342,0.4621081856375889,0.6666666666666666,18,0.1,13,0.7222222222222222,0.83397093448904,0.6589625635395373,0.8602832414065431
27,outcome_history,outcome_history,mech_pair_test,0.9151194413195142,0.7500139883103228,0.9871127946877886,-0.23204142489413265,0.3422131595826981,1.0,24,0.1,24,1.0,0.9382832724459458,0.8699501216368654,0.9752203549515649
27,outcome_history,outcome_history,mech_pair_train,0.8706575777999256,0.6944938183084827,0.9061911114639283,-0.22812200262279353,0.422438105417491,1.0,24,0.1,24,1.0,0.8675516146944586,0.7429056750279394,0.9752771021554699
27,outcome_history,outcome_history,mech_pair_validation,0.8650032032662334,0.6392183663933345,0.8558874667962195,-0.15971505271313416,0.4186535288317653,1.0,22,0.1,22,1.0,0.8895348564567992,0.8106902326563584,0.931663639087466
27,outcome_history,outcome_history,mech_task_holdout,0.6825448897845376,0.763877477876616,0.7382875717281193,-0.13732625256304148,0.40035593295018634,0.7222222222222222,18,0.1,12,0.6666666666666666,0.7702015995304934,0.7511860452045847,0.871981442161972
28,contextual_outcome_history,dual_history,mech_pair_test,,,0.0,0.32638888888888884,0.344853028275976,0.0,18,0.1,0,0.0,,,
28,contextual_outcome_history,dual_history,mech_pair_train,,,0.0,0.2916666666666666,0.32004773949452536,0.05555555555555555,18,0.1,0,0.0,,,
28,contextual_outcome_history,dual_history,mech_pair_validation,,,0.0,0.3333333333333332,0.37267799624996495,0.05555555555555555,18,0.1,0,0.0,,,
28,contextual_outcome_history,dual_history,mech_task_holdout,0.7120869824611246,0.8001788172769445,0.5996345137726513,-0.056540060692940444,0.375693776808529,0.7777777777777778,18,0.1,12,0.6666666666666666,0.7673609442979613,0.5779467950808557,0.8685542367091721
28,contextual_outcome_history,latent_context,mech_pair_test,0.49758706105007244,0.2938163802647723,0.13954476549241604,0.17780678329500363,0.7727878933256178,1.0,18,0.1,18,1.0,0.4736061786827298,0.4654046388962051,0.632118130822042
28,contextual_outcome_history,latent_context,mech_pair_train,0.439615338542964,0.11058454903613732,0.06500329717007965,0.22159731535102117,0.8241921134327779,0.9444444444444444,18,0.1,18,1.0,0.46654277010736156,0.32633082574219097,0.47207478339450093
28,contextual_outcome_history,latent_context,mech_pair_validation,0.5057743806295643,0.4202735169996336,0.3061684853363586,0.005027279787578046,0.7708098176737715,0.9444444444444444,18,0.1,18,1.0,0.4720747833945009,0.3610992790306945,0.6798527383687409
28,contextual_outcome_history,latent_context,mech_task_holdout,0.5712023435920041,0.8047893898080818,0.9344765468742313,-0.47719748179713867,0.5610412429258345,0.7777777777777778,18,0.1,18,1.0,0.5245804416103609,0.3112811014493742,0.7920846474382679
28,contextual_outcome_history,outcome_history,mech_pair_test,,,0.0,0.32638888888888884,0.344853028275976,0.0,18,0.1,0,0.0,,,
28,contextual_outcome_history,outcome_history,mech_pair_train,,,0.0,0.2916666666666666,0.32004773949452536,0.05555555555555555,18,0.1,0,0.0,,,
28,contextual_outcome_history,outcome_history,mech_pair_validation,,,0.0,0.3333333333333332,0.37267799624996495,0.05555555555555555,18,0.1,0,0.0,,,
28,contextual_outcome_history,outcome_history,mech_task_holdout,0.7071514158131085,0.8025582493809823,0.599750640601691,-0.06377176301359479,0.38452685143321513,0.7777777777777778,18,0.1,12,0.6666666666666666,0.760693822367539,0.5737016376689337,0.8604860351598297
28,outcome_history,dual_history,mech_pair_test,0.9126062105845623,0.6920580214128387,0.887516658159391,-0.10569477076321324,0.34851757197590116,1.0,24,0.1,24,1.0,0.9246677833531669,0.888506991661937,0.9807555998595925
28,outcome_history,dual_history,mech_pair_train,0.8693058855635107,0.6834179216354686,0.9995152182618776,-0.3069692344529185,0.42619898345373686,1.0,24,0.1,24,1.0,0.8199943527708853,0.7928778745798413,0.9757545460428594
28,outcome_history,dual_history,mech_pair_validation,0.8861843032577222,0.6666083730973773,0.963564957206739,-0.21965560630529096,0.38574142521999016,1.0,22,0.1,22,1.0,0.9134594203701718,0.7473249457186664,0.9335482132795127
28,outcome_history,dual_history,mech_task_holdout,0.6587900888268374,0.728851782697799,0.7295597210150252,-0.12353827934305019,0.40899139378664845,0.7222222222222222,18,0.1,12,0.6666666666666666,0.7748646151207371,0.608476725690837,0.8959838474089039
28,outcome_history,latent_context,mech_pair_test,0.9060870555270486,0.7436748380085443,0.835015761527512,-0.0963376603168173,0.38230397327905513,1.0,24,0.1,24,1.0,0.925363040944129,0.8747620419338444,0.9564431089754708
28,outcome_history,latent_context,mech_pair_train,0.8545315931708537,0.6613533573642006,0.8724963745694925,-0.2061765951411802,0.47140223871514814,1.0,24,0.1,24,1.0,0.8265979553473769,0.7677237678563295,0.9691182148388111
28,outcome_history,latent_context,mech_pair_validation,0.8905435903185704,0.703302261888216,0.9383452721202299,-0.20060142524693028,0.383106720267545,1.0,22,0.1,22,1.0,0.886206266405257,0.7785113469628171,0.9450150735469202
28,outcome_history,latent_context,mech_task_holdout,0.5698740612413881,0.6007540153299091,0.5574902667828363,-0.0343839754262684,0.47997140766273966,0.6666666666666666,18,0.1,13,0.7222222222222222,0.7259074989578973,0.5869960535896983,0.8602832414065431
28,outcome_history,outcome_history,mech_pair_test,0.9134764888881424,0.6932926141785627,0.902288734412419,-0.11949648120602145,0.3455092339818542,1.0,24,0.1,24,1.0,0.9252849975334927,0.8910770908294081,0.9807675134748313
28,outcome_history,outcome_history,mech_pair_train,0.8699778464624659,0.6840937199244467,1.0153449335038305,-0.3215911241916687,0.42354666726865464,1.0,24,0.1,24,1.0,0.8220877221901985,0.7928300124171346,0.9752771021554699
28,outcome_history,outcome_history,mech_pair_validation,0.8866747706963044,0.6665945813971034,0.9785557429810658,-0.23329839748440795,0.3835803293700837,1.0,22,0.1,22,1.0,0.9130629383658355,0.7493773901477375,0.9354369312639006
28,outcome_history,outcome_history,mech_task_holdout,0.6542847829430922,0.7280859630866994,0.7267731464647506,-0.13063562536553552,0.4177960748415407,0.7222222222222222,18,0.1,12,0.6666666666666666,0.7702015995304934,0.6012909952040341,0.8909894835155348
29,contextual_outcome_history,dual_history,mech_pair_test,,,0.0,0.3472222222222221,0.37034143405481623,0.0,18,0.1,0,0.0,,,
29,contextual_outcome_history,dual_history,mech_pair_train,,,0.0,0.29861111111111105,0.3267580654449609,0.05555555555555555,18,0.1,0,0.0,,,
29,contextual_outcome_history,dual_history,mech_pair_validation,,,0.0,0.3472222222222221,0.3886407938787006,0.1111111111111111,18,0.1,0,0.0,,,
29,contextual_outcome_history,dual_history,mech_task_holdout,0.6940782080596825,0.7974864211233431,0.5945236217446491,-0.0675202532990964,0.38726527597482396,0.7777777777777778,18,0.1,12,0.6666666666666666,0.7673609442979613,0.608476725690837,0.7982870205178463
29,contextual_outcome_history,latent_context,mech_pair_test,0.5256510807214281,0.37357542715430564,0.2052714298402839,0.1286567951615097,0.7508943899646041,1.0,18,0.1,18,1.0,0.4951276326276991,0.46597370450178344,0.6361382437516213
29,contextual_outcome_history,latent_context,mech_pair_train,0.45213385036280485,0.18621764492195397,0.11021912182723592,0.17980202441497758,0.8149342464032568,0.9444444444444444,18,0.1,18,1.0,0.4698778423565093,0.32633082574219097,0.6321181308220416
29,contextual_outcome_history,latent_context,mech_pair_validation,0.5278958555630482,0.5133943692373566,0.3917661059968282,-0.07287060356781594,0.7533616643410601,0.8888888888888888,18,0.1,18,1.0,0.5302460853399233,0.46540463889620554,0.6798527383687409
29,contextual_outcome_history,latent_context,mech_task_holdout,0.5503110335150889,0.8004314276155396,0.9246056484664079,-0.4830381943904847,0.5745458637600632,0.7777777777777778,18,0.1,18,1.0,0.615177620298447,0.3112811014493742,0.7088590553882391
29,contextual_outcome_history,outcome_history,mech_pair_test,,,0.0,0.3472222222222221,0.37034143405481623,0.0,18,0.1,0,0.0,,,
29,contextual_outcome_history,outcome_history,mech_pair_train,,,0.0,0.29861111111111105,0.3267580654449609,0.05555555555555555,18,0.1,0,0.0,,,
29,contextual_outcome_history,outcome_history,mech_pair_validation,,,0.0,0.3472222222222221,0.3886407938787006,0.1111111111111111,18,0.1,0,0.0,,,
29,contextual_outcome_history,outcome_history,mech_task_holdout,0.6885765856590054,0.799020389445648,0.5940161672178813,-0.07432855128021909,0.3965342807765913,0.7777777777777778,18,0.1,12,0.6666666666666666,0.760693822367539,0.6012909952040344,0.792772708437828
29,outcome_history,dual_history,mech_pair_test,0.927676196731973,0.7208267710730631,0.9449423963519171,-0.12984181848777943,0.3170480032831923,1.0,24,0.1,24,1.0,0.9246677833531669,0.8899329164035134,0.9816152800189278
29,outcome_history,dual_history,mech_pair_train,0.8817298456562117,0.6652489701793579,0.939160153396035,-0.21175665024701718,0.40543568969461863,1.0,24,0.1,24,1.0,0.9121324581903121,0.818379971527343,0.9770048094970428
29,outcome_history,dual_history,mech_pair_validation,0.8891895839540538,0.6815406514370623,0.9978291369795911,-0.2520913481806622,0.38061464333438155,1.0,22,0.1,22,1.0,0.9010326872969125,0.8113518348602435,0.9435997776795848
29,outcome_history,dual_history,mech_task_holdout,0.6943150308532029,0.7560971069329204,0.7810795122016742,-0.13202574251465982,0.387115350400314,0.7222222222222222,18,0.1,12,0.6666666666666666,0.7748646151207371,0.759857273475186,0.9139177769482154
29,outcome_history,latent_context,mech_pair_test,0.9252040416186879,0.7822018304276176,0.8977818766257237,-0.13042458088453668,0.3411812442236026,1.0,24,0.1,24,1.0,0.9379399013771937,0.9012111132558125,0.9589105133593374
29,outcome_history,latent_context,mech_pair_train,0.8670349180558163,0.643064187629589,0.8189111650937732,-0.11597254507239865,0.45068811156572375,1.0,24,0.1,24,1.0,0.9003020561417668,0.770602254709188,0.9700212441608722
29,outcome_history,latent_context,mech_pair_validation,0.8916701523835542,0.7045491207699603,0.9521077861113335,-0.21036189220838564,0.3811300896737716,1.0,22,0.1,22,1.0,0.8980841803580699,0.7635669358959412,0.9593427708744888
29,outcome_history,latent_context,mech_task_holdout,0.6087006306174534,0.6356872555932086,0.608807723973696,-0.04356388333607651,0.45779613743381364,0.6666666666666666,18,0.1,13,0.7222222222222222,0.7509694195681496,0.6589625635395373,0.9382256510273643
29,outcome_history,outcome_history,mech_pair_test,0.9283038716523576,0.7216769695811796,0.9600906231646876,-0.1438742338320613,0.31451433409212864,1.0,24,0.1,24,1.0,0.9252849975334927,0.8926193252020169,0.9823846297667181
29,outcome_history,outcome_history,mech_pair_train,0.8824694092880905,0.6660099844191469,0.9541818294329024,-0.2256645147021727,0.4026874092307092,1.0,24,0.1,24,1.0,0.9113771084212373,0.8187050119890917,0.9766497049853105
29,outcome_history,outcome_history,mech_pair_validation,0.8896497431426708,0.6817365192299363,1.0136651914783144,-0.2665656159498545,0.3785120402242833,1.0,22,0.1,22,1.0,0.9019982168116271,0.8106902326563584,0.9443077415784475
29,outcome_history,outcome_history,mech_task_holdout,0.6901933677818294,0.7558463735149493,0.7786562778935362,-0.13994975335044563,0.39550361999798606,0.7222222222222222,18,0.1,12,0.6666666666666666,0.7702015995304933,0.7511860452045847,0.9138524653592948
30,contextual_outcome_history,dual_history,mech_pair_test,,,0.0,0.4652777777777777,0.48858497498160725,0.0,18,0.1,0,0.0,,,
30,contextual_outcome_history,dual_history,mech_pair_train,,,0.0,0.423611111111111,0.4439015781804691,0.0,18,0.1,0,0.0,,,
30,contextual_outcome_history,dual_history,mech_pair_validation,,,0.0,0.45138888888888873,0.48680506023116343,0.0,18,0.1,0,0.0,,,
30,contextual_outcome_history,dual_history,mech_task_holdout,0.7486952647481185,0.761892427659772,0.6409325209032956,-0.024487909076861627,0.35099722794481975,0.7777777777777778,18,0.1,12,0.6666666666666666,0.8685542367091721,0.7711127797093491,0.8790186917084862
30,contextual_outcome_history,latent_context,mech_pair_test,0.6422363544983689,0.16163662719444188,0.10281612379314585,0.3558029715514029,0.6521207292678145,1.0,18,0.1,18,1.0,0.6632688918515073,0.5884173872853455,0.7974938124842509
30,contextual_outcome_history,latent_context,mech_pair_train,0.6107480250946065,0.4058666624517412,0.2402257161673952,0.16466332178368664,0.6869114365352565,1.0,18,0.1,18,1.0,0.6493651206206603,0.5011604343672118,0.6953690709096121
30,contextual_outcome_history,latent_context,mech_pair_validation,0.6421604622431925,0.4905862562475352,0.3908788823736944,0.03224743758797763,0.6558866215379598,1.0,18,0.1,18,1.0,0.652045195907047,0.5884173872853456,0.7932611335843727
30,contextual_outcome_history,latent_context,mech_task_holdout,0.6258371904872844,0.7641878063578152,0.9961055205230978,-0.4718907307927808,0.5240815796752331,0.7777777777777778,18,0.1,18,1.0,0.6839108094638879,0.4725288054456881,0.8198265114549441
30,contextual_outcome_history,outcome_history,mech_pair_test,,,0.0,0.4652777777777777,0.48858497498160725,0.0,18,0.1,0,0.0,,,
30,contextual_outcome_history,outcome_history,mech_pair_train,,,0.0,0.423611111111111,0.4439015781804691,0.0,18,0.1,0,0.0,,,
30,contextual_outcome_history,outcome_history,mech_pair_validation,,,0.0,0.45138888888888873,0.48680506023116343,0.0,18,0.1,0,0.0,,,
30,contextual_outcome_history,outcome_history,mech_task_holdout,0.7448913096550778,0.7630949347997181,0.6401648252628573,-0.0316994675317533,0.3588952695732122,0.7777777777777778,18,0.1,12,0.6666666666666666,0.8604860351598297,0.7654477109490161,0.8719814421619723
30,outcome_history,dual_history,mech_pair_test,0.9311664233595314,0.7186907870410202,1.146588009617346,-0.17344109935733093,0.30930330637163744,1.0,24,0.1,24,1.0,0.97250980471642,0.8760067439567132,0.9781941947510757
30,outcome_history,dual_history,mech_pair_train,0.9139288074086988,0.7171721410166179,1.2088294175589949,-0.3437322248238105,0.3458703270758089,1.0,24,0.1,24,1.0,0.9203235596078735,0.8717289697319844,0.970976549170859
30,outcome_history,dual_history,mech_pair_validation,0.914872788434882,0.7057890642638717,1.2100341264448748,-0.3063429186227402,0.33360258253557185,1.0,22,0.1,22,1.0,0.9480390528253666,0.895482801850213,0.9885759261903382
30,outcome_history,dual_history,mech_task_holdout,0.7377448645075637,0.8215355319767066,0.9950304504435855,-0.21906666757511428,0.35856289963219595,0.7222222222222222,18,0.1,12,0.6666666666666666,0.8533222457672613,0.7748646151207369,0.9447442589294566
30,outcome_history,latent_context,mech_pair_test,0.9463401485284064,0.7721567523792545,1.0785700860160785,-0.16112122041800644,0.2889820157673905,1.0,24,0.1,24,1.0,0.9678505163114145,0.8784011871241267,0.985911472499516
30,outcome_history,latent_context,mech_pair_train,0.9109897427669625,0.6976927350780945,1.0607983392674503,-0.22852244750010242,0.36874600809818153,1.0,24,0.1,24,1.0,0.9102596885490406,0.8656483800743263,0.9691182148388112
30,outcome_history,latent_context,mech_pair_validation,0.9193326039789484,0.7160152345285601,1.1330664487551425,-0.23158911833656487,0.3288881227258249,1.0,22,0.1,22,1.0,0.9482983311525297,0.8808457492360204,0.9896453651636037
30,outcome_history,latent_context,mech_task_holdout,0.6491956764096016,0.7043564600363182,0.7908998639543805,-0.11533905254527478,0.4334609901802919,0.6666666666666666,18,0.1,13,0.7222222222222222,0.8364419929253502,0.7259074989578972,0.9382256510273643
30,outcome_history,outcome_history,mech_pair_test,0.9306340282127371,0.71986555303493,1.1654983563152232,-0.19107304293673705,0.30936118939807333,1.0,24,0.1,24,1.0,0.9724947763882008,0.8785375753207192,0.977970016350967
30,outcome_history,outcome_history,mech_pair_train,0.9135819767553577,0.7178263042343869,1.227880021438194,-0.36130864655472,0.34529855050754954,1.0,24,0.1,24,1.0,0.9203437625581621,0.8739108722028924,0.9715902640064191
30,outcome_history,outcome_history,mech_pair_validation,0.9142457256534076,0.7056957712811714,1.2287223757638843,-0.3233233876289953,0.33367288213970364,1.0,22,0.1,22,1.0,0.947810432356816,0.8973087710068222,0.9895507078343118
30,outcome_history,outcome_history,mech_task_holdout,0.7344267814613243,0.8213593548318135,0.9920597124797389,-0.22922875488239297,0.3661822138540615,0.7222222222222222,18,0.1,12,0.6666666666666666,0.8587006259227137,0.7702015995304929,0.9383874175814699
31,contextual_outcome_history,dual_history,mech_pair_test,,,0.0,0.5694444444444444,0.590726953281576,0.0,18,0.1,0,0.0,,,
31,contextual_outcome_history,dual_history,mech_pair_train,,,0.0,0.48611111111111094,0.517069735249619,0.0,18,0.1,0,0.0,,,
31,contextual_outcome_history,dual_history,mech_pair_validation,,,0.0,0.5277777777777778,0.5713045500334204,0.0,18,0.1,0,0.0,,,
31,contextual_outcome_history,dual_history,mech_task_holdout,0.7695895501544217,0.7987656751958099,0.7964121882856795,-0.0990851646961919,0.3360891068143863,0.7222222222222222,18,0.1,12,0.6666666666666666,0.8894831467078004,0.7748646151207375,0.9447442589294565
31,contextual_outcome_history,latent_context,mech_pair_test,0.7405500857829295,0.22504444397138101,0.15086005448742695,0.408814237595386,0.555337073943277,1.0,18,0.1,18,1.0,0.7904486580262229,0.6953690709096119,0.9011282218502892
31,contextual_outcome_history,latent_context,mech_pair_train,0.66952187521067,0.39182110415385546,0.3080494531531296,0.15405371871295456,0.6329314755745341,1.0,18,0.1,18,1.0,0.652045195907047,0.5884173872853453,0.7932611335843726
31,contextual_outcome_history,latent_context,mech_pair_validation,0.7053768878711546,0.42467026261987717,0.4059989462923644,0.0924230035770764,0.59513845982775,1.0,18,0.1,18,1.0,0.6953690709096121,0.6029843017975776,0.8986442388370616
31,contextual_outcome_history,latent_context,mech_task_holdout,0.6244891208820222,0.8019676389442806,1.2389732793823205,-0.6560225750778079,0.5250248364795148,0.7222222222222222,18,0.1,18,1.0,0.730329829043644,0.11944208719077332,0.8563298726971912
31,contextual_outcome_history,outcome_history,mech_pair_test,,,0.0,0.5694444444444444,0.590726953281576,0.0,18,0.1,0,0.0,,,
31,contextual_outcome_history,outcome_history,mech_pair_train,,,0.0,0.48611111111111094,0.517069735249619,0.0,18,0.1,0,0.0,,,
31,contextual_outcome_history,outcome_history,mech_pair_validation,,,0.0,0.5277777777777778,0.5713045500334204,0.0,18,0.1,0,0.0,,,
31,contextual_outcome_history,outcome_history,mech_task_holdout,0.7665487761957388,0.8004301210343645,0.7958596980449648,-0.10827938855057204,0.34332322626243106,0.7222222222222222,18,0.1,12,0.6666666666666666,0.8834768491641145,0.7702015995304938,0.9383874175814699
31,outcome_history,dual_history,mech_pair_test,0.8859957806392116,0.756108541614934,1.4625072585030594,-0.3896722317370939,0.39805662541756937,1.0,24,0.1,24,1.0,0.9320703437863282,0.8314109162768742,0.9785313588618821
31,outcome_history,dual_history,mech_pair_train,0.8965234437044198,0.7381472830069161,1.425120385754939,-0.46661605626063013,0.37923235047389503,1.0,24,0.1,24,1.0,0.9246677833531671,0.8959240568640553,0.9807555998595924
31,outcome_history,dual_history,mech_pair_validation,0.8560255596207724,0.7020070182297844,1.5178990148116092,-0.5124669311569979,0.43384829960922794,1.0,22,0.1,22,1.0,0.9757545460428596,0.9141802335447025,0.9788157450122885
31,outcome_history,dual_history,mech_task_holdout,0.7165011554635536,0.8021977175210802,1.0818170629104387,-0.2198473056322989,0.3728026554852508,0.7222222222222222,18,0.1,12,0.6666666666666666,0.8894831467078005,0.7748646151207369,0.9457662218816831
31,outcome_history,latent_context,mech_pair_test,0.9226064745816407,0.8038667818361174,1.3613680309208513,-0.35660196643350406,0.3470550738309226,1.0,24,0.1,24,1.0,0.9567503587691906,0.877843415649292,0.990704284965273
31,outcome_history,latent_context,mech_pair_train,0.9064047050348749,0.723488682004485,1.2599905544904078,-0.3420331747865778,0.3781240562920076,1.0,24,0.1,24,1.0,0.9563974398552768,0.8757834189487073,0.969485263177645
31,outcome_history,latent_context,mech_pair_validation,0.8666264041930181,0.7102990967326546,1.417598061534066,-0.41448534246410584,0.42289650987983823,1.0,22,0.1,22,1.0,0.9494586921921534,0.8895154480302121,0.9827383700065638
31,outcome_history,latent_context,mech_task_holdout,0.6241960539882795,0.6829541388316834,0.8538526396391962,-0.10354615003180764,0.44864023358126653,0.6666666666666666,18,0.1,13,0.7222222222222222,0.83644199292535,0.8016970945477513,0.9382256510273643
31,outcome_history,outcome_history,mech_pair_test,0.8839451465930198,0.7573537084681353,1.4866461045566386,-0.41218302231534687,0.40015131183479363,1.0,24,0.1,24,1.0,0.9306038840563764,0.8271565637434969,0.978880583502193
31,outcome_history,outcome_history,mech_pair_train,0.8951015597928406,0.7388667532829282,1.447670107983625,-0.4874407279716449,0.38043205792768,1.0,24,0.1,24,1.0,0.9252849975334927,0.8934196963748801,0.9809787063450911
31,outcome_history,outcome_history,mech_pair_validation,0.8537971933453334,0.7017847661472694,1.541057771519322,-0.5334523137010754,0.43568326581799705,1.0,22,0.1,22,1.0,0.9743038011517642,0.9136187719554687,0.9767341150247811
31,outcome_history,outcome_history,mech_task_holdout,0.7162407272677083,0.8020181471103727,1.0785770766901317,-0.2308898385879981,0.3785124237444529,0.7222222222222222,18,0.1,12,0.6666666666666666,0.8834768491641144,0.7702015995304929,0.9422561793711494
