condition_id,task_family,observed,prediction
model_agnostic_replication_behavior-0011122b60a7e0c2-m0,bandit,0.24999999999999992,-0.17278492552405533
model_agnostic_replication_behavior-0011122b60a7e0c2-m1,bandit,2.125,1.3253355550208588
model_agnostic_replication_behavior-00564de51715ef14-m0,information_sampling,-0.25,-0.0957894501262171
model_agnostic_replication_behavior-00564de51715ef14-m1,information_sampling,-0.37499999999999994,-0.1861545819473881
model_agnostic_replication_behavior-0089145e61a5674b-m0,debugging,-1.375,-1.6095809509449723
model_agnostic_replication_behavior-0089145e61a5674b-m1,debugging,-2.25,-1.3774722982032752
model_agnostic_replication_behavior-00bb3e4cf9ab2dfd-m0,information_sampling,-0.5,-0.4778201368464552
model_agnostic_replication_behavior-00bb3e4cf9ab2dfd-m1,information_sampling,-0.6249999999999999,-0.5681852686676262
model_agnostic_replication_behavior-00f5d6b65673f33e-m0,effort,-3.375,-2.1466041466634973
model_agnostic_replication_behavior-00f5d6b65673f33e-m1,effort,-0.6249999999999999,-1.4745725842697923
model_agnostic_replication_behavior-014b8edff2a6b441-m0,waiting,-0.25,-0.12188889678435189
model_agnostic_replication_behavior-014b8edff2a6b441-m1,waiting,0.7500000000000002,0.7619195251134854
model_agnostic_replication_behavior-0201c598cb528fd5-m0,information_sampling,-0.6249999999999999,-0.7309055729845086
model_agnostic_replication_behavior-0201c598cb528fd5-m1,information_sampling,-0.7500000000000001,-0.8212707048056794
model_agnostic_replication_behavior-02e8bfd7acbe02ee-m0,waiting,-1.375,-1.688264323972716
model_agnostic_replication_behavior-02e8bfd7acbe02ee-m1,waiting,-1.25,-0.8044559020748787
model_agnostic_replication_behavior-031e6dc594083d28-m0,information_sampling,-0.25,-0.27800811613679516
model_agnostic_replication_behavior-031e6dc594083d28-m1,information_sampling,-0.5,-0.36837324795796644
model_agnostic_replication_behavior-03bebdc83359031d-m0,solvability,-1.125,-0.4455854206825164
model_agnostic_replication_behavior-03bebdc83359031d-m1,solvability,-0.25,-0.09793402357806735
model_agnostic_replication_behavior-041f8ddd2607e19c-m0,information_sampling,-0.37499999999999994,-0.45778554829749973
model_agnostic_replication_behavior-041f8ddd2607e19c-m1,information_sampling,-0.5,-0.5481506801186709
model_agnostic_replication_behavior-047d603f6a60f20f-m0,debugging,-0.6249999999999999,-0.9398312556156768
model_agnostic_replication_behavior-047d603f6a60f20f-m1,debugging,0.0,-0.7077226028739795
model_agnostic_replication_behavior-047e17a565dc304c-m0,bandit,-4.0,-3.1866561712951755
model_agnostic_replication_behavior-047e17a565dc304c-m1,bandit,-0.7500000000000001,-1.6885356907502609
model_agnostic_replication_behavior-04a1f85ed1856dc2-m0,waiting,-1.375,-1.307436895948501
model_agnostic_replication_behavior-04a1f85ed1856dc2-m1,waiting,-0.8750000000000002,-0.42362847405066373
model_agnostic_replication_behavior-04bec58412da7846-m0,foraging,0.625,-0.42296321591004304
model_agnostic_replication_behavior-04bec58412da7846-m1,foraging,-1.25,-0.7703804888936558
model_agnostic_replication_behavior-04ed3792ae9fdcb0-m0,foraging,0.625,0.35294967124828414
model_agnostic_replication_behavior-04ed3792ae9fdcb0-m1,foraging,-0.12500000000000006,0.005532398264671001
model_agnostic_replication_behavior-04f09d89f3389927-m0,effort,-3.0,-3.9887717921278503
model_agnostic_replication_behavior-04f09d89f3389927-m1,effort,-2.375,-3.3167402297341453
model_agnostic_replication_behavior-052e8e176de5c84f-m0,foraging,-0.7500000000000001,-0.812531362921965
model_agnostic_replication_behavior-052e8e176de5c84f-m1,foraging,-1.0000000000000002,-1.159948635905578
model_agnostic_replication_behavior-05c6b9cb7d915afe-m0,bandit,-1.125,-1.9147301429490629
model_agnostic_replication_behavior-05c6b9cb7d915afe-m1,bandit,-1.375,-0.41660966240414865
model_agnostic_replication_behavior-05c770df54cc007d-m0,foraging,-3.5,-3.032979764323296
model_agnostic_replication_behavior-05c770df54cc007d-m1,foraging,-3.375,-3.3803970373069085
model_agnostic_replication_behavior-05d53af17c3a374e-m0,waiting,-2.0,-1.8079937276112827
model_agnostic_replication_behavior-05d53af17c3a374e-m1,waiting,-1.5,-0.9241853057134454
model_agnostic_replication_behavior-061156012638886f-m0,waiting,0.5,0.36326485765490624
model_agnostic_replication_behavior-061156012638886f-m1,waiting,0.0,1.247073279552743
model_agnostic_replication_behavior-0639a7a021846fd4-m0,information_sampling,-1.25,-1.014708114542083
model_agnostic_replication_behavior-0639a7a021846fd4-m1,information_sampling,-0.7500000000000001,-1.1050732463632542
model_agnostic_replication_behavior-065e655a26273658-m0,information_sampling,-0.12500000000000006,0.007440402223302778
model_agnostic_replication_behavior-065e655a26273658-m1,information_sampling,-0.25,-0.08292472959786817
model_agnostic_replication_behavior-0665bf7653e6274b-m0,foraging,-4.0,-2.789460812611045
model_agnostic_replication_behavior-0665bf7653e6274b-m1,foraging,-3.625,-3.136878085594658
model_agnostic_replication_behavior-06eafe1c57c105d7-m0,foraging,-1.125,-2.18259926724182
model_agnostic_replication_behavior-06eafe1c57c105d7-m1,foraging,-3.25,-2.5300165402254327
model_agnostic_replication_behavior-07109abf8e89ad84-m0,effort,-1.875,-1.446585176984749
model_agnostic_replication_behavior-07109abf8e89ad84-m1,effort,-1.7499999999999998,-0.7745536145910442
model_agnostic_replication_behavior-07d5408236908df7-m0,foraging,-1.25,-0.7860849444946864
model_agnostic_replication_behavior-07d5408236908df7-m1,foraging,-1.25,-1.1335022174782992
model_agnostic_replication_behavior-0818a85cb1940bd4-m0,effort,-3.875,-4.4152273959439805
model_agnostic_replication_behavior-0818a85cb1940bd4-m1,effort,-3.25,-3.743195833550275
model_agnostic_replication_behavior-08cc6df3b867e1af-m0,waiting,-0.37499999999999994,0.12929971634037363
model_agnostic_replication_behavior-08cc6df3b867e1af-m1,waiting,1.75,1.013108138238211
model_agnostic_replication_behavior-091d5b37923db0a6-m0,debugging,-2.875,-1.454758147473002
model_agnostic_replication_behavior-091d5b37923db0a6-m1,debugging,-1.7499999999999998,-1.222649494731305
model_agnostic_replication_behavior-096b8cdd62302353-m0,foraging,0.24999999999999992,-0.18696053152225012
model_agnostic_replication_behavior-096b8cdd62302353-m1,foraging,-0.25,-0.534377804505863
model_agnostic_replication_behavior-09c39708b7042ccf-m0,foraging,1.0,0.058021292413223846
model_agnostic_replication_behavior-09c39708b7042ccf-m1,foraging,0.24999999999999992,-0.2893959805703892
model_agnostic_replication_behavior-09ef45017936d890-m0,bandit,-1.375,-1.6690621143644773
model_agnostic_replication_behavior-09ef45017936d890-m1,bandit,-0.37499999999999994,-0.17094163381956323
model_agnostic_replication_behavior-0a423c93ede3f76d-m0,effort,0.125,-0.6584811308944709
model_agnostic_replication_behavior-0a423c93ede3f76d-m1,effort,0.24999999999999992,0.013550431499234017
model_agnostic_replication_behavior-0a9456e977e9d92a-m0,solvability,-2.625,-2.22941459051898
model_agnostic_replication_behavior-0a9456e977e9d92a-m1,solvability,-0.8750000000000002,-1.881763193414531
model_agnostic_replication_behavior-0aa263cdc6f7f2c9-m0,foraging,1.3750000000000002,1.048127213571453
model_agnostic_replication_behavior-0aa263cdc6f7f2c9-m1,foraging,-0.5,0.7007099405878402
model_agnostic_replication_behavior-0afed2cea7c88a74-m0,foraging,0.24999999999999992,0.8191070209409627
model_agnostic_replication_behavior-0afed2cea7c88a74-m1,foraging,1.0,0.47168974795734997
model_agnostic_replication_behavior-0b8145066164180e-m0,information_sampling,0.0,-0.38956523511867236
model_agnostic_replication_behavior-0b8145066164180e-m1,information_sampling,-0.6249999999999999,-0.4799303669398434
model_agnostic_replication_behavior-0b815d5e4617af31-m0,solvability,1.3750000000000002,0.9410592859572304
model_agnostic_replication_behavior-0b815d5e4617af31-m1,solvability,1.25,1.2887106830616795
model_agnostic_replication_behavior-0c260b429b35d7d4-m0,debugging,-1.7499999999999998,-1.634509665466175
model_agnostic_replication_behavior-0c260b429b35d7d4-m1,debugging,-1.5,-1.402401012724478
model_agnostic_replication_behavior-0c42681e4e14298e-m0,foraging,-1.7499999999999998,-1.7532201370866676
model_agnostic_replication_behavior-0c42681e4e14298e-m1,foraging,-2.125,-2.1006374100702807
model_agnostic_replication_behavior-0c4d4a4d53686b46-m0,effort,-4.125,-3.210988224274538
model_agnostic_replication_behavior-0c4d4a4d53686b46-m1,effort,-2.25,-2.538956661880833
model_agnostic_replication_behavior-0cbddfbda08b2044-m0,debugging,-1.125,-1.3998086979772073
model_agnostic_replication_behavior-0cbddfbda08b2044-m1,debugging,-2.5,-1.16770004523551
model_agnostic_replication_behavior-0ccbd5b4fbbbdf20-m0,effort,0.5,0.04231925641504486
model_agnostic_replication_behavior-0ccbd5b4fbbbdf20-m1,effort,0.0,0.71435081880875
model_agnostic_replication_behavior-0cfabf9b7219852c-m0,foraging,-1.0000000000000002,-0.6822228720743483
model_agnostic_replication_behavior-0cfabf9b7219852c-m1,foraging,-1.0000000000000002,-1.029640145057961
model_agnostic_replication_behavior-0def2b9978e78853-m0,bandit,1.25,0.7232230012083605
model_agnostic_replication_behavior-0def2b9978e78853-m1,bandit,3.625,2.2213434817532747
model_agnostic_replication_behavior-0e1908e13fab4413-m0,bandit,-1.7499999999999998,-1.7970334825728416
model_agnostic_replication_behavior-0e1908e13fab4413-m1,bandit,-0.37499999999999994,-0.29891300202792764
model_agnostic_replication_behavior-0e6310b2b9e3de19-m0,foraging,-1.5,-1.2166410080765453
model_agnostic_replication_behavior-0e6310b2b9e3de19-m1,foraging,-2.375,-1.564058281060158
model_agnostic_replication_behavior-0ed15dd16941afef-m0,debugging,-1.5,-1.5401984909765511
model_agnostic_replication_behavior-0ed15dd16941afef-m1,debugging,-0.7500000000000001,-1.3080898382348543
model_agnostic_replication_behavior-0ed720f1b730a869-m0,debugging,0.8750000000000001,1.4160970021141566
model_agnostic_replication_behavior-0ed720f1b730a869-m1,debugging,1.3750000000000002,1.6482056548558535
model_agnostic_replication_behavior-0fe8acc8a6aa4887-m0,effort,-1.875,-1.9894306640722714
model_agnostic_replication_behavior-0fe8acc8a6aa4887-m1,effort,-0.8750000000000002,-1.3173991016785662
model_agnostic_replication_behavior-1013265c634e3284-m0,bandit,-5.375,-4.689848017702536
model_agnostic_replication_behavior-1013265c634e3284-m1,bandit,-2.5,-3.1917275371576213
model_agnostic_replication_behavior-103c7cb6cbfbbcb1-m0,bandit,-0.5,-0.9847403765628198
model_agnostic_replication_behavior-103c7cb6cbfbbcb1-m1,bandit,-0.6249999999999999,0.5133801039820944
model_agnostic_replication_behavior-113264468192dfbe-m0,effort,-1.625,-2.0869260448065976
model_agnostic_replication_behavior-113264468192dfbe-m1,effort,-0.6249999999999999,-1.4148944824128922
model_agnostic_replication_behavior-1198220016861c9a-m0,effort,-1.5,-0.6721208787543235
model_agnostic_replication_behavior-1198220016861c9a-m1,effort,-1.25,-8.931636061854098e-05
model_agnostic_replication_behavior-12a58a0d782e7c01-m0,foraging,-0.7500000000000001,-1.1895938288294134
model_agnostic_replication_behavior-12a58a0d782e7c01-m1,foraging,-0.8750000000000002,-1.5370111018130261
model_agnostic_replication_behavior-14346264618e32b1-m0,waiting,1.25,0.6986744601583873
model_agnostic_replication_behavior-14346264618e32b1-m1,waiting,2.375,1.5824828820562247
model_agnostic_replication_behavior-14d28f8f469d1c28-m0,bandit,-0.7500000000000001,-1.2640358013778237
model_agnostic_replication_behavior-14d28f8f469d1c28-m1,bandit,-0.12500000000000006,0.2340846791670903
model_agnostic_replication_behavior-152f1633494543fa-m0,effort,-1.5,-1.525424638250096
model_agnostic_replication_behavior-152f1633494543fa-m1,effort,-2.25,-0.8533930758563911
model_agnostic_replication_behavior-15615e6abf46aa4d-m0,waiting,-0.6249999999999999,-0.40380417998512863
model_agnostic_replication_behavior-15615e6abf46aa4d-m1,waiting,0.7500000000000002,0.4800042419127085
model_agnostic_replication_behavior-15ae066fc2b2e918-m0,solvability,-1.25,-1.734123700549199
model_agnostic_replication_behavior-15ae066fc2b2e918-m1,solvability,-0.7500000000000001,-1.38647230344475
model_agnostic_replication_behavior-160155124b6dbb9d-m0,information_sampling,-0.6249999999999999,-0.6535148284730887
model_agnostic_replication_behavior-160155124b6dbb9d-m1,information_sampling,-1.375,-0.74387996029426
model_agnostic_replication_behavior-1605efbc8eeccbac-m0,bandit,-3.625,-3.308504088944277
model_agnostic_replication_behavior-1605efbc8eeccbac-m1,bandit,-2.375,-1.810383608399363
model_agnostic_replication_behavior-1671275d9c9bb6fd-m0,bandit,-4.25,-3.720542129742819
model_agnostic_replication_behavior-1671275d9c9bb6fd-m1,bandit,-1.875,-2.2224216491979054
model_agnostic_replication_behavior-169ba748d13b25e0-m0,information_sampling,-0.25,-0.12889623861867272
model_agnostic_replication_behavior-169ba748d13b25e0-m1,information_sampling,-0.37499999999999994,-0.21926137043984406
model_agnostic_replication_behavior-16ae4edb5e4bf83b-m0,effort,-5.25,-3.6596417633875307
model_agnostic_replication_behavior-16ae4edb5e4bf83b-m1,effort,-2.0,-2.9876102009938252
model_agnostic_replication_behavior-16df66406d4ce38f-m0,bandit,0.125,-0.5927334257798269
model_agnostic_replication_behavior-16df66406d4ce38f-m1,bandit,0.8750000000000001,0.9053870547650871
model_agnostic_replication_behavior-1757c15cb8a9ec87-m0,waiting,-1.375,-0.7886043583383289
model_agnostic_replication_behavior-1757c15cb8a9ec87-m1,waiting,0.37499999999999994,0.09520406355950839
model_agnostic_replication_behavior-1799bc91c8030ead-m0,solvability,1.0,0.9174544666300396
model_agnostic_replication_behavior-1799bc91c8030ead-m1,solvability,0.7500000000000002,1.2651058637344885
model_agnostic_replication_behavior-17a3ce9906342b04-m0,information_sampling,-0.12500000000000006,-0.28762977910493304
model_agnostic_replication_behavior-17a3ce9906342b04-m1,information_sampling,-0.5,-0.37799491092610404
model_agnostic_replication_behavior-189208a1952ae584-m0,foraging,1.125,0.3874173071314583
model_agnostic_replication_behavior-189208a1952ae584-m1,foraging,0.24999999999999992,0.040000034147845476
model_agnostic_replication_behavior-19c7a083fc1d594d-m0,effort,-1.625,-2.392127075146556
model_agnostic_replication_behavior-19c7a083fc1d594d-m1,effort,-1.625,-1.720095512752851
model_agnostic_replication_behavior-1a0c42804191d526-m0,waiting,0.125,0.22495741165070804
model_agnostic_replication_behavior-1a0c42804191d526-m1,waiting,0.625,1.1087658335485455
model_agnostic_replication_behavior-1a253d685fd35b4a-m0,debugging,-1.25,-1.4125446758641085
model_agnostic_replication_behavior-1a253d685fd35b4a-m1,debugging,-1.0000000000000002,-1.1804360231224114
model_agnostic_replication_behavior-1a3685278b29ed77-m0,waiting,1.5000000000000002,0.1338432029594705
model_agnostic_replication_behavior-1a3685278b29ed77-m1,waiting,1.3750000000000002,1.0176516248573075
model_agnostic_replication_behavior-1b1b889753d9bb25-m0,bandit,-3.375,-2.963112342981802
model_agnostic_replication_behavior-1b1b889753d9bb25-m1,bandit,-2.0,-1.4649918624368876
model_agnostic_replication_behavior-1b8b43bb6885b18c-m0,debugging,0.125,0.3911357240824116
model_agnostic_replication_behavior-1b8b43bb6885b18c-m1,debugging,0.625,0.6232443768241085
model_agnostic_replication_behavior-1b8e3e26928ef33c-m0,solvability,-2.875,-1.00736820460288
model_agnostic_replication_behavior-1b8e3e26928ef33c-m1,solvability,-1.375,-0.6597168074984313
model_agnostic_replication_behavior-1bfe9fe75fed3242-m0,foraging,0.8750000000000001,-0.034337135691234644
model_agnostic_replication_behavior-1bfe9fe75fed3242-m1,foraging,-0.5,-0.38175440867484756
model_agnostic_replication_behavior-1ca60358cecbcb06-m0,debugging,-1.375,-1.1644156562958368
model_agnostic_replication_behavior-1ca60358cecbcb06-m1,debugging,-1.7499999999999998,-0.9323070035541395
model_agnostic_replication_behavior-1cb24b1fef4e9ba9-m0,effort,1.0,-0.04163599863403947
model_agnostic_replication_behavior-1cb24b1fef4e9ba9-m1,effort,-0.5,0.6303955637596655
model_agnostic_replication_behavior-1df5280a9693e0ae-m0,debugging,-4.25,-3.1789745817698494
model_agnostic_replication_behavior-1df5280a9693e0ae-m1,debugging,-2.25,-2.946865929028152
model_agnostic_replication_behavior-1e2865ef66e389a7-m0,waiting,-1.375,-0.9724802267199151
model_agnostic_replication_behavior-1e2865ef66e389a7-m1,waiting,0.24999999999999992,-0.0886718048220777
model_agnostic_replication_behavior-1e388d4cab24b598-m0,solvability,0.37499999999999994,-0.1638829803363473
model_agnostic_replication_behavior-1e388d4cab24b598-m1,solvability,0.37499999999999994,0.18376841676810185
model_agnostic_replication_behavior-1e6a344447f3492b-m0,information_sampling,-0.6249999999999999,-0.9548088813783048
model_agnostic_replication_behavior-1e6a344447f3492b-m1,information_sampling,-0.6249999999999999,-1.045174013199476
model_agnostic_replication_behavior-1fee8b0a25429777-m0,information_sampling,-0.8750000000000002,-0.9690009369162293
model_agnostic_replication_behavior-1fee8b0a25429777-m1,information_sampling,-0.8750000000000002,-1.0593660687374
model_agnostic_replication_behavior-205622a4bfd9448c-m0,waiting,-0.7500000000000001,-1.0023461470887576
model_agnostic_replication_behavior-205622a4bfd9448c-m1,waiting,-0.37499999999999994,-0.11853772519091998
model_agnostic_replication_behavior-2136f629fa1a54ef-m0,effort,-4.25,-2.0210039087282405
model_agnostic_replication_behavior-2136f629fa1a54ef-m1,effort,-1.25,-1.3489723463345358
model_agnostic_replication_behavior-213d445e1fed7b05-m0,solvability,-0.37499999999999994,-0.10543782316431594
model_agnostic_replication_behavior-213d445e1fed7b05-m1,solvability,0.0,0.242213573940133
model_agnostic_replication_behavior-21518c4f6502d58a-m0,waiting,2.25,1.1947766728905287
model_agnostic_replication_behavior-21518c4f6502d58a-m1,waiting,1.5000000000000002,2.078585094788366
model_agnostic_replication_behavior-22366c7d58e1b723-m0,information_sampling,-0.6249999999999999,-0.6562496033591295
model_agnostic_replication_behavior-22366c7d58e1b723-m1,information_sampling,-0.6249999999999999,-0.7466147351803005
model_agnostic_replication_behavior-22664f464243fdd2-m0,debugging,-1.5,-1.340899446498378
model_agnostic_replication_behavior-22664f464243fdd2-m1,debugging,-0.6249999999999999,-1.1087907937566808
model_agnostic_replication_behavior-22ae60bb0a48e873-m0,foraging,-0.6249999999999999,-0.7325189636262818
model_agnostic_replication_behavior-22ae60bb0a48e873-m1,foraging,-0.5,-1.0799362366098944
model_agnostic_replication_behavior-22d78f09e19bec63-m0,debugging,-2.125,-1.8374790549200002
model_agnostic_replication_behavior-22d78f09e19bec63-m1,debugging,-1.625,-1.6053704021783033
model_agnostic_replication_behavior-22f7b2c558e15e90-m0,bandit,-4.0,-3.5739725664118165
model_agnostic_replication_behavior-22f7b2c558e15e90-m1,bandit,-2.5,-2.0758520858669027
model_agnostic_replication_behavior-26af78bb8bc37f84-m0,debugging,-0.5,-0.539637586041942
model_agnostic_replication_behavior-26af78bb8bc37f84-m1,debugging,-1.25,-0.3075289333002449
model_agnostic_replication_behavior-27622a3afefa3efa-m0,solvability,0.125,0.048855596809764035
model_agnostic_replication_behavior-27622a3afefa3efa-m1,solvability,0.24999999999999992,0.39650699391421274
model_agnostic_replication_behavior-2767503671aeca56-m0,solvability,-0.25,-0.28524509436057066
model_agnostic_replication_behavior-2767503671aeca56-m1,solvability,0.24999999999999992,0.06240630274387837
model_agnostic_replication_behavior-276d8d284455fd7c-m0,solvability,-0.7500000000000001,-0.54433356572564
model_agnostic_replication_behavior-276d8d284455fd7c-m1,solvability,0.625,-0.19668216862119103
model_agnostic_replication_behavior-279c577056c0ec91-m0,waiting,-2.0,-2.0059071098638594
model_agnostic_replication_behavior-279c577056c0ec91-m1,waiting,-1.125,-1.122098687966022
model_agnostic_replication_behavior-27a2f5519a36c823-m0,waiting,0.0,-0.27230462246690945
model_agnostic_replication_behavior-27a2f5519a36c823-m1,waiting,0.0,0.6115037994309277
model_agnostic_replication_behavior-28182d26336e7d04-m0,bandit,-2.625,-1.5247762822053907
model_agnostic_replication_behavior-28182d26336e7d04-m1,bandit,-0.25,-0.026655801660476652
model_agnostic_replication_behavior-282d55c5a34fec40-m0,waiting,0.0,0.18137381747151082
model_agnostic_replication_behavior-282d55c5a34fec40-m1,waiting,1.25,1.065182239369348
model_agnostic_replication_behavior-2868bfe9811dd998-m0,debugging,-2.875,-1.9793757803946952
model_agnostic_replication_behavior-2868bfe9811dd998-m1,debugging,-2.25,-1.7472671276529983
model_agnostic_replication_behavior-2a841e41054a66df-m0,effort,-0.25,0.35827748686285965
model_agnostic_replication_behavior-2a841e41054a66df-m1,effort,-0.7500000000000001,1.0303090492565647
model_agnostic_replication_behavior-2b1a57e1e8bbcf8e-m0,foraging,0.125,0.42523716501624487
model_agnostic_replication_behavior-2b1a57e1e8bbcf8e-m1,foraging,0.0,0.07781989203263195
model_agnostic_replication_behavior-2b6b592d21adeeb8-m0,information_sampling,-0.7500000000000001,-0.49889173370656836
model_agnostic_replication_behavior-2b6b592d21adeeb8-m1,information_sampling,-0.37499999999999994,-0.5892568655277394
model_agnostic_replication_behavior-2b7e18e33c666067-m0,foraging,0.7500000000000002,0.8996790760999086
model_agnostic_replication_behavior-2b7e18e33c666067-m1,foraging,1.25,0.5522618031162957
model_agnostic_replication_behavior-2ba1896d4587118c-m0,foraging,0.8750000000000001,0.07688719245150899
model_agnostic_replication_behavior-2ba1896d4587118c-m1,foraging,-0.12500000000000006,-0.2705300805321039
model_agnostic_replication_behavior-2be2824d2650e174-m0,foraging,0.24999999999999992,-0.20838723064881004
model_agnostic_replication_behavior-2be2824d2650e174-m1,foraging,-0.7500000000000001,-0.5558045036324231
model_agnostic_replication_behavior-2be96f7aa8c725bc-m0,waiting,-3.0,-2.141038523207035
model_agnostic_replication_behavior-2be96f7aa8c725bc-m1,waiting,-1.7499999999999998,-1.2572301013091978
model_agnostic_replication_behavior-2cea3c257cb44951-m0,information_sampling,0.24999999999999992,-0.08568866090108618
model_agnostic_replication_behavior-2cea3c257cb44951-m1,information_sampling,-0.5,-0.17605379272225713
model_agnostic_replication_behavior-2d0b6e47368f5722-m0,bandit,-0.7500000000000001,-0.32869486134366743
model_agnostic_replication_behavior-2d0b6e47368f5722-m1,bandit,-0.12500000000000006,1.1694256192012467
model_agnostic_replication_behavior-2d53c590cdf995e0-m0,debugging,-1.7499999999999998,-1.4989659212637487
model_agnostic_replication_behavior-2d53c590cdf995e0-m1,debugging,-2.25,-1.2668572685220516
model_agnostic_replication_behavior-2d8e64675b063e71-m0,effort,-0.25,-0.15408977215835928
model_agnostic_replication_behavior-2d8e64675b063e71-m1,effort,-0.12500000000000006,0.5179417902353458
model_agnostic_replication_behavior-2df66d2611dee732-m0,waiting,-1.25,-0.6771985332672504
model_agnostic_replication_behavior-2df66d2611dee732-m1,waiting,0.125,0.20660988863058694
model_agnostic_replication_behavior-2e3d393f7b8cbcbd-m0,information_sampling,-0.25,-0.38644288955235195
model_agnostic_replication_behavior-2e3d393f7b8cbcbd-m1,information_sampling,-0.6249999999999999,-0.47680802137352307
model_agnostic_replication_behavior-2eb00f54e3cbc5b2-m0,effort,-2.25,-1.5908091812067617
model_agnostic_replication_behavior-2eb00f54e3cbc5b2-m1,effort,-0.7500000000000001,-0.9187776188130565
model_agnostic_replication_behavior-2ee897ef0bc5f7bf-m0,foraging,0.7500000000000002,0.6356683819110663
model_agnostic_replication_behavior-2ee897ef0bc5f7bf-m1,foraging,-0.12500000000000006,0.2882511089274534
model_agnostic_replication_behavior-2f051d9fac508570-m0,information_sampling,-0.8750000000000002,-0.6424256170040075
model_agnostic_replication_behavior-2f051d9fac508570-m1,information_sampling,-0.8750000000000002,-0.7327907488251786
model_agnostic_replication_behavior-2f35b16969c18b10-m0,debugging,-3.875,-2.9915257182980137
model_agnostic_replication_behavior-2f35b16969c18b10-m1,debugging,-3.625,-2.759417065556317
model_agnostic_replication_behavior-2f63875a3be9563d-m0,debugging,-1.0000000000000002,-1.0850678427399427
model_agnostic_replication_behavior-2f63875a3be9563d-m1,debugging,0.0,-0.8529591899982458
model_agnostic_replication_behavior-2f64a062cd196e30-m0,effort,0.0,-0.8848542718680465
model_agnostic_replication_behavior-2f64a062cd196e30-m1,effort,0.37499999999999994,-0.2128227094743414
model_agnostic_replication_behavior-2fb4edb416e648ed-m0,waiting,-1.25,-1.445027626813089
model_agnostic_replication_behavior-2fb4edb416e648ed-m1,waiting,-1.25,-0.5612192049152517
model_agnostic_replication_behavior-306fdee36d1e152a-m0,waiting,0.0,0.46158509967612005
model_agnostic_replication_behavior-306fdee36d1e152a-m1,waiting,0.8750000000000001,1.3453935215739574
model_agnostic_replication_behavior-30d66353be4d47a7-m0,waiting,-4.625,-2.711605902466765
model_agnostic_replication_behavior-30d66353be4d47a7-m1,waiting,-1.25,-1.8277974805689277
model_agnostic_replication_behavior-317880e4d0b7a56b-m0,waiting,-1.5,-1.0056576347713728
model_agnostic_replication_behavior-317880e4d0b7a56b-m1,waiting,0.24999999999999992,-0.12184921287353523
model_agnostic_replication_behavior-31ad0419af27af4d-m0,debugging,0.0,0.17245717817462913
model_agnostic_replication_behavior-31ad0419af27af4d-m1,debugging,0.7500000000000002,0.4045658309163265
model_agnostic_replication_behavior-31b104a374116b0f-m0,effort,1.0,0.5308631391968697
model_agnostic_replication_behavior-31b104a374116b0f-m1,effort,1.0,1.2028947015905747
model_agnostic_replication_behavior-31d67c8a35e20181-m0,bandit,-1.25,-1.413163414109991
model_agnostic_replication_behavior-31d67c8a35e20181-m1,bandit,0.0,0.08495706643492318
model_agnostic_replication_behavior-3289db509b4ed1d1-m0,information_sampling,-0.25,-0.3594252602967435
model_agnostic_replication_behavior-3289db509b4ed1d1-m1,information_sampling,-0.5,-0.4497903921179146
model_agnostic_replication_behavior-32d959e6a63bbe0a-m0,debugging,-2.625,-2.2255077945891135
model_agnostic_replication_behavior-32d959e6a63bbe0a-m1,debugging,-1.7499999999999998,-1.9933991418474164
model_agnostic_replication_behavior-32ebeb6ae6ba4f6d-m0,information_sampling,-1.7499999999999998,-1.2440374645250878
model_agnostic_replication_behavior-32ebeb6ae6ba4f6d-m1,information_sampling,-0.7500000000000001,-1.3344025963462585
model_agnostic_replication_behavior-344c03cafe6e1764-m0,effort,0.37499999999999994,-0.0536596540714705
model_agnostic_replication_behavior-344c03cafe6e1764-m1,effort,0.37499999999999994,0.6183719083222344
model_agnostic_replication_behavior-34fdc4d1f19c32f6-m0,bandit,-1.0000000000000002,-1.3952450308503288
model_agnostic_replication_behavior-34fdc4d1f19c32f6-m1,bandit,-1.25,0.10287544969458517
model_agnostic_replication_behavior-35b7130f158f3e8b-m0,information_sampling,-0.6249999999999999,-0.7393656014951894
model_agnostic_replication_behavior-35b7130f158f3e8b-m1,information_sampling,-0.6249999999999999,-0.8297307333163603
model_agnostic_replication_behavior-35cd3c9070715ef0-m0,solvability,-2.0,-1.247812502842787
model_agnostic_replication_behavior-35cd3c9070715ef0-m1,solvability,0.125,-0.900161105738338
model_agnostic_replication_behavior-361ace75d57ba130-m0,effort,0.37499999999999994,0.3957556448836495
model_agnostic_replication_behavior-361ace75d57ba130-m1,effort,0.625,1.0677872072773544
model_agnostic_replication_behavior-369bf8b683a3064d-m0,information_sampling,-0.37499999999999994,-0.10986845071111384
model_agnostic_replication_behavior-369bf8b683a3064d-m1,information_sampling,-0.25,-0.2002335825322848
model_agnostic_replication_behavior-37599e41d48a7d92-m0,foraging,0.8750000000000001,0.575443891425596
model_agnostic_replication_behavior-37599e41d48a7d92-m1,foraging,-0.7500000000000001,0.22802661844198313
model_agnostic_replication_behavior-37b20d1c0a964c9b-m0,solvability,-0.8750000000000002,-0.9692216685987923
model_agnostic_replication_behavior-37b20d1c0a964c9b-m1,solvability,-0.37499999999999994,-0.6215702714943435
model_agnostic_replication_behavior-381e65be30fb394b-m0,bandit,-5.25,-3.865065945001811
model_agnostic_replication_behavior-381e65be30fb394b-m1,bandit,-2.5,-2.3669454644568972
model_agnostic_replication_behavior-383b7edf32e1481f-m0,information_sampling,-0.37499999999999994,-0.3228408507875352
model_agnostic_replication_behavior-383b7edf32e1481f-m1,information_sampling,-0.37499999999999994,-0.41320598260870656
model_agnostic_replication_behavior-38513ee4cd6b9881-m0,effort,0.0,-0.23713727208284766
model_agnostic_replication_behavior-38513ee4cd6b9881-m1,effort,-0.12500000000000006,0.4348942903108573
model_agnostic_replication_behavior-38fad896259a331a-m0,information_sampling,-0.12500000000000006,-0.4913173794946412
model_agnostic_replication_behavior-38fad896259a331a-m1,information_sampling,-0.37499999999999994,-0.5816825113158122
model_agnostic_replication_behavior-39307cd0adfd380f-m0,effort,-1.375,-2.2726510717660906
model_agnostic_replication_behavior-39307cd0adfd380f-m1,effort,-1.375,-1.6006195093723856
model_agnostic_replication_behavior-393a66954595df7f-m0,solvability,-0.25,-0.825289279281224
model_agnostic_replication_behavior-393a66954595df7f-m1,solvability,-0.8750000000000002,-0.47763788217677516
model_agnostic_replication_behavior-39568c9adc7c12e5-m0,debugging,-2.125,-2.090906594611024
model_agnostic_replication_behavior-39568c9adc7c12e5-m1,debugging,-2.0,-1.8587979418693266
model_agnostic_replication_behavior-3a45f6ae430635db-m0,information_sampling,-0.5,-0.6724108689693511
model_agnostic_replication_behavior-3a45f6ae430635db-m1,information_sampling,-0.5,-0.762776000790522
model_agnostic_replication_behavior-3a9ee66493b36551-m0,foraging,-1.25,-0.9299206193644436
model_agnostic_replication_behavior-3a9ee66493b36551-m1,foraging,-1.25,-1.2773378923480565
model_agnostic_replication_behavior-3b051fdac9207679-m0,effort,2.125,1.4431348590530841
model_agnostic_replication_behavior-3b051fdac9207679-m1,effort,2.5,2.11516642144679
model_agnostic_replication_behavior-3bc4b677c44d924e-m0,effort,0.24999999999999992,0.028723340709856382
model_agnostic_replication_behavior-3bc4b677c44d924e-m1,effort,0.125,0.7007549031035615
model_agnostic_replication_behavior-3bdbebd13e982ee9-m0,effort,-1.125,-1.1969637575585153
model_agnostic_replication_behavior-3bdbebd13e982ee9-m1,effort,-0.12500000000000006,-0.5249321951648099
model_agnostic_replication_behavior-3d0c8106bb78b1c3-m0,effort,0.125,-0.48063071081918907
model_agnostic_replication_behavior-3d0c8106bb78b1c3-m1,effort,0.625,0.19140085157451625
model_agnostic_replication_behavior-3d5f35e1fa09f645-m0,debugging,-0.37499999999999994,-1.0024917173589762
model_agnostic_replication_behavior-3d5f35e1fa09f645-m1,debugging,-1.0000000000000002,-0.7703830646172792
model_agnostic_replication_behavior-3d8d9c0a6b82c846-m0,debugging,-0.37499999999999994,-1.1544505356997834
model_agnostic_replication_behavior-3d8d9c0a6b82c846-m1,debugging,-0.5,-0.9223418829580865
model_agnostic_replication_behavior-3dd073441eedacfe-m0,information_sampling,-0.25,-0.32861627958011985
model_agnostic_replication_behavior-3dd073441eedacfe-m1,information_sampling,-0.6249999999999999,-0.4189814114012908
model_agnostic_replication_behavior-3e5987d0023a120d-m0,foraging,-1.375,-1.576218267232191
model_agnostic_replication_behavior-3e5987d0023a120d-m1,foraging,-1.375,-1.9236355402158036
model_agnostic_replication_behavior-3e86d5e8ed4d0a66-m0,solvability,1.25,1.2167117988194236
model_agnostic_replication_behavior-3e86d5e8ed4d0a66-m1,solvability,2.875,1.5643631959238724
model_agnostic_replication_behavior-3f08645bc6dc573e-m0,waiting,-1.625,-1.7369029807542185
model_agnostic_replication_behavior-3f08645bc6dc573e-m1,waiting,-0.5,-0.8530945588563809
model_agnostic_replication_behavior-3f253a34ffe378bb-m0,debugging,-0.25,0.17578484632718006
model_agnostic_replication_behavior-3f253a34ffe378bb-m1,debugging,-0.25,0.4078934990688774
model_agnostic_replication_behavior-3f287b3aa19cd7a5-m0,solvability,-1.125,0.0916158867426986
model_agnostic_replication_behavior-3f287b3aa19cd7a5-m1,solvability,-0.37499999999999994,0.43926728384714764
model_agnostic_replication_behavior-402a69896d3fb9a6-m0,debugging,-0.5,-1.254235985934239
model_agnostic_replication_behavior-402a69896d3fb9a6-m1,debugging,-0.7500000000000001,-1.0221273331925413
model_agnostic_replication_behavior-4074a63798fa5516-m0,bandit,1.3750000000000002,1.017685638007547
model_agnostic_replication_behavior-4074a63798fa5516-m1,bandit,4.625,2.515806118552461
model_agnostic_replication_behavior-40ec372f52686cf0-m0,waiting,0.7500000000000002,0.20763900170577687
model_agnostic_replication_behavior-40ec372f52686cf0-m1,waiting,1.25,1.0914474236036145
model_agnostic_replication_behavior-410c5c4493e0ba2e-m0,foraging,1.625,1.0058294693529115
model_agnostic_replication_behavior-410c5c4493e0ba2e-m1,foraging,0.7500000000000002,0.6584121963692989
model_agnostic_replication_behavior-411a05c40e38393a-m0,information_sampling,-1.25,-0.9919389518576431
model_agnostic_replication_behavior-411a05c40e38393a-m1,information_sampling,-0.7500000000000001,-1.0823040836788138
model_agnostic_replication_behavior-41fcba2f0660abd3-m0,solvability,1.0,0.2903790204299074
model_agnostic_replication_behavior-41fcba2f0660abd3-m1,solvability,1.3750000000000002,0.6380304175343563
model_agnostic_replication_behavior-428514396e0e1c30-m0,waiting,-1.875,-2.244423804609541
model_agnostic_replication_behavior-428514396e0e1c30-m1,waiting,-0.6249999999999999,-1.3606153827117038
model_agnostic_replication_behavior-42bc5679c8e117dd-m0,foraging,1.625,1.18733497200033
model_agnostic_replication_behavior-42bc5679c8e117dd-m1,foraging,0.37499999999999994,0.8399176990167169
model_agnostic_replication_behavior-430c25179df495b2-m0,solvability,0.5,-0.009948177533208535
model_agnostic_replication_behavior-430c25179df495b2-m1,solvability,0.125,0.3377032195712405
model_agnostic_replication_behavior-4315c2c1397bedbc-m0,debugging,-1.7499999999999998,-1.6106104820808975
model_agnostic_replication_behavior-4315c2c1397bedbc-m1,debugging,-1.125,-1.3785018293392004
model_agnostic_replication_behavior-437294647e8d4232-m0,bandit,-3.5,-2.16696733659757
model_agnostic_replication_behavior-437294647e8d4232-m1,bandit,-0.7500000000000001,-0.6688468560526557
model_agnostic_replication_behavior-43aaf771d7201275-m0,bandit,-4.25,-3.3042482211047144
model_agnostic_replication_behavior-43aaf771d7201275-m1,bandit,-1.625,-1.8061277405598006
model_agnostic_replication_behavior-447a040bbfd3c1ca-m0,bandit,-3.875,-3.2038867877117108
model_agnostic_replication_behavior-447a040bbfd3c1ca-m1,bandit,-0.7500000000000001,-1.7057663071667968
model_agnostic_replication_behavior-44986cf7a51a0556-m0,solvability,-0.6249999999999999,-1.160018361077742
model_agnostic_replication_behavior-44986cf7a51a0556-m1,solvability,-0.6249999999999999,-0.8123669639732929
model_agnostic_replication_behavior-44d0d10230b8c991-m0,debugging,-3.375,-2.530229735788671
model_agnostic_replication_behavior-44d0d10230b8c991-m1,debugging,-3.25,-2.298121083046974
model_agnostic_replication_behavior-4549ca90bef4def4-m0,solvability,-0.8750000000000002,-0.7593434678687165
model_agnostic_replication_behavior-4549ca90bef4def4-m1,solvability,-0.37499999999999994,-0.4116920707642675
model_agnostic_replication_behavior-4552eb24603d1684-m0,debugging,-0.7500000000000001,-0.6087555086816997
model_agnostic_replication_behavior-4552eb24603d1684-m1,debugging,-0.25,-0.3766468559400028
model_agnostic_replication_behavior-459eb16cc6b255d4-m0,effort,-1.375,-1.9334948777400887
model_agnostic_replication_behavior-459eb16cc6b255d4-m1,effort,-1.125,-1.2614633153463837
model_agnostic_replication_behavior-45d95a7116cb549c-m0,foraging,-1.875,-1.7824419415276425
model_agnostic_replication_behavior-45d95a7116cb549c-m1,foraging,-2.875,-2.1298592145112547
model_agnostic_replication_behavior-468dcfb422326cef-m0,foraging,1.3750000000000002,0.2892889572826861
model_agnostic_replication_behavior-468dcfb422326cef-m1,foraging,-0.25,-0.0581283157009268
model_agnostic_replication_behavior-46962822fbd72356-m0,debugging,0.24999999999999992,-0.0010999942757463632
model_agnostic_replication_behavior-46962822fbd72356-m1,debugging,0.24999999999999992,0.23100865846595053
model_agnostic_replication_behavior-473a5eed846a7855-m0,debugging,-1.375,-1.3553199975319383
model_agnostic_replication_behavior-473a5eed846a7855-m1,debugging,-1.625,-1.1232113447902414
model_agnostic_replication_behavior-47452fb855ee7eb0-m0,waiting,0.7500000000000002,-0.15068897520500446
model_agnostic_replication_behavior-47452fb855ee7eb0-m1,waiting,-0.37499999999999994,0.7331194466928327
model_agnostic_replication_behavior-4758050dd9904c45-m0,solvability,1.8749999999999998,2.152899115137485
model_agnostic_replication_behavior-4758050dd9904c45-m1,solvability,1.625,2.500550512241934
model_agnostic_replication_behavior-477843dbe3b9128a-m0,effort,-3.125,-2.175216760901658
model_agnostic_replication_behavior-477843dbe3b9128a-m1,effort,-1.375,-1.503185198507953
model_agnostic_replication_behavior-47a95318ac876420-m0,solvability,1.75,1.2557112937637407
model_agnostic_replication_behavior-47a95318ac876420-m1,solvability,1.75,1.6033626908681893
model_agnostic_replication_behavior-480c4aa2312cc5ea-m0,waiting,-1.625,-2.153958591515256
model_agnostic_replication_behavior-480c4aa2312cc5ea-m1,waiting,-1.125,-1.2701501696174187
model_agnostic_replication_behavior-481ebda7a58e8d23-m0,information_sampling,-0.5,-0.3467121620020917
model_agnostic_replication_behavior-481ebda7a58e8d23-m1,information_sampling,-0.37499999999999994,-0.43707729382326277
model_agnostic_replication_behavior-484066a555ef97ff-m0,solvability,1.5000000000000002,0.5392045194211057
model_agnostic_replication_behavior-484066a555ef97ff-m1,solvability,0.0,0.8868559165255546
model_agnostic_replication_behavior-49871b1d91fc2fc0-m0,bandit,-2.625,-2.425825218536799
model_agnostic_replication_behavior-49871b1d91fc2fc0-m1,bandit,-0.6249999999999999,-0.9277047379918847
model_agnostic_replication_behavior-49bf08e936f9455f-m0,foraging,0.7500000000000002,0.21024193828494986
model_agnostic_replication_behavior-49bf08e936f9455f-m1,foraging,-0.25,-0.13717533469866316
model_agnostic_replication_behavior-49eeb4ea9f220ffb-m0,debugging,-1.7499999999999998,-2.0291575066654146
model_agnostic_replication_behavior-49eeb4ea9f220ffb-m1,debugging,-1.7499999999999998,-1.7970488539237177
model_agnostic_replication_behavior-4a598668262e3cc5-m0,solvability,1.75,2.568634109917274
model_agnostic_replication_behavior-4a598668262e3cc5-m1,solvability,2.5,2.916285507021722
model_agnostic_replication_behavior-4b39d6acd06b7180-m0,debugging,-1.0000000000000002,-0.9191243553568433
model_agnostic_replication_behavior-4b39d6acd06b7180-m1,debugging,-1.125,-0.6870157026151464
model_agnostic_replication_behavior-4b85360e57bb9e16-m0,bandit,-4.875,-3.5923487631456323
model_agnostic_replication_behavior-4b85360e57bb9e16-m1,bandit,-2.375,-2.0942282826007186
model_agnostic_replication_behavior-4ba9dd58e68be16a-m0,information_sampling,0.0,-0.13338702033924277
model_agnostic_replication_behavior-4ba9dd58e68be16a-m1,information_sampling,-0.5,-0.22375215216041378
model_agnostic_replication_behavior-4c01945122ecfb43-m0,waiting,-1.25,-1.6756431704177812
model_agnostic_replication_behavior-4c01945122ecfb43-m1,waiting,-1.125,-0.7918347485199436
model_agnostic_replication_behavior-4c69a36bc0f3765f-m0,foraging,-0.37499999999999994,-0.5795028173827671
model_agnostic_replication_behavior-4c69a36bc0f3765f-m1,foraging,-0.6249999999999999,-0.92692009036638
model_agnostic_replication_behavior-4cc0f374c91aab3d-m0,solvability,-2.0,-0.6193639740658687
model_agnostic_replication_behavior-4cc0f374c91aab3d-m1,solvability,-0.37499999999999994,-0.2717125769614198
model_agnostic_replication_behavior-4cc47a724ed91c27-m0,debugging,-1.125,-1.3974126624138177
model_agnostic_replication_behavior-4cc47a724ed91c27-m1,debugging,-1.5,-1.1653040096721206
model_agnostic_replication_behavior-4cfa14e19550ebb6-m0,solvability,0.7500000000000002,0.05932678977391259
model_agnostic_replication_behavior-4cfa14e19550ebb6-m1,solvability,0.0,0.4069781868783615
model_agnostic_replication_behavior-4d2e80289b675061-m0,bandit,-1.0000000000000002,-2.1854354745585733
model_agnostic_replication_behavior-4d2e80289b675061-m1,bandit,-1.875,-0.6873149940136595
model_agnostic_replication_behavior-4d42951deaad58eb-m0,information_sampling,-1.0000000000000002,-1.0220514842096735
model_agnostic_replication_behavior-4d42951deaad58eb-m1,information_sampling,-0.6249999999999999,-1.1124166160308446
model_agnostic_replication_behavior-4d60f2f410a0ca52-m0,bandit,0.625,-0.1792077216785848
model_agnostic_replication_behavior-4d60f2f410a0ca52-m1,bandit,2.5,1.3189127588663294
model_agnostic_replication_behavior-4d6da8aeef7cd2ca-m0,solvability,1.75,1.5827315951617593
model_agnostic_replication_behavior-4d6da8aeef7cd2ca-m1,solvability,1.25,1.9303829922662081
model_agnostic_replication_behavior-4e8c45142b6b773a-m0,bandit,-1.0000000000000002,-1.8283492293339454
model_agnostic_replication_behavior-4e8c45142b6b773a-m1,bandit,-0.8750000000000002,-0.33022874878903125
model_agnostic_replication_behavior-4ea315b79b775c22-m0,solvability,-0.12500000000000006,0.35318649321161416
model_agnostic_replication_behavior-4ea315b79b775c22-m1,solvability,1.25,0.700837890316063
model_agnostic_replication_behavior-4f5e0764151c64b7-m0,effort,-4.375,-3.5019871937726297
model_agnostic_replication_behavior-4f5e0764151c64b7-m1,effort,-1.625,-2.829955631378925
model_agnostic_replication_behavior-4f65a5f4fe4b884d-m0,debugging,1.3750000000000002,0.20199742662303688
model_agnostic_replication_behavior-4f65a5f4fe4b884d-m1,debugging,1.125,0.434106079364734
model_agnostic_replication_behavior-504291b32befada2-m0,solvability,0.37499999999999994,-0.0663705996259889
model_agnostic_replication_behavior-504291b32befada2-m1,solvability,-0.25,0.2812807974784601
model_agnostic_replication_behavior-5058e2cd062d17e4-m0,effort,-0.6249999999999999,-1.0878371514501555
model_agnostic_replication_behavior-5058e2cd062d17e4-m1,effort,0.5,-0.41580558905645054
model_agnostic_replication_behavior-50a8a6d46dc015e7-m0,waiting,0.125,-0.890114235979072
model_agnostic_replication_behavior-50a8a6d46dc015e7-m1,waiting,-0.37499999999999994,-0.006305814081234429
model_agnostic_replication_behavior-512ea3efdfe0762b-m0,foraging,-1.7499999999999998,-2.1428541159138796
model_agnostic_replication_behavior-512ea3efdfe0762b-m1,foraging,-2.875,-2.4902713888974923
model_agnostic_replication_behavior-5144809ad83c36f6-m0,solvability,1.25,0.9902456568850869
model_agnostic_replication_behavior-5144809ad83c36f6-m1,solvability,1.25,1.3378970539895358
model_agnostic_replication_behavior-520ccb68b99c2117-m0,foraging,-1.25,-0.6283859167827546
model_agnostic_replication_behavior-520ccb68b99c2117-m1,foraging,-1.875,-0.9758031897663675
model_agnostic_replication_behavior-52728e6abbcc2e83-m0,solvability,0.8750000000000001,1.4482707244865365
model_agnostic_replication_behavior-52728e6abbcc2e83-m1,solvability,2.0,1.7959221215909853
model_agnostic_replication_behavior-5335bd8658de3719-m0,foraging,2.0,1.6875186639331106
model_agnostic_replication_behavior-5335bd8658de3719-m1,foraging,0.5,1.3401013909494979
model_agnostic_replication_behavior-5361835898c7a2a8-m0,solvability,-0.8750000000000002,-0.6003603716599281
model_agnostic_replication_behavior-5361835898c7a2a8-m1,solvability,-0.25,-0.25270897455547925
model_agnostic_replication_behavior-541f3d232accc245-m0,information_sampling,-1.0000000000000002,-1.087180959285884
model_agnostic_replication_behavior-541f3d232accc245-m1,information_sampling,-0.8750000000000002,-1.1775460911070548
model_agnostic_replication_behavior-549755646c784729-m0,waiting,1.0,0.6556196250628661
model_agnostic_replication_behavior-549755646c784729-m1,waiting,1.8749999999999998,1.5394280469607031
model_agnostic_replication_behavior-55875010a81bf453-m0,foraging,-3.625,-1.8993703322166775
model_agnostic_replication_behavior-55875010a81bf453-m1,foraging,-1.7499999999999998,-2.24678760520029
model_agnostic_replication_behavior-55a874c95e3071e4-m0,foraging,-0.6249999999999999,-0.4467219282179079
model_agnostic_replication_behavior-55a874c95e3071e4-m1,foraging,-0.5,-0.7941392012015206
model_agnostic_replication_behavior-55e219a02dc8cb0f-m0,solvability,1.625,1.8208144692367507
model_agnostic_replication_behavior-55e219a02dc8cb0f-m1,solvability,1.125,2.1684658663411995
model_agnostic_replication_behavior-56fafb6fef095d4b-m0,solvability,0.24999999999999992,0.6005383373279812
model_agnostic_replication_behavior-56fafb6fef095d4b-m1,solvability,1.0,0.9481897344324304
model_agnostic_replication_behavior-573209701398ff82-m0,information_sampling,-1.25,-1.0739268448668322
model_agnostic_replication_behavior-573209701398ff82-m1,information_sampling,-0.8750000000000002,-1.1642919766880033
model_agnostic_replication_behavior-579381c3130f61e1-m0,waiting,-0.37499999999999994,-0.9811724449729915
model_agnostic_replication_behavior-579381c3130f61e1-m1,waiting,0.0,-0.09736402307515424
model_agnostic_replication_behavior-57fae92ffa1a1c11-m0,effort,-0.25,-0.6852503724854432
model_agnostic_replication_behavior-57fae92ffa1a1c11-m1,effort,-0.6249999999999999,-0.013218810091738031
model_agnostic_replication_behavior-57fcba08216c7f39-m0,foraging,0.24999999999999992,0.31739967852562445
model_agnostic_replication_behavior-57fcba08216c7f39-m1,foraging,-2.125,-0.03001759445798846
model_agnostic_replication_behavior-58904ea886334b52-m0,debugging,-4.5,-3.3073606724809355
model_agnostic_replication_behavior-58904ea886334b52-m1,debugging,-3.0,-3.0752520197392386
model_agnostic_replication_behavior-589408bed6a2b32d-m0,effort,0.125,0.47083719454489226
model_agnostic_replication_behavior-589408bed6a2b32d-m1,effort,-0.6249999999999999,1.1428687569385976
model_agnostic_replication_behavior-58a9e69b79af6f88-m0,foraging,-1.625,-1.1468755878924606
model_agnostic_replication_behavior-58a9e69b79af6f88-m1,foraging,-0.6249999999999999,-1.4942928608760737
model_agnostic_replication_behavior-58ffce3933d2a919-m0,information_sampling,-0.5,-0.4980058429851557
model_agnostic_replication_behavior-58ffce3933d2a919-m1,information_sampling,-0.6249999999999999,-0.5883709748063268
model_agnostic_replication_behavior-59704b2515741077-m0,information_sampling,-1.125,-0.9982953266907295
model_agnostic_replication_behavior-59704b2515741077-m1,information_sampling,-0.8750000000000002,-1.0886604585119006
model_agnostic_replication_behavior-59996622898c4613-m0,debugging,-0.5,-0.4076452183520669
model_agnostic_replication_behavior-59996622898c4613-m1,debugging,-0.8750000000000002,-0.1755365656103698
model_agnostic_replication_behavior-5afbaa7727ec37d3-m0,effort,1.0,0.8353523382704982
model_agnostic_replication_behavior-5afbaa7727ec37d3-m1,effort,0.8750000000000001,1.5073839006642034
model_agnostic_replication_behavior-5bb94464a068f132-m0,bandit,-4.125,-3.517110229059136
model_agnostic_replication_behavior-5bb94464a068f132-m1,bandit,-0.8750000000000002,-2.0189897485142225
model_agnostic_replication_behavior-5be149a1c495b31e-m0,bandit,-3.875,-2.9060280072402986
model_agnostic_replication_behavior-5be149a1c495b31e-m1,bandit,-0.8750000000000002,-1.4079075266953844
model_agnostic_replication_behavior-5be385599a152b73-m0,solvability,-0.25,-0.520255922563175
model_agnostic_replication_behavior-5be385599a152b73-m1,solvability,-0.25,-0.17260452545872618
model_agnostic_replication_behavior-5e255c92dc784479-m0,waiting,-1.7499999999999998,-1.6774262446360255
model_agnostic_replication_behavior-5e255c92dc784479-m1,waiting,-0.5,-0.7936178227381879
model_agnostic_replication_behavior-5e71b6f435f1994f-m0,debugging,-0.12500000000000006,-0.7048406647412917
model_agnostic_replication_behavior-5e71b6f435f1994f-m1,debugging,-0.6249999999999999,-0.4727320119995948
model_agnostic_replication_behavior-60112918071b8d8b-m0,effort,-1.0000000000000002,-1.5763288404232831
model_agnostic_replication_behavior-60112918071b8d8b-m1,effort,-0.25,-0.9042972780295779
model_agnostic_replication_behavior-6049d9b1c49f7866-m0,solvability,0.5,0.5283223058066306
model_agnostic_replication_behavior-6049d9b1c49f7866-m1,solvability,0.37499999999999994,0.8759737029110796
model_agnostic_replication_behavior-60c1c7ff059b4419-m0,waiting,-0.25,-0.2859650331423751
model_agnostic_replication_behavior-60c1c7ff059b4419-m1,waiting,0.5,0.5978433887554624
model_agnostic_replication_behavior-61095a0a66b1d132-m0,debugging,-2.0,-1.9073740659218137
model_agnostic_replication_behavior-61095a0a66b1d132-m1,debugging,-2.625,-1.6752654131801163
model_agnostic_replication_behavior-612ac9d11cc853bc-m0,bandit,-1.7499999999999998,-1.350481591725249
model_agnostic_replication_behavior-612ac9d11cc853bc-m1,bandit,-1.125,0.14763888881966497
model_agnostic_replication_behavior-614bb099b156f2ee-m0,debugging,-0.37499999999999994,-0.9450120191220621
model_agnostic_replication_behavior-614bb099b156f2ee-m1,debugging,-0.7500000000000001,-0.712903366380365
model_agnostic_replication_behavior-61f1564a2371727f-m0,bandit,-1.375,-1.2574873876300532
model_agnostic_replication_behavior-61f1564a2371727f-m1,bandit,-0.6249999999999999,0.24063309291486096
model_agnostic_replication_behavior-621659555b4b87cc-m0,solvability,-1.125,-0.6194987202101641
model_agnostic_replication_behavior-621659555b4b87cc-m1,solvability,-0.5,-0.2718473231057149
model_agnostic_replication_behavior-625b4afd1db853a4-m0,debugging,-0.7500000000000001,-0.8461069166705977
model_agnostic_replication_behavior-625b4afd1db853a4-m1,debugging,0.37499999999999994,-0.6139982639289007
model_agnostic_replication_behavior-627805953b976929-m0,solvability,0.625,0.5349253793774946
model_agnostic_replication_behavior-627805953b976929-m1,solvability,1.0,0.8825767764819435
model_agnostic_replication_behavior-62da4aec1b4aca25-m0,foraging,-2.375,-1.8782824254345862
model_agnostic_replication_behavior-62da4aec1b4aca25-m1,foraging,-2.625,-2.225699698418199
model_agnostic_replication_behavior-62f1f5850d06a512-m0,information_sampling,-0.8750000000000002,-0.7724264600630608
model_agnostic_replication_behavior-62f1f5850d06a512-m1,information_sampling,-0.7500000000000001,-0.8627915918842318
model_agnostic_replication_behavior-63c74a7e229c4222-m0,information_sampling,-0.6249999999999999,-0.7977324387287869
model_agnostic_replication_behavior-63c74a7e229c4222-m1,information_sampling,-0.6249999999999999,-0.888097570549958
model_agnostic_replication_behavior-64805d6bdbb4709e-m0,waiting,-3.625,-2.7740554185783006
model_agnostic_replication_behavior-64805d6bdbb4709e-m1,waiting,-1.5,-1.8902469966804634
model_agnostic_replication_behavior-64c6e5e897280664-m0,waiting,-1.625,-1.9348165080816102
model_agnostic_replication_behavior-64c6e5e897280664-m1,waiting,-0.7500000000000001,-1.0510080861837725
model_agnostic_replication_behavior-64f9e2ecc5f12884-m0,solvability,-1.0000000000000002,-0.276291835229068
model_agnostic_replication_behavior-64f9e2ecc5f12884-m1,solvability,-0.6249999999999999,0.07135956187538073
model_agnostic_replication_behavior-65590a6e9f91be14-m0,waiting,-1.25,-1.0625176795436482
model_agnostic_replication_behavior-65590a6e9f91be14-m1,waiting,0.125,-0.17870925764581058
model_agnostic_replication_behavior-6573a83da848afda-m0,information_sampling,-1.5,-1.1207598240522316
model_agnostic_replication_behavior-6573a83da848afda-m1,information_sampling,-1.25,-1.2111249558734025
model_agnostic_replication_behavior-661502f3e1448d16-m0,foraging,-0.12500000000000006,-0.02480722597872098
model_agnostic_replication_behavior-661502f3e1448d16-m1,foraging,-2.0,-0.37222449896233395
model_agnostic_replication_behavior-6752381da1d83b1b-m0,debugging,-2.5,-2.6245079461010707
model_agnostic_replication_behavior-6752381da1d83b1b-m1,debugging,-2.125,-2.392399293359374
model_agnostic_replication_behavior-67d270c21f924e12-m0,foraging,1.25,0.5715699556956803
model_agnostic_replication_behavior-67d270c21f924e12-m1,foraging,-0.12500000000000006,0.22415268271206734
model_agnostic_replication_behavior-68725921553c8724-m0,foraging,-1.25,-1.174540284180053
model_agnostic_replication_behavior-68725921553c8724-m1,foraging,-1.375,-1.5219575571636659
model_agnostic_replication_behavior-68f7b7ecc0b8e1b4-m0,effort,-3.75,-3.733321929010459
model_agnostic_replication_behavior-68f7b7ecc0b8e1b4-m1,effort,-3.0,-3.061290366616754
model_agnostic_replication_behavior-699662c38ef01f20-m0,foraging,-2.875,-2.641949763883599
model_agnostic_replication_behavior-699662c38ef01f20-m1,foraging,-3.0,-2.9893670368672116
model_agnostic_replication_behavior-6a8ba90d1cf33ef5-m0,debugging,-0.25,-0.003959580412388641
model_agnostic_replication_behavior-6a8ba90d1cf33ef5-m1,debugging,-1.625,0.22814907232930848
model_agnostic_replication_behavior-6a9951819ab2ddd6-m0,debugging,-3.5,-3.0176720541618143
model_agnostic_replication_behavior-6a9951819ab2ddd6-m1,debugging,-2.5,-2.7855634014201174
model_agnostic_replication_behavior-6af4f724d0c78ab3-m0,bandit,-2.25,-2.2412095925373707
model_agnostic_replication_behavior-6af4f724d0c78ab3-m1,bandit,-0.6249999999999999,-0.7430891119924564
model_agnostic_replication_behavior-6b2563aa3701088a-m0,bandit,-6.625,-4.570316796375849
model_agnostic_replication_behavior-6b2563aa3701088a-m1,bandit,-2.75,-3.072196315830935
model_agnostic_replication_behavior-6b74839f972ece62-m0,effort,0.0,-0.4930288804382701
model_agnostic_replication_behavior-6b74839f972ece62-m1,effort,-0.12500000000000006,0.179002681955435
model_agnostic_replication_behavior-6b83c35db995cfb1-m0,bandit,-3.125,-2.6384115337344953
model_agnostic_replication_behavior-6b83c35db995cfb1-m1,bandit,-0.8750000000000002,-1.1402910531895807
model_agnostic_replication_behavior-6b9509a58e27a686-m0,solvability,0.5,0.1956013013789139
model_agnostic_replication_behavior-6b9509a58e27a686-m1,solvability,0.37499999999999994,0.5432526984833626
model_agnostic_replication_behavior-6bd6ddf1a862aee0-m0,waiting,-0.37499999999999994,-0.7801656180629707
model_agnostic_replication_behavior-6bd6ddf1a862aee0-m1,waiting,-0.7500000000000001,0.10364280383486646
model_agnostic_replication_behavior-6c0f98e7eb3e45e7-m0,foraging,1.625,1.2701633988940593
model_agnostic_replication_behavior-6c0f98e7eb3e45e7-m1,foraging,0.8750000000000001,0.9227461259104462
model_agnostic_replication_behavior-6ced0dcea35c4f06-m0,debugging,-1.5,-1.8057557160539845
model_agnostic_replication_behavior-6ced0dcea35c4f06-m1,debugging,-1.625,-1.5736470633122877
model_agnostic_replication_behavior-6d2411c111c0333f-m0,waiting,0.125,0.13333160218279083
model_agnostic_replication_behavior-6d2411c111c0333f-m1,waiting,0.7500000000000002,1.0171400240806283
model_agnostic_replication_behavior-6e0be2ce399b5b1f-m0,information_sampling,-0.25,-0.579145282642786
model_agnostic_replication_behavior-6e0be2ce399b5b1f-m1,information_sampling,-0.7500000000000001,-0.669510414463957
model_agnostic_replication_behavior-6e3630d609b035e9-m0,solvability,1.8749999999999998,1.3845786635657702
model_agnostic_replication_behavior-6e3630d609b035e9-m1,solvability,0.8750000000000001,1.732230060670219
model_agnostic_replication_behavior-6e3dc2aeb9f0e3f7-m0,solvability,-0.7500000000000001,-1.0703437270904068
model_agnostic_replication_behavior-6e3dc2aeb9f0e3f7-m1,solvability,-0.6249999999999999,-0.7226923299859577
model_agnostic_replication_behavior-6e74abad3577f398-m0,solvability,1.25,0.8369783395593651
model_agnostic_replication_behavior-6e74abad3577f398-m1,solvability,2.375,1.184629736663814
model_agnostic_replication_behavior-6ef572838399478b-m0,information_sampling,-1.125,-0.9341496813097581
model_agnostic_replication_behavior-6ef572838399478b-m1,information_sampling,-0.8750000000000002,-1.024514813130929
model_agnostic_replication_behavior-6f4c9b25b3936a4f-m0,information_sampling,-1.125,-0.9255034506817721
model_agnostic_replication_behavior-6f4c9b25b3936a4f-m1,information_sampling,-1.0000000000000002,-1.015868582502943
model_agnostic_replication_behavior-6f5beb92f92f5c6d-m0,solvability,1.0,0.5177860129948048
model_agnostic_replication_behavior-6f5beb92f92f5c6d-m1,solvability,1.0,0.8654374100992538
model_agnostic_replication_behavior-6ffe918ef65c3311-m0,waiting,1.75,1.34298959363198
model_agnostic_replication_behavior-6ffe918ef65c3311-m1,waiting,1.25,2.2267980155298175
model_agnostic_replication_behavior-70029153c2a73743-m0,information_sampling,-0.25,-0.2810825502789019
model_agnostic_replication_behavior-70029153c2a73743-m1,information_sampling,-0.5,-0.37144768210007284
model_agnostic_replication_behavior-70c835b0b852c49e-m0,information_sampling,0.0,-0.1445248616607584
model_agnostic_replication_behavior-70c835b0b852c49e-m1,information_sampling,-0.37499999999999994,-0.2348899934819294
model_agnostic_replication_behavior-70ddd859acb2914e-m0,effort,-2.75,-2.6086079503693216
model_agnostic_replication_behavior-70ddd859acb2914e-m1,effort,-0.8750000000000002,-1.9365763879756164
model_agnostic_replication_behavior-7116a44d45297e50-m0,debugging,-2.125,-2.2792828151161446
model_agnostic_replication_behavior-7116a44d45297e50-m1,debugging,-1.375,-2.0471741623744473
model_agnostic_replication_behavior-715460056ccd41fc-m0,information_sampling,-1.0000000000000002,-0.8289682877753951
model_agnostic_replication_behavior-715460056ccd41fc-m1,information_sampling,-1.375,-0.919333419596566
model_agnostic_replication_behavior-72b7c9a9db7afc9e-m0,bandit,-1.625,-1.540987472502367
model_agnostic_replication_behavior-72b7c9a9db7afc9e-m1,bandit,-0.25,-0.04286699195745303
model_agnostic_replication_behavior-72de7ceb8262a949-m0,foraging,-1.625,-1.4628524887423486
model_agnostic_replication_behavior-72de7ceb8262a949-m1,foraging,-1.625,-1.8102697617259613
model_agnostic_replication_behavior-7349de27f92344f9-m0,debugging,-0.7500000000000001,-0.8219031988246123
model_agnostic_replication_behavior-7349de27f92344f9-m1,debugging,-1.7499999999999998,-0.5897945460829153
model_agnostic_replication_behavior-7390b90bb5870ffb-m0,information_sampling,-0.37499999999999994,-0.5256251899708666
model_agnostic_replication_behavior-7390b90bb5870ffb-m1,information_sampling,-0.37499999999999994,-0.6159903217920375
model_agnostic_replication_behavior-73d3223b68200815-m0,bandit,-4.5,-3.1804366535918804
model_agnostic_replication_behavior-73d3223b68200815-m1,bandit,-1.0000000000000002,-1.6823161730469667
model_agnostic_replication_behavior-751f9b3fb435159a-m0,information_sampling,-0.25,-0.4898685713646314
model_agnostic_replication_behavior-751f9b3fb435159a-m1,information_sampling,-0.5,-0.5802337031858025
model_agnostic_replication_behavior-7552b8e91eb9ce57-m0,solvability,2.125,2.1357543124698615
model_agnostic_replication_behavior-7552b8e91eb9ce57-m1,solvability,2.625,2.4834057095743103
model_agnostic_replication_behavior-757676ba0e35de82-m0,debugging,1.0,0.10093468611616263
model_agnostic_replication_behavior-757676ba0e35de82-m1,debugging,0.37499999999999994,0.3330433388578595
model_agnostic_replication_behavior-757b07dc33060693-m0,debugging,-0.5,-0.2140132097912738
model_agnostic_replication_behavior-757b07dc33060693-m1,debugging,-1.625,0.0180954429504232
model_agnostic_replication_behavior-761b00720ff9bf77-m0,solvability,2.875,3.642232512627747
model_agnostic_replication_behavior-761b00720ff9bf77-m1,solvability,5.875,3.9898839097321956
model_agnostic_replication_behavior-76779e38e028be79-m0,waiting,-1.125,-1.52874848633625
model_agnostic_replication_behavior-76779e38e028be79-m1,waiting,-0.5,-0.6449400644384127
model_agnostic_replication_behavior-767fe028e3f38a73-m0,waiting,-0.6249999999999999,-0.486115196068141
model_agnostic_replication_behavior-767fe028e3f38a73-m1,waiting,0.125,0.39769322582969624
model_agnostic_replication_behavior-77418da8df5d814a-m0,waiting,-1.125,-1.4870541164409747
model_agnostic_replication_behavior-77418da8df5d814a-m1,waiting,-1.25,-0.6032456945431374
model_agnostic_replication_behavior-779ed33e04be2a4f-m0,debugging,-2.625,-2.4520226033140275
model_agnostic_replication_behavior-779ed33e04be2a4f-m1,debugging,-1.625,-2.2199139505723307
model_agnostic_replication_behavior-79207f3b8fe0d1b2-m0,effort,1.3750000000000002,1.2924888397313876
model_agnostic_replication_behavior-79207f3b8fe0d1b2-m1,effort,2.375,1.9645204021250928
model_agnostic_replication_behavior-793e63e37c235d54-m0,debugging,-3.875,-2.3848963556992775
model_agnostic_replication_behavior-793e63e37c235d54-m1,debugging,-2.625,-2.15278770295758
model_agnostic_replication_behavior-79c2860b6c89f3d1-m0,foraging,-1.0000000000000002,-1.56584328255401
model_agnostic_replication_behavior-79c2860b6c89f3d1-m1,foraging,-2.0,-1.9132605555376228
model_agnostic_replication_behavior-7a5e29683681a491-m0,debugging,-1.875,-2.1815269119363423
model_agnostic_replication_behavior-7a5e29683681a491-m1,debugging,-2.75,-1.9494182591946452
model_agnostic_replication_behavior-7c6b5ce9c26afb5c-m0,debugging,-0.7500000000000001,-0.8837366638898732
model_agnostic_replication_behavior-7c6b5ce9c26afb5c-m1,debugging,-1.125,-0.651628011148176
model_agnostic_replication_behavior-7d389e0d3df78d2c-m0,bandit,-3.625,-3.3552921908301494
model_agnostic_replication_behavior-7d389e0d3df78d2c-m1,bandit,-2.25,-1.8571717102852352
model_agnostic_replication_behavior-7d787c8a6b1e22b0-m0,bandit,-3.875,-3.4749116204165142
model_agnostic_replication_behavior-7d787c8a6b1e22b0-m1,bandit,-2.125,-1.9767911398716005
model_agnostic_replication_behavior-7d9e8c91fff6f157-m0,solvability,2.625,2.8984262453737326
model_agnostic_replication_behavior-7d9e8c91fff6f157-m1,solvability,4.5,3.2460776424781814
model_agnostic_replication_behavior-7e043d6d65e451db-m0,solvability,1.3750000000000002,1.3162776035821708
model_agnostic_replication_behavior-7e043d6d65e451db-m1,solvability,1.125,1.6639290006866196
model_agnostic_replication_behavior-7e22b6f296be97b8-m0,bandit,-2.25,-1.6934286651234818
model_agnostic_replication_behavior-7e22b6f296be97b8-m1,bandit,-0.7500000000000001,-0.19530818457856763
model_agnostic_replication_behavior-7e69cc76ada3b656-m0,foraging,-0.37499999999999994,-0.393058014416019
model_agnostic_replication_behavior-7e69cc76ada3b656-m1,foraging,-0.25,-0.7404752873996318
model_agnostic_replication_behavior-7e7fb7bdba8e4e90-m0,debugging,0.0,-0.0426358847317454
model_agnostic_replication_behavior-7e7fb7bdba8e4e90-m1,debugging,0.125,0.18947276800995172
model_agnostic_replication_behavior-7ecd2472b105e670-m0,bandit,-1.875,-2.040931553871621
model_agnostic_replication_behavior-7ecd2472b105e670-m1,bandit,-1.625,-0.5428110733267069
model_agnostic_replication_behavior-7f47383c27384635-m0,debugging,-1.0000000000000002,-1.096047466820101
model_agnostic_replication_behavior-7f47383c27384635-m1,debugging,-0.5,-0.8639388140784041
model_agnostic_replication_behavior-7f7a58ebf8530c7c-m0,waiting,-2.125,-2.2234597247334213
model_agnostic_replication_behavior-7f7a58ebf8530c7c-m1,waiting,-1.5,-1.339651302835584
model_agnostic_replication_behavior-7f9fa7d94a2b2b30-m0,bandit,-3.25,-2.7636432590154425
model_agnostic_replication_behavior-7f9fa7d94a2b2b30-m1,bandit,-0.7500000000000001,-1.2655227784705283
model_agnostic_replication_behavior-7fc125725be7b695-m0,waiting,-2.5,-1.6767200192318112
model_agnostic_replication_behavior-7fc125725be7b695-m1,waiting,-0.5,-0.792911597333974
model_agnostic_replication_behavior-8029857868bfd445-m0,effort,-0.37499999999999994,-0.8588649150526613
model_agnostic_replication_behavior-8029857868bfd445-m1,effort,-0.8750000000000002,-0.18683335265895595
model_agnostic_replication_behavior-803b46c2da7b0ff1-m0,bandit,-4.375,-4.071819230528593
model_agnostic_replication_behavior-803b46c2da7b0ff1-m1,bandit,-2.0,-2.5736987499836794
model_agnostic_replication_behavior-8155920bd93f09e0-m0,solvability,0.125,-0.0023357545138819047
model_agnostic_replication_behavior-8155920bd93f09e0-m1,solvability,0.0,0.34531564259056713
model_agnostic_replication_behavior-81b22b44a464de0c-m0,debugging,-0.8750000000000002,-1.0655123314227386
model_agnostic_replication_behavior-81b22b44a464de0c-m1,debugging,-1.0000000000000002,-0.8334036786810416
model_agnostic_replication_behavior-81d258abb2884410-m0,bandit,-2.0,-0.3514117731240746
model_agnostic_replication_behavior-81d258abb2884410-m1,bandit,0.5,1.1467087074208395
model_agnostic_replication_behavior-820f8435066abc5e-m0,effort,-1.0000000000000002,-0.8995823592570618
model_agnostic_replication_behavior-820f8435066abc5e-m1,effort,-0.7500000000000001,-0.2275507968633567
model_agnostic_replication_behavior-825a6ce26a349474-m0,debugging,-0.5,-1.2838103205304445
model_agnostic_replication_behavior-825a6ce26a349474-m1,debugging,-0.6249999999999999,-1.0517016677887476
model_agnostic_replication_behavior-82d379d571e64719-m0,effort,-0.8750000000000002,-0.8198391326106935
model_agnostic_replication_behavior-82d379d571e64719-m1,effort,-0.6249999999999999,-0.14780757021698848
model_agnostic_replication_behavior-83141f2bf6c0d515-m0,waiting,-1.0000000000000002,-0.8543765365727136
model_agnostic_replication_behavior-83141f2bf6c0d515-m1,waiting,-0.12500000000000006,0.029431885325123752
model_agnostic_replication_behavior-831692076ee691fa-m0,waiting,-1.875,-2.2383714280955367
model_agnostic_replication_behavior-831692076ee691fa-m1,waiting,-1.0000000000000002,-1.3545630061976999
model_agnostic_replication_behavior-84566633a4eded73-m0,waiting,0.625,0.04326631338097875
model_agnostic_replication_behavior-84566633a4eded73-m1,waiting,0.625,0.9270747352788161
model_agnostic_replication_behavior-84f28840ef13ab8d-m0,effort,-3.0,-3.559566676880551
model_agnostic_replication_behavior-84f28840ef13ab8d-m1,effort,-1.875,-2.8875351144868455
model_agnostic_replication_behavior-853c4d641efd3a8a-m0,foraging,-4.125,-2.318093275033659
model_agnostic_replication_behavior-853c4d641efd3a8a-m1,foraging,-1.7499999999999998,-2.665510548017272
model_agnostic_replication_behavior-857fdb5294c83474-m0,information_sampling,0.0,0.05788040889365731
model_agnostic_replication_behavior-857fdb5294c83474-m1,information_sampling,-0.5,-0.03248472292751359
model_agnostic_replication_behavior-8603ad7e1dcd28ff-m0,solvability,-2.625,-1.4323455844024164
model_agnostic_replication_behavior-8603ad7e1dcd28ff-m1,solvability,-1.25,-1.0846941872979678
model_agnostic_replication_behavior-86a0c57eab37007a-m0,solvability,-0.12500000000000006,0.3057096252764788
model_agnostic_replication_behavior-86a0c57eab37007a-m1,solvability,0.8750000000000001,0.6533610223809277
model_agnostic_replication_behavior-874ebb69d2261959-m0,waiting,-2.5,-2.23904826200771
model_agnostic_replication_behavior-874ebb69d2261959-m1,waiting,-0.25,-1.355239840109873
model_agnostic_replication_behavior-87dfc8f5519cea03-m0,foraging,0.5,0.7700729371550451
model_agnostic_replication_behavior-87dfc8f5519cea03-m1,foraging,-0.8750000000000002,0.4226556641714322
model_agnostic_replication_behavior-87f72e6c6731c8ae-m0,bandit,-1.0000000000000002,-1.2522080183917783
model_agnostic_replication_behavior-87f72e6c6731c8ae-m1,bandit,0.0,0.2459124621531359
model_agnostic_replication_behavior-89f82da72ad495d8-m0,waiting,-0.8750000000000002,-0.9627432816286848
model_agnostic_replication_behavior-89f82da72ad495d8-m1,waiting,-0.25,-0.07893485973084746
model_agnostic_replication_behavior-8b8d9619625b2e4b-m0,solvability,1.75,1.8115485107419103
model_agnostic_replication_behavior-8b8d9619625b2e4b-m1,solvability,2.375,2.159199907846359
model_agnostic_replication_behavior-8b9bcd9a88c3f56b-m0,bandit,-6.875,-4.85092945950133
model_agnostic_replication_behavior-8b9bcd9a88c3f56b-m1,bandit,-3.875,-3.3528089789564155
model_agnostic_replication_behavior-8bb9c61a4410d04f-m0,solvability,0.8750000000000001,0.19917764228168489
model_agnostic_replication_behavior-8bb9c61a4410d04f-m1,solvability,1.125,0.5468290393861337
model_agnostic_replication_behavior-8bf0d9a907c0ae3c-m0,debugging,-1.0000000000000002,-1.066636637749971
model_agnostic_replication_behavior-8bf0d9a907c0ae3c-m1,debugging,-0.37499999999999994,-0.8345279850082743
model_agnostic_replication_behavior-8c3c92b8cf5ebc2e-m0,waiting,1.0,1.171042551415825
model_agnostic_replication_behavior-8c3c92b8cf5ebc2e-m1,waiting,1.5000000000000002,2.054850973313662
model_agnostic_replication_behavior-8cbb9c4677bc283a-m0,effort,0.7500000000000002,-0.08902994688793064
model_agnostic_replication_behavior-8cbb9c4677bc283a-m1,effort,1.25,0.5830016155057747
model_agnostic_replication_behavior-8de0ffbec0647c94-m0,bandit,-4.5,-3.5706033082026245
model_agnostic_replication_behavior-8de0ffbec0647c94-m1,bandit,-2.375,-2.0724828276577107
model_agnostic_replication_behavior-8e3769ff37c82108-m0,bandit,-0.7500000000000001,-1.7760570772013593
model_agnostic_replication_behavior-8e3769ff37c82108-m1,bandit,-1.875,-0.2779365966564452
model_agnostic_replication_behavior-8e4d1fea691c0b3a-m0,debugging,-2.75,-2.3610228040636647
model_agnostic_replication_behavior-8e4d1fea691c0b3a-m1,debugging,-1.7499999999999998,-2.128914151321968
model_agnostic_replication_behavior-8ec2d81fbaef7913-m0,waiting,0.125,0.1182961220970501
model_agnostic_replication_behavior-8ec2d81fbaef7913-m1,waiting,0.7500000000000002,1.0021045439948875
model_agnostic_replication_behavior-8f90234103a909f4-m0,effort,-0.7500000000000001,-1.079767720499396
model_agnostic_replication_behavior-8f90234103a909f4-m1,effort,-0.7500000000000001,-0.4077361581056912
model_agnostic_replication_behavior-904570d406d90418-m0,bandit,-1.7499999999999998,-1.1964596222914963
model_agnostic_replication_behavior-904570d406d90418-m1,bandit,0.0,0.3016608582534178
model_agnostic_replication_behavior-9110517f05fa11d4-m0,solvability,-0.8750000000000002,-0.7542095385845761
model_agnostic_replication_behavior-9110517f05fa11d4-m1,solvability,-0.8750000000000002,-0.40655814148012726
model_agnostic_replication_behavior-912b5c9bf968dbef-m0,waiting,-0.37499999999999994,-0.02751215375727567
model_agnostic_replication_behavior-912b5c9bf968dbef-m1,waiting,1.3750000000000002,0.8562962681405617
model_agnostic_replication_behavior-91f56e8a308cf82b-m0,bandit,-3.5,-3.385192952655479
model_agnostic_replication_behavior-91f56e8a308cf82b-m1,bandit,-1.625,-1.8870724721105647
model_agnostic_replication_behavior-9501235ad78db250-m0,bandit,-1.375,-1.4145471402780598
model_agnostic_replication_behavior-9501235ad78db250-m1,bandit,-1.0000000000000002,0.08357334026685409
model_agnostic_replication_behavior-95dc541a701783f8-m0,bandit,-1.7499999999999998,-1.666668000722273
model_agnostic_replication_behavior-95dc541a701783f8-m1,bandit,-1.125,-0.16854752017735863
model_agnostic_replication_behavior-95f834c2173af4b0-m0,effort,-3.5,-2.8748858331316884
model_agnostic_replication_behavior-95f834c2173af4b0-m1,effort,-2.125,-2.2028542707379835
model_agnostic_replication_behavior-961e4058fbcc9096-m0,information_sampling,-0.8750000000000002,-0.8317202824410179
model_agnostic_replication_behavior-961e4058fbcc9096-m1,information_sampling,-0.6249999999999999,-0.922085414262189
model_agnostic_replication_behavior-97c3de6e48b2c7ec-m0,bandit,-4.125,-2.6787244547957805
model_agnostic_replication_behavior-97c3de6e48b2c7ec-m1,bandit,-1.25,-1.1806039742508663
model_agnostic_replication_behavior-981edd38f519ee09-m0,waiting,1.3750000000000002,0.9256864049140967
model_agnostic_replication_behavior-981edd38f519ee09-m1,waiting,1.8749999999999998,1.809494826811934
model_agnostic_replication_behavior-985bb11dc200f2ca-m0,effort,0.0,-1.6805936726497865
model_agnostic_replication_behavior-985bb11dc200f2ca-m1,effort,-0.6249999999999999,-1.0085621102560813
model_agnostic_replication_behavior-995f3266e0dcf0c8-m0,solvability,-0.6249999999999999,-0.1372618338962922
model_agnostic_replication_behavior-995f3266e0dcf0c8-m1,solvability,-0.12500000000000006,0.21038956320815677
model_agnostic_replication_behavior-997beb0288f34961-m0,foraging,-2.25,-1.8806770527324543
model_agnostic_replication_behavior-997beb0288f34961-m1,foraging,-2.625,-2.228094325716067
model_agnostic_replication_behavior-99d710df014b4bd7-m0,information_sampling,0.0,-0.150470933115519
model_agnostic_replication_behavior-99d710df014b4bd7-m1,information_sampling,-0.37499999999999994,-0.24083606493669008
model_agnostic_replication_behavior-9a4c889ba5e46249-m0,solvability,-2.875,-1.0981530346532535
model_agnostic_replication_behavior-9a4c889ba5e46249-m1,solvability,-0.5,-0.7505016375488051
model_agnostic_replication_behavior-9a82777f62b2348f-m0,foraging,0.0,-0.8164212670922659
model_agnostic_replication_behavior-9a82777f62b2348f-m1,foraging,-2.5,-1.1638385400758788
model_agnostic_replication_behavior-9b0adc0d2103ad9a-m0,foraging,0.24999999999999992,0.0335864311916213
model_agnostic_replication_behavior-9b0adc0d2103ad9a-m1,foraging,-0.12500000000000006,-0.31383084179199155
model_agnostic_replication_behavior-9b5cf6597944a19b-m0,effort,-1.25,-1.0913280927385152
model_agnostic_replication_behavior-9b5cf6597944a19b-m1,effort,-1.625,-0.41929653034480996
model_agnostic_replication_behavior-9b7bb94573d85754-m0,information_sampling,-2.125,-1.1346687940249063
model_agnostic_replication_behavior-9b7bb94573d85754-m1,information_sampling,-1.25,-1.2250339258460774
model_agnostic_replication_behavior-9b914a5d3ea1420a-m0,debugging,-1.25,-1.4784358650972336
model_agnostic_replication_behavior-9b914a5d3ea1420a-m1,debugging,-0.8750000000000002,-1.2463272123555367
model_agnostic_replication_behavior-9bba21c05cdb399c-m0,bandit,-3.125,-2.61285967342983
model_agnostic_replication_behavior-9bba21c05cdb399c-m1,bandit,-1.625,-1.114739192884916
model_agnostic_replication_behavior-9cd7c93332486006-m0,waiting,-1.875,-0.9777788337836761
model_agnostic_replication_behavior-9cd7c93332486006-m1,waiting,0.24999999999999992,-0.09397041188583877
model_agnostic_replication_behavior-9deab7b5cb0bfe9f-m0,bandit,-3.125,-2.9913300697745644
model_agnostic_replication_behavior-9deab7b5cb0bfe9f-m1,bandit,-2.125,-1.4932095892296506
model_agnostic_replication_behavior-9e30db23e2a15849-m0,effort,-0.7500000000000001,-1.1645173752884312
model_agnostic_replication_behavior-9e30db23e2a15849-m1,effort,-0.37499999999999994,-0.4924858128947259
model_agnostic_replication_behavior-9e3bb01d235a3f98-m0,foraging,-1.625,-1.539117516597119
model_agnostic_replication_behavior-9e3bb01d235a3f98-m1,foraging,-2.0,-1.886534789580732
model_agnostic_replication_behavior-9e53411f49a7a8ca-m0,waiting,0.7500000000000002,0.5752787175163047
model_agnostic_replication_behavior-9e53411f49a7a8ca-m1,waiting,1.125,1.4590871394141423
model_agnostic_replication_behavior-9f3b22b83af41232-m0,debugging,-0.8750000000000002,-0.7132677462250141
model_agnostic_replication_behavior-9f3b22b83af41232-m1,debugging,-0.12500000000000006,-0.481159093483317
model_agnostic_replication_behavior-a03db026ed7fdb21-m0,solvability,0.5,0.36683464388857745
model_agnostic_replication_behavior-a03db026ed7fdb21-m1,solvability,0.8750000000000001,0.7144860409930263
model_agnostic_replication_behavior-a0ebc47e2cea1f33-m0,information_sampling,-0.37499999999999994,-0.640798383294431
model_agnostic_replication_behavior-a0ebc47e2cea1f33-m1,information_sampling,-0.6249999999999999,-0.731163515115602
model_agnostic_replication_behavior-a119770296600b1f-m0,waiting,-1.125,-0.9974777199801507
model_agnostic_replication_behavior-a119770296600b1f-m1,waiting,-0.37499999999999994,-0.11366929808231324
model_agnostic_replication_behavior-a16bc18b6b57db04-m0,waiting,-0.37499999999999994,-0.2312195320913193
model_agnostic_replication_behavior-a16bc18b6b57db04-m1,waiting,1.125,0.652588889806518
model_agnostic_replication_behavior-a215b94a851c4608-m0,waiting,-1.875,-2.256735101093101
model_agnostic_replication_behavior-a215b94a851c4608-m1,waiting,-1.625,-1.372926679195264
model_agnostic_replication_behavior-a22fa9f4b91d16f4-m0,waiting,-1.0000000000000002,-0.5918443019611301
model_agnostic_replication_behavior-a22fa9f4b91d16f4-m1,waiting,0.37499999999999994,0.29196411993670723
model_agnostic_replication_behavior-a29e657a47370271-m0,information_sampling,-0.6249999999999999,-0.6986961339149922
model_agnostic_replication_behavior-a29e657a47370271-m1,information_sampling,-0.6249999999999999,-0.7890612657361633
model_agnostic_replication_behavior-a2a0b5aa04020332-m0,effort,-1.7499999999999998,-2.2595035870185765
model_agnostic_replication_behavior-a2a0b5aa04020332-m1,effort,-0.25,-1.5874720246248712
model_agnostic_replication_behavior-a2aa1fd8c84d256e-m0,bandit,-1.25,-1.7089601031594728
model_agnostic_replication_behavior-a2aa1fd8c84d256e-m1,bandit,-1.0000000000000002,-0.2108396226145589
model_agnostic_replication_behavior-a387ae2234d47c2c-m0,waiting,-0.7500000000000001,-1.1327009247329611
model_agnostic_replication_behavior-a387ae2234d47c2c-m1,waiting,-0.7500000000000001,-0.24889250283512365
model_agnostic_replication_behavior-a39a231db87b2eec-m0,information_sampling,-0.8750000000000002,-0.8732692242739334
model_agnostic_replication_behavior-a39a231db87b2eec-m1,information_sampling,-0.8750000000000002,-0.9636343560951045
model_agnostic_replication_behavior-a3cb000ce8a412ea-m0,foraging,0.625,-0.006729484828544852
model_agnostic_replication_behavior-a3cb000ce8a412ea-m1,foraging,-0.7500000000000001,-0.3541467578121579
model_agnostic_replication_behavior-a4310103981485f9-m0,effort,-1.25,-1.3982749884045806
model_agnostic_replication_behavior-a4310103981485f9-m1,effort,-0.25,-0.7262434260108754
model_agnostic_replication_behavior-a44c56a421c60fe2-m0,debugging,-2.0,-1.789496176405296
model_agnostic_replication_behavior-a44c56a421c60fe2-m1,debugging,-2.125,-1.5573875236635988
model_agnostic_replication_behavior-a539215c044ac71b-m0,waiting,1.75,0.7829258576486136
model_agnostic_replication_behavior-a539215c044ac71b-m1,waiting,1.8749999999999998,1.666734279546451
model_agnostic_replication_behavior-a68a05dcc66c0a22-m0,effort,0.625,0.051382653435791736
model_agnostic_replication_behavior-a68a05dcc66c0a22-m1,effort,0.5,0.7234142158294968
model_agnostic_replication_behavior-a7a2c352bc9e11f9-m0,foraging,-0.6249999999999999,-0.5545962642200774
model_agnostic_replication_behavior-a7a2c352bc9e11f9-m1,foraging,-0.7500000000000001,-0.9020135372036902
model_agnostic_replication_behavior-a7c2f1f42891eaff-m0,information_sampling,-1.875,-1.058632177873013
model_agnostic_replication_behavior-a7c2f1f42891eaff-m1,information_sampling,-1.0000000000000002,-1.1489973096941841
model_agnostic_replication_behavior-a84aca1c9da4be48-m0,solvability,-0.5,-0.8553570617238327
model_agnostic_replication_behavior-a84aca1c9da4be48-m1,solvability,-0.6249999999999999,-0.5077056646193837
model_agnostic_replication_behavior-a88a4571fd27f5e9-m0,effort,-1.0000000000000002,-1.2386472525398426
model_agnostic_replication_behavior-a88a4571fd27f5e9-m1,effort,0.0,-0.5666156901461377
model_agnostic_replication_behavior-a8b3060a576f0ed6-m0,effort,-2.375,-2.0528154295972296
model_agnostic_replication_behavior-a8b3060a576f0ed6-m1,effort,-1.125,-1.3807838672035249
model_agnostic_replication_behavior-a92c0338b1189bcd-m0,effort,-0.25,-0.5230618665746917
model_agnostic_replication_behavior-a92c0338b1189bcd-m1,effort,-0.5,0.14896969581901343
model_agnostic_replication_behavior-a9873953e6c68d98-m0,effort,-2.375,-1.9177717984688953
model_agnostic_replication_behavior-a9873953e6c68d98-m1,effort,-1.375,-1.2457402360751901
model_agnostic_replication_behavior-aa411602e0a91119-m0,solvability,1.625,2.4707375772565836
model_agnostic_replication_behavior-aa411602e0a91119-m1,solvability,1.3750000000000002,2.818388974361033
model_agnostic_replication_behavior-aaffb07102c8e91f-m0,information_sampling,-1.625,-1.097610294405935
model_agnostic_replication_behavior-aaffb07102c8e91f-m1,information_sampling,-0.7500000000000001,-1.1879754262271058
model_agnostic_replication_behavior-ab4a56ca2b3b36ad-m0,foraging,-1.0000000000000002,-1.3398126005473625
model_agnostic_replication_behavior-ab4a56ca2b3b36ad-m1,foraging,-1.7499999999999998,-1.6872298735309752
model_agnostic_replication_behavior-abc5df3b85db9f42-m0,foraging,-1.5,-1.3178792503811554
model_agnostic_replication_behavior-abc5df3b85db9f42-m1,foraging,-0.7500000000000001,-1.665296523364768
model_agnostic_replication_behavior-ad162029a4e074f4-m0,information_sampling,-0.12500000000000006,-0.1423649071704769
model_agnostic_replication_behavior-ad162029a4e074f4-m1,information_sampling,-0.5,-0.2327300389916478
model_agnostic_replication_behavior-adb879aac0678578-m0,bandit,-5.25,-4.235357270052851
model_agnostic_replication_behavior-adb879aac0678578-m1,bandit,-3.625,-2.7372367895079366
model_agnostic_replication_behavior-ade71b3143772e2c-m0,debugging,-2.625,-1.4913083042291502
model_agnostic_replication_behavior-ade71b3143772e2c-m1,debugging,-1.625,-1.2591996514874533
model_agnostic_replication_behavior-ae29def1a8b4c8f1-m0,effort,-1.5,-1.6006863597188656
model_agnostic_replication_behavior-ae29def1a8b4c8f1-m1,effort,-1.5,-0.9286547973251607
model_agnostic_replication_behavior-ae7d50a60b13de1c-m0,debugging,-2.125,-2.192549284254085
model_agnostic_replication_behavior-ae7d50a60b13de1c-m1,debugging,-2.375,-1.9604406315123872
model_agnostic_replication_behavior-ae92677c34993da5-m0,bandit,-3.625,-2.812170540303093
model_agnostic_replication_behavior-ae92677c34993da5-m1,bandit,-0.6249999999999999,-1.3140500597581788
model_agnostic_replication_behavior-ae9f3182ef79fa39-m0,debugging,-0.37499999999999994,0.5082204783388025
model_agnostic_replication_behavior-ae9f3182ef79fa39-m1,debugging,0.125,0.7403291310804998
model_agnostic_replication_behavior-aeede9f5c50ef333-m0,foraging,2.25,1.5721563881294092
model_agnostic_replication_behavior-aeede9f5c50ef333-m1,foraging,2.75,1.2247391151457965
model_agnostic_replication_behavior-b17787df45cad616-m0,solvability,-0.7500000000000001,-1.4723909153272854
model_agnostic_replication_behavior-b17787df45cad616-m1,solvability,-0.7500000000000001,-1.1247395182228364
model_agnostic_replication_behavior-b1dfda074bedc67e-m0,debugging,-0.5,-1.423992851718078
model_agnostic_replication_behavior-b1dfda074bedc67e-m1,debugging,-1.0000000000000002,-1.191884198976381
model_agnostic_replication_behavior-b1f26e6e319326ac-m0,waiting,-2.375,-2.134700720192953
model_agnostic_replication_behavior-b1f26e6e319326ac-m1,waiting,-1.5,-1.2508922982951156
model_agnostic_replication_behavior-b20360d59146f1ee-m0,bandit,-2.0,-1.6272581377807283
model_agnostic_replication_behavior-b20360d59146f1ee-m1,bandit,-0.25,-0.12913765723581397
model_agnostic_replication_behavior-b36f0bb86ac7fe7a-m0,solvability,1.625,0.6519647883564935
model_agnostic_replication_behavior-b36f0bb86ac7fe7a-m1,solvability,0.125,0.9996161854609424
model_agnostic_replication_behavior-b4de2f7d4de06f25-m0,information_sampling,-0.37499999999999994,-0.550635356959581
model_agnostic_replication_behavior-b4de2f7d4de06f25-m1,information_sampling,-0.5,-0.6410004887807523
model_agnostic_replication_behavior-b4deb28670c6f2c2-m0,waiting,-2.625,-2.3172523771086238
model_agnostic_replication_behavior-b4deb28670c6f2c2-m1,waiting,-1.5,-1.4334439552107863
model_agnostic_replication_behavior-b54fc0e4e64f426d-m0,effort,-1.875,-2.3273844972001987
model_agnostic_replication_behavior-b54fc0e4e64f426d-m1,effort,-0.37499999999999994,-1.6553529348064933
model_agnostic_replication_behavior-b77e1668ed8ccca4-m0,information_sampling,-0.12500000000000006,-0.4408901407663539
model_agnostic_replication_behavior-b77e1668ed8ccca4-m1,information_sampling,-0.5,-0.5312552725875244
model_agnostic_replication_behavior-b788c404f537c611-m0,effort,-2.125,-1.5980323628453554
model_agnostic_replication_behavior-b788c404f537c611-m1,effort,-0.7500000000000001,-0.9260008004516505
model_agnostic_replication_behavior-b7979ffaacfbf14e-m0,information_sampling,-1.25,-0.8206966654446638
model_agnostic_replication_behavior-b7979ffaacfbf14e-m1,information_sampling,-0.8750000000000002,-0.9110617972658349
model_agnostic_replication_behavior-b7cc6fc43bedd53c-m0,effort,-3.5,-3.160960512275359
model_agnostic_replication_behavior-b7cc6fc43bedd53c-m1,effort,-2.125,-2.488928949881654
model_agnostic_replication_behavior-b80f6ef7a2bbbcda-m0,effort,-2.875,-1.7168755056162557
model_agnostic_replication_behavior-b80f6ef7a2bbbcda-m1,effort,0.0,-1.0448439432225505
model_agnostic_replication_behavior-b8c92b12d445ee1d-m0,foraging,1.3750000000000002,0.7344428350525406
model_agnostic_replication_behavior-b8c92b12d445ee1d-m1,foraging,0.0,0.38702556206892746
model_agnostic_replication_behavior-b8e96cf3c5983e61-m0,debugging,-0.12500000000000006,0.29130647928975373
model_agnostic_replication_behavior-b8e96cf3c5983e61-m1,debugging,-0.37499999999999994,0.5234151320314508
model_agnostic_replication_behavior-b8fdd9948d6aef34-m0,foraging,-1.375,-1.340685810357083
model_agnostic_replication_behavior-b8fdd9948d6aef34-m1,foraging,-1.7499999999999998,-1.6881030833406956
model_agnostic_replication_behavior-b98d4575cfaf5371-m0,information_sampling,-0.5,-0.47825857154064
model_agnostic_replication_behavior-b98d4575cfaf5371-m1,information_sampling,-0.7500000000000001,-0.568623703361811
model_agnostic_replication_behavior-bb1ee8f73f3ad307-m0,foraging,-2.5,-1.8264180716159895
model_agnostic_replication_behavior-bb1ee8f73f3ad307-m1,foraging,-2.5,-2.1738353445996026
model_agnostic_replication_behavior-bbbf213c8a19d63e-m0,information_sampling,-0.12500000000000006,-0.7370405147676276
model_agnostic_replication_behavior-bbbf213c8a19d63e-m1,information_sampling,-0.7500000000000001,-0.8274056465887984
model_agnostic_replication_behavior-bc27c98bc891ec39-m0,bandit,-3.625,-3.427522627609196
model_agnostic_replication_behavior-bc27c98bc891ec39-m1,bandit,-2.75,-1.9294021470642821
model_agnostic_replication_behavior-bd34a146d2791368-m0,foraging,-1.5,-1.4563182733257727
model_agnostic_replication_behavior-bd34a146d2791368-m1,foraging,-1.625,-1.8037355463093854
model_agnostic_replication_behavior-bd3da6f2e49f3fc3-m0,solvability,-1.375,-1.2776942825593545
model_agnostic_replication_behavior-bd3da6f2e49f3fc3-m1,solvability,-0.7500000000000001,-0.9300428854549053
model_agnostic_replication_behavior-bd62dd3b5bd8bd6f-m0,information_sampling,-0.12500000000000006,-0.22035511185600326
model_agnostic_replication_behavior-bd62dd3b5bd8bd6f-m1,information_sampling,-0.25,-0.31072024367717405
model_agnostic_replication_behavior-bdb8a0c253030e53-m0,information_sampling,-1.625,-1.0478745493718484
model_agnostic_replication_behavior-bdb8a0c253030e53-m1,information_sampling,-0.8750000000000002,-1.1382396811930195
model_agnostic_replication_behavior-be191ef1b080f7ed-m0,waiting,-0.25,-0.5560181880435647
model_agnostic_replication_behavior-be191ef1b080f7ed-m1,waiting,0.37499999999999994,0.3277902338542726
model_agnostic_replication_behavior-bea19c8a4b75af55-m0,solvability,2.25,3.1824769375748208
model_agnostic_replication_behavior-bea19c8a4b75af55-m1,solvability,4.125,3.5301283346792696
model_agnostic_replication_behavior-bf38f07b2f72c76c-m0,debugging,-1.25,-0.4650677394088998
model_agnostic_replication_behavior-bf38f07b2f72c76c-m1,debugging,0.125,-0.232959086667203
model_agnostic_replication_behavior-bfdd27acb9a75f73-m0,debugging,-1.375,-1.9756962227006332
model_agnostic_replication_behavior-bfdd27acb9a75f73-m1,debugging,-1.375,-1.7435875699589363
model_agnostic_replication_behavior-c0111bf874e42cc2-m0,information_sampling,-0.37499999999999994,-0.6146452702635303
model_agnostic_replication_behavior-c0111bf874e42cc2-m1,information_sampling,-0.7500000000000001,-0.7050104020847012
model_agnostic_replication_behavior-c0621aaf2b7cd30a-m0,waiting,-2.75,-2.3464764400924
model_agnostic_replication_behavior-c0621aaf2b7cd30a-m1,waiting,-1.5,-1.4626680181945626
model_agnostic_replication_behavior-c09075aa7877fbb6-m0,information_sampling,-0.6249999999999999,-0.807704679577176
model_agnostic_replication_behavior-c09075aa7877fbb6-m1,information_sampling,-0.6249999999999999,-0.898069811398347
model_agnostic_replication_behavior-c0b506276a901f5c-m0,foraging,-2.75,-2.641053169942558
model_agnostic_replication_behavior-c0b506276a901f5c-m1,foraging,-2.875,-2.988470442926171
model_agnostic_replication_behavior-c11e074ebc564595-m0,waiting,0.24999999999999992,0.11310381500965982
model_agnostic_replication_behavior-c11e074ebc564595-m1,waiting,1.0,0.9969122369074972
model_agnostic_replication_behavior-c1533aeb745712da-m0,waiting,-2.25,-2.13193480224819
model_agnostic_replication_behavior-c1533aeb745712da-m1,waiting,-1.25,-1.2481263803503522
model_agnostic_replication_behavior-c16e0d4c60f48f68-m0,foraging,-0.6249999999999999,-1.1280297842120257
model_agnostic_replication_behavior-c16e0d4c60f48f68-m1,foraging,-1.0000000000000002,-1.4754470571956384
model_agnostic_replication_behavior-c17e33dd98007b26-m0,effort,-0.7500000000000001,-1.0845758367170153
model_agnostic_replication_behavior-c17e33dd98007b26-m1,effort,-0.6249999999999999,-0.4125442743233104
model_agnostic_replication_behavior-c193f025837321bc-m0,debugging,-2.875,-2.145954212273057
model_agnostic_replication_behavior-c193f025837321bc-m1,debugging,-2.125,-1.9138455595313597
model_agnostic_replication_behavior-c1ac35dd1f4bafe6-m0,information_sampling,-0.5,-0.9733086138586525
model_agnostic_replication_behavior-c1ac35dd1f4bafe6-m1,information_sampling,-0.6249999999999999,-1.0636737456798235
model_agnostic_replication_behavior-c2b1faf18cb8ec11-m0,effort,0.625,0.16691495880444673
model_agnostic_replication_behavior-c2b1faf18cb8ec11-m1,effort,0.5,0.8389465211981518
model_agnostic_replication_behavior-c2e46ceb42eeab7e-m0,information_sampling,-0.25,-0.3339436854804094
model_agnostic_replication_behavior-c2e46ceb42eeab7e-m1,information_sampling,-0.5,-0.42430881730158054
model_agnostic_replication_behavior-c3325cd16b7ee84b-m0,debugging,-3.125,-2.2188761099347385
model_agnostic_replication_behavior-c3325cd16b7ee84b-m1,debugging,-3.25,-1.9867674571930412
model_agnostic_replication_behavior-c3681c97f6218cbe-m0,bandit,-2.625,-3.304571787227533
model_agnostic_replication_behavior-c3681c97f6218cbe-m1,bandit,-1.5,-1.8064513066826193
model_agnostic_replication_behavior-c3a0d90698d52fbd-m0,effort,1.8749999999999998,-0.1272468764224775
model_agnostic_replication_behavior-c3a0d90698d52fbd-m1,effort,1.5000000000000002,0.5447846859712274
model_agnostic_replication_behavior-c3fb6edf7f65ebe9-m0,foraging,-2.875,-2.780343422765779
model_agnostic_replication_behavior-c3fb6edf7f65ebe9-m1,foraging,-1.875,-3.1277606957493918
model_agnostic_replication_behavior-c4b625ac7d03a77c-m0,waiting,-1.375,-1.1796244569597156
model_agnostic_replication_behavior-c4b625ac7d03a77c-m1,waiting,0.0,-0.29581603506187826
model_agnostic_replication_behavior-c5252fb2dcf4bca1-m0,bandit,-6.0,-4.04784289743238
model_agnostic_replication_behavior-c5252fb2dcf4bca1-m1,bandit,-2.5,-2.5497224168874664
model_agnostic_replication_behavior-c6540159d7975c9c-m0,waiting,0.0,0.37665542521287254
model_agnostic_replication_behavior-c6540159d7975c9c-m1,waiting,1.25,1.2604638471107097
model_agnostic_replication_behavior-c6df94128349d605-m0,debugging,-1.0000000000000002,-1.5262938510713315
model_agnostic_replication_behavior-c6df94128349d605-m1,debugging,-1.7499999999999998,-1.2941851983296344
model_agnostic_replication_behavior-c6ea5f92c3d2e6ad-m0,information_sampling,0.0,-0.006736957067267069
model_agnostic_replication_behavior-c6ea5f92c3d2e6ad-m1,information_sampling,-0.37499999999999994,-0.09710208888843774
model_agnostic_replication_behavior-c73565bee4426df7-m0,debugging,-2.75,-2.2668827623520027
model_agnostic_replication_behavior-c73565bee4426df7-m1,debugging,-2.5,-2.0347741096103054
model_agnostic_replication_behavior-c7de109d878fd34a-m0,solvability,-0.6249999999999999,-0.42710050275327005
model_agnostic_replication_behavior-c7de109d878fd34a-m1,solvability,-0.25,-0.07944910564882124
model_agnostic_replication_behavior-c96031ebeaae7bb2-m0,solvability,1.25,1.0116911134350377
model_agnostic_replication_behavior-c96031ebeaae7bb2-m1,solvability,1.3750000000000002,1.3593425105394865
model_agnostic_replication_behavior-c99d4fc37926e43e-m0,waiting,-1.875,-2.4721493008951887
model_agnostic_replication_behavior-c99d4fc37926e43e-m1,waiting,-1.625,-1.588340878997351
model_agnostic_replication_behavior-c9c0ccd65d919673-m0,solvability,-0.12500000000000006,-0.2506297466433708
model_agnostic_replication_behavior-c9c0ccd65d919673-m1,solvability,0.125,0.09702165046107819
model_agnostic_replication_behavior-c9d75f10f7993cf0-m0,bandit,0.24999999999999992,-0.6045612087658725
model_agnostic_replication_behavior-c9d75f10f7993cf0-m1,bandit,1.125,0.8935592717790416
model_agnostic_replication_behavior-ca8b9b07aba06e26-m0,foraging,2.0,0.482748060091836
model_agnostic_replication_behavior-ca8b9b07aba06e26-m1,foraging,0.5,0.135330787108223
model_agnostic_replication_behavior-cae45f916c9b1eaf-m0,foraging,-1.875,-2.061497775456985
model_agnostic_replication_behavior-cae45f916c9b1eaf-m1,foraging,-3.0,-2.4089150484405977
model_agnostic_replication_behavior-cbac3cffea636b5a-m0,effort,-0.37499999999999994,-0.7862204057123094
model_agnostic_replication_behavior-cbac3cffea636b5a-m1,effort,-0.12500000000000006,-0.11418884331860424
model_agnostic_replication_behavior-cc586178b313ce20-m0,debugging,-0.25,0.06674209891839733
model_agnostic_replication_behavior-cc586178b313ce20-m1,debugging,0.625,0.2988507516600942
model_agnostic_replication_behavior-ceda8f8acf9ce7dc-m0,bandit,1.0,-0.7014008076347203
model_agnostic_replication_behavior-ceda8f8acf9ce7dc-m1,bandit,3.375,0.7967196729101937
model_agnostic_replication_behavior-cf1468c677f6c7cd-m0,bandit,-4.0,-3.1485226985289474
model_agnostic_replication_behavior-cf1468c677f6c7cd-m1,bandit,-1.875,-1.6504022179840334
model_agnostic_replication_behavior-cf8fe80f1c2271c5-m0,debugging,-1.125,-0.9704742303701424
model_agnostic_replication_behavior-cf8fe80f1c2271c5-m1,debugging,-0.37499999999999994,-0.7383655776284452
model_agnostic_replication_behavior-cfedb1d8da0e142c-m0,bandit,-5.25,-3.6739479833183206
model_agnostic_replication_behavior-cfedb1d8da0e142c-m1,bandit,-1.375,-2.175827502773407
model_agnostic_replication_behavior-d0097245f48984e9-m0,waiting,-1.7499999999999998,-1.9945193894534141
model_agnostic_replication_behavior-d0097245f48984e9-m1,waiting,-1.0000000000000002,-1.1107109675555766
model_agnostic_replication_behavior-d0266cf3db71e7ad-m0,debugging,-1.0000000000000002,-1.417329107295156
model_agnostic_replication_behavior-d0266cf3db71e7ad-m1,debugging,-1.0000000000000002,-1.185220454553459
model_agnostic_replication_behavior-d061bbb8b3ba73b8-m0,solvability,0.7500000000000002,0.38829656995040207
model_agnostic_replication_behavior-d061bbb8b3ba73b8-m1,solvability,0.7500000000000002,0.7359479670548509
model_agnostic_replication_behavior-d08b26cf58040a46-m0,foraging,0.125,-0.14715970891283525
model_agnostic_replication_behavior-d08b26cf58040a46-m1,foraging,-0.5,-0.49457698189644794
model_agnostic_replication_behavior-d0c8aecb2df3714f-m0,waiting,-0.6249999999999999,-1.244467427687086
model_agnostic_replication_behavior-d0c8aecb2df3714f-m1,waiting,-0.5,-0.36065900578924837
model_agnostic_replication_behavior-d171709924eb1ce0-m0,effort,-1.5,-2.4684048030462256
model_agnostic_replication_behavior-d171709924eb1ce0-m1,effort,-1.5,-1.7963732406525206
model_agnostic_replication_behavior-d1766b9d1f19fac2-m0,bandit,-1.875,-0.6747426728998207
model_agnostic_replication_behavior-d1766b9d1f19fac2-m1,bandit,0.5,0.8233778076450933
model_agnostic_replication_behavior-d1870987f023d481-m0,solvability,-0.8750000000000002,-0.854054265702986
model_agnostic_replication_behavior-d1870987f023d481-m1,solvability,0.0,-0.506402868598537
model_agnostic_replication_behavior-d2929030dbdc92fc-m0,effort,-0.37499999999999994,-0.2577732765051905
model_agnostic_replication_behavior-d2929030dbdc92fc-m1,effort,0.125,0.4142582858885147
model_agnostic_replication_behavior-d31319a29a71d46e-m0,bandit,-4.25,-3.7978072411627215
model_agnostic_replication_behavior-d31319a29a71d46e-m1,bandit,-0.6249999999999999,-2.2996867606178073
model_agnostic_replication_behavior-d399903d0e0020b4-m0,effort,-1.0000000000000002,0.0005802598395443503
model_agnostic_replication_behavior-d399903d0e0020b4-m1,effort,0.24999999999999992,0.6726118222332493
model_agnostic_replication_behavior-d3e379e0bf3eb152-m0,waiting,-0.6249999999999999,-0.8311416391935171
model_agnostic_replication_behavior-d3e379e0bf3eb152-m1,waiting,0.125,0.05266678270432035
model_agnostic_replication_behavior-d5722b5dba985d70-m0,bandit,-2.625,-2.256248757562532
model_agnostic_replication_behavior-d5722b5dba985d70-m1,bandit,-1.5,-0.7581282770176178
model_agnostic_replication_behavior-d5842180457e12d8-m0,effort,0.8750000000000001,-0.5891401968910956
model_agnostic_replication_behavior-d5842180457e12d8-m1,effort,0.24999999999999992,0.08289136550260962
model_agnostic_replication_behavior-d5d6155dd5e16a13-m0,foraging,-0.5,-0.7652743007649637
model_agnostic_replication_behavior-d5d6155dd5e16a13-m1,foraging,-2.75,-1.1126915737485765
model_agnostic_replication_behavior-d69a022cf23e585c-m0,debugging,-0.7500000000000001,-0.5515120607313831
model_agnostic_replication_behavior-d69a022cf23e585c-m1,debugging,-1.875,-0.31940340798968614
model_agnostic_replication_behavior-d787d6403e6a8398-m0,effort,-2.75,-1.9793423764798725
model_agnostic_replication_behavior-d787d6403e6a8398-m1,effort,-1.875,-1.3073108140861671
model_agnostic_replication_behavior-d82722bfa9f6569f-m0,foraging,0.5,0.05362498486331413
model_agnostic_replication_behavior-d82722bfa9f6569f-m1,foraging,-0.5,-0.2937922881202989
model_agnostic_replication_behavior-d9eb85c6aea71c12-m0,solvability,2.25,2.1671372444397723
model_agnostic_replication_behavior-d9eb85c6aea71c12-m1,solvability,2.25,2.514788641544221
model_agnostic_replication_behavior-da1bff1b1a9e28fd-m0,effort,0.24999999999999992,0.478821931700636
model_agnostic_replication_behavior-da1bff1b1a9e28fd-m1,effort,-0.6249999999999999,1.1508534940943411
model_agnostic_replication_behavior-db140628c589750b-m0,foraging,1.25,1.1326256389433444
model_agnostic_replication_behavior-db140628c589750b-m1,foraging,0.0,0.7852083659597316
model_agnostic_replication_behavior-db1f031a62c53335-m0,effort,-1.875,-2.374159067158706
model_agnostic_replication_behavior-db1f031a62c53335-m1,effort,-0.7500000000000001,-1.7021275047650004
model_agnostic_replication_behavior-db70b502521c90a1-m0,information_sampling,-1.25,-0.8528724998018852
model_agnostic_replication_behavior-db70b502521c90a1-m1,information_sampling,-0.5,-0.9432376316230562
model_agnostic_replication_behavior-dc4caa15ce9c33c6-m0,effort,-2.5,-2.7142810679052984
model_agnostic_replication_behavior-dc4caa15ce9c33c6-m1,effort,-0.6249999999999999,-2.0422495055115935
model_agnostic_replication_behavior-dc9a398d569c9bf2-m0,information_sampling,0.125,-0.21518036909495053
model_agnostic_replication_behavior-dc9a398d569c9bf2-m1,information_sampling,-0.6249999999999999,-0.3055455009161212
model_agnostic_replication_behavior-dce49470af8d68d9-m0,solvability,-0.6249999999999999,-0.7539828180036438
model_agnostic_replication_behavior-dce49470af8d68d9-m1,solvability,0.24999999999999992,-0.4063314208991947
model_agnostic_replication_behavior-dcf8f6f330432c19-m0,foraging,-0.25,-0.5944343980906872
model_agnostic_replication_behavior-dcf8f6f330432c19-m1,foraging,-0.25,-0.9418516710743001
model_agnostic_replication_behavior-de0b43ab32f62a10-m0,effort,-0.25,-1.4519473129837155
model_agnostic_replication_behavior-de0b43ab32f62a10-m1,effort,-0.12500000000000006,-0.7799157505900101
model_agnostic_replication_behavior-de2509cc09708b0f-m0,foraging,0.7500000000000002,0.005051479143329263
model_agnostic_replication_behavior-de2509cc09708b0f-m1,foraging,-0.6249999999999999,-0.34236579384028343
model_agnostic_replication_behavior-e019b73d60e73cc8-m0,effort,-1.375,-1.5449333970770986
model_agnostic_replication_behavior-e019b73d60e73cc8-m1,effort,-1.875,-0.8729018346833933
model_agnostic_replication_behavior-e0ceda625c8dd0a2-m0,foraging,-0.12500000000000006,-0.033239239642447904
model_agnostic_replication_behavior-e0ceda625c8dd0a2-m1,foraging,-0.5,-0.3806565126260607
model_agnostic_replication_behavior-e136f34482f987a8-m0,information_sampling,-0.12500000000000006,-0.12814721338498491
model_agnostic_replication_behavior-e136f34482f987a8-m1,information_sampling,-0.37499999999999994,-0.21851234520615592
model_agnostic_replication_behavior-e2e2a7c8c7f639cf-m0,debugging,-0.8750000000000002,-1.083824871484072
model_agnostic_replication_behavior-e2e2a7c8c7f639cf-m1,debugging,-1.0000000000000002,-0.8517162187423748
model_agnostic_replication_behavior-e3197f17c626e34a-m0,debugging,-0.12500000000000006,-0.6246158376869215
model_agnostic_replication_behavior-e3197f17c626e34a-m1,debugging,-0.5,-0.39250718494522463
model_agnostic_replication_behavior-e3ce31361add8dfb-m0,information_sampling,-1.375,-0.8083933950759197
model_agnostic_replication_behavior-e3ce31361add8dfb-m1,information_sampling,-1.125,-0.8987585268970908
model_agnostic_replication_behavior-e5317080bed371c5-m0,information_sampling,-1.0000000000000002,-0.6529462648539794
model_agnostic_replication_behavior-e5317080bed371c5-m1,information_sampling,-0.6249999999999999,-0.7433113966751506
model_agnostic_replication_behavior-e5ff4e8f67d09d40-m0,information_sampling,-0.12500000000000006,-0.4879645893601916
model_agnostic_replication_behavior-e5ff4e8f67d09d40-m1,information_sampling,-0.6249999999999999,-0.5783297211813627
model_agnostic_replication_behavior-e63e7c4e559303d7-m0,information_sampling,-0.7500000000000001,-0.6471524775143653
model_agnostic_replication_behavior-e63e7c4e559303d7-m1,information_sampling,-0.5,-0.7375176093355365
model_agnostic_replication_behavior-e73e832e8fcd23ed-m0,debugging,-1.625,-1.7732417498895807
model_agnostic_replication_behavior-e73e832e8fcd23ed-m1,debugging,-1.25,-1.5411330971478836
model_agnostic_replication_behavior-e73ed1455c75b1d8-m0,solvability,1.5000000000000002,1.6807820202081647
model_agnostic_replication_behavior-e73ed1455c75b1d8-m1,solvability,1.75,2.0284334173126135
model_agnostic_replication_behavior-e78f1a04c9c6628e-m0,bandit,-1.625,-1.8000493454481603
model_agnostic_replication_behavior-e78f1a04c9c6628e-m1,bandit,-0.7500000000000001,-0.301928864903246
model_agnostic_replication_behavior-e80dfe293e6f746b-m0,bandit,-3.75,-3.6133178825534893
model_agnostic_replication_behavior-e80dfe293e6f746b-m1,bandit,-2.5,-2.115197402008575
model_agnostic_replication_behavior-e8200ef4a31825c1-m0,bandit,-1.7499999999999998,-1.4344648722753535
model_agnostic_replication_behavior-e8200ef4a31825c1-m1,bandit,-0.6249999999999999,0.06365560826956052
model_agnostic_replication_behavior-ea9e4e44eab3cce5-m0,debugging,-2.0,-2.5397417602663
model_agnostic_replication_behavior-ea9e4e44eab3cce5-m1,debugging,-1.7499999999999998,-2.3076331075246035
model_agnostic_replication_behavior-eb0a3100dffebaca-m0,effort,-0.12500000000000006,-0.7037285508784058
model_agnostic_replication_behavior-eb0a3100dffebaca-m1,effort,0.37499999999999994,-0.03169698848470076
model_agnostic_replication_behavior-eb54b6b3de295a19-m0,foraging,-0.25,-0.5235401117712626
model_agnostic_replication_behavior-eb54b6b3de295a19-m1,foraging,-2.375,-0.8709573847548754
model_agnostic_replication_behavior-ec008525f297d011-m0,waiting,0.125,0.07353142552977349
model_agnostic_replication_behavior-ec008525f297d011-m1,waiting,1.0,0.9573398474276106
model_agnostic_replication_behavior-ec6a5464ac95261a-m0,debugging,-3.625,-2.3623048550876944
model_agnostic_replication_behavior-ec6a5464ac95261a-m1,debugging,-2.75,-2.1301962023459975
model_agnostic_replication_behavior-ec92f66d67972f9f-m0,waiting,0.7500000000000002,0.38903529082727006
model_agnostic_replication_behavior-ec92f66d67972f9f-m1,waiting,1.3750000000000002,1.272843712725107
model_agnostic_replication_behavior-eca378c4f3176630-m0,solvability,1.125,0.7941167521865768
model_agnostic_replication_behavior-eca378c4f3176630-m1,solvability,1.5000000000000002,1.1417681492910257
model_agnostic_replication_behavior-ee312ccfb70c1cb5-m0,foraging,0.8750000000000001,0.14761578231118844
model_agnostic_replication_behavior-ee312ccfb70c1cb5-m1,foraging,-0.6249999999999999,-0.19980149067242425
model_agnostic_replication_behavior-ee70a5f95db857f0-m0,foraging,0.37499999999999994,0.15551664211063065
model_agnostic_replication_behavior-ee70a5f95db857f0-m1,foraging,-0.12500000000000006,-0.19190063087298237
model_agnostic_replication_behavior-ef41e714bca0956c-m0,solvability,2.375,3.0263197260412933
model_agnostic_replication_behavior-ef41e714bca0956c-m1,solvability,3.875,3.373971123145742
model_agnostic_replication_behavior-ef75385e862e7e1b-m0,bandit,-0.7500000000000001,-1.3886472355039916
model_agnostic_replication_behavior-ef75385e862e7e1b-m1,bandit,0.0,0.1094732450409226
model_agnostic_replication_behavior-ef97962d984c33f9-m0,foraging,0.125,0.28288210177046513
model_agnostic_replication_behavior-ef97962d984c33f9-m1,foraging,-1.5,-0.06453517121314778
model_agnostic_replication_behavior-efe5312ec9ab4d45-m0,effort,-0.5,-0.7069950754374644
model_agnostic_replication_behavior-efe5312ec9ab4d45-m1,effort,0.5,-0.03496351304375939
model_agnostic_replication_behavior-f03c09cad54d4e22-m0,bandit,-2.875,-2.8675185022617304
model_agnostic_replication_behavior-f03c09cad54d4e22-m1,bandit,-2.125,-1.3693980217168162
model_agnostic_replication_behavior-f07366fe72d655e4-m0,foraging,-0.5,-0.7631615733668973
model_agnostic_replication_behavior-f07366fe72d655e4-m1,foraging,-2.5,-1.1105788463505102
model_agnostic_replication_behavior-f16f29eda8c6272d-m0,bandit,1.0,0.01292109171168876
model_agnostic_replication_behavior-f16f29eda8c6272d-m1,bandit,1.75,1.511041572256603
model_agnostic_replication_behavior-f2854b607f81a8cf-m0,solvability,-0.12500000000000006,-0.054917016855676404
model_agnostic_replication_behavior-f2854b607f81a8cf-m1,solvability,0.125,0.2927343802487725
model_agnostic_replication_behavior-f36efd0a66ee94b5-m0,information_sampling,-0.37499999999999994,-0.45784435694133235
model_agnostic_replication_behavior-f36efd0a66ee94b5-m1,information_sampling,-0.5,-0.5482094887625033
model_agnostic_replication_behavior-f3c4f33c888e6c74-m0,solvability,2.125,2.1525951320222902
model_agnostic_replication_behavior-f3c4f33c888e6c74-m1,solvability,2.125,2.500246529126739
model_agnostic_replication_behavior-f40e7465787170b9-m0,solvability,-1.375,-0.9476545807114197
model_agnostic_replication_behavior-f40e7465787170b9-m1,solvability,-0.37499999999999994,-0.6000031836069711
model_agnostic_replication_behavior-f454ede9dc01deef-m0,waiting,0.37499999999999994,-0.36426680487179863
model_agnostic_replication_behavior-f454ede9dc01deef-m1,waiting,1.0,0.5195416170260387
model_agnostic_replication_behavior-f496a9ea42e4ccab-m0,information_sampling,-1.0000000000000002,-1.0532287499921718
model_agnostic_replication_behavior-f496a9ea42e4ccab-m1,information_sampling,-0.8750000000000002,-1.1435938818133426
model_agnostic_replication_behavior-f5485ab390a79258-m0,debugging,-4.125,-2.8417249912794427
model_agnostic_replication_behavior-f5485ab390a79258-m1,debugging,-2.875,-2.6096163385377453
model_agnostic_replication_behavior-f570c60e144411e7-m0,effort,-1.625,-1.4344669743657779
model_agnostic_replication_behavior-f570c60e144411e7-m1,effort,-1.0000000000000002,-0.762435411972073
model_agnostic_replication_behavior-f66efb2b17cfd06b-m0,effort,0.24999999999999992,-0.7355994375471808
model_agnostic_replication_behavior-f66efb2b17cfd06b-m1,effort,0.0,-0.06356787515347567
model_agnostic_replication_behavior-f74e951f6c7dba36-m0,debugging,-2.125,-1.3316412007822747
model_agnostic_replication_behavior-f74e951f6c7dba36-m1,debugging,-1.375,-1.0995325480405775
model_agnostic_replication_behavior-f8215102bb6bfd22-m0,foraging,-0.25,-0.7106748811541364
model_agnostic_replication_behavior-f8215102bb6bfd22-m1,foraging,-1.125,-1.058092154137749
model_agnostic_replication_behavior-f84105e9e46ed791-m0,information_sampling,-0.8750000000000002,-0.6174808716229521
model_agnostic_replication_behavior-f84105e9e46ed791-m1,information_sampling,-0.8750000000000002,-0.7078460034441232
model_agnostic_replication_behavior-f8ed30a70bf499fb-m0,waiting,0.5,0.13080053942322856
model_agnostic_replication_behavior-f8ed30a70bf499fb-m1,waiting,0.37499999999999994,1.014608961321066
model_agnostic_replication_behavior-f939148383164ca9-m0,foraging,-0.7500000000000001,-0.6204021596683262
model_agnostic_replication_behavior-f939148383164ca9-m1,foraging,-0.6249999999999999,-0.9678194326519389
model_agnostic_replication_behavior-fa47c8d319718d30-m0,waiting,-1.5,-1.700222511953914
model_agnostic_replication_behavior-fa47c8d319718d30-m1,waiting,-1.5,-0.8164140900560768
model_agnostic_replication_behavior-fb842e36259bfb25-m0,bandit,1.3750000000000002,0.4480624738369051
model_agnostic_replication_behavior-fb842e36259bfb25-m1,bandit,2.375,1.9461829543818192
model_agnostic_replication_behavior-fb8ef3fe09db917a-m0,information_sampling,0.0,-0.20783977866427578
model_agnostic_replication_behavior-fb8ef3fe09db917a-m1,information_sampling,-0.37499999999999994,-0.29820491048544673
model_agnostic_replication_behavior-fb9742fa03c7686c-m0,bandit,-4.75,-3.8819953447706625
model_agnostic_replication_behavior-fb9742fa03c7686c-m1,bandit,-1.375,-2.383874864225749
model_agnostic_replication_behavior-fd4885f21a40bf9d-m0,information_sampling,-1.625,-0.9941047813964601
model_agnostic_replication_behavior-fd4885f21a40bf9d-m1,information_sampling,-0.8750000000000002,-1.084469913217631
model_agnostic_replication_behavior-fe5cf1cb5f23ba4e-m0,waiting,-0.5,-0.7360536480541553
model_agnostic_replication_behavior-fe5cf1cb5f23ba4e-m1,waiting,-0.25,0.14775477384368196
model_agnostic_replication_behavior-fe775b0821df3fcd-m0,solvability,-0.5,-0.8828973270062751
model_agnostic_replication_behavior-fe775b0821df3fcd-m1,solvability,-1.25,-0.5352459299018261
model_agnostic_replication_behavior-fe7bf1e23f88915f-m0,solvability,0.7500000000000002,0.6218359460640579
model_agnostic_replication_behavior-fe7bf1e23f88915f-m1,solvability,1.75,0.9694873431685069
model_agnostic_replication_behavior-feb0dc3ab3772099-m0,solvability,1.75,1.8786217267676228
model_agnostic_replication_behavior-feb0dc3ab3772099-m1,solvability,1.625,2.2262731238720717
model_agnostic_replication_behavior-ff246d8f43502003-m0,information_sampling,-0.25,-0.6065771177467387
model_agnostic_replication_behavior-ff246d8f43502003-m1,information_sampling,-0.6249999999999999,-0.6969422495679098
model_agnostic_replication_behavior-ff3c847e95053599-m0,solvability,1.125,1.1193729393242142
model_agnostic_replication_behavior-ff3c847e95053599-m1,solvability,1.3750000000000002,1.467024336428663
model_agnostic_replication_contextual_behavior-0821ac6ed7c312e9-m0,foraging,-0.12500000000000006,0.14280566752291413
model_agnostic_replication_contextual_behavior-0821ac6ed7c312e9-m1,foraging,-0.12500000000000006,-0.2046116054606988
model_agnostic_replication_contextual_behavior-0ac82dd89b7dec32-m0,bandit,-0.7500000000000001,-1.423661897062488
model_agnostic_replication_contextual_behavior-0ac82dd89b7dec32-m1,bandit,0.125,0.07445858348242623
model_agnostic_replication_contextual_behavior-0afa86efb3dec0f0-m0,bandit,-2.75,-4.305596663522968
model_agnostic_replication_contextual_behavior-0afa86efb3dec0f0-m1,bandit,-0.8750000000000002,-2.8074761829780543
model_agnostic_replication_contextual_behavior-0f3bcb4c73562e0a-m0,bandit,-3.0,-4.147596942719621
model_agnostic_replication_contextual_behavior-0f3bcb4c73562e0a-m1,bandit,-1.25,-2.649476462174707
model_agnostic_replication_contextual_behavior-0ffc206acfe4b391-m0,bandit,-1.7499999999999998,-1.6865933020914645
model_agnostic_replication_contextual_behavior-0ffc206acfe4b391-m1,bandit,-0.6249999999999999,-0.18847282154655062
model_agnostic_replication_contextual_behavior-191833500bf9105e-m0,foraging,-1.125,0.1619603235610937
model_agnostic_replication_contextual_behavior-191833500bf9105e-m1,foraging,-0.37499999999999994,-0.18545694942251922
model_agnostic_replication_contextual_behavior-1bb5035c13722ad5-m0,foraging,-2.875,-0.7727784966068879
model_agnostic_replication_contextual_behavior-1bb5035c13722ad5-m1,foraging,-1.25,-1.1201957695905007
model_agnostic_replication_contextual_behavior-1f95fee87db24c5d-m0,debugging,-1.0000000000000002,-1.1066717967211988
model_agnostic_replication_contextual_behavior-1f95fee87db24c5d-m1,debugging,-1.25,-0.8745631439795016
model_agnostic_replication_contextual_behavior-206969f82576117e-m0,bandit,-1.25,-1.60160049150019
model_agnostic_replication_contextual_behavior-206969f82576117e-m1,bandit,-0.6249999999999999,-0.10348001095527609
model_agnostic_replication_contextual_behavior-24f172cedaf28ec4-m0,foraging,-2.125,-1.296774973431896
model_agnostic_replication_contextual_behavior-24f172cedaf28ec4-m1,foraging,0.125,-1.6441922464155088
model_agnostic_replication_contextual_behavior-31db220fe21bcd77-m0,bandit,-0.25,-0.5088433498634071
model_agnostic_replication_contextual_behavior-31db220fe21bcd77-m1,bandit,0.37499999999999994,0.9892771306815071
model_agnostic_replication_contextual_behavior-32ec42ecf47ff5c1-m0,bandit,-1.7499999999999998,-1.8139701386524525
model_agnostic_replication_contextual_behavior-32ec42ecf47ff5c1-m1,bandit,-0.6249999999999999,-0.31584965810753857
model_agnostic_replication_contextual_behavior-351bbad3505d23fe-m0,debugging,0.125,-0.5776890792582134
model_agnostic_replication_contextual_behavior-351bbad3505d23fe-m1,debugging,-0.37499999999999994,-0.3455804265165162
model_agnostic_replication_contextual_behavior-3caf87ea586c68be-m0,debugging,0.0,-0.6383273512629402
model_agnostic_replication_contextual_behavior-3caf87ea586c68be-m1,debugging,-0.5,-0.40621869852124304
model_agnostic_replication_contextual_behavior-40e4a3bf685427ea-m0,debugging,-0.8750000000000002,-1.0992881410737434
model_agnostic_replication_contextual_behavior-40e4a3bf685427ea-m1,debugging,-1.375,-0.8671794883320463
model_agnostic_replication_contextual_behavior-45e74e861cdb19fc-m0,debugging,-1.5,-1.039987718190146
model_agnostic_replication_contextual_behavior-45e74e861cdb19fc-m1,debugging,-1.5,-0.807879065448449
model_agnostic_replication_contextual_behavior-47dc2f6fc716320b-m0,debugging,-1.125,-1.8891110257392643
model_agnostic_replication_contextual_behavior-47dc2f6fc716320b-m1,debugging,-1.7499999999999998,-1.6570023729975674
model_agnostic_replication_contextual_behavior-4abba1243f62c872-m0,bandit,-3.5,-4.129254713074686
model_agnostic_replication_contextual_behavior-4abba1243f62c872-m1,bandit,-1.25,-2.6311342325297717
model_agnostic_replication_contextual_behavior-4bf48197ad7800ad-m0,bandit,-1.875,-2.971200123978476
model_agnostic_replication_contextual_behavior-4bf48197ad7800ad-m1,bandit,-0.25,-1.473079643433562
model_agnostic_replication_contextual_behavior-50432a212a8577c1-m0,foraging,0.0,0.5648390806640661
model_agnostic_replication_contextual_behavior-50432a212a8577c1-m1,foraging,0.7500000000000002,0.21742180768045316
model_agnostic_replication_contextual_behavior-581da69ae3ccd434-m0,debugging,-0.7500000000000001,-0.8408368625722631
model_agnostic_replication_contextual_behavior-581da69ae3ccd434-m1,debugging,-0.5,-0.608728209830566
model_agnostic_replication_contextual_behavior-63494e4bcf3cca9e-m0,bandit,-2.875,-3.8848116583772954
model_agnostic_replication_contextual_behavior-63494e4bcf3cca9e-m1,bandit,-1.0000000000000002,-2.3866911778323816
model_agnostic_replication_contextual_behavior-64822ca36e917980-m0,debugging,-1.5,-2.747631976475927
model_agnostic_replication_contextual_behavior-64822ca36e917980-m1,debugging,-1.125,-2.5155233237342296
model_agnostic_replication_contextual_behavior-655d2c4060cafdef-m0,bandit,-0.12500000000000006,-0.8231875057040389
model_agnostic_replication_contextual_behavior-655d2c4060cafdef-m1,bandit,0.125,0.6749329748408752
model_agnostic_replication_contextual_behavior-65df79677fb3d370-m0,debugging,-0.7500000000000001,-0.8518954998668584
model_agnostic_replication_contextual_behavior-65df79677fb3d370-m1,debugging,-0.37499999999999994,-0.6197868471251613
model_agnostic_replication_contextual_behavior-66bce4295b16294d-m0,debugging,0.0,-0.5212951006526102
model_agnostic_replication_contextual_behavior-66bce4295b16294d-m1,debugging,0.37499999999999994,-0.28918644791091286
model_agnostic_replication_contextual_behavior-6e061d477b6b2d56-m0,debugging,-1.5,-2.1016728137948943
model_agnostic_replication_contextual_behavior-6e061d477b6b2d56-m1,debugging,-1.25,-1.869564161053197
model_agnostic_replication_contextual_behavior-6f0a980ac4968665-m0,bandit,-2.125,-2.393375096215594
model_agnostic_replication_contextual_behavior-6f0a980ac4968665-m1,bandit,-0.6249999999999999,-0.8952546156706797
model_agnostic_replication_contextual_behavior-6f53d5626ae3d1a1-m0,debugging,-1.0000000000000002,-1.544176107960372
model_agnostic_replication_contextual_behavior-6f53d5626ae3d1a1-m1,debugging,-0.12500000000000006,-1.312067455218675
model_agnostic_replication_contextual_behavior-7080e7d18b1c2c0e-m0,bandit,-3.5,-3.745162646223012
model_agnostic_replication_contextual_behavior-7080e7d18b1c2c0e-m1,bandit,-0.8750000000000002,-2.247042165678098
model_agnostic_replication_contextual_behavior-7300fc95a6e88a4d-m0,foraging,0.5,1.0041052910373582
model_agnostic_replication_contextual_behavior-7300fc95a6e88a4d-m1,foraging,0.37499999999999994,0.6566880180537454
model_agnostic_replication_contextual_behavior-7733b4dd1fec5536-m0,foraging,0.125,1.0309717950085666
model_agnostic_replication_contextual_behavior-7733b4dd1fec5536-m1,foraging,0.625,0.6835545220249536
model_agnostic_replication_contextual_behavior-7780fc148cd71192-m0,bandit,-1.875,-1.6952028137164883
model_agnostic_replication_contextual_behavior-7780fc148cd71192-m1,bandit,-0.6249999999999999,-0.19708233317157428
model_agnostic_replication_contextual_behavior-789534cac49f54bd-m0,foraging,-1.25,-1.0090520510249958
model_agnostic_replication_contextual_behavior-789534cac49f54bd-m1,foraging,-1.375,-1.356469324008609
model_agnostic_replication_contextual_behavior-7ebe13478a415277-m0,foraging,-0.25,0.04258155761160021
model_agnostic_replication_contextual_behavior-7ebe13478a415277-m1,foraging,0.24999999999999992,-0.3048357153720125
model_agnostic_replication_contextual_behavior-7f18b7f249f1d733-m0,debugging,-1.25,-1.9195686052850176
model_agnostic_replication_contextual_behavior-7f18b7f249f1d733-m1,debugging,-1.875,-1.6874599525433207
model_agnostic_replication_contextual_behavior-81669210f12438fb-m0,bandit,-1.625,-1.1823364424592426
model_agnostic_replication_contextual_behavior-81669210f12438fb-m1,bandit,-0.5,0.3157840380856718
model_agnostic_replication_contextual_behavior-8443ab94fc0b8a4a-m0,bandit,-1.875,-1.7862127322582266
model_agnostic_replication_contextual_behavior-8443ab94fc0b8a4a-m1,bandit,-0.12500000000000006,-0.28809225171331265
model_agnostic_replication_contextual_behavior-868be5b7197a23ff-m0,foraging,-0.7500000000000001,-0.8275897532566674
model_agnostic_replication_contextual_behavior-868be5b7197a23ff-m1,foraging,-0.25,-1.1750070262402803
model_agnostic_replication_contextual_behavior-87ff2052753773f5-m0,debugging,-1.5,-1.2096834766621098
model_agnostic_replication_contextual_behavior-87ff2052753773f5-m1,debugging,-1.375,-0.9775748239204128
model_agnostic_replication_contextual_behavior-8917b26ea2c7e79d-m0,foraging,-2.625,-1.766518417262846
model_agnostic_replication_contextual_behavior-8917b26ea2c7e79d-m1,foraging,-0.7500000000000001,-2.113935690246459
model_agnostic_replication_contextual_behavior-8f0799a3d7b8a09d-m0,bandit,-2.75,-3.7117600388431473
model_agnostic_replication_contextual_behavior-8f0799a3d7b8a09d-m1,bandit,-0.7500000000000001,-2.213639558298233
model_agnostic_replication_contextual_behavior-8f572591df952147-m0,foraging,-2.75,-0.36038446243692246
model_agnostic_replication_contextual_behavior-8f572591df952147-m1,foraging,-1.125,-0.7078017354205354
model_agnostic_replication_contextual_behavior-90e8de1b8afffe19-m0,foraging,-0.37499999999999994,0.18799953428126637
model_agnostic_replication_contextual_behavior-90e8de1b8afffe19-m1,foraging,0.0,-0.15941773870234632
model_agnostic_replication_contextual_behavior-933409a594189f73-m0,foraging,-1.7499999999999998,-1.0860574450295875
model_agnostic_replication_contextual_behavior-933409a594189f73-m1,foraging,-0.25,-1.4334747180132004
model_agnostic_replication_contextual_behavior-97fb8ca74a32ff89-m0,bandit,-1.375,-2.36680248664897
model_agnostic_replication_contextual_behavior-97fb8ca74a32ff89-m1,bandit,-0.25,-0.8686820061040558
model_agnostic_replication_contextual_behavior-9cb16f6dd0bcda1d-m0,bandit,-3.0,-3.3895073100001802
model_agnostic_replication_contextual_behavior-9cb16f6dd0bcda1d-m1,bandit,-1.25,-1.891386829455266
model_agnostic_replication_contextual_behavior-a34be03f618f2234-m0,bandit,-1.875,-2.659653424847238
model_agnostic_replication_contextual_behavior-a34be03f618f2234-m1,bandit,-0.25,-1.1615329443023237
model_agnostic_replication_contextual_behavior-a3ebe227fbea94a5-m0,bandit,-3.0,-3.270739985064216
model_agnostic_replication_contextual_behavior-a3ebe227fbea94a5-m1,bandit,-1.25,-1.7726195045193016
model_agnostic_replication_contextual_behavior-ab48beb1162d6ac9-m0,bandit,-2.75,-3.40514138425163
model_agnostic_replication_contextual_behavior-ab48beb1162d6ac9-m1,bandit,-0.7500000000000001,-1.9070209037067163
model_agnostic_replication_contextual_behavior-ad694ba2cf573118-m0,bandit,-1.625,-1.0839439511744726
model_agnostic_replication_contextual_behavior-ad694ba2cf573118-m1,bandit,-0.25,0.4141765293704415
model_agnostic_replication_contextual_behavior-aef74fa695e191b8-m0,debugging,-1.5,-3.004901527904347
model_agnostic_replication_contextual_behavior-aef74fa695e191b8-m1,debugging,-2.0,-2.77279287516265
model_agnostic_replication_contextual_behavior-b0afe5bfbb981d02-m0,debugging,-0.7500000000000001,-1.040135173014139
model_agnostic_replication_contextual_behavior-b0afe5bfbb981d02-m1,debugging,-0.5,-0.8080265202724419
model_agnostic_replication_contextual_behavior-c6674cc930b22d8d-m0,foraging,-2.75,-1.7904381337150657
model_agnostic_replication_contextual_behavior-c6674cc930b22d8d-m1,foraging,-0.7500000000000001,-2.137855406698679
model_agnostic_replication_contextual_behavior-c770360a6e2ab641-m0,debugging,-3.125,-2.682026078909401
model_agnostic_replication_contextual_behavior-c770360a6e2ab641-m1,debugging,-1.875,-2.449917426167704
model_agnostic_replication_contextual_behavior-c89b5c73e23070fb-m0,debugging,-0.7500000000000001,-0.7304404138028053
model_agnostic_replication_contextual_behavior-c89b5c73e23070fb-m1,debugging,-0.5,-0.4983317610611082
model_agnostic_replication_contextual_behavior-c90bde763d9d328a-m0,bandit,-0.37499999999999994,-0.29457165711399236
model_agnostic_replication_contextual_behavior-c90bde763d9d328a-m1,bandit,0.24999999999999992,1.2035488234309217
model_agnostic_replication_contextual_behavior-cd5308e95f678b3f-m0,foraging,-1.125,-0.44047537775838436
model_agnostic_replication_contextual_behavior-cd5308e95f678b3f-m1,foraging,-1.125,-0.7878926507419973
model_agnostic_replication_contextual_behavior-cde700640e5e93b7-m0,debugging,0.0,0.1246640620284225
model_agnostic_replication_contextual_behavior-cde700640e5e93b7-m1,debugging,0.37499999999999994,0.35677271477011985
model_agnostic_replication_contextual_behavior-cea998f21f59a774-m0,debugging,-0.8750000000000002,-1.225620904446438
model_agnostic_replication_contextual_behavior-cea998f21f59a774-m1,debugging,0.0,-0.9935122517047411
model_agnostic_replication_contextual_behavior-d26d131ef37d8a53-m0,bandit,-0.25,-0.8537825693959357
model_agnostic_replication_contextual_behavior-d26d131ef37d8a53-m1,bandit,0.0,0.6443379111489785
model_agnostic_replication_contextual_behavior-d279b77556b3fe4e-m0,foraging,-0.5,-0.039897249222392905
model_agnostic_replication_contextual_behavior-d279b77556b3fe4e-m1,foraging,0.37499999999999994,-0.3873145222060058
model_agnostic_replication_contextual_behavior-d478868c4746d236-m0,bandit,-1.7499999999999998,-1.8779587463959913
model_agnostic_replication_contextual_behavior-d478868c4746d236-m1,bandit,-0.8750000000000002,-0.37983826585107694
model_agnostic_replication_contextual_behavior-dbfb6aa4740b5a11-m0,bandit,-2.375,-2.5007537735549588
model_agnostic_replication_contextual_behavior-dbfb6aa4740b5a11-m1,bandit,-0.6249999999999999,-1.0026332930100446
model_agnostic_replication_contextual_behavior-dc2368c0f870e793-m0,bandit,-1.625,-0.8559922201078516
model_agnostic_replication_contextual_behavior-dc2368c0f870e793-m1,bandit,-0.37499999999999994,0.6421282604370625
model_agnostic_replication_contextual_behavior-e22f98a19e03b45b-m0,bandit,-0.12500000000000006,-0.7964035441103623
model_agnostic_replication_contextual_behavior-e22f98a19e03b45b-m1,bandit,0.0,0.7017169364345518
model_agnostic_replication_contextual_behavior-e6c45aa554ed44a6-m0,foraging,-1.0000000000000002,-0.9137462967880041
model_agnostic_replication_contextual_behavior-e6c45aa554ed44a6-m1,foraging,-1.25,-1.261163569771617
model_agnostic_replication_contextual_behavior-e827ed4027c65124-m0,bandit,-1.25,-1.7397530557829906
model_agnostic_replication_contextual_behavior-e827ed4027c65124-m1,bandit,-0.37499999999999994,-0.24163257523807657
model_agnostic_replication_contextual_behavior-e9c4a1de73c5f610-m0,bandit,-3.125,-3.794726280159658
model_agnostic_replication_contextual_behavior-e9c4a1de73c5f610-m1,bandit,-0.7500000000000001,-2.2966057996147438
model_agnostic_replication_contextual_behavior-ec3462729b7a30eb-m0,bandit,-2.75,-3.9145034896112865
model_agnostic_replication_contextual_behavior-ec3462729b7a30eb-m1,bandit,-1.0000000000000002,-2.4163830090663727
model_agnostic_replication_contextual_behavior-ef6d13e6313143f1-m0,debugging,-3.125,-2.6112360336840825
model_agnostic_replication_contextual_behavior-ef6d13e6313143f1-m1,debugging,-1.875,-2.379127380942385
model_agnostic_replication_contextual_behavior-f053ee924aefd586-m0,foraging,-1.25,0.11087728637265515
model_agnostic_replication_contextual_behavior-f053ee924aefd586-m1,foraging,-0.25,-0.23653998661095765
model_agnostic_replication_contextual_behavior-f297d6cbdcd37491-m0,foraging,-2.5,-1.76584441601335
model_agnostic_replication_contextual_behavior-f297d6cbdcd37491-m1,foraging,-1.7499999999999998,-2.1132616889969627
model_agnostic_replication_contextual_behavior-f2b5c07dc198f2e4-m0,bandit,-1.875,-1.845493338403655
model_agnostic_replication_contextual_behavior-f2b5c07dc198f2e4-m1,bandit,-0.8750000000000002,-0.34737285785874117
model_agnostic_replication_contextual_behavior-f48f751a6954d2ed-m0,foraging,-0.7500000000000001,-0.8697553293736396
model_agnostic_replication_contextual_behavior-f48f751a6954d2ed-m1,foraging,-0.37499999999999994,-1.2171726023572527
model_agnostic_replication_contextual_behavior-fb0978b2d78c6353-m0,debugging,-1.375,-3.169122291729087
model_agnostic_replication_contextual_behavior-fb0978b2d78c6353-m1,debugging,-1.875,-2.93701363898739
model_agnostic_replication_contextual_behavior-fdd54b1546827a72-m0,foraging,-1.25,-0.27551776409039813
model_agnostic_replication_contextual_behavior-fdd54b1546827a72-m1,foraging,-1.25,-0.6229350370740111
model_agnostic_replication_contextual_behavior-fe6c0db0690650d9-m0,bandit,-3.0,-3.7635048758679472
model_agnostic_replication_contextual_behavior-fe6c0db0690650d9-m1,bandit,-0.8750000000000002,-2.265384395323033
model_agnostic_replication_contextual_behavior-fe97a2406601c402-m0,foraging,0.37499999999999994,1.2686718517967543
model_agnostic_replication_contextual_behavior-fe97a2406601c402-m1,foraging,0.5,0.9212545788131415
model_agnostic_replication_contextual_behavior-feccac42512cb891-m0,foraging,-2.375,-1.5794197156351464
model_agnostic_replication_contextual_behavior-feccac42512cb891-m1,foraging,-1.625,-1.926836988618759
