pair_id,contrast_id,target_variable,counterfactual_subtype,scientific_role,base_condition_id,source_condition_id,task_family,response_mapping,pair_split,base_variable,source_variable,variable_delta,source_base_semantically_matched,behavioral_validation_row,background,pattern,natural_effect,original_prediction,global_prediction,task_prediction,wording
cf:outcome_history:fresh_contexts:bandit:bg0:pattern0:outcome_history:continue_x,fresh_contexts:bandit:bg0:pattern0:outcome_history,outcome_history,history_isolated,primary,fresh_contexts:bandit:bg0:pattern0:outcome_history:member-1-m0,fresh_contexts:bandit:bg0:pattern0:outcome_history:member1-m0,bandit,continue_x,mech_pair_test,-2.19,-1.21,0.98,True,False,0,0,1.0,0.1825389476737433,0.2297043256595818,0.2591554085966193,original
cf:outcome_history:fresh_contexts:bandit:bg0:pattern0:outcome_history:continue_y,fresh_contexts:bandit:bg0:pattern0:outcome_history,outcome_history,history_isolated,primary,fresh_contexts:bandit:bg0:pattern0:outcome_history:member-1-m1,fresh_contexts:bandit:bg0:pattern0:outcome_history:member1-m1,bandit,continue_y,mech_pair_test,-2.19,-1.21,0.98,True,False,0,0,1.0,0.1825389476737433,0.2297043256595818,0.2591554085966193,original
cf:outcome_history:fresh_contexts:bandit:bg0:pattern1:outcome_history:continue_x,fresh_contexts:bandit:bg0:pattern1:outcome_history,outcome_history,history_isolated,primary,fresh_contexts:bandit:bg0:pattern1:outcome_history:member-1-m0,fresh_contexts:bandit:bg0:pattern1:outcome_history:member1-m0,bandit,continue_x,mech_pair_test,2.7731,0.6269,-2.1462,True,False,0,1,-1.25,-0.3997602954054979,-0.5030524731944842,-0.5675503448265963,original
cf:outcome_history:fresh_contexts:bandit:bg0:pattern1:outcome_history:continue_y,fresh_contexts:bandit:bg0:pattern1:outcome_history,outcome_history,history_isolated,primary,fresh_contexts:bandit:bg0:pattern1:outcome_history:member-1-m1,fresh_contexts:bandit:bg0:pattern1:outcome_history:member1-m1,bandit,continue_y,mech_pair_test,2.7731,0.6269,-2.1462,True,False,0,1,-1.5,-0.3997602954054975,-0.5030524731944837,-0.5675503448265956,original
cf:outcome_history:fresh_contexts:bandit:bg1:pattern0:outcome_history:continue_x,fresh_contexts:bandit:bg1:pattern0:outcome_history,outcome_history,history_isolated,primary,fresh_contexts:bandit:bg1:pattern0:outcome_history:member-1-m0,fresh_contexts:bandit:bg1:pattern0:outcome_history:member1-m0,bandit,continue_x,mech_pair_test,-2.19,-1.21,0.98,True,False,1,0,0.625,0.1825389476737433,0.2297043256595818,0.2591554085966193,original
cf:outcome_history:fresh_contexts:bandit:bg1:pattern0:outcome_history:continue_y,fresh_contexts:bandit:bg1:pattern0:outcome_history,outcome_history,history_isolated,primary,fresh_contexts:bandit:bg1:pattern0:outcome_history:member-1-m1,fresh_contexts:bandit:bg1:pattern0:outcome_history:member1-m1,bandit,continue_y,mech_pair_test,-2.19,-1.21,0.98,True,False,1,0,0.75,0.1825389476737433,0.2297043256595818,0.2591554085966193,original
cf:outcome_history:fresh_contexts:bandit:bg1:pattern1:outcome_history:continue_x,fresh_contexts:bandit:bg1:pattern1:outcome_history,outcome_history,history_isolated,primary,fresh_contexts:bandit:bg1:pattern1:outcome_history:member-1-m0,fresh_contexts:bandit:bg1:pattern1:outcome_history:member1-m0,bandit,continue_x,mech_pair_test,2.7731,0.6269,-2.1462,True,False,1,1,-0.125,-0.3997602954054979,-0.5030524731944842,-0.5675503448265963,original
cf:outcome_history:fresh_contexts:bandit:bg1:pattern1:outcome_history:continue_y,fresh_contexts:bandit:bg1:pattern1:outcome_history,outcome_history,history_isolated,primary,fresh_contexts:bandit:bg1:pattern1:outcome_history:member-1-m1,fresh_contexts:bandit:bg1:pattern1:outcome_history:member1-m1,bandit,continue_y,mech_pair_test,2.7731,0.6269,-2.1462,True,False,1,1,-0.125,-0.3997602954054978,-0.5030524731944841,-0.5675503448265962,original
cf:outcome_history:fresh_contexts:bandit:bg2:pattern0:outcome_history:continue_x,fresh_contexts:bandit:bg2:pattern0:outcome_history,outcome_history,history_isolated,primary,fresh_contexts:bandit:bg2:pattern0:outcome_history:member-1-m0,fresh_contexts:bandit:bg2:pattern0:outcome_history:member1-m0,bandit,continue_x,mech_pair_test,-2.19,-1.21,0.98,True,False,2,0,0.875,0.1825389476737434,0.2297043256595819,0.2591554085966194,original
cf:outcome_history:fresh_contexts:bandit:bg2:pattern0:outcome_history:continue_y,fresh_contexts:bandit:bg2:pattern0:outcome_history,outcome_history,history_isolated,primary,fresh_contexts:bandit:bg2:pattern0:outcome_history:member-1-m1,fresh_contexts:bandit:bg2:pattern0:outcome_history:member1-m1,bandit,continue_y,mech_pair_test,-2.19,-1.21,0.98,True,False,2,0,0.875,0.1825389476737434,0.2297043256595819,0.2591554085966194,original
cf:outcome_history:fresh_contexts:bandit:bg2:pattern1:outcome_history:continue_x,fresh_contexts:bandit:bg2:pattern1:outcome_history,outcome_history,history_isolated,primary,fresh_contexts:bandit:bg2:pattern1:outcome_history:member-1-m0,fresh_contexts:bandit:bg2:pattern1:outcome_history:member1-m0,bandit,continue_x,mech_pair_test,2.7731,0.6269,-2.1462,True,False,2,1,-0.375,-0.3997602954054979,-0.5030524731944842,-0.5675503448265963,original
cf:outcome_history:fresh_contexts:bandit:bg2:pattern1:outcome_history:continue_y,fresh_contexts:bandit:bg2:pattern1:outcome_history,outcome_history,history_isolated,primary,fresh_contexts:bandit:bg2:pattern1:outcome_history:member-1-m1,fresh_contexts:bandit:bg2:pattern1:outcome_history:member1-m1,bandit,continue_y,mech_pair_test,2.7731,0.6269,-2.1462,True,False,2,1,-0.375,-0.3997602954054977,-0.503052473194484,-0.5675503448265959,original
cf:outcome_history:fresh_contexts:bandit:bg3:pattern0:outcome_history:continue_x,fresh_contexts:bandit:bg3:pattern0:outcome_history,outcome_history,history_isolated,primary,fresh_contexts:bandit:bg3:pattern0:outcome_history:member-1-m0,fresh_contexts:bandit:bg3:pattern0:outcome_history:member1-m0,bandit,continue_x,mech_pair_test,-2.19,-1.21,0.98,True,False,3,0,0.625,0.1825389476737433,0.2297043256595818,0.2591554085966193,original
cf:outcome_history:fresh_contexts:bandit:bg3:pattern0:outcome_history:continue_y,fresh_contexts:bandit:bg3:pattern0:outcome_history,outcome_history,history_isolated,primary,fresh_contexts:bandit:bg3:pattern0:outcome_history:member-1-m1,fresh_contexts:bandit:bg3:pattern0:outcome_history:member1-m1,bandit,continue_y,mech_pair_test,-2.19,-1.21,0.98,True,False,3,0,0.875,0.1825389476737432,0.2297043256595816,0.2591554085966191,original
cf:outcome_history:fresh_contexts:bandit:bg3:pattern1:outcome_history:continue_x,fresh_contexts:bandit:bg3:pattern1:outcome_history,outcome_history,history_isolated,primary,fresh_contexts:bandit:bg3:pattern1:outcome_history:member-1-m0,fresh_contexts:bandit:bg3:pattern1:outcome_history:member1-m0,bandit,continue_x,mech_pair_test,2.7731,0.6269,-2.1462,True,False,3,1,-0.375,-0.3997602954054978,-0.5030524731944841,-0.5675503448265962,original
cf:outcome_history:fresh_contexts:bandit:bg3:pattern1:outcome_history:continue_y,fresh_contexts:bandit:bg3:pattern1:outcome_history,outcome_history,history_isolated,primary,fresh_contexts:bandit:bg3:pattern1:outcome_history:member-1-m1,fresh_contexts:bandit:bg3:pattern1:outcome_history:member1-m1,bandit,continue_y,mech_pair_test,2.7731,0.6269,-2.1462,True,False,3,1,-0.375,-0.3997602954054977,-0.503052473194484,-0.5675503448265959,original
cf:outcome_history:fresh_contexts:debugging:bg0:pattern0:outcome_history:continue_x,fresh_contexts:debugging:bg0:pattern0:outcome_history,outcome_history,history_isolated,primary,fresh_contexts:debugging:bg0:pattern0:outcome_history:member-1-m0,fresh_contexts:debugging:bg0:pattern0:outcome_history:member1-m0,debugging,continue_x,mech_pair_test,-2.19,-1.21,0.98,True,False,0,0,0.75,0.1780152531453933,0.2240117750320751,0.2291976267998996,original
cf:outcome_history:fresh_contexts:debugging:bg0:pattern0:outcome_history:continue_y,fresh_contexts:debugging:bg0:pattern0:outcome_history,outcome_history,history_isolated,primary,fresh_contexts:debugging:bg0:pattern0:outcome_history:member-1-m1,fresh_contexts:debugging:bg0:pattern0:outcome_history:member1-m1,debugging,continue_y,mech_pair_test,-2.19,-1.21,0.98,True,False,0,0,0.625,0.1780152531453931,0.2240117750320748,0.2291976267998994,original
cf:outcome_history:fresh_contexts:debugging:bg0:pattern1:outcome_history:continue_x,fresh_contexts:debugging:bg0:pattern1:outcome_history,outcome_history,history_isolated,primary,fresh_contexts:debugging:bg0:pattern1:outcome_history:member-1-m0,fresh_contexts:debugging:bg0:pattern1:outcome_history:member1-m0,debugging,continue_x,mech_pair_test,2.7731,0.6269,-2.1462,True,False,0,1,-0.125,-0.3898534043884113,-0.4905857873202444,-0.5019428026917803,original
cf:outcome_history:fresh_contexts:debugging:bg0:pattern1:outcome_history:continue_y,fresh_contexts:debugging:bg0:pattern1:outcome_history,outcome_history,history_isolated,primary,fresh_contexts:debugging:bg0:pattern1:outcome_history:member-1-m1,fresh_contexts:debugging:bg0:pattern1:outcome_history:member1-m1,debugging,continue_y,mech_pair_test,2.7731,0.6269,-2.1462,True,False,0,1,-0.375,-0.3898534043884117,-0.490585787320245,-0.5019428026917808,original
cf:outcome_history:fresh_contexts:debugging:bg1:pattern0:outcome_history:continue_x,fresh_contexts:debugging:bg1:pattern0:outcome_history,outcome_history,history_isolated,primary,fresh_contexts:debugging:bg1:pattern0:outcome_history:member-1-m0,fresh_contexts:debugging:bg1:pattern0:outcome_history:member1-m0,debugging,continue_x,mech_pair_test,-2.19,-1.21,0.98,True,False,1,0,0.625,0.1780152531453934,0.2240117750320752,0.2291976267998998,original
cf:outcome_history:fresh_contexts:debugging:bg1:pattern0:outcome_history:continue_y,fresh_contexts:debugging:bg1:pattern0:outcome_history,outcome_history,history_isolated,primary,fresh_contexts:debugging:bg1:pattern0:outcome_history:member-1-m1,fresh_contexts:debugging:bg1:pattern0:outcome_history:member1-m1,debugging,continue_y,mech_pair_test,-2.19,-1.21,0.98,True,False,1,0,0.5,0.1780152531453932,0.224011775032075,0.2291976267998995,original
cf:outcome_history:fresh_contexts:debugging:bg1:pattern1:outcome_history:continue_x,fresh_contexts:debugging:bg1:pattern1:outcome_history,outcome_history,history_isolated,primary,fresh_contexts:debugging:bg1:pattern1:outcome_history:member-1-m0,fresh_contexts:debugging:bg1:pattern1:outcome_history:member1-m0,debugging,continue_x,mech_pair_test,2.7731,0.6269,-2.1462,True,False,1,1,-0.375,-0.3898534043884113,-0.4905857873202444,-0.5019428026917803,original
cf:outcome_history:fresh_contexts:debugging:bg1:pattern1:outcome_history:continue_y,fresh_contexts:debugging:bg1:pattern1:outcome_history,outcome_history,history_isolated,primary,fresh_contexts:debugging:bg1:pattern1:outcome_history:member-1-m1,fresh_contexts:debugging:bg1:pattern1:outcome_history:member1-m1,debugging,continue_y,mech_pair_test,2.7731,0.6269,-2.1462,True,False,1,1,-0.375,-0.3898534043884114,-0.4905857873202445,-0.5019428026917804,original
cf:outcome_history:fresh_contexts:debugging:bg2:pattern0:outcome_history:continue_x,fresh_contexts:debugging:bg2:pattern0:outcome_history,outcome_history,history_isolated,primary,fresh_contexts:debugging:bg2:pattern0:outcome_history:member-1-m0,fresh_contexts:debugging:bg2:pattern0:outcome_history:member1-m0,debugging,continue_x,mech_pair_test,-2.19,-1.21,0.98,True,False,2,0,0.5,0.1780152531453933,0.2240117750320751,0.2291976267998997,original
cf:outcome_history:fresh_contexts:debugging:bg2:pattern0:outcome_history:continue_y,fresh_contexts:debugging:bg2:pattern0:outcome_history,outcome_history,history_isolated,primary,fresh_contexts:debugging:bg2:pattern0:outcome_history:member-1-m1,fresh_contexts:debugging:bg2:pattern0:outcome_history:member1-m1,debugging,continue_y,mech_pair_test,-2.19,-1.21,0.98,True,False,2,0,0.625,0.1780152531453933,0.2240117750320751,0.2291976267998997,original
cf:outcome_history:fresh_contexts:debugging:bg2:pattern1:outcome_history:continue_x,fresh_contexts:debugging:bg2:pattern1:outcome_history,outcome_history,history_isolated,primary,fresh_contexts:debugging:bg2:pattern1:outcome_history:member-1-m0,fresh_contexts:debugging:bg2:pattern1:outcome_history:member1-m0,debugging,continue_x,mech_pair_test,2.7731,0.6269,-2.1462,True,False,2,1,0.0,-0.3898534043884114,-0.4905857873202445,-0.5019428026917804,original
cf:outcome_history:fresh_contexts:debugging:bg2:pattern1:outcome_history:continue_y,fresh_contexts:debugging:bg2:pattern1:outcome_history,outcome_history,history_isolated,primary,fresh_contexts:debugging:bg2:pattern1:outcome_history:member-1-m1,fresh_contexts:debugging:bg2:pattern1:outcome_history:member1-m1,debugging,continue_y,mech_pair_test,2.7731,0.6269,-2.1462,True,False,2,1,-0.125,-0.3898534043884112,-0.4905857873202442,-0.5019428026917802,original
cf:outcome_history:fresh_contexts:debugging:bg3:pattern0:outcome_history:continue_x,fresh_contexts:debugging:bg3:pattern0:outcome_history,outcome_history,history_isolated,primary,fresh_contexts:debugging:bg3:pattern0:outcome_history:member-1-m0,fresh_contexts:debugging:bg3:pattern0:outcome_history:member1-m0,debugging,continue_x,mech_pair_test,-2.19,-1.21,0.98,True,False,3,0,0.875,0.1780152531453932,0.224011775032075,0.2291976267998995,original
cf:outcome_history:fresh_contexts:debugging:bg3:pattern0:outcome_history:continue_y,fresh_contexts:debugging:bg3:pattern0:outcome_history,outcome_history,history_isolated,primary,fresh_contexts:debugging:bg3:pattern0:outcome_history:member-1-m1,fresh_contexts:debugging:bg3:pattern0:outcome_history:member1-m1,debugging,continue_y,mech_pair_test,-2.19,-1.21,0.98,True,False,3,0,0.5,0.1780152531453935,0.2240117750320754,0.2291976267999,original
cf:outcome_history:fresh_contexts:debugging:bg3:pattern1:outcome_history:continue_x,fresh_contexts:debugging:bg3:pattern1:outcome_history,outcome_history,history_isolated,primary,fresh_contexts:debugging:bg3:pattern1:outcome_history:member-1-m0,fresh_contexts:debugging:bg3:pattern1:outcome_history:member1-m0,debugging,continue_x,mech_pair_test,2.7731,0.6269,-2.1462,True,False,3,1,-0.375,-0.3898534043884115,-0.4905857873202447,-0.5019428026917806,original
cf:outcome_history:fresh_contexts:debugging:bg3:pattern1:outcome_history:continue_y,fresh_contexts:debugging:bg3:pattern1:outcome_history,outcome_history,history_isolated,primary,fresh_contexts:debugging:bg3:pattern1:outcome_history:member-1-m1,fresh_contexts:debugging:bg3:pattern1:outcome_history:member1-m1,debugging,continue_y,mech_pair_test,2.7731,0.6269,-2.1462,True,False,3,1,-0.25,-0.3898534043884113,-0.4905857873202444,-0.5019428026917803,original
cf:outcome_history:fresh_contexts:effort:bg0:pattern0:outcome_history:continue_x,fresh_contexts:effort:bg0:pattern0:outcome_history,outcome_history,history_isolated,primary,fresh_contexts:effort:bg0:pattern0:outcome_history:member-1-m0,fresh_contexts:effort:bg0:pattern0:outcome_history:member1-m0,effort,continue_x,mech_task_holdout,-2.19,-1.21,0.98,True,False,0,0,0.375,0.1402385201476874,0.1764740901191019,0.1671685301898297,original
cf:outcome_history:fresh_contexts:effort:bg0:pattern0:outcome_history:continue_y,fresh_contexts:effort:bg0:pattern0:outcome_history,outcome_history,history_isolated,primary,fresh_contexts:effort:bg0:pattern0:outcome_history:member-1-m1,fresh_contexts:effort:bg0:pattern0:outcome_history:member1-m1,effort,continue_y,mech_task_holdout,-2.19,-1.21,0.98,True,False,0,0,0.5,0.1402385201476874,0.1764740901191019,0.1671685301898297,original
cf:outcome_history:fresh_contexts:effort:bg0:pattern1:outcome_history:continue_x,fresh_contexts:effort:bg0:pattern1:outcome_history,outcome_history,history_isolated,primary,fresh_contexts:effort:bg0:pattern1:outcome_history:member-1-m0,fresh_contexts:effort:bg0:pattern1:outcome_history:member1-m0,effort,continue_x,mech_task_holdout,2.7731,0.6269,-2.1462,True,False,0,1,-0.125,-0.307122359123436,-0.3864782573608339,-0.3660990811157276,original
cf:outcome_history:fresh_contexts:effort:bg0:pattern1:outcome_history:continue_y,fresh_contexts:effort:bg0:pattern1:outcome_history,outcome_history,history_isolated,primary,fresh_contexts:effort:bg0:pattern1:outcome_history:member-1-m1,fresh_contexts:effort:bg0:pattern1:outcome_history:member1-m1,effort,continue_y,mech_task_holdout,2.7731,0.6269,-2.1462,True,False,0,1,-0.125,-0.3071223591234362,-0.3864782573608342,-0.3660990811157278,original
cf:outcome_history:fresh_contexts:effort:bg1:pattern0:outcome_history:continue_x,fresh_contexts:effort:bg1:pattern0:outcome_history,outcome_history,history_isolated,primary,fresh_contexts:effort:bg1:pattern0:outcome_history:member-1-m0,fresh_contexts:effort:bg1:pattern0:outcome_history:member1-m0,effort,continue_x,mech_task_holdout,-2.19,-1.21,0.98,True,False,1,0,0.375,0.1402385201476876,0.1764740901191022,0.1671685301898299,original
cf:outcome_history:fresh_contexts:effort:bg1:pattern0:outcome_history:continue_y,fresh_contexts:effort:bg1:pattern0:outcome_history,outcome_history,history_isolated,primary,fresh_contexts:effort:bg1:pattern0:outcome_history:member-1-m1,fresh_contexts:effort:bg1:pattern0:outcome_history:member1-m1,effort,continue_y,mech_task_holdout,-2.19,-1.21,0.98,True,False,1,0,0.375,0.1402385201476876,0.1764740901191022,0.1671685301898299,original
cf:outcome_history:fresh_contexts:effort:bg1:pattern1:outcome_history:continue_x,fresh_contexts:effort:bg1:pattern1:outcome_history,outcome_history,history_isolated,primary,fresh_contexts:effort:bg1:pattern1:outcome_history:member-1-m0,fresh_contexts:effort:bg1:pattern1:outcome_history:member1-m0,effort,continue_x,mech_task_holdout,2.7731,0.6269,-2.1462,True,False,1,1,0.0,-0.3071223591234369,-0.3864782573608351,-0.3660990811157286,original
cf:outcome_history:fresh_contexts:effort:bg1:pattern1:outcome_history:continue_y,fresh_contexts:effort:bg1:pattern1:outcome_history,outcome_history,history_isolated,primary,fresh_contexts:effort:bg1:pattern1:outcome_history:member-1-m1,fresh_contexts:effort:bg1:pattern1:outcome_history:member1-m1,effort,continue_y,mech_task_holdout,2.7731,0.6269,-2.1462,True,False,1,1,-0.25,-0.3071223591234364,-0.3864782573608345,-0.3660990811157281,original
cf:outcome_history:fresh_contexts:effort:bg2:pattern0:outcome_history:continue_x,fresh_contexts:effort:bg2:pattern0:outcome_history,outcome_history,history_isolated,primary,fresh_contexts:effort:bg2:pattern0:outcome_history:member-1-m0,fresh_contexts:effort:bg2:pattern0:outcome_history:member1-m0,effort,continue_x,mech_task_holdout,-2.19,-1.21,0.98,True,False,2,0,0.375,0.1402385201476874,0.1764740901191019,0.1671685301898297,original
cf:outcome_history:fresh_contexts:effort:bg2:pattern0:outcome_history:continue_y,fresh_contexts:effort:bg2:pattern0:outcome_history,outcome_history,history_isolated,primary,fresh_contexts:effort:bg2:pattern0:outcome_history:member-1-m1,fresh_contexts:effort:bg2:pattern0:outcome_history:member1-m1,effort,continue_y,mech_task_holdout,-2.19,-1.21,0.98,True,False,2,0,0.5,0.1402385201476879,0.1764740901191025,0.1671685301898302,original
cf:outcome_history:fresh_contexts:effort:bg2:pattern1:outcome_history:continue_x,fresh_contexts:effort:bg2:pattern1:outcome_history,outcome_history,history_isolated,primary,fresh_contexts:effort:bg2:pattern1:outcome_history:member-1-m0,fresh_contexts:effort:bg2:pattern1:outcome_history:member1-m0,effort,continue_x,mech_task_holdout,2.7731,0.6269,-2.1462,True,False,2,1,0.0,-0.3071223591234358,-0.3864782573608337,-0.3660990811157273,original
cf:outcome_history:fresh_contexts:effort:bg2:pattern1:outcome_history:continue_y,fresh_contexts:effort:bg2:pattern1:outcome_history,outcome_history,history_isolated,primary,fresh_contexts:effort:bg2:pattern1:outcome_history:member-1-m1,fresh_contexts:effort:bg2:pattern1:outcome_history:member1-m1,effort,continue_y,mech_task_holdout,2.7731,0.6269,-2.1462,True,False,2,1,-0.125,-0.3071223591234355,-0.3864782573608334,-0.3660990811157271,original
cf:outcome_history:fresh_contexts:effort:bg3:pattern0:outcome_history:continue_x,fresh_contexts:effort:bg3:pattern0:outcome_history,outcome_history,history_isolated,primary,fresh_contexts:effort:bg3:pattern0:outcome_history:member-1-m0,fresh_contexts:effort:bg3:pattern0:outcome_history:member1-m0,effort,continue_x,mech_task_holdout,-2.19,-1.21,0.98,True,False,3,0,0.5,0.1402385201476872,0.1764740901191017,0.1671685301898294,original
cf:outcome_history:fresh_contexts:effort:bg3:pattern0:outcome_history:continue_y,fresh_contexts:effort:bg3:pattern0:outcome_history,outcome_history,history_isolated,primary,fresh_contexts:effort:bg3:pattern0:outcome_history:member-1-m1,fresh_contexts:effort:bg3:pattern0:outcome_history:member1-m1,effort,continue_y,mech_task_holdout,-2.19,-1.21,0.98,True,False,3,0,0.375,0.1402385201476872,0.1764740901191017,0.1671685301898294,original
cf:outcome_history:fresh_contexts:effort:bg3:pattern1:outcome_history:continue_x,fresh_contexts:effort:bg3:pattern1:outcome_history,outcome_history,history_isolated,primary,fresh_contexts:effort:bg3:pattern1:outcome_history:member-1-m0,fresh_contexts:effort:bg3:pattern1:outcome_history:member1-m0,effort,continue_x,mech_task_holdout,2.7731,0.6269,-2.1462,True,False,3,1,-0.125,-0.3071223591234354,-0.3864782573608332,-0.3660990811157269,original
cf:outcome_history:fresh_contexts:effort:bg3:pattern1:outcome_history:continue_y,fresh_contexts:effort:bg3:pattern1:outcome_history,outcome_history,history_isolated,primary,fresh_contexts:effort:bg3:pattern1:outcome_history:member-1-m1,fresh_contexts:effort:bg3:pattern1:outcome_history:member1-m1,effort,continue_y,mech_task_holdout,2.7731,0.6269,-2.1462,True,False,3,1,-0.125,-0.3071223591234355,-0.3864782573608334,-0.3660990811157271,original
cf:outcome_history:fresh_contexts:foraging:bg0:pattern0:outcome_history:continue_x,fresh_contexts:foraging:bg0:pattern0:outcome_history,outcome_history,history_isolated,primary,fresh_contexts:foraging:bg0:pattern0:outcome_history:member-1-m0,fresh_contexts:foraging:bg0:pattern0:outcome_history:member1-m0,foraging,continue_x,mech_pair_test,-2.19,-1.21,0.98,True,False,0,0,0.5,0.1491284699727645,0.1876610721617873,0.1923616130971423,original
cf:outcome_history:fresh_contexts:foraging:bg0:pattern0:outcome_history:continue_y,fresh_contexts:foraging:bg0:pattern0:outcome_history,outcome_history,history_isolated,primary,fresh_contexts:foraging:bg0:pattern0:outcome_history:member-1-m1,fresh_contexts:foraging:bg0:pattern0:outcome_history:member1-m1,foraging,continue_y,mech_pair_test,-2.19,-1.21,0.98,True,False,0,0,0.375,0.1491284699727645,0.1876610721617873,0.1923616130971423,original
cf:outcome_history:fresh_contexts:foraging:bg0:pattern1:outcome_history:continue_x,fresh_contexts:foraging:bg0:pattern1:outcome_history,outcome_history,history_isolated,primary,fresh_contexts:foraging:bg0:pattern1:outcome_history:member-1-m0,fresh_contexts:foraging:bg0:pattern1:outcome_history:member1-m0,foraging,continue_x,mech_pair_test,2.7731,0.6269,-2.1462,True,False,0,1,-0.375,-0.3265913492403553,-0.4109777480343155,-0.421271932682743,original
cf:outcome_history:fresh_contexts:foraging:bg0:pattern1:outcome_history:continue_y,fresh_contexts:foraging:bg0:pattern1:outcome_history,outcome_history,history_isolated,primary,fresh_contexts:foraging:bg0:pattern1:outcome_history:member-1-m1,fresh_contexts:foraging:bg0:pattern1:outcome_history:member1-m1,foraging,continue_y,mech_pair_test,2.7731,0.6269,-2.1462,True,False,0,1,-0.25,-0.3265913492403554,-0.4109777480343156,-0.421271932682743,original
cf:outcome_history:fresh_contexts:foraging:bg1:pattern0:outcome_history:continue_x,fresh_contexts:foraging:bg1:pattern0:outcome_history,outcome_history,history_isolated,primary,fresh_contexts:foraging:bg1:pattern0:outcome_history:member-1-m0,fresh_contexts:foraging:bg1:pattern0:outcome_history:member1-m0,foraging,continue_x,mech_pair_test,-2.19,-1.21,0.98,True,False,1,0,0.375,0.1491284699727651,0.1876610721617881,0.1923616130971431,original
cf:outcome_history:fresh_contexts:foraging:bg1:pattern0:outcome_history:continue_y,fresh_contexts:foraging:bg1:pattern0:outcome_history,outcome_history,history_isolated,primary,fresh_contexts:foraging:bg1:pattern0:outcome_history:member-1-m1,fresh_contexts:foraging:bg1:pattern0:outcome_history:member1-m1,foraging,continue_y,mech_pair_test,-2.19,-1.21,0.98,True,False,1,0,0.25,0.1491284699727651,0.1876610721617881,0.1923616130971431,original
cf:outcome_history:fresh_contexts:foraging:bg1:pattern1:outcome_history:continue_x,fresh_contexts:foraging:bg1:pattern1:outcome_history,outcome_history,history_isolated,primary,fresh_contexts:foraging:bg1:pattern1:outcome_history:member-1-m0,fresh_contexts:foraging:bg1:pattern1:outcome_history:member1-m0,foraging,continue_x,mech_pair_test,2.7731,0.6269,-2.1462,True,False,1,1,-0.875,-0.3265913492403555,-0.4109777480343157,-0.4212719326827432,original
cf:outcome_history:fresh_contexts:foraging:bg1:pattern1:outcome_history:continue_y,fresh_contexts:foraging:bg1:pattern1:outcome_history,outcome_history,history_isolated,primary,fresh_contexts:foraging:bg1:pattern1:outcome_history:member-1-m1,fresh_contexts:foraging:bg1:pattern1:outcome_history:member1-m1,foraging,continue_y,mech_pair_test,2.7731,0.6269,-2.1462,True,False,1,1,-0.625,-0.3265913492403552,-0.4109777480343154,-0.4212719326827428,original
cf:outcome_history:fresh_contexts:foraging:bg2:pattern0:outcome_history:continue_x,fresh_contexts:foraging:bg2:pattern0:outcome_history,outcome_history,history_isolated,primary,fresh_contexts:foraging:bg2:pattern0:outcome_history:member-1-m0,fresh_contexts:foraging:bg2:pattern0:outcome_history:member1-m0,foraging,continue_x,mech_pair_test,-2.19,-1.21,0.98,True,False,2,0,0.25,0.1491284699727648,0.1876610721617877,0.1923616130971427,original
cf:outcome_history:fresh_contexts:foraging:bg2:pattern0:outcome_history:continue_y,fresh_contexts:foraging:bg2:pattern0:outcome_history,outcome_history,history_isolated,primary,fresh_contexts:foraging:bg2:pattern0:outcome_history:member-1-m1,fresh_contexts:foraging:bg2:pattern0:outcome_history:member1-m1,foraging,continue_y,mech_pair_test,-2.19,-1.21,0.98,True,False,2,0,0.5,0.1491284699727648,0.1876610721617877,0.1923616130971427,original
cf:outcome_history:fresh_contexts:foraging:bg2:pattern1:outcome_history:continue_x,fresh_contexts:foraging:bg2:pattern1:outcome_history,outcome_history,history_isolated,primary,fresh_contexts:foraging:bg2:pattern1:outcome_history:member-1-m0,fresh_contexts:foraging:bg2:pattern1:outcome_history:member1-m0,foraging,continue_x,mech_pair_test,2.7731,0.6269,-2.1462,True,False,2,1,-0.125,-0.3265913492403549,-0.410977748034315,-0.4212719326827425,original
cf:outcome_history:fresh_contexts:foraging:bg2:pattern1:outcome_history:continue_y,fresh_contexts:foraging:bg2:pattern1:outcome_history,outcome_history,history_isolated,primary,fresh_contexts:foraging:bg2:pattern1:outcome_history:member-1-m1,fresh_contexts:foraging:bg2:pattern1:outcome_history:member1-m1,foraging,continue_y,mech_pair_test,2.7731,0.6269,-2.1462,True,False,2,1,-0.125,-0.3265913492403558,-0.4109777480343161,-0.4212719326827436,original
cf:outcome_history:fresh_contexts:foraging:bg3:pattern0:outcome_history:continue_x,fresh_contexts:foraging:bg3:pattern0:outcome_history,outcome_history,history_isolated,primary,fresh_contexts:foraging:bg3:pattern0:outcome_history:member-1-m0,fresh_contexts:foraging:bg3:pattern0:outcome_history:member1-m0,foraging,continue_x,mech_pair_test,-2.19,-1.21,0.98,True,False,3,0,0.375,0.1491284699727648,0.1876610721617878,0.1923616130971427,original
cf:outcome_history:fresh_contexts:foraging:bg3:pattern0:outcome_history:continue_y,fresh_contexts:foraging:bg3:pattern0:outcome_history,outcome_history,history_isolated,primary,fresh_contexts:foraging:bg3:pattern0:outcome_history:member-1-m1,fresh_contexts:foraging:bg3:pattern0:outcome_history:member1-m1,foraging,continue_y,mech_pair_test,-2.19,-1.21,0.98,True,False,3,0,0.625,0.1491284699727648,0.1876610721617876,0.1923616130971426,original
cf:outcome_history:fresh_contexts:foraging:bg3:pattern1:outcome_history:continue_x,fresh_contexts:foraging:bg3:pattern1:outcome_history,outcome_history,history_isolated,primary,fresh_contexts:foraging:bg3:pattern1:outcome_history:member-1-m0,fresh_contexts:foraging:bg3:pattern1:outcome_history:member1-m0,foraging,continue_x,mech_pair_test,2.7731,0.6269,-2.1462,True,False,3,1,-0.875,-0.3265913492403557,-0.410977748034316,-0.4212719326827435,original
cf:outcome_history:fresh_contexts:foraging:bg3:pattern1:outcome_history:continue_y,fresh_contexts:foraging:bg3:pattern1:outcome_history,outcome_history,history_isolated,primary,fresh_contexts:foraging:bg3:pattern1:outcome_history:member-1-m1,fresh_contexts:foraging:bg3:pattern1:outcome_history:member1-m1,foraging,continue_y,mech_pair_test,2.7731,0.6269,-2.1462,True,False,3,1,-0.875,-0.3265913492403558,-0.4109777480343161,-0.4212719326827436,original
cf:outcome_history:fresh_contexts:information_sampling:bg0:pattern0:outcome_history:continue_x,fresh_contexts:information_sampling:bg0:pattern0:outcome_history,outcome_history,history_isolated,primary,fresh_contexts:information_sampling:bg0:pattern0:outcome_history:member-1-m0,fresh_contexts:information_sampling:bg0:pattern0:outcome_history:member1-m0,information_sampling,continue_x,mech_task_holdout,-2.19,-1.21,0.98,True,False,0,0,0.25,0.0246425660896907,0.0310098425475272,0.0305952098252228,original
cf:outcome_history:fresh_contexts:information_sampling:bg0:pattern0:outcome_history:continue_y,fresh_contexts:information_sampling:bg0:pattern0:outcome_history,outcome_history,history_isolated,primary,fresh_contexts:information_sampling:bg0:pattern0:outcome_history:member-1-m1,fresh_contexts:information_sampling:bg0:pattern0:outcome_history:member1-m1,information_sampling,continue_y,mech_task_holdout,-2.19,-1.21,0.98,True,False,0,0,0.25,0.0246425660896907,0.0310098425475272,0.0305952098252228,original
cf:outcome_history:fresh_contexts:information_sampling:bg0:pattern1:outcome_history:continue_x,fresh_contexts:information_sampling:bg0:pattern1:outcome_history,outcome_history,history_isolated,primary,fresh_contexts:information_sampling:bg0:pattern1:outcome_history:member-1-m0,fresh_contexts:information_sampling:bg0:pattern1:outcome_history:member1-m0,information_sampling,continue_x,mech_task_holdout,2.7731,0.6269,-2.1462,True,False,0,1,-0.25,-0.053967219736422,-0.0679115551790837,-0.0670035095172371,original
cf:outcome_history:fresh_contexts:information_sampling:bg0:pattern1:outcome_history:continue_y,fresh_contexts:information_sampling:bg0:pattern1:outcome_history,outcome_history,history_isolated,primary,fresh_contexts:information_sampling:bg0:pattern1:outcome_history:member-1-m1,fresh_contexts:information_sampling:bg0:pattern1:outcome_history:member1-m1,information_sampling,continue_y,mech_task_holdout,2.7731,0.6269,-2.1462,True,False,0,1,0.0,-0.053967219736422,-0.0679115551790837,-0.0670035095172371,original
cf:outcome_history:fresh_contexts:information_sampling:bg1:pattern0:outcome_history:continue_x,fresh_contexts:information_sampling:bg1:pattern0:outcome_history,outcome_history,history_isolated,primary,fresh_contexts:information_sampling:bg1:pattern0:outcome_history:member-1-m0,fresh_contexts:information_sampling:bg1:pattern0:outcome_history:member1-m0,information_sampling,continue_x,mech_task_holdout,-2.19,-1.21,0.98,True,False,1,0,0.125,0.0246425660896905,0.0310098425475269,0.0305952098252225,original
cf:outcome_history:fresh_contexts:information_sampling:bg1:pattern0:outcome_history:continue_y,fresh_contexts:information_sampling:bg1:pattern0:outcome_history,outcome_history,history_isolated,primary,fresh_contexts:information_sampling:bg1:pattern0:outcome_history:member-1-m1,fresh_contexts:information_sampling:bg1:pattern0:outcome_history:member1-m1,information_sampling,continue_y,mech_task_holdout,-2.19,-1.21,0.98,True,False,1,0,0.25,0.0246425660896909,0.0310098425475274,0.030595209825223,original
cf:outcome_history:fresh_contexts:information_sampling:bg1:pattern1:outcome_history:continue_x,fresh_contexts:information_sampling:bg1:pattern1:outcome_history,outcome_history,history_isolated,primary,fresh_contexts:information_sampling:bg1:pattern1:outcome_history:member-1-m0,fresh_contexts:information_sampling:bg1:pattern1:outcome_history:member1-m0,information_sampling,continue_x,mech_task_holdout,2.7731,0.6269,-2.1462,True,False,1,1,0.0,-0.0539672197364222,-0.067911555179084,-0.0670035095172374,original
cf:outcome_history:fresh_contexts:information_sampling:bg1:pattern1:outcome_history:continue_y,fresh_contexts:information_sampling:bg1:pattern1:outcome_history,outcome_history,history_isolated,primary,fresh_contexts:information_sampling:bg1:pattern1:outcome_history:member-1-m1,fresh_contexts:information_sampling:bg1:pattern1:outcome_history:member1-m1,information_sampling,continue_y,mech_task_holdout,2.7731,0.6269,-2.1462,True,False,1,1,-0.125,-0.053967219736422,-0.0679115551790837,-0.0670035095172371,original
cf:outcome_history:fresh_contexts:information_sampling:bg2:pattern0:outcome_history:continue_x,fresh_contexts:information_sampling:bg2:pattern0:outcome_history,outcome_history,history_isolated,primary,fresh_contexts:information_sampling:bg2:pattern0:outcome_history:member-1-m0,fresh_contexts:information_sampling:bg2:pattern0:outcome_history:member1-m0,information_sampling,continue_x,mech_task_holdout,-2.19,-1.21,0.98,True,False,2,0,0.625,0.02464256608969,0.0310098425475263,0.0305952098252219,original
cf:outcome_history:fresh_contexts:information_sampling:bg2:pattern0:outcome_history:continue_y,fresh_contexts:information_sampling:bg2:pattern0:outcome_history,outcome_history,history_isolated,primary,fresh_contexts:information_sampling:bg2:pattern0:outcome_history:member-1-m1,fresh_contexts:information_sampling:bg2:pattern0:outcome_history:member1-m1,information_sampling,continue_y,mech_task_holdout,-2.19,-1.21,0.98,True,False,2,0,0.625,0.0246425660896902,0.0310098425475266,0.0305952098252222,original
cf:outcome_history:fresh_contexts:information_sampling:bg2:pattern1:outcome_history:continue_x,fresh_contexts:information_sampling:bg2:pattern1:outcome_history,outcome_history,history_isolated,primary,fresh_contexts:information_sampling:bg2:pattern1:outcome_history:member-1-m0,fresh_contexts:information_sampling:bg2:pattern1:outcome_history:member1-m0,information_sampling,continue_x,mech_task_holdout,2.7731,0.6269,-2.1462,True,False,2,1,0.0,-0.053967219736422,-0.0679115551790837,-0.0670035095172371,original
cf:outcome_history:fresh_contexts:information_sampling:bg2:pattern1:outcome_history:continue_y,fresh_contexts:information_sampling:bg2:pattern1:outcome_history,outcome_history,history_isolated,primary,fresh_contexts:information_sampling:bg2:pattern1:outcome_history:member-1-m1,fresh_contexts:information_sampling:bg2:pattern1:outcome_history:member1-m1,information_sampling,continue_y,mech_task_holdout,2.7731,0.6269,-2.1462,True,False,2,1,0.0,-0.0539672197364218,-0.0679115551790834,-0.0670035095172368,original
cf:outcome_history:fresh_contexts:information_sampling:bg3:pattern0:outcome_history:continue_x,fresh_contexts:information_sampling:bg3:pattern0:outcome_history,outcome_history,history_isolated,primary,fresh_contexts:information_sampling:bg3:pattern0:outcome_history:member-1-m0,fresh_contexts:information_sampling:bg3:pattern0:outcome_history:member1-m0,information_sampling,continue_x,mech_task_holdout,-2.19,-1.21,0.98,True,False,3,0,0.25,0.0246425660896907,0.0310098425475272,0.0305952098252228,original
cf:outcome_history:fresh_contexts:information_sampling:bg3:pattern0:outcome_history:continue_y,fresh_contexts:information_sampling:bg3:pattern0:outcome_history,outcome_history,history_isolated,primary,fresh_contexts:information_sampling:bg3:pattern0:outcome_history:member-1-m1,fresh_contexts:information_sampling:bg3:pattern0:outcome_history:member1-m1,information_sampling,continue_y,mech_task_holdout,-2.19,-1.21,0.98,True,False,3,0,0.375,0.0246425660896907,0.0310098425475272,0.0305952098252228,original
cf:outcome_history:fresh_contexts:information_sampling:bg3:pattern1:outcome_history:continue_x,fresh_contexts:information_sampling:bg3:pattern1:outcome_history,outcome_history,history_isolated,primary,fresh_contexts:information_sampling:bg3:pattern1:outcome_history:member-1-m0,fresh_contexts:information_sampling:bg3:pattern1:outcome_history:member1-m0,information_sampling,continue_x,mech_task_holdout,2.7731,0.6269,-2.1462,True,False,3,1,0.0,-0.0539672197364224,-0.0679115551790843,-0.0670035095172377,original
cf:outcome_history:fresh_contexts:information_sampling:bg3:pattern1:outcome_history:continue_y,fresh_contexts:information_sampling:bg3:pattern1:outcome_history,outcome_history,history_isolated,primary,fresh_contexts:information_sampling:bg3:pattern1:outcome_history:member-1-m1,fresh_contexts:information_sampling:bg3:pattern1:outcome_history:member1-m1,information_sampling,continue_y,mech_task_holdout,2.7731,0.6269,-2.1462,True,False,3,1,0.0,-0.0539672197364222,-0.067911555179084,-0.0670035095172374,original
cf:outcome_history:fresh_contexts:solvability:bg0:pattern0:outcome_history:continue_x,fresh_contexts:solvability:bg0:pattern0:outcome_history,outcome_history,history_isolated,primary,fresh_contexts:solvability:bg0:pattern0:outcome_history:member-1-m0,fresh_contexts:solvability:bg0:pattern0:outcome_history:member1-m0,solvability,continue_x,mech_pair_test,-2.19,-1.21,0.98,True,False,0,0,1.125,0.2672347545782574,0.3362842827543711,0.3161335253634926,original
cf:outcome_history:fresh_contexts:solvability:bg0:pattern0:outcome_history:continue_y,fresh_contexts:solvability:bg0:pattern0:outcome_history,outcome_history,history_isolated,primary,fresh_contexts:solvability:bg0:pattern0:outcome_history:member-1-m1,fresh_contexts:solvability:bg0:pattern0:outcome_history:member1-m1,solvability,continue_y,mech_pair_test,-2.19,-1.21,0.98,True,False,0,0,1.125,0.2672347545782576,0.3362842827543714,0.3161335253634929,original
cf:outcome_history:fresh_contexts:solvability:bg0:pattern1:outcome_history:continue_x,fresh_contexts:solvability:bg0:pattern1:outcome_history,outcome_history,history_isolated,primary,fresh_contexts:solvability:bg0:pattern1:outcome_history:member-1-m0,fresh_contexts:solvability:bg0:pattern1:outcome_history:member1-m0,solvability,continue_x,mech_pair_test,2.7731,0.6269,-2.1462,True,False,0,1,-1.375,-0.5852441125263841,-0.7364625792320733,-0.6923324205460493,original
cf:outcome_history:fresh_contexts:solvability:bg0:pattern1:outcome_history:continue_y,fresh_contexts:solvability:bg0:pattern1:outcome_history,outcome_history,history_isolated,primary,fresh_contexts:solvability:bg0:pattern1:outcome_history:member-1-m1,fresh_contexts:solvability:bg0:pattern1:outcome_history:member1-m1,solvability,continue_y,mech_pair_test,2.7731,0.6269,-2.1462,True,False,0,1,-0.875,-0.5852441125263841,-0.7364625792320733,-0.6923324205460493,original
cf:outcome_history:fresh_contexts:solvability:bg1:pattern0:outcome_history:continue_x,fresh_contexts:solvability:bg1:pattern0:outcome_history,outcome_history,history_isolated,primary,fresh_contexts:solvability:bg1:pattern0:outcome_history:member-1-m0,fresh_contexts:solvability:bg1:pattern0:outcome_history:member1-m0,solvability,continue_x,mech_pair_test,-2.19,-1.21,0.98,True,False,1,0,0.625,0.2672347545782577,0.3362842827543715,0.316133525363493,original
cf:outcome_history:fresh_contexts:solvability:bg1:pattern0:outcome_history:continue_y,fresh_contexts:solvability:bg1:pattern0:outcome_history,outcome_history,history_isolated,primary,fresh_contexts:solvability:bg1:pattern0:outcome_history:member-1-m1,fresh_contexts:solvability:bg1:pattern0:outcome_history:member1-m1,solvability,continue_y,mech_pair_test,-2.19,-1.21,0.98,True,False,1,0,0.625,0.2672347545782577,0.3362842827543715,0.316133525363493,original
cf:outcome_history:fresh_contexts:solvability:bg1:pattern1:outcome_history:continue_x,fresh_contexts:solvability:bg1:pattern1:outcome_history,outcome_history,history_isolated,primary,fresh_contexts:solvability:bg1:pattern1:outcome_history:member-1-m0,fresh_contexts:solvability:bg1:pattern1:outcome_history:member1-m0,solvability,continue_x,mech_pair_test,2.7731,0.6269,-2.1462,True,False,1,1,-1.0,-0.5852441125263845,-0.7364625792320738,-0.6923324205460498,original
cf:outcome_history:fresh_contexts:solvability:bg1:pattern1:outcome_history:continue_y,fresh_contexts:solvability:bg1:pattern1:outcome_history,outcome_history,history_isolated,primary,fresh_contexts:solvability:bg1:pattern1:outcome_history:member-1-m1,fresh_contexts:solvability:bg1:pattern1:outcome_history:member1-m1,solvability,continue_y,mech_pair_test,2.7731,0.6269,-2.1462,True,False,1,1,-0.5,-0.5852441125263843,-0.7364625792320735,-0.6923324205460496,original
cf:outcome_history:fresh_contexts:solvability:bg2:pattern0:outcome_history:continue_x,fresh_contexts:solvability:bg2:pattern0:outcome_history,outcome_history,history_isolated,primary,fresh_contexts:solvability:bg2:pattern0:outcome_history:member-1-m0,fresh_contexts:solvability:bg2:pattern0:outcome_history:member1-m0,solvability,continue_x,mech_pair_test,-2.19,-1.21,0.98,True,False,2,0,0.75,0.2672347545782578,0.3362842827543716,0.3161335253634931,original
cf:outcome_history:fresh_contexts:solvability:bg2:pattern0:outcome_history:continue_y,fresh_contexts:solvability:bg2:pattern0:outcome_history,outcome_history,history_isolated,primary,fresh_contexts:solvability:bg2:pattern0:outcome_history:member-1-m1,fresh_contexts:solvability:bg2:pattern0:outcome_history:member1-m1,solvability,continue_y,mech_pair_test,-2.19,-1.21,0.98,True,False,2,0,0.75,0.2672347545782576,0.3362842827543714,0.3161335253634929,original
cf:outcome_history:fresh_contexts:solvability:bg2:pattern1:outcome_history:continue_x,fresh_contexts:solvability:bg2:pattern1:outcome_history,outcome_history,history_isolated,primary,fresh_contexts:solvability:bg2:pattern1:outcome_history:member-1-m0,fresh_contexts:solvability:bg2:pattern1:outcome_history:member1-m0,solvability,continue_x,mech_pair_test,2.7731,0.6269,-2.1462,True,False,2,1,-0.25,-0.5852441125263843,-0.7364625792320735,-0.6923324205460496,original
cf:outcome_history:fresh_contexts:solvability:bg2:pattern1:outcome_history:continue_y,fresh_contexts:solvability:bg2:pattern1:outcome_history,outcome_history,history_isolated,primary,fresh_contexts:solvability:bg2:pattern1:outcome_history:member-1-m1,fresh_contexts:solvability:bg2:pattern1:outcome_history:member1-m1,solvability,continue_y,mech_pair_test,2.7731,0.6269,-2.1462,True,False,2,1,-0.125,-0.5852441125263841,-0.7364625792320733,-0.6923324205460493,original
cf:outcome_history:fresh_contexts:solvability:bg3:pattern0:outcome_history:continue_x,fresh_contexts:solvability:bg3:pattern0:outcome_history,outcome_history,history_isolated,primary,fresh_contexts:solvability:bg3:pattern0:outcome_history:member-1-m0,fresh_contexts:solvability:bg3:pattern0:outcome_history:member1-m0,solvability,continue_x,mech_pair_test,-2.19,-1.21,0.98,True,False,3,0,1.0,0.2672347545782574,0.3362842827543711,0.3161335253634926,original
cf:outcome_history:fresh_contexts:solvability:bg3:pattern0:outcome_history:continue_y,fresh_contexts:solvability:bg3:pattern0:outcome_history,outcome_history,history_isolated,primary,fresh_contexts:solvability:bg3:pattern0:outcome_history:member-1-m1,fresh_contexts:solvability:bg3:pattern0:outcome_history:member1-m1,solvability,continue_y,mech_pair_test,-2.19,-1.21,0.98,True,False,3,0,1.25,0.2672347545782576,0.3362842827543714,0.3161335253634929,original
cf:outcome_history:fresh_contexts:solvability:bg3:pattern1:outcome_history:continue_x,fresh_contexts:solvability:bg3:pattern1:outcome_history,outcome_history,history_isolated,primary,fresh_contexts:solvability:bg3:pattern1:outcome_history:member-1-m0,fresh_contexts:solvability:bg3:pattern1:outcome_history:member1-m0,solvability,continue_x,mech_pair_test,2.7731,0.6269,-2.1462,True,False,3,1,-1.25,-0.5852441125263843,-0.7364625792320735,-0.6923324205460496,original
cf:outcome_history:fresh_contexts:solvability:bg3:pattern1:outcome_history:continue_y,fresh_contexts:solvability:bg3:pattern1:outcome_history,outcome_history,history_isolated,primary,fresh_contexts:solvability:bg3:pattern1:outcome_history:member-1-m1,fresh_contexts:solvability:bg3:pattern1:outcome_history:member1-m1,solvability,continue_y,mech_pair_test,2.7731,0.6269,-2.1462,True,False,3,1,-1.125,-0.5852441125263841,-0.7364625792320733,-0.6923324205460493,original
cf:outcome_history:fresh_contexts:waiting:bg0:pattern0:outcome_history:continue_x,fresh_contexts:waiting:bg0:pattern0:outcome_history,outcome_history,history_isolated,primary,fresh_contexts:waiting:bg0:pattern0:outcome_history:member-1-m0,fresh_contexts:waiting:bg0:pattern0:outcome_history:member1-m0,waiting,continue_x,mech_task_holdout,-2.19,-1.21,0.98,True,False,0,0,0.375,0.1431760544952596,0.1801706401157468,0.1723280464345539,original
cf:outcome_history:fresh_contexts:waiting:bg0:pattern0:outcome_history:continue_y,fresh_contexts:waiting:bg0:pattern0:outcome_history,outcome_history,history_isolated,primary,fresh_contexts:waiting:bg0:pattern0:outcome_history:member-1-m1,fresh_contexts:waiting:bg0:pattern0:outcome_history:member1-m1,waiting,continue_y,mech_task_holdout,-2.19,-1.21,0.98,True,False,0,0,0.25,0.1431760544952591,0.1801706401157462,0.1723280464345534,original
cf:outcome_history:fresh_contexts:waiting:bg0:pattern1:outcome_history:continue_x,fresh_contexts:waiting:bg0:pattern1:outcome_history,outcome_history,history_isolated,primary,fresh_contexts:waiting:bg0:pattern1:outcome_history:member-1-m0,fresh_contexts:waiting:bg0:pattern1:outcome_history:member1-m0,waiting,continue_x,mech_task_holdout,2.7731,0.6269,-2.1462,True,False,0,1,-0.125,-0.3135555593446187,-0.3945737018534857,-0.3773984216916734,original
cf:outcome_history:fresh_contexts:waiting:bg0:pattern1:outcome_history:continue_y,fresh_contexts:waiting:bg0:pattern1:outcome_history,outcome_history,history_isolated,primary,fresh_contexts:waiting:bg0:pattern1:outcome_history:member-1-m1,fresh_contexts:waiting:bg0:pattern1:outcome_history:member1-m1,waiting,continue_y,mech_task_holdout,2.7731,0.6269,-2.1462,True,False,0,1,-0.125,-0.3135555593446189,-0.3945737018534859,-0.3773984216916736,original
cf:outcome_history:fresh_contexts:waiting:bg1:pattern0:outcome_history:continue_x,fresh_contexts:waiting:bg1:pattern0:outcome_history,outcome_history,history_isolated,primary,fresh_contexts:waiting:bg1:pattern0:outcome_history:member-1-m0,fresh_contexts:waiting:bg1:pattern0:outcome_history:member1-m0,waiting,continue_x,mech_task_holdout,-2.19,-1.21,0.98,True,False,1,0,0.375,0.1431760544952596,0.1801706401157468,0.1723280464345539,original
cf:outcome_history:fresh_contexts:waiting:bg1:pattern0:outcome_history:continue_y,fresh_contexts:waiting:bg1:pattern0:outcome_history,outcome_history,history_isolated,primary,fresh_contexts:waiting:bg1:pattern0:outcome_history:member-1-m1,fresh_contexts:waiting:bg1:pattern0:outcome_history:member1-m1,waiting,continue_y,mech_task_holdout,-2.19,-1.21,0.98,True,False,1,0,0.5,0.1431760544952593,0.1801706401157465,0.1723280464345536,original
cf:outcome_history:fresh_contexts:waiting:bg1:pattern1:outcome_history:continue_x,fresh_contexts:waiting:bg1:pattern1:outcome_history,outcome_history,history_isolated,primary,fresh_contexts:waiting:bg1:pattern1:outcome_history:member-1-m0,fresh_contexts:waiting:bg1:pattern1:outcome_history:member1-m0,waiting,continue_x,mech_task_holdout,2.7731,0.6269,-2.1462,True,False,1,1,0.125,-0.3135555593446191,-0.3945737018534861,-0.3773984216916738,original
cf:outcome_history:fresh_contexts:waiting:bg1:pattern1:outcome_history:continue_y,fresh_contexts:waiting:bg1:pattern1:outcome_history,outcome_history,history_isolated,primary,fresh_contexts:waiting:bg1:pattern1:outcome_history:member-1-m1,fresh_contexts:waiting:bg1:pattern1:outcome_history:member1-m1,waiting,continue_y,mech_task_holdout,2.7731,0.6269,-2.1462,True,False,1,1,0.125,-0.3135555593446189,-0.3945737018534859,-0.3773984216916736,original
cf:outcome_history:fresh_contexts:waiting:bg2:pattern0:outcome_history:continue_x,fresh_contexts:waiting:bg2:pattern0:outcome_history,outcome_history,history_isolated,primary,fresh_contexts:waiting:bg2:pattern0:outcome_history:member-1-m0,fresh_contexts:waiting:bg2:pattern0:outcome_history:member1-m0,waiting,continue_x,mech_task_holdout,-2.19,-1.21,0.98,True,False,2,0,0.5,0.1431760544952599,0.1801706401157472,0.1723280464345543,original
cf:outcome_history:fresh_contexts:waiting:bg2:pattern0:outcome_history:continue_y,fresh_contexts:waiting:bg2:pattern0:outcome_history,outcome_history,history_isolated,primary,fresh_contexts:waiting:bg2:pattern0:outcome_history:member-1-m1,fresh_contexts:waiting:bg2:pattern0:outcome_history:member1-m1,waiting,continue_y,mech_task_holdout,-2.19,-1.21,0.98,True,False,2,0,0.5,0.1431760544952598,0.180170640115747,0.1723280464345542,original
cf:outcome_history:fresh_contexts:waiting:bg2:pattern1:outcome_history:continue_x,fresh_contexts:waiting:bg2:pattern1:outcome_history,outcome_history,history_isolated,primary,fresh_contexts:waiting:bg2:pattern1:outcome_history:member-1-m0,fresh_contexts:waiting:bg2:pattern1:outcome_history:member1-m0,waiting,continue_x,mech_task_holdout,2.7731,0.6269,-2.1462,True,False,2,1,-0.5,-0.3135555593446186,-0.3945737018534856,-0.3773984216916733,original
cf:outcome_history:fresh_contexts:waiting:bg2:pattern1:outcome_history:continue_y,fresh_contexts:waiting:bg2:pattern1:outcome_history,outcome_history,history_isolated,primary,fresh_contexts:waiting:bg2:pattern1:outcome_history:member-1-m1,fresh_contexts:waiting:bg2:pattern1:outcome_history:member1-m1,waiting,continue_y,mech_task_holdout,2.7731,0.6269,-2.1462,True,False,2,1,-0.5,-0.3135555593446189,-0.3945737018534859,-0.3773984216916736,original
cf:outcome_history:fresh_contexts:waiting:bg3:pattern0:outcome_history:continue_x,fresh_contexts:waiting:bg3:pattern0:outcome_history,outcome_history,history_isolated,primary,fresh_contexts:waiting:bg3:pattern0:outcome_history:member-1-m0,fresh_contexts:waiting:bg3:pattern0:outcome_history:member1-m0,waiting,continue_x,mech_task_holdout,-2.19,-1.21,0.98,True,False,3,0,0.375,0.1431760544952595,0.1801706401157466,0.1723280464345538,original
cf:outcome_history:fresh_contexts:waiting:bg3:pattern0:outcome_history:continue_y,fresh_contexts:waiting:bg3:pattern0:outcome_history,outcome_history,history_isolated,primary,fresh_contexts:waiting:bg3:pattern0:outcome_history:member-1-m1,fresh_contexts:waiting:bg3:pattern0:outcome_history:member1-m1,waiting,continue_y,mech_task_holdout,-2.19,-1.21,0.98,True,False,3,0,0.25,0.1431760544952596,0.1801706401157468,0.1723280464345539,original
cf:outcome_history:fresh_contexts:waiting:bg3:pattern1:outcome_history:continue_x,fresh_contexts:waiting:bg3:pattern1:outcome_history,outcome_history,history_isolated,primary,fresh_contexts:waiting:bg3:pattern1:outcome_history:member-1-m0,fresh_contexts:waiting:bg3:pattern1:outcome_history:member1-m0,waiting,continue_x,mech_task_holdout,2.7731,0.6269,-2.1462,True,False,3,1,-0.25,-0.3135555593446184,-0.3945737018534853,-0.377398421691673,original
cf:outcome_history:fresh_contexts:waiting:bg3:pattern1:outcome_history:continue_y,fresh_contexts:waiting:bg3:pattern1:outcome_history,outcome_history,history_isolated,primary,fresh_contexts:waiting:bg3:pattern1:outcome_history:member-1-m1,fresh_contexts:waiting:bg3:pattern1:outcome_history:member1-m1,waiting,continue_y,mech_task_holdout,2.7731,0.6269,-2.1462,True,False,3,1,-0.25,-0.3135555593446183,-0.3945737018534851,-0.3773984216916729,original
cf:outcome_history:fresh_contexts:bandit:bg0:pattern0:outcome_history:continue_x,fresh_contexts:bandit:bg0:pattern0:outcome_history,outcome_history,history_isolated,primary,fresh_contexts:bandit:bg0:pattern0:outcome_history:member-1-m0,fresh_contexts:bandit:bg0:pattern0:outcome_history:member1-m0,bandit,continue_x,mech_pair_test,-2.19,-1.21,0.98,True,False,0,0,0.875,0.1825389476737433,0.2297043256595818,0.2591554085966193,rephrased
cf:outcome_history:fresh_contexts:bandit:bg0:pattern0:outcome_history:continue_y,fresh_contexts:bandit:bg0:pattern0:outcome_history,outcome_history,history_isolated,primary,fresh_contexts:bandit:bg0:pattern0:outcome_history:member-1-m1,fresh_contexts:bandit:bg0:pattern0:outcome_history:member1-m1,bandit,continue_y,mech_pair_test,-2.19,-1.21,0.98,True,False,0,0,1.125,0.1825389476737433,0.2297043256595818,0.2591554085966193,rephrased
cf:outcome_history:fresh_contexts:bandit:bg0:pattern1:outcome_history:continue_x,fresh_contexts:bandit:bg0:pattern1:outcome_history,outcome_history,history_isolated,primary,fresh_contexts:bandit:bg0:pattern1:outcome_history:member-1-m0,fresh_contexts:bandit:bg0:pattern1:outcome_history:member1-m0,bandit,continue_x,mech_pair_test,2.7731,0.6269,-2.1462,True,False,0,1,-0.75,-0.3997602954054979,-0.5030524731944842,-0.5675503448265963,rephrased
cf:outcome_history:fresh_contexts:bandit:bg0:pattern1:outcome_history:continue_y,fresh_contexts:bandit:bg0:pattern1:outcome_history,outcome_history,history_isolated,primary,fresh_contexts:bandit:bg0:pattern1:outcome_history:member-1-m1,fresh_contexts:bandit:bg0:pattern1:outcome_history:member1-m1,bandit,continue_y,mech_pair_test,2.7731,0.6269,-2.1462,True,False,0,1,-1.75,-0.3997602954054975,-0.5030524731944837,-0.5675503448265956,rephrased
cf:outcome_history:fresh_contexts:bandit:bg1:pattern0:outcome_history:continue_x,fresh_contexts:bandit:bg1:pattern0:outcome_history,outcome_history,history_isolated,primary,fresh_contexts:bandit:bg1:pattern0:outcome_history:member-1-m0,fresh_contexts:bandit:bg1:pattern0:outcome_history:member1-m0,bandit,continue_x,mech_pair_test,-2.19,-1.21,0.98,True,False,1,0,1.25,0.1825389476737433,0.2297043256595818,0.2591554085966193,rephrased
cf:outcome_history:fresh_contexts:bandit:bg1:pattern0:outcome_history:continue_y,fresh_contexts:bandit:bg1:pattern0:outcome_history,outcome_history,history_isolated,primary,fresh_contexts:bandit:bg1:pattern0:outcome_history:member-1-m1,fresh_contexts:bandit:bg1:pattern0:outcome_history:member1-m1,bandit,continue_y,mech_pair_test,-2.19,-1.21,0.98,True,False,1,0,1.0,0.1825389476737433,0.2297043256595818,0.2591554085966193,rephrased
cf:outcome_history:fresh_contexts:bandit:bg1:pattern1:outcome_history:continue_x,fresh_contexts:bandit:bg1:pattern1:outcome_history,outcome_history,history_isolated,primary,fresh_contexts:bandit:bg1:pattern1:outcome_history:member-1-m0,fresh_contexts:bandit:bg1:pattern1:outcome_history:member1-m0,bandit,continue_x,mech_pair_test,2.7731,0.6269,-2.1462,True,False,1,1,-0.625,-0.3997602954054979,-0.5030524731944842,-0.5675503448265963,rephrased
cf:outcome_history:fresh_contexts:bandit:bg1:pattern1:outcome_history:continue_y,fresh_contexts:bandit:bg1:pattern1:outcome_history,outcome_history,history_isolated,primary,fresh_contexts:bandit:bg1:pattern1:outcome_history:member-1-m1,fresh_contexts:bandit:bg1:pattern1:outcome_history:member1-m1,bandit,continue_y,mech_pair_test,2.7731,0.6269,-2.1462,True,False,1,1,-0.625,-0.3997602954054978,-0.5030524731944841,-0.5675503448265962,rephrased
cf:outcome_history:fresh_contexts:bandit:bg2:pattern0:outcome_history:continue_x,fresh_contexts:bandit:bg2:pattern0:outcome_history,outcome_history,history_isolated,primary,fresh_contexts:bandit:bg2:pattern0:outcome_history:member-1-m0,fresh_contexts:bandit:bg2:pattern0:outcome_history:member1-m0,bandit,continue_x,mech_pair_test,-2.19,-1.21,0.98,True,False,2,0,1.125,0.1825389476737434,0.2297043256595819,0.2591554085966194,rephrased
cf:outcome_history:fresh_contexts:bandit:bg2:pattern0:outcome_history:continue_y,fresh_contexts:bandit:bg2:pattern0:outcome_history,outcome_history,history_isolated,primary,fresh_contexts:bandit:bg2:pattern0:outcome_history:member-1-m1,fresh_contexts:bandit:bg2:pattern0:outcome_history:member1-m1,bandit,continue_y,mech_pair_test,-2.19,-1.21,0.98,True,False,2,0,1.0,0.1825389476737434,0.2297043256595819,0.2591554085966194,rephrased
cf:outcome_history:fresh_contexts:bandit:bg2:pattern1:outcome_history:continue_x,fresh_contexts:bandit:bg2:pattern1:outcome_history,outcome_history,history_isolated,primary,fresh_contexts:bandit:bg2:pattern1:outcome_history:member-1-m0,fresh_contexts:bandit:bg2:pattern1:outcome_history:member1-m0,bandit,continue_x,mech_pair_test,2.7731,0.6269,-2.1462,True,False,2,1,-0.375,-0.3997602954054979,-0.5030524731944842,-0.5675503448265963,rephrased
cf:outcome_history:fresh_contexts:bandit:bg2:pattern1:outcome_history:continue_y,fresh_contexts:bandit:bg2:pattern1:outcome_history,outcome_history,history_isolated,primary,fresh_contexts:bandit:bg2:pattern1:outcome_history:member-1-m1,fresh_contexts:bandit:bg2:pattern1:outcome_history:member1-m1,bandit,continue_y,mech_pair_test,2.7731,0.6269,-2.1462,True,False,2,1,-0.75,-0.3997602954054977,-0.503052473194484,-0.5675503448265959,rephrased
cf:outcome_history:fresh_contexts:bandit:bg3:pattern0:outcome_history:continue_x,fresh_contexts:bandit:bg3:pattern0:outcome_history,outcome_history,history_isolated,primary,fresh_contexts:bandit:bg3:pattern0:outcome_history:member-1-m0,fresh_contexts:bandit:bg3:pattern0:outcome_history:member1-m0,bandit,continue_x,mech_pair_test,-2.19,-1.21,0.98,True,False,3,0,0.75,0.1825389476737433,0.2297043256595818,0.2591554085966193,rephrased
cf:outcome_history:fresh_contexts:bandit:bg3:pattern0:outcome_history:continue_y,fresh_contexts:bandit:bg3:pattern0:outcome_history,outcome_history,history_isolated,primary,fresh_contexts:bandit:bg3:pattern0:outcome_history:member-1-m1,fresh_contexts:bandit:bg3:pattern0:outcome_history:member1-m1,bandit,continue_y,mech_pair_test,-2.19,-1.21,0.98,True,False,3,0,1.0,0.1825389476737432,0.2297043256595816,0.2591554085966191,rephrased
cf:outcome_history:fresh_contexts:bandit:bg3:pattern1:outcome_history:continue_x,fresh_contexts:bandit:bg3:pattern1:outcome_history,outcome_history,history_isolated,primary,fresh_contexts:bandit:bg3:pattern1:outcome_history:member-1-m0,fresh_contexts:bandit:bg3:pattern1:outcome_history:member1-m0,bandit,continue_x,mech_pair_test,2.7731,0.6269,-2.1462,True,False,3,1,-0.375,-0.3997602954054978,-0.5030524731944841,-0.5675503448265962,rephrased
cf:outcome_history:fresh_contexts:bandit:bg3:pattern1:outcome_history:continue_y,fresh_contexts:bandit:bg3:pattern1:outcome_history,outcome_history,history_isolated,primary,fresh_contexts:bandit:bg3:pattern1:outcome_history:member-1-m1,fresh_contexts:bandit:bg3:pattern1:outcome_history:member1-m1,bandit,continue_y,mech_pair_test,2.7731,0.6269,-2.1462,True,False,3,1,-1.0,-0.3997602954054977,-0.503052473194484,-0.5675503448265959,rephrased
cf:outcome_history:fresh_contexts:debugging:bg0:pattern0:outcome_history:continue_x,fresh_contexts:debugging:bg0:pattern0:outcome_history,outcome_history,history_isolated,primary,fresh_contexts:debugging:bg0:pattern0:outcome_history:member-1-m0,fresh_contexts:debugging:bg0:pattern0:outcome_history:member1-m0,debugging,continue_x,mech_pair_test,-2.19,-1.21,0.98,True,False,0,0,0.5,0.1780152531453933,0.2240117750320751,0.2291976267998996,rephrased
cf:outcome_history:fresh_contexts:debugging:bg0:pattern0:outcome_history:continue_y,fresh_contexts:debugging:bg0:pattern0:outcome_history,outcome_history,history_isolated,primary,fresh_contexts:debugging:bg0:pattern0:outcome_history:member-1-m1,fresh_contexts:debugging:bg0:pattern0:outcome_history:member1-m1,debugging,continue_y,mech_pair_test,-2.19,-1.21,0.98,True,False,0,0,0.375,0.1780152531453931,0.2240117750320748,0.2291976267998994,rephrased
cf:outcome_history:fresh_contexts:debugging:bg0:pattern1:outcome_history:continue_x,fresh_contexts:debugging:bg0:pattern1:outcome_history,outcome_history,history_isolated,primary,fresh_contexts:debugging:bg0:pattern1:outcome_history:member-1-m0,fresh_contexts:debugging:bg0:pattern1:outcome_history:member1-m0,debugging,continue_x,mech_pair_test,2.7731,0.6269,-2.1462,True,False,0,1,-0.375,-0.3898534043884113,-0.4905857873202444,-0.5019428026917803,rephrased
cf:outcome_history:fresh_contexts:debugging:bg0:pattern1:outcome_history:continue_y,fresh_contexts:debugging:bg0:pattern1:outcome_history,outcome_history,history_isolated,primary,fresh_contexts:debugging:bg0:pattern1:outcome_history:member-1-m1,fresh_contexts:debugging:bg0:pattern1:outcome_history:member1-m1,debugging,continue_y,mech_pair_test,2.7731,0.6269,-2.1462,True,False,0,1,-0.625,-0.3898534043884117,-0.490585787320245,-0.5019428026917808,rephrased
cf:outcome_history:fresh_contexts:debugging:bg1:pattern0:outcome_history:continue_x,fresh_contexts:debugging:bg1:pattern0:outcome_history,outcome_history,history_isolated,primary,fresh_contexts:debugging:bg1:pattern0:outcome_history:member-1-m0,fresh_contexts:debugging:bg1:pattern0:outcome_history:member1-m0,debugging,continue_x,mech_pair_test,-2.19,-1.21,0.98,True,False,1,0,0.5,0.1780152531453934,0.2240117750320752,0.2291976267998998,rephrased
cf:outcome_history:fresh_contexts:debugging:bg1:pattern0:outcome_history:continue_y,fresh_contexts:debugging:bg1:pattern0:outcome_history,outcome_history,history_isolated,primary,fresh_contexts:debugging:bg1:pattern0:outcome_history:member-1-m1,fresh_contexts:debugging:bg1:pattern0:outcome_history:member1-m1,debugging,continue_y,mech_pair_test,-2.19,-1.21,0.98,True,False,1,0,0.5,0.1780152531453932,0.224011775032075,0.2291976267998995,rephrased
cf:outcome_history:fresh_contexts:debugging:bg1:pattern1:outcome_history:continue_x,fresh_contexts:debugging:bg1:pattern1:outcome_history,outcome_history,history_isolated,primary,fresh_contexts:debugging:bg1:pattern1:outcome_history:member-1-m0,fresh_contexts:debugging:bg1:pattern1:outcome_history:member1-m0,debugging,continue_x,mech_pair_test,2.7731,0.6269,-2.1462,True,False,1,1,-0.5,-0.3898534043884113,-0.4905857873202444,-0.5019428026917803,rephrased
cf:outcome_history:fresh_contexts:debugging:bg1:pattern1:outcome_history:continue_y,fresh_contexts:debugging:bg1:pattern1:outcome_history,outcome_history,history_isolated,primary,fresh_contexts:debugging:bg1:pattern1:outcome_history:member-1-m1,fresh_contexts:debugging:bg1:pattern1:outcome_history:member1-m1,debugging,continue_y,mech_pair_test,2.7731,0.6269,-2.1462,True,False,1,1,-0.75,-0.3898534043884114,-0.4905857873202445,-0.5019428026917804,rephrased
cf:outcome_history:fresh_contexts:debugging:bg2:pattern0:outcome_history:continue_x,fresh_contexts:debugging:bg2:pattern0:outcome_history,outcome_history,history_isolated,primary,fresh_contexts:debugging:bg2:pattern0:outcome_history:member-1-m0,fresh_contexts:debugging:bg2:pattern0:outcome_history:member1-m0,debugging,continue_x,mech_pair_test,-2.19,-1.21,0.98,True,False,2,0,0.375,0.1780152531453933,0.2240117750320751,0.2291976267998997,rephrased
cf:outcome_history:fresh_contexts:debugging:bg2:pattern0:outcome_history:continue_y,fresh_contexts:debugging:bg2:pattern0:outcome_history,outcome_history,history_isolated,primary,fresh_contexts:debugging:bg2:pattern0:outcome_history:member-1-m1,fresh_contexts:debugging:bg2:pattern0:outcome_history:member1-m1,debugging,continue_y,mech_pair_test,-2.19,-1.21,0.98,True,False,2,0,0.25,0.1780152531453933,0.2240117750320751,0.2291976267998997,rephrased
cf:outcome_history:fresh_contexts:debugging:bg2:pattern1:outcome_history:continue_x,fresh_contexts:debugging:bg2:pattern1:outcome_history,outcome_history,history_isolated,primary,fresh_contexts:debugging:bg2:pattern1:outcome_history:member-1-m0,fresh_contexts:debugging:bg2:pattern1:outcome_history:member1-m0,debugging,continue_x,mech_pair_test,2.7731,0.6269,-2.1462,True,False,2,1,-0.125,-0.3898534043884114,-0.4905857873202445,-0.5019428026917804,rephrased
cf:outcome_history:fresh_contexts:debugging:bg2:pattern1:outcome_history:continue_y,fresh_contexts:debugging:bg2:pattern1:outcome_history,outcome_history,history_isolated,primary,fresh_contexts:debugging:bg2:pattern1:outcome_history:member-1-m1,fresh_contexts:debugging:bg2:pattern1:outcome_history:member1-m1,debugging,continue_y,mech_pair_test,2.7731,0.6269,-2.1462,True,False,2,1,-0.125,-0.3898534043884112,-0.4905857873202442,-0.5019428026917802,rephrased
cf:outcome_history:fresh_contexts:debugging:bg3:pattern0:outcome_history:continue_x,fresh_contexts:debugging:bg3:pattern0:outcome_history,outcome_history,history_isolated,primary,fresh_contexts:debugging:bg3:pattern0:outcome_history:member-1-m0,fresh_contexts:debugging:bg3:pattern0:outcome_history:member1-m0,debugging,continue_x,mech_pair_test,-2.19,-1.21,0.98,True,False,3,0,0.5,0.1780152531453932,0.224011775032075,0.2291976267998995,rephrased
cf:outcome_history:fresh_contexts:debugging:bg3:pattern0:outcome_history:continue_y,fresh_contexts:debugging:bg3:pattern0:outcome_history,outcome_history,history_isolated,primary,fresh_contexts:debugging:bg3:pattern0:outcome_history:member-1-m1,fresh_contexts:debugging:bg3:pattern0:outcome_history:member1-m1,debugging,continue_y,mech_pair_test,-2.19,-1.21,0.98,True,False,3,0,0.25,0.1780152531453935,0.2240117750320754,0.2291976267999,rephrased
cf:outcome_history:fresh_contexts:debugging:bg3:pattern1:outcome_history:continue_x,fresh_contexts:debugging:bg3:pattern1:outcome_history,outcome_history,history_isolated,primary,fresh_contexts:debugging:bg3:pattern1:outcome_history:member-1-m0,fresh_contexts:debugging:bg3:pattern1:outcome_history:member1-m0,debugging,continue_x,mech_pair_test,2.7731,0.6269,-2.1462,True,False,3,1,-0.375,-0.3898534043884115,-0.4905857873202447,-0.5019428026917806,rephrased
cf:outcome_history:fresh_contexts:debugging:bg3:pattern1:outcome_history:continue_y,fresh_contexts:debugging:bg3:pattern1:outcome_history,outcome_history,history_isolated,primary,fresh_contexts:debugging:bg3:pattern1:outcome_history:member-1-m1,fresh_contexts:debugging:bg3:pattern1:outcome_history:member1-m1,debugging,continue_y,mech_pair_test,2.7731,0.6269,-2.1462,True,False,3,1,-0.625,-0.3898534043884113,-0.4905857873202444,-0.5019428026917803,rephrased
cf:outcome_history:fresh_contexts:effort:bg0:pattern0:outcome_history:continue_x,fresh_contexts:effort:bg0:pattern0:outcome_history,outcome_history,history_isolated,primary,fresh_contexts:effort:bg0:pattern0:outcome_history:member-1-m0,fresh_contexts:effort:bg0:pattern0:outcome_history:member1-m0,effort,continue_x,mech_task_holdout,-2.19,-1.21,0.98,True,False,0,0,0.875,0.1402385201476874,0.1764740901191019,0.1671685301898297,rephrased
cf:outcome_history:fresh_contexts:effort:bg0:pattern0:outcome_history:continue_y,fresh_contexts:effort:bg0:pattern0:outcome_history,outcome_history,history_isolated,primary,fresh_contexts:effort:bg0:pattern0:outcome_history:member-1-m1,fresh_contexts:effort:bg0:pattern0:outcome_history:member1-m1,effort,continue_y,mech_task_holdout,-2.19,-1.21,0.98,True,False,0,0,0.375,0.1402385201476874,0.1764740901191019,0.1671685301898297,rephrased
cf:outcome_history:fresh_contexts:effort:bg0:pattern1:outcome_history:continue_x,fresh_contexts:effort:bg0:pattern1:outcome_history,outcome_history,history_isolated,primary,fresh_contexts:effort:bg0:pattern1:outcome_history:member-1-m0,fresh_contexts:effort:bg0:pattern1:outcome_history:member1-m0,effort,continue_x,mech_task_holdout,2.7731,0.6269,-2.1462,True,False,0,1,0.0,-0.307122359123436,-0.3864782573608339,-0.3660990811157276,rephrased
cf:outcome_history:fresh_contexts:effort:bg0:pattern1:outcome_history:continue_y,fresh_contexts:effort:bg0:pattern1:outcome_history,outcome_history,history_isolated,primary,fresh_contexts:effort:bg0:pattern1:outcome_history:member-1-m1,fresh_contexts:effort:bg0:pattern1:outcome_history:member1-m1,effort,continue_y,mech_task_holdout,2.7731,0.6269,-2.1462,True,False,0,1,-0.125,-0.3071223591234362,-0.3864782573608342,-0.3660990811157278,rephrased
cf:outcome_history:fresh_contexts:effort:bg1:pattern0:outcome_history:continue_x,fresh_contexts:effort:bg1:pattern0:outcome_history,outcome_history,history_isolated,primary,fresh_contexts:effort:bg1:pattern0:outcome_history:member-1-m0,fresh_contexts:effort:bg1:pattern0:outcome_history:member1-m0,effort,continue_x,mech_task_holdout,-2.19,-1.21,0.98,True,False,1,0,0.75,0.1402385201476876,0.1764740901191022,0.1671685301898299,rephrased
cf:outcome_history:fresh_contexts:effort:bg1:pattern0:outcome_history:continue_y,fresh_contexts:effort:bg1:pattern0:outcome_history,outcome_history,history_isolated,primary,fresh_contexts:effort:bg1:pattern0:outcome_history:member-1-m1,fresh_contexts:effort:bg1:pattern0:outcome_history:member1-m1,effort,continue_y,mech_task_holdout,-2.19,-1.21,0.98,True,False,1,0,0.375,0.1402385201476876,0.1764740901191022,0.1671685301898299,rephrased
cf:outcome_history:fresh_contexts:effort:bg1:pattern1:outcome_history:continue_x,fresh_contexts:effort:bg1:pattern1:outcome_history,outcome_history,history_isolated,primary,fresh_contexts:effort:bg1:pattern1:outcome_history:member-1-m0,fresh_contexts:effort:bg1:pattern1:outcome_history:member1-m0,effort,continue_x,mech_task_holdout,2.7731,0.6269,-2.1462,True,False,1,1,-0.125,-0.3071223591234369,-0.3864782573608351,-0.3660990811157286,rephrased
cf:outcome_history:fresh_contexts:effort:bg1:pattern1:outcome_history:continue_y,fresh_contexts:effort:bg1:pattern1:outcome_history,outcome_history,history_isolated,primary,fresh_contexts:effort:bg1:pattern1:outcome_history:member-1-m1,fresh_contexts:effort:bg1:pattern1:outcome_history:member1-m1,effort,continue_y,mech_task_holdout,2.7731,0.6269,-2.1462,True,False,1,1,-0.125,-0.3071223591234364,-0.3864782573608345,-0.3660990811157281,rephrased
cf:outcome_history:fresh_contexts:effort:bg2:pattern0:outcome_history:continue_x,fresh_contexts:effort:bg2:pattern0:outcome_history,outcome_history,history_isolated,primary,fresh_contexts:effort:bg2:pattern0:outcome_history:member-1-m0,fresh_contexts:effort:bg2:pattern0:outcome_history:member1-m0,effort,continue_x,mech_task_holdout,-2.19,-1.21,0.98,True,False,2,0,0.75,0.1402385201476874,0.1764740901191019,0.1671685301898297,rephrased
cf:outcome_history:fresh_contexts:effort:bg2:pattern0:outcome_history:continue_y,fresh_contexts:effort:bg2:pattern0:outcome_history,outcome_history,history_isolated,primary,fresh_contexts:effort:bg2:pattern0:outcome_history:member-1-m1,fresh_contexts:effort:bg2:pattern0:outcome_history:member1-m1,effort,continue_y,mech_task_holdout,-2.19,-1.21,0.98,True,False,2,0,0.5,0.1402385201476879,0.1764740901191025,0.1671685301898302,rephrased
cf:outcome_history:fresh_contexts:effort:bg2:pattern1:outcome_history:continue_x,fresh_contexts:effort:bg2:pattern1:outcome_history,outcome_history,history_isolated,primary,fresh_contexts:effort:bg2:pattern1:outcome_history:member-1-m0,fresh_contexts:effort:bg2:pattern1:outcome_history:member1-m0,effort,continue_x,mech_task_holdout,2.7731,0.6269,-2.1462,True,False,2,1,-0.25,-0.3071223591234358,-0.3864782573608337,-0.3660990811157273,rephrased
cf:outcome_history:fresh_contexts:effort:bg2:pattern1:outcome_history:continue_y,fresh_contexts:effort:bg2:pattern1:outcome_history,outcome_history,history_isolated,primary,fresh_contexts:effort:bg2:pattern1:outcome_history:member-1-m1,fresh_contexts:effort:bg2:pattern1:outcome_history:member1-m1,effort,continue_y,mech_task_holdout,2.7731,0.6269,-2.1462,True,False,2,1,-0.25,-0.3071223591234355,-0.3864782573608334,-0.3660990811157271,rephrased
cf:outcome_history:fresh_contexts:effort:bg3:pattern0:outcome_history:continue_x,fresh_contexts:effort:bg3:pattern0:outcome_history,outcome_history,history_isolated,primary,fresh_contexts:effort:bg3:pattern0:outcome_history:member-1-m0,fresh_contexts:effort:bg3:pattern0:outcome_history:member1-m0,effort,continue_x,mech_task_holdout,-2.19,-1.21,0.98,True,False,3,0,0.75,0.1402385201476872,0.1764740901191017,0.1671685301898294,rephrased
cf:outcome_history:fresh_contexts:effort:bg3:pattern0:outcome_history:continue_y,fresh_contexts:effort:bg3:pattern0:outcome_history,outcome_history,history_isolated,primary,fresh_contexts:effort:bg3:pattern0:outcome_history:member-1-m1,fresh_contexts:effort:bg3:pattern0:outcome_history:member1-m1,effort,continue_y,mech_task_holdout,-2.19,-1.21,0.98,True,False,3,0,0.625,0.1402385201476872,0.1764740901191017,0.1671685301898294,rephrased
cf:outcome_history:fresh_contexts:effort:bg3:pattern1:outcome_history:continue_x,fresh_contexts:effort:bg3:pattern1:outcome_history,outcome_history,history_isolated,primary,fresh_contexts:effort:bg3:pattern1:outcome_history:member-1-m0,fresh_contexts:effort:bg3:pattern1:outcome_history:member1-m0,effort,continue_x,mech_task_holdout,2.7731,0.6269,-2.1462,True,False,3,1,-0.125,-0.3071223591234354,-0.3864782573608332,-0.3660990811157269,rephrased
cf:outcome_history:fresh_contexts:effort:bg3:pattern1:outcome_history:continue_y,fresh_contexts:effort:bg3:pattern1:outcome_history,outcome_history,history_isolated,primary,fresh_contexts:effort:bg3:pattern1:outcome_history:member-1-m1,fresh_contexts:effort:bg3:pattern1:outcome_history:member1-m1,effort,continue_y,mech_task_holdout,2.7731,0.6269,-2.1462,True,False,3,1,-0.5,-0.3071223591234355,-0.3864782573608334,-0.3660990811157271,rephrased
cf:outcome_history:fresh_contexts:foraging:bg0:pattern0:outcome_history:continue_x,fresh_contexts:foraging:bg0:pattern0:outcome_history,outcome_history,history_isolated,primary,fresh_contexts:foraging:bg0:pattern0:outcome_history:member-1-m0,fresh_contexts:foraging:bg0:pattern0:outcome_history:member1-m0,foraging,continue_x,mech_pair_test,-2.19,-1.21,0.98,True,False,0,0,0.5,0.1491284699727645,0.1876610721617873,0.1923616130971423,rephrased
cf:outcome_history:fresh_contexts:foraging:bg0:pattern0:outcome_history:continue_y,fresh_contexts:foraging:bg0:pattern0:outcome_history,outcome_history,history_isolated,primary,fresh_contexts:foraging:bg0:pattern0:outcome_history:member-1-m1,fresh_contexts:foraging:bg0:pattern0:outcome_history:member1-m1,foraging,continue_y,mech_pair_test,-2.19,-1.21,0.98,True,False,0,0,0.25,0.1491284699727645,0.1876610721617873,0.1923616130971423,rephrased
cf:outcome_history:fresh_contexts:foraging:bg0:pattern1:outcome_history:continue_x,fresh_contexts:foraging:bg0:pattern1:outcome_history,outcome_history,history_isolated,primary,fresh_contexts:foraging:bg0:pattern1:outcome_history:member-1-m0,fresh_contexts:foraging:bg0:pattern1:outcome_history:member1-m0,foraging,continue_x,mech_pair_test,2.7731,0.6269,-2.1462,True,False,0,1,-0.5,-0.3265913492403553,-0.4109777480343155,-0.421271932682743,rephrased
cf:outcome_history:fresh_contexts:foraging:bg0:pattern1:outcome_history:continue_y,fresh_contexts:foraging:bg0:pattern1:outcome_history,outcome_history,history_isolated,primary,fresh_contexts:foraging:bg0:pattern1:outcome_history:member-1-m1,fresh_contexts:foraging:bg0:pattern1:outcome_history:member1-m1,foraging,continue_y,mech_pair_test,2.7731,0.6269,-2.1462,True,False,0,1,-0.625,-0.3265913492403554,-0.4109777480343156,-0.421271932682743,rephrased
cf:outcome_history:fresh_contexts:foraging:bg1:pattern0:outcome_history:continue_x,fresh_contexts:foraging:bg1:pattern0:outcome_history,outcome_history,history_isolated,primary,fresh_contexts:foraging:bg1:pattern0:outcome_history:member-1-m0,fresh_contexts:foraging:bg1:pattern0:outcome_history:member1-m0,foraging,continue_x,mech_pair_test,-2.19,-1.21,0.98,True,False,1,0,0.625,0.1491284699727651,0.1876610721617881,0.1923616130971431,rephrased
cf:outcome_history:fresh_contexts:foraging:bg1:pattern0:outcome_history:continue_y,fresh_contexts:foraging:bg1:pattern0:outcome_history,outcome_history,history_isolated,primary,fresh_contexts:foraging:bg1:pattern0:outcome_history:member-1-m1,fresh_contexts:foraging:bg1:pattern0:outcome_history:member1-m1,foraging,continue_y,mech_pair_test,-2.19,-1.21,0.98,True,False,1,0,0.375,0.1491284699727651,0.1876610721617881,0.1923616130971431,rephrased
cf:outcome_history:fresh_contexts:foraging:bg1:pattern1:outcome_history:continue_x,fresh_contexts:foraging:bg1:pattern1:outcome_history,outcome_history,history_isolated,primary,fresh_contexts:foraging:bg1:pattern1:outcome_history:member-1-m0,fresh_contexts:foraging:bg1:pattern1:outcome_history:member1-m0,foraging,continue_x,mech_pair_test,2.7731,0.6269,-2.1462,True,False,1,1,-0.625,-0.3265913492403555,-0.4109777480343157,-0.4212719326827432,rephrased
cf:outcome_history:fresh_contexts:foraging:bg1:pattern1:outcome_history:continue_y,fresh_contexts:foraging:bg1:pattern1:outcome_history,outcome_history,history_isolated,primary,fresh_contexts:foraging:bg1:pattern1:outcome_history:member-1-m1,fresh_contexts:foraging:bg1:pattern1:outcome_history:member1-m1,foraging,continue_y,mech_pair_test,2.7731,0.6269,-2.1462,True,False,1,1,-0.875,-0.3265913492403552,-0.4109777480343154,-0.4212719326827428,rephrased
cf:outcome_history:fresh_contexts:foraging:bg2:pattern0:outcome_history:continue_x,fresh_contexts:foraging:bg2:pattern0:outcome_history,outcome_history,history_isolated,primary,fresh_contexts:foraging:bg2:pattern0:outcome_history:member-1-m0,fresh_contexts:foraging:bg2:pattern0:outcome_history:member1-m0,foraging,continue_x,mech_pair_test,-2.19,-1.21,0.98,True,False,2,0,0.375,0.1491284699727648,0.1876610721617877,0.1923616130971427,rephrased
cf:outcome_history:fresh_contexts:foraging:bg2:pattern0:outcome_history:continue_y,fresh_contexts:foraging:bg2:pattern0:outcome_history,outcome_history,history_isolated,primary,fresh_contexts:foraging:bg2:pattern0:outcome_history:member-1-m1,fresh_contexts:foraging:bg2:pattern0:outcome_history:member1-m1,foraging,continue_y,mech_pair_test,-2.19,-1.21,0.98,True,False,2,0,0.125,0.1491284699727648,0.1876610721617877,0.1923616130971427,rephrased
cf:outcome_history:fresh_contexts:foraging:bg2:pattern1:outcome_history:continue_x,fresh_contexts:foraging:bg2:pattern1:outcome_history,outcome_history,history_isolated,primary,fresh_contexts:foraging:bg2:pattern1:outcome_history:member-1-m0,fresh_contexts:foraging:bg2:pattern1:outcome_history:member1-m0,foraging,continue_x,mech_pair_test,2.7731,0.6269,-2.1462,True,False,2,1,0.0,-0.3265913492403549,-0.410977748034315,-0.4212719326827425,rephrased
cf:outcome_history:fresh_contexts:foraging:bg2:pattern1:outcome_history:continue_y,fresh_contexts:foraging:bg2:pattern1:outcome_history,outcome_history,history_isolated,primary,fresh_contexts:foraging:bg2:pattern1:outcome_history:member-1-m1,fresh_contexts:foraging:bg2:pattern1:outcome_history:member1-m1,foraging,continue_y,mech_pair_test,2.7731,0.6269,-2.1462,True,False,2,1,-0.125,-0.3265913492403558,-0.4109777480343161,-0.4212719326827436,rephrased
cf:outcome_history:fresh_contexts:foraging:bg3:pattern0:outcome_history:continue_x,fresh_contexts:foraging:bg3:pattern0:outcome_history,outcome_history,history_isolated,primary,fresh_contexts:foraging:bg3:pattern0:outcome_history:member-1-m0,fresh_contexts:foraging:bg3:pattern0:outcome_history:member1-m0,foraging,continue_x,mech_pair_test,-2.19,-1.21,0.98,True,False,3,0,0.75,0.1491284699727648,0.1876610721617878,0.1923616130971427,rephrased
cf:outcome_history:fresh_contexts:foraging:bg3:pattern0:outcome_history:continue_y,fresh_contexts:foraging:bg3:pattern0:outcome_history,outcome_history,history_isolated,primary,fresh_contexts:foraging:bg3:pattern0:outcome_history:member-1-m1,fresh_contexts:foraging:bg3:pattern0:outcome_history:member1-m1,foraging,continue_y,mech_pair_test,-2.19,-1.21,0.98,True,False,3,0,0.5,0.1491284699727648,0.1876610721617876,0.1923616130971426,rephrased
cf:outcome_history:fresh_contexts:foraging:bg3:pattern1:outcome_history:continue_x,fresh_contexts:foraging:bg3:pattern1:outcome_history,outcome_history,history_isolated,primary,fresh_contexts:foraging:bg3:pattern1:outcome_history:member-1-m0,fresh_contexts:foraging:bg3:pattern1:outcome_history:member1-m0,foraging,continue_x,mech_pair_test,2.7731,0.6269,-2.1462,True,False,3,1,-0.75,-0.3265913492403557,-0.410977748034316,-0.4212719326827435,rephrased
cf:outcome_history:fresh_contexts:foraging:bg3:pattern1:outcome_history:continue_y,fresh_contexts:foraging:bg3:pattern1:outcome_history,outcome_history,history_isolated,primary,fresh_contexts:foraging:bg3:pattern1:outcome_history:member-1-m1,fresh_contexts:foraging:bg3:pattern1:outcome_history:member1-m1,foraging,continue_y,mech_pair_test,2.7731,0.6269,-2.1462,True,False,3,1,-0.875,-0.3265913492403558,-0.4109777480343161,-0.4212719326827436,rephrased
cf:outcome_history:fresh_contexts:information_sampling:bg0:pattern0:outcome_history:continue_x,fresh_contexts:information_sampling:bg0:pattern0:outcome_history,outcome_history,history_isolated,primary,fresh_contexts:information_sampling:bg0:pattern0:outcome_history:member-1-m0,fresh_contexts:information_sampling:bg0:pattern0:outcome_history:member1-m0,information_sampling,continue_x,mech_task_holdout,-2.19,-1.21,0.98,True,False,0,0,0.375,0.0246425660896907,0.0310098425475272,0.0305952098252228,rephrased
cf:outcome_history:fresh_contexts:information_sampling:bg0:pattern0:outcome_history:continue_y,fresh_contexts:information_sampling:bg0:pattern0:outcome_history,outcome_history,history_isolated,primary,fresh_contexts:information_sampling:bg0:pattern0:outcome_history:member-1-m1,fresh_contexts:information_sampling:bg0:pattern0:outcome_history:member1-m1,information_sampling,continue_y,mech_task_holdout,-2.19,-1.21,0.98,True,False,0,0,0.0,0.0246425660896907,0.0310098425475272,0.0305952098252228,rephrased
cf:outcome_history:fresh_contexts:information_sampling:bg0:pattern1:outcome_history:continue_x,fresh_contexts:information_sampling:bg0:pattern1:outcome_history,outcome_history,history_isolated,primary,fresh_contexts:information_sampling:bg0:pattern1:outcome_history:member-1-m0,fresh_contexts:information_sampling:bg0:pattern1:outcome_history:member1-m0,information_sampling,continue_x,mech_task_holdout,2.7731,0.6269,-2.1462,True,False,0,1,-0.25,-0.053967219736422,-0.0679115551790837,-0.0670035095172371,rephrased
cf:outcome_history:fresh_contexts:information_sampling:bg0:pattern1:outcome_history:continue_y,fresh_contexts:information_sampling:bg0:pattern1:outcome_history,outcome_history,history_isolated,primary,fresh_contexts:information_sampling:bg0:pattern1:outcome_history:member-1-m1,fresh_contexts:information_sampling:bg0:pattern1:outcome_history:member1-m1,information_sampling,continue_y,mech_task_holdout,2.7731,0.6269,-2.1462,True,False,0,1,-0.125,-0.053967219736422,-0.0679115551790837,-0.0670035095172371,rephrased
cf:outcome_history:fresh_contexts:information_sampling:bg1:pattern0:outcome_history:continue_x,fresh_contexts:information_sampling:bg1:pattern0:outcome_history,outcome_history,history_isolated,primary,fresh_contexts:information_sampling:bg1:pattern0:outcome_history:member-1-m0,fresh_contexts:information_sampling:bg1:pattern0:outcome_history:member1-m0,information_sampling,continue_x,mech_task_holdout,-2.19,-1.21,0.98,True,False,1,0,0.25,0.0246425660896905,0.0310098425475269,0.0305952098252225,rephrased
cf:outcome_history:fresh_contexts:information_sampling:bg1:pattern0:outcome_history:continue_y,fresh_contexts:information_sampling:bg1:pattern0:outcome_history,outcome_history,history_isolated,primary,fresh_contexts:information_sampling:bg1:pattern0:outcome_history:member-1-m1,fresh_contexts:information_sampling:bg1:pattern0:outcome_history:member1-m1,information_sampling,continue_y,mech_task_holdout,-2.19,-1.21,0.98,True,False,1,0,0.25,0.0246425660896909,0.0310098425475274,0.030595209825223,rephrased
cf:outcome_history:fresh_contexts:information_sampling:bg1:pattern1:outcome_history:continue_x,fresh_contexts:information_sampling:bg1:pattern1:outcome_history,outcome_history,history_isolated,primary,fresh_contexts:information_sampling:bg1:pattern1:outcome_history:member-1-m0,fresh_contexts:information_sampling:bg1:pattern1:outcome_history:member1-m0,information_sampling,continue_x,mech_task_holdout,2.7731,0.6269,-2.1462,True,False,1,1,-0.25,-0.0539672197364222,-0.067911555179084,-0.0670035095172374,rephrased
cf:outcome_history:fresh_contexts:information_sampling:bg1:pattern1:outcome_history:continue_y,fresh_contexts:information_sampling:bg1:pattern1:outcome_history,outcome_history,history_isolated,primary,fresh_contexts:information_sampling:bg1:pattern1:outcome_history:member-1-m1,fresh_contexts:information_sampling:bg1:pattern1:outcome_history:member1-m1,information_sampling,continue_y,mech_task_holdout,2.7731,0.6269,-2.1462,True,False,1,1,0.0,-0.053967219736422,-0.0679115551790837,-0.0670035095172371,rephrased
cf:outcome_history:fresh_contexts:information_sampling:bg2:pattern0:outcome_history:continue_x,fresh_contexts:information_sampling:bg2:pattern0:outcome_history,outcome_history,history_isolated,primary,fresh_contexts:information_sampling:bg2:pattern0:outcome_history:member-1-m0,fresh_contexts:information_sampling:bg2:pattern0:outcome_history:member1-m0,information_sampling,continue_x,mech_task_holdout,-2.19,-1.21,0.98,True,False,2,0,0.875,0.02464256608969,0.0310098425475263,0.0305952098252219,rephrased
cf:outcome_history:fresh_contexts:information_sampling:bg2:pattern0:outcome_history:continue_y,fresh_contexts:information_sampling:bg2:pattern0:outcome_history,outcome_history,history_isolated,primary,fresh_contexts:information_sampling:bg2:pattern0:outcome_history:member-1-m1,fresh_contexts:information_sampling:bg2:pattern0:outcome_history:member1-m1,information_sampling,continue_y,mech_task_holdout,-2.19,-1.21,0.98,True,False,2,0,0.5,0.0246425660896902,0.0310098425475266,0.0305952098252222,rephrased
cf:outcome_history:fresh_contexts:information_sampling:bg2:pattern1:outcome_history:continue_x,fresh_contexts:information_sampling:bg2:pattern1:outcome_history,outcome_history,history_isolated,primary,fresh_contexts:information_sampling:bg2:pattern1:outcome_history:member-1-m0,fresh_contexts:information_sampling:bg2:pattern1:outcome_history:member1-m0,information_sampling,continue_x,mech_task_holdout,2.7731,0.6269,-2.1462,True,False,2,1,0.0,-0.053967219736422,-0.0679115551790837,-0.0670035095172371,rephrased
cf:outcome_history:fresh_contexts:information_sampling:bg2:pattern1:outcome_history:continue_y,fresh_contexts:information_sampling:bg2:pattern1:outcome_history,outcome_history,history_isolated,primary,fresh_contexts:information_sampling:bg2:pattern1:outcome_history:member-1-m1,fresh_contexts:information_sampling:bg2:pattern1:outcome_history:member1-m1,information_sampling,continue_y,mech_task_holdout,2.7731,0.6269,-2.1462,True,False,2,1,-0.125,-0.0539672197364218,-0.0679115551790834,-0.0670035095172368,rephrased
cf:outcome_history:fresh_contexts:information_sampling:bg3:pattern0:outcome_history:continue_x,fresh_contexts:information_sampling:bg3:pattern0:outcome_history,outcome_history,history_isolated,primary,fresh_contexts:information_sampling:bg3:pattern0:outcome_history:member-1-m0,fresh_contexts:information_sampling:bg3:pattern0:outcome_history:member1-m0,information_sampling,continue_x,mech_task_holdout,-2.19,-1.21,0.98,True,False,3,0,0.5,0.0246425660896907,0.0310098425475272,0.0305952098252228,rephrased
cf:outcome_history:fresh_contexts:information_sampling:bg3:pattern0:outcome_history:continue_y,fresh_contexts:information_sampling:bg3:pattern0:outcome_history,outcome_history,history_isolated,primary,fresh_contexts:information_sampling:bg3:pattern0:outcome_history:member-1-m1,fresh_contexts:information_sampling:bg3:pattern0:outcome_history:member1-m1,information_sampling,continue_y,mech_task_holdout,-2.19,-1.21,0.98,True,False,3,0,0.125,0.0246425660896907,0.0310098425475272,0.0305952098252228,rephrased
cf:outcome_history:fresh_contexts:information_sampling:bg3:pattern1:outcome_history:continue_x,fresh_contexts:information_sampling:bg3:pattern1:outcome_history,outcome_history,history_isolated,primary,fresh_contexts:information_sampling:bg3:pattern1:outcome_history:member-1-m0,fresh_contexts:information_sampling:bg3:pattern1:outcome_history:member1-m0,information_sampling,continue_x,mech_task_holdout,2.7731,0.6269,-2.1462,True,False,3,1,-0.125,-0.0539672197364224,-0.0679115551790843,-0.0670035095172377,rephrased
cf:outcome_history:fresh_contexts:information_sampling:bg3:pattern1:outcome_history:continue_y,fresh_contexts:information_sampling:bg3:pattern1:outcome_history,outcome_history,history_isolated,primary,fresh_contexts:information_sampling:bg3:pattern1:outcome_history:member-1-m1,fresh_contexts:information_sampling:bg3:pattern1:outcome_history:member1-m1,information_sampling,continue_y,mech_task_holdout,2.7731,0.6269,-2.1462,True,False,3,1,-0.125,-0.0539672197364222,-0.067911555179084,-0.0670035095172374,rephrased
cf:outcome_history:fresh_contexts:solvability:bg0:pattern0:outcome_history:continue_x,fresh_contexts:solvability:bg0:pattern0:outcome_history,outcome_history,history_isolated,primary,fresh_contexts:solvability:bg0:pattern0:outcome_history:member-1-m0,fresh_contexts:solvability:bg0:pattern0:outcome_history:member1-m0,solvability,continue_x,mech_pair_test,-2.19,-1.21,0.98,True,False,0,0,0.625,0.2672347545782574,0.3362842827543711,0.3161335253634926,rephrased
cf:outcome_history:fresh_contexts:solvability:bg0:pattern0:outcome_history:continue_y,fresh_contexts:solvability:bg0:pattern0:outcome_history,outcome_history,history_isolated,primary,fresh_contexts:solvability:bg0:pattern0:outcome_history:member-1-m1,fresh_contexts:solvability:bg0:pattern0:outcome_history:member1-m1,solvability,continue_y,mech_pair_test,-2.19,-1.21,0.98,True,False,0,0,0.625,0.2672347545782576,0.3362842827543714,0.3161335253634929,rephrased
cf:outcome_history:fresh_contexts:solvability:bg0:pattern1:outcome_history:continue_x,fresh_contexts:solvability:bg0:pattern1:outcome_history,outcome_history,history_isolated,primary,fresh_contexts:solvability:bg0:pattern1:outcome_history:member-1-m0,fresh_contexts:solvability:bg0:pattern1:outcome_history:member1-m0,solvability,continue_x,mech_pair_test,2.7731,0.6269,-2.1462,True,False,0,1,-0.75,-0.5852441125263841,-0.7364625792320733,-0.6923324205460493,rephrased
cf:outcome_history:fresh_contexts:solvability:bg0:pattern1:outcome_history:continue_y,fresh_contexts:solvability:bg0:pattern1:outcome_history,outcome_history,history_isolated,primary,fresh_contexts:solvability:bg0:pattern1:outcome_history:member-1-m1,fresh_contexts:solvability:bg0:pattern1:outcome_history:member1-m1,solvability,continue_y,mech_pair_test,2.7731,0.6269,-2.1462,True,False,0,1,-1.0,-0.5852441125263841,-0.7364625792320733,-0.6923324205460493,rephrased
cf:outcome_history:fresh_contexts:solvability:bg1:pattern0:outcome_history:continue_x,fresh_contexts:solvability:bg1:pattern0:outcome_history,outcome_history,history_isolated,primary,fresh_contexts:solvability:bg1:pattern0:outcome_history:member-1-m0,fresh_contexts:solvability:bg1:pattern0:outcome_history:member1-m0,solvability,continue_x,mech_pair_test,-2.19,-1.21,0.98,True,False,1,0,0.625,0.2672347545782577,0.3362842827543715,0.316133525363493,rephrased
cf:outcome_history:fresh_contexts:solvability:bg1:pattern0:outcome_history:continue_y,fresh_contexts:solvability:bg1:pattern0:outcome_history,outcome_history,history_isolated,primary,fresh_contexts:solvability:bg1:pattern0:outcome_history:member-1-m1,fresh_contexts:solvability:bg1:pattern0:outcome_history:member1-m1,solvability,continue_y,mech_pair_test,-2.19,-1.21,0.98,True,False,1,0,0.625,0.2672347545782577,0.3362842827543715,0.316133525363493,rephrased
cf:outcome_history:fresh_contexts:solvability:bg1:pattern1:outcome_history:continue_x,fresh_contexts:solvability:bg1:pattern1:outcome_history,outcome_history,history_isolated,primary,fresh_contexts:solvability:bg1:pattern1:outcome_history:member-1-m0,fresh_contexts:solvability:bg1:pattern1:outcome_history:member1-m0,solvability,continue_x,mech_pair_test,2.7731,0.6269,-2.1462,True,False,1,1,-0.75,-0.5852441125263845,-0.7364625792320738,-0.6923324205460498,rephrased
cf:outcome_history:fresh_contexts:solvability:bg1:pattern1:outcome_history:continue_y,fresh_contexts:solvability:bg1:pattern1:outcome_history,outcome_history,history_isolated,primary,fresh_contexts:solvability:bg1:pattern1:outcome_history:member-1-m1,fresh_contexts:solvability:bg1:pattern1:outcome_history:member1-m1,solvability,continue_y,mech_pair_test,2.7731,0.6269,-2.1462,True,False,1,1,-0.75,-0.5852441125263843,-0.7364625792320735,-0.6923324205460496,rephrased
cf:outcome_history:fresh_contexts:solvability:bg2:pattern0:outcome_history:continue_x,fresh_contexts:solvability:bg2:pattern0:outcome_history,outcome_history,history_isolated,primary,fresh_contexts:solvability:bg2:pattern0:outcome_history:member-1-m0,fresh_contexts:solvability:bg2:pattern0:outcome_history:member1-m0,solvability,continue_x,mech_pair_test,-2.19,-1.21,0.98,True,False,2,0,0.375,0.2672347545782578,0.3362842827543716,0.3161335253634931,rephrased
cf:outcome_history:fresh_contexts:solvability:bg2:pattern0:outcome_history:continue_y,fresh_contexts:solvability:bg2:pattern0:outcome_history,outcome_history,history_isolated,primary,fresh_contexts:solvability:bg2:pattern0:outcome_history:member-1-m1,fresh_contexts:solvability:bg2:pattern0:outcome_history:member1-m1,solvability,continue_y,mech_pair_test,-2.19,-1.21,0.98,True,False,2,0,0.375,0.2672347545782576,0.3362842827543714,0.3161335253634929,rephrased
cf:outcome_history:fresh_contexts:solvability:bg2:pattern1:outcome_history:continue_x,fresh_contexts:solvability:bg2:pattern1:outcome_history,outcome_history,history_isolated,primary,fresh_contexts:solvability:bg2:pattern1:outcome_history:member-1-m0,fresh_contexts:solvability:bg2:pattern1:outcome_history:member1-m0,solvability,continue_x,mech_pair_test,2.7731,0.6269,-2.1462,True,False,2,1,0.125,-0.5852441125263843,-0.7364625792320735,-0.6923324205460496,rephrased
cf:outcome_history:fresh_contexts:solvability:bg2:pattern1:outcome_history:continue_y,fresh_contexts:solvability:bg2:pattern1:outcome_history,outcome_history,history_isolated,primary,fresh_contexts:solvability:bg2:pattern1:outcome_history:member-1-m1,fresh_contexts:solvability:bg2:pattern1:outcome_history:member1-m1,solvability,continue_y,mech_pair_test,2.7731,0.6269,-2.1462,True,False,2,1,0.125,-0.5852441125263841,-0.7364625792320733,-0.6923324205460493,rephrased
cf:outcome_history:fresh_contexts:solvability:bg3:pattern0:outcome_history:continue_x,fresh_contexts:solvability:bg3:pattern0:outcome_history,outcome_history,history_isolated,primary,fresh_contexts:solvability:bg3:pattern0:outcome_history:member-1-m0,fresh_contexts:solvability:bg3:pattern0:outcome_history:member1-m0,solvability,continue_x,mech_pair_test,-2.19,-1.21,0.98,True,False,3,0,0.5,0.2672347545782574,0.3362842827543711,0.3161335253634926,rephrased
cf:outcome_history:fresh_contexts:solvability:bg3:pattern0:outcome_history:continue_y,fresh_contexts:solvability:bg3:pattern0:outcome_history,outcome_history,history_isolated,primary,fresh_contexts:solvability:bg3:pattern0:outcome_history:member-1-m1,fresh_contexts:solvability:bg3:pattern0:outcome_history:member1-m1,solvability,continue_y,mech_pair_test,-2.19,-1.21,0.98,True,False,3,0,0.5,0.2672347545782576,0.3362842827543714,0.3161335253634929,rephrased
cf:outcome_history:fresh_contexts:solvability:bg3:pattern1:outcome_history:continue_x,fresh_contexts:solvability:bg3:pattern1:outcome_history,outcome_history,history_isolated,primary,fresh_contexts:solvability:bg3:pattern1:outcome_history:member-1-m0,fresh_contexts:solvability:bg3:pattern1:outcome_history:member1-m0,solvability,continue_x,mech_pair_test,2.7731,0.6269,-2.1462,True,False,3,1,-0.875,-0.5852441125263843,-0.7364625792320735,-0.6923324205460496,rephrased
cf:outcome_history:fresh_contexts:solvability:bg3:pattern1:outcome_history:continue_y,fresh_contexts:solvability:bg3:pattern1:outcome_history,outcome_history,history_isolated,primary,fresh_contexts:solvability:bg3:pattern1:outcome_history:member-1-m1,fresh_contexts:solvability:bg3:pattern1:outcome_history:member1-m1,solvability,continue_y,mech_pair_test,2.7731,0.6269,-2.1462,True,False,3,1,-1.25,-0.5852441125263841,-0.7364625792320733,-0.6923324205460493,rephrased
cf:outcome_history:fresh_contexts:waiting:bg0:pattern0:outcome_history:continue_x,fresh_contexts:waiting:bg0:pattern0:outcome_history,outcome_history,history_isolated,primary,fresh_contexts:waiting:bg0:pattern0:outcome_history:member-1-m0,fresh_contexts:waiting:bg0:pattern0:outcome_history:member1-m0,waiting,continue_x,mech_task_holdout,-2.19,-1.21,0.98,True,False,0,0,0.5,0.1431760544952596,0.1801706401157468,0.1723280464345539,rephrased
cf:outcome_history:fresh_contexts:waiting:bg0:pattern0:outcome_history:continue_y,fresh_contexts:waiting:bg0:pattern0:outcome_history,outcome_history,history_isolated,primary,fresh_contexts:waiting:bg0:pattern0:outcome_history:member-1-m1,fresh_contexts:waiting:bg0:pattern0:outcome_history:member1-m1,waiting,continue_y,mech_task_holdout,-2.19,-1.21,0.98,True,False,0,0,0.25,0.1431760544952591,0.1801706401157462,0.1723280464345534,rephrased
cf:outcome_history:fresh_contexts:waiting:bg0:pattern1:outcome_history:continue_x,fresh_contexts:waiting:bg0:pattern1:outcome_history,outcome_history,history_isolated,primary,fresh_contexts:waiting:bg0:pattern1:outcome_history:member-1-m0,fresh_contexts:waiting:bg0:pattern1:outcome_history:member1-m0,waiting,continue_x,mech_task_holdout,2.7731,0.6269,-2.1462,True,False,0,1,-0.25,-0.3135555593446187,-0.3945737018534857,-0.3773984216916734,rephrased
cf:outcome_history:fresh_contexts:waiting:bg0:pattern1:outcome_history:continue_y,fresh_contexts:waiting:bg0:pattern1:outcome_history,outcome_history,history_isolated,primary,fresh_contexts:waiting:bg0:pattern1:outcome_history:member-1-m1,fresh_contexts:waiting:bg0:pattern1:outcome_history:member1-m1,waiting,continue_y,mech_task_holdout,2.7731,0.6269,-2.1462,True,False,0,1,-0.125,-0.3135555593446189,-0.3945737018534859,-0.3773984216916736,rephrased
cf:outcome_history:fresh_contexts:waiting:bg1:pattern0:outcome_history:continue_x,fresh_contexts:waiting:bg1:pattern0:outcome_history,outcome_history,history_isolated,primary,fresh_contexts:waiting:bg1:pattern0:outcome_history:member-1-m0,fresh_contexts:waiting:bg1:pattern0:outcome_history:member1-m0,waiting,continue_x,mech_task_holdout,-2.19,-1.21,0.98,True,False,1,0,0.625,0.1431760544952596,0.1801706401157468,0.1723280464345539,rephrased
cf:outcome_history:fresh_contexts:waiting:bg1:pattern0:outcome_history:continue_y,fresh_contexts:waiting:bg1:pattern0:outcome_history,outcome_history,history_isolated,primary,fresh_contexts:waiting:bg1:pattern0:outcome_history:member-1-m1,fresh_contexts:waiting:bg1:pattern0:outcome_history:member1-m1,waiting,continue_y,mech_task_holdout,-2.19,-1.21,0.98,True,False,1,0,0.5,0.1431760544952593,0.1801706401157465,0.1723280464345536,rephrased
cf:outcome_history:fresh_contexts:waiting:bg1:pattern1:outcome_history:continue_x,fresh_contexts:waiting:bg1:pattern1:outcome_history,outcome_history,history_isolated,primary,fresh_contexts:waiting:bg1:pattern1:outcome_history:member-1-m0,fresh_contexts:waiting:bg1:pattern1:outcome_history:member1-m0,waiting,continue_x,mech_task_holdout,2.7731,0.6269,-2.1462,True,False,1,1,0.0,-0.3135555593446191,-0.3945737018534861,-0.3773984216916738,rephrased
cf:outcome_history:fresh_contexts:waiting:bg1:pattern1:outcome_history:continue_y,fresh_contexts:waiting:bg1:pattern1:outcome_history,outcome_history,history_isolated,primary,fresh_contexts:waiting:bg1:pattern1:outcome_history:member-1-m1,fresh_contexts:waiting:bg1:pattern1:outcome_history:member1-m1,waiting,continue_y,mech_task_holdout,2.7731,0.6269,-2.1462,True,False,1,1,-0.125,-0.3135555593446189,-0.3945737018534859,-0.3773984216916736,rephrased
cf:outcome_history:fresh_contexts:waiting:bg2:pattern0:outcome_history:continue_x,fresh_contexts:waiting:bg2:pattern0:outcome_history,outcome_history,history_isolated,primary,fresh_contexts:waiting:bg2:pattern0:outcome_history:member-1-m0,fresh_contexts:waiting:bg2:pattern0:outcome_history:member1-m0,waiting,continue_x,mech_task_holdout,-2.19,-1.21,0.98,True,False,2,0,0.625,0.1431760544952599,0.1801706401157472,0.1723280464345543,rephrased
cf:outcome_history:fresh_contexts:waiting:bg2:pattern0:outcome_history:continue_y,fresh_contexts:waiting:bg2:pattern0:outcome_history,outcome_history,history_isolated,primary,fresh_contexts:waiting:bg2:pattern0:outcome_history:member-1-m1,fresh_contexts:waiting:bg2:pattern0:outcome_history:member1-m1,waiting,continue_y,mech_task_holdout,-2.19,-1.21,0.98,True,False,2,0,0.5,0.1431760544952598,0.180170640115747,0.1723280464345542,rephrased
cf:outcome_history:fresh_contexts:waiting:bg2:pattern1:outcome_history:continue_x,fresh_contexts:waiting:bg2:pattern1:outcome_history,outcome_history,history_isolated,primary,fresh_contexts:waiting:bg2:pattern1:outcome_history:member-1-m0,fresh_contexts:waiting:bg2:pattern1:outcome_history:member1-m0,waiting,continue_x,mech_task_holdout,2.7731,0.6269,-2.1462,True,False,2,1,-0.375,-0.3135555593446186,-0.3945737018534856,-0.3773984216916733,rephrased
cf:outcome_history:fresh_contexts:waiting:bg2:pattern1:outcome_history:continue_y,fresh_contexts:waiting:bg2:pattern1:outcome_history,outcome_history,history_isolated,primary,fresh_contexts:waiting:bg2:pattern1:outcome_history:member-1-m1,fresh_contexts:waiting:bg2:pattern1:outcome_history:member1-m1,waiting,continue_y,mech_task_holdout,2.7731,0.6269,-2.1462,True,False,2,1,-0.875,-0.3135555593446189,-0.3945737018534859,-0.3773984216916736,rephrased
cf:outcome_history:fresh_contexts:waiting:bg3:pattern0:outcome_history:continue_x,fresh_contexts:waiting:bg3:pattern0:outcome_history,outcome_history,history_isolated,primary,fresh_contexts:waiting:bg3:pattern0:outcome_history:member-1-m0,fresh_contexts:waiting:bg3:pattern0:outcome_history:member1-m0,waiting,continue_x,mech_task_holdout,-2.19,-1.21,0.98,True,False,3,0,0.75,0.1431760544952595,0.1801706401157466,0.1723280464345538,rephrased
cf:outcome_history:fresh_contexts:waiting:bg3:pattern0:outcome_history:continue_y,fresh_contexts:waiting:bg3:pattern0:outcome_history,outcome_history,history_isolated,primary,fresh_contexts:waiting:bg3:pattern0:outcome_history:member-1-m1,fresh_contexts:waiting:bg3:pattern0:outcome_history:member1-m1,waiting,continue_y,mech_task_holdout,-2.19,-1.21,0.98,True,False,3,0,0.375,0.1431760544952596,0.1801706401157468,0.1723280464345539,rephrased
cf:outcome_history:fresh_contexts:waiting:bg3:pattern1:outcome_history:continue_x,fresh_contexts:waiting:bg3:pattern1:outcome_history,outcome_history,history_isolated,primary,fresh_contexts:waiting:bg3:pattern1:outcome_history:member-1-m0,fresh_contexts:waiting:bg3:pattern1:outcome_history:member1-m0,waiting,continue_x,mech_task_holdout,2.7731,0.6269,-2.1462,True,False,3,1,-0.25,-0.3135555593446184,-0.3945737018534853,-0.377398421691673,rephrased
cf:outcome_history:fresh_contexts:waiting:bg3:pattern1:outcome_history:continue_y,fresh_contexts:waiting:bg3:pattern1:outcome_history,outcome_history,history_isolated,primary,fresh_contexts:waiting:bg3:pattern1:outcome_history:member-1-m1,fresh_contexts:waiting:bg3:pattern1:outcome_history:member1-m1,waiting,continue_y,mech_task_holdout,2.7731,0.6269,-2.1462,True,False,3,1,-0.5,-0.3135555593446183,-0.3945737018534851,-0.3773984216916729,rephrased
