paired_condition_id,task_family,split,sampling_strategy,persistence_logit,context_a_environment_rate,context_a_history_actions,context_a_history_outcomes,context_a_history_valence,context_b_environment_rate,context_b_history_actions,context_b_history_outcomes,context_b_history_valence,context_change_point,context_context_return,context_critical_contrast_id,context_cue_probability,context_cue_reliability,context_cue_rule,context_phase_order,prediction_dual_history,prediction_latent_context,prediction_outcome_history,squared_error_dual_history,squared_error_latent_context,squared_error_outcome_history,delta_error_dh_minus_lc,contextual_history
theory_resolution_contextual_v1-03022905e1a36176,debugging,model_discrimination,random,-0.06250000000000003,0.504,"[""disengage"", ""continue"", ""disengage""]","[-1, -1, -1]",negative,0.132,"[""continue"", ""continue"", ""continue""]","[1, -1, 0]",mixed,change_point,B,critical-debugging-00001916,0.95,high,Memory faults respond to allocation diagnostics while protocol faults respond to packet-trace diagnostics.,"[""A1"", ""B"", ""A2""]",0.00317353030584111,0.00294590208420209,-0.029738819673520323,0.0043130125828322345,0.004283166099614971,0.0010732949363841209,2.9846483217263117e-05,True
theory_resolution_contextual_v1-0380e4c40ec3f0b0,debugging,model_discrimination,discriminating,0.25,0.207,"[""disengage"", ""continue"", ""disengage""]","[-1, -1, -1]",negative,0.789,"[""continue"", ""continue"", ""continue""]","[1, -1, 0]",mixed,change_point,novel_C,critical-debugging-00003878,0.8,medium,Memory faults respond to allocation diagnostics while protocol faults respond to packet-trace diagnostics.,"[""A1"", ""B"", ""A2""]",0.21507993817244248,0.2228297434695986,0.19076402130217285,0.0012194107180404402,0.0007382228399278195,0.0035089011722894323,0.0004811878781126207,True
theory_resolution_contextual_v1-0436cf56dbd94721,debugging,model_discrimination,discriminating,-0.5000000000000001,0.801,"[""continue"", ""continue"", ""continue""]","[1, -1, 0]",mixed,0.276,"[""disengage"", ""continue"", ""disengage""]","[-1, -1, -1]",negative,same_environment,novel_C,critical-debugging-00003158,0.95,high,Memory faults respond to allocation diagnostics while protocol faults respond to packet-trace diagnostics.,"[""A1"", ""B"", ""A2""]",-2.125990359728269,-1.6076532557278038,-2.027021952490625,2.6438446499292665,1.2268957349244036,2.3317960433882807,1.4169489150048629,True
theory_resolution_contextual_v1-06573bc56d7847b4,bandit,model_discrimination,discriminating,-1.0625,0.697,"[""continue"", ""disengage"", ""continue""]","[1, 1, 1]",positive,0.56,"[""disengage"", ""continue"", ""disengage""]","[1, -1, 0]",mixed,same_environment,novel_C,critical-bandit-00002181,0.95,high,Circuit families are distinguished by audited reward-frequency bands.,"[""A1"", ""B"", ""A2""]",-1.8657532977644808,-1.7389959768097756,-1.7624449140273177,0.6452158603695137,0.45764680663981244,0.4899228826727092,0.18756905372970128,True
theory_resolution_contextual_v1-066e33b1830f60ae,debugging,model_discrimination,discriminating,0.625,0.81,"[""continue"", ""continue"", ""continue""]","[1, -1, 0]",mixed,0.159,"[""disengage"", ""continue"", ""disengage""]","[-1, -1, -1]",negative,change_point,novel_C,critical-debugging-00000647,0.95,high,Subsystem signatures identify independently reproduced causal failures.,"[""A1"", ""B"", ""A2""]",-0.3452594589151457,0.17842520862278888,-0.2450716677992243,0.9414034176143112,0.19942904429359964,0.7570247071069237,0.7419743733207116,True
theory_resolution_contextual_v1-08c62ee19db2bfd4,bandit,model_discrimination,discriminating,0.31249999999999994,0.82,"[""disengage"", ""continue"", ""disengage""]","[-1, -1, -1]",negative,0.563,"[""continue"", ""disengage"", ""continue""]","[1, 1, 1]",positive,same_environment,A,critical-bandit-00000171,0.8,medium,Circuit families are distinguished by audited reward-frequency bands.,"[""A1"", ""B"", ""A2""]",0.3561351938284413,-0.838399483580715,0.25385438853165476,0.0019040301404456446,1.3245696213063562,0.0034393077444961,-1.3226655911659106,True
theory_resolution_contextual_v1-0d5e6379d2358ad0,bandit,model_discrimination,coverage,-0.4375000000000001,0.1,"[""continue"", ""disengage"", ""continue""]","[1, 1, 1]",positive,0.311,"[""disengage"", ""continue"", ""disengage""]","[-1, -1, -1]",negative,same_environment,A,critical-bandit-00000000,0.6,low,The blue circuit uses a high-volatility generator and the amber circuit a low-volatility generator.,"[""A1"", ""B"", ""A2""]",-2.167461566473837,-1.2741383375309647,-2.063240957896956,2.992767021476612,0.6999637078265762,2.643033662183712,2.292803313650036,True
theory_resolution_contextual_v1-105c4f23b1f1a735,foraging,model_discrimination,discriminating,-0.06250000000000001,0.893,"[""continue"", ""disengage"", ""continue""]","[-1, -1, -1]",negative,0.148,"[""continue"", ""continue"", ""continue""]","[1, 1, 1]",positive,same_environment,A,critical-foraging-00003745,0.95,high,Wet-season loam replenishes after harvest while dry-season gravel depletes.,"[""A1"", ""B"", ""A2""]",-0.7633563787299362,-1.5491935506846657,-0.7777065269941122,0.4911996636064398,2.2102577136473784,0.5115203762549798,-1.7190580500409387,True
theory_resolution_contextual_v1-124be88c529d9845,foraging,model_discrimination,discriminating,3.1875,0.86,"[""continue"", ""continue"", ""continue""]","[1, 1, 1]",positive,0.577,"[""continue"", ""disengage"", ""continue""]","[1, -1, 0]",mixed,same_environment,A,critical-foraging-00000670,0.95,high,Soil signatures identify independently tracked renewal processes.,"[""A1"", ""B"", ""A2""]",1.2239172215855327,1.5686555440666798,1.174286483861548,3.8556573276858788,2.6206573725060474,4.053028661562549,1.2349999551798314,True
theory_resolution_contextual_v1-13c23e50277f367d,bandit,model_discrimination,discriminating,2.0625,0.226,"[""disengage"", ""continue"", ""disengage""]","[-1, -1, -1]",negative,0.475,"[""continue"", ""disengage"", ""continue""]","[1, 1, 1]",positive,same_environment,novel_C,critical-bandit-00001692,0.95,high,The blue circuit uses a high-volatility generator and the amber circuit a low-volatility generator.,"[""A1"", ""B"", ""A2""]",2.770476855297253,2.043783086213624,2.669062195845898,0.5012312276365875,0.00035032286168662654,0.3679176974293975,0.5008809047749008,True
theory_resolution_contextual_v1-15a38fdf27d8dd3c,bandit,model_discrimination,coverage,-1.0625,0.118,"[""disengage"", ""continue"", ""disengage""]","[-1, -1, -1]",negative,0.878,"[""continue"", ""disengage"", ""continue""]","[1, 1, 1]",positive,change_point,A,critical-bandit-00002187,0.6,low,Circuit families are distinguished by audited reward-frequency bands.,"[""A1"", ""B"", ""A2""]",-0.702515474775246,-1.1703582949116202,-0.8047793882945828,0.12958885840129156,0.011633411781242045,0.0664199136978144,0.11795544662004952,True
theory_resolution_contextual_v1-1951000090bf6266,bandit,model_discrimination,discriminating,0.24999999999999997,0.271,"[""continue"", ""disengage"", ""continue""]","[1, 1, 1]",positive,0.491,"[""disengage"", ""continue"", ""disengage""]","[-1, -1, -1]",negative,same_environment,A,critical-bandit-00001152,0.95,high,The blue circuit uses a high-volatility generator and the amber circuit a low-volatility generator.,"[""A1"", ""B"", ""A2""]",-1.1178181978697395,0.2913601766468824,-1.0139164434375865,1.8709266224236216,0.0017106642122613192,1.5974847759919177,1.8692159582113603,True
theory_resolution_contextual_v1-199efc095a193b3d,debugging,model_discrimination,random,0.0,0.504,"[""continue"", ""continue"", ""continue""]","[1, -1, 0]",mixed,0.132,"[""disengage"", ""continue"", ""disengage""]","[-1, -1, -1]",negative,change_point,B,critical-debugging-00001916,0.95,high,Memory faults respond to allocation diagnostics while protocol faults respond to packet-trace diagnostics.,"[""A1"", ""B"", ""A2""]",-0.5349871339237409,-0.016151654326683917,-0.4380387170026083,0.2862112334639386,0.0002608759374886873,0.19187791759329118,0.2859503575264499,True
theory_resolution_contextual_v1-1a3790d1ac7ef8e7,foraging,model_discrimination,random,0.5,0.302,"[""continue"", ""continue"", ""continue""]","[1, 1, 1]",positive,0.622,"[""continue"", ""disengage"", ""continue""]","[1, -1, 0]",mixed,change_point,novel_C,critical-foraging-00001759,0.6,low,Wet-season loam replenishes after harvest while dry-season gravel depletes.,"[""A1"", ""B"", ""A2""]",0.09254924887153776,0.06492265803648847,0.040891898276680855,0.16601611459514806,0.18929229349003437,0.2107802490679896,-0.023276178894886312,True
theory_resolution_contextual_v1-1dd26f109652aec1,debugging,model_discrimination,discriminating,-1.0,0.621,"[""continue"", ""continue"", ""continue""]","[1, -1, 0]",mixed,0.213,"[""disengage"", ""continue"", ""disengage""]","[-1, -1, -1]",negative,change_point,novel_C,critical-debugging-00002915,0.95,high,Subsystem signatures identify independently reproduced causal failures.,"[""A1"", ""B"", ""A2""]",-2.5273108067233814,-1.996734579941263,-2.420716585415428,2.332678300334026,0.993479822850686,2.0184356160744725,1.33919847748334,True
theory_resolution_contextual_v1-1ed213fb6d09484d,foraging,model_discrimination,discriminating,0.75,0.2,"[""continue"", ""continue"", ""continue""]","[1, 1, 1]",positive,0.346,"[""continue"", ""disengage"", ""continue""]","[-1, -1, -1]",negative,same_environment,A,critical-foraging-00002449,0.95,high,Wet-season loam replenishes after harvest while dry-season gravel depletes.,"[""A1"", ""B"", ""A2""]",-1.8408767561999073,-1.1056388252352831,-1.8928285915033873,6.712642365816954,3.4433954497205814,6.984542964067778,3.269246916096373,True
theory_resolution_contextual_v1-2018266befd37975,foraging,model_discrimination,coverage,0.75,0.215,"[""continue"", ""continue"", ""continue""]","[-1, -1, -1]",negative,0.151,"[""continue"", ""disengage"", ""continue""]","[1, -1, 0]",mixed,change_point,A,critical-foraging-00002536,0.95,high,Soil signatures identify independently tracked renewal processes.,"[""A1"", ""B"", ""A2""]",0.5570962518088318,0.5445495958564656,0.5068609095390142,0.03721185606620162,0.042209868562741636,0.05911661731019544,-0.0049980124965400136,True
theory_resolution_contextual_v1-2717a995faec1fe0,foraging,model_discrimination,discriminating,0.8125000000000002,0.203,"[""continue"", ""disengage"", ""continue""]","[1, -1, 0]",mixed,0.307,"[""continue"", ""continue"", ""continue""]","[1, 1, 1]",positive,same_environment,A,critical-foraging-00003748,0.95,high,Soil signatures identify independently tracked renewal processes.,"[""A1"", ""B"", ""A2""]",-0.2567874958451043,-0.7198048253898577,-0.26729592149852244,1.1433757487706946,2.347958077913043,1.1659592320848438,-1.2045823291423483,True
theory_resolution_contextual_v1-2dea45c83b0aac12,foraging,model_discrimination,discriminating,0.3125,0.2,"[""continue"", ""disengage"", ""continue""]","[-1, -1, -1]",negative,0.346,"[""continue"", ""continue"", ""continue""]","[1, 1, 1]",positive,same_environment,A,critical-foraging-00002449,0.95,high,Wet-season loam replenishes after harvest while dry-season gravel depletes.,"[""A1"", ""B"", ""A2""]",-1.0075758231651326,-1.78877069853919,-1.0220708230141509,1.7426001789051024,4.415338548539376,1.781079281640668,-2.6727383696342732,True
theory_resolution_contextual_v1-2e0ea93b5020a2ad,bandit,model_discrimination,discriminating,2.3125,0.298,"[""disengage"", ""continue"", ""disengage""]","[-1, -1, -1]",negative,0.14,"[""continue"", ""disengage"", ""continue""]","[1, 1, 1]",positive,same_environment,A,critical-bandit-00000828,0.95,high,The blue circuit uses a high-volatility generator and the amber circuit a low-volatility generator.,"[""A1"", ""B"", ""A2""]",2.3792304553464616,0.9846129252692456,2.273804168903697,0.004452953670746106,1.7632840832370005,0.0014973673442336129,-1.7588311295662544,True
theory_resolution_contextual_v1-2f3281e4d039cbff,bandit,model_discrimination,coverage,0.0625,0.754,"[""disengage"", ""continue"", ""disengage""]","[1, -1, 0]",mixed,0.62,"[""continue"", ""disengage"", ""continue""]","[-1, -1, -1]",negative,same_environment,novel_C,critical-bandit-00004434,0.6,low,The blue circuit uses a high-volatility generator and the amber circuit a low-volatility generator.,"[""A1"", ""B"", ""A2""]",-1.2487256738144277,-0.9788177312379298,-1.3440302011012317,1.7193127676700999,1.0843426173905095,1.9783272066098714,0.6349701502795904,True
theory_resolution_contextual_v1-2fc40cfb4b17571a,bandit,model_discrimination,discriminating,0.625,0.472,"[""disengage"", ""continue"", ""disengage""]","[1, -1, 0]",mixed,0.281,"[""continue"", ""disengage"", ""continue""]","[1, 1, 1]",positive,same_environment,A,critical-bandit-00004881,0.95,high,Circuit families are distinguished by audited reward-frequency bands.,"[""A1"", ""B"", ""A2""]",0.7997348028700998,0.0017516921976357958,0.6975156303356541,0.030532251334052636,0.3884384531785105,0.005258516642977239,-0.35790620184445787,True
theory_resolution_contextual_v1-302115beeebf4157,foraging,model_discrimination,random,-0.12500000000000006,0.305,"[""continue"", ""continue"", ""continue""]","[-1, -1, -1]",negative,0.583,"[""continue"", ""disengage"", ""continue""]","[1, -1, 0]",mixed,change_point,B,critical-foraging-00003859,0.95,high,Wet-season loam replenishes after harvest while dry-season gravel depletes.,"[""A1"", ""B"", ""A2""]",0.8541792922347795,0.8389842304965993,0.8037122384072855,0.9587920863414038,0.9292655966461207,0.8625064217674706,0.029526489695283042,True
theory_resolution_contextual_v1-38604e641755699b,bandit,model_discrimination,random,0.8125,0.262,"[""disengage"", ""continue"", ""disengage""]","[-1, -1, -1]",negative,0.608,"[""continue"", ""disengage"", ""continue""]","[1, 1, 1]",positive,change_point,A,critical-bandit-00004464,0.8,medium,The blue circuit uses a high-volatility generator and the amber circuit a low-volatility generator.,"[""A1"", ""B"", ""A2""]",1.7269158067516999,1.1101663638770671,1.6257136565983188,0.8361562676373621,0.08860526418379454,0.6613164512780083,0.7475510034535675,True
theory_resolution_contextual_v1-40301b6fde785ba8,foraging,model_discrimination,discriminating,1.0,0.254,"[""continue"", ""disengage"", ""continue""]","[-1, -1, -1]",negative,0.445,"[""continue"", ""continue"", ""continue""]","[1, 1, 1]",positive,same_environment,A,critical-foraging-00002602,0.8,medium,Soil signatures identify independently tracked renewal processes.,"[""A1"", ""B"", ""A2""]",0.7912693697598878,0.11959375305509887,0.7755640874365461,0.04356847600043443,0.7751151596596062,0.05037147884819031,-0.7315466836591717,True
theory_resolution_contextual_v1-406b069a1dea3219,debugging,model_discrimination,discriminating,0.3750000000000001,0.207,"[""continue"", ""continue"", ""continue""]","[1, -1, 0]",mixed,0.789,"[""disengage"", ""continue"", ""disengage""]","[-1, -1, -1]",negative,change_point,novel_C,critical-debugging-00003878,0.8,medium,Memory faults respond to allocation diagnostics while protocol faults respond to packet-trace diagnostics.,"[""A1"", ""B"", ""A2""]",-0.3230807260571394,0.14643951782605452,-0.21753587602691482,0.48731670009246314,0.0522398940115865,0.3510987643789835,0.4350768060808766,True
theory_resolution_contextual_v1-4133a6e3c06ba578,bandit,model_discrimination,discriminating,0.37499999999999994,0.82,"[""continue"", ""disengage"", ""continue""]","[1, 1, 1]",positive,0.563,"[""disengage"", ""continue"", ""disengage""]","[-1, -1, -1]",negative,same_environment,A,critical-bandit-00000171,0.8,medium,Circuit families are distinguished by audited reward-frequency bands.,"[""A1"", ""B"", ""A2""]",-1.151989178180722,0.04257937834400233,-1.0476283791240686,2.3316959502810373,0.1105034697021599,2.0238715050891747,2.2211924805788774,True
theory_resolution_contextual_v1-4315076e6c76e745,debugging,model_discrimination,discriminating,-0.6875,0.729,"[""continue"", ""continue"", ""continue""]","[1, -1, 0]",mixed,0.411,"[""disengage"", ""continue"", ""disengage""]","[-1, -1, -1]",negative,change_point,novel_C,critical-debugging-00001619,0.95,high,Subsystem signatures identify independently reproduced causal failures.,"[""A1"", ""B"", ""A2""]",-2.0730203681724166,-1.5428506738255123,-1.966160766922738,1.919666690620629,0.731624775213758,1.6349733568674443,1.1880419154068709,True
theory_resolution_contextual_v1-440c6c727060fe4f,debugging,model_discrimination,random,-0.6875,0.288,"[""disengage"", ""continue"", ""disengage""]","[-1, -1, -1]",negative,0.537,"[""continue"", ""continue"", ""continue""]","[1, -1, 0]",mixed,change_point,novel_C,critical-debugging-00002105,0.95,high,Subsystem signatures identify independently reproduced causal failures.,"[""A1"", ""B"", ""A2""]",-0.7670563239096119,-0.7652517558871978,-0.7941323510727848,0.0063292086740110816,0.006045335543542405,0.011370458295309627,0.00028387313046867625,True
theory_resolution_contextual_v1-46e71a59060b703a,foraging,model_discrimination,discriminating,0.24999999999999997,0.668,"[""continue"", ""continue"", ""continue""]","[1, 1, 1]",positive,0.87,"[""continue"", ""disengage"", ""continue""]","[-1, -1, -1]",negative,same_environment,A,critical-foraging-00002440,0.8,medium,Soil signatures identify independently tracked renewal processes.,"[""A1"", ""B"", ""A2""]",-1.2830173275720107,-0.6653867457853219,-1.3344045999922391,2.3501421266360296,0.8379328943594415,2.5103379364765672,1.512209232276588,True
theory_resolution_contextual_v1-476468ba471c6113,bandit,model_discrimination,discriminating,1.375,0.496,"[""continue"", ""disengage"", ""continue""]","[1, 1, 1]",positive,0.77,"[""disengage"", ""continue"", ""disengage""]","[-1, -1, -1]",negative,same_environment,A,critical-bandit-00004059,0.8,medium,Circuit families are distinguished by audited reward-frequency bands.,"[""A1"", ""B"", ""A2""]",0.1633676083737362,1.2973941549421335,0.2656562830048016,1.4680530524379796,0.006022667187145582,1.2306434824367225,1.462030385250834,True
theory_resolution_contextual_v1-476d9a59a4df4a52,debugging,model_discrimination,discriminating,0.5,0.102,"[""disengage"", ""continue"", ""disengage""]","[1, 1, 1]",positive,0.552,"[""continue"", ""continue"", ""continue""]","[-1, -1, -1]",negative,same_environment,A,critical-debugging-00004070,0.95,high,Memory faults respond to allocation diagnostics while protocol faults respond to packet-trace diagnostics.,"[""A1"", ""B"", ""A2""]",-0.86394402348947,-0.07822832515866174,-0.899069718085785,1.8603432992126439,0.33434799601579107,1.9573960760646378,1.5259953031968527,True
theory_resolution_contextual_v1-4ca95e769f35dd06,foraging,model_discrimination,random,0.5,0.302,"[""continue"", ""disengage"", ""continue""]","[1, -1, 0]",mixed,0.622,"[""continue"", ""continue"", ""continue""]","[1, 1, 1]",positive,change_point,novel_C,critical-foraging-00001759,0.6,low,Wet-season loam replenishes after harvest while dry-season gravel depletes.,"[""A1"", ""B"", ""A2""]",0.5224056886748096,0.2352567200073128,0.5068536681138105,0.0005020148849924925,0.07008900430128638,4.697276661426272e-05,-0.06958698941629389,True
theory_resolution_contextual_v1-4eea2b7271c4ec25,debugging,model_discrimination,coverage,-1.4375,0.786,"[""continue"", ""continue"", ""continue""]","[-1, -1, -1]",negative,0.471,"[""disengage"", ""continue"", ""disengage""]","[1, 1, 1]",positive,change_point,novel_C,critical-debugging-00003071,0.95,high,Subsystem signatures identify independently reproduced causal failures.,"[""A1"", ""B"", ""A2""]",-1.7117474241930808,-2.0357625643316597,-1.6093463288962444,0.0752116496765396,0.35791809588069323,0.029531160755116203,-0.28270644620415364,True
theory_resolution_contextual_v1-5246177928051396,bandit,model_discrimination,random,1.5,0.193,"[""continue"", ""disengage"", ""continue""]","[1, 1, 1]",positive,0.704,"[""disengage"", ""continue"", ""disengage""]","[1, -1, 0]",mixed,same_environment,novel_C,critical-bandit-00000219,0.6,low,Circuit families are distinguished by audited reward-frequency bands.,"[""A1"", ""B"", ""A2""]",1.360359051660954,1.4662360190538686,1.4693412698241863,0.0194995944530281,0.0011400064093307258,0.0009399577359933474,0.018359588043697375,True
theory_resolution_contextual_v1-562ab3367de29f57,bandit,model_discrimination,discriminating,1.75,0.226,"[""continue"", ""disengage"", ""continue""]","[1, 1, 1]",positive,0.475,"[""disengage"", ""continue"", ""disengage""]","[-1, -1, -1]",negative,same_environment,novel_C,critical-bandit-00001692,0.95,high,The blue circuit uses a high-volatility generator and the amber circuit a low-volatility generator.,"[""A1"", ""B"", ""A2""]",1.26235248328809,1.970368181053231,1.3675794281901748,0.23780010055529263,0.04856213522070959,0.14624549374335372,0.18923796533458304,True
theory_resolution_contextual_v1-57c9c192e175e6a4,foraging,model_discrimination,random,-0.31250000000000006,0.305,"[""continue"", ""disengage"", ""continue""]","[1, -1, 0]",mixed,0.583,"[""continue"", ""continue"", ""continue""]","[-1, -1, -1]",negative,change_point,B,critical-foraging-00003859,0.95,high,Wet-season loam replenishes after harvest while dry-season gravel depletes.,"[""A1"", ""B"", ""A2""]",0.41323454415814576,0.8218279505734416,0.39891623975517787,0.5266906285844316,1.2866998994521441,0.5061130661873969,-0.7600092708677125,True
theory_resolution_contextual_v1-5a8e6eb782c2310c,bandit,model_discrimination,coverage,-0.9375,0.118,"[""continue"", ""disengage"", ""continue""]","[1, 1, 1]",positive,0.878,"[""disengage"", ""continue"", ""disengage""]","[-1, -1, -1]",negative,change_point,A,critical-bandit-00002187,0.6,low,Circuit families are distinguished by audited reward-frequency bands.,"[""A1"", ""B"", ""A2""]",-2.2106398467844093,-1.7576775361947652,-2.106262155950306,1.620885069470229,0.6726911908785154,1.3660049771816076,0.9481938785917137,True
theory_resolution_contextual_v1-5df2bb8d6a9d6192,foraging,model_discrimination,coverage,-0.5,0.395,"[""continue"", ""disengage"", ""continue""]","[1, -1, 0]",mixed,0.214,"[""continue"", ""continue"", ""continue""]","[-1, -1, -1]",negative,same_environment,B,critical-foraging-00001177,0.8,medium,Wet-season loam replenishes after harvest while dry-season gravel depletes.,"[""A1"", ""B"", ""A2""]",-1.2646983483865912,-1.21515178042532,-1.2796144938117369,0.5847635640251805,0.5114420690455052,0.6077987589613307,0.07332149497967533,True
theory_resolution_contextual_v1-5e8987b36e19e2a4,foraging,model_discrimination,discriminating,0.75,0.287,"[""continue"", ""disengage"", ""continue""]","[1, -1, 0]",mixed,0.817,"[""continue"", ""continue"", ""continue""]","[-1, -1, -1]",negative,same_environment,A,critical-foraging-00004876,0.8,medium,Soil signatures identify independently tracked renewal processes.,"[""A1"", ""B"", ""A2""]",-0.43629873487188386,-0.13951892940644656,-0.44874613369739247,1.4073046883586322,0.7912439257723908,1.436992293054447,0.6160607625862414,True
theory_resolution_contextual_v1-642c86ec0c749f60,foraging,model_discrimination,coverage,0.75,0.215,"[""continue"", ""disengage"", ""continue""]","[1, -1, 0]",mixed,0.151,"[""continue"", ""continue"", ""continue""]","[-1, -1, -1]",negative,change_point,A,critical-foraging-00002536,0.95,high,Soil signatures identify independently tracked renewal processes.,"[""A1"", ""B"", ""A2""]",0.11615150373219793,0.5273933159333078,0.10206491088690704,0.40176391622095387,0.04955373579116809,0.4198198797039917,0.3522101804297858,True
theory_resolution_contextual_v1-66337d7a4f8b29d0,debugging,model_discrimination,discriminating,0.9375000000000001,0.102,"[""continue"", ""continue"", ""continue""]","[-1, -1, -1]",negative,0.552,"[""disengage"", ""continue"", ""disengage""]","[1, 1, 1]",positive,same_environment,A,critical-debugging-00004070,0.95,high,Memory faults respond to allocation diagnostics while protocol faults respond to packet-trace diagnostics.,"[""A1"", ""B"", ""A2""]",-0.10777102695238316,-0.8386582986103019,-0.00914174315457228,1.09259151978609,3.1547383017222423,0.8961305898827274,-2.0621467819361525,True
theory_resolution_contextual_v1-682ecb345385e70e,foraging,model_discrimination,discriminating,2.0625,0.614,"[""continue"", ""continue"", ""continue""]","[1, 1, 1]",positive,0.771,"[""continue"", ""disengage"", ""continue""]","[-1, -1, -1]",negative,same_environment,A,critical-foraging-00002287,0.95,high,Wet-season loam replenishes after harvest while dry-season gravel depletes.,"[""A1"", ""B"", ""A2""]",0.6769350939328287,1.4086587416096834,0.623321339081148,1.9197901089249292,0.42750839117343276,2.0712352180441806,1.4922817177514964,True
theory_resolution_contextual_v1-6aa2d274f7b91154,bandit,model_discrimination,discriminating,0.18749999999999997,0.271,"[""disengage"", ""continue"", ""disengage""]","[-1, -1, -1]",negative,0.491,"[""continue"", ""disengage"", ""continue""]","[1, 1, 1]",positive,same_environment,A,critical-bandit-00001152,0.95,high,The blue circuit uses a high-volatility generator and the amber circuit a low-volatility generator.,"[""A1"", ""B"", ""A2""]",0.390306174139424,-1.0301081162401937,0.28756632421813677,0.041130344269070376,1.4825695247339932,0.010013269242529271,-1.4414391804649227,True
theory_resolution_contextual_v1-6f6c5984fefe1cf3,foraging,model_discrimination,coverage,1.5625,0.839,"[""continue"", ""continue"", ""continue""]","[1, 1, 1]",positive,0.65,"[""continue"", ""disengage"", ""continue""]","[-1, -1, -1]",negative,same_environment,A,critical-foraging-00004393,0.95,high,Wet-season loam replenishes after harvest while dry-season gravel depletes.,"[""A1"", ""B"", ""A2""]",-0.3786028101148647,0.3567791977158128,-0.43015292069456285,3.7678801194358242,1.453762653060824,3.970665662352572,2.3141174663750004,True
theory_resolution_contextual_v1-7ab41f27677ae9f5,debugging,model_discrimination,discriminating,0.3750000000000001,0.765,"[""disengage"", ""continue"", ""disengage""]","[-1, -1, -1]",negative,0.544,"[""continue"", ""continue"", ""continue""]","[1, -1, 0]",mixed,same_environment,A,critical-debugging-00003590,0.95,high,Memory faults respond to allocation diagnostics while protocol faults respond to packet-trace diagnostics.,"[""A1"", ""B"", ""A2""]",-0.6873674746844387,-1.0904482396871935,-0.7200679495661259,1.128624651267392,2.147538543202294,1.1991738141669595,-1.0189138919349021,True
theory_resolution_contextual_v1-7b4088f36594dd84,foraging,model_discrimination,coverage,1.125,0.839,"[""continue"", ""disengage"", ""continue""]","[-1, -1, -1]",negative,0.65,"[""continue"", ""continue"", ""continue""]","[1, 1, 1]",positive,same_environment,A,critical-foraging-00004393,0.95,high,Wet-season loam replenishes after harvest while dry-season gravel depletes.,"[""A1"", ""B"", ""A2""]",0.4546981229199101,-0.326352675588094,0.44060484779467424,0.44930460641709197,2.106424588936719,0.468396724362151,-1.657119982519627,True
theory_resolution_contextual_v1-7b701a55ad210901,debugging,model_discrimination,discriminating,-0.875,0.729,"[""disengage"", ""continue"", ""disengage""]","[-1, -1, -1]",negative,0.411,"[""continue"", ""continue"", ""continue""]","[1, -1, 0]",mixed,change_point,novel_C,critical-debugging-00001619,0.95,high,Subsystem signatures identify independently reproduced causal failures.,"[""A1"", ""B"", ""A2""]",-1.5348597039428344,-1.521095900576479,-1.5578608695936502,0.43541482888752514,0.4174399127417315,0.46629896722219616,0.017974916145793662,True
theory_resolution_contextual_v1-7c02c3ecb67583ab,bandit,model_discrimination,discriminating,0.5625,0.472,"[""continue"", ""disengage"", ""continue""]","[1, 1, 1]",positive,0.281,"[""disengage"", ""continue"", ""disengage""]","[1, -1, 0]",mixed,same_environment,A,critical-bandit-00004881,0.95,high,Circuit families are distinguished by audited reward-frequency bands.,"[""A1"", ""B"", ""A2""]",-0.092796637402245,0.7258439074782252,0.013567983896291547,0.4294136829906893,0.02668123211025501,0.30132635830368204,0.4027324508804343,True
theory_resolution_contextual_v1-7ed419b2c9c6090d,foraging,model_discrimination,discriminating,0.24999999999999997,0.893,"[""continue"", ""continue"", ""continue""]","[1, 1, 1]",positive,0.148,"[""continue"", ""disengage"", ""continue""]","[-1, -1, -1]",negative,same_environment,A,critical-foraging-00003745,0.95,high,Wet-season loam replenishes after harvest while dry-season gravel depletes.,"[""A1"", ""B"", ""A2""]",-1.5966573117647114,-0.866061677380758,-1.6484642954833486,3.4101432270940704,1.2455936677179509,3.604166681225087,2.1645495593761197,True
theory_resolution_contextual_v1-8afda57c7bd99e8d,bandit,model_discrimination,discriminating,1.875,0.589,"[""continue"", ""disengage"", ""continue""]","[1, 1, 1]",positive,0.362,"[""disengage"", ""continue"", ""disengage""]","[1, -1, 0]",mixed,same_environment,novel_C,critical-bandit-00004278,0.8,medium,The blue circuit uses a high-volatility generator and the amber circuit a low-volatility generator.,"[""A1"", ""B"", ""A2""]",1.3510032914673165,1.4677405806712747,1.4554567461144616,0.2745725505530861,0.16586023463197053,0.1760165418808653,0.10871231592111558,True
theory_resolution_contextual_v1-903b1d87a3749fd0,debugging,model_discrimination,discriminating,0.3125,0.81,"[""disengage"", ""continue"", ""disengage""]","[-1, -1, -1]",negative,0.159,"[""continue"", ""continue"", ""continue""]","[1, -1, 0]",mixed,change_point,novel_C,critical-debugging-00000647,0.95,high,Subsystem signatures identify independently reproduced causal failures.,"[""A1"", ""B"", ""A2""]",0.1929012053144371,0.1989743891253546,0.16322822952986393,0.014303871690239427,0.012888064324461409,0.022282061459288988,0.0014158073657780188,True
theory_resolution_contextual_v1-905c3a3055eb7165,debugging,model_discrimination,discriminating,0.6875,0.765,"[""continue"", ""continue"", ""continue""]","[1, -1, 0]",mixed,0.544,"[""disengage"", ""continue"", ""disengage""]","[-1, -1, -1]",negative,same_environment,A,critical-debugging-00003590,0.95,high,Memory faults respond to allocation diagnostics while protocol faults respond to packet-trace diagnostics.,"[""A1"", ""B"", ""A2""]",-1.2255281389140202,-0.7466922242912464,-1.1283678468952139,3.65967666027684,2.056907336217473,3.29737603738786,1.6027693240593672,True
theory_resolution_contextual_v1-961e65bbc34eb014,debugging,model_discrimination,discriminating,-1.1875,0.621,"[""disengage"", ""continue"", ""disengage""]","[-1, -1, -1]",negative,0.213,"[""continue"", ""continue"", ""continue""]","[1, -1, 0]",mixed,change_point,novel_C,critical-debugging-00002915,0.95,high,Subsystem signatures identify independently reproduced causal failures.,"[""A1"", ""B"", ""A2""]",-1.9891501424937992,-1.9749798066922302,-2.01241668808634,0.6426429509603285,0.6201244459480322,0.6804875422833357,0.022518505012296353,True
theory_resolution_contextual_v1-97ab98b1a1d035cc,foraging,model_discrimination,discriminating,1.6875,0.641,"[""continue"", ""disengage"", ""continue""]","[-1, -1, -1]",negative,0.22,"[""continue"", ""continue"", ""continue""]","[1, 1, 1]",positive,same_environment,A,critical-foraging-00001963,0.95,high,Wet-season loam replenishes after harvest while dry-season gravel depletes.,"[""A1"", ""B"", ""A2""]",1.645820448452556,0.8585688622311759,1.6298165799211057,0.0017371850171960382,0.6871268311627172,0.003327376951998182,-0.6853896461455212,True
theory_resolution_contextual_v1-97c876ced4f5218e,foraging,model_discrimination,coverage,-0.3750000000000001,0.395,"[""continue"", ""continue"", ""continue""]","[-1, -1, -1]",negative,0.214,"[""continue"", ""disengage"", ""continue""]","[1, -1, 0]",mixed,same_environment,B,critical-foraging-00001177,0.8,medium,Wet-season loam replenishes after harvest while dry-season gravel depletes.,"[""A1"", ""B"", ""A2""]",-0.8237536003099568,-0.8720261819621704,-0.8748184951596303,0.20137979379114837,0.2470350255558924,0.24981852810363725,-0.045655231764744036,True
theory_resolution_contextual_v1-9a370f4ff26e8608,debugging,model_discrimination,discriminating,-0.1875,0.183,"[""continue"", ""continue"", ""continue""]","[-1, -1, -1]",negative,0.3,"[""disengage"", ""continue"", ""disengage""]","[1, 1, 1]",positive,same_environment,A,critical-debugging-00003899,0.8,medium,Subsystem signatures identify independently reproduced causal failures.,"[""A1"", ""B"", ""A2""]",-1.663578682803231,-2.2957670071703093,-1.5634076857618862,2.1788082778261217,4.444789773522853,1.8931219597386293,-2.2659814956967312,True
theory_resolution_contextual_v1-9ffb484c62c0c905,foraging,model_discrimination,discriminating,1.3125,0.254,"[""continue"", ""continue"", ""continue""]","[1, 1, 1]",positive,0.445,"[""continue"", ""disengage"", ""continue""]","[-1, -1, -1]",negative,same_environment,A,critical-foraging-00002602,0.8,medium,Soil signatures identify independently tracked renewal processes.,"[""A1"", ""B"", ""A2""]",-0.042031563274887065,0.5858832477002308,-0.0951936810526905,1.8347557559079095,0.5279719047226641,1.9816014996756741,1.3067838511852454,True
theory_resolution_contextual_v1-a367fb5649a13e92,bandit,model_discrimination,discriminating,1.4375,0.496,"[""disengage"", ""continue"", ""disengage""]","[-1, -1, -1]",negative,0.77,"[""continue"", ""disengage"", ""continue""]","[1, 1, 1]",positive,same_environment,A,critical-bandit-00004059,0.8,medium,Circuit families are distinguished by audited reward-frequency bands.,"[""A1"", ""B"", ""A2""]",1.6714919803828998,0.562588671637819,1.5671390506605252,0.05475224688351137,0.765469832496476,0.01680628345616221,-0.7107175856129647,True
theory_resolution_contextual_v1-a74e2b66c11118f3,bandit,model_discrimination,discriminating,-1.0,0.697,"[""disengage"", ""continue"", ""disengage""]","[1, -1, 0]",mixed,0.56,"[""continue"", ""disengage"", ""continue""]","[1, 1, 1]",positive,same_environment,novel_C,critical-bandit-00002181,0.95,high,Circuit families are distinguished by audited reward-frequency bands.,"[""A1"", ""B"", ""A2""]",-0.9732218574921365,-1.6987686315164092,-1.0784972675879554,0.000717068916171445,0.4882776003913153,0.006161821018775071,-0.48756053147514383,True
theory_resolution_contextual_v1-a8ce17b11d8b68ad,bandit,model_discrimination,random,1.6875,0.193,"[""disengage"", ""continue"", ""disengage""]","[1, -1, 0]",mixed,0.704,"[""continue"", ""disengage"", ""continue""]","[1, 1, 1]",positive,same_environment,novel_C,critical-bandit-00000219,0.6,low,Circuit families are distinguished by audited reward-frequency bands.,"[""A1"", ""B"", ""A2""]",2.2528904919332984,1.7734635008402224,2.1532889162635485,0.3196664083685771,0.00738972347670692,0.21695931451397096,0.3122766848918702,True
theory_resolution_contextual_v1-a9b5e660f55f8796,debugging,model_discrimination,random,0.5625,0.681,"[""continue"", ""continue"", ""continue""]","[1, -1, 0]",mixed,0.234,"[""disengage"", ""continue"", ""disengage""]","[1, 1, 1]",positive,same_environment,B,critical-debugging-00001661,0.8,medium,Subsystem signatures identify independently reproduced causal failures.,"[""A1"", ""B"", ""A2""]",-0.11607998871950903,0.00121866618309463,-0.008695241072383397,0.4604708010905689,0.3150367356912844,0.3262640034237382,0.14543406539928455,True
theory_resolution_contextual_v1-aa986245a50abe44,foraging,model_discrimination,discriminating,0.12499999999999994,0.668,"[""continue"", ""disengage"", ""continue""]","[-1, -1, -1]",negative,0.87,"[""continue"", ""continue"", ""continue""]","[1, 1, 1]",positive,same_environment,A,critical-foraging-00002440,0.8,medium,Soil signatures identify independently tracked renewal processes.,"[""A1"", ""B"", ""A2""]",-0.449716394537235,-1.1208079946545926,-0.4636468315030025,0.33029893414987865,1.5520375595452973,0.34650509223852416,-1.2217386253954188,True
theory_resolution_contextual_v1-aab965b78a0a8904,debugging,model_discrimination,coverage,-0.5000000000000001,0.261,"[""continue"", ""continue"", ""continue""]","[1, -1, 0]",mixed,0.888,"[""disengage"", ""continue"", ""disengage""]","[-1, -1, -1]",negative,change_point,novel_C,critical-debugging-00004031,0.6,low,Subsystem signatures identify independently reproduced causal failures.,"[""A1"", ""B"", ""A2""]",-1.373613572096775,-0.9957867360535673,-1.2708793560264642,0.763200673351687,0.24580448764664947,0.5942549815477759,0.5173961857050375,True
theory_resolution_contextual_v1-ac476e35c2f9d824,debugging,model_discrimination,coverage,-0.5000000000000001,0.183,"[""continue"", ""continue"", ""continue""]","[-1, -1, -1]",negative,0.3,"[""disengage"", ""continue"", ""disengage""]","[1, 1, 1]",positive,same_environment,A,critical-debugging-00003098,0.95,high,Memory faults respond to allocation diagnostics while protocol faults respond to packet-trace diagnostics.,"[""A1"", ""B"", ""A2""]",-1.5145390921409976,-2.2445556860446487,-1.4158081921450654,1.0292895694822797,3.043474541710715,0.8387046448000127,-2.0141849722284357,True
theory_resolution_contextual_v1-ad9dd20dc09fece4,bandit,model_discrimination,coverage,-0.06250000000000003,0.754,"[""continue"", ""disengage"", ""continue""]","[-1, -1, -1]",negative,0.62,"[""disengage"", ""continue"", ""disengage""]","[1, -1, 0]",mixed,same_environment,novel_C,critical-bandit-00004434,0.6,low,The blue circuit uses a high-volatility generator and the amber circuit a low-volatility generator.,"[""A1"", ""B"", ""A2""]",-0.8318402730386729,-0.7253550587641877,-0.7264950798848708,0.5918844557192198,0.43937682892927477,0.440889466111316,0.152507626789945,True
theory_resolution_contextual_v1-ae3f5901ea3be460,debugging,model_discrimination,discriminating,1.375,0.648,"[""continue"", ""continue"", ""continue""]","[1, -1, 0]",mixed,0.863,"[""disengage"", ""continue"", ""disengage""]","[-1, -1, -1]",negative,same_environment,A,critical-debugging-00000188,0.95,high,Memory faults respond to allocation diagnostics while protocol faults respond to packet-trace diagnostics.,"[""A1"", ""B"", ""A2""]",-0.10468073158790991,0.37043609486658974,-0.013366067936228077,2.189455067432532,1.0091486394968874,1.9275603385967033,1.1803064279356448,True
theory_resolution_contextual_v1-ae9fef503c77bcdf,bandit,model_discrimination,discriminating,2.1875,0.589,"[""disengage"", ""continue"", ""disengage""]","[1, -1, 0]",mixed,0.362,"[""continue"", ""disengage"", ""continue""]","[1, 1, 1]",positive,same_environment,novel_C,critical-bandit-00004278,0.8,medium,The blue circuit uses a high-volatility generator and the amber circuit a low-volatility generator.,"[""A1"", ""B"", ""A2""]",2.2435347317396603,1.6213543215644513,2.1394043925538244,0.003139891161135698,0.32052092921124775,0.00231318745561662,-0.31738103805011203,True
theory_resolution_contextual_v1-b1b00521ec83f3b3,foraging,model_discrimination,random,0.5625,0.761,"[""continue"", ""continue"", ""continue""]","[1, 1, 1]",positive,0.262,"[""continue"", ""disengage"", ""continue""]","[1, -1, 0]",mixed,same_environment,B,critical-foraging-00004261,0.95,high,Wet-season loam replenishes after harvest while dry-season gravel depletes.,"[""A1"", ""B"", ""A2""]",0.1276539656333244,0.06813099096886069,0.0807607622472662,0.18909107360442398,0.24440071709043074,0.232072693190585,-0.055309643486006754,True
theory_resolution_contextual_v1-bd3efe3114bf2b22,debugging,model_discrimination,coverage,-1.625,0.786,"[""disengage"", ""continue"", ""disengage""]","[1, 1, 1]",positive,0.471,"[""continue"", ""continue"", ""continue""]","[-1, -1, -1]",negative,change_point,novel_C,critical-debugging-00003071,0.95,high,Subsystem signatures identify independently reproduced causal failures.,"[""A1"", ""B"", ""A2""]",-2.4679204207301675,-2.0780086739678616,-2.499274303827457,0.7105148356839226,0.20521685869012032,0.764355558332985,0.5052979769938023,True
theory_resolution_contextual_v1-c372117d3c456443,foraging,model_discrimination,discriminating,2.5,0.641,"[""continue"", ""continue"", ""continue""]","[1, 1, 1]",positive,0.22,"[""continue"", ""disengage"", ""continue""]","[-1, -1, -1]",negative,same_environment,A,critical-foraging-00001963,0.95,high,Wet-season loam replenishes after harvest while dry-season gravel depletes.,"[""A1"", ""B"", ""A2""]",0.8125195154177818,1.5417007355350836,0.759058811431869,2.8475903858458382,0.9183374802739999,3.0308762220530165,1.9292529055718384,True
theory_resolution_contextual_v1-c67966c4d66af49f,bandit,model_discrimination,discriminating,2.125,0.298,"[""continue"", ""disengage"", ""continue""]","[1, 1, 1]",positive,0.14,"[""disengage"", ""continue"", ""disengage""]","[-1, -1, -1]",negative,same_environment,A,critical-bandit-00000828,0.95,high,The blue circuit uses a high-volatility generator and the amber circuit a low-volatility generator.,"[""A1"", ""B"", ""A2""]",0.8711060833372982,2.246165772354461,0.9723214012479735,1.5722499542437307,0.014681144390253018,1.3286679520209352,1.5575688098534777,True
theory_resolution_contextual_v1-c84ba88df259f2e5,bandit,model_discrimination,random,1.8125,0.544,"[""disengage"", ""continue"", ""disengage""]","[1, -1, 0]",mixed,0.146,"[""continue"", ""disengage"", ""continue""]","[1, 1, 1]",positive,same_environment,A,critical-bandit-00000813,0.6,low,Circuit families are distinguished by audited reward-frequency bands.,"[""A1"", ""B"", ""A2""]",2.3885862155400996,1.8673474596681894,2.287688692613421,0.33187532773531414,0.0030082438320536606,0.2258042935876523,0.32886708390326047,True
theory_resolution_contextual_v1-c9c0fadca26446cb,bandit,model_discrimination,random,0.75,0.262,"[""continue"", ""disengage"", ""continue""]","[1, 1, 1]",positive,0.608,"[""disengage"", ""continue"", ""disengage""]","[-1, -1, -1]",negative,change_point,A,critical-bandit-00004464,0.8,medium,The blue circuit uses a high-volatility generator and the amber circuit a low-volatility generator.,"[""A1"", ""B"", ""A2""]",0.2187914347425365,0.8519166592641048,0.32423088894259555,0.2821825398028929,0.010387005435555631,0.1812793359306124,0.2717955343673372,True
theory_resolution_contextual_v1-ccb426d19d0c79e2,foraging,model_discrimination,discriminating,1.625,0.614,"[""continue"", ""disengage"", ""continue""]","[-1, -1, -1]",negative,0.771,"[""continue"", ""continue"", ""continue""]","[1, 1, 1]",positive,same_environment,A,critical-foraging-00002287,0.95,high,Wet-season loam replenishes after harvest while dry-season gravel depletes.,"[""A1"", ""B"", ""A2""]",1.5102360269676032,0.7255268683057755,1.4940791075703848,0.013170769506180706,0.8090519146398157,0.017140280074566885,-0.7958811451336351,True
theory_resolution_contextual_v1-cd12753a9615c063,foraging,model_discrimination,discriminating,1.0,0.203,"[""continue"", ""continue"", ""continue""]","[1, 1, 1]",positive,0.307,"[""continue"", ""disengage"", ""continue""]","[1, -1, 0]",mixed,same_environment,A,critical-foraging-00003748,0.95,high,Soil signatures identify independently tracked renewal processes.,"[""A1"", ""B"", ""A2""]",-0.6866439356483752,-0.23985858040179944,-0.7332576913356517,2.844767765659441,1.5372492993959652,3.004182224574193,1.3075184662634756,True
theory_resolution_contextual_v1-ce151f323f205160,bandit,model_discrimination,discriminating,-0.8125,0.739,"[""disengage"", ""continue"", ""disengage""]","[-1, -1, -1]",negative,0.815,"[""continue"", ""disengage"", ""continue""]","[1, 1, 1]",positive,change_point,novel_C,critical-bandit-00002745,0.95,high,Circuit families are distinguished by audited reward-frequency bands.,"[""A1"", ""B"", ""A2""]",-0.5668197511684449,-1.2931028971605703,-0.6703796119447101,0.060358784665934855,0.23097914475913367,0.020198204700986197,-0.1706203600931988,True
theory_resolution_contextual_v1-cfa6d03823f1f506,debugging,model_discrimination,random,-0.5000000000000001,0.288,"[""continue"", ""continue"", ""continue""]","[1, -1, 0]",mixed,0.537,"[""disengage"", ""continue"", ""disengage""]","[-1, -1, -1]",negative,change_point,novel_C,critical-debugging-00002105,0.95,high,Subsystem signatures identify independently reproduced causal failures.,"[""A1"", ""B"", ""A2""]",-1.3052169881391933,-0.785800936389764,-1.2024322484018724,0.6483743979879536,0.08168217524126586,0.49341106359490955,0.5666922227466877,True
theory_resolution_contextual_v1-d625bf49b375c4d0,foraging,model_discrimination,discriminating,2.6875,0.86,"[""continue"", ""disengage"", ""continue""]","[1, -1, 0]",mixed,0.577,"[""continue"", ""continue"", ""continue""]","[1, 1, 1]",positive,same_environment,A,critical-foraging-00000670,0.95,high,Soil signatures identify independently tracked renewal processes.,"[""A1"", ""B"", ""A2""]",1.653773661388804,1.1943367093796073,1.6402482536986775,1.0685901431385088,2.2295366124563194,1.0967362201311694,-1.1609464693178106,True
theory_resolution_contextual_v1-e1ff076e760688b8,debugging,model_discrimination,coverage,-0.8125,0.261,"[""disengage"", ""continue"", ""disengage""]","[-1, -1, -1]",negative,0.888,"[""continue"", ""continue"", ""continue""]","[1, -1, 0]",mixed,change_point,novel_C,critical-debugging-00004031,0.6,low,Subsystem signatures identify independently reproduced causal failures.,"[""A1"", ""B"", ""A2""]",-0.8354529078671931,-0.8430062847664794,-0.8625794586973768,0.0005268359795598532,0.000930633410253535,0.0025079521834222734,-0.0004037974306936818,True
theory_resolution_contextual_v1-e544420aa7fd65b9,foraging,model_discrimination,random,0.6875,0.761,"[""continue"", ""disengage"", ""continue""]","[1, -1, 0]",mixed,0.262,"[""continue"", ""continue"", ""continue""]","[1, 1, 1]",positive,same_environment,B,critical-foraging-00004261,0.95,high,Wet-season loam replenishes after harvest while dry-season gravel depletes.,"[""A1"", ""B"", ""A2""]",0.5575104054365962,0.601404596511147,0.5467225320843953,0.016897294694758088,0.007412418501908406,0.019818295472729123,0.009484876192849682,True
theory_resolution_contextual_v1-e6df0dcaafd99b32,debugging,model_discrimination,random,0.37499999999999994,0.681,"[""disengage"", ""continue"", ""disengage""]","[1, 1, 1]",positive,0.234,"[""continue"", ""continue"", ""continue""]","[1, -1, 0]",mixed,same_environment,B,critical-debugging-00001661,0.8,medium,Subsystem signatures identify independently reproduced causal failures.,"[""A1"", ""B"", ""A2""]",-0.4662391821170484,-0.49694328539425847,-0.4903233186745082,0.7076833615289605,0.760285092944133,0.7487844458418644,-0.05260173141517255,True
theory_resolution_contextual_v1-ee3ab3bc682ef25a,debugging,model_discrimination,coverage,-0.8125,0.183,"[""disengage"", ""continue"", ""disengage""]","[1, 1, 1]",positive,0.3,"[""continue"", ""continue"", ""continue""]","[-1, -1, -1]",negative,same_environment,A,critical-debugging-00003098,0.95,high,Memory faults respond to allocation diagnostics while protocol faults respond to packet-trace diagnostics.,"[""A1"", ""B"", ""A2""]",-2.270712088678084,-1.4841257125930092,-2.305736167076278,2.1263824955669004,0.45108109781606737,2.2297542506646546,1.675301397750833,True
theory_resolution_contextual_v1-eefa097a4f1b2612,bandit,model_discrimination,coverage,-0.37500000000000006,0.1,"[""disengage"", ""continue"", ""disengage""]","[-1, -1, -1]",negative,0.311,"[""continue"", ""disengage"", ""continue""]","[1, 1, 1]",positive,same_environment,A,critical-bandit-00000000,0.6,low,The blue circuit uses a high-volatility generator and the amber circuit a low-volatility generator.,"[""A1"", ""B"", ""A2""]",-0.6593371944646734,-1.5544834146610125,-0.7617581902412325,0.08084764015604148,1.3911811254604018,0.14958189771867333,-1.3103334853043604,True
theory_resolution_contextual_v1-f4d54f3b66e78bc4,foraging,model_discrimination,discriminating,0.8750000000000001,0.287,"[""continue"", ""continue"", ""continue""]","[-1, -1, -1]",negative,0.817,"[""continue"", ""disengage"", ""continue""]","[1, -1, 0]",mixed,same_environment,A,critical-foraging-00004876,0.8,medium,Soil signatures identify independently tracked renewal processes.,"[""A1"", ""B"", ""A2""]",0.004646013204750013,-0.40348936414987824,-0.04395013504528525,0.7575160623303864,1.63453505424436,0.8444693506997482,-0.8770189919139736,True
theory_resolution_contextual_v1-f623e34fec303029,bandit,model_discrimination,random,1.75,0.544,"[""continue"", ""disengage"", ""continue""]","[1, 1, 1]",positive,0.146,"[""disengage"", ""continue"", ""disengage""]","[1, -1, 0]",mixed,same_environment,A,critical-bandit-00000813,0.6,low,Circuit families are distinguished by audited reward-frequency bands.,"[""A1"", ""B"", ""A2""]",1.4960547752677549,2.0209612005613664,1.6037410461740589,0.06448817716431048,0.07341997220965703,0.021391681574258775,-0.008931795045346552,True
theory_resolution_contextual_v1-f796810a9a90df05,bandit,model_discrimination,discriminating,-0.7500000000000001,0.739,"[""continue"", ""disengage"", ""continue""]","[1, 1, 1]",positive,0.815,"[""disengage"", ""continue"", ""disengage""]","[-1, -1, -1]",negative,change_point,novel_C,critical-bandit-00002745,0.95,high,Circuit families are distinguished by audited reward-frequency bands.,"[""A1"", ""B"", ""A2""]",-2.074944123177609,-1.3665178023209636,-1.9718623796004335,1.755476929542883,0.38009420057867066,1.4929476746828338,1.3753827289642122,True
theory_resolution_contextual_v1-f80a03d4544facac,debugging,model_discrimination,discriminating,-0.5625000000000001,0.801,"[""disengage"", ""continue"", ""disengage""]","[-1, -1, -1]",negative,0.276,"[""continue"", ""continue"", ""continue""]","[1, -1, 0]",mixed,same_environment,novel_C,critical-debugging-00003158,0.95,high,Memory faults respond to allocation diagnostics while protocol faults respond to packet-trace diagnostics.,"[""A1"", ""B"", ""A2""]",-1.587829695498688,-1.5858984824787705,-1.618722055161537,1.0513009844714316,1.0473444539398504,1.1156050298096611,0.003956530531581182,True
theory_resolution_contextual_v1-f8a7b2e51f7ca50e,debugging,model_discrimination,discriminating,1.5,0.648,"[""disengage"", ""continue"", ""disengage""]","[-1, -1, -1]",negative,0.863,"[""continue"", ""continue"", ""continue""]","[1, -1, 0]",mixed,same_environment,A,critical-debugging-00000188,0.95,high,Memory faults respond to allocation diagnostics while protocol faults respond to packet-trace diagnostics.,"[""A1"", ""B"", ""A2""]",0.43347993264167234,0.004979410034232856,0.39493382939286015,1.1374650540780118,2.2350865644215903,1.2211712414203284,-1.0976215103435785,True
theory_resolution_contextual_v1-fbb5e9413a8bbd29,debugging,model_discrimination,discriminating,-0.3750000000000001,0.183,"[""disengage"", ""continue"", ""disengage""]","[1, 1, 1]",positive,0.3,"[""continue"", ""continue"", ""continue""]","[-1, -1, -1]",negative,same_environment,A,critical-debugging-00003899,0.8,medium,Subsystem signatures identify independently reproduced causal failures.,"[""A1"", ""B"", ""A2""]",-2.419751679340317,-1.7182766627414328,-2.4533356606930985,4.181009430165047,1.804392192665761,4.319479118508618,2.3766172374992864,True
theory_resolution_original_v1-0162075ecad894eb,foraging,model_discrimination,coverage,-0.7500000000000001,,,,,,,,,,,,,,,,-0.28130677920621106,-0.2220256159279706,-0.18820077397657284,0.2196733352180555,0.27875695023623887,0.31561837036052187,-0.05908361501818338,False
theory_resolution_original_v1-025001921fac1432,information_sampling,model_discrimination,random,-2.125,,,,,,,,,,,,,,,,-2.25596845166292,-2.021373726322384,-2.124111738328673,0.01715273533098265,0.01073840459630815,7.890087967487256e-07,0.006414330734674499,False
theory_resolution_original_v1-0345be589791f1cd,bandit,model_discrimination,random,-1.3125,,,,,,,,,,,,,,,,-1.6909119004023778,-1.6325874743941793,-1.5593538138137755,0.14319556636613912,0.10245599126404438,0.06093680539440612,0.040739575102094736,False
theory_resolution_original_v1-0601335fedf084ea,foraging,model_discrimination,random,0.5625000000000001,,,,,,,,,,,,,,,,1.1700583159027858,1.2279880680145974,1.2617401497224103,0.3691271072226291,0.44287436866980123,0.48893678698381865,-0.07374726144717214,False
theory_resolution_original_v1-06979926bb665666,waiting,model_discrimination,discriminating,-0.8125,,,,,,,,,,,,,,,,-0.554784523671064,-0.37742729787018703,-0.5096839636225665,0.06641726673945036,0.18928825613853698,0.09169755188733912,-0.12287098939908661,False
theory_resolution_original_v1-069a6e12e1ae04f9,solvability,model_discrimination,discriminating,-0.6875,,,,,,,,,,,,,,,,-0.4812321872009089,-0.2688903087008415,-0.2917783301503235,0.0425464105969209,0.17523407364957677,0.15659563998861636,-0.13268766305265586,False
theory_resolution_original_v1-0718ba40cd97129b,waiting,model_discrimination,discriminating,0.6875,,,,,,,,,,,,,,,,0.820042658457325,0.9421927973878464,0.808619518280201,0.01756755631093512,0.0648684210412466,0.014669937708427934,-0.047300864730311476,False
theory_resolution_original_v1-073c4b2b817cff41,effort,model_discrimination,discriminating,1.25,,,,,,,,,,,,,,,,0.8346507181088034,1.054843546523025,0.9005164032883438,0.17251502596753268,0.03808604133371069,0.12213878437051555,0.134428984633822,False
theory_resolution_original_v1-07f57109d1c32b7b,effort,model_discrimination,coverage,-0.8750000000000002,,,,,,,,,,,,,,,,0.04936481391554783,0.05575313123769862,0.05007918374748241,0.8544503092051258,0.8663013913087811,0.8557714962029088,-0.011851082103655375,False
theory_resolution_original_v1-0906ae8896e38e9a,solvability,model_discrimination,coverage,-0.31250000000000017,,,,,,,,,,,,,,,,-1.2769055412527317,-0.9483026346957064,-1.0792650160466228,0.930078047998974,0.40424499028600164,0.5879285898329775,0.5258330577129724,False
theory_resolution_original_v1-0a7c116c29f12e80,solvability,model_discrimination,random,1.4375000000000002,,,,,,,,,,,,,,,,1.5068650779432582,1.7230887762622387,1.6541322940287224,0.004811514038074253,0.08156094912696289,0.04692955081614675,-0.07674943508888864,False
theory_resolution_original_v1-0c52875f8e053d1e,debugging,model_discrimination,random,-1.6875,,,,,,,,,,,,,,,,-1.5595804387830041,-1.4245462598836585,-1.469201669519905,0.016363414141948758,0.06914466944117248,0.04765416109039675,-0.05278125529922372,False
theory_resolution_original_v1-0c5ce09cf5f82fa2,effort,model_discrimination,random,-0.3125,,,,,,,,,,,,,,,,-0.7882871121945381,-0.8527103416288399,-0.8367563538967773,0.22637337613041794,0.29182721320274785,0.27484472460114295,-0.0654538370723299,False
theory_resolution_original_v1-0ee9bb3549ba01dd,waiting,model_discrimination,discriminating,-2.0625,,,,,,,,,,,,,,,,-1.8814885655963263,-1.7013441613502978,-1.8357948418248553,0.03276513938487548,0.13043353979076977,0.05139522874321738,-0.09766840040589429,False
theory_resolution_original_v1-0f6f7e15d1989378,foraging,model_discrimination,coverage,0.9375,,,,,,,,,,,,,,,,0.4969670640363789,0.4618088002179671,0.4497066948810471,0.19406926766872787,0.22628211755006994,0.23794230851887188,-0.03221284988134207,False
theory_resolution_original_v1-16270e86b1876b4e,solvability,model_discrimination,random,0.9375000000000001,,,,,,,,,,,,,,,,0.6118651331794083,0.490798703851111,0.5512566470661601,0.10603806648926459,0.1995420479810975,0.14918392768557492,-0.09350398149183292,False
theory_resolution_original_v1-171151f601962396,debugging,model_discrimination,random,0.24999999999999997,,,,,,,,,,,,,,,,0.06092724348092193,0.009909112659979513,0.03704138146082159,0.035748507257722564,0.057643634183718394,0.045351373210115294,-0.02189512692599583,False
theory_resolution_original_v1-182179e791c629f0,debugging,model_discrimination,discriminating,-2.0,,,,,,,,,,,,,,,,-0.7597766992869495,-0.5995906898888934,-0.6603433007549648,1.5381538356315738,1.9611462358458656,1.7946800718321025,-0.42299240021429174,False
theory_resolution_original_v1-19db4232c9f39dab,information_sampling,model_discrimination,discriminating,-1.4375,,,,,,,,,,,,,,,,-1.54504436925352,-1.8630026471541026,-1.6722097324912175,0.011565791358137472,0.18105250273514872,0.055088658526098885,-0.16948671137701124,False
theory_resolution_original_v1-1a225b445047d947,effort,model_discrimination,discriminating,0.7500000000000002,,,,,,,,,,,,,,,,0.861231024554223,1.0777536089776851,0.9677573908465591,0.012372340823382101,0.10742242819789717,0.047418281268301,-0.09505008737451506,False
theory_resolution_original_v1-1a6f03840ee6d0d6,foraging,model_discrimination,discriminating,-0.5625,,,,,,,,,,,,,,,,-0.4989896882736331,-0.3036050483267467,-0.41448620588814455,0.004033559695580296,0.06702659600189617,0.021908083247386734,-0.06299303630631588,False
theory_resolution_original_v1-1b33efb1ca743b2c,information_sampling,model_discrimination,discriminating,-1.9375,,,,,,,,,,,,,,,,-1.8269425270806963,-2.0331370825226465,-1.7530083200599016,0.012222954818302578,0.00914645155344349,0.03403717996711971,0.0030765032648590873,False
theory_resolution_original_v1-1c6f36c8c95a66d5,information_sampling,model_discrimination,discriminating,-2.4375,,,,,,,,,,,,,,,,-2.1751751133958015,-2.366668325776592,-2.0993208542471877,0.06881434613190561,0.005017126073290981,0.11436513462210185,0.06379722005861463,False
theory_resolution_original_v1-1da30596684d3b23,solvability,model_discrimination,discriminating,-0.8750000000000002,,,,,,,,,,,,,,,,-0.3685883623277417,-0.1137885047879644,-0.22391886831872226,0.2564527467698988,0.5794429404429432,0.4239066400313735,-0.3229901936730444,False
theory_resolution_original_v1-1e2c76a2be1640b0,waiting,model_discrimination,random,-1.875,,,,,,,,,,,,,,,,-1.6066811568166621,-1.607111036579123,-1.6001003951103256,0.07199500160724466,0.07176449672271197,0.07556979276849907,0.00023050488453268958,False
theory_resolution_original_v1-1e3495e259d8c1d7,effort,model_discrimination,discriminating,0.5,,,,,,,,,,,,,,,,0.47205992376076944,0.6682340136484239,0.5853349257613794,0.0007806478602540161,0.028302683348258095,0.007282049554700126,-0.02752203548800408,False
theory_resolution_original_v1-1e5b0c538fce1e46,debugging,model_discrimination,discriminating,-1.4375,,,,,,,,,,,,,,,,-2.0266454074668685,-1.9476606851500171,-1.9169294014131744,0.3470923111393025,0.2602639246727349,0.22985255093939466,0.0868283864665676,False
theory_resolution_original_v1-222b2b576cbf5225,debugging,model_discrimination,discriminating,-0.9375000000000002,,,,,,,,,,,,,,,,-0.9654449679596615,-0.817185619977626,-0.8738012573702114,0.0007809212342664956,0.014475550040168293,0.004057529812616074,-0.013694628805901797,False
theory_resolution_original_v1-234351d90754a2c8,information_sampling,model_discrimination,coverage,-1.875,,,,,,,,,,,,,,,,-1.75972927324034,-1.775366136867429,-1.7699908510289477,0.013287340447700195,0.009926906682719902,0.011026921367624653,0.003360433764980292,False
theory_resolution_original_v1-2417c5304bb121b6,effort,model_discrimination,coverage,-1.125,,,,,,,,,,,,,,,,-1.1891650229142563,-1.2585949062851296,-1.2375109203253185,0.004117150165587035,0.01784759898533256,0.01265870719245017,-0.013730448819745526,False
theory_resolution_original_v1-244670571dc91b94,foraging,model_discrimination,discriminating,-1.0,,,,,,,,,,,,,,,,-0.923354404482498,-0.7605474537797429,-0.8589052225721758,0.0058745473122325306,0.05733752189136438,0.01990773621740724,-0.05146297457913185,False
theory_resolution_original_v1-251f510c470548b8,waiting,model_discrimination,coverage,-2.125,,,,,,,,,,,,,,,,-1.743104631980526,-1.7381629618787606,-1.7428303970825147,0.14584407211472955,0.1496428940624132,0.14605360539410836,-0.0037988219476836615,False
theory_resolution_original_v1-25709a34229e8768,waiting,model_discrimination,coverage,-1.1875,,,,,,,,,,,,,,,,-0.773817758947253,-0.7260588165383963,-0.799335305373085,0.17113299656242306,0.2129279657944454,0.1506718301548062,-0.04179496923202233,False
theory_resolution_original_v1-2b078135ce8a976e,foraging,model_discrimination,discriminating,-1.125,,,,,,,,,,,,,,,,-1.0223940337169357,-1.14345968821587,-1.062630239965515,0.010527984316881326,0.00034076008902713246,0.003889986966759245,0.010187224227854194,False
theory_resolution_original_v1-2b5a1370fb5ef1ae,effort,model_discrimination,coverage,-0.8125000000000002,,,,,,,,,,,,,,,,-0.02105576951249407,0.053538337066881034,0.004850150377345333,0.6263839699719607,0.7500224012695691,0.6680612683218694,-0.12363843129760843,False
theory_resolution_original_v1-2d01eb4b1c1cf182,solvability,model_discrimination,discriminating,1.6875,,,,,,,,,,,,,,,,2.342785797964065,2.1347034990922245,2.195744746962709,0.42939947701340164,0.1999909696003292,0.258312722815188,0.22940850741307245,False
theory_resolution_original_v1-2d046a412f54dc28,information_sampling,model_discrimination,coverage,-1.5625,,,,,,,,,,,,,,,,-1.955663776299481,-1.938394172823414,-1.9856299844532757,0.1545777549940684,0.1412964291625986,0.1790389837434293,0.013281325831469792,False
theory_resolution_original_v1-2d26e61046f14890,solvability,model_discrimination,discriminating,3.125,,,,,,,,,,,,,,,,3.5426178741732,3.909126545199934,3.7661520236511583,0.17440468882894267,0.6148544388871844,0.41107591743197547,-0.4404497500582417,False
theory_resolution_original_v1-2ff34ebc7de4e414,foraging,model_discrimination,discriminating,-0.9375,,,,,,,,,,,,,,,,-1.1725926736946968,-1.0156970656046918,-1.104283940538701,0.05526856522492117,0.006114781069184466,0.027816882821616967,0.04915378415573671,False
theory_resolution_original_v1-3284a5e8c2f716ac,waiting,model_discrimination,discriminating,-1.5,,,,,,,,,,,,,,,,-1.1419718769021605,-1.0137397135632007,-1.1548500427131119,0.12818413692896172,0.2364490661655981,0.1191284930151407,-0.10826492923663639,False
theory_resolution_original_v1-34e50d393276a4c9,effort,model_discrimination,discriminating,-0.8125000000000002,,,,,,,,,,,,,,,,-1.8565018037132233,-1.6109983658650588,-1.7619295389897007,1.0899397661564632,0.637599640289169,0.9014164495061953,0.4523401258672941,False
theory_resolution_original_v1-35584a8073a2874f,foraging,model_discrimination,discriminating,0.8750000000000001,,,,,,,,,,,,,,,,1.1070239605226266,1.3038698017637471,1.199571004273819,0.053835118256605356,0.18392930686487566,0.10534633681531537,-0.1300941886082703,False
theory_resolution_original_v1-37339c7e83119f81,effort,model_discrimination,discriminating,1.0,,,,,,,,,,,,,,,,0.9156678109009927,1.1598916682982874,1.0078114526024766,0.0071119181182307265,0.025565345591209557,6.101879176073877e-05,-0.01845342747297883,False
theory_resolution_original_v1-38e3ecca6433e81d,solvability,model_discrimination,discriminating,1.25,,,,,,,,,,,,,,,,2.0904174614656434,1.8987473322830009,1.950294965858034,0.7063015095363563,0.4208731011443103,0.49041303920610496,0.285428408392046,False
theory_resolution_original_v1-3b7fd304bc888f64,effort,model_discrimination,discriminating,-1.875,,,,,,,,,,,,,,,,-2.448274950154726,-2.2887220652342637,-2.4367597848173586,0.3286441684749037,0.17116594726170434,0.315574055838045,0.15747822121319935,False
theory_resolution_original_v1-3f640b6e95c1f77a,solvability,model_discrimination,discriminating,0.375,,,,,,,,,,,,,,,,0.5676835255014925,0.37849895838412617,0.4475722634268196,0.037126940999684305,1.224270977384683e-05,0.005266733418891698,0.03711469828991046,False
theory_resolution_original_v1-40d0f2dd86fe8476,effort,model_discrimination,discriminating,-0.3125,,,,,,,,,,,,,,,,-1.0358876570333295,-0.8827918892169282,-1.0271427219735139,0.52328970234817,0.3252328389066131,0.510714220069713,0.19805686344155687,False
theory_resolution_original_v1-41cbea53ce7b7bee,waiting,model_discrimination,coverage,0.18750000000000014,,,,,,,,,,,,,,,,-0.0501228908359449,-0.06044784173390361,-0.074683900885504,0.05646463824923145,0.06147813222050098,0.06874039788353986,-0.005013493971269531,False
theory_resolution_original_v1-42fff4586db1cd6e,debugging,model_discrimination,discriminating,-1.5625,,,,,,,,,,,,,,,,-1.9661784678250585,-1.8539049062791289,-1.8672969719031136,0.16295630538558675,0.08491681940354787,0.09290119408130743,0.07803948598203889,False
theory_resolution_original_v1-43584b25b42b4489,bandit,model_discrimination,discriminating,-0.8125,,,,,,,,,,,,,,,,-0.9823688138527108,-0.7489807183327875,-0.9989062745532676,0.028855413919726913,0.004034699143518684,0.03474729919282819,0.02482071477620823,False
theory_resolution_original_v1-43e062b362116897,waiting,model_discrimination,coverage,-0.1875,,,,,,,,,,,,,,,,-0.13017563245062302,-0.1296422082109766,-0.12951592195284248,0.003286083114936064,0.003347524070701983,0.0033621533069788548,-6.144095576591894e-05,False
theory_resolution_original_v1-461b74a7fe26198e,information_sampling,model_discrimination,discriminating,-2.125,,,,,,,,,,,,,,,,-1.6636684571674913,-1.9759826283784108,-1.7583852266530173,0.21282679241222277,0.02220617704500683,0.13440639203625948,0.19062061536721595,False
theory_resolution_original_v1-4707239920fd01d9,foraging,model_discrimination,discriminating,-2.5625,,,,,,,,,,,,,,,,-2.8979303454723944,-2.7479132806379996,-2.794824566696975,0.11251351666372983,0.03437808463694558,0.05397470429093713,0.07813543202678425,False
theory_resolution_original_v1-478fd833ae02a91e,solvability,model_discrimination,discriminating,0.625,,,,,,,,,,,,,,,,0.1864560466891075,0.4411341410650917,0.4424068389213166,0.19232079898554624,0.033806654081871605,0.03334026247270602,0.15851414490367463,False
theory_resolution_original_v1-47c19e80c1c8437b,waiting,model_discrimination,discriminating,-0.8750000000000002,,,,,,,,,,,,,,,,-1.1577446638567293,-1.0670656863661754,-1.1199656249950867,0.07994454493945469,0.03688922787930996,0.06000815742923332,0.043055317060144725,False
theory_resolution_original_v1-489ac03981ff424b,effort,model_discrimination,discriminating,0.75,,,,,,,,,,,,,,,,0.349198633870671,0.5463109029240851,0.43276195842153165,0.1606417350911364,0.041489248267601475,0.10063997502454201,0.11915248682353494,False
theory_resolution_original_v1-48e3aca18ab5ebfc,foraging,model_discrimination,discriminating,-0.5625000000000001,,,,,,,,,,,,,,,,-0.8125881079549175,-0.6368933308292557,-0.7490837276229416,0.06254406174047043,0.00553436767187107,0.034813487413672024,0.05700969406859936,False
theory_resolution_original_v1-4946d9296e94acb6,solvability,model_discrimination,discriminating,2.0,,,,,,,,,,,,,,,,2.635176299475246,2.457797710247258,2.5258137807807053,0.40344893141506727,0.2095787435076325,0.2764801320588996,0.19387018790743477,False
theory_resolution_original_v1-4d474229e9c1ea39,effort,model_discrimination,random,1.0625,,,,,,,,,,,,,,,,0.3644119898727969,0.4126824005468748,0.38356827874406285,0.48732686988335805,0.4222629125590223,0.4609482821275495,0.06506395732433573,False
theory_resolution_original_v1-4ddae10abd676a9b,solvability,model_discrimination,coverage,2.8125,,,,,,,,,,,,,,,,1.935800416577342,1.8922255124379588,1.9076462398915373,0.7686021595734622,0.8469051324575776,0.8187603271824234,-0.07830297288411536,False
theory_resolution_original_v1-4eb5d6a50dd3b282,debugging,model_discrimination,discriminating,-1.4375,,,,,,,,,,,,,,,,-0.9483727363333816,-0.8447760678091842,-0.8386615527812975,0.23924548006199364,0.35132165979174274,0.35860748586730673,-0.11207617972974909,False
theory_resolution_original_v1-4ed7b3a3f84b8221,bandit,model_discrimination,discriminating,-3.125,,,,,,,,,,,,,,,,-2.606014317407645,-2.350779077085477,-2.5480253189884756,0.26934613873585256,0.599418037478616,0.33289978252835034,-0.33007189874276344,False
theory_resolution_original_v1-4ef0cc23c175c499,debugging,model_discrimination,discriminating,-1.4375,,,,,,,,,,,,,,,,-1.4377674565478324,-1.3444440910003908,-1.339316253091499,7.153300497844911e-08,0.008659402199743557,0.009640048156992572,-0.008659330666738579,False
theory_resolution_original_v1-504ff983e6e18c0a,information_sampling,model_discrimination,discriminating,-2.75,,,,,,,,,,,,,,,,-2.434399575654508,-2.0516164507815837,-2.3202650976363537,0.0996036278470546,0.4877395818189121,0.18467208630949264,-0.3881359539718575,False
theory_resolution_original_v1-50bba17eba2860df,effort,model_discrimination,discriminating,-1.25,,,,,,,,,,,,,,,,-1.0978085430661908,-0.9303719808376545,-0.9815271906780514,0.0231622395636355,0.10216207063364471,0.07207764934521937,-0.07899983107000921,False
theory_resolution_original_v1-50e70418ccdcd322,debugging,model_discrimination,discriminating,-1.25,,,,,,,,,,,,,,,,-1.0227069757771514,-0.8780406220113961,-0.9174906589293075,0.051662118860368436,0.13835377887366912,0.11056246189926613,-0.08669166001330068,False
theory_resolution_original_v1-50e78e04dccca0b1,foraging,model_discrimination,discriminating,-0.5,,,,,,,,,,,,,,,,-0.5191971337194276,-0.3518488329627326,-0.4442370944909925,0.00036852994304158225,0.021948768294504303,0.003109501630806496,-0.02158023835146272,False
theory_resolution_original_v1-5169cb3c0d5f9a32,solvability,model_discrimination,discriminating,0.43749999999999994,,,,,,,,,,,,,,,,0.6341001211901842,0.9638972327806329,0.8407088383049521,0.03865160765199514,0.2770940466791079,0.16257736728722907,-0.23844243902711276,False
theory_resolution_original_v1-52c7f7f7d9d6d0b5,bandit,model_discrimination,discriminating,-0.6875000000000001,,,,,,,,,,,,,,,,-0.4574383658542899,-0.18813092049437646,-0.32475043088433775,0.052928355505794625,0.24936947756629388,0.1315872498935987,-0.19644112206049924,False
theory_resolution_original_v1-5447f457a47e66a5,bandit,model_discrimination,coverage,-1.0625,,,,,,,,,,,,,,,,-1.005362451515117,-0.7332681116768831,-0.8718391123778337,0.0032646994468623625,0.10839363628880531,0.036351574068872315,-0.10512893684194295,False
theory_resolution_original_v1-54e00e3e51707ab8,bandit,model_discrimination,random,-0.6875,,,,,,,,,,,,,,,,-0.7210729771705521,-0.5612231731392235,-0.5457571963088561,0.001127144796094411,0.015945837002026515,0.020091022398226153,-0.014818692205932104,False
theory_resolution_original_v1-55034db8fa502b8f,bandit,model_discrimination,discriminating,-1.625,,,,,,,,,,,,,,,,-2.293251418810258,-1.9123679579785149,-2.1798909663364032,0.44655995874192306,0.0825803432727415,0.3079039845217474,0.36397961546918156,False
theory_resolution_original_v1-550f96694e28dfaa,debugging,model_discrimination,discriminating,-0.18749999999999997,,,,,,,,,,,,,,,,0.3559380404735508,0.48097552592359344,0.4507821126235508,0.29532490383373267,0.4468595287588248,0.4074040552951831,-0.15153462492509212,False
theory_resolution_original_v1-55e5d7d4d4d09a9b,foraging,model_discrimination,coverage,-0.6875000000000001,,,,,,,,,,,,,,,,-0.6937133329616847,-0.7025920791088602,-0.7084981372163981,3.860550649275609e-05,0.0002277708518280922,0.000440921766558678,-0.0001891653453353361,False
theory_resolution_original_v1-56727673c9fcbb3a,information_sampling,model_discrimination,discriminating,-1.625,,,,,,,,,,,,,,,,-1.856093674922169,-1.5125118257444945,-1.723942100440159,0.05340428658903314,0.012653589347336971,0.0097895392395105,0.040750697241696165,False
theory_resolution_original_v1-5673076ef158a0a3,solvability,model_discrimination,discriminating,-0.5625,,,,,,,,,,,,,,,,0.011229790142653642,-0.2112088626309277,-0.05917436087686771,0.32916587209713344,0.12340546319405643,0.25333669899870964,0.205760408903077,False
theory_resolution_original_v1-579639b4c6c3fc54,debugging,model_discrimination,discriminating,0.24999999999999997,,,,,,,,,,,,,,,,0.40191985674655684,0.5590125523181841,0.49919552030955766,0.02307964287389436,0.09548875749019849,0.062098407342351176,-0.07240911461630413,False
theory_resolution_original_v1-57ee9eebef4b8911,waiting,model_discrimination,discriminating,-0.31250000000000006,,,,,,,,,,,,,,,,-0.5221004835215735,-0.3529354094328174,-0.4816285115912672,0.04393236269247736,0.001635022335999576,0.028604453433077378,0.04229734035647779,False
theory_resolution_original_v1-58e519906348811a,debugging,model_discrimination,coverage,-1.625,,,,,,,,,,,,,,,,-0.9072093470911715,-0.9134467338372969,-0.9131129481164407,0.5152234214032823,0.5063080505868106,0.5067831746394654,0.008915370816471646,False
theory_resolution_original_v1-59230a91dd77eee1,information_sampling,model_discrimination,random,-1.1875,,,,,,,,,,,,,,,,-0.7884943983585572,-0.7746206553562361,-0.7926564482321505,0.15920547014124978,0.17046935323346393,0.15590143037265042,-0.011263883092214155,False
theory_resolution_original_v1-5d67007822fa087f,solvability,model_discrimination,discriminating,0.18749999999999994,,,,,,,,,,,,,,,,0.32744104115310285,0.4993011214100205,0.5163432905025137,0.01958349499901444,0.09721993931254637,0.10813790970852066,-0.07763644431353192,False
theory_resolution_original_v1-5e19f024e610d44b,bandit,model_discrimination,random,-0.9375000000000002,,,,,,,,,,,,,,,,-0.42050949979030317,-0.41414146741245284,-0.42572694186863536,0.2672791773070728,0.2739041536321909,0.2619116630291294,-0.006624976325118104,False
theory_resolution_original_v1-5e4351b5db07d9bb,bandit,model_discrimination,random,1.4375000000000002,,,,,,,,,,,,,,,,1.2314299323098532,1.221690440038948,1.2337159252689691,0.042464872797821775,0.04657376617058304,0.04152794911398247,-0.004108893372761269,False
theory_resolution_original_v1-5f695bc61f3a9654,debugging,model_discrimination,coverage,-0.375,,,,,,,,,,,,,,,,-0.026859952730026615,-0.030766939566396312,-0.07725224357697408,0.1212014925131393,0.11849639989548505,0.08865372645494557,0.0027050926176542534,False
theory_resolution_original_v1-60a755abad9690de,debugging,model_discrimination,discriminating,-1.125,,,,,,,,,,,,,,,,-0.8527251042361073,-0.6952578866715604,-0.7543044558636167,0.07413361886323866,0.1846782839679934,0.13741518644256928,-0.11054466510475475,False
theory_resolution_original_v1-60cd577c8a1dc5cd,waiting,model_discrimination,discriminating,-0.625,,,,,,,,,,,,,,,,-1.0225876783819257,-0.9512086011415858,-0.9846772187329765,0.15807596200112956,0.1064120514587502,0.12936770167548944,0.05166391054237936,False
theory_resolution_original_v1-63d84c45ff0274d7,effort,model_discrimination,random,-2.375,,,,,,,,,,,,,,,,-2.1360937219694547,-2.0631840188144164,-2.1523393155586072,0.05707620968240822,0.09722920612272824,0.04957778039590948,-0.04015299644032002,False
theory_resolution_original_v1-66eca92dd93ae104,effort,model_discrimination,discriminating,0.75,,,,,,,,,,,,,,,,1.1903134898280026,1.358308520902714,1.2731240421405956,0.1938759693245145,0.37003925660284753,0.27365876346551565,-0.17616328727833303,False
theory_resolution_original_v1-68258ccb752836e4,waiting,model_discrimination,coverage,-1.25,,,,,,,,,,,,,,,,-1.0087912631093672,-1.0156217392628641,-1.0348259978522862,0.05818165475237453,0.05493316910616484,0.04629985120026433,0.0032484856462096923,False
theory_resolution_original_v1-6991cf507321ad26,solvability,model_discrimination,random,0.24999999999999992,,,,,,,,,,,,,,,,0.5759071680435413,0.4210231942305353,0.4713659058116805,0.1062154821821611,0.02924893296481543,0.049002864255825826,0.07696654921734568,False
theory_resolution_original_v1-69adf56e11c0179e,information_sampling,model_discrimination,discriminating,-1.8125,,,,,,,,,,,,,,,,-1.7473766531453254,-1.4306655848071719,-1.6369092867676702,0.0042410503055542535,0.14579752062564905,0.03083209857343827,-0.1415564703200948,False
theory_resolution_original_v1-6bd6197eb2a01a88,solvability,model_discrimination,random,0.25,,,,,,,,,,,,,,,,1.6732091696405709,1.577063907164498,1.587968535695039,2.025524340549003,1.7610986136987035,1.790159802509927,0.26442572685029964,False
theory_resolution_original_v1-6d730238a961a7bb,bandit,model_discrimination,random,0.8125000000000002,,,,,,,,,,,,,,,,0.5945632537140993,0.5784161036953162,0.5919992230600432,0.04749642538168513,0.054795270509182085,0.048620592631124705,-0.007298845127496956,False
theory_resolution_original_v1-6e825a74edd33522,information_sampling,model_discrimination,coverage,-1.25,,,,,,,,,,,,,,,,-1.1668740784158897,-1.1575026083571833,-1.159031112244553,0.006909918839207646,0.008555767460724612,0.008275338539463132,-0.0016458486215169656,False
theory_resolution_original_v1-706bbbc60c116a7f,debugging,model_discrimination,discriminating,-1.875,,,,,,,,,,,,,,,,-2.3312735351401717,-2.1979614964877348,-2.242889208803917,0.20818553886930946,0.10430412821359711,0.13534246995437219,0.10388141065571235,False
theory_resolution_original_v1-709685c0748f298c,waiting,model_discrimination,discriminating,-1.4375,,,,,,,,,,,,,,,,-1.465958600682872,-1.317358835628753,-1.4210750614952754,0.0008098919528271617,0.014433899376478963,0.0002697786048839846,-0.013624007423651802,False
theory_resolution_original_v1-72cd1dcfd3515f84,information_sampling,model_discrimination,discriminating,-1.9375,,,,,,,,,,,,,,,,-1.3001527137390063,-1.5434599586509128,-1.4009117877747097,0.406211563304253,0.15526755418639035,0.2879269094991332,0.25094400911786263,False
theory_resolution_original_v1-74b62b938d34cdc2,debugging,model_discrimination,discriminating,-1.875,,,,,,,,,,,,,,,,-0.8373954824777273,-0.7440906747825694,-0.7328037202966191,1.076623134782628,1.2789559018637444,1.304612341368244,-0.20233276708111636,False
theory_resolution_original_v1-74c0a92324def397,debugging,model_discrimination,random,-0.31249999999999994,,,,,,,,,,,,,,,,-0.6963903048481821,-0.6983981922441592,-0.7055108854522486,0.14737176615643022,0.1489174147773101,0.15445755608396053,-0.0015456486208798859,False
theory_resolution_original_v1-74f643074fdf2bc6,foraging,model_discrimination,random,0.125,,,,,,,,,,,,,,,,-0.04354117683964698,-0.11370482132869586,-0.08209304216477854,0.028406128290493157,0.056979991725564616,0.04288752811306274,-0.02857386343507146,False
theory_resolution_original_v1-75b8c1ebad8fdff5,information_sampling,model_discrimination,discriminating,-1.3125,,,,,,,,,,,,,,,,-1.621819426757003,-1.9457030800063728,-1.7401993356732917,0.09567850776928093,0.40094614052955696,0.18292672173537503,-0.305267632760276,False
theory_resolution_original_v1-771b4c52886ffd2d,bandit,model_discrimination,discriminating,1.8125,,,,,,,,,,,,,,,,1.287414060931369,1.6572055670975923,1.398188824801644,0.2757152434075862,0.024116360890480422,0.17165374989424279,0.25159888251710577,False
theory_resolution_original_v1-782520a38e17be22,waiting,model_discrimination,discriminating,-1.5625,,,,,,,,,,,,,,,,-1.6925680196255626,-1.4998946596121179,-1.6457408278177663,0.016917689729315732,0.0039194286450825845,0.006929035415787019,0.012998261084233149,False
theory_resolution_original_v1-78ca34d485c7e1c0,effort,model_discrimination,random,-0.375,,,,,,,,,,,,,,,,-0.44193892456749984,-0.3651387424001617,-0.4546673504617808,0.004480819622253433,9.724440145036868e-05,0.006346886729600206,0.004383575220803065,False
theory_resolution_original_v1-7a7daedad5065f02,bandit,model_discrimination,discriminating,-0.4999999999999999,,,,,,,,,,,,,,,,-1.153980392774522,-0.7723369434366183,-1.0408567577552306,0.42769035413351825,0.0741674107603999,0.29252603240950026,0.35352294337311835,False
theory_resolution_original_v1-7bf6fa2edafdfd33,information_sampling,model_discrimination,discriminating,-1.4375,,,,,,,,,,,,,,,,-1.1433643594505312,-1.354845834144101,-1.0792461468442878,0.08651577504144634,0.006831711133334463,0.12834582330091462,0.07968406390811188,False
theory_resolution_original_v1-7e3bb31a23903bd1,information_sampling,model_discrimination,discriminating,-2.125,,,,,,,,,,,,,,,,-1.8960056379643637,-2.0942216323233183,-1.8245789664410852,0.052438417844108055,0.0009473079168410073,0.09025279740460662,0.05149110992726705,False
theory_resolution_original_v1-7e7e3db8c1784b66,waiting,model_discrimination,discriminating,-1.3125,,,,,,,,,,,,,,,,-1.9970659473946024,-1.9211064017344008,-1.9541533260703865,0.4686305363322696,0.3704017522320949,0.4117189908571897,0.09822878410017466,False
theory_resolution_original_v1-802f4215ee9852f5,foraging,model_discrimination,random,-2.125,,,,,,,,,,,,,,,,-1.9211248734524258,-1.924034092224037,-1.9193763787403113,0.041565067224789407,0.040387296088216826,0.0422810736199479,0.0011777711365725807,False
theory_resolution_original_v1-81034df9f33ee13d,foraging,model_discrimination,coverage,0.06249999999999993,,,,,,,,,,,,,,,,0.24473737607375934,0.24303760111033917,0.32240797408779487,0.03321046123824881,0.03259382541467596,0.06755215499442188,0.0006166358235728531,False
theory_resolution_original_v1-819d67c5c5a44e7c,effort,model_discrimination,discriminating,-0.18749999999999997,,,,,,,,,,,,,,,,0.6262151624333727,0.7843830825015758,0.735369140021194,0.6621323655739701,0.9445567260527649,0.8516874496034582,-0.2824243604787947,False
theory_resolution_original_v1-8226e67069fb41af,bandit,model_discrimination,discriminating,1.6875,,,,,,,,,,,,,,,,0.6060795130060734,0.9465765148813774,0.7123892640787268,1.1694702696901813,0.5489676108003257,0.950840947308927,0.6205026588898556,False
theory_resolution_original_v1-83443f10f17c4b1f,debugging,model_discrimination,discriminating,-1.5625,,,,,,,,,,,,,,,,-1.5539165669158046,-1.4489227468421735,-1.4563290158697966,7.367532351086019e-05,0.012899792434877013,0.011272277871175908,-0.012826117111366152,False
theory_resolution_original_v1-853bfd72718ea04d,waiting,model_discrimination,discriminating,-1.0,,,,,,,,,,,,,,,,-1.0771762045797109,-0.9535636843772421,-1.02727689107665,0.005956166553329384,0.0021563314086163847,0.0007440287868074339,0.003799835144712999,False
theory_resolution_original_v1-85bab0d18929f326,foraging,model_discrimination,coverage,-1.3125,,,,,,,,,,,,,,,,-1.35292991854439,-1.21515178042532,-1.2796144938117369,0.0016345783135060048,0.009476675854360107,0.001081456517258293,-0.007842097540854102,False
theory_resolution_original_v1-85c651d89459ecb5,information_sampling,model_discrimination,coverage,-1.9375,,,,,,,,,,,,,,,,-1.8232883161337923,-2.042166098755934,-1.9627224507182497,0.013044308731554573,0.010954992228786934,0.0006361720202345343,0.002089316502767639,False
theory_resolution_original_v1-85fd4ec350f9a807,bandit,model_discrimination,coverage,-0.24999999999999994,,,,,,,,,,,,,,,,-0.1996218344118462,-0.1861688744478622,-0.19963757643844254,0.0025379595680274387,0.004074412589252772,0.002536373706993712,-0.0015364530212253332,False
theory_resolution_original_v1-8801d23b8211d714,waiting,model_discrimination,discriminating,-1.0000000000000002,,,,,,,,,,,,,,,,-1.0130802130593914,-0.8286133736244092,-0.9706758185427387,0.00017109197367906867,0.02937337570040642,0.0008599076181384031,-0.02920228372672735,False
theory_resolution_original_v1-8a0d96beecb29602,bandit,model_discrimination,coverage,-1.4375,,,,,,,,,,,,,,,,-1.5332049446171379,-1.5409539192066277,-1.535953258344352,0.009159436424169424,0.010702713399211456,0.009693044078619723,-0.001543276975042033,False
theory_resolution_original_v1-8be4155ab9b7cbbe,foraging,model_discrimination,discriminating,0.3125,,,,,,,,,,,,,,,,0.25360373957072485,0.4299458917194166,0.3180062519749366,0.003468769492553002,0.01379353748176893,3.0318810811493135e-05,-0.010324767989215928,False
theory_resolution_original_v1-8e36d3249430992a,effort,model_discrimination,random,0.18749999999999994,,,,,,,,,,,,,,,,0.5656087666334155,0.5798733669419506,0.566557360379558,0.14296623940504272,0.15395685908536264,0.14368448245791812,-0.010990619680319919,False
theory_resolution_original_v1-8e54d25217aefbc6,debugging,model_discrimination,discriminating,-1.8125,,,,,,,,,,,,,,,,-1.6744283913900837,-1.5573485405442877,-1.567185438092665,0.01906376910412991,0.06510226726237998,0.06017923428378766,-0.04603849815825008,False
theory_resolution_original_v1-8ec3af56aa97f80b,debugging,model_discrimination,coverage,-1.625,,,,,,,,,,,,,,,,-1.6752759242950068,-1.721838922624952,-1.7181090804551298,0.0025276685637172576,0.009377776935161435,0.00866930086319983,-0.006850108371444178,False
theory_resolution_original_v1-8f07bba6ca656e0d,debugging,model_discrimination,random,-2.7755575615628914e-17,,,,,,,,,,,,,,,,0.3642586901359691,0.3626160251901239,0.36141239913217826,0.13268439333957197,0.13149038172468458,0.13061892224647692,0.0011940116148873858,False
theory_resolution_original_v1-9012eb595f1721b9,solvability,model_discrimination,discriminating,0.6875000000000001,,,,,,,,,,,,,,,,1.550287973772238,1.8944795018161888,1.7513224196735788,0.7444030876860037,1.4567995178044548,1.1317181406001475,-0.7123964301184511,False
theory_resolution_original_v1-91b63d5decc42c78,effort,model_discrimination,discriminating,0.5,,,,,,,,,,,,,,,,0.33879587618443335,0.5556340945126033,0.40638080498510276,0.025986769535144543,0.003095152472237272,0.00876455367523736,0.022891617062907273,False
theory_resolution_original_v1-91e893f0fb6c8b3c,information_sampling,model_discrimination,discriminating,-2.0625,,,,,,,,,,,,,,,,-1.9580324060055472,-1.5496390143319712,-1.8204974290104154,0.010913478194989836,0.2630263906203821,0.05856524436556891,-0.25211291242539224,False
theory_resolution_original_v1-9290b6ee5921b1f7,information_sampling,model_discrimination,random,-2.125,,,,,,,,,,,,,,,,-1.8014385284340113,-1.6844727745645716,-1.6712755595585218,0.1046920258819481,0.1940642363498368,0.2058658678539325,-0.0893722104678887,False
theory_resolution_original_v1-9422f3d794d7a118,effort,model_discrimination,discriminating,-0.6250000000000001,,,,,,,,,,,,,,,,0.671659074294038,0.8648110852320819,0.7832026704693756,1.6813247549490717,2.219537069680394,1.9830347611170813,-0.5382123147313225,False
theory_resolution_original_v1-945bec0fc8a62859,bandit,model_discrimination,discriminating,-1.0,,,,,,,,,,,,,,,,-2.0653867121012772,-1.684425549886111,-1.958687873032864,1.1350488463219697,0.4684383333369053,0.9190824379002769,0.6666105129850644,False
theory_resolution_original_v1-9a17f7cf042a1f74,bandit,model_discrimination,discriminating,1.375,,,,,,,,,,,,,,,,1.3963755417437547,1.603597190186099,1.3813651703143006,0.0004569137848389983,0.05225667536097953,4.0515393130053814e-05,-0.05179976157614054,False
theory_resolution_original_v1-9ae7d5c4b37a2605,foraging,model_discrimination,coverage,0.3125,,,,,,,,,,,,,,,,0.15463250192129563,0.11828096829370235,0.11043168322570293,0.024922146949629728,0.03772103227693185,0.04083160464399767,-0.012798885327302119,False
theory_resolution_original_v1-9c321aa71e427260,solvability,model_discrimination,discriminating,-1.125,,,,,,,,,,,,,,,,-0.6846675587350105,-0.2852503745743846,-0.47538059184962367,0.19389265883038542,0.7051794334024614,0.42200537544564526,-0.5112867745720759,False
theory_resolution_original_v1-9d65ae1d3a52d6ed,information_sampling,model_discrimination,coverage,-1.5,,,,,,,,,,,,,,,,-1.695454403792136,-1.5764905049150757,-1.5715304183943208,0.03820242396173933,0.005850797342163219,0.005116600755666593,0.032351626619576114,False
theory_resolution_original_v1-9da268e2193ce106,solvability,model_discrimination,coverage,-0.125,,,,,,,,,,,,,,,,0.3558244921105026,0.5735065517775282,0.37801095568083587,0.23119219221332277,0.48791140287613266,0.25302002153494785,-0.2567192106628099,False
theory_resolution_original_v1-9db66a45b8995775,debugging,model_discrimination,random,-2.5625,,,,,,,,,,,,,,,,-2.8324281880379383,-2.840060695511284,-2.8530093168880395,0.07286122669744456,0.07703993969270767,0.08439566319875534,-0.004178712995263109,False
theory_resolution_original_v1-9e87b5d497e813a2,bandit,model_discrimination,discriminating,-0.37500000000000006,,,,,,,,,,,,,,,,-0.43618371421658286,-0.1194766268111086,-0.3750844593199393,0.003743446885336477,0.0652921942458295,7.133376724596024e-09,-0.06154874736049302,False
theory_resolution_original_v1-9f4f87cf64d12133,waiting,model_discrimination,discriminating,-1.4375,,,,,,,,,,,,,,,,-2.3297189684066915,-2.2219385726078227,-2.2923036937859127,0.7960546875847007,0.6153438741949983,0.7306893549100404,0.1807108133897024,False
theory_resolution_original_v1-a03a2f8a538eaee0,bandit,model_discrimination,discriminating,0.12499999999999996,,,,,,,,,,,,,,,,-0.29208159154499297,0.06761464139313311,-0.17809971376639927,0.1739570540057043,0.003293079382438707,0.09186943648527314,0.1706639746232656,False
theory_resolution_original_v1-a0f2f640d2d51f1c,debugging,model_discrimination,discriminating,-0.5625,,,,,,,,,,,,,,,,-0.2587367306223275,-0.1384730319501863,-0.16402011676628492,0.09227212382301243,0.17979886963351774,0.1587862173419552,-0.0875267458105053,False
theory_resolution_original_v1-a3bec6f34c216737,foraging,model_discrimination,discriminating,-1.5625,,,,,,,,,,,,,,,,-2.2300232936983884,-2.0518310096251184,-2.138989843217785,0.44558734762994484,0.23944483698073776,0.3323405393332663,0.20614251064920708,False
theory_resolution_original_v1-a4015a9b407441f2,debugging,model_discrimination,coverage,-1.25,,,,,,,,,,,,,,,,-0.590938087947601,-0.6342573776778258,-0.632377231809679,0.43436260391816406,0.37913897694418774,0.381457883787075,0.055223626973976314,False
theory_resolution_original_v1-a41613996c92c2fe,bandit,model_discrimination,random,3.5,,,,,,,,,,,,,,,,1.5962916259668638,1.3902807844901321,1.5385466659450302,3.624105573363887,4.450915168291572,3.847299181675357,-0.8268095949276848,False
theory_resolution_original_v1-a4804f7d1cb448d6,debugging,model_discrimination,coverage,-0.8750000000000002,,,,,,,,,,,,,,,,0.18265821781815703,0.17812629566142393,0.17923725995145473,1.1186409057182807,1.1090749946135536,1.1114162002699515,0.009565911104727043,False
theory_resolution_original_v1-a605e142f78bd9a3,waiting,model_discrimination,random,0.0,,,,,,,,,,,,,,,,0.18138406780016847,0.358972392595066,0.22700482329043598,0.03290018005173611,0.1288611786454262,0.05153118979712206,-0.09596099859369009,False
theory_resolution_original_v1-a9ed61bab4711d2e,solvability,model_discrimination,coverage,1.375,,,,,,,,,,,,,,,,0.8913743047656769,0.7977153508677125,0.8012512673445868,0.23389381309088236,0.33325756612378826,0.32918760822369275,-0.0993637530329059,False
theory_resolution_original_v1-ad66c6d7baf68fad,effort,model_discrimination,coverage,-1.5,,,,,,,,,,,,,,,,-1.2389133565303254,-1.168291974685359,-1.1651145804385106,0.06816623539826097,0.11003021405813848,0.11214824423487481,-0.04186397865987751,False
theory_resolution_original_v1-aee2e8756a99950f,effort,model_discrimination,discriminating,-1.8125,,,,,,,,,,,,,,,,-2.199724534348514,-1.9521631577108154,-2.1025608696566658,0.14994284000142358,0.019505797621756093,0.08413530810598126,0.1304370423796675,False
theory_resolution_original_v1-b015e75c63241626,debugging,model_discrimination,random,0.5000000000000001,,,,,,,,,,,,,,,,0.5253419176086718,0.4584783410207811,0.48270928851509853,0.0006422127880847027,0.001724048164386558,0.0002989687036541073,-0.0010818353763018553,False
theory_resolution_original_v1-b481d77c8d0863f0,information_sampling,model_discrimination,random,-1.1875,,,,,,,,,,,,,,,,-1.4875460410013002,-1.492583070573726,-1.5041660062460667,0.09002762672055391,0.09307567995069306,0.10027735951183393,-0.0030480532301391527,False
theory_resolution_original_v1-b52c31062f74de83,foraging,model_discrimination,discriminating,-0.625,,,,,,,,,,,,,,,,-0.6025935626595571,-0.7165650293735382,-0.6401807787541632,0.0005020484342911938,0.008384154604176908,0.00023045604358285394,-0.007882106169885715,False
theory_resolution_original_v1-b5d125f64d180463,bandit,model_discrimination,discriminating,-1.4375,,,,,,,,,,,,,,,,-1.851281917365605,-1.6021954703462482,-1.8687978651839234,0.17121547513875635,0.02712459795257192,0.1860178485122098,0.14409087718618444,False
theory_resolution_original_v1-b5d58d91c162818d,bandit,model_discrimination,discriminating,-1.0625,,,,,,,,,,,,,,,,-1.5662028658492202,-1.2382870919978233,-1.5029737579934133,0.2537165770647175,0.030901101713051184,0.19401713148084,0.22281547535166632,False
theory_resolution_original_v1-b6580eee407fc2aa,foraging,model_discrimination,random,-1.5625,,,,,,,,,,,,,,,,-1.9411645903426746,-1.9365337480887121,-1.9353840482659397,0.1433868719793856,0.1399012447092902,0.13904251345119564,0.0034856272700954094,False
theory_resolution_original_v1-b8c0663153c47a2c,foraging,model_discrimination,discriminating,-0.375,,,,,,,,,,,,,,,,0.011928056144828267,-0.10501453425565899,-0.02695298575503627,0.1497133206320154,0.07289215171318873,0.121136724124834,0.07682116891882666,False
theory_resolution_original_v1-b98e0fd23f5fda1a,waiting,model_discrimination,random,0.625,,,,,,,,,,,,,,,,0.23133158694901346,0.23379480743469033,0.20988498792097313,0.15497481943408214,0.15304150269006103,0.17232047325337066,0.001933316744021113,False
theory_resolution_original_v1-b9b06922590938c1,information_sampling,model_discrimination,random,-1.75,,,,,,,,,,,,,,,,-2.0789688564307305,-1.9047762431756594,-1.9605981353634525,0.10822050850134256,0.023955685451570858,0.04435157461856307,0.0842648230497717,False
theory_resolution_original_v1-ba274550bdd6de32,foraging,model_discrimination,discriminating,-2.7755575615628914e-17,,,,,,,,,,,,,,,,0.18628435708152502,0.3128689003439762,0.26079130958118707,0.03470186169327713,0.0978869488024489,0.06801210715307059,-0.06318508710917177,False
theory_resolution_original_v1-ba9086f1274127b0,solvability,model_discrimination,random,1.9375,,,,,,,,,,,,,,,,1.4018091268802424,1.302157856295769,1.3557638992956247,0.28696471154380826,0.40365963956668777,0.3384168908627311,-0.11669492802287951,False
theory_resolution_original_v1-bd5ee9dda4fa6b2a,effort,model_discrimination,discriminating,-0.5625000000000001,,,,,,,,,,,,,,,,-1.1237801938090453,-0.9064668031621246,-1.051470293458506,0.3150354559623193,0.11831316167757168,0.23909194788489743,0.19672229428474763,False
theory_resolution_original_v1-be324df5cb12f764,solvability,model_discrimination,discriminating,-0.5625,,,,,,,,,,,,,,,,-0.8884164519374094,-0.6820008459689162,-0.8506520850926355,0.10622153364346967,0.014280452187286633,0.08303162414323342,0.09194108145618304,False
theory_resolution_original_v1-bf0145c2de2c57cd,debugging,model_discrimination,discriminating,-1.7499999999999998,,,,,,,,,,,,,,,,-1.349419528693912,-1.2606028582889037,-1.2465246902090001,0.16046471399180748,0.23950956231499063,0.2534873875691431,-0.07904484832318315,False
theory_resolution_original_v1-bfaf72bfc5a2c72f,foraging,model_discrimination,discriminating,-0.6875,,,,,,,,,,,,,,,,-0.5864687601234178,-0.4087513531447555,-0.5116265435978578,0.010207311430999502,0.0777008081236298,0.03093147266683623,-0.0674934966926303,False
theory_resolution_original_v1-c0913154dcce50f3,solvability,model_discrimination,coverage,-1.3125,,,,,,,,,,,,,,,,-1.733804611650696,-1.705095654823761,-1.5028730761250664,0.17749757579814376,0.1541313481864977,0.036241908113320315,0.023366227611646057,False
theory_resolution_original_v1-c1f4857aeb42bff3,foraging,model_discrimination,random,-1.0625,,,,,,,,,,,,,,,,-1.7051850612355182,-1.5235382050349233,-1.6155464423015544,0.41304408793530173,0.21255622650182399,0.30586036734240657,0.20048786143347774,False
theory_resolution_original_v1-c89546aee50666f5,information_sampling,model_discrimination,discriminating,-1.9375,,,,,,,,,,,,,,,,-2.045066431125218,-2.3801367838561127,-2.1775811579976785,0.011570537105016272,0.19592732242248304,0.05763896242550626,-0.18435678531746677,False
theory_resolution_original_v1-c9632e1f5082e894,solvability,model_discrimination,discriminating,1.3125,,,,,,,,,,,,,,,,1.484573226956107,1.7168293108884847,1.5238320948282396,0.029609195435087887,0.1634821916435569,0.04466125430449204,-0.13387299620846901,False
theory_resolution_original_v1-ca454bf689c4e009,information_sampling,model_discrimination,coverage,-1.4375,,,,,,,,,,,,,,,,-1.6656961903461243,-1.5712304612673864,-1.5476360625405725,0.05207350128848458,0.017883836270787937,0.0121299522719409,0.034189665017696644,False
theory_resolution_original_v1-cf34ae35efae69ea,solvability,model_discrimination,random,-0.5,,,,,,,,,,,,,,,,0.09675318222908083,-0.017200917681125652,0.05193247187837638,0.3561143605005345,0.2330949538879472,0.3046294535137747,0.12301940661258731,False
theory_resolution_original_v1-cfabe35154286f74,information_sampling,model_discrimination,discriminating,-1.25,,,,,,,,,,,,,,,,-1.4848577316806073,-1.8012479403371962,-1.6081869187574205,0.055158154130160134,0.30387429172600094,0.12829786876893495,-0.24871613759584082,False
theory_resolution_original_v1-d0f94fb4625ed96f,solvability,model_discrimination,discriminating,-2.7755575615628914e-17,,,,,,,,,,,,,,,,1.2765567615948958,1.0445118489231797,1.2058752908803196,1.6295971655736476,1.0910050025409195,1.4541352171556956,0.5385921630327282,False
theory_resolution_original_v1-d12833a6ea37a7f4,effort,model_discrimination,coverage,-1.0,,,,,,,,,,,,,,,,-0.499120713412863,-0.38735540760692583,-0.3962492470240147,0.2508800597320393,0.3753333965884759,0.36451497171906927,-0.12445333685643661,False
theory_resolution_original_v1-d16b53e6263bca01,information_sampling,model_discrimination,discriminating,-1.75,,,,,,,,,,,,,,,,-1.5073419806196686,-1.1532384432169,-1.4225059527134194,0.05888291436958528,0.35612435565418904,0.10725235100814509,-0.2972414412846038,False
theory_resolution_original_v1-d1f80ce84c1acb33,waiting,model_discrimination,random,-1.5,,,,,,,,,,,,,,,,-1.5541636635504326,-1.5017241455204213,-1.5737304187700913,0.002933702449204457,2.97267777558893e-06,0.0054361746520130375,0.002930729771428868,False
theory_resolution_original_v1-d57d2aa088593d6d,waiting,model_discrimination,random,-1.4375,,,,,,,,,,,,,,,,-1.7371442343189667,-1.7380162544855322,-1.7552547468362862,0.08978666716059981,0.09031001921001315,0.10096807913699236,-0.0005233520494133392,False
theory_resolution_original_v1-d5b425cd5b82055e,waiting,model_discrimination,discriminating,-2.0,,,,,,,,,,,,,,,,-2.6281824551688686,-2.447611109149518,-2.5858337718255937,0.3946131969819876,0.20035570503406178,0.34320120821140176,0.19425749194792583,False
theory_resolution_original_v1-d719b996faf9be53,information_sampling,model_discrimination,discriminating,-1.375,,,,,,,,,,,,,,,,-1.3335553945635468,-0.942546456580532,-1.2117868786411137,0.0017176553197832886,0.18701606721605366,0.026638522983710555,-0.18529841189627036,False
theory_resolution_original_v1-d76a06eeafd5dfed,bandit,model_discrimination,coverage,-0.43749999999999994,,,,,,,,,,,,,,,,-0.4663996866613159,-0.4920324914184462,-0.2880522041947581,0.0008351918891222449,0.0029737926203029126,0.02233464367104527,-0.0021386007311806677,False
theory_resolution_original_v1-d7d26d20fa360218,waiting,model_discrimination,discriminating,-2.5,,,,,,,,,,,,,,,,-2.428365112278878,-2.2601932246641,-2.3863373611946446,0.005131557138817744,0.05750728949700287,0.012919195460196691,-0.05237573235818513,False
theory_resolution_original_v1-d930c45582761a41,solvability,model_discrimination,discriminating,1.75,,,,,,,,,,,,,,,,1.4611777780575337,1.7241934871065778,1.6093278769262942,0.08341827588778328,0.0006659761077183649,0.01978864621006383,0.08275229978006492,False
theory_resolution_original_v1-d9400b43c94bf978,bandit,model_discrimination,discriminating,-0.3125,,,,,,,,,,,,,,,,-0.8425917095196029,-0.4701218379758242,-0.733774019868625,0.2809972205014151,0.02484464380687697,0.17747179981627065,0.25615257669453817,False
theory_resolution_original_v1-d9f3d22fde5b568a,information_sampling,model_discrimination,discriminating,-1.625,,,,,,,,,,,,,,,,-1.6656148359873393,-1.4107852638617615,-1.5217712404304895,0.00164956490227847,0.04588795317877514,0.010656176802259805,-0.04423838827649667,False
theory_resolution_original_v1-db7f89fbcd9d3dd1,debugging,model_discrimination,discriminating,-0.7500000000000001,,,,,,,,,,,,,,,,-1.0066994822456212,-0.9164695610403786,-0.8965792095383573,0.06589462418516995,0.027712114752976292,0.021485464668889637,0.03818250943219366,False
theory_resolution_original_v1-dba3874d13da7fd5,solvability,model_discrimination,coverage,1.5,,,,,,,,,,,,,,,,1.867502263256537,1.6157245157647777,1.7294393588186696,0.13505791349867705,0.013392163548992286,0.05264241937512223,0.12166574994968476,False
theory_resolution_original_v1-def37e19ca5bba68,bandit,model_discrimination,discriminating,-0.75,,,,,,,,,,,,,,,,-1.2555051360703402,-0.8780084264273429,-1.141544598418621,0.25553544259349315,0.016386157236404457,0.15330717255079918,0.23914928535708868,False
theory_resolution_original_v1-df3a4b38e35f8d4f,waiting,model_discrimination,coverage,-1.625,,,,,,,,,,,,,,,,-1.5882965678738956,-1.5979338689652693,-1.6122389396325918,0.0013471419298355515,0.00073257544918921,0.00016284466170063644,0.0006145664806463415,False
theory_resolution_original_v1-dff0972572092304,waiting,model_discrimination,discriminating,-0.5625,,,,,,,,,,,,,,,,-0.9327601921229961,-0.8493293671270797,-0.898162924920635,0.13709260987095798,0.0822710858465211,0.11266959916627584,0.05482152402443688,False
theory_resolution_original_v1-e15d25ca3492401e,foraging,model_discrimination,random,-0.3125,,,,,,,,,,,,,,,,-1.0905487395314744,-1.0864749369657076,-1.0898740023172055,0.605359841086516,0.5990372030510711,0.6043103394786707,0.006322638035444861,False
theory_resolution_original_v1-e2de00ea3762f221,information_sampling,model_discrimination,random,-1.9375,,,,,,,,,,,,,,,,-1.814809469800883,-1.9210436922003797,-1.9372738303972552,0.015052966200540446,0.00027081006639584267,5.11526892057392e-08,0.014782156134144603,False
theory_resolution_original_v1-e337f093df67a209,foraging,model_discrimination,discriminating,-1.8125,,,,,,,,,,,,,,,,-2.15837864097348,-2.0040602148822035,-2.0928554906687387,0.11963203428166146,0.036695315925715996,0.07859920114810921,0.08293671835594546,False
theory_resolution_original_v1-e44456dc3b37f299,bandit,model_discrimination,coverage,-0.5000000000000001,,,,,,,,,,,,,,,,-0.12357599605855935,-0.12023042019656147,-0.12777643181266357,0.1416950307433058,0.14422493374408032,0.13855038471411277,-0.0025299030007745194,False
theory_resolution_original_v1-e57cddeba5338c85,foraging,model_discrimination,discriminating,-1.9375,,,,,,,,,,,,,,,,-2.56255237660632,-2.4244490335836737,-2.462859197999623,0.390690473501209,0.23711936130807376,0.2760022869228069,0.15357111219313524,False
theory_resolution_original_v1-e694b10a488499bb,bandit,model_discrimination,discriminating,1.4375,,,,,,,,,,,,,,,,1.1987339590486896,1.511049382683637,1.3349753838728113,0.05700922231156282,0.005409511693144095,0.010511296912027393,0.051599710618418726,False
theory_resolution_original_v1-e8c6128ed7619045,information_sampling,model_discrimination,discriminating,-2.25,,,,,,,,,,,,,,,,-1.8132580149476916,-1.4225926148355572,-1.6960379775377512,0.1907435615074308,0.6846029810246606,0.306873922330465,-0.4938594195172298,False
theory_resolution_original_v1-eb6dd80cf88aada9,effort,model_discrimination,discriminating,-1.25,,,,,,,,,,,,,,,,-1.7723859417812222,-1.6138717584214637,-1.76190191597194,0.2728870721706545,0.13240265657672803,0.26204357157574315,0.14048441559392646,False
theory_resolution_original_v1-eb8ee39538ff2353,solvability,model_discrimination,discriminating,0.5625,,,,,,,,,,,,,,,,0.866288479426634,1.236529905703547,1.0794221766923005,0.09228744023234643,0.4543163137827325,0.2672085367563059,-0.3620288735503861,False
theory_resolution_original_v1-ee61cee502e79c0f,waiting,model_discrimination,discriminating,-2.25,,,,,,,,,,,,,,,,-2.557314461263285,-2.439674891846918,-2.5141063938603647,0.09444217810154322,0.035976564597140125,0.06975218727792609,0.058465613504403095,False
theory_resolution_original_v1-eed246e8e2909383,waiting,model_discrimination,discriminating,-0.5,,,,,,,,,,,,,,,,-0.9579873714326859,-0.8672637969759648,-0.9200555560327716,0.20975243239182095,0.13488269656920268,0.1764466701540009,0.07486973582261827,False
theory_resolution_original_v1-f070ce6d2be03c00,effort,model_discrimination,discriminating,0.5625,,,,,,,,,,,,,,,,0.36066598647281195,0.5757925840915691,0.42735760266704526,0.04073696901649313,0.00017669279183143543,0.018263467556898214,0.0405602762246617,False
theory_resolution_original_v1-f0d576a309e75d7e,bandit,model_discrimination,coverage,-1.3125,,,,,,,,,,,,,,,,-1.3939682266223345,-1.3864843031951244,-1.3926711296145524,0.00663707194898806,0.005473677119268093,0.006427410023673363,0.0011633948297199662,False
theory_resolution_original_v1-f0fda3e3685ed99e,foraging,model_discrimination,discriminating,-2.3125,,,,,,,,,,,,,,,,-2.4792321040433114,-2.2904946448783106,-2.3852351587205876,0.027799594518709617,0.0004842356540316637,0.005290403314109064,0.027315358864677952,False
theory_resolution_original_v1-f1166b096e613382,waiting,model_discrimination,random,0.5625,,,,,,,,,,,,,,,,0.7326458430182652,0.6263213025978206,0.7067412370014268,0.02894960789639614,0.004073158665282582,0.020805534451701767,0.024876449231113557,False
theory_resolution_original_v1-f35ecf0bf733a83d,bandit,model_discrimination,discriminating,0.0,,,,,,,,,,,,,,,,-0.9760498610066692,-0.5963720216167775,-0.8641634329526233,0.9526733311711384,0.3556595881672821,0.7467784388524631,0.5970137430038562,False
theory_resolution_original_v1-f55f65945a8a622d,effort,model_discrimination,discriminating,-0.5625,,,,,,,,,,,,,,,,-0.6251613171774544,-0.37116246361432603,-0.5245610904882321,0.00392644067041354,0.03661005283013911,0.001439360854942115,-0.03268361215972557,False
theory_resolution_original_v1-f64ae915e899e5ec,effort,model_discrimination,random,1.0625,,,,,,,,,,,,,,,,0.8190215061280364,0.777203396468909,0.7676550655505996,0.05928177697815983,0.08139415198637652,0.08693353537047123,-0.022112375008216688,False
theory_resolution_original_v1-f97fb07f77af477f,effort,model_discrimination,coverage,-1.3125,,,,,,,,,,,,,,,,-0.974624457362788,-0.8967693259366061,-0.8995309765161068,0.11415988231239045,0.17283199335720387,0.17054341435724032,-0.058672111044813416,False
theory_resolution_original_v1-fa062d7cc43f1a9e,bandit,model_discrimination,discriminating,1.5625,,,,,,,,,,,,,,,,1.2532430806203863,1.628669484275891,1.3644768891151622,0.09563984218416892,0.004378400649337398,0.03921315244450877,0.09126144153483152,False
theory_resolution_original_v1-fb3aca7f084bfcbc,debugging,model_discrimination,discriminating,-1.4375,,,,,,,,,,,,,,,,-1.8568124973138351,-1.7037117640093178,-1.7593804447045813,0.17582297040356498,0.0708687032969527,0.10360702068321903,0.10495426710661228,False
theory_resolution_original_v1-fddcd1d98cffd42c,debugging,model_discrimination,coverage,-1.3125,,,,,,,,,,,,,,,,-0.22010032101451565,-0.21835882513190452,-0.21920864741594465,1.1933370586475893,1.1971449105417364,1.1952859816350732,-0.0038078518941471184,False
theory_resolution_original_v1-fe7afc64fdf3d3ef,foraging,model_discrimination,discriminating,0.0,,,,,,,,,,,,,,,,-0.4074189436438168,-0.24791294559053287,-0.3382658590560247,0.16599019563984357,0.06146082859137451,0.11442379140291035,0.10452936704846907,False
