paired_condition_id,task_family,split,sampling_strategy,persistence_logit,context_a_environment_rate,context_a_history_actions,context_a_history_outcomes,context_a_history_valence,context_b_environment_rate,context_b_history_actions,context_b_history_outcomes,context_b_history_valence,context_change_point,context_context_return,context_critical_contrast_id,context_cue_probability,context_cue_reliability,context_cue_rule,context_phase_order,prediction_dual_history,prediction_latent_context,prediction_outcome_history,squared_error_dual_history,squared_error_latent_context,squared_error_outcome_history,delta_error_dh_minus_lc,contextual_history
theory_resolution_contextual_v1-03022905e1a36176,debugging,model_discrimination,random,-0.06250000000000003,0.504,"[""disengage"", ""continue"", ""disengage""]","[-1, -1, -1]",negative,0.132,"[""continue"", ""continue"", ""continue""]","[1, -1, 0]",mixed,change_point,B,critical-debugging-00001916,0.95,high,Memory faults respond to allocation diagnostics while protocol faults respond to packet-trace diagnostics.,"[""A1"", ""B"", ""A2""]",0.131645326370891,0.0878790055178984,0.07070632292061724,0.037692407751659794,0.022613845300552125,0.017743924466031763,0.015078562451107669,True
theory_resolution_contextual_v1-0380e4c40ec3f0b0,debugging,model_discrimination,discriminating,0.25,0.207,"[""disengage"", ""continue"", ""disengage""]","[-1, -1, -1]",negative,0.789,"[""continue"", ""continue"", ""continue""]","[1, -1, 0]",mixed,change_point,novel_C,critical-debugging-00003878,0.8,medium,Memory faults respond to allocation diagnostics while protocol faults respond to packet-trace diagnostics.,"[""A1"", ""B"", ""A2""]",0.3159437644534561,0.2807060889868342,0.26551951519200717,0.004348580070292903,0.00094286390086738,0.0002408553517949414,0.0034057161694255227,True
theory_resolution_contextual_v1-0436cf56dbd94721,debugging,model_discrimination,discriminating,-0.5000000000000001,0.801,"[""continue"", ""continue"", ""continue""]","[1, -1, 0]",mixed,0.276,"[""disengage"", ""continue"", ""disengage""]","[-1, -1, -1]",negative,same_environment,novel_C,critical-debugging-00003158,0.95,high,Memory faults respond to allocation diagnostics while protocol faults respond to packet-trace diagnostics.,"[""A1"", ""B"", ""A2""]",-2.036855890836296,-1.57106315186121,-1.9350694151282108,2.3619260291982247,1.1471762752748693,2.059424226236425,1.2147497539233554,True
theory_resolution_contextual_v1-06573bc56d7847b4,bandit,model_discrimination,discriminating,-1.0625,0.697,"[""continue"", ""disengage"", ""continue""]","[1, 1, 1]",positive,0.56,"[""disengage"", ""continue"", ""disengage""]","[1, -1, 0]",mixed,same_environment,novel_C,critical-bandit-00002181,0.95,high,Circuit families are distinguished by audited reward-frequency bands.,"[""A1"", ""B"", ""A2""]",-1.6710182230755304,-1.6260108265571012,-1.6225691642597,0.37029442781500094,0.31754445164706735,0.3136774687545588,0.05274997616793359,True
theory_resolution_contextual_v1-066e33b1830f60ae,debugging,model_discrimination,discriminating,0.625,0.81,"[""continue"", ""continue"", ""continue""]","[1, -1, 0]",mixed,0.159,"[""disengage"", ""continue"", ""disengage""]","[-1, -1, -1]",negative,change_point,novel_C,critical-debugging-00000647,0.95,high,Subsystem signatures identify independently reproduced causal failures.,"[""A1"", ""B"", ""A2""]",-0.23022324454417692,0.24295696572242487,-0.1253608675466179,0.7314067980086691,0.14595688004001645,0.563041431545313,0.5854499179686528,True
theory_resolution_contextual_v1-08c62ee19db2bfd4,bandit,model_discrimination,discriminating,0.31249999999999994,0.82,"[""disengage"", ""continue"", ""disengage""]","[-1, -1, -1]",negative,0.563,"[""continue"", ""disengage"", ""continue""]","[1, 1, 1]",positive,same_environment,A,critical-bandit-00000171,0.8,medium,Circuit families are distinguished by audited reward-frequency bands.,"[""A1"", ""B"", ""A2""]",0.36507393025741286,-0.7198809376077189,0.2792777567983042,0.002764018142711317,1.0658104003357927,0.00110371744335262,-1.0630463821930813,True
theory_resolution_contextual_v1-0d5e6379d2358ad0,bandit,model_discrimination,coverage,-0.4375000000000001,0.1,"[""continue"", ""disengage"", ""continue""]","[1, 1, 1]",positive,0.311,"[""disengage"", ""continue"", ""disengage""]","[-1, -1, -1]",negative,same_environment,A,critical-bandit-00000000,0.6,low,The blue circuit uses a high-volatility generator and the amber circuit a low-volatility generator.,"[""A1"", ""B"", ""A2""]",-1.957767664012364,-1.2169754516007716,-1.9106669329971888,2.3112137702416096,0.6075819796482266,2.170220812476344,1.7036317905933829,True
theory_resolution_contextual_v1-105c4f23b1f1a735,foraging,model_discrimination,discriminating,-0.06250000000000001,0.893,"[""continue"", ""disengage"", ""continue""]","[-1, -1, -1]",negative,0.148,"[""continue"", ""continue"", ""continue""]","[1, 1, 1]",positive,same_environment,A,critical-foraging-00003745,0.95,high,Wet-season loam replenishes after harvest while dry-season gravel depletes.,"[""A1"", ""B"", ""A2""]",-0.8274118724731905,-1.5522654766347994,-0.8473218549552304,0.5850901726504424,2.2194011753729113,0.6159453440153687,-1.6343110027224688,True
theory_resolution_contextual_v1-124be88c529d9845,foraging,model_discrimination,discriminating,3.1875,0.86,"[""continue"", ""continue"", ""continue""]","[1, 1, 1]",positive,0.577,"[""continue"", ""disengage"", ""continue""]","[1, -1, 0]",mixed,same_environment,A,critical-foraging-00000670,0.95,high,Soil signatures identify independently tracked renewal processes.,"[""A1"", ""B"", ""A2""]",1.3634094415094875,1.663543897025261,1.2864028170221,3.3273063655742297,2.3224422037939534,3.614170499126507,1.0048641617802763,True
theory_resolution_contextual_v1-13c23e50277f367d,bandit,model_discrimination,discriminating,2.0625,0.226,"[""disengage"", ""continue"", ""disengage""]","[-1, -1, -1]",negative,0.475,"[""continue"", ""disengage"", ""continue""]","[1, 1, 1]",positive,same_environment,novel_C,critical-bandit-00001692,0.95,high,The blue circuit uses a high-volatility generator and the amber circuit a low-volatility generator.,"[""A1"", ""B"", ""A2""]",2.70112473456746,2.0583179581947064,2.6209487898368264,0.40784155160135854,1.748947366122318e-05,0.31186505087021593,0.40782406212769734,True
theory_resolution_contextual_v1-15a38fdf27d8dd3c,bandit,model_discrimination,coverage,-1.0625,0.118,"[""disengage"", ""continue"", ""disengage""]","[-1, -1, -1]",negative,0.878,"[""continue"", ""disengage"", ""continue""]","[1, 1, 1]",positive,change_point,A,critical-bandit-00002187,0.6,low,Circuit families are distinguished by audited reward-frequency bands.,"[""A1"", ""B"", ""A2""]",-0.6725040179703744,-1.1048420209424323,-0.7574574623315904,0.15209686599925204,0.0017928467374893784,0.09305094978718309,0.15030401926176265,True
theory_resolution_contextual_v1-1951000090bf6266,bandit,model_discrimination,discriminating,0.24999999999999997,0.271,"[""continue"", ""disengage"", ""continue""]","[1, 1, 1]",positive,0.491,"[""disengage"", ""continue"", ""disengage""]","[-1, -1, -1]",negative,same_environment,A,critical-bandit-00001152,0.95,high,The blue circuit uses a high-volatility generator and the amber circuit a low-volatility generator.,"[""A1"", ""B"", ""A2""]",-0.9385754986293204,0.2693419108015256,-0.8934572137379054,1.4127117159419378,0.0003741095134541732,1.3074943996492536,1.4123376064284836,True
theory_resolution_contextual_v1-199efc095a193b3d,debugging,model_discrimination,random,0.0,0.504,"[""continue"", ""continue"", ""continue""]","[1, -1, 0]",mixed,0.132,"[""disengage"", ""continue"", ""disengage""]","[-1, -1, -1]",negative,change_point,B,critical-debugging-00001916,0.95,high,Memory faults respond to allocation diagnostics while protocol faults respond to packet-trace diagnostics.,"[""A1"", ""B"", ""A2""]",-0.3887418994938878,0.07012715103313771,-0.2917341760724686,0.15112026442211599,0.0049178173120245075,0.0851088294886821,0.14620244711009148,True
theory_resolution_contextual_v1-1a3790d1ac7ef8e7,foraging,model_discrimination,random,0.5,0.302,"[""continue"", ""continue"", ""continue""]","[1, 1, 1]",positive,0.622,"[""continue"", ""disengage"", ""continue""]","[1, -1, 0]",mixed,change_point,novel_C,critical-foraging-00001759,0.6,low,Wet-season loam replenishes after harvest while dry-season gravel depletes.,"[""A1"", ""B"", ""A2""]",0.2038516054427738,0.12471240220098109,0.12218728331172182,0.08770387159882252,0.14084078106175815,0.14274244889137716,-0.05313690946293563,True
theory_resolution_contextual_v1-1dd26f109652aec1,debugging,model_discrimination,discriminating,-1.0,0.621,"[""continue"", ""continue"", ""continue""]","[1, -1, 0]",mixed,0.213,"[""disengage"", ""continue"", ""disengage""]","[-1, -1, -1]",negative,change_point,novel_C,critical-debugging-00002915,0.95,high,Subsystem signatures identify independently reproduced causal failures.,"[""A1"", ""B"", ""A2""]",-2.4551562096122606,-1.9755259072874485,-2.3431112785127235,2.1174795943731213,0.9516507957889996,1.8039479064680828,1.1658287985841218,True
theory_resolution_contextual_v1-1ed213fb6d09484d,foraging,model_discrimination,discriminating,0.75,0.2,"[""continue"", ""continue"", ""continue""]","[1, 1, 1]",positive,0.346,"[""continue"", ""disengage"", ""continue""]","[-1, -1, -1]",negative,same_environment,A,critical-foraging-00002449,0.95,high,Wet-season loam replenishes after harvest while dry-season gravel depletes.,"[""A1"", ""B"", ""A2""]",-1.7228810395462704,-1.0985527679207359,-1.8089391761251834,6.1151406357474425,3.417147335787414,6.548169707108232,2.6979932999600287,True
theory_resolution_contextual_v1-2018266befd37975,foraging,model_discrimination,coverage,0.75,0.215,"[""continue"", ""continue"", ""continue""]","[-1, -1, -1]",negative,0.151,"[""continue"", ""disengage"", ""continue""]","[1, -1, 0]",mixed,change_point,A,critical-foraging-00002536,0.95,high,Soil signatures identify independently tracked renewal processes.,"[""A1"", ""B"", ""A2""]",0.6601042824197001,0.6045550615891431,0.5806386894789766,0.008081240039277042,0.021154230109337965,0.028683253501398522,-0.013072990070060924,True
theory_resolution_contextual_v1-2717a995faec1fe0,foraging,model_discrimination,discriminating,0.8125000000000002,0.203,"[""continue"", ""disengage"", ""continue""]","[1, -1, 0]",mixed,0.307,"[""continue"", ""continue"", ""continue""]","[1, 1, 1]",positive,same_environment,A,critical-foraging-00003748,0.95,high,Soil signatures identify independently tracked renewal processes.,"[""A1"", ""B"", ""A2""]",-0.2266439400960226,-0.6381686789927634,-0.23832307957165522,1.0798201282382864,2.10443961621061,1.1042291445604575,-1.0246194879723234,True
theory_resolution_contextual_v1-2dea45c83b0aac12,foraging,model_discrimination,discriminating,0.3125,0.2,"[""continue"", ""disengage"", ""continue""]","[-1, -1, -1]",negative,0.346,"[""continue"", ""continue"", ""continue""]","[1, 1, 1]",positive,same_environment,A,critical-foraging-00002449,0.95,high,Wet-season loam replenishes after harvest while dry-season gravel depletes.,"[""A1"", ""B"", ""A2""]",-1.03191040907008,-1.7651727004783118,-1.0519175454837704,1.8074393480159796,4.316723850312839,1.8616352384239565,-2.5092845022968597,True
theory_resolution_contextual_v1-2e0ea93b5020a2ad,bandit,model_discrimination,discriminating,2.3125,0.298,"[""disengage"", ""continue"", ""disengage""]","[-1, -1, -1]",negative,0.14,"[""continue"", ""disengage"", ""continue""]","[1, 1, 1]",positive,same_environment,A,critical-bandit-00000828,0.95,high,The blue circuit uses a high-volatility generator and the amber circuit a low-volatility generator.,"[""A1"", ""B"", ""A2""]",2.305378796479488,1.0372618545378693,2.2274538185255377,5.071153958055469e-05,1.6262323276416943,0.007232852983387174,-1.6261816161021139,True
theory_resolution_contextual_v1-2f3281e4d039cbff,bandit,model_discrimination,coverage,0.0625,0.754,"[""disengage"", ""continue"", ""disengage""]","[1, -1, 0]",mixed,0.62,"[""continue"", ""disengage"", ""continue""]","[-1, -1, -1]",negative,same_environment,novel_C,critical-bandit-00004434,0.6,low,The blue circuit uses a high-volatility generator and the amber circuit a low-volatility generator.,"[""A1"", ""B"", ""A2""]",-1.0895539606733589,-0.8820091536347175,-1.1768422795041236,1.3272283283031732,0.8920975412997705,1.535969285766477,0.4351307870034027,True
theory_resolution_contextual_v1-2fc40cfb4b17571a,bandit,model_discrimination,discriminating,0.625,0.472,"[""disengage"", ""continue"", ""disengage""]","[1, -1, 0]",mixed,0.281,"[""continue"", ""disengage"", ""continue""]","[1, 1, 1]",positive,same_environment,A,critical-bandit-00004881,0.95,high,Circuit families are distinguished by audited reward-frequency bands.,"[""A1"", ""B"", ""A2""]",0.8103049320060463,0.0880158885020424,0.7256606773395724,0.034337917825765424,0.28835193600125103,0.010132571962461505,-0.25401401817548563,True
theory_resolution_contextual_v1-302115beeebf4157,foraging,model_discrimination,random,-0.12500000000000006,0.305,"[""continue"", ""continue"", ""continue""]","[-1, -1, -1]",negative,0.583,"[""continue"", ""disengage"", ""continue""]","[1, -1, 0]",mixed,change_point,B,critical-foraging-00003859,0.95,high,Wet-season loam replenishes after harvest while dry-season gravel depletes.,"[""A1"", ""B"", ""A2""]",0.97774448757637,0.9178193863054691,0.8985946439939524,1.216045404880071,1.0874722724545152,1.0477459952131063,0.1285731324255559,True
theory_resolution_contextual_v1-38604e641755699b,bandit,model_discrimination,random,0.8125,0.262,"[""disengage"", ""continue"", ""disengage""]","[-1, -1, -1]",negative,0.608,"[""continue"", ""disengage"", ""continue""]","[1, 1, 1]",positive,change_point,A,critical-bandit-00004464,0.8,medium,The blue circuit uses a high-volatility generator and the amber circuit a low-volatility generator.,"[""A1"", ""B"", ""A2""]",1.7054132702461986,1.1526322104153413,1.6220335384555278,0.7972941081817609,0.11568992056202597,0.6553445498843274,0.681604187619735,True
theory_resolution_contextual_v1-40301b6fde785ba8,foraging,model_discrimination,discriminating,1.0,0.254,"[""continue"", ""disengage"", ""continue""]","[-1, -1, -1]",negative,0.445,"[""continue"", ""continue"", ""continue""]","[1, 1, 1]",positive,same_environment,A,critical-foraging-00002602,0.8,medium,Soil signatures identify independently tracked renewal processes.,"[""A1"", ""B"", ""A2""]",0.8289197491314138,0.21724761423520275,0.8156774655058595,0.029268452237258404,0.612701297420482,0.03397479672234361,-0.5834328451832236,True
theory_resolution_contextual_v1-406b069a1dea3219,debugging,model_discrimination,discriminating,0.3750000000000001,0.207,"[""continue"", ""continue"", ""continue""]","[1, -1, 0]",mixed,0.789,"[""disengage"", ""continue"", ""disengage""]","[-1, -1, -1]",negative,change_point,novel_C,critical-debugging-00003878,0.8,medium,Memory faults respond to allocation diagnostics while protocol faults respond to packet-trace diagnostics.,"[""A1"", ""B"", ""A2""]",-0.2044434614113228,0.20969867104779283,-0.09692098380107894,0.3357547249723352,0.02732452935336584,0.22270941495177832,0.3084301956189694,True
theory_resolution_contextual_v1-4133a6e3c06ba578,bandit,model_discrimination,discriminating,0.37499999999999994,0.82,"[""continue"", ""disengage"", ""continue""]","[1, 1, 1]",positive,0.563,"[""disengage"", ""continue"", ""disengage""]","[-1, -1, -1]",negative,same_environment,A,critical-bandit-00000171,0.8,medium,Circuit families are distinguished by audited reward-frequency bands.,"[""A1"", ""B"", ""A2""]",-0.930808612790792,0.07434241333217184,-0.8888236254884323,1.7051361332386126,0.09039498442092257,1.5972501563427253,1.61474114881769,True
theory_resolution_contextual_v1-4315076e6c76e745,debugging,model_discrimination,discriminating,-0.6875,0.729,"[""continue"", ""continue"", ""continue""]","[1, -1, 0]",mixed,0.411,"[""disengage"", ""continue"", ""disengage""]","[-1, -1, -1]",negative,change_point,novel_C,critical-debugging-00001619,0.95,high,Subsystem signatures identify independently reproduced causal failures.,"[""A1"", ""B"", ""A2""]",-1.9841287651182946,-1.5080813283687746,-1.8738871009711018,1.6812461545321937,0.6733537164674627,1.4075143533506154,1.0078924380647312,True
theory_resolution_contextual_v1-440c6c727060fe4f,debugging,model_discrimination,random,-0.6875,0.288,"[""disengage"", ""continue"", ""disengage""]","[-1, -1, -1]",negative,0.537,"[""continue"", ""continue"", ""continue""]","[1, -1, 0]",mixed,change_point,novel_C,critical-debugging-00002105,0.95,high,Subsystem signatures identify independently reproduced causal failures.,"[""A1"", ""B"", ""A2""]",-0.7329313846986865,-0.7581858791108311,-0.7803651557660491,0.0020640107156400423,0.004996493505671032,0.008623937155452571,-0.00293248279003099,True
theory_resolution_contextual_v1-46e71a59060b703a,foraging,model_discrimination,discriminating,0.24999999999999997,0.668,"[""continue"", ""continue"", ""continue""]","[1, 1, 1]",positive,0.87,"[""continue"", ""disengage"", ""continue""]","[-1, -1, -1]",negative,same_environment,A,critical-foraging-00002440,0.8,medium,Soil signatures identify independently tracked renewal processes.,"[""A1"", ""B"", ""A2""]",-1.1727920028608982,-0.6466326430059331,-1.2569038188455361,2.024337083404926,0.8039500965038051,2.2707591192512604,1.220386986901121,True
theory_resolution_contextual_v1-476468ba471c6113,bandit,model_discrimination,discriminating,1.375,0.496,"[""continue"", ""disengage"", ""continue""]","[1, 1, 1]",positive,0.77,"[""disengage"", ""continue"", ""disengage""]","[-1, -1, -1]",negative,same_environment,A,critical-bandit-00004059,0.8,medium,Circuit families are distinguished by audited reward-frequency bands.,"[""A1"", ""B"", ""A2""]",0.35473297833516715,1.3460210953374248,0.4011433124624334,1.0409447954968285,0.0008397769154426252,0.9483968478616416,1.0401050185813858,True
theory_resolution_contextual_v1-476d9a59a4df4a52,debugging,model_discrimination,discriminating,0.5,0.102,"[""disengage"", ""continue"", ""disengage""]","[1, 1, 1]",positive,0.552,"[""continue"", ""continue"", ""continue""]","[-1, -1, -1]",negative,same_environment,A,critical-debugging-00004070,0.95,high,Memory faults respond to allocation diagnostics while protocol faults respond to packet-trace diagnostics.,"[""A1"", ""B"", ""A2""]",-0.69652098771379,-0.018713186005414384,-0.753980656548253,1.4316624740395834,0.26906336933588765,1.5724674869971875,1.1625991047036957,True
theory_resolution_contextual_v1-4ca95e769f35dd06,foraging,model_discrimination,random,0.5,0.302,"[""continue"", ""disengage"", ""continue""]","[1, -1, 0]",mixed,0.622,"[""continue"", ""continue"", ""continue""]","[1, 1, 1]",positive,change_point,novel_C,critical-foraging-00001759,0.6,low,Wet-season loam replenishes after harvest while dry-season gravel depletes.,"[""A1"", ""B"", ""A2""]",0.5387925311020573,0.2861294743919066,0.5232541364336167,0.0015048604693040806,0.04574060172388213,0.0005407548612732612,-0.04423574125457805,True
theory_resolution_contextual_v1-4eea2b7271c4ec25,debugging,model_discrimination,coverage,-1.4375,0.786,"[""continue"", ""continue"", ""continue""]","[-1, -1, -1]",negative,0.471,"[""disengage"", ""continue"", ""disengage""]","[1, 1, 1]",positive,change_point,novel_C,critical-debugging-00003071,0.95,high,Subsystem signatures identify independently reproduced causal failures.,"[""A1"", ""B"", ""A2""]",-1.695764004652974,-1.9760644218081809,-1.5972670373154143,0.0667002960993914,0.29005163643758014,0.02552550621254499,-0.22335134033818874,True
theory_resolution_contextual_v1-5246177928051396,bandit,model_discrimination,random,1.5,0.193,"[""continue"", ""disengage"", ""continue""]","[1, 1, 1]",positive,0.704,"[""disengage"", ""continue"", ""disengage""]","[1, -1, 0]",mixed,same_environment,novel_C,critical-bandit-00000219,0.6,low,Circuit families are distinguished by audited reward-frequency bands.,"[""A1"", ""B"", ""A2""]",1.4327921002062731,1.4776716481598078,1.49156393658432,0.004516901794683633,0.0004985552958994152,7.116716595337331e-05,0.004018346498784218,True
theory_resolution_contextual_v1-562ab3367de29f57,bandit,model_discrimination,discriminating,1.75,0.226,"[""continue"", ""disengage"", ""continue""]","[1, 1, 1]",positive,0.475,"[""disengage"", ""continue"", ""disengage""]","[-1, -1, -1]",negative,same_environment,novel_C,critical-bandit-00001692,0.95,high,The blue circuit uses a high-volatility generator and the amber circuit a low-volatility generator.,"[""A1"", ""B"", ""A2""]",1.4052421915192543,1.9921326789497156,1.4528474075500895,0.11885794650844651,0.05862823421536604,0.08829966319970263,0.060229712293080474,True
theory_resolution_contextual_v1-57c9c192e175e6a4,foraging,model_discrimination,random,-0.31250000000000006,0.305,"[""continue"", ""disengage"", ""continue""]","[1, -1, 0]",mixed,0.583,"[""continue"", ""continue"", ""continue""]","[-1, -1, -1]",negative,change_point,B,critical-foraging-00003859,0.95,high,Wet-season loam replenishes after harvest while dry-season gravel depletes.,"[""A1"", ""B"", ""A2""]",0.5493507164227054,0.9010777898257125,0.5426398664744351,0.7427866573983305,1.4727710519582613,0.7312641912339148,-0.7299843945599308,True
theory_resolution_contextual_v1-5a8e6eb782c2310c,bandit,model_discrimination,coverage,-0.9375,0.118,"[""continue"", ""disengage"", ""continue""]","[1, 1, 1]",positive,0.878,"[""disengage"", ""continue"", ""disengage""]","[-1, -1, -1]",negative,change_point,A,critical-bandit-00002187,0.6,low,Circuit families are distinguished by audited reward-frequency bands.,"[""A1"", ""B"", ""A2""]",-1.9683865610185798,-1.6343242549023593,-1.925558844618327,1.062727101688714,0.48556404222022825,0.9762602804285031,0.5771630594684858,True
theory_resolution_contextual_v1-5df2bb8d6a9d6192,foraging,model_discrimination,coverage,-0.5,0.395,"[""continue"", ""disengage"", ""continue""]","[1, -1, 0]",mixed,0.214,"[""continue"", ""continue"", ""continue""]","[-1, -1, -1]",negative,same_environment,B,critical-foraging-00001177,0.8,medium,Wet-season loam replenishes after harvest while dry-season gravel depletes.,"[""A1"", ""B"", ""A2""]",-1.1498295222468884,-1.1544634511780618,-1.1620304682144402,0.4222784079836192,0.4283224089278993,0.43828434084423096,-0.006044000944280092,True
theory_resolution_contextual_v1-5e8987b36e19e2a4,foraging,model_discrimination,discriminating,0.75,0.287,"[""continue"", ""disengage"", ""continue""]","[1, -1, 0]",mixed,0.817,"[""continue"", ""continue"", ""continue""]","[-1, -1, -1]",negative,same_environment,A,critical-foraging-00004876,0.8,medium,Soil signatures identify independently tracked renewal processes.,"[""A1"", ""B"", ""A2""]",-0.31599143376212113,-0.06436378990661555,-0.32068467951139423,1.136337736854223,0.6631883823110662,1.146365682940417,0.47314935454315665,True
theory_resolution_contextual_v1-642c86ec0c749f60,foraging,model_discrimination,coverage,0.75,0.215,"[""continue"", ""disengage"", ""continue""]","[1, -1, 0]",mixed,0.151,"[""continue"", ""continue"", ""continue""]","[-1, -1, -1]",negative,change_point,A,critical-foraging-00002536,0.95,high,Soil signatures identify independently tracked renewal processes.,"[""A1"", ""B"", ""A2""]",0.23171051126603565,0.5878134651093865,0.22468391195945892,0.26862399413211424,0.026304472099824196,0.2759569923542175,0.24231952203229004,True
theory_resolution_contextual_v1-66337d7a4f8b29d0,debugging,model_discrimination,discriminating,0.9375000000000001,0.102,"[""continue"", ""continue"", ""continue""]","[-1, -1, -1]",negative,0.552,"[""disengage"", ""continue"", ""disengage""]","[1, 1, 1]",positive,same_environment,A,critical-debugging-00004070,0.95,high,Memory faults respond to allocation diagnostics while protocol faults respond to packet-trace diagnostics.,"[""A1"", ""B"", ""A2""]",-0.06260648411700637,-0.7255597554895072,0.02907582993931873,1.00021297957288,2.7657677503288203,0.8252344727504378,-1.7655547707559403,True
theory_resolution_contextual_v1-682ecb345385e70e,foraging,model_discrimination,discriminating,2.0625,0.614,"[""continue"", ""continue"", ""continue""]","[1, 1, 1]",positive,0.771,"[""continue"", ""disengage"", ""continue""]","[-1, -1, -1]",negative,same_environment,A,critical-foraging-00002287,0.95,high,Wet-season loam replenishes after harvest while dry-season gravel depletes.,"[""A1"", ""B"", ""A2""]",0.7873426283127484,1.4190595331183484,0.7056293370715074,1.6260263225683398,0.41401563442087774,1.841097995916007,1.212010688147462,True
theory_resolution_contextual_v1-6aa2d274f7b91154,bandit,model_discrimination,discriminating,0.18749999999999997,0.271,"[""disengage"", ""continue"", ""disengage""]","[-1, -1, -1]",negative,0.491,"[""continue"", ""disengage"", ""continue""]","[1, 1, 1]",positive,same_environment,A,critical-bandit-00001152,0.95,high,The blue circuit uses a high-volatility generator and the amber circuit a low-volatility generator.,"[""A1"", ""B"", ""A2""]",0.35730704441888383,-0.9219931156083107,0.2746441685488309,0.028834432334276797,1.230974973582236,0.007594106112067052,-1.202140541247959,True
theory_resolution_contextual_v1-6f6c5984fefe1cf3,foraging,model_discrimination,coverage,1.5625,0.839,"[""continue"", ""continue"", ""continue""]","[1, 1, 1]",positive,0.65,"[""continue"", ""disengage"", ""continue""]","[-1, -1, -1]",negative,same_environment,A,critical-foraging-00004393,0.95,high,Wet-season loam replenishes after harvest while dry-season gravel depletes.,"[""A1"", ""B"", ""A2""]",-0.1721468040935487,0.4636045211528017,-0.2511670206970523,3.0089995349519625,1.2075712734308133,3.2893880619641216,1.8014282615211492,True
theory_resolution_contextual_v1-7ab41f27677ae9f5,debugging,model_discrimination,discriminating,0.3750000000000001,0.765,"[""disengage"", ""continue"", ""disengage""]","[-1, -1, -1]",negative,0.544,"[""continue"", ""continue"", ""continue""]","[1, -1, 0]",mixed,same_environment,A,critical-debugging-00003590,0.95,high,Memory faults respond to allocation diagnostics while protocol faults respond to packet-trace diagnostics.,"[""A1"", ""B"", ""A2""]",-0.5975396062198789,-1.0090424364448998,-0.6556870338843097,0.9458332856663173,1.9155734658803345,1.0623157618172367,-0.9697401802140172,True
theory_resolution_contextual_v1-7b4088f36594dd84,foraging,model_discrimination,coverage,1.125,0.839,"[""continue"", ""disengage"", ""continue""]","[-1, -1, -1]",negative,0.65,"[""continue"", ""continue"", ""continue""]","[1, 1, 1]",positive,same_environment,A,critical-foraging-00004393,0.95,high,Wet-season loam replenishes after harvest while dry-season gravel depletes.,"[""A1"", ""B"", ""A2""]",0.5188238263826422,-0.20301541140477397,0.5058546099443604,0.3674495534613811,1.7636249329285911,0.38334101402715015,-1.39617537946721,True
theory_resolution_contextual_v1-7b701a55ad210901,debugging,model_discrimination,discriminating,-0.875,0.729,"[""disengage"", ""continue"", ""disengage""]","[-1, -1, -1]",negative,0.411,"[""continue"", ""continue"", ""continue""]","[1, -1, 0]",mixed,change_point,novel_C,critical-debugging-00001619,0.95,high,Subsystem signatures identify independently reproduced causal failures.,"[""A1"", ""B"", ""A2""]",-1.4637415392535156,-1.4886758977936987,-1.5114466019780153,0.3466166000425988,0.3765981075329021,0.4050642771693622,-0.029981507490303316,True
theory_resolution_contextual_v1-7c02c3ecb67583ab,bandit,model_discrimination,discriminating,0.5625,0.472,"[""continue"", ""disengage"", ""continue""]","[1, 1, 1]",positive,0.281,"[""disengage"", ""continue"", ""disengage""]","[1, -1, 0]",mixed,same_environment,A,critical-bandit-00004881,0.95,high,Circuit families are distinguished by audited reward-frequency bands.,"[""A1"", ""B"", ""A2""]",0.06408662033032511,0.7408022043430483,0.11463754539540275,0.24841589703374753,0.03179167607359017,0.20058077824445497,0.21662422096015738,True
theory_resolution_contextual_v1-7ed419b2c9c6090d,foraging,model_discrimination,discriminating,0.24999999999999997,0.893,"[""continue"", ""continue"", ""continue""]","[1, 1, 1]",positive,0.148,"[""continue"", ""disengage"", ""continue""]","[-1, -1, -1]",negative,same_environment,A,critical-foraging-00003745,0.95,high,Wet-season loam replenishes after harvest while dry-season gravel depletes.,"[""A1"", ""B"", ""A2""]",-1.5183825029493812,-0.885645544077224,-1.604343485596643,3.127176676737518,1.289690801782454,3.4385897625747073,1.837485874955064,True
theory_resolution_contextual_v1-8afda57c7bd99e8d,bandit,model_discrimination,discriminating,1.875,0.589,"[""continue"", ""disengage"", ""continue""]","[1, 1, 1]",positive,0.362,"[""disengage"", ""continue"", ""disengage""]","[1, -1, 0]",mixed,same_environment,novel_C,critical-bandit-00004278,0.8,medium,The blue circuit uses a high-volatility generator and the amber circuit a low-volatility generator.,"[""A1"", ""B"", ""A2""]",1.4252781560449808,1.4844883850349277,1.4822347945673877,0.20224973693030268,0.15249932142262884,0.15426450659852214,0.04975041550767384,True
theory_resolution_contextual_v1-903b1d87a3749fd0,debugging,model_discrimination,discriminating,0.3125,0.81,"[""disengage"", ""continue"", ""disengage""]","[-1, -1, -1]",negative,0.159,"[""continue"", ""continue"", ""continue""]","[1, -1, 0]",mixed,change_point,novel_C,critical-debugging-00000647,0.95,high,Subsystem signatures identify independently reproduced causal failures.,"[""A1"", ""B"", ""A2""]",0.29016398132060234,0.26079028636828677,0.237079631446468,0.0004988977304464013,0.0026738944838737887,0.005688231992750601,-0.0021749967534273875,True
theory_resolution_contextual_v1-905c3a3055eb7165,debugging,model_discrimination,discriminating,0.6875,0.765,"[""continue"", ""continue"", ""continue""]","[1, -1, 0]",mixed,0.544,"[""disengage"", ""continue"", ""disengage""]","[-1, -1, -1]",negative,same_environment,A,critical-debugging-00003590,0.95,high,Memory faults respond to allocation diagnostics while protocol faults respond to packet-trace diagnostics.,"[""A1"", ""B"", ""A2""]",-1.1179268320846578,-0.6895090557192143,-1.0181275328773962,3.2595660460112432,1.8961539395327223,2.9091652809094333,1.363412106478521,True
theory_resolution_contextual_v1-961e65bbc34eb014,debugging,model_discrimination,discriminating,-1.1875,0.621,"[""disengage"", ""continue"", ""disengage""]","[-1, -1, -1]",negative,0.213,"[""continue"", ""continue"", ""continue""]","[1, -1, 0]",mixed,change_point,novel_C,critical-debugging-00002915,0.95,high,Subsystem signatures identify independently reproduced causal failures.,"[""A1"", ""B"", ""A2""]",-1.9347689837474817,-1.9561204767123725,-1.9806707795196377,0.5584109340709942,0.5907774372215548,0.6291198854837896,-0.032366503150560666,True
theory_resolution_contextual_v1-97ab98b1a1d035cc,foraging,model_discrimination,discriminating,1.6875,0.641,"[""continue"", ""disengage"", ""continue""]","[-1, -1, -1]",negative,0.22,"[""continue"", ""continue"", ""continue""]","[1, 1, 1]",positive,same_environment,A,critical-foraging-00001963,0.95,high,Wet-season loam replenishes after harvest while dry-season gravel depletes.,"[""A1"", ""B"", ""A2""]",1.5753748036794097,0.8501124424433082,1.5590891579229837,0.012572059649930908,0.7012179215507618,0.01648934436292841,-0.6886458619008309,True
theory_resolution_contextual_v1-97c876ced4f5218e,foraging,model_discrimination,coverage,-0.3750000000000001,0.395,"[""continue"", ""continue"", ""continue""]","[-1, -1, -1]",negative,0.214,"[""continue"", ""disengage"", ""continue""]","[1, -1, 0]",mixed,same_environment,B,critical-foraging-00001177,0.8,medium,Wet-season loam replenishes after harvest while dry-season gravel depletes.,"[""A1"", ""B"", ""A2""]",-0.7214357510932237,-0.8196315215829325,-0.8060756906949227,0.12001772963552594,0.19769718998515368,0.18582625110810455,-0.07767946034962774,True
theory_resolution_contextual_v1-9a370f4ff26e8608,debugging,model_discrimination,discriminating,-0.1875,0.183,"[""continue"", ""continue"", ""continue""]","[-1, -1, -1]",negative,0.3,"[""disengage"", ""continue"", ""disengage""]","[1, 1, 1]",positive,same_environment,A,critical-debugging-00003899,0.8,medium,Subsystem signatures identify independently reproduced causal failures.,"[""A1"", ""B"", ""A2""]",-1.6896196278629798,-2.2428261412544095,-1.5905021784276427,2.2563633764112168,4.224365546923741,1.9684151126727112,-1.968002170512524,True
theory_resolution_contextual_v1-9ffb484c62c0c905,foraging,model_discrimination,discriminating,1.3125,0.254,"[""continue"", ""continue"", ""continue""]","[1, 1, 1]",positive,0.445,"[""continue"", ""disengage"", ""continue""]","[-1, -1, -1]",negative,same_environment,A,critical-foraging-00002602,0.8,medium,Soil signatures identify independently tracked renewal processes.,"[""A1"", ""B"", ""A2""]",0.1379491186552226,0.6591268493578608,0.05865583486444721,1.3795697728677934,0.4268964739800355,1.5721251904444713,0.9526732988877579,True
theory_resolution_contextual_v1-a367fb5649a13e92,bandit,model_discrimination,discriminating,1.4375,0.496,"[""disengage"", ""continue"", ""disengage""]","[-1, -1, -1]",negative,0.77,"[""continue"", ""disengage"", ""continue""]","[1, 1, 1]",positive,same_environment,A,critical-bandit-00004059,0.8,medium,Circuit families are distinguished by audited reward-frequency bands.,"[""A1"", ""B"", ""A2""]",1.6506155213833726,0.616671625584981,1.5692446947491696,0.04541822545450676,0.6737592202448026,0.017356664594551877,-0.6283409947902958,True
theory_resolution_contextual_v1-a74e2b66c11118f3,bandit,model_discrimination,discriminating,-1.0,0.697,"[""disengage"", ""continue"", ""disengage""]","[1, -1, 0]",mixed,0.56,"[""continue"", ""disengage"", ""continue""]","[1, 1, 1]",positive,same_environment,novel_C,critical-bandit-00002181,0.95,high,Circuit families are distinguished by audited reward-frequency bands.,"[""A1"", ""B"", ""A2""]",-0.9247999113998098,-1.5897449201214897,-1.0115460323155303,0.00565505332547646,0.3477990708091023,0.00013331086223127017,-0.34214401748362583,True
theory_resolution_contextual_v1-a8ce17b11d8b68ad,bandit,model_discrimination,random,1.6875,0.193,"[""disengage"", ""continue"", ""disengage""]","[1, -1, 0]",mixed,0.704,"[""continue"", ""disengage"", ""continue""]","[1, 1, 1]",positive,same_environment,novel_C,critical-bandit-00000219,0.6,low,Circuit families are distinguished by audited reward-frequency bands.,"[""A1"", ""B"", ""A2""]",2.179010411881994,1.7674238213229105,2.10258706852849,0.24158248498840756,0.006387817214856529,0.17229727445957552,0.23519466777355102,True
theory_resolution_contextual_v1-a9b5e660f55f8796,debugging,model_discrimination,random,0.5625,0.681,"[""continue"", ""continue"", ""continue""]","[1, -1, 0]",mixed,0.234,"[""disengage"", ""continue"", ""disengage""]","[1, 1, 1]",positive,same_environment,B,critical-debugging-00001661,0.8,medium,Subsystem signatures identify independently reproduced causal failures.,"[""A1"", ""B"", ""A2""]",-0.1296526664037974,-0.029551184581477985,-0.029484293723689436,0.47907531360988637,0.3505246051643313,0.3504454040155354,0.12855070844555505,True
theory_resolution_contextual_v1-aa986245a50abe44,foraging,model_discrimination,discriminating,0.12499999999999994,0.668,"[""continue"", ""disengage"", ""continue""]","[-1, -1, -1]",negative,0.87,"[""continue"", ""continue"", ""continue""]","[1, 1, 1]",positive,same_environment,A,critical-foraging-00002440,0.8,medium,Soil signatures identify independently tracked renewal processes.,"[""A1"", ""B"", ""A2""]",-0.4818213723847071,-1.09104593137765,-0.49988218820412356,0.3682321779828594,1.4787677072201362,0.3904777491347737,-1.1105355292372767,True
theory_resolution_contextual_v1-aab965b78a0a8904,debugging,model_discrimination,coverage,-0.5000000000000001,0.261,"[""continue"", ""continue"", ""continue""]","[1, -1, 0]",mixed,0.888,"[""disengage"", ""continue"", ""disengage""]","[-1, -1, -1]",negative,change_point,novel_C,critical-debugging-00004031,0.6,low,Subsystem signatures identify independently reproduced causal failures.,"[""A1"", ""B"", ""A2""]",-1.2809490391459963,-0.9468997517167341,-1.1746134124911807,0.6098814017430547,0.1997193880844785,0.45510325631299575,0.4101620136585762,True
theory_resolution_contextual_v1-ac476e35c2f9d824,debugging,model_discrimination,coverage,-0.5000000000000001,0.183,"[""continue"", ""continue"", ""continue""]","[-1, -1, -1]",negative,0.3,"[""disengage"", ""continue"", ""disengage""]","[1, 1, 1]",positive,same_environment,A,critical-debugging-00003098,0.95,high,Memory faults respond to allocation diagnostics while protocol faults respond to packet-trace diagnostics.,"[""A1"", ""B"", ""A2""]",-1.4891995387750732,-2.149222314810883,-1.39616016059288,0.9785157275128172,2.7199342436701675,0.8031030334338561,-1.74141851615735,True
theory_resolution_contextual_v1-ad9dd20dc09fece4,bandit,model_discrimination,coverage,-0.06250000000000003,0.754,"[""continue"", ""disengage"", ""continue""]","[-1, -1, -1]",negative,0.62,"[""disengage"", ""continue"", ""disengage""]","[1, -1, 0]",mixed,same_environment,novel_C,critical-bandit-00004434,0.6,low,The blue circuit uses a high-volatility generator and the amber circuit a low-volatility generator.,"[""A1"", ""B"", ""A2""]",-0.6729088211853871,-0.6429636107751576,-0.6197640291615567,0.3725989289809339,0.33693800343413366,0.3105431981973723,0.035660925546800226,True
theory_resolution_contextual_v1-ae3f5901ea3be460,debugging,model_discrimination,discriminating,1.375,0.648,"[""continue"", ""continue"", ""continue""]","[1, -1, 0]",mixed,0.863,"[""disengage"", ""continue"", ""disengage""]","[-1, -1, -1]",negative,same_environment,A,critical-debugging-00000188,0.95,high,Memory faults respond to allocation diagnostics while protocol faults respond to packet-trace diagnostics.,"[""A1"", ""B"", ""A2""]",0.042259017266001064,0.45372457031948543,0.13294783777817143,1.776198527058785,0.8487484173330168,1.5426935736799197,0.9274501097257682,True
theory_resolution_contextual_v1-ae9fef503c77bcdf,bandit,model_discrimination,discriminating,2.1875,0.589,"[""disengage"", ""continue"", ""disengage""]","[1, -1, 0]",mixed,0.362,"[""continue"", ""disengage"", ""continue""]","[1, 1, 1]",positive,same_environment,novel_C,critical-bandit-00004278,0.8,medium,The blue circuit uses a high-volatility generator and the amber circuit a low-volatility generator.,"[""A1"", ""B"", ""A2""]",2.1714964677207016,1.6293644716164795,2.093257926511557,0.000256113045414546,0.3115152680439517,0.008881568415401058,-0.3112591549985371,True
theory_resolution_contextual_v1-b1b00521ec83f3b3,foraging,model_discrimination,random,0.5625,0.761,"[""continue"", ""continue"", ""continue""]","[1, 1, 1]",positive,0.262,"[""continue"", ""disengage"", ""continue""]","[1, -1, 0]",mixed,same_environment,B,critical-foraging-00004261,0.95,high,Wet-season loam replenishes after harvest while dry-season gravel depletes.,"[""A1"", ""B"", ""A2""]",0.2216607069797281,0.1264940414471422,0.1458787383021853,0.11617142366655879,0.19010119589359634,0.17357327569867897,-0.07392977222703755,True
theory_resolution_contextual_v1-bd3efe3114bf2b22,debugging,model_discrimination,coverage,-1.625,0.786,"[""disengage"", ""continue"", ""disengage""]","[1, 1, 1]",positive,0.471,"[""continue"", ""continue"", ""continue""]","[-1, -1, -1]",negative,change_point,novel_C,critical-debugging-00003071,0.95,high,Subsystem signatures identify independently reproduced causal failures.,"[""A1"", ""B"", ""A2""]",-2.3296785082497573,-2.0153336756684084,-2.3803235238029856,0.4965717999891033,0.15236037836081023,0.5705136256101594,0.34421142162829305,True
theory_resolution_contextual_v1-c372117d3c456443,foraging,model_discrimination,discriminating,2.5,0.641,"[""continue"", ""continue"", ""continue""]","[1, 1, 1]",positive,0.22,"[""continue"", ""disengage"", ""continue""]","[-1, -1, -1]",negative,same_environment,A,critical-foraging-00001963,0.95,high,Wet-season loam replenishes after harvest while dry-season gravel depletes.,"[""A1"", ""B"", ""A2""]",0.8844041732032187,1.5167323750008839,0.802067527281571,2.6101498755631747,0.9668152223714025,2.882974681911719,1.643334653191772,True
theory_resolution_contextual_v1-c67966c4d66af49f,bandit,model_discrimination,discriminating,2.125,0.298,"[""continue"", ""disengage"", ""continue""]","[1, 1, 1]",positive,0.14,"[""disengage"", ""continue"", ""disengage""]","[-1, -1, -1]",negative,same_environment,A,critical-bandit-00000828,0.95,high,The blue circuit uses a high-volatility generator and the amber circuit a low-volatility generator.,"[""A1"", ""B"", ""A2""]",1.0094962534312832,2.227056715588861,1.0593524362388014,1.2443486086088438,0.010415573196785705,1.135604730150178,1.2339330354120581,True
theory_resolution_contextual_v1-c84ba88df259f2e5,bandit,model_discrimination,random,1.8125,0.544,"[""disengage"", ""continue"", ""disengage""]","[1, -1, 0]",mixed,0.146,"[""continue"", ""disengage"", ""continue""]","[1, 1, 1]",positive,same_environment,A,critical-bandit-00000813,0.6,low,Circuit families are distinguished by audited reward-frequency bands.,"[""A1"", ""B"", ""A2""]",2.3128927406407813,1.864388091047805,2.236782960542471,0.25039289488599226,0.0026923739925853022,0.18001603060668414,0.24770052089340697,True
theory_resolution_contextual_v1-c9c0fadca26446cb,bandit,model_discrimination,random,0.75,0.262,"[""continue"", ""disengage"", ""continue""]","[1, 1, 1]",positive,0.608,"[""disengage"", ""continue"", ""disengage""]","[-1, -1, -1]",negative,change_point,A,critical-bandit-00004464,0.8,medium,The blue circuit uses a high-volatility generator and the amber circuit a low-volatility generator.,"[""A1"", ""B"", ""A2""]",0.4095307271979929,0.9091734615292281,0.453932156168791,0.11591932572232755,0.025336190855196648,0.08765616815086115,0.0905831348671309,True
theory_resolution_contextual_v1-ccb426d19d0c79e2,foraging,model_discrimination,discriminating,1.625,0.614,"[""continue"", ""disengage"", ""continue""]","[-1, -1, -1]",negative,0.771,"[""continue"", ""continue"", ""continue""]","[1, 1, 1]",positive,same_environment,A,critical-foraging-00002287,0.95,high,Wet-season loam replenishes after harvest while dry-season gravel depletes.,"[""A1"", ""B"", ""A2""]",1.4783132587889396,0.752439600560773,1.4626509677129205,0.021517000047120607,0.7613616506695434,0.02635720828455119,-0.7398446506224228,True
theory_resolution_contextual_v1-cd12753a9615c063,foraging,model_discrimination,discriminating,1.0,0.203,"[""continue"", ""continue"", ""continue""]","[1, 1, 1]",positive,0.307,"[""continue"", ""disengage"", ""continue""]","[1, -1, 0]",mixed,same_environment,A,critical-foraging-00003748,0.95,high,Soil signatures identify independently tracked renewal processes.,"[""A1"", ""B"", ""A2""]",-0.5615848657553052,-0.18443960194386272,-0.6393899326935504,2.4385472929560144,1.402897170652936,2.6875993514169636,1.0356501223030783,True
theory_resolution_contextual_v1-ce151f323f205160,bandit,model_discrimination,discriminating,-0.8125,0.739,"[""disengage"", ""continue"", ""disengage""]","[-1, -1, -1]",negative,0.815,"[""continue"", ""disengage"", ""continue""]","[1, 1, 1]",positive,change_point,novel_C,critical-bandit-00002745,0.95,high,Circuit families are distinguished by audited reward-frequency bands.,"[""A1"", ""B"", ""A2""]",-0.5386216892115872,-1.2014962558473488,-0.6232615703176093,0.07500932912031445,0.151318087063256,0.03581118326865712,-0.07630875794294155,True
theory_resolution_contextual_v1-cfa6d03823f1f506,debugging,model_discrimination,random,-0.5000000000000001,0.288,"[""continue"", ""continue"", ""continue""]","[1, -1, 0]",mixed,0.537,"[""disengage"", ""continue"", ""disengage""]","[-1, -1, -1]",negative,change_point,novel_C,critical-debugging-00002105,0.95,high,Subsystem signatures identify independently reproduced causal failures.,"[""A1"", ""B"", ""A2""]",-1.2533186105634655,-0.7760191997566934,-1.1428056547591354,0.56748892902127,0.07618659863432536,0.41319910979032065,0.49130233038694465,True
theory_resolution_contextual_v1-d625bf49b375c4d0,foraging,model_discrimination,discriminating,2.6875,0.86,"[""continue"", ""disengage"", ""continue""]","[1, -1, 0]",mixed,0.577,"[""continue"", ""continue"", ""continue""]","[1, 1, 1]",positive,same_environment,A,critical-foraging-00000670,0.95,high,Soil signatures identify independently tracked renewal processes.,"[""A1"", ""B"", ""A2""]",1.6983503671687714,1.2982727011033024,1.687469670143994,0.9784169961301543,1.9299524879998144,1.0000606606319122,-0.9515354918696601,True
theory_resolution_contextual_v1-e1ff076e760688b8,debugging,model_discrimination,coverage,-0.8125,0.261,"[""disengage"", ""continue"", ""disengage""]","[-1, -1, -1]",negative,0.888,"[""continue"", ""continue"", ""continue""]","[1, -1, 0]",mixed,change_point,novel_C,critical-debugging-00004031,0.6,low,Subsystem signatures identify independently reproduced causal failures.,"[""A1"", ""B"", ""A2""]",-0.7605618132812173,-0.8048849158386516,-0.8121729134980942,0.0026975752396351353,5.7989506784418856e-05,1.0698557972899035e-07,0.0026395857328507166,True
theory_resolution_contextual_v1-e544420aa7fd65b9,foraging,model_discrimination,random,0.6875,0.761,"[""continue"", ""disengage"", ""continue""]","[1, -1, 0]",mixed,0.262,"[""continue"", ""continue"", ""continue""]","[1, 1, 1]",positive,same_environment,B,critical-foraging-00004261,0.95,high,Wet-season loam replenishes after harvest while dry-season gravel depletes.,"[""A1"", ""B"", ""A2""]",0.5566016326390119,0.630637460390366,0.5469455914240795,0.017134382577772205,0.003233348410857202,0.019755541770126794,0.013901034166915002,True
theory_resolution_contextual_v1-e6df0dcaafd99b32,debugging,model_discrimination,random,0.37499999999999994,0.681,"[""disengage"", ""continue"", ""disengage""]","[1, 1, 1]",positive,0.234,"[""continue"", ""continue"", ""continue""]","[1, -1, 0]",mixed,same_environment,B,critical-debugging-00001661,0.8,medium,Subsystem signatures identify independently reproduced causal failures.,"[""A1"", ""B"", ""A2""]",-0.3996479887491013,-0.461874109329649,-0.4501002812181746,0.6000795064730277,0.7003582748662933,0.6807904740663105,-0.10027876839326566,True
theory_resolution_contextual_v1-ee3ab3bc682ef25a,debugging,model_discrimination,coverage,-0.8125,0.183,"[""disengage"", ""continue"", ""disengage""]","[1, 1, 1]",positive,0.3,"[""continue"", ""continue"", ""continue""]","[-1, -1, -1]",negative,same_environment,A,critical-debugging-00003098,0.95,high,Memory faults respond to allocation diagnostics while protocol faults respond to packet-trace diagnostics.,"[""A1"", ""B"", ""A2""]",-2.1231140423718564,-1.4423757453267898,-2.179216647080452,1.7177091680622982,0.396743454550979,1.8679143934068332,1.3209657135113193,True
theory_resolution_contextual_v1-eefa097a4f1b2612,bandit,model_discrimination,coverage,-0.37500000000000006,0.1,"[""disengage"", ""continue"", ""disengage""]","[-1, -1, -1]",negative,0.311,"[""continue"", ""disengage"", ""continue""]","[1, 1, 1]",positive,same_environment,A,critical-bandit-00000000,0.6,low,The blue circuit uses a high-volatility generator and the amber circuit a low-volatility generator.,"[""A1"", ""B"", ""A2""]",-0.6618851209641583,-1.4813743096121033,-0.742565550710452,0.08230307263061971,1.2240641129696581,0.13510443406907785,-1.1417610403390384,True
theory_resolution_contextual_v1-f4d54f3b66e78bc4,foraging,model_discrimination,discriminating,0.8750000000000001,0.287,"[""continue"", ""continue"", ""continue""]","[-1, -1, -1]",negative,0.817,"[""continue"", ""disengage"", ""continue""]","[1, -1, 0]",mixed,same_environment,A,critical-foraging-00004876,0.8,medium,Soil signatures identify independently tracked renewal processes.,"[""A1"", ""B"", ""A2""]",0.11240233739154327,-0.31391478228351133,0.03527009800812342,0.5815551950158818,1.4135183595322491,0.7051463082992868,-0.8319631645163673,True
theory_resolution_contextual_v1-f623e34fec303029,bandit,model_discrimination,random,1.75,0.544,"[""continue"", ""disengage"", ""continue""]","[1, 1, 1]",positive,0.146,"[""disengage"", ""continue"", ""disengage""]","[1, -1, 0]",mixed,same_environment,A,critical-bandit-00000813,0.6,low,Circuit families are distinguished by audited reward-frequency bands.,"[""A1"", ""B"", ""A2""]",1.56667442896506,2.0092641776293565,1.6257598285983008,0.03360826499528682,0.06721791380182651,0.015435620189923591,-0.033609648806539695,True
theory_resolution_contextual_v1-f796810a9a90df05,bandit,model_discrimination,discriminating,-0.7500000000000001,0.739,"[""continue"", ""disengage"", ""continue""]","[1, 1, 1]",positive,0.815,"[""disengage"", ""continue"", ""disengage""]","[-1, -1, -1]",negative,change_point,novel_C,critical-bandit-00002745,0.95,high,Circuit families are distinguished by audited reward-frequency bands.,"[""A1"", ""B"", ""A2""]",-1.8345042322597924,-1.2676815350923398,-1.7913629526043462,1.1761494297894013,0.26799417177556134,1.0844367990568413,0.9081552580138399,True
theory_resolution_contextual_v1-f80a03d4544facac,debugging,model_discrimination,discriminating,-0.5625000000000001,0.801,"[""disengage"", ""continue"", ""disengage""]","[-1, -1, -1]",negative,0.276,"[""continue"", ""continue"", ""continue""]","[1, -1, 0]",mixed,same_environment,novel_C,critical-debugging-00003158,0.95,high,Memory faults respond to allocation diagnostics while protocol faults respond to packet-trace diagnostics.,"[""A1"", ""B"", ""A2""]",-1.516468664971517,-1.5516577212861338,-1.5726289161351246,0.9100562137475384,0.9784329975799765,1.0203604272123215,-0.06837678383243806,True
theory_resolution_contextual_v1-f8a7b2e51f7ca50e,debugging,model_discrimination,discriminating,1.5,0.648,"[""disengage"", ""continue"", ""disengage""]","[-1, -1, -1]",negative,0.863,"[""continue"", ""continue"", ""continue""]","[1, -1, 0]",mixed,same_environment,A,critical-debugging-00000188,0.95,high,Memory faults respond to allocation diagnostics while protocol faults respond to packet-trace diagnostics.,"[""A1"", ""B"", ""A2""]",0.56264624313078,0.10589321086794806,0.49538833677125715,0.8786320655168407,1.9435337395040797,1.0092445938952208,-1.064901673987239,True
theory_resolution_contextual_v1-fbb5e9413a8bbd29,debugging,model_discrimination,discriminating,-0.3750000000000001,0.183,"[""disengage"", ""continue"", ""disengage""]","[1, 1, 1]",positive,0.3,"[""continue"", ""continue"", ""continue""]","[-1, -1, -1]",negative,same_environment,A,critical-debugging-00003899,0.8,medium,Subsystem signatures identify independently reproduced causal failures.,"[""A1"", ""B"", ""A2""]",-2.3235341314597635,-1.7277001659887556,-2.3735586649152145,3.796785261463655,1.8297977390660072,3.9942367371076846,1.9669875223976478,True
theory_resolution_original_v1-0162075ecad894eb,foraging,model_discrimination,coverage,-0.7500000000000001,,,,,,,,,,,,,,,,-0.38232446201654463,-0.21749548314725065,-0.24594004906833108,0.13518530123142342,0.28356106046858015,0.25407643413323655,-0.14837575923715673,False
theory_resolution_original_v1-025001921fac1432,information_sampling,model_discrimination,random,-2.125,,,,,,,,,,,,,,,,-2.242435042347899,-2.0373774428805054,-2.122132527624931,0.013790989171252812,0.007677712516159099,8.222397821783928e-06,0.006113276655093714,False
theory_resolution_original_v1-0345be589791f1cd,bandit,model_discrimination,random,-1.3125,,,,,,,,,,,,,,,,-1.5109208535877376,-1.5658041737959085,-1.4400900346300687,0.03937083513848642,0.06416300446242783,0.016279216936902124,-0.02479216932394141,False
theory_resolution_original_v1-0601335fedf084ea,foraging,model_discrimination,random,0.5625000000000001,,,,,,,,,,,,,,,,1.0632493315558293,1.23022873826432,1.2019385074941293,0.2507498930536098,0.4458616679040606,0.4088816048663196,-0.19511177485045084,False
theory_resolution_original_v1-06979926bb665666,waiting,model_discrimination,discriminating,-0.8125,,,,,,,,,,,,,,,,-0.5605156957670145,-0.42440250305785937,-0.5292200776818197,0.06349608957978177,0.15061966713275485,0.08024751438859429,-0.08712357755297308,False
theory_resolution_original_v1-069a6e12e1ae04f9,solvability,model_discrimination,discriminating,-0.6875,,,,,,,,,,,,,,,,-0.49792071687993494,-0.2941677964445514,-0.3176783049323334,0.03594030458831778,0.15471022235378487,0.13676808614272218,-0.11876991776546708,False
theory_resolution_original_v1-0718ba40cd97129b,waiting,model_discrimination,discriminating,0.6875,,,,,,,,,,,,,,,,0.7906076054881364,0.887792147808901,0.7834429107902245,0.010631178309497166,0.04011694447390266,0.009205042130900985,-0.029485766164405496,False
theory_resolution_original_v1-073c4b2b817cff41,effort,model_discrimination,discriminating,1.25,,,,,,,,,,,,,,,,0.8909558494447148,1.0529393904344906,0.9306529458571033,0.1289127020479663,0.03883288384233014,0.10198254098974617,0.09007981820563615,False
theory_resolution_original_v1-07f57109d1c32b7b,effort,model_discrimination,coverage,-0.8750000000000002,,,,,,,,,,,,,,,,0.030394278040189314,0.030039987351713038,0.029808262979282928,0.8197387987079161,0.8190973787055892,0.8186779927555877,0.0006414200023269201,False
theory_resolution_original_v1-0906ae8896e38e9a,solvability,model_discrimination,coverage,-0.31250000000000017,,,,,,,,,,,,,,,,-1.2806257870411875,-0.9568530657293439,-1.0937571941787188,0.9372675395341182,0.4151908733148039,0.6103628034560039,0.5220766662193144,False
theory_resolution_original_v1-0a7c116c29f12e80,solvability,model_discrimination,random,1.4375000000000002,,,,,,,,,,,,,,,,1.4771524208495073,1.6656964549107762,1.6150385372715237,0.0015723144792264207,0.05207362203384583,0.03151993221651213,-0.05050130755461941,False
theory_resolution_original_v1-0c52875f8e053d1e,debugging,model_discrimination,random,-1.6875,,,,,,,,,,,,,,,,-1.5250924527933725,-1.3871800006463508,-1.4554756979595065,0.02637621138967295,0.09019210201177584,0.05383527673737816,-0.06381589062210288,False
theory_resolution_original_v1-0c5ce09cf5f82fa2,effort,model_discrimination,random,-0.3125,,,,,,,,,,,,,,,,-0.7774134140163735,-0.8272424438066692,-0.8126991189001234,0.21614448253235996,0.264959783456062,0.25019915854845975,-0.048815300923702065,False
theory_resolution_original_v1-0ee9bb3549ba01dd,waiting,model_discrimination,discriminating,-2.0625,,,,,,,,,,,,,,,,-1.89904128320872,-1.7583384158004276,-1.8667225146574011,0.026718752095051878,0.09251426930279356,0.038328823767071515,-0.06579551720774168,False
theory_resolution_original_v1-0f6f7e15d1989378,foraging,model_discrimination,coverage,0.9375,,,,,,,,,,,,,,,,0.6105962160981682,0.5434137962230279,0.5397144556212883,0.10686608392933557,0.15530393600734518,0.15823333931666803,-0.048437852078009616,False
theory_resolution_original_v1-16270e86b1876b4e,solvability,model_discrimination,random,0.9375000000000001,,,,,,,,,,,,,,,,0.5841275514011558,0.43510035746957365,0.5149143313635206,0.12487208742874287,0.2524054008147003,0.17857864733694045,-0.12753331338595744,False
theory_resolution_original_v1-171151f601962396,debugging,model_discrimination,random,0.24999999999999997,,,,,,,,,,,,,,,,0.06401413872260603,-0.006651009241465611,0.04149738448944351,0.034590740595094024,0.06586974054466284,0.04347334067474294,-0.031278999949568814,False
theory_resolution_original_v1-182179e791c629f0,debugging,model_discrimination,discriminating,-2.0,,,,,,,,,,,,,,,,-0.7724244525895596,-0.63331097651552,-0.698795579113926,1.5069417246000425,1.8678388869129614,1.6931329449334633,-0.3608971623129189,False
theory_resolution_original_v1-19db4232c9f39dab,information_sampling,model_discrimination,discriminating,-1.4375,,,,,,,,,,,,,,,,-1.5625574053967237,-1.8477881951124777,-1.662232073766082,0.015639354644560503,0.16833640304865458,0.05050450497920375,-0.15269704840409407,False
theory_resolution_original_v1-1a225b445047d947,effort,model_discrimination,discriminating,0.7500000000000002,,,,,,,,,,,,,,,,0.8914008391675647,1.0413755436754144,0.9685143638365619,0.01999419731729145,0.0848997074521432,0.04774852720289724,-0.06490551013485175,False
theory_resolution_original_v1-1a6f03840ee6d0d6,foraging,model_discrimination,discriminating,-0.5625,,,,,,,,,,,,,,,,-0.47583996504093584,-0.2327079056879471,-0.34881450889819693,0.007509961659106222,0.10876282547073,0.04566148910741876,-0.10125286381162378,False
theory_resolution_original_v1-1b33efb1ca743b2c,information_sampling,model_discrimination,discriminating,-1.9375,,,,,,,,,,,,,,,,-1.8624132238088817,-2.014687686813022,-1.782890010885784,0.0056380239587750835,0.005957938995545155,0.023904248733898015,-0.00031991503677007184,False
theory_resolution_original_v1-1c6f36c8c95a66d5,information_sampling,model_discrimination,discriminating,-2.4375,,,,,,,,,,,,,,,,-2.200275068338479,-2.3483643579046074,-2.1212013970855885,0.05627566820181338,0.007945162691757926,0.10004480620560854,0.04833050551005545,False
theory_resolution_original_v1-1da30596684d3b23,solvability,model_discrimination,discriminating,-0.8750000000000002,,,,,,,,,,,,,,,,-0.38365646281332944,-0.16773415459313734,-0.24620524809883632,0.24141847153510934,0.5002249760790844,0.3953828400184462,-0.25880650454397514,False
theory_resolution_original_v1-1e2c76a2be1640b0,waiting,model_discrimination,random,-1.875,,,,,,,,,,,,,,,,-1.6080199306836231,-1.6055491653904557,-1.6018894584174723,0.07127835741217739,0.07260375227178001,0.07458936792350158,-0.0013253948596026188,False
theory_resolution_original_v1-1e3495e259d8c1d7,effort,model_discrimination,discriminating,0.5,,,,,,,,,,,,,,,,0.499820222390268,0.6343498810749859,0.5817493851104119,3.231998896094382e-08,0.01804989054486286,0.006682961965930427,-0.0180498582248739,False
theory_resolution_original_v1-1e5b0c538fce1e46,debugging,model_discrimination,discriminating,-1.4375,,,,,,,,,,,,,,,,-1.9113962883762974,-1.8300060982524076,-1.798769018819297,0.22457769213683082,0.15406103716532862,0.13051530395865762,0.0705166549715022,False
theory_resolution_original_v1-222b2b576cbf5225,debugging,model_discrimination,discriminating,-0.9375000000000002,,,,,,,,,,,,,,,,-0.9026816050810413,-0.7479607918157171,-0.81345405263289,0.0012123206247325819,0.03592511143912503,0.015387397058203894,-0.03471279081439245,False
theory_resolution_original_v1-234351d90754a2c8,information_sampling,model_discrimination,coverage,-1.875,,,,,,,,,,,,,,,,-1.7656960453145958,-1.7765657546652065,-1.7723263468489767,0.011947354509868897,0.009689300654630317,0.010541879051376633,0.002258053855238581,False
theory_resolution_original_v1-2417c5304bb121b6,effort,model_discrimination,coverage,-1.125,,,,,,,,,,,,,,,,-1.205677836348572,-1.2730705825617414,-1.2456718867970604,0.0065089132778869754,0.02192489742017349,0.014561704263162566,-0.015415984142286513,False
theory_resolution_original_v1-244670571dc91b94,foraging,model_discrimination,discriminating,-1.0,,,,,,,,,,,,,,,,-0.9101056939330077,-0.7068191621301746,-0.8199536560750069,0.008080986263266095,0.08595500369405285,0.03241668596075689,-0.07787401743078676,False
theory_resolution_original_v1-251f510c470548b8,waiting,model_discrimination,coverage,-2.125,,,,,,,,,,,,,,,,-1.7500228381245921,-1.747011628459771,-1.7494181716990067,0.14060787192813584,0.14287520901963421,0.1410617097499168,-0.0022673370914983726,False
theory_resolution_original_v1-25709a34229e8768,waiting,model_discrimination,coverage,-1.1875,,,,,,,,,,,,,,,,-0.795955967788051,-0.7522364815734348,-0.8142999459017912,0.15330672916079174,0.18945433047307286,0.13927828037890597,-0.03614760131228112,False
theory_resolution_original_v1-2b078135ce8a976e,foraging,model_discrimination,discriminating,-1.125,,,,,,,,,,,,,,,,-1.0035437930066704,-1.1430397174110536,-1.0687536335223782,0.014751610217206525,0.00032543140427067005,0.00316365374193494,0.014426178812935855,False
theory_resolution_original_v1-2b5a1370fb5ef1ae,effort,model_discrimination,coverage,-0.8125000000000002,,,,,,,,,,,,,,,,-0.013710823023224211,0.03084507652007218,-0.004577126006510439,0.6380641492552351,0.7112309180906468,0.6527393703219004,-0.07316676883541162,False
theory_resolution_original_v1-2d01eb4b1c1cf182,solvability,model_discrimination,discriminating,1.6875,,,,,,,,,,,,,,,,2.2743675457418977,2.0573317226373447,2.1384457275138984,0.3444135162451184,0.13677550306890582,0.2033520491630391,0.20763801317621258,False
theory_resolution_original_v1-2d046a412f54dc28,information_sampling,model_discrimination,coverage,-1.5625,,,,,,,,,,,,,,,,-1.9496902497553088,-1.9396448867426144,-1.9837040516706304,0.14991628950557842,0.14223826559609942,0.17741285314375504,0.007678023909478998,False
theory_resolution_original_v1-2d26e61046f14890,solvability,model_discrimination,discriminating,3.125,,,,,,,,,,,,,,,,3.4830727392942804,3.8195939235134486,3.6981122139906963,0.1282160866257097,0.4824607185818065,0.3284576098253177,-0.3542446319560968,False
theory_resolution_original_v1-2ff34ebc7de4e414,foraging,model_discrimination,discriminating,-0.9375,,,,,,,,,,,,,,,,-1.1589427406229955,-0.9719215324244793,-1.0691181810604244,0.04903688737462327,0.001184841894449481,0.01732334558565467,0.04785204548017379,False
theory_resolution_original_v1-3284a5e8c2f716ac,waiting,model_discrimination,discriminating,-1.5,,,,,,,,,,,,,,,,-1.1691484155710279,-1.0634884507474713,-1.1768147812063254,0.10946277091916126,0.19054233263084275,0.1044486856467153,-0.08107956171168149,False
theory_resolution_original_v1-34e50d393276a4c9,effort,model_discrimination,discriminating,-0.8125000000000002,,,,,,,,,,,,,,,,-1.7882433248681255,-1.6022308409637982,-1.718347955669742,0.9520750360247039,0.6236748011693876,0.8205605187910506,0.32840023485531633,False
theory_resolution_original_v1-35584a8073a2874f,foraging,model_discrimination,discriminating,0.8750000000000001,,,,,,,,,,,,,,,,1.0485125970588507,1.3434830332818644,1.1923926023221316,0.030106621338107042,0.2194763524729763,0.10073806400881472,-0.18936973113486927,False
theory_resolution_original_v1-37339c7e83119f81,effort,model_discrimination,discriminating,1.0,,,,,,,,,,,,,,,,0.9687133075271097,1.1590080852781612,1.037615054951589,0.0009788571258932098,0.025283571183826997,0.001414892359011061,-0.024304714057933788,False
theory_resolution_original_v1-38e3ecca6433e81d,solvability,model_discrimination,discriminating,1.25,,,,,,,,,,,,,,,,2.027848353162622,1.823641324077312,1.8982894109403572,0.605048060517803,0.3290643686891716,0.4202791603373953,0.2759836918286314,False
theory_resolution_original_v1-3b7fd304bc888f64,effort,model_discrimination,discriminating,-1.875,,,,,,,,,,,,,,,,-2.391735699109309,-2.2878814720058522,-2.397439026067603,0.26701578273398613,0.17047110992571934,0.2729425359584656,0.09654467280826678,False
theory_resolution_original_v1-3f640b6e95c1f77a,solvability,model_discrimination,discriminating,0.375,,,,,,,,,,,,,,,,0.5453474373989838,0.34567449350638774,0.4327975325912256,0.029018249428400717,0.000859985331106895,0.0033405547736337863,0.02815826409729382,False
theory_resolution_original_v1-40d0f2dd86fe8476,effort,model_discrimination,discriminating,-0.3125,,,,,,,,,,,,,,,,-0.9750522876114497,-0.8735267776997364,-0.9822985287714843,0.43897553381916515,0.31475104529614945,0.44863006914444487,0.12422448852301571,False
theory_resolution_original_v1-41cbea53ce7b7bee,waiting,model_discrimination,coverage,0.18750000000000014,,,,,,,,,,,,,,,,-0.05273996806088542,-0.06825171091306627,-0.07504658445138258,0.05771524225389531,0.0654089376349607,0.06893070900708705,-0.007693695381065388,False
theory_resolution_original_v1-42fff4586db1cd6e,debugging,model_discrimination,discriminating,-1.5625,,,,,,,,,,,,,,,,-1.8332788961570938,-1.7568961651202573,-1.7284414347621553,0.07332121060405421,0.037789869013462325,0.027536559770922637,0.03553134159059188,False
theory_resolution_original_v1-43584b25b42b4489,bandit,model_discrimination,discriminating,-0.8125,,,,,,,,,,,,,,,,-0.931683990983534,-0.6761602850316797,-0.900684430582904,0.014204823706763126,0.018588517877642825,0.007776493797231021,-0.0043836941708797,False
theory_resolution_original_v1-43e062b362116897,waiting,model_discrimination,coverage,-0.1875,,,,,,,,,,,,,,,,-0.13794226597673043,-0.1386503507305199,-0.1372043404184616,0.0024559690015211306,0.0023862882337512175,0.0025296533727419946,6.96807677699131e-05,False
theory_resolution_original_v1-461b74a7fe26198e,information_sampling,model_discrimination,discriminating,-2.125,,,,,,,,,,,,,,,,-1.6957609875442723,-1.963600045788573,-1.7771298886276576,0.18424612981396837,0.02604994521945075,0.12101361438620588,0.15819618459451762,False
theory_resolution_original_v1-4707239920fd01d9,foraging,model_discrimination,discriminating,-2.5625,,,,,,,,,,,,,,,,-2.7935304900135227,-2.6620216304531246,-2.6332192184956953,0.05337508731588842,0.00990455492804829,0.005001207864641891,0.04347053238784013,False
theory_resolution_original_v1-478fd833ae02a91e,solvability,model_discrimination,discriminating,0.625,,,,,,,,,,,,,,,,0.17096627505938689,0.4199599885428722,0.42537563241759174,0.20614662338344833,0.0420414062983391,0.039849888132676446,0.16410521708510922,False
theory_resolution_original_v1-47c19e80c1c8437b,waiting,model_discrimination,discriminating,-0.8750000000000002,,,,,,,,,,,,,,,,-1.134310498386907,-1.0682592437790637,-1.1107169921932836,0.06724193457366599,0.03734913530605548,0.0555625004086484,0.029892799267610515,False
theory_resolution_original_v1-489ac03981ff424b,effort,model_discrimination,discriminating,0.75,,,,,,,,,,,,,,,,0.385472607650697,0.5143891441384948,0.4385959650728448,0.13288021977298267,0.055512475399790984,0.09697247296891288,0.07736774437319169,False
theory_resolution_original_v1-48e3aca18ab5ebfc,foraging,model_discrimination,discriminating,-0.5625000000000001,,,,,,,,,,,,,,,,-0.857720798985915,-0.6548790802101971,-0.7738783265794857,0.08715532015388198,0.008533894460482016,0.044680796947543684,0.07862142569339997,False
theory_resolution_original_v1-4946d9296e94acb6,solvability,model_discrimination,discriminating,2.0,,,,,,,,,,,,,,,,2.5616037624308925,2.383078767443944,2.466561454118494,0.3153987859765343,0.1467493420663715,0.21767959046916352,0.16864944391016282,False
theory_resolution_original_v1-4d474229e9c1ea39,effort,model_discrimination,random,1.0625,,,,,,,,,,,,,,,,0.36638735541344936,0.38067962388704624,0.36971302807887546,0.4845728139532814,0.4648790252828097,0.47995378846364106,0.019693788670471668,False
theory_resolution_original_v1-4ddae10abd676a9b,solvability,model_discrimination,coverage,2.8125,,,,,,,,,,,,,,,,1.9004387994166794,1.8607886272676595,1.8731608365191188,0.8318556336094882,0.905754536988076,0.8823580640489617,-0.07389890337858773,False
theory_resolution_original_v1-4eb5d6a50dd3b282,debugging,model_discrimination,discriminating,-1.4375,,,,,,,,,,,,,,,,-0.8926288764981847,-0.7811802487220344,-0.7778354279666984,0.2968845412261305,0.4307556159175706,0.43515734759587904,-0.1338710746914401,False
theory_resolution_original_v1-4ed7b3a3f84b8221,bandit,model_discrimination,discriminating,-3.125,,,,,,,,,,,,,,,,-2.423478437381846,-2.281074385106047,-2.4206658138184887,0.4921325028182164,0.7122104434741369,0.4960866458239719,-0.22007794065592046,False
theory_resolution_original_v1-4ef0cc23c175c499,debugging,model_discrimination,discriminating,-1.4375,,,,,,,,,,,,,,,,-1.3160927506135756,-1.2601233351130001,-1.2136215087785844,0.014739720203577458,0.03146248124643505,0.050121578831577446,-0.016722761042857595,False
theory_resolution_original_v1-504ff983e6e18c0a,information_sampling,model_discrimination,discriminating,-2.75,,,,,,,,,,,,,,,,-2.4415203203206772,-2.084500622962584,-2.3306592185559003,0.09515971277505758,0.4428894208371888,0.1758466909821482,-0.3477297080621312,False
theory_resolution_original_v1-50bba17eba2860df,effort,model_discrimination,discriminating,-1.25,,,,,,,,,,,,,,,,-1.0668665114612699,-0.9391657352874213,-0.977402738013714,0.0335378746243652,0.09661794011940944,0.07430926724241983,-0.06308006549504425,False
theory_resolution_original_v1-50e70418ccdcd322,debugging,model_discrimination,discriminating,-1.25,,,,,,,,,,,,,,,,-1.0874956921459535,-0.9474740726663462,-0.9836766982817959,0.026407650071122706,0.09152193670908718,0.07092810103808556,-0.06511428663796447,False
theory_resolution_original_v1-50e78e04dccca0b1,foraging,model_discrimination,discriminating,-0.5,,,,,,,,,,,,,,,,-0.5459665009953617,-0.28547012301521535,-0.44322074475619344,0.0021129192137565884,0.046023068119106836,0.0032238838260413346,-0.04391014890535025,False
theory_resolution_original_v1-5169cb3c0d5f9a32,solvability,model_discrimination,discriminating,0.43749999999999994,,,,,,,,,,,,,,,,0.6011900450877385,0.9356527121362175,0.8002467039234467,0.026794430860825894,0.2481561246086692,0.1315851712073247,-0.2213616937478433,False
theory_resolution_original_v1-52c7f7f7d9d6d0b5,bandit,model_discrimination,discriminating,-0.6875000000000001,,,,,,,,,,,,,,,,-0.4356299490594123,-0.1724238924562701,-0.3267654701745554,0.06343852256081428,0.26530339656240015,0.1301294010083847,-0.20186487400158587,False
theory_resolution_original_v1-5447f457a47e66a5,bandit,model_discrimination,coverage,-1.0625,,,,,,,,,,,,,,,,-0.9839453129535121,-0.7206987884447731,-0.8741823090111767,0.00617083885697166,0.11682806822062099,0.035463552739361956,-0.11065722936364933,False
theory_resolution_original_v1-54e00e3e51707ab8,bandit,model_discrimination,random,-0.6875,,,,,,,,,,,,,,,,-0.5388523572671293,-0.5198373320448701,-0.40757481832085735,0.02209612169003916,0.028110770225832128,0.07835810733810102,-0.0060146485357929665,False
theory_resolution_original_v1-55034db8fa502b8f,bandit,model_discrimination,discriminating,-1.625,,,,,,,,,,,,,,,,-2.1678435376890484,-1.8621066572002933,-2.0898856038242695,0.2946791064107613,0.05621956688869741,0.21611862464305562,0.23845953952206386,False
theory_resolution_original_v1-550f96694e28dfaa,debugging,model_discrimination,discriminating,-0.18749999999999997,,,,,,,,,,,,,,,,0.3511676254456422,0.45822455206326995,0.4337822502972446,0.2901628107032466,0.41696019713731064,0.3859916345344081,-0.12679738643406402,False
theory_resolution_original_v1-55e5d7d4d4d09a9b,foraging,model_discrimination,coverage,-0.6875000000000001,,,,,,,,,,,,,,,,-0.6711006289499438,-0.6864462023190958,-0.6870814626836708,0.0002689393708374243,1.1104895522792816e-06,1.751734851601729e-07,0.000267828881285145,False
theory_resolution_original_v1-56727673c9fcbb3a,information_sampling,model_discrimination,discriminating,-1.625,,,,,,,,,,,,,,,,-1.8418092308581904,-1.5445727335444341,-1.7273748006823473,0.04700624258532009,0.00646854518951459,0.010480599814750333,0.0405376973958055,False
theory_resolution_original_v1-5673076ef158a0a3,solvability,model_discrimination,discriminating,-0.5625,,,,,,,,,,,,,,,,-0.0031420282306411917,-0.19567872727513988,-0.05843362430648954,0.31288134058193084,0.13455784612348617,0.2540829111047912,0.17832349445844467,False
theory_resolution_original_v1-579639b4c6c3fc54,debugging,model_discrimination,discriminating,0.24999999999999997,,,,,,,,,,,,,,,,0.3915026032121676,0.5302195396173699,0.4662574583953349,0.02002298671582016,0.07852299038337074,0.04676728831161001,-0.05850000366755058,False
theory_resolution_original_v1-57ee9eebef4b8911,waiting,model_discrimination,discriminating,-0.31250000000000006,,,,,,,,,,,,,,,,-0.5051324955670059,-0.37385468879320966,-0.47130561661628073,0.037107278348372526,0.0037643978369115995,0.025219223868877122,0.03334288051146093,False
theory_resolution_original_v1-58e519906348811a,debugging,model_discrimination,coverage,-1.625,,,,,,,,,,,,,,,,-0.855631692836692,-0.8703115509698913,-0.8690032784446549,0.5919275920673341,0.5695546550994709,0.5715310430024301,0.022372936967863244,False
theory_resolution_original_v1-59230a91dd77eee1,information_sampling,model_discrimination,random,-1.1875,,,,,,,,,,,,,,,,-0.8067549859886048,-0.7885077221039883,-0.8081212667593125,0.14496676569453748,0.1591948378206482,0.1439282232353087,-0.014228072126110713,False
theory_resolution_original_v1-5d67007822fa087f,solvability,model_discrimination,discriminating,0.18749999999999994,,,,,,,,,,,,,,,,0.28892289266629023,0.4603654278027368,0.4769609796661085,0.01028660315679784,0.07445554168997061,0.08378765874926332,-0.06416893853317276,False
theory_resolution_original_v1-5e19f024e610d44b,bandit,model_discrimination,random,-0.9375000000000002,,,,,,,,,,,,,,,,-0.40543467307932823,-0.3839308874518214,-0.3774545370315084,0.28309351211120154,0.3064387623673782,0.31365092059159244,-0.023345250256176675,False
theory_resolution_original_v1-5e4351b5db07d9bb,bandit,model_discrimination,random,1.4375000000000002,,,,,,,,,,,,,,,,1.2124394766776647,1.2075419554270455,1.2155456174687544,0.05065223915812352,0.05288070226381705,0.04926374792482658,-0.0022284631056935303,False
theory_resolution_original_v1-5f695bc61f3a9654,debugging,model_discrimination,coverage,-0.375,,,,,,,,,,,,,,,,0.05177107932368302,0.04128097572626477,0.000899142856330748,0.18213355414710133,0.17328985075161105,0.14130016560012415,0.008843703395490288,False
theory_resolution_original_v1-60a755abad9690de,debugging,model_discrimination,discriminating,-1.125,,,,,,,,,,,,,,,,-0.8967388274205702,-0.7524031121834827,-0.8183699569567451,0.052103162907336235,0.1388284408105544,0.09402198329670837,-0.08672527790321816,False
theory_resolution_original_v1-60cd577c8a1dc5cd,waiting,model_discrimination,discriminating,-0.625,,,,,,,,,,,,,,,,-1.0018976326617128,-0.9509360786570685,-0.9777933774505296,0.14205182550600343,0.10623432737034676,0.12446316717295187,0.03581749813565667,False
theory_resolution_original_v1-63d84c45ff0274d7,effort,model_discrimination,random,-2.375,,,,,,,,,,,,,,,,-2.1023191316013623,-2.0592497055254926,-2.125387142490232,0.07435485599063517,0.09969824846073815,0.062306578634191756,-0.025343392470102977,False
theory_resolution_original_v1-66eca92dd93ae104,effort,model_discrimination,discriminating,0.75,,,,,,,,,,,,,,,,1.2220512226933078,1.3286386724771453,1.2731201255938513,0.22283235684624686,0.334822713286113,0.2736546658013268,-0.11199035643986616,False
theory_resolution_original_v1-68258ccb752836e4,waiting,model_discrimination,coverage,-1.25,,,,,,,,,,,,,,,,-1.0162564831686507,-1.0293295793394592,-1.0395734328908874,0.05463603166068728,0.04869543455450002,0.04427934014532585,0.005940597106187259,False
theory_resolution_original_v1-6991cf507321ad26,solvability,model_discrimination,random,0.24999999999999992,,,,,,,,,,,,,,,,0.5315294355149073,0.37452612722321454,0.442212593284802,0.0792588230613424,0.015506756361212235,0.03694568101726874,0.06375206670013016,False
theory_resolution_original_v1-69adf56e11c0179e,information_sampling,model_discrimination,discriminating,-1.8125,,,,,,,,,,,,,,,,-1.7659252192220884,-1.4648429029353212,-1.6571908118866028,0.002169210204510519,0.12086545713943952,0.024120943912442606,-0.118696246934929,False
theory_resolution_original_v1-6bd6197eb2a01a88,solvability,model_discrimination,random,0.25,,,,,,,,,,,,,,,,1.6304242068355856,1.549993376586684,1.5459899587049348,1.9055709908176557,1.689982779169248,1.6795899730640187,0.21558821164840758,False
theory_resolution_original_v1-6d730238a961a7bb,bandit,model_discrimination,random,0.8125000000000002,,,,,,,,,,,,,,,,0.5929943528144512,0.5847034348798212,0.5916958023515996,0.04818272914634671,0.05189127508055195,0.04875449369915398,-0.0037085459342052346,False
theory_resolution_original_v1-6e825a74edd33522,information_sampling,model_discrimination,coverage,-1.25,,,,,,,,,,,,,,,,-1.1689148700030785,-1.1639249136689507,-1.1655445023142406,0.0065747983066176624,0.007408920486897594,0.007132731089349318,-0.0008341221802799312,False
theory_resolution_original_v1-706bbbc60c116a7f,debugging,model_discrimination,discriminating,-1.875,,,,,,,,,,,,,,,,-2.2629620277151585,-2.113335332935471,-2.1794721763750635,0.15051453494885744,0.05680373092546177,0.09270330618656779,0.09371080402339567,False
theory_resolution_original_v1-709685c0748f298c,waiting,model_discrimination,discriminating,-1.4375,,,,,,,,,,,,,,,,-1.484320396209984,-1.3733815665414815,-1.4524426616045536,0.0021921495012598856,0.004111173509174468,0.0002232831358282003,-0.0019190240079145827,False
theory_resolution_original_v1-72cd1dcfd3515f84,information_sampling,model_discrimination,discriminating,-1.9375,,,,,,,,,,,,,,,,-1.3198067467002943,-1.5358529371088443,-1.4015292759869027,0.3815449551719744,0.16132036312909198,0.2872646169991237,0.22022459204288242,False
theory_resolution_original_v1-74b62b938d34cdc2,debugging,model_discrimination,discriminating,-1.875,,,,,,,,,,,,,,,,-0.8477493011544115,-0.734396596826022,-0.7535371717632424,1.05524399827875,1.3009761233320603,1.2576788751167873,-0.2457321250533102,False
theory_resolution_original_v1-74c0a92324def397,debugging,model_discrimination,random,-0.31249999999999994,,,,,,,,,,,,,,,,-0.6631488406120032,-0.6716777739027049,-0.6733017172286003,0.12295460942254205,0.12900867326570264,0.13017787915510692,-0.006054063843160595,False
theory_resolution_original_v1-74f643074fdf2bc6,foraging,model_discrimination,random,0.125,,,,,,,,,,,,,,,,0.019306273615442737,-0.07620731153616601,-0.0400857127200336,0.011171163797053655,0.04048438221561176,0.02725329254428146,-0.0293132184185581,False
theory_resolution_original_v1-75b8c1ebad8fdff5,information_sampling,model_discrimination,discriminating,-1.3125,,,,,,,,,,,,,,,,-1.6500446338911714,-1.9361204926248785,-1.7418520968835622,0.11393637986872493,0.38890251882169613,0.1843432230983118,-0.2749661389529712,False
theory_resolution_original_v1-771b4c52886ffd2d,bandit,model_discrimination,discriminating,1.8125,,,,,,,,,,,,,,,,1.3194809307016078,1.6424704151962028,1.4026141194236224,0.24306780269185288,0.028910059708551646,0.16800643509587251,0.21415774298330123,False
theory_resolution_original_v1-782520a38e17be22,waiting,model_discrimination,discriminating,-1.5625,,,,,,,,,,,,,,,,-1.685093669487421,-1.540419868158545,-1.65361586591056,0.015029207798391021,0.0004875322221360334,0.008302101020631145,0.014541675576254987,False
theory_resolution_original_v1-78ca34d485c7e1c0,effort,model_discrimination,random,-0.375,,,,,,,,,,,,,,,,-0.4286951754737824,-0.38684367422930604,-0.45167690192725257,0.0028831718691602814,0.00014027261924992812,0.005879347289161509,0.0027428992499103533,False
theory_resolution_original_v1-7a7daedad5065f02,bandit,model_discrimination,discriminating,-0.4999999999999999,,,,,,,,,,,,,,,,-1.062052848248752,-0.747959691355013,-0.9819396942404295,0.31590340422453467,0.06148400853687334,0.23226586888455877,0.2544193956876613,False
theory_resolution_original_v1-7bf6fa2edafdfd33,information_sampling,model_discrimination,discriminating,-1.4375,,,,,,,,,,,,,,,,-1.188197296357122,-1.3442229988522736,-1.118589906734284,0.062151838043648704,0.008700598943112954,0.10170364758674771,0.05345123910053575,False
theory_resolution_original_v1-7e3bb31a23903bd1,information_sampling,model_discrimination,discriminating,-2.125,,,,,,,,,,,,,,,,-1.9171568586154022,-2.0702049031543277,-1.8429723300450194,0.04319877142061791,0.003002502638326606,0.07953960662023549,0.04019626878229131,False
theory_resolution_original_v1-7e7e3db8c1784b66,waiting,model_discrimination,discriminating,-1.3125,,,,,,,,,,,,,,,,-1.9814324551171487,-1.9201485142504295,-1.949679232964764,0.4474706295090562,0.3692367168707545,0.4059973749215651,0.0782339126383017,False
theory_resolution_original_v1-802f4215ee9852f5,foraging,model_discrimination,random,-2.125,,,,,,,,,,,,,,,,-1.9498223080095194,-1.9459409630381357,-1.9531389006279714,0.030687223771111695,0.03206213871771029,0.029536237477362306,-0.001374914946598596,False
theory_resolution_original_v1-81034df9f33ee13d,foraging,model_discrimination,coverage,0.06249999999999993,,,,,,,,,,,,,,,,0.31794311444637036,0.3488117312992044,0.4312827871543315,0.06525118471806149,0.08197440747954785,0.13600074410131702,-0.016723222761486356,False
theory_resolution_original_v1-819d67c5c5a44e7c,effort,model_discrimination,discriminating,-0.18749999999999997,,,,,,,,,,,,,,,,0.6426786889003702,0.7621491543493141,0.7250228415673525,0.6891966555043376,0.9018335163563673,0.8326979363821556,-0.2126368608520297,False
theory_resolution_original_v1-8226e67069fb41af,bandit,model_discrimination,discriminating,1.6875,,,,,,,,,,,,,,,,0.6895940963127988,0.9873110131622828,0.766407553441721,0.9958161926137697,0.490264617288829,0.8484112951067161,0.5055515753249408,False
theory_resolution_original_v1-83443f10f17c4b1f,debugging,model_discrimination,discriminating,-1.5625,,,,,,,,,,,,,,,,-1.434477773396975,-1.3624517680346115,-1.3304487658718638,0.016389690504396304,0.04001929511247787,0.05384777526039109,-0.023629604608081566,False
theory_resolution_original_v1-853bfd72718ea04d,waiting,model_discrimination,discriminating,-1.0,,,,,,,,,,,,,,,,-1.0748968510441248,-0.9746231817024118,-1.037995641248595,0.005609538296325819,0.0006439829069088072,0.0014436687538919256,0.004965555389417012,False
theory_resolution_original_v1-85bab0d18929f326,foraging,model_discrimination,coverage,-1.3125,,,,,,,,,,,,,,,,-1.2685718065270133,-1.1544634511780618,-1.1620304682144402,0.001929686181800152,0.024975550763548852,0.022641079995765583,-0.0230458645817487,False
theory_resolution_original_v1-85c651d89459ecb5,information_sampling,model_discrimination,coverage,-1.9375,,,,,,,,,,,,,,,,-1.8514550863538752,-2.0436360469020265,-1.96808372528585,0.0074037271643690675,0.011264860451989168,0.000935364252360345,-0.0038611332876201006,False
theory_resolution_original_v1-85fd4ec350f9a807,bandit,model_discrimination,coverage,-0.24999999999999994,,,,,,,,,,,,,,,,-0.15823647644126368,-0.1584745690448087,-0.1626604967034335,0.008420544255914746,0.008376904511533481,0.007628188836090942,4.363974438126479e-05,False
theory_resolution_original_v1-8801d23b8211d714,waiting,model_discrimination,discriminating,-1.0000000000000002,,,,,,,,,,,,,,,,-1.0277602768684482,-0.8897739965801102,-0.9993729178166724,0.0007706329718128865,0.012149771829921595,3.932320646472282e-07,-0.01137913885810871,False
theory_resolution_original_v1-8a0d96beecb29602,bandit,model_discrimination,coverage,-1.4375,,,,,,,,,,,,,,,,-1.4395230368696386,-1.4624107509624835,-1.4473178198173091,4.09267817591699e-06,0.0006205455135148735,9.638958596514758e-05,-0.0006164528353389565,False
theory_resolution_original_v1-8be4155ab9b7cbbe,foraging,model_discrimination,discriminating,0.3125,,,,,,,,,,,,,,,,0.3082509669415019,0.5189071026272014,0.398871391519856,1.805428193220979e-05,0.042603892014956055,0.0074600172730762545,-0.042585837733023844,False
theory_resolution_original_v1-8e36d3249430992a,effort,model_discrimination,random,0.18749999999999994,,,,,,,,,,,,,,,,0.5707878979638417,0.5740055095419019,0.5676601371732166,0.14690961272554035,0.14938650890624525,0.14452172989555892,-0.0024768961807049017,False
theory_resolution_original_v1-8e54d25217aefbc6,debugging,model_discrimination,discriminating,-1.8125,,,,,,,,,,,,,,,,-1.5307134067615378,-1.4590091949321708,-1.425574298168967,0.07940368412893857,0.12495574926750198,0.14971149873743747,-0.04555206513856341,False
theory_resolution_original_v1-8ec3af56aa97f80b,debugging,model_discrimination,coverage,-1.625,,,,,,,,,,,,,,,,-1.5754357900114189,-1.627801644865722,-1.618713068868256,0.0024566109117921658,7.849213953626365e-06,3.9525503055291195e-05,0.0024487616978385394,False
theory_resolution_original_v1-8f07bba6ca656e0d,debugging,model_discrimination,random,-2.7755575615628914e-17,,,,,,,,,,,,,,,,0.35477530165368165,0.3511606853730417,0.35137392712482696,0.1258655146634608,0.12331382695166437,0.12346363666312321,0.0025516877117964243,False
theory_resolution_original_v1-9012eb595f1721b9,solvability,model_discrimination,discriminating,0.6875000000000001,,,,,,,,,,,,,,,,1.508492548449513,1.8171764046579872,1.6983622826351554,0.6740287646096259,1.2761687792409961,1.0218425544543563,-0.6021400146313702,False
theory_resolution_original_v1-91b63d5decc42c78,effort,model_discrimination,discriminating,0.5,,,,,,,,,,,,,,,,0.384194919899052,0.5428725652372709,0.42548953590640015,0.013410816577186978,0.0018380568500240492,0.005551809259443632,0.011572759727162929,False
theory_resolution_original_v1-91e893f0fb6c8b3c,information_sampling,model_discrimination,discriminating,-2.0625,,,,,,,,,,,,,,,,-1.935881403272355,-1.5881932233691742,-1.8167463864553768,0.016032269037277985,0.22496691835792404,0.060394838570240014,-0.20893464932064607,False
theory_resolution_original_v1-9290b6ee5921b1f7,information_sampling,model_discrimination,random,-2.125,,,,,,,,,,,,,,,,-1.8080254854499533,-1.6969612060476806,-1.6915138886153689,0.10047284287423774,0.18321720912815612,0.1879102087633688,-0.08274436625391837,False
theory_resolution_original_v1-9422f3d794d7a118,effort,model_discrimination,discriminating,-0.6250000000000001,,,,,,,,,,,,,,,,0.6884811414772866,0.8191618492836978,0.7686620631966796,1.725232709016476,2.08560344692651,1.9422939463936264,-0.3603707379100338,False
theory_resolution_original_v1-945bec0fc8a62859,bandit,model_discrimination,discriminating,-1.0,,,,,,,,,,,,,,,,-1.8998259384942375,-1.5944217527303366,-1.8261893735637669,0.8096867195870353,0.3533372201190054,0.6825888809896895,0.4563494994680299,False
theory_resolution_original_v1-9a17f7cf042a1f74,bandit,model_discrimination,discriminating,1.375,,,,,,,,,,,,,,,,1.3821561279420387,1.6334740528095422,1.4139910947369487,5.121016712282677e-05,0.06680883597578999,0.0015203054687857108,-0.06675762580866716,False
theory_resolution_original_v1-9ae7d5c4b37a2605,foraging,model_discrimination,coverage,0.3125,,,,,,,,,,,,,,,,0.2742503596183743,0.20242532657510504,0.20461386351582506,0.0014630349893236918,0.012116433729597278,0.011639418445482023,-0.010653398740273587,False
theory_resolution_original_v1-9c321aa71e427260,solvability,model_discrimination,discriminating,-1.125,,,,,,,,,,,,,,,,-0.7008873460945327,-0.3475465154539799,-0.5001498740474359,0.17987154320273865,0.6044339206327488,0.39043767990293515,-0.42456237743001013,False
theory_resolution_original_v1-9d65ae1d3a52d6ed,information_sampling,model_discrimination,coverage,-1.5,,,,,,,,,,,,,,,,-1.6903740885749472,-1.5844406852978852,-1.582501175993608,0.03624229360074184,0.007130229333576482,0.006806444040328292,0.02911206426716536,False
theory_resolution_original_v1-9da268e2193ce106,solvability,model_discrimination,coverage,-0.125,,,,,,,,,,,,,,,,0.31636231140827265,0.49602230555758614,0.3429820793080938,0.19480068993165303,0.3856687040000598,0.21900722655352703,-0.19086801406840678,False
theory_resolution_original_v1-9db66a45b8995775,debugging,model_discrimination,random,-2.5625,,,,,,,,,,,,,,,,-2.678495173403657,-2.7550351373298962,-2.7266339840010776,0.01345488025294447,0.037069779106642005,0.026939964704065997,-0.023614898853697535,False
theory_resolution_original_v1-9e87b5d497e813a2,bandit,model_discrimination,discriminating,-0.37500000000000006,,,,,,,,,,,,,,,,-0.3630875917927071,-0.11087605630966174,-0.3430092683746184,0.00014190546929718033,0.06976145763053701,0.0010234069099271923,-0.06961955216123983,False
theory_resolution_original_v1-9f4f87cf64d12133,waiting,model_discrimination,discriminating,-1.4375,,,,,,,,,,,,,,,,-2.307665569144393,-2.2261625317907856,-2.2835284493251566,0.7571881177243854,0.6219885890506519,0.7157641370675292,0.13519952867373353,False
theory_resolution_original_v1-a03a2f8a538eaee0,bandit,model_discrimination,discriminating,0.12499999999999996,,,,,,,,,,,,,,,,-0.17559293377183463,0.12536903277841266,-0.09917902176234317,0.09035611183355854,1.3618519154299744e-07,0.05025623379832111,0.090355975648367,False
theory_resolution_original_v1-a0f2f640d2d51f1c,debugging,model_discrimination,discriminating,-0.5625,,,,,,,,,,,,,,,,-0.255771931829897,-0.14784970458558427,-0.17025450491129546,0.09408210780336336,0.17193486748726222,0.15385652841738293,-0.07785275968389886,False
theory_resolution_original_v1-a3bec6f34c216737,foraging,model_discrimination,discriminating,-1.5625,,,,,,,,,,,,,,,,-2.2226330053414194,-1.9925022932679881,-2.092653895718256,0.43577558474109446,0.18490197221572885,0.2810631531452433,0.2508736125253656,False
theory_resolution_original_v1-a4015a9b407441f2,debugging,model_discrimination,coverage,-1.25,,,,,,,,,,,,,,,,-0.545741157267768,-0.5899227176063664,-0.5819782925248609,0.49598051756654277,0.43570201873216474,0.44625300165800036,0.060278498834378025,False
theory_resolution_original_v1-a41613996c92c2fe,bandit,model_discrimination,random,3.5,,,,,,,,,,,,,,,,1.5602440450202275,1.3857095694530948,1.5271931484843755,3.762653164879489,4.470224024702218,3.891966873386991,-0.707570859822729,False
theory_resolution_original_v1-a4804f7d1cb448d6,debugging,model_discrimination,coverage,-0.8750000000000002,,,,,,,,,,,,,,,,0.18268671233482442,0.1722300943767865,0.17355960783818475,1.11870118144965,1.0966908705684135,1.0994772511897681,0.022010310881236395,False
theory_resolution_original_v1-a605e142f78bd9a3,waiting,model_discrimination,random,0.0,,,,,,,,,,,,,,,,0.1597790612471303,0.29480021880729196,0.19108860906491348,0.025529348413014213,0.08690716900882721,0.036514856514363335,-0.061377820595812996,False
theory_resolution_original_v1-a9ed61bab4711d2e,solvability,model_discrimination,coverage,1.375,,,,,,,,,,,,,,,,0.8771581482681472,0.7703424959398484,0.7749442124390735,0.2478465093358001,0.3656106972162523,0.3600669481853637,-0.11776418788045218,False
theory_resolution_original_v1-ad66c6d7baf68fad,effort,model_discrimination,coverage,-1.5,,,,,,,,,,,,,,,,-1.221141237084218,-1.1771366329667963,-1.1690182250627288,0.07776220965492028,0.10424075377201722,0.10954893534062646,-0.026478544117096936,False
theory_resolution_original_v1-aee2e8756a99950f,effort,model_discrimination,discriminating,-1.8125,,,,,,,,,,,,,,,,-2.146240991775543,-1.9665140918109285,-2.077114003288076,0.11138304959132317,0.023720340476345116,0.07002057073614186,0.08766270911497806,False
theory_resolution_original_v1-b015e75c63241626,debugging,model_discrimination,random,0.5000000000000001,,,,,,,,,,,,,,,,0.5092971818676721,0.46241204526723545,0.46881577299250093,8.643759068056963e-05,0.0014128543409923653,0.000972456014055241,-0.0013264167503117957,False
theory_resolution_original_v1-b481d77c8d0863f0,information_sampling,model_discrimination,random,-1.1875,,,,,,,,,,,,,,,,-1.4870159976734458,-1.4966371027124912,-1.5030317710250252,0.08970983286231961,0.09556574827347332,0.0995602985261889,-0.0058559154111537115,False
theory_resolution_original_v1-b52c31062f74de83,foraging,model_discrimination,discriminating,-0.625,,,,,,,,,,,,,,,,-0.4988620976304659,-0.633495728835353,-0.55647104976933,0.015910770414186114,7.217740844384825e-05,0.004696217019717641,0.015838593005742266,False
theory_resolution_original_v1-b5d125f64d180463,bandit,model_discrimination,discriminating,-1.4375,,,,,,,,,,,,,,,,-1.7743069483109442,-1.5187907364913829,-1.7443454123291255,0.11343892043053101,0.006608183839311444,0.09415410706743108,0.10683073659121957,False
theory_resolution_original_v1-b5d58d91c162818d,bandit,model_discrimination,discriminating,-1.0625,,,,,,,,,,,,,,,,-1.4519514337423767,-1.2038695080210484,-1.4332093577983867,0.1516724192439928,0.019985337798113272,0.13742542795929225,0.13168708144587954,False
theory_resolution_original_v1-b6580eee407fc2aa,foraging,model_discrimination,random,-1.5625,,,,,,,,,,,,,,,,-1.877344251202547,-1.8770656006265747,-1.873632812844876,0.09912690251529259,0.09895151709755769,0.09680362722876466,0.00017538541773490235,False
theory_resolution_original_v1-b8c0663153c47a2c,foraging,model_discrimination,discriminating,-0.375,,,,,,,,,,,,,,,,0.03962896164546807,-0.09965795958182516,-0.02123179820604025,0.17191717583519905,0.07581323922164383,0.1251519406005318,0.09610393661355522,False
theory_resolution_original_v1-b98e0fd23f5fda1a,waiting,model_discrimination,random,0.625,,,,,,,,,,,,,,,,0.233434937772597,0.2285854073870553,0.21304012639934156,0.15332319795715,0.15714452923648692,0.16971093745707047,-0.003821331279336926,False
theory_resolution_original_v1-b9b06922590938c1,information_sampling,model_discrimination,random,-1.75,,,,,,,,,,,,,,,,-2.057995815906196,-1.9097052520080078,-1.9507693162062674,0.09486142261572335,0.025505767518941274,0.040308318329932175,0.06935565509678207,False
theory_resolution_original_v1-ba274550bdd6de32,foraging,model_discrimination,discriminating,-2.7755575615628914e-17,,,,,,,,,,,,,,,,0.24370270121407872,0.37605300190859275,0.3568657564200675,0.05939100657903854,0.14141586024446412,0.127353168105267,-0.08202485366542558,False
theory_resolution_original_v1-ba9086f1274127b0,solvability,model_discrimination,random,1.9375,,,,,,,,,,,,,,,,1.3774418538709279,1.2499408243867525,1.3235067901331166,0.3136651270455331,0.47273761996996855,0.37698766176263876,-0.15907249292443543,False
theory_resolution_original_v1-bd5ee9dda4fa6b2a,effort,model_discrimination,discriminating,-0.5625000000000001,,,,,,,,,,,,,,,,-1.0648410881679964,-0.9124543204300847,-1.0211174161953898,0.2523465688618066,0.1224680263876823,0.21032993443773526,0.12987854247412434,False
theory_resolution_original_v1-be324df5cb12f764,solvability,model_discrimination,discriminating,-0.5625,,,,,,,,,,,,,,,,-0.8828752910005585,-0.6775753306825324,-0.8429116994568087,0.10264032708369254,0.013242331731694182,0.07863072119225559,0.08939799535199836,False
theory_resolution_original_v1-bf0145c2de2c57cd,debugging,model_discrimination,discriminating,-1.7499999999999998,,,,,,,,,,,,,,,,-1.3427771793637464,-1.2309053200881817,-1.2483827666268847,0.1658304256469462,0.26945928671275293,0.25161984881689814,-0.10362886106580674,False
theory_resolution_original_v1-bfaf72bfc5a2c72f,foraging,model_discrimination,discriminating,-0.6875,,,,,,,,,,,,,,,,-0.6325323035745538,-0.38931041213513784,-0.5311929828860558,0.0030214476503200097,0.08891703031101635,0.024431883599058856,-0.08589558266069633,False
theory_resolution_original_v1-c0913154dcce50f3,solvability,model_discrimination,coverage,-1.3125,,,,,,,,,,,,,,,,-1.7360178797407881,-1.6638697519037176,-1.496822311809768,0.1793673944601327,0.12346070255288003,0.03397471463089738,0.05590669190725267,False
theory_resolution_original_v1-c1f4857aeb42bff3,foraging,model_discrimination,random,-1.0625,,,,,,,,,,,,,,,,-1.7370586629233928,-1.4982417919588435,-1.6085196357847633,0.4550293897249955,0.1898709092595041,0.29813744266252556,0.2651584804654914,False
theory_resolution_original_v1-c89546aee50666f5,information_sampling,model_discrimination,discriminating,-1.9375,,,,,,,,,,,,,,,,-2.05728825670863,-2.359890923473924,-2.162876692617542,0.014349226445292672,0.17841409223315435,0.050794653575221914,-0.16406486578786167,False
theory_resolution_original_v1-c9632e1f5082e894,solvability,model_discrimination,discriminating,1.3125,,,,,,,,,,,,,,,,1.421140259623876,1.6183278296154913,1.4662863785311202,0.011802706011143187,0.09353066136732195,0.02365025022171699,-0.08172795535617877,False
theory_resolution_original_v1-ca454bf689c4e009,information_sampling,model_discrimination,coverage,-1.4375,,,,,,,,,,,,,,,,-1.662408959679345,-1.5720314311543946,-1.5557737988024654,0.05058404014404523,0.018098705968449612,0.013988691483166055,0.03248533417559562,False
theory_resolution_original_v1-cf34ae35efae69ea,solvability,model_discrimination,random,-0.5,,,,,,,,,,,,,,,,0.09955147200186677,-0.04304467429655018,0.04259005777388737,0.35946196757960525,0.2088081696887459,0.2944039707950704,0.15065379789085934,False
theory_resolution_original_v1-cfabe35154286f74,information_sampling,model_discrimination,discriminating,-1.25,,,,,,,,,,,,,,,,-1.5018248997680437,-1.7841681712285236,-1.5977554372280593,0.06341578014318525,0.28533563515362526,0.12093384412167872,-0.22191985501044,False
theory_resolution_original_v1-d0f94fb4625ed96f,solvability,model_discrimination,discriminating,-2.7755575615628914e-17,,,,,,,,,,,,,,,,1.2447440448386948,1.0465962067433665,1.1902594398594974,1.5493877371613947,1.0953636199696035,1.4167175341746445,0.45402411719179114,False
theory_resolution_original_v1-d12833a6ea37a7f4,effort,model_discrimination,coverage,-1.0,,,,,,,,,,,,,,,,-0.48733841687397567,-0.40806648157591635,-0.4063961905871135,0.2628218988132816,0.35038529023391507,0.35236548254949046,-0.08756339142063346,False
theory_resolution_original_v1-d16b53e6263bca01,information_sampling,model_discrimination,discriminating,-1.75,,,,,,,,,,,,,,,,-1.5061271678433663,-1.196315038785999,-1.4251290351593202,0.059473958264097626,0.3065670362745497,0.1055411437965142,-0.24709307801045205,False
theory_resolution_original_v1-d1f80ce84c1acb33,waiting,model_discrimination,random,-1.5,,,,,,,,,,,,,,,,-1.5523536838037104,-1.5047403892032167,-1.5660963257214433,0.0027409082078188904,2.247128979797377e-05,0.0043687242738751275,0.0027184369180209165,False
theory_resolution_original_v1-d57d2aa088593d6d,waiting,model_discrimination,random,-1.4375,,,,,,,,,,,,,,,,-1.7283261965991006,-1.7302048191631467,-1.7393717727328566,0.0845798766282987,0.08567611116133042,0.09112656717287743,-0.0010962345330317175,False
theory_resolution_original_v1-d5b425cd5b82055e,waiting,model_discrimination,discriminating,-2.0,,,,,,,,,,,,,,,,-2.5980861919328735,-2.4591473839335345,-2.560320532601061,0.357707092980766,0.21081632017300853,0.3139590992543366,0.14689077280775745,False
theory_resolution_original_v1-d719b996faf9be53,information_sampling,model_discrimination,discriminating,-1.375,,,,,,,,,,,,,,,,-1.315029418892857,-0.9817756079196728,-1.2113766046567735,0.003596470598328408,0.15462542252694292,0.02677261550364578,-0.1510289519286145,False
theory_resolution_original_v1-d76a06eeafd5dfed,bandit,model_discrimination,coverage,-0.43749999999999994,,,,,,,,,,,,,,,,-0.2577901130017417,-0.3346108935353914,-0.12904972023946895,0.032295643484926743,0.010586168229085547,0.09514157508434982,0.021709475255841194,False
theory_resolution_original_v1-d7d26d20fa360218,waiting,model_discrimination,discriminating,-2.5,,,,,,,,,,,,,,,,-2.393866892847842,-2.2642331311906956,-2.361704520723701,0.011264236433771465,0.05558601642814376,0.019125639588261224,-0.04432177999437229,False
theory_resolution_original_v1-d930c45582761a41,solvability,model_discrimination,discriminating,1.75,,,,,,,,,,,,,,,,1.4192933094024363,1.6408539724627293,1.5601325624178473,0.10936691520599276,0.011912855327166643,0.036049643854012665,0.09745405987882612,False
theory_resolution_original_v1-d9400b43c94bf978,bandit,model_discrimination,discriminating,-0.3125,,,,,,,,,,,,,,,,-0.7738002636226164,-0.4564955574537183,-0.6932450136372219,0.21279793321829543,0.020734720566407083,0.1449667654096083,0.19206321265188836,False
theory_resolution_original_v1-d9f3d22fde5b568a,information_sampling,model_discrimination,discriminating,-1.625,,,,,,,,,,,,,,,,-1.6677845507472358,-1.4359370753553695,-1.5401301645609742,0.001830517782642791,0.03574478947518123,0.007202888967447323,-0.03391427169253844,False
theory_resolution_original_v1-db7f89fbcd9d3dd1,debugging,model_discrimination,discriminating,-0.7500000000000001,,,,,,,,,,,,,,,,-0.9192731959186036,-0.8974730816318416,-0.8220494212069867,0.02865341485649791,0.02174830980599178,0.005191119096261762,0.006905105050506129,False
theory_resolution_original_v1-dba3874d13da7fd5,solvability,model_discrimination,coverage,1.5,,,,,,,,,,,,,,,,1.8145997043207274,1.5737240664233145,1.690648868499626,0.09897297395868909,0.005435237969989293,0.036346991060187656,0.0935377359886998,False
theory_resolution_original_v1-def37e19ca5bba68,bandit,model_discrimination,discriminating,-0.75,,,,,,,,,,,,,,,,-1.2037020628460677,-0.8865102740731834,-1.120769174503884,0.2058455618307772,0.018635054927535647,0.13746978076229152,0.18721050690324156,False
theory_resolution_original_v1-df3a4b38e35f8d4f,waiting,model_discrimination,coverage,-1.625,,,,,,,,,,,,,,,,-1.6038433909524004,-1.6165980299099867,-1.6261089964500899,0.0004476021063929749,7.059310139347828e-05,1.2298731263119624e-06,0.0003770090049994966,False
theory_resolution_original_v1-dff0972572092304,waiting,model_discrimination,discriminating,-0.5625,,,,,,,,,,,,,,,,-0.9269373575032082,-0.8679726120770901,-0.9057507386509931,0.13281458754392114,0.09331351672920037,0.11782106958445236,0.039501070814720776,False
theory_resolution_original_v1-e15d25ca3492401e,foraging,model_discrimination,random,-0.3125,,,,,,,,,,,,,,,,-1.0833743472365391,-1.0782800311409768,-1.0838816730420504,0.5942472592273603,0.5864190560942755,0.5950296855051528,0.007828203133084854,False
theory_resolution_original_v1-e2de00ea3762f221,information_sampling,model_discrimination,random,-1.9375,,,,,,,,,,,,,,,,-1.8484968469814547,-1.9295684047475286,-1.9445528046920733,0.007921561247242595,6.291020324902759e-05,4.974205402453053e-05,0.007858651043993567,False
theory_resolution_original_v1-e337f093df67a209,foraging,model_discrimination,discriminating,-1.8125,,,,,,,,,,,,,,,,-2.163742417625813,-1.971503771688714,-2.0780724029432336,0.1233712359396261,0.025282199411236703,0.07052870120504322,0.09808903652838939,False
theory_resolution_original_v1-e44456dc3b37f299,bandit,model_discrimination,coverage,-0.5000000000000001,,,,,,,,,,,,,,,,-0.07056461531645455,-0.07690468641480233,-0.07508698239585102,0.18441474961830479,0.17900964437775688,0.18055107252946395,0.005405105240547908,False
theory_resolution_original_v1-e57cddeba5338c85,foraging,model_discrimination,discriminating,-1.9375,,,,,,,,,,,,,,,,-2.468358972137181,-2.329411847615064,-2.3088530936427993,0.2818112482985441,0.153594896301053,0.13790312015807768,0.1282163519974911,False
theory_resolution_original_v1-e694b10a488499bb,bandit,model_discrimination,discriminating,1.4375,,,,,,,,,,,,,,,,1.1768062989782107,1.4482728339975357,1.2852389466735983,0.0679612057524381,0.00011605395233846106,0.023183428360065348,0.06784515180009963,False
theory_resolution_original_v1-e8c6128ed7619045,information_sampling,model_discrimination,discriminating,-2.25,,,,,,,,,,,,,,,,-1.8222322316520505,-1.455890278840501,-1.709767727503031,0.182985263637385,0.6306102492400172,0.2918509082472394,-0.4476249856026322,False
theory_resolution_original_v1-eb6dd80cf88aada9,effort,model_discrimination,discriminating,-1.25,,,,,,,,,,,,,,,,-1.7270782952512178,-1.625050688729936,-1.734350487424259,0.22760369979980816,0.1406630191167994,0.2345953946681173,0.08694068068300875,False
theory_resolution_original_v1-eb8ee39538ff2353,solvability,model_discrimination,discriminating,0.5625,,,,,,,,,,,,,,,,0.8367659075965814,1.2046066897257455,1.0431334158606325,0.07522178806977654,0.4123010009905548,0.23100848044185968,-0.33707921292077825,False
theory_resolution_original_v1-ee61cee502e79c0f,waiting,model_discrimination,discriminating,-2.25,,,,,,,,,,,,,,,,-2.5205325648078345,-2.4264491634927587,-2.4884947028674476,0.07318786862150517,0.031134307297294304,0.0568797232958321,0.04205356132421087,False
theory_resolution_original_v1-eed246e8e2909383,waiting,model_discrimination,discriminating,-0.5,,,,,,,,,,,,,,,,-0.9357066930820847,-0.8713350743526662,-0.9123067039038402,0.1898403223965259,0.13788973744450014,0.16999681808404893,0.05195058495202576,False
theory_resolution_original_v1-f070ce6d2be03c00,effort,model_discrimination,discriminating,0.5625,,,,,,,,,,,,,,,,0.4097983558664004,0.5584029304096634,0.4465610792367658,0.023317792121104495,1.6785979228061094e-05,0.013441833347743497,0.023301006141876433,False
theory_resolution_original_v1-f0d576a309e75d7e,bandit,model_discrimination,coverage,-1.3125,,,,,,,,,,,,,,,,-1.3296967534278386,-1.3402826872819829,-1.3335916078473091,0.000295728328457877,0.0007718777126084519,0.0004448559215846718,-0.0004761493841505749,False
theory_resolution_original_v1-f0fda3e3685ed99e,foraging,model_discrimination,discriminating,-2.3125,,,,,,,,,,,,,,,,-2.512010267158449,-2.228935482148305,-2.376360787327398,0.03980434670163578,0.006983028643786224,0.004078200158075153,0.03282131805784956,False
theory_resolution_original_v1-f1166b096e613382,waiting,model_discrimination,random,0.5625,,,,,,,,,,,,,,,,0.7357307981969874,0.6433515641107276,0.7124339201108796,0.030008909443965368,0.006536975419151092,0.02248018039981562,0.023471934024814275,False
theory_resolution_original_v1-f35ecf0bf733a83d,bandit,model_discrimination,discriminating,0.0,,,,,,,,,,,,,,,,-0.846918787741269,-0.5396380130986542,-0.7705953947592664,0.7172714330291408,0.2912091851810633,0.5938172624241896,0.42606224784807745,False
theory_resolution_original_v1-f55f65945a8a622d,effort,model_discrimination,discriminating,-0.5625,,,,,,,,,,,,,,,,-0.5782167943781689,-0.3842429278366749,-0.5031645743068914,0.0002470176255256404,0.03177558377624089,0.003520692742182408,-0.03152856615071525,False
theory_resolution_original_v1-f64ae915e899e5ec,effort,model_discrimination,random,1.0625,,,,,,,,,,,,,,,,0.8170595816938431,0.7787459732182165,0.7757445826600672,0.060240998938301295,0.08051634771487712,0.08222866937379904,-0.020275348776575823,False
theory_resolution_original_v1-f97fb07f77af477f,effort,model_discrimination,coverage,-1.3125,,,,,,,,,,,,,,,,-0.9598294220741688,-0.9071086841878306,-0.9054486668053048,0.1243765365345398,0.16434211893592204,0.16569078785557878,-0.039965582401382246,False
theory_resolution_original_v1-fa062d7cc43f1a9e,bandit,model_discrimination,discriminating,1.5625,,,,,,,,,,,,,,,,1.3272478165401367,1.6460267554618218,1.4072477076730956,0.05534358982263319,0.006976718877978971,0.02410327427275858,0.04836687094465422,False
theory_resolution_original_v1-fb3aca7f084bfcbc,debugging,model_discrimination,discriminating,-1.4375,,,,,,,,,,,,,,,,-1.800055101208613,-1.6571067610747074,-1.7240288318040822,0.1314462014123876,0.04822712950972364,0.08209877145501202,0.08321907190266398,False
theory_resolution_original_v1-fddcd1d98cffd42c,debugging,model_discrimination,coverage,-1.3125,,,,,,,,,,,,,,,,-0.24573229001463176,-0.24539010078818535,-0.24903606993773553,1.1379933470674268,1.1387235369958493,1.130955530543477,-0.0007301899284224422,False
theory_resolution_original_v1-fe7afc64fdf3d3ef,foraging,model_discrimination,discriminating,0.0,,,,,,,,,,,,,,,,-0.40846761281784705,-0.21719609066119291,-0.31680742861587613,0.1668457907211106,0.04717414179850513,0.10036694682620345,0.11967164892260548,False
