condition_id,task_family,observed,prediction
model_agnostic_replication_behavior-0050cfc7755baca2-m0,information_sampling,0.125,-0.062155585938633795
model_agnostic_replication_behavior-0050cfc7755baca2-m1,information_sampling,-0.5,-0.1525207177598049
model_agnostic_replication_behavior-0071e4817624dff4-m0,bandit,-4.375,-4.128154885955109
model_agnostic_replication_behavior-0071e4817624dff4-m1,bandit,-3.625,-2.6300344054101945
model_agnostic_replication_behavior-007509e33e3072d8-m0,foraging,-0.25,-0.5421960937671898
model_agnostic_replication_behavior-007509e33e3072d8-m1,foraging,-1.25,-0.8896133667508028
model_agnostic_replication_behavior-00c14c748739b545-m0,information_sampling,-1.0000000000000002,-0.7198250678492448
model_agnostic_replication_behavior-00c14c748739b545-m1,information_sampling,-0.7500000000000001,-0.8101901996704155
model_agnostic_replication_behavior-00d42e915c3c3072-m0,debugging,-0.37499999999999994,-0.5438436671654409
model_agnostic_replication_behavior-00d42e915c3c3072-m1,debugging,-0.6249999999999999,-0.31173501442374374
model_agnostic_replication_behavior-00ec3f53fddddcfc-m0,waiting,-1.0000000000000002,-0.6555009976707928
model_agnostic_replication_behavior-00ec3f53fddddcfc-m1,waiting,0.125,0.22830742422704436
model_agnostic_replication_behavior-011fbc6e8510d3c3-m0,effort,0.0,-0.4159608466284455
model_agnostic_replication_behavior-011fbc6e8510d3c3-m1,effort,0.625,0.2560707157652597
model_agnostic_replication_behavior-01361a5958199d8f-m0,bandit,-1.7499999999999998,-1.3272337181515352
model_agnostic_replication_behavior-01361a5958199d8f-m1,bandit,-0.37499999999999994,0.17088676239337888
model_agnostic_replication_behavior-015bfbbae88e016e-m0,bandit,-2.125,-2.467879312783315
model_agnostic_replication_behavior-015bfbbae88e016e-m1,bandit,0.125,-0.969758832238401
model_agnostic_replication_behavior-017b6c1a4ed3124e-m0,foraging,0.125,-0.8795815636287797
model_agnostic_replication_behavior-017b6c1a4ed3124e-m1,foraging,-3.125,-1.2269988366123927
model_agnostic_replication_behavior-01862465da34abbd-m0,foraging,1.25,0.9769911683325687
model_agnostic_replication_behavior-01862465da34abbd-m1,foraging,-1.125,0.6295738953489558
model_agnostic_replication_behavior-019c4ef79f769a5f-m0,foraging,1.75,0.8822722916937169
model_agnostic_replication_behavior-019c4ef79f769a5f-m1,foraging,1.625,0.5348550187101042
model_agnostic_replication_behavior-025fb5009c8d26ad-m0,solvability,0.125,-0.1220250470958647
model_agnostic_replication_behavior-025fb5009c8d26ad-m1,solvability,0.125,0.2256263500085841
model_agnostic_replication_behavior-0286968f25c9a77b-m0,information_sampling,-1.625,-1.047866680601943
model_agnostic_replication_behavior-0286968f25c9a77b-m1,information_sampling,-1.0000000000000002,-1.1382318124231139
model_agnostic_replication_behavior-029a867656f57c26-m0,debugging,0.125,-0.34911369440788986
model_agnostic_replication_behavior-029a867656f57c26-m1,debugging,0.5,-0.11700504166619274
model_agnostic_replication_behavior-02aa91033d05dec6-m0,bandit,-0.5,-0.6006863265439046
model_agnostic_replication_behavior-02aa91033d05dec6-m1,bandit,1.0,0.8974341540010097
model_agnostic_replication_behavior-02c56a3cd3ae4884-m0,solvability,2.875,2.2119377122318173
model_agnostic_replication_behavior-02c56a3cd3ae4884-m1,solvability,2.625,2.559589109336266
model_agnostic_replication_behavior-02e2fffae35b62a3-m0,foraging,0.37499999999999994,-0.14417690075473955
model_agnostic_replication_behavior-02e2fffae35b62a3-m1,foraging,-1.25,-0.49159417373835246
model_agnostic_replication_behavior-02f73df8b09b2dd0-m0,foraging,-1.7499999999999998,-1.806388992430726
model_agnostic_replication_behavior-02f73df8b09b2dd0-m1,foraging,-3.25,-2.153806265414339
model_agnostic_replication_behavior-030e8f5e0bb93c3b-m0,information_sampling,0.0,-0.19480677050876616
model_agnostic_replication_behavior-030e8f5e0bb93c3b-m1,information_sampling,-0.25,-0.2851719023299373
model_agnostic_replication_behavior-031700c7a587c792-m0,solvability,1.0,0.602331863686482
model_agnostic_replication_behavior-031700c7a587c792-m1,solvability,0.625,0.9499832607909309
model_agnostic_replication_behavior-0323d5cda2c66cc2-m0,debugging,-3.375,-2.9880224595434837
model_agnostic_replication_behavior-0323d5cda2c66cc2-m1,debugging,-2.75,-2.7559138068017868
model_agnostic_replication_behavior-0337f6ebd32ead7a-m0,bandit,-5.125,-4.654503878792805
model_agnostic_replication_behavior-0337f6ebd32ead7a-m1,bandit,-2.875,-3.1563833982478906
model_agnostic_replication_behavior-033e0f696640ed6d-m0,debugging,-3.5,-2.491307205250761
model_agnostic_replication_behavior-033e0f696640ed6d-m1,debugging,-2.0,-2.2591985525090643
model_agnostic_replication_behavior-03c39f5d62e89d2c-m0,bandit,-2.75,-2.4021230643170783
model_agnostic_replication_behavior-03c39f5d62e89d2c-m1,bandit,-1.625,-0.9040025837721644
model_agnostic_replication_behavior-03dc6c876b2d6e0a-m0,waiting,-1.625,-2.2184512400382808
model_agnostic_replication_behavior-03dc6c876b2d6e0a-m1,waiting,-0.5,-1.3346428181404435
model_agnostic_replication_behavior-03dcef28814e50f3-m0,debugging,1.125,0.883129511468121
model_agnostic_replication_behavior-03dcef28814e50f3-m1,debugging,1.5000000000000002,1.1152381642098184
model_agnostic_replication_behavior-03eaa7cb8f7ad60e-m0,foraging,0.7500000000000002,0.09282327563013615
model_agnostic_replication_behavior-03eaa7cb8f7ad60e-m1,foraging,-0.7500000000000001,-0.25459399735347676
model_agnostic_replication_behavior-04585da69985ea91-m0,debugging,0.625,0.42510919949751647
model_agnostic_replication_behavior-04585da69985ea91-m1,debugging,0.37499999999999994,0.6572178522392136
model_agnostic_replication_behavior-04656918b8484ba4-m0,foraging,1.5000000000000002,1.2801536833259861
model_agnostic_replication_behavior-04656918b8484ba4-m1,foraging,1.125,0.9327364103423734
model_agnostic_replication_behavior-0485677a759124ae-m0,information_sampling,-1.25,-1.0416619369321094
model_agnostic_replication_behavior-0485677a759124ae-m1,information_sampling,-0.8750000000000002,-1.13202706875328
model_agnostic_replication_behavior-048fdf3fcd83c15c-m0,debugging,-0.5,-0.8157318383767665
model_agnostic_replication_behavior-048fdf3fcd83c15c-m1,debugging,0.0,-0.5836231856350697
model_agnostic_replication_behavior-04f53d33a27828fc-m0,waiting,-0.37499999999999994,0.411819453103063
model_agnostic_replication_behavior-04f53d33a27828fc-m1,waiting,1.25,1.2956278750009005
model_agnostic_replication_behavior-052503d9084f8135-m0,information_sampling,-1.375,-0.7976476871182658
model_agnostic_replication_behavior-052503d9084f8135-m1,information_sampling,-0.8750000000000002,-0.8880128189394374
model_agnostic_replication_behavior-054058bf9bb26fb9-m0,effort,-1.625,-2.223840767249157
model_agnostic_replication_behavior-054058bf9bb26fb9-m1,effort,-0.5,-1.5518092048554524
model_agnostic_replication_behavior-056872f0a134fa57-m0,foraging,-2.125,-2.4536837901984763
model_agnostic_replication_behavior-056872f0a134fa57-m1,foraging,-2.125,-2.801101063182089
model_agnostic_replication_behavior-059852d8cf8165fc-m0,information_sampling,-1.5,-0.9769074170189802
model_agnostic_replication_behavior-059852d8cf8165fc-m1,information_sampling,-0.8750000000000002,-1.067272548840151
model_agnostic_replication_behavior-059c4085dceb27a9-m0,bandit,-1.625,-2.042600948905265
model_agnostic_replication_behavior-059c4085dceb27a9-m1,bandit,-2.875,-0.5444804683603506
model_agnostic_replication_behavior-05dff844d310d05c-m0,waiting,-1.375,-0.724754711863697
model_agnostic_replication_behavior-05dff844d310d05c-m1,waiting,0.37499999999999994,0.1590537100341402
model_agnostic_replication_behavior-0602f7acc92204c6-m0,bandit,-3.625,-2.607457041760511
model_agnostic_replication_behavior-0602f7acc92204c6-m1,bandit,-1.625,-1.109336561215597
model_agnostic_replication_behavior-062b738b3ab476aa-m0,foraging,-3.0,-1.8645604086733742
model_agnostic_replication_behavior-062b738b3ab476aa-m1,foraging,-1.7499999999999998,-2.211977681656987
model_agnostic_replication_behavior-06690661f553d63f-m0,information_sampling,-0.5,-0.47294322985951687
model_agnostic_replication_behavior-06690661f553d63f-m1,information_sampling,-0.7500000000000001,-0.5633083616806882
model_agnostic_replication_behavior-068ed2c8a2b40816-m0,waiting,1.125,0.8314915615570001
model_agnostic_replication_behavior-068ed2c8a2b40816-m1,waiting,1.25,1.7152999834548375
model_agnostic_replication_behavior-06b9d7481d7635de-m0,solvability,1.8749999999999998,1.424792400378317
model_agnostic_replication_behavior-06b9d7481d7635de-m1,solvability,2.625,1.772443797482766
model_agnostic_replication_behavior-06d955a0c84e3719-m0,foraging,-0.5,-0.4436437460088686
model_agnostic_replication_behavior-06d955a0c84e3719-m1,foraging,-2.625,-0.7910610189924815
model_agnostic_replication_behavior-06e272f7b6f04c46-m0,waiting,-0.25,-0.8311288561822765
model_agnostic_replication_behavior-06e272f7b6f04c46-m1,waiting,-0.37499999999999994,0.05267956571556093
model_agnostic_replication_behavior-06ea07c8e930fc7e-m0,bandit,-4.0,-3.3611575351805705
model_agnostic_replication_behavior-06ea07c8e930fc7e-m1,bandit,-1.0000000000000002,-1.8630370546356563
model_agnostic_replication_behavior-06ecdb5710860469-m0,waiting,-1.125,-1.5454223551941646
model_agnostic_replication_behavior-06ecdb5710860469-m1,waiting,-1.875,-0.6616139332963271
model_agnostic_replication_behavior-06f696107af30257-m0,bandit,-4.25,-3.500831310794024
model_agnostic_replication_behavior-06f696107af30257-m1,bandit,-1.625,-2.00271083024911
model_agnostic_replication_behavior-072cde5a1a17fbb9-m0,waiting,-1.875,-1.4376821739353187
model_agnostic_replication_behavior-072cde5a1a17fbb9-m1,waiting,-0.25,-0.5538737520374812
model_agnostic_replication_behavior-074a1a46115cf27c-m0,information_sampling,-0.8750000000000002,-0.6127271261612042
model_agnostic_replication_behavior-074a1a46115cf27c-m1,information_sampling,-0.5,-0.7030922579823756
model_agnostic_replication_behavior-07626394b7de8fb6-m0,debugging,-2.375,-1.6373511648994579
model_agnostic_replication_behavior-07626394b7de8fb6-m1,debugging,-2.5,-1.405242512157761
model_agnostic_replication_behavior-0763957148b0f985-m0,waiting,0.5,-0.2310008903175027
model_agnostic_replication_behavior-0763957148b0f985-m1,waiting,0.7500000000000002,0.6528075315803346
model_agnostic_replication_behavior-079471429f6d1052-m0,bandit,1.25,0.1979600847714943
model_agnostic_replication_behavior-079471429f6d1052-m1,bandit,3.625,1.6960805653164086
model_agnostic_replication_behavior-07a252f3b1c5ad23-m0,waiting,0.0,-0.8026767054431279
model_agnostic_replication_behavior-07a252f3b1c5ad23-m1,waiting,-0.6249999999999999,0.0811317164547094
model_agnostic_replication_behavior-07ccd61babdf8856-m0,solvability,0.125,-0.024514482500845425
model_agnostic_replication_behavior-07ccd61babdf8856-m1,solvability,-0.25,0.3231369146036036
model_agnostic_replication_behavior-07d5ffc8a5992390-m0,waiting,1.0,0.08874591180596358
model_agnostic_replication_behavior-07d5ffc8a5992390-m1,waiting,1.5000000000000002,0.972554333703801
model_agnostic_replication_behavior-08405b542766690e-m0,waiting,-0.37499999999999994,-0.3788138593641326
model_agnostic_replication_behavior-08405b542766690e-m1,waiting,0.37499999999999994,0.5049945625337047
model_agnostic_replication_behavior-087e7c205111c305-m0,solvability,1.0,0.19001729974424242
model_agnostic_replication_behavior-087e7c205111c305-m1,solvability,0.125,0.5376686968486913
model_agnostic_replication_behavior-088c0e7096097b55-m0,foraging,0.125,-0.489142651944673
model_agnostic_replication_behavior-088c0e7096097b55-m1,foraging,-0.8750000000000002,-0.8365599249282859
model_agnostic_replication_behavior-08b1036ea587d97f-m0,bandit,-2.25,-2.3532316300492973
model_agnostic_replication_behavior-08b1036ea587d97f-m1,bandit,-1.375,-0.8551111495043828
model_agnostic_replication_behavior-08cacdc084421d32-m0,information_sampling,-0.25,-0.32721978282896
model_agnostic_replication_behavior-08cacdc084421d32-m1,information_sampling,-0.7500000000000001,-0.41758491465013137
model_agnostic_replication_behavior-08ee6ec98acc7452-m0,bandit,-3.25,-4.1207477718073635
model_agnostic_replication_behavior-08ee6ec98acc7452-m1,bandit,-1.875,-2.6226272912624493
model_agnostic_replication_behavior-08f1ca140501fdad-m0,debugging,-1.25,-1.2155298711706837
model_agnostic_replication_behavior-08f1ca140501fdad-m1,debugging,-1.625,-0.9834212184289868
model_agnostic_replication_behavior-094d12e781ed2e0f-m0,foraging,-0.25,-0.54209072438228
model_agnostic_replication_behavior-094d12e781ed2e0f-m1,foraging,-0.25,-0.889507997365893
model_agnostic_replication_behavior-094d1f2707fea04f-m0,information_sampling,-0.8750000000000002,-0.49270105627999394
model_agnostic_replication_behavior-094d1f2707fea04f-m1,information_sampling,-0.37499999999999994,-0.5830661881011648
model_agnostic_replication_behavior-0951602759c738d1-m0,solvability,0.625,0.1131095121352268
model_agnostic_replication_behavior-0951602759c738d1-m1,solvability,0.37499999999999994,0.4607609092396757
model_agnostic_replication_behavior-0987b9345baa3c3c-m0,solvability,-1.5,-1.6040469458078144
model_agnostic_replication_behavior-0987b9345baa3c3c-m1,solvability,-0.12500000000000006,-1.2563955487033656
model_agnostic_replication_behavior-09960a3772844636-m0,effort,-3.375,-3.4807465794695847
model_agnostic_replication_behavior-09960a3772844636-m1,effort,-3.25,-2.8087150170758792
model_agnostic_replication_behavior-099a576227c847ab-m0,waiting,-1.625,-2.3589229788638253
model_agnostic_replication_behavior-099a576227c847ab-m1,waiting,-1.875,-1.4751145569659878
model_agnostic_replication_behavior-09cf03d0d232fa14-m0,debugging,-1.7499999999999998,-2.1083896446211896
model_agnostic_replication_behavior-09cf03d0d232fa14-m1,debugging,-2.125,-1.8762809918794925
model_agnostic_replication_behavior-0a0c409a718ec477-m0,waiting,1.0,0.7354915967098257
model_agnostic_replication_behavior-0a0c409a718ec477-m1,waiting,1.8749999999999998,1.6193000186076627
model_agnostic_replication_behavior-0a80b7298971085d-m0,information_sampling,-0.8750000000000002,-0.7355231023909423
model_agnostic_replication_behavior-0a80b7298971085d-m1,information_sampling,-0.8750000000000002,-0.8258882342121132
model_agnostic_replication_behavior-0a9fd2d815015066-m0,foraging,-1.625,-1.4021844710606526
model_agnostic_replication_behavior-0a9fd2d815015066-m1,foraging,-1.125,-1.7496017440442655
model_agnostic_replication_behavior-0ac3432b25a9459b-m0,waiting,-3.5,-2.890367689117567
model_agnostic_replication_behavior-0ac3432b25a9459b-m1,waiting,-2.0,-2.006559267219729
model_agnostic_replication_behavior-0ae2856ad79f960c-m0,foraging,-1.7499999999999998,-1.7208756848243931
model_agnostic_replication_behavior-0ae2856ad79f960c-m1,foraging,-3.0,-2.068292957808006
model_agnostic_replication_behavior-0b0f1bdffc1ebf50-m0,solvability,1.0,1.0528278113053413
model_agnostic_replication_behavior-0b0f1bdffc1ebf50-m1,solvability,0.37499999999999994,1.4004792084097901
model_agnostic_replication_behavior-0b3156e884d7f638-m0,waiting,-2.25,-2.4063823494826035
model_agnostic_replication_behavior-0b3156e884d7f638-m1,waiting,-0.5,-1.5225739275847663
model_agnostic_replication_behavior-0b478ebbbe661010-m0,solvability,0.125,-0.15018321426252357
model_agnostic_replication_behavior-0b478ebbbe661010-m1,solvability,-0.12500000000000006,0.19746818284192547
model_agnostic_replication_behavior-0b4ce0680f5ae1c8-m0,bandit,-4.875,-3.996950746184581
model_agnostic_replication_behavior-0b4ce0680f5ae1c8-m1,bandit,-1.7499999999999998,-2.498830265639667
model_agnostic_replication_behavior-0bae14c84e354aea-m0,waiting,-0.8750000000000002,-1.5815698014986526
model_agnostic_replication_behavior-0bae14c84e354aea-m1,waiting,-0.7500000000000001,-0.6977613796008151
model_agnostic_replication_behavior-0c57fd67cf191001-m0,solvability,0.8750000000000001,1.1206755634232122
model_agnostic_replication_behavior-0c57fd67cf191001-m1,solvability,0.0,1.468326960527661
model_agnostic_replication_behavior-0c74ad677faf5ae3-m0,solvability,1.75,1.0838427823560803
model_agnostic_replication_behavior-0c74ad677faf5ae3-m1,solvability,3.125,1.4314941794605294
model_agnostic_replication_behavior-0cf2076cba3fb7e2-m0,information_sampling,-0.5,-0.5928421201519538
model_agnostic_replication_behavior-0cf2076cba3fb7e2-m1,information_sampling,-0.5,-0.6832072519731248
model_agnostic_replication_behavior-0d034bfd64b78c09-m0,waiting,0.8750000000000001,0.7398452302905019
model_agnostic_replication_behavior-0d034bfd64b78c09-m1,waiting,1.0,1.623653652188339
model_agnostic_replication_behavior-0d38472e7e58da22-m0,foraging,-0.8750000000000002,-1.244489163439089
model_agnostic_replication_behavior-0d38472e7e58da22-m1,foraging,-0.7500000000000001,-1.591906436422702
model_agnostic_replication_behavior-0d71f4fbafe773ce-m0,bandit,-4.125,-3.4001015754463046
model_agnostic_replication_behavior-0d71f4fbafe773ce-m1,bandit,-2.875,-1.9019810949013907
model_agnostic_replication_behavior-0dc1173498b5f248-m0,solvability,0.8750000000000001,0.6674678374023042
model_agnostic_replication_behavior-0dc1173498b5f248-m1,solvability,0.5,1.015119234506753
model_agnostic_replication_behavior-0dc13aed263aad6e-m0,debugging,-1.875,-2.102153890829384
model_agnostic_replication_behavior-0dc13aed263aad6e-m1,debugging,-1.5,-1.870045238087687
model_agnostic_replication_behavior-0de1efe3650167be-m0,bandit,-2.125,-1.9536909943565126
model_agnostic_replication_behavior-0de1efe3650167be-m1,bandit,0.24999999999999992,-0.45557051381159863
model_agnostic_replication_behavior-0e0a27ca3a061ff4-m0,waiting,0.0,0.1073174253315492
model_agnostic_replication_behavior-0e0a27ca3a061ff4-m1,waiting,0.37499999999999994,0.9911258472293867
model_agnostic_replication_behavior-0e0c312ca2dd6a24-m0,solvability,0.5,0.1415749681909415
model_agnostic_replication_behavior-0e0c312ca2dd6a24-m1,solvability,0.5,0.4892263652953901
model_agnostic_replication_behavior-0e1b6ebe07b5ec4e-m0,bandit,0.625,-0.765997654239808
model_agnostic_replication_behavior-0e1b6ebe07b5ec4e-m1,bandit,1.5000000000000002,0.732122826305106
model_agnostic_replication_behavior-0e3c5924a905d9ec-m0,effort,-4.5,-2.5011651428009145
model_agnostic_replication_behavior-0e3c5924a905d9ec-m1,effort,-1.0000000000000002,-1.829133580407209
model_agnostic_replication_behavior-0e69fc60a12b9c31-m0,effort,-3.125,-2.7541649516028115
model_agnostic_replication_behavior-0e69fc60a12b9c31-m1,effort,-1.0000000000000002,-2.082133389209106
model_agnostic_replication_behavior-0eb8124104774511-m0,bandit,-2.75,-2.8274878440025812
model_agnostic_replication_behavior-0eb8124104774511-m1,bandit,-2.0,-1.3293673634576673
model_agnostic_replication_behavior-0ef260a7b9dee6db-m0,bandit,-1.875,-2.0251503941192146
model_agnostic_replication_behavior-0ef260a7b9dee6db-m1,bandit,-0.5,-0.5270299135743005
model_agnostic_replication_behavior-0f4056662f77dde7-m0,solvability,2.875,2.585621094159178
model_agnostic_replication_behavior-0f4056662f77dde7-m1,solvability,2.875,2.9332724912636277
model_agnostic_replication_behavior-0fd4913ccc94d32d-m0,effort,-0.8750000000000002,-1.3537666467285738
model_agnostic_replication_behavior-0fd4913ccc94d32d-m1,effort,-0.37499999999999994,-0.6817350843348686
model_agnostic_replication_behavior-0ff52b10f0aacabc-m0,information_sampling,-0.8750000000000002,-0.6395194244482371
model_agnostic_replication_behavior-0ff52b10f0aacabc-m1,information_sampling,-0.5,-0.7298845562694084
model_agnostic_replication_behavior-100bf82681bf3cb4-m0,debugging,-2.5,-2.4399459886602366
model_agnostic_replication_behavior-100bf82681bf3cb4-m1,debugging,-1.0000000000000002,-2.2078373359185393
model_agnostic_replication_behavior-1075d6808005ad16-m0,effort,-1.7499999999999998,-2.2376865694001333
model_agnostic_replication_behavior-1075d6808005ad16-m1,effort,-1.625,-1.5656550070064283
model_agnostic_replication_behavior-10894231d9c32028-m0,bandit,-2.25,-2.467879312783315
model_agnostic_replication_behavior-10894231d9c32028-m1,bandit,0.0,-0.969758832238401
model_agnostic_replication_behavior-10a4039044d9a058-m0,foraging,-1.25,-0.8333433172651774
model_agnostic_replication_behavior-10a4039044d9a058-m1,foraging,-1.5,-1.1807605902487905
model_agnostic_replication_behavior-10c008101b38f686-m0,effort,-1.0000000000000002,-1.7049142734604483
model_agnostic_replication_behavior-10c008101b38f686-m1,effort,-0.25,-1.0328827110667433
model_agnostic_replication_behavior-10c60f6e98c359a5-m0,waiting,-1.25,-1.3332961549665088
model_agnostic_replication_behavior-10c60f6e98c359a5-m1,waiting,0.0,-0.4494877330686713
model_agnostic_replication_behavior-10caa96ee184bb61-m0,waiting,-2.125,-2.3202169486276953
model_agnostic_replication_behavior-10caa96ee184bb61-m1,waiting,-1.625,-1.436408526729858
model_agnostic_replication_behavior-11217f8111fb34ae-m0,information_sampling,-0.12500000000000006,-0.24484234467481503
model_agnostic_replication_behavior-11217f8111fb34ae-m1,information_sampling,-1.0000000000000002,-0.33520747649598603
model_agnostic_replication_behavior-114a0a17408ce26f-m0,solvability,-0.6249999999999999,-0.7742145376809
model_agnostic_replication_behavior-114a0a17408ce26f-m1,solvability,-0.25,-0.42656314057645106
model_agnostic_replication_behavior-11503254de9574ef-m0,information_sampling,-1.25,-0.9986868980238509
model_agnostic_replication_behavior-11503254de9574ef-m1,information_sampling,-1.0000000000000002,-1.0890520298450217
model_agnostic_replication_behavior-117699da7b075021-m0,effort,-1.375,-1.3882268426748534
model_agnostic_replication_behavior-117699da7b075021-m1,effort,0.0,-0.7161952802811482
model_agnostic_replication_behavior-1196ebb5edb1419b-m0,effort,1.25,1.169285872273396
model_agnostic_replication_behavior-1196ebb5edb1419b-m1,effort,0.37499999999999994,1.841317434667101
model_agnostic_replication_behavior-11c8fab992fd3bfb-m0,debugging,-3.75,-2.8548237394414375
model_agnostic_replication_behavior-11c8fab992fd3bfb-m1,debugging,-3.625,-2.62271508669974
model_agnostic_replication_behavior-11d283044a41ce52-m0,effort,-5.125,-4.170773358735564
model_agnostic_replication_behavior-11d283044a41ce52-m1,effort,-2.625,-3.4987417963418594
model_agnostic_replication_behavior-11fa9eef50102843-m0,solvability,-3.75,-2.1399743160019034
model_agnostic_replication_behavior-11fa9eef50102843-m1,solvability,-2.25,-1.7923229188974543
model_agnostic_replication_behavior-120b39b17444e343-m0,effort,-4.125,-3.428655088462141
model_agnostic_replication_behavior-120b39b17444e343-m1,effort,-1.7499999999999998,-2.756623526068436
model_agnostic_replication_behavior-121eec5254aa83c9-m0,foraging,-2.0,-1.3681266692827845
model_agnostic_replication_behavior-121eec5254aa83c9-m1,foraging,-1.125,-1.7155439422663974
model_agnostic_replication_behavior-122c74b0503d8133-m0,effort,-2.875,-2.53706762869813
model_agnostic_replication_behavior-122c74b0503d8133-m1,effort,-2.0,-1.865036066304425
model_agnostic_replication_behavior-1231ae746de2ab09-m0,waiting,-1.375,-1.1131073729124994
model_agnostic_replication_behavior-1231ae746de2ab09-m1,waiting,0.7500000000000002,-0.22929895101466202
model_agnostic_replication_behavior-1244cd698473756e-m0,solvability,-1.125,-0.7039474875280671
model_agnostic_replication_behavior-1244cd698473756e-m1,solvability,0.7500000000000002,-0.3562960904236182
model_agnostic_replication_behavior-124b2ed73a78d4ee-m0,waiting,-2.125,-1.8041084385571113
model_agnostic_replication_behavior-124b2ed73a78d4ee-m1,waiting,-0.6249999999999999,-0.9203000166592739
model_agnostic_replication_behavior-12623c3df9a5d3d9-m0,effort,-3.125,-2.5483614259005014
model_agnostic_replication_behavior-12623c3df9a5d3d9-m1,effort,-1.7499999999999998,-1.8763298635067964
model_agnostic_replication_behavior-12840b535a74c58d-m0,effort,0.24999999999999992,0.4564959250229387
model_agnostic_replication_behavior-12840b535a74c58d-m1,effort,1.125,1.128527487416644
model_agnostic_replication_behavior-12d20b6fec07b4d0-m0,solvability,2.125,2.4589685920577247
model_agnostic_replication_behavior-12d20b6fec07b4d0-m1,solvability,2.625,2.806619989162173
model_agnostic_replication_behavior-1315088b2464bc0a-m0,solvability,1.8749999999999998,1.933565197976174
model_agnostic_replication_behavior-1315088b2464bc0a-m1,solvability,1.75,2.281216595080623
model_agnostic_replication_behavior-1356b1784a0d43c3-m0,bandit,-3.875,-2.9927127558910325
model_agnostic_replication_behavior-1356b1784a0d43c3-m1,bandit,-1.375,-1.4945922753461185
model_agnostic_replication_behavior-13963679df0c4254-m0,effort,-0.8750000000000002,0.09650197248008408
model_agnostic_replication_behavior-13963679df0c4254-m1,effort,-0.7500000000000001,0.768533534873789
model_agnostic_replication_behavior-13bd58c211a6ad8f-m0,debugging,0.0,-0.8722641652960696
model_agnostic_replication_behavior-13bd58c211a6ad8f-m1,debugging,-0.7500000000000001,-0.6401555125543726
model_agnostic_replication_behavior-13bff8f274963dc8-m0,waiting,-0.7500000000000001,-0.022290578827636465
model_agnostic_replication_behavior-13bff8f274963dc8-m1,waiting,1.0,0.8615178430702009
model_agnostic_replication_behavior-13c8c3d6275057e5-m0,bandit,-4.375,-2.6708909991252723
model_agnostic_replication_behavior-13c8c3d6275057e5-m1,bandit,-2.0,-1.1727705185803583
model_agnostic_replication_behavior-13dcd6634925821e-m0,foraging,-1.5,-1.5035832394513413
model_agnostic_replication_behavior-13dcd6634925821e-m1,foraging,-2.5,-1.8510005124349542
model_agnostic_replication_behavior-13f8c14a1ddd6e3b-m0,information_sampling,-0.12500000000000006,-0.1052097534891927
model_agnostic_replication_behavior-13f8c14a1ddd6e3b-m1,information_sampling,-0.12500000000000006,-0.19557488531036338
model_agnostic_replication_behavior-1464dad6b232a396-m0,bandit,-1.7499999999999998,-1.3443433793256587
model_agnostic_replication_behavior-1464dad6b232a396-m1,bandit,-0.8750000000000002,0.15377710121925547
model_agnostic_replication_behavior-147b87d2cb9fcae9-m0,foraging,1.25,1.330508101231003
model_agnostic_replication_behavior-147b87d2cb9fcae9-m1,foraging,0.125,0.98309082824739
model_agnostic_replication_behavior-149c53f564134a1a-m0,information_sampling,0.0,0.007258020291631029
model_agnostic_replication_behavior-149c53f564134a1a-m1,information_sampling,-0.5,-0.08310711152954031
model_agnostic_replication_behavior-14c5507f170f7bb6-m0,foraging,0.24999999999999992,-0.0751531916699385
model_agnostic_replication_behavior-14c5507f170f7bb6-m1,foraging,-0.6249999999999999,-0.4225704646535514
model_agnostic_replication_behavior-14e4552aa7aab6ac-m0,effort,1.5000000000000002,1.6120429568297099
model_agnostic_replication_behavior-14e4552aa7aab6ac-m1,effort,1.625,2.2840745192234153
model_agnostic_replication_behavior-14ea1ac3724140ab-m0,foraging,0.0,-0.924238256903112
model_agnostic_replication_behavior-14ea1ac3724140ab-m1,foraging,-0.6249999999999999,-1.2716555298867247
model_agnostic_replication_behavior-14eb198e931af131-m0,foraging,-1.7499999999999998,-1.8366624629251336
model_agnostic_replication_behavior-14eb198e931af131-m1,foraging,-1.375,-2.184079735908747
model_agnostic_replication_behavior-14eb72851d740086-m0,information_sampling,-1.0000000000000002,-0.9447997335651952
model_agnostic_replication_behavior-14eb72851d740086-m1,information_sampling,-0.7500000000000001,-1.0351648653863659
model_agnostic_replication_behavior-150c2afcd11dd9db-m0,foraging,-1.125,-0.6768188456347317
model_agnostic_replication_behavior-150c2afcd11dd9db-m1,foraging,-1.875,-1.0242361186183446
model_agnostic_replication_behavior-151ff4f6e453aa29-m0,debugging,-1.625,-1.5380492068001286
model_agnostic_replication_behavior-151ff4f6e453aa29-m1,debugging,-2.125,-1.3059405540584315
model_agnostic_replication_behavior-153f6843c649512f-m0,foraging,-2.0,-1.244387999012231
model_agnostic_replication_behavior-153f6843c649512f-m1,foraging,-2.0,-1.591805271995844
model_agnostic_replication_behavior-15586adf66bb1a30-m0,foraging,-1.0000000000000002,-0.8474853247227409
model_agnostic_replication_behavior-15586adf66bb1a30-m1,foraging,-1.25,-1.1949025977063537
model_agnostic_replication_behavior-159675032395db54-m0,waiting,-1.625,-1.5428637712625228
model_agnostic_replication_behavior-159675032395db54-m1,waiting,-0.37499999999999994,-0.6590553493646854
model_agnostic_replication_behavior-15a7e78dc1275515-m0,solvability,1.75,1.707475738206779
model_agnostic_replication_behavior-15a7e78dc1275515-m1,solvability,3.25,2.0551271353112277
model_agnostic_replication_behavior-15b3fcd5f915f158-m0,debugging,-6.25,-3.7622453534488898
model_agnostic_replication_behavior-15b3fcd5f915f158-m1,debugging,-3.75,-3.530136700707193
model_agnostic_replication_behavior-15bc9bb5b3d2d805-m0,foraging,-2.375,-2.75648954317786
model_agnostic_replication_behavior-15bc9bb5b3d2d805-m1,foraging,-3.125,-3.103906816161474
model_agnostic_replication_behavior-15db9ba7c8b28363-m0,waiting,-0.6249999999999999,-0.4047141198169163
model_agnostic_replication_behavior-15db9ba7c8b28363-m1,waiting,0.125,0.4790943020809211
model_agnostic_replication_behavior-15ee8f4cf39cf018-m0,effort,-5.0,-3.2958538999404814
model_agnostic_replication_behavior-15ee8f4cf39cf018-m1,effort,-2.625,-2.6238223375467764
model_agnostic_replication_behavior-15f6aedd3bd4eace-m0,effort,-1.625,-2.1193295986780765
model_agnostic_replication_behavior-15f6aedd3bd4eace-m1,effort,-1.375,-1.4472980362843717
model_agnostic_replication_behavior-15fbb074b2f4abda-m0,waiting,-1.625,-1.5264835554075646
model_agnostic_replication_behavior-15fbb074b2f4abda-m1,waiting,-1.0000000000000002,-0.6426751335097273
model_agnostic_replication_behavior-160021f7c560d795-m0,debugging,-0.8750000000000002,-0.7948337047444503
model_agnostic_replication_behavior-160021f7c560d795-m1,debugging,-0.8750000000000002,-0.562725052002753
model_agnostic_replication_behavior-16106a4eef772409-m0,waiting,0.0,-0.5733062909090895
model_agnostic_replication_behavior-16106a4eef772409-m1,waiting,-0.37499999999999994,0.3105021309887481
model_agnostic_replication_behavior-1641727d9252d994-m0,foraging,-2.125,-1.770583532368014
model_agnostic_replication_behavior-1641727d9252d994-m1,foraging,-2.625,-2.1180008053516266
model_agnostic_replication_behavior-1649848ed48a5223-m0,foraging,1.25,1.104002407139548
model_agnostic_replication_behavior-1649848ed48a5223-m1,foraging,1.0,0.7565851341559351
model_agnostic_replication_behavior-1655839b73270fa0-m0,solvability,-0.8750000000000002,-0.8156963642873267
model_agnostic_replication_behavior-1655839b73270fa0-m1,solvability,-0.12500000000000006,-0.4680449671828777
model_agnostic_replication_behavior-16fba24bc1a53cd3-m0,effort,-1.5,-2.551663909924916
model_agnostic_replication_behavior-16fba24bc1a53cd3-m1,effort,-0.7500000000000001,-1.879632347531211
model_agnostic_replication_behavior-16fc2f44eb9d0e07-m0,debugging,-2.0,-1.580756508787378
model_agnostic_replication_behavior-16fc2f44eb9d0e07-m1,debugging,-1.0000000000000002,-1.348647856045681
model_agnostic_replication_behavior-17444bc2ccc2d6ac-m0,information_sampling,-0.6249999999999999,-0.853252915365033
model_agnostic_replication_behavior-17444bc2ccc2d6ac-m1,information_sampling,-0.8750000000000002,-0.9436180471862043
model_agnostic_replication_behavior-174541495df7879c-m0,foraging,-1.625,-1.5335740095238037
model_agnostic_replication_behavior-174541495df7879c-m1,foraging,-2.5,-1.8809912825074167
model_agnostic_replication_behavior-176c4eb47fb9df78-m0,bandit,-3.125,-2.6296611568097097
model_agnostic_replication_behavior-176c4eb47fb9df78-m1,bandit,-2.0,-1.131540676264796
model_agnostic_replication_behavior-17848d5aed4042cc-m0,foraging,0.0,-0.72241205113365
model_agnostic_replication_behavior-17848d5aed4042cc-m1,foraging,-2.5,-1.0698293241172627
model_agnostic_replication_behavior-178dfa4c882e1bd7-m0,information_sampling,-1.0000000000000002,-0.8849208979974426
model_agnostic_replication_behavior-178dfa4c882e1bd7-m1,information_sampling,-0.7500000000000001,-0.9752860298186136
model_agnostic_replication_behavior-1827dac5786a8321-m0,information_sampling,-0.8750000000000002,-0.9343392557748644
model_agnostic_replication_behavior-1827dac5786a8321-m1,information_sampling,-1.0000000000000002,-1.024704387596035
model_agnostic_replication_behavior-18762ee26a1e6157-m0,information_sampling,-2.0,-1.0979851301862382
model_agnostic_replication_behavior-18762ee26a1e6157-m1,information_sampling,-1.5,-1.188350262007409
model_agnostic_replication_behavior-189946aa60798f9e-m0,effort,-0.6249999999999999,-0.7512023604618439
model_agnostic_replication_behavior-189946aa60798f9e-m1,effort,0.0,-0.07917079806813881
model_agnostic_replication_behavior-18a23114fa6ad47a-m0,bandit,-3.625,-4.079517929491801
model_agnostic_replication_behavior-18a23114fa6ad47a-m1,bandit,-2.0,-2.581397448946887
model_agnostic_replication_behavior-18c026b1ee13b55a-m0,waiting,-1.25,-1.5877028315019057
model_agnostic_replication_behavior-18c026b1ee13b55a-m1,waiting,-0.12500000000000006,-0.7038944096040683
model_agnostic_replication_behavior-18d005c34de11231-m0,debugging,-4.25,-3.315788421468962
model_agnostic_replication_behavior-18d005c34de11231-m1,debugging,-2.25,-3.083679768727265
model_agnostic_replication_behavior-18e0a1d50757454d-m0,effort,-3.0,-3.054774905428332
model_agnostic_replication_behavior-18e0a1d50757454d-m1,effort,-2.375,-2.382743343034627
model_agnostic_replication_behavior-19027c25d45f801b-m0,foraging,-2.0,-2.3581093831933266
model_agnostic_replication_behavior-19027c25d45f801b-m1,foraging,-3.25,-2.7055266561769393
model_agnostic_replication_behavior-1905010b5aea7c55-m0,waiting,-3.0,-2.0369684882204018
model_agnostic_replication_behavior-1905010b5aea7c55-m1,waiting,-0.7500000000000001,-1.153160066322564
model_agnostic_replication_behavior-196a5bf0f0a9fc18-m0,debugging,-0.12500000000000006,0.2429434103796
model_agnostic_replication_behavior-196a5bf0f0a9fc18-m1,debugging,0.125,0.47505206312129666
model_agnostic_replication_behavior-197698cf6e2f0b52-m0,solvability,-2.125,-2.146494974578464
model_agnostic_replication_behavior-197698cf6e2f0b52-m1,solvability,-0.6249999999999999,-1.7988435774740152
model_agnostic_replication_behavior-199ffc3578095b0f-m0,debugging,-0.6249999999999999,-0.7822354868409059
model_agnostic_replication_behavior-199ffc3578095b0f-m1,debugging,-0.8750000000000002,-0.550126834099209
model_agnostic_replication_behavior-19b0fde0ec24f796-m0,solvability,-0.6249999999999999,-0.11458787681682026
model_agnostic_replication_behavior-19b0fde0ec24f796-m1,solvability,-0.25,0.23306352028762867
model_agnostic_replication_behavior-19f6bfefcdd57284-m0,foraging,-1.5,-0.8755075204337781
model_agnostic_replication_behavior-19f6bfefcdd57284-m1,foraging,-1.7499999999999998,-1.222924793417391
model_agnostic_replication_behavior-1a07a1404fb72f5a-m0,bandit,-4.875,-3.3831040486950523
model_agnostic_replication_behavior-1a07a1404fb72f5a-m1,bandit,-1.625,-1.8849835681501381
model_agnostic_replication_behavior-1a4c3ca2f74827b3-m0,debugging,-0.6249999999999999,-0.9234528253801866
model_agnostic_replication_behavior-1a4c3ca2f74827b3-m1,debugging,-0.7500000000000001,-0.6913441726384897
model_agnostic_replication_behavior-1a5e1084ff750610-m0,information_sampling,-0.37499999999999994,-0.45872714070767595
model_agnostic_replication_behavior-1a5e1084ff750610-m1,information_sampling,-0.5,-0.5490922725288471
model_agnostic_replication_behavior-1aae20b30857e147-m0,effort,2.25,1.3469653049740629
model_agnostic_replication_behavior-1aae20b30857e147-m1,effort,2.0,2.018996867367768
model_agnostic_replication_behavior-1acd56a0fe40e4aa-m0,effort,-1.7499999999999998,-1.6590747379724844
model_agnostic_replication_behavior-1acd56a0fe40e4aa-m1,effort,-1.7499999999999998,-0.9870431755787794
model_agnostic_replication_behavior-1ad6a9cd608df066-m0,debugging,-0.6249999999999999,-0.7704656411658254
model_agnostic_replication_behavior-1ad6a9cd608df066-m1,debugging,-0.12500000000000006,-0.5383569884241285
model_agnostic_replication_behavior-1b081458a02515be-m0,solvability,-0.5,-0.9166211722582984
model_agnostic_replication_behavior-1b081458a02515be-m1,solvability,0.0,-0.5689697751538494
model_agnostic_replication_behavior-1b32582cd087cd77-m0,debugging,-2.375,-2.3481607544627865
model_agnostic_replication_behavior-1b32582cd087cd77-m1,debugging,-2.375,-2.116052101721089
model_agnostic_replication_behavior-1bac638296bff45c-m0,solvability,0.125,-0.07631944054702267
model_agnostic_replication_behavior-1bac638296bff45c-m1,solvability,0.0,0.27133195655742626
model_agnostic_replication_behavior-1bb5b6523bf3343c-m0,foraging,-3.0,-2.956810972758289
model_agnostic_replication_behavior-1bb5b6523bf3343c-m1,foraging,-2.625,-3.3042282457419017
model_agnostic_replication_behavior-1bcaa2b09bb0aa9d-m0,effort,-3.0,-2.446494497254278
model_agnostic_replication_behavior-1bcaa2b09bb0aa9d-m1,effort,-2.375,-1.7744629348605734
model_agnostic_replication_behavior-1c3ed8c18c457e34-m0,foraging,0.5,0.35234445164532313
model_agnostic_replication_behavior-1c3ed8c18c457e34-m1,foraging,0.0,0.004927178661710219
model_agnostic_replication_behavior-1c8bde91b848cb71-m0,solvability,2.5,2.5289922210575666
model_agnostic_replication_behavior-1c8bde91b848cb71-m1,solvability,3.5,2.8766436181620154
model_agnostic_replication_behavior-1ca78c5e302ae9cb-m0,waiting,-1.25,-1.5855404955918573
model_agnostic_replication_behavior-1ca78c5e302ae9cb-m1,waiting,-1.125,-0.70173207369402
model_agnostic_replication_behavior-1cbf2cf61f5d2963-m0,effort,-0.37499999999999994,-0.9261918239086808
model_agnostic_replication_behavior-1cbf2cf61f5d2963-m1,effort,-0.37499999999999994,-0.2541602615149758
model_agnostic_replication_behavior-1ceb9068824dab50-m0,information_sampling,-0.25,-0.0518240996441246
model_agnostic_replication_behavior-1ceb9068824dab50-m1,information_sampling,-0.37499999999999994,-0.1421892314652955
model_agnostic_replication_behavior-1d0074b0718a8fdd-m0,information_sampling,-0.12500000000000006,-0.16653280414709926
model_agnostic_replication_behavior-1d0074b0718a8fdd-m1,information_sampling,-0.37499999999999994,-0.2568979359682704
model_agnostic_replication_behavior-1d2d844cd486855b-m0,debugging,-1.125,-1.1335356154570482
model_agnostic_replication_behavior-1d2d844cd486855b-m1,debugging,-1.125,-0.9014269627153512
model_agnostic_replication_behavior-1d51630b8e0283f8-m0,debugging,0.0,-0.6134476812812292
model_agnostic_replication_behavior-1d51630b8e0283f8-m1,debugging,-1.375,-0.38133902853953217
model_agnostic_replication_behavior-1d58a58aeeb48a1f-m0,waiting,-2.125,-2.2106817177198144
model_agnostic_replication_behavior-1d58a58aeeb48a1f-m1,waiting,-0.37499999999999994,-1.3268732958219773
model_agnostic_replication_behavior-1d5931a2a6e09703-m0,foraging,-0.25,-1.1822819472232544
model_agnostic_replication_behavior-1d5931a2a6e09703-m1,foraging,-2.75,-1.5296992202068673
model_agnostic_replication_behavior-1d5a91ed00eabedb-m0,effort,0.0,-0.5965270316747415
model_agnostic_replication_behavior-1d5a91ed00eabedb-m1,effort,0.125,0.07550453071896368
model_agnostic_replication_behavior-1d5aae418e416561-m0,information_sampling,-0.6249999999999999,-0.454222184676074
model_agnostic_replication_behavior-1d5aae418e416561-m1,information_sampling,-0.25,-0.5445873164972449
model_agnostic_replication_behavior-1d9b6ca07da828b2-m0,information_sampling,0.0,-0.3295599763278032
model_agnostic_replication_behavior-1d9b6ca07da828b2-m1,information_sampling,-0.6249999999999999,-0.4199251081489741
model_agnostic_replication_behavior-1dbdf3e261c7125b-m0,debugging,-1.7499999999999998,-1.6944684679422384
model_agnostic_replication_behavior-1dbdf3e261c7125b-m1,debugging,-1.625,-1.4623598152005415
model_agnostic_replication_behavior-1dc1173eb070a673-m0,foraging,0.8750000000000001,1.280066070316513
model_agnostic_replication_behavior-1dc1173eb070a673-m1,foraging,-0.12500000000000006,0.9326487973329001
model_agnostic_replication_behavior-1dca92149cba94e6-m0,bandit,-4.875,-4.150101399469591
model_agnostic_replication_behavior-1dca92149cba94e6-m1,bandit,-1.875,-2.6519809189246764
model_agnostic_replication_behavior-1de14e9b46638981-m0,information_sampling,-0.37499999999999994,-0.46528561534253654
model_agnostic_replication_behavior-1de14e9b46638981-m1,information_sampling,-0.37499999999999994,-0.5556507471637073
model_agnostic_replication_behavior-1dfdeb8278104d58-m0,bandit,-4.375,-3.9444265284142315
model_agnostic_replication_behavior-1dfdeb8278104d58-m1,bandit,-1.125,-2.4463060478693173
model_agnostic_replication_behavior-1e5afb43f8159fa4-m0,waiting,-0.7500000000000001,-0.40813000855470594
model_agnostic_replication_behavior-1e5afb43f8159fa4-m1,waiting,0.0,0.47567841334313143
model_agnostic_replication_behavior-1e66097bdfeebc01-m0,effort,-3.25,-3.027722689735159
model_agnostic_replication_behavior-1e66097bdfeebc01-m1,effort,-1.5,-2.3556911273414536
model_agnostic_replication_behavior-1e8104c36db013ae-m0,effort,0.625,0.9915151115240295
model_agnostic_replication_behavior-1e8104c36db013ae-m1,effort,0.37499999999999994,1.6635466739177347
model_agnostic_replication_behavior-1e8a720a327753b1-m0,foraging,-2.25,-2.0255658738835636
model_agnostic_replication_behavior-1e8a720a327753b1-m1,foraging,-2.875,-2.3729831468671767
model_agnostic_replication_behavior-1ef59a0601725c30-m0,information_sampling,-1.0000000000000002,-0.7081054819676322
model_agnostic_replication_behavior-1ef59a0601725c30-m1,information_sampling,-0.8750000000000002,-0.7984706137888031
model_agnostic_replication_behavior-1ef66aab7b6a5a42-m0,solvability,2.375,1.5841989290865186
model_agnostic_replication_behavior-1ef66aab7b6a5a42-m1,solvability,1.625,1.9318503261909674
model_agnostic_replication_behavior-1f884fbb8ec917bd-m0,waiting,-1.375,-1.0131820665820284
model_agnostic_replication_behavior-1f884fbb8ec917bd-m1,waiting,-0.12500000000000006,-0.129373644684191
model_agnostic_replication_behavior-1f95b82ce366cfac-m0,information_sampling,-0.25,-0.668512512391426
model_agnostic_replication_behavior-1f95b82ce366cfac-m1,information_sampling,-0.6249999999999999,-0.7588776442125971
model_agnostic_replication_behavior-1f9d8f3f012cfd7e-m0,foraging,-2.75,-2.5264561639248186
model_agnostic_replication_behavior-1f9d8f3f012cfd7e-m1,foraging,-2.875,-2.8738734369084318
model_agnostic_replication_behavior-1fa97a3e8e317010-m0,solvability,1.75,1.7607014154261733
model_agnostic_replication_behavior-1fa97a3e8e317010-m1,solvability,1.625,2.1083528125306223
model_agnostic_replication_behavior-1fd4a78bb0b3034b-m0,bandit,-5.0,-3.7431536496290616
model_agnostic_replication_behavior-1fd4a78bb0b3034b-m1,bandit,-2.875,-2.2450331690841474
model_agnostic_replication_behavior-1fd6c06875417407-m0,information_sampling,-1.625,-1.2949883974251117
model_agnostic_replication_behavior-1fd6c06875417407-m1,information_sampling,-0.8750000000000002,-1.3853535292462829
model_agnostic_replication_behavior-20366cb1453628c0-m0,solvability,0.7500000000000002,-0.27033524369610296
model_agnostic_replication_behavior-20366cb1453628c0-m1,solvability,0.24999999999999992,0.07731615340834619
model_agnostic_replication_behavior-20392ca1446374e9-m0,effort,-0.12500000000000006,-0.6248840067657342
model_agnostic_replication_behavior-20392ca1446374e9-m1,effort,0.37499999999999994,0.047147555627971016
model_agnostic_replication_behavior-2039949aa53eb667-m0,waiting,-0.25,0.004343516524302871
model_agnostic_replication_behavior-2039949aa53eb667-m1,waiting,0.625,0.8881519384221401
model_agnostic_replication_behavior-20e265cfc8aa2792-m0,waiting,-1.375,-1.5420064664563746
model_agnostic_replication_behavior-20e265cfc8aa2792-m1,waiting,-1.7499999999999998,-0.6581980445585374
model_agnostic_replication_behavior-20f3233e96f8f5d0-m0,bandit,-2.25,-2.467879312783315
model_agnostic_replication_behavior-20f3233e96f8f5d0-m1,bandit,-0.7500000000000001,-0.969758832238401
model_agnostic_replication_behavior-21620cbe4bc7a619-m0,solvability,1.625,1.7376231292616509
model_agnostic_replication_behavior-21620cbe4bc7a619-m1,solvability,2.0,2.0852745263661
model_agnostic_replication_behavior-2189646ac74dd3c6-m0,bandit,-4.25,-4.318139598930065
model_agnostic_replication_behavior-2189646ac74dd3c6-m1,bandit,-2.125,-2.8200191183851513
model_agnostic_replication_behavior-219bfe28a41484e7-m0,debugging,-3.25,-2.164030593036787
model_agnostic_replication_behavior-219bfe28a41484e7-m1,debugging,-1.125,-1.9319219402950893
model_agnostic_replication_behavior-21aeb70e58204e18-m0,bandit,0.8750000000000001,-0.09973003881298914
model_agnostic_replication_behavior-21aeb70e58204e18-m1,bandit,2.0,1.3983904417319248
model_agnostic_replication_behavior-21e5a7d625933c7f-m0,bandit,-3.75,-3.0754665311085216
model_agnostic_replication_behavior-21e5a7d625933c7f-m1,bandit,-1.875,-1.5773460505636074
model_agnostic_replication_behavior-220dcc3acc18d9b1-m0,effort,-1.25,-1.8194429743377785
model_agnostic_replication_behavior-220dcc3acc18d9b1-m1,effort,-2.5,-1.1474114119440735
model_agnostic_replication_behavior-2212ee15b2da8a18-m0,bandit,-0.25,-0.6613069963366429
model_agnostic_replication_behavior-2212ee15b2da8a18-m1,bandit,0.125,0.8368134842082713
model_agnostic_replication_behavior-223a6af4b3c71b1a-m0,solvability,-0.37499999999999994,-0.3537497907730047
model_agnostic_replication_behavior-223a6af4b3c71b1a-m1,solvability,-0.37499999999999994,-0.0060983936685558016
model_agnostic_replication_behavior-2270e5a827cd6037-m0,foraging,-3.25,-1.8081722640836533
model_agnostic_replication_behavior-2270e5a827cd6037-m1,foraging,-1.25,-2.155589537067266
model_agnostic_replication_behavior-22bcc9fd91019e1d-m0,waiting,-0.25,-0.4876152553728573
model_agnostic_replication_behavior-22bcc9fd91019e1d-m1,waiting,0.125,0.39619316652498004
model_agnostic_replication_behavior-22d2a7152d0c93f0-m0,solvability,0.0,-0.6571659950400532
model_agnostic_replication_behavior-22d2a7152d0c93f0-m1,solvability,-0.12500000000000006,-0.30951459793560465
model_agnostic_replication_behavior-22fd3e7103175c25-m0,debugging,-1.25,-1.8804424709640237
model_agnostic_replication_behavior-22fd3e7103175c25-m1,debugging,-1.7499999999999998,-1.6483338182223266
model_agnostic_replication_behavior-230c8ab66d78d959-m0,information_sampling,-0.5,-0.7185160969044418
model_agnostic_replication_behavior-230c8ab66d78d959-m1,information_sampling,-0.8750000000000002,-0.8088812287256129
model_agnostic_replication_behavior-230eb2565e157697-m0,debugging,-1.875,-2.227690654839341
model_agnostic_replication_behavior-230eb2565e157697-m1,debugging,-2.25,-1.9955820020976438
model_agnostic_replication_behavior-234fbb3342894de6-m0,foraging,0.5,0.328204309867149
model_agnostic_replication_behavior-234fbb3342894de6-m1,foraging,0.0,-0.0192129631164637
model_agnostic_replication_behavior-23b4d83317cf9ace-m0,information_sampling,-0.37499999999999994,-0.4482666629173451
model_agnostic_replication_behavior-23b4d83317cf9ace-m1,information_sampling,-0.5,-0.5386317947385163
model_agnostic_replication_behavior-23bd78873456759f-m0,information_sampling,-0.25,-0.4481332310017687
model_agnostic_replication_behavior-23bd78873456759f-m1,information_sampling,-0.5,-0.5384983628229397
model_agnostic_replication_behavior-23f7858bf310652e-m0,waiting,1.125,0.8997301342213224
model_agnostic_replication_behavior-23f7858bf310652e-m1,waiting,1.0,1.7835385561191595
model_agnostic_replication_behavior-2425a583606f6355-m0,waiting,1.125,0.2853842884116392
model_agnostic_replication_behavior-2425a583606f6355-m1,waiting,1.25,1.1691927103094766
model_agnostic_replication_behavior-2489c1411cfa00c8-m0,information_sampling,-0.6249999999999999,-0.729026437548294
model_agnostic_replication_behavior-2489c1411cfa00c8-m1,information_sampling,-1.125,-0.8193915693694648
model_agnostic_replication_behavior-248aa339c21cd181-m0,waiting,-1.125,-0.7157157262298252
model_agnostic_replication_behavior-248aa339c21cd181-m1,waiting,0.125,0.16809269566801222
model_agnostic_replication_behavior-248ceb9b361bc830-m0,bandit,-4.5,-3.376847693260973
model_agnostic_replication_behavior-248ceb9b361bc830-m1,bandit,-2.625,-1.8787272127160586
model_agnostic_replication_behavior-24aeb433b08609bd-m0,foraging,0.7500000000000002,0.18974292982320895
model_agnostic_replication_behavior-24aeb433b08609bd-m1,foraging,0.24999999999999992,-0.15767434316040374
model_agnostic_replication_behavior-24d93fd6baf667cb-m0,information_sampling,-2.5,-1.1003594928239657
model_agnostic_replication_behavior-24d93fd6baf667cb-m1,information_sampling,-1.375,-1.1907246246451368
model_agnostic_replication_behavior-24f51ceafbff51f2-m0,effort,-2.5,-2.3087981008247622
model_agnostic_replication_behavior-24f51ceafbff51f2-m1,effort,-1.0000000000000002,-1.636766538431057
model_agnostic_replication_behavior-24f9f8313aa0ece3-m0,waiting,0.125,0.11686634407259244
model_agnostic_replication_behavior-24f9f8313aa0ece3-m1,waiting,1.25,1.0006747659704298
model_agnostic_replication_behavior-24fcc8fa9baac468-m0,waiting,-2.625,-1.687260851571363
model_agnostic_replication_behavior-24fcc8fa9baac468-m1,waiting,0.37499999999999994,-0.8034524296735255
model_agnostic_replication_behavior-252b47d506849edf-m0,waiting,-1.5,-1.4285005414552896
model_agnostic_replication_behavior-252b47d506849edf-m1,waiting,0.37499999999999994,-0.5446921195574521
model_agnostic_replication_behavior-253670869b6c84e6-m0,debugging,-0.12500000000000006,0.15710148654475642
model_agnostic_replication_behavior-253670869b6c84e6-m1,debugging,-0.37499999999999994,0.38921013928645376
model_agnostic_replication_behavior-253db232a41a509b-m0,solvability,-1.125,-0.952746003645037
model_agnostic_replication_behavior-253db232a41a509b-m1,solvability,0.5,-0.605094606540588
model_agnostic_replication_behavior-25c4f1f9c14e23af-m0,effort,0.5,0.8870599342423584
model_agnostic_replication_behavior-25c4f1f9c14e23af-m1,effort,0.625,1.5590914966360638
model_agnostic_replication_behavior-264ceae46565e8aa-m0,solvability,1.3750000000000002,0.7079273124031916
model_agnostic_replication_behavior-264ceae46565e8aa-m1,solvability,0.37499999999999994,1.0555787095076405
model_agnostic_replication_behavior-26576e9ebf7368f0-m0,effort,-2.375,-2.8088508129017553
model_agnostic_replication_behavior-26576e9ebf7368f0-m1,effort,-1.0000000000000002,-2.13681925050805
model_agnostic_replication_behavior-2699935cd9fe2203-m0,waiting,-1.7499999999999998,-1.1131073729124994
model_agnostic_replication_behavior-2699935cd9fe2203-m1,waiting,0.125,-0.22929895101466202
model_agnostic_replication_behavior-26b4a96d6c3b42e3-m0,debugging,-2.75,-2.15741080414641
model_agnostic_replication_behavior-26b4a96d6c3b42e3-m1,debugging,-2.375,-1.925302151404713
model_agnostic_replication_behavior-270b65656a02a9aa-m0,waiting,-1.875,-1.9775286085486374
model_agnostic_replication_behavior-270b65656a02a9aa-m1,waiting,-0.8750000000000002,-1.0937201866508
model_agnostic_replication_behavior-272ca08028e479cb-m0,solvability,2.625,2.9084768808010955
model_agnostic_replication_behavior-272ca08028e479cb-m1,solvability,3.875,3.2561282779055443
model_agnostic_replication_behavior-2764b2f4fcf7ed0b-m0,solvability,0.37499999999999994,0.18555256667751024
model_agnostic_replication_behavior-2764b2f4fcf7ed0b-m1,solvability,-0.12500000000000006,0.5332039637819592
model_agnostic_replication_behavior-2768884a0f1c8979-m0,bandit,-2.625,-2.3873388179746726
model_agnostic_replication_behavior-2768884a0f1c8979-m1,bandit,-0.8750000000000002,-0.8892183374297589
model_agnostic_replication_behavior-27a131bd319a1f1e-m0,waiting,-1.25,-1.444243496035952
model_agnostic_replication_behavior-27a131bd319a1f1e-m1,waiting,-0.25,-0.5604350741381147
model_agnostic_replication_behavior-28013a07f13bfc32-m0,foraging,-0.8750000000000002,0.12241644177719113
model_agnostic_replication_behavior-28013a07f13bfc32-m1,foraging,-0.7500000000000001,-0.22500083120642178
model_agnostic_replication_behavior-281952f98366b59e-m0,waiting,-2.75,-2.116159945115238
model_agnostic_replication_behavior-281952f98366b59e-m1,waiting,-1.125,-1.232351523217401
model_agnostic_replication_behavior-2862bdc45eb6d24d-m0,solvability,1.0,1.1337490545307753
model_agnostic_replication_behavior-2862bdc45eb6d24d-m1,solvability,0.24999999999999992,1.4814004516352242
model_agnostic_replication_behavior-28715e418e56a469-m0,solvability,-1.375,-0.7913129154848819
model_agnostic_replication_behavior-28715e418e56a469-m1,solvability,-0.5,-0.4436615183804331
model_agnostic_replication_behavior-28daaa846d4f852a-m0,foraging,-0.8750000000000002,-0.6877504002878876
model_agnostic_replication_behavior-28daaa846d4f852a-m1,foraging,-0.6249999999999999,-1.0351676732715003
model_agnostic_replication_behavior-28e1ca6f0fd761a4-m0,foraging,-1.5,-1.7258256746668237
model_agnostic_replication_behavior-28e1ca6f0fd761a4-m1,foraging,-3.0,-2.073242947650437
model_agnostic_replication_behavior-28ec801d5c018dd4-m0,foraging,0.125,-0.813775987034271
model_agnostic_replication_behavior-28ec801d5c018dd4-m1,foraging,-1.25,-1.1611932600178836
model_agnostic_replication_behavior-28ed4f948cf4119d-m0,information_sampling,0.125,-0.17041966793833369
model_agnostic_replication_behavior-28ed4f948cf4119d-m1,information_sampling,-0.37499999999999994,-0.26078479975950475
model_agnostic_replication_behavior-28ef00a2b5b3cf6f-m0,solvability,-2.625,-1.6163661886199179
model_agnostic_replication_behavior-28ef00a2b5b3cf6f-m1,solvability,-1.25,-1.2687147915154688
model_agnostic_replication_behavior-29121b3f21ef53a0-m0,effort,-0.5,-0.6119073587529059
model_agnostic_replication_behavior-29121b3f21ef53a0-m1,effort,0.125,0.06012420364079929
model_agnostic_replication_behavior-292e1ea1438b4350-m0,debugging,-1.25,-0.9030635808401007
model_agnostic_replication_behavior-292e1ea1438b4350-m1,debugging,-0.7500000000000001,-0.6709549280984036
model_agnostic_replication_behavior-293b91fc8c9f730b-m0,waiting,-0.8750000000000002,-1.2256013263175713
model_agnostic_replication_behavior-293b91fc8c9f730b-m1,waiting,0.0,-0.3417929044197341
model_agnostic_replication_behavior-295fccabb249ffb9-m0,waiting,-1.125,-0.7616203398408834
model_agnostic_replication_behavior-295fccabb249ffb9-m1,waiting,0.8750000000000001,0.1221880820569538
model_agnostic_replication_behavior-2a093e5dd9ec8011-m0,effort,-3.5,-3.332661310487244
model_agnostic_replication_behavior-2a093e5dd9ec8011-m1,effort,-1.125,-2.6606297480935392
model_agnostic_replication_behavior-2a16bf103e5fba63-m0,debugging,-1.375,-1.6845672267544392
model_agnostic_replication_behavior-2a16bf103e5fba63-m1,debugging,-2.25,-1.452458574012742
model_agnostic_replication_behavior-2a3574e5c495b06d-m0,effort,0.0,-0.18930296252381767
model_agnostic_replication_behavior-2a3574e5c495b06d-m1,effort,-0.5,0.4827285998698873
model_agnostic_replication_behavior-2a5af74f33f7730c-m0,debugging,-0.5,-0.9889753994885875
model_agnostic_replication_behavior-2a5af74f33f7730c-m1,debugging,0.37499999999999994,-0.7568667467468906
model_agnostic_replication_behavior-2a9e2043d06dff1c-m0,solvability,1.125,0.3847080257286623
model_agnostic_replication_behavior-2a9e2043d06dff1c-m1,solvability,0.24999999999999992,0.7323594228331112
model_agnostic_replication_behavior-2aa2c040f767ac07-m0,bandit,-6.875,-4.966978248719695
model_agnostic_replication_behavior-2aa2c040f767ac07-m1,bandit,-3.5,-3.4688577681747796
model_agnostic_replication_behavior-2aa8397dfb20ffaf-m0,bandit,-3.125,-3.1034859318770573
model_agnostic_replication_behavior-2aa8397dfb20ffaf-m1,bandit,-1.375,-1.6053654513321427
model_agnostic_replication_behavior-2aba4fe55422de36-m0,debugging,-1.25,-1.6154097725381042
model_agnostic_replication_behavior-2aba4fe55422de36-m1,debugging,-1.0000000000000002,-1.3833011197964074
model_agnostic_replication_behavior-2abc4d9bccf438dc-m0,waiting,-0.5,-0.337961884067284
model_agnostic_replication_behavior-2abc4d9bccf438dc-m1,waiting,0.37499999999999994,0.5458465378305535
model_agnostic_replication_behavior-2aeff75df03557d8-m0,waiting,-0.7500000000000001,-1.3777679289448779
model_agnostic_replication_behavior-2aeff75df03557d8-m1,waiting,-0.37499999999999994,-0.4939595070470406
model_agnostic_replication_behavior-2afb5bc6eae83d18-m0,bandit,-5.0,-4.804125048408306
model_agnostic_replication_behavior-2afb5bc6eae83d18-m1,bandit,-3.75,-3.3060045678633916
model_agnostic_replication_behavior-2afdfc095ddc8a2a-m0,waiting,1.125,0.8851449680153989
model_agnostic_replication_behavior-2afdfc095ddc8a2a-m1,waiting,2.375,1.768953389913236
model_agnostic_replication_behavior-2bda1916c817aaa0-m0,effort,0.0,-0.8910726704273275
model_agnostic_replication_behavior-2bda1916c817aaa0-m1,effort,-0.37499999999999994,-0.21904110803362237
model_agnostic_replication_behavior-2c01864fe0b94c92-m0,waiting,-1.375,-1.678650158034871
model_agnostic_replication_behavior-2c01864fe0b94c92-m1,waiting,-1.125,-0.7948417361370336
model_agnostic_replication_behavior-2c21e9f1bd85962d-m0,effort,-0.5,0.03841524012056613
model_agnostic_replication_behavior-2c21e9f1bd85962d-m1,effort,-0.12500000000000006,0.7104468025142712
model_agnostic_replication_behavior-2c26de6566a9e1ac-m0,bandit,-3.875,-3.559425292088185
model_agnostic_replication_behavior-2c26de6566a9e1ac-m1,bandit,-1.375,-2.06130481154327
model_agnostic_replication_behavior-2c57b5d186ae0a71-m0,foraging,0.0,-0.43314257716180704
model_agnostic_replication_behavior-2c57b5d186ae0a71-m1,foraging,-0.5,-0.7805598501454197
model_agnostic_replication_behavior-2c5e3fd0a27647f9-m0,debugging,-0.8750000000000002,-0.4769958934002587
model_agnostic_replication_behavior-2c5e3fd0a27647f9-m1,debugging,-0.6249999999999999,-0.24488724065856182
model_agnostic_replication_behavior-2c5ff4528f913746-m0,foraging,0.24999999999999992,0.13559167775204573
model_agnostic_replication_behavior-2c5ff4528f913746-m1,foraging,-1.125,-0.21182559523156708
model_agnostic_replication_behavior-2c9dff8ccc665424-m0,effort,-1.5,-1.9639720427638556
model_agnostic_replication_behavior-2c9dff8ccc665424-m1,effort,-1.875,-1.2919404803701506
model_agnostic_replication_behavior-2cbc0ab24e87c14f-m0,solvability,-0.5,-0.6398804072266373
model_agnostic_replication_behavior-2cbc0ab24e87c14f-m1,solvability,-0.25,-0.29222901012218827
model_agnostic_replication_behavior-2cda2838f5cc7ecc-m0,effort,2.625,0.8206566837145571
model_agnostic_replication_behavior-2cda2838f5cc7ecc-m1,effort,2.0,1.4926882461082625
model_agnostic_replication_behavior-2cf1d3ce817afe61-m0,information_sampling,0.0,-0.30688998024569053
model_agnostic_replication_behavior-2cf1d3ce817afe61-m1,information_sampling,-0.5,-0.3972551120668616
model_agnostic_replication_behavior-2d6e1136e4873d9f-m0,debugging,-3.875,-1.5641512176403438
model_agnostic_replication_behavior-2d6e1136e4873d9f-m1,debugging,-3.0,-1.332042564898647
model_agnostic_replication_behavior-2e16fef3f9938466-m0,bandit,-2.125,-2.7182302177465356
model_agnostic_replication_behavior-2e16fef3f9938466-m1,bandit,-0.12500000000000006,-1.2201097372016214
model_agnostic_replication_behavior-2e226d5b08a3eee6-m0,bandit,-2.5,-2.3571061367972908
model_agnostic_replication_behavior-2e226d5b08a3eee6-m1,bandit,0.5,-0.8589856562523763
model_agnostic_replication_behavior-2e5b51c2360f80f9-m0,waiting,-1.25,-1.5067163249580346
model_agnostic_replication_behavior-2e5b51c2360f80f9-m1,waiting,-1.125,-0.6229079030601974
model_agnostic_replication_behavior-2e9dce6bfdb4f9cf-m0,solvability,2.0,1.8967174808795937
model_agnostic_replication_behavior-2e9dce6bfdb4f9cf-m1,solvability,1.5000000000000002,2.2443688779840425
model_agnostic_replication_behavior-2eb53f9af7d0e765-m0,debugging,-4.875,-2.4105039314062546
model_agnostic_replication_behavior-2eb53f9af7d0e765-m1,debugging,-0.8750000000000002,-2.1783952786645573
model_agnostic_replication_behavior-2ee332d2e1c284d3-m0,bandit,-1.875,-1.558301294313675
model_agnostic_replication_behavior-2ee332d2e1c284d3-m1,bandit,0.0,-0.060180813768761
model_agnostic_replication_behavior-2f02e564f8edc5b2-m0,waiting,1.25,0.6449725622742406
model_agnostic_replication_behavior-2f02e564f8edc5b2-m1,waiting,1.8749999999999998,1.5287809841720779
model_agnostic_replication_behavior-2f21eeba3fe77b5d-m0,debugging,-2.0,-1.6744665196667445
model_agnostic_replication_behavior-2f21eeba3fe77b5d-m1,debugging,-1.875,-1.4423578669250472
model_agnostic_replication_behavior-2f26850815a35fc8-m0,bandit,0.7500000000000002,-0.19445789653110346
model_agnostic_replication_behavior-2f26850815a35fc8-m1,bandit,1.25,1.3036625840138103
model_agnostic_replication_behavior-2f3084e147e32f4b-m0,effort,-2.625,-2.636621243500521
model_agnostic_replication_behavior-2f3084e147e32f4b-m1,effort,-1.7499999999999998,-1.9645896811068155
model_agnostic_replication_behavior-2f7a1051379aa91c-m0,solvability,1.25,1.5141190889431198
model_agnostic_replication_behavior-2f7a1051379aa91c-m1,solvability,0.7500000000000002,1.8617704860475688
model_agnostic_replication_behavior-2fc78efb8492c9f6-m0,information_sampling,-2.0,-1.1689785629080858
model_agnostic_replication_behavior-2fc78efb8492c9f6-m1,information_sampling,-1.0000000000000002,-1.2593436947292564
model_agnostic_replication_behavior-2fd51e0ef430bf2d-m0,information_sampling,-1.7499999999999998,-1.0988436556104468
model_agnostic_replication_behavior-2fd51e0ef430bf2d-m1,information_sampling,-1.0000000000000002,-1.189208787431618
model_agnostic_replication_behavior-2fe2f26c4691beb8-m0,bandit,-0.5,-2.061884277706345
model_agnostic_replication_behavior-2fe2f26c4691beb8-m1,bandit,-1.875,-0.5637637971614312
model_agnostic_replication_behavior-2feab7cb131d997b-m0,effort,-1.0000000000000002,-1.9489974298643604
model_agnostic_replication_behavior-2feab7cb131d997b-m1,effort,-1.125,-1.2769658674706552
model_agnostic_replication_behavior-2ff3cb13aa1a962a-m0,bandit,-2.25,-2.7303908921574296
model_agnostic_replication_behavior-2ff3cb13aa1a962a-m1,bandit,-0.6249999999999999,-1.2322704116125154
model_agnostic_replication_behavior-3020fbe466715153-m0,bandit,0.0,-0.49864922252533495
model_agnostic_replication_behavior-3020fbe466715153-m1,bandit,1.5000000000000002,0.9994712580195791
model_agnostic_replication_behavior-3060013985ac5deb-m0,effort,-3.0,-1.2287226881738367
model_agnostic_replication_behavior-3060013985ac5deb-m1,effort,-0.8750000000000002,-0.5566911257801316
model_agnostic_replication_behavior-30aabd7fbd883e12-m0,foraging,-2.25,-2.131813467689824
model_agnostic_replication_behavior-30aabd7fbd883e12-m1,foraging,-2.875,-2.4792307406734375
model_agnostic_replication_behavior-30c7c0d958a92813-m0,bandit,-4.25,-2.6934704166600305
model_agnostic_replication_behavior-30c7c0d958a92813-m1,bandit,-0.5,-1.1953499361151163
model_agnostic_replication_behavior-30e2ef843e2346d7-m0,information_sampling,-0.6249999999999999,-0.5206413443629754
model_agnostic_replication_behavior-30e2ef843e2346d7-m1,information_sampling,-0.6249999999999999,-0.611006476184146
model_agnostic_replication_behavior-3106ef35910d12f0-m0,debugging,-0.5,-1.3241116237316373
model_agnostic_replication_behavior-3106ef35910d12f0-m1,debugging,-0.25,-1.0920029709899401
model_agnostic_replication_behavior-312edf261bf7687a-m0,foraging,-0.6249999999999999,-0.6002457577201463
model_agnostic_replication_behavior-312edf261bf7687a-m1,foraging,-1.875,-0.9476630307037592
model_agnostic_replication_behavior-314248a5d3ebbf82-m0,solvability,2.75,2.7743189128625314
model_agnostic_replication_behavior-314248a5d3ebbf82-m1,solvability,3.5,3.12197030996698
model_agnostic_replication_behavior-31b1d290a8b79d86-m0,solvability,2.5,1.5155969286731885
model_agnostic_replication_behavior-31b1d290a8b79d86-m1,solvability,1.625,1.8632483257776375
model_agnostic_replication_behavior-31b3c57c79c11340-m0,bandit,-0.25,-1.4686678904706367
model_agnostic_replication_behavior-31b3c57c79c11340-m1,bandit,-0.37499999999999994,0.029452590074277418
model_agnostic_replication_behavior-31b4ed647c54a91f-m0,bandit,-1.5,-1.2923466470775045
model_agnostic_replication_behavior-31b4ed647c54a91f-m1,bandit,-0.5,0.20577383346740957
model_agnostic_replication_behavior-31bc9f65b0d3b13b-m0,debugging,-3.375,-2.4206400582932384
model_agnostic_replication_behavior-31bc9f65b0d3b13b-m1,debugging,-0.8750000000000002,-2.1885314055515415
model_agnostic_replication_behavior-31fc704bc45f8259-m0,debugging,-1.625,-1.5371255409858269
model_agnostic_replication_behavior-31fc704bc45f8259-m1,debugging,-0.6249999999999999,-1.3050168882441298
model_agnostic_replication_behavior-32019cbe9d2af2c7-m0,effort,-2.75,-2.1177309933986552
model_agnostic_replication_behavior-32019cbe9d2af2c7-m1,effort,-1.625,-1.4456994310049498
model_agnostic_replication_behavior-32166c073db17ba2-m0,information_sampling,-1.25,-0.9528550156389253
model_agnostic_replication_behavior-32166c073db17ba2-m1,information_sampling,-0.8750000000000002,-1.0432201474600966
model_agnostic_replication_behavior-32204b629e130534-m0,waiting,-1.625,-1.6489831134326132
model_agnostic_replication_behavior-32204b629e130534-m1,waiting,-0.8750000000000002,-0.7651746915347757
model_agnostic_replication_behavior-3227831cea0aaea5-m0,effort,-2.375,-2.038958759973144
model_agnostic_replication_behavior-3227831cea0aaea5-m1,effort,-1.7499999999999998,-1.3669271975794386
model_agnostic_replication_behavior-325a58838a519821-m0,solvability,-1.25,-1.1254786598216806
model_agnostic_replication_behavior-325a58838a519821-m1,solvability,0.0,-0.7778272627172316
model_agnostic_replication_behavior-32652937ee81c79b-m0,foraging,0.24999999999999992,0.3439654594725752
model_agnostic_replication_behavior-32652937ee81c79b-m1,foraging,-1.25,-0.003451813511037738
model_agnostic_replication_behavior-329cde008f3595c1-m0,effort,-3.5,-2.6177581660669755
model_agnostic_replication_behavior-329cde008f3595c1-m1,effort,-1.0000000000000002,-1.9457266036732705
model_agnostic_replication_behavior-32aff6eac214317b-m0,solvability,-1.125,-0.7025829794984062
model_agnostic_replication_behavior-32aff6eac214317b-m1,solvability,-0.6249999999999999,-0.3549315823939574
model_agnostic_replication_behavior-32e3d4237315b80c-m0,waiting,-1.5,-1.2584071106373964
model_agnostic_replication_behavior-32e3d4237315b80c-m1,waiting,0.125,-0.37459868873955904
model_agnostic_replication_behavior-32f1d31e83c1f6d4-m0,foraging,0.125,-0.2718328554904479
model_agnostic_replication_behavior-32f1d31e83c1f6d4-m1,foraging,-1.125,-0.6192501284740604
model_agnostic_replication_behavior-32f414fb1bc864e7-m0,bandit,0.24999999999999992,-0.4194160963875429
model_agnostic_replication_behavior-32f414fb1bc864e7-m1,bandit,0.625,1.078704384157371
model_agnostic_replication_behavior-3378cbde33bbf401-m0,solvability,0.7500000000000002,0.29557972217450856
model_agnostic_replication_behavior-3378cbde33bbf401-m1,solvability,0.125,0.6432311192789577
model_agnostic_replication_behavior-338e34d8fb1f3e5e-m0,debugging,-1.5,-0.8999186586895228
model_agnostic_replication_behavior-338e34d8fb1f3e5e-m1,debugging,-0.8750000000000002,-0.6678100059478259
model_agnostic_replication_behavior-33d33991ef25818e-m0,information_sampling,-0.7500000000000001,-0.5187412204207804
model_agnostic_replication_behavior-33d33991ef25818e-m1,information_sampling,-0.5,-0.6091063522419513
model_agnostic_replication_behavior-33e3a9424dc4d0eb-m0,waiting,-0.6249999999999999,-1.3777679289448779
model_agnostic_replication_behavior-33e3a9424dc4d0eb-m1,waiting,-0.37499999999999994,-0.4939595070470406
model_agnostic_replication_behavior-33e6758a7689ad1b-m0,bandit,-4.0,-3.519061748728729
model_agnostic_replication_behavior-33e6758a7689ad1b-m1,bandit,-2.125,-2.020941268183815
model_agnostic_replication_behavior-33f7e382ee70c03a-m0,foraging,1.3750000000000002,0.8952746948923822
model_agnostic_replication_behavior-33f7e382ee70c03a-m1,foraging,1.3750000000000002,0.5478574219087695
model_agnostic_replication_behavior-3417497abe181e00-m0,foraging,-1.25,-1.5816801214095837
model_agnostic_replication_behavior-3417497abe181e00-m1,foraging,-1.625,-1.9290973943931966
model_agnostic_replication_behavior-34657ac0a87412d3-m0,waiting,-2.0,-2.1296952111759433
model_agnostic_replication_behavior-34657ac0a87412d3-m1,waiting,-1.25,-1.2458867892781063
model_agnostic_replication_behavior-346c4a2e93eb4511-m0,foraging,0.0,0.05350489088044119
model_agnostic_replication_behavior-346c4a2e93eb4511-m1,foraging,0.125,-0.2939123821031717
model_agnostic_replication_behavior-346ca124a92b6ca1-m0,bandit,-4.375,-4.134411241389188
model_agnostic_replication_behavior-346ca124a92b6ca1-m1,bandit,-2.0,-2.636290760844274
model_agnostic_replication_behavior-347876a4b4751de2-m0,information_sampling,-0.12500000000000006,-0.20763943145097263
model_agnostic_replication_behavior-347876a4b4751de2-m1,information_sampling,-0.5,-0.2980045632721434
model_agnostic_replication_behavior-347f0a0457cbd410-m0,debugging,-3.375,-2.8982912677026564
model_agnostic_replication_behavior-347f0a0457cbd410-m1,debugging,-3.75,-2.666182614960959
model_agnostic_replication_behavior-34a990226981f294-m0,waiting,-1.5,-0.42109433567187393
model_agnostic_replication_behavior-34a990226981f294-m1,waiting,0.125,0.4627140862259632
model_agnostic_replication_behavior-34b332777d67dc52-m0,debugging,-0.5,-0.49479213102606867
model_agnostic_replication_behavior-34b332777d67dc52-m1,debugging,-1.0000000000000002,-0.26268347828437166
model_agnostic_replication_behavior-34baa2779e183111-m0,information_sampling,-0.12500000000000006,-0.26857208979062486
model_agnostic_replication_behavior-34baa2779e183111-m1,information_sampling,-0.7500000000000001,-0.35893722161179586
model_agnostic_replication_behavior-34c616819a854651-m0,foraging,1.5000000000000002,0.9319627881561638
model_agnostic_replication_behavior-34c616819a854651-m1,foraging,0.5,0.5845455151725514
model_agnostic_replication_behavior-34c970faac204d64-m0,effort,0.8750000000000001,1.337604860448138
model_agnostic_replication_behavior-34c970faac204d64-m1,effort,1.125,2.009636422841843
model_agnostic_replication_behavior-34ec5616f6136c52-m0,foraging,-2.0,-1.6888712638858787
model_agnostic_replication_behavior-34ec5616f6136c52-m1,foraging,-2.75,-2.0362885368694914
model_agnostic_replication_behavior-350ae2da019adadd-m0,foraging,1.25,1.1054153653610574
model_agnostic_replication_behavior-350ae2da019adadd-m1,foraging,0.7500000000000002,0.7579980923774448
model_agnostic_replication_behavior-35b8f420f672cb43-m0,bandit,-2.75,-2.3434426672154665
model_agnostic_replication_behavior-35b8f420f672cb43-m1,bandit,-2.125,-0.8453221866705523
model_agnostic_replication_behavior-35d31dbda2ad98d6-m0,bandit,-1.25,-1.934209621605326
model_agnostic_replication_behavior-35d31dbda2ad98d6-m1,bandit,-0.7500000000000001,-0.43608914106041197
model_agnostic_replication_behavior-35f0d4b438098135-m0,effort,-1.25,-2.1370109789407925
model_agnostic_replication_behavior-35f0d4b438098135-m1,effort,-1.0000000000000002,-1.464979416547087
model_agnostic_replication_behavior-360727f4b585154e-m0,waiting,-1.125,-0.8397618965905025
model_agnostic_replication_behavior-360727f4b585154e-m1,waiting,0.5,0.04404652530733488
model_agnostic_replication_behavior-363bd9ae88cb6482-m0,debugging,-5.875,-3.689371187732979
model_agnostic_replication_behavior-363bd9ae88cb6482-m1,debugging,-3.375,-3.4572625349912816
model_agnostic_replication_behavior-368020fb45e0fce1-m0,solvability,-0.37499999999999994,-0.07638486689846735
model_agnostic_replication_behavior-368020fb45e0fce1-m1,solvability,0.7500000000000002,0.27126653020598157
model_agnostic_replication_behavior-36807433cfec4567-m0,effort,-0.7500000000000001,-0.7496037551824217
model_agnostic_replication_behavior-36807433cfec4567-m1,effort,0.125,-0.07757219278871672
model_agnostic_replication_behavior-368994e9f5ea14e9-m0,foraging,1.25,0.5334961549202524
model_agnostic_replication_behavior-368994e9f5ea14e9-m1,foraging,0.5,0.18607888193663946
model_agnostic_replication_behavior-369306a735ff1e4c-m0,information_sampling,-0.12500000000000006,-0.4047065443334438
model_agnostic_replication_behavior-369306a735ff1e4c-m1,information_sampling,-0.7500000000000001,-0.4950716761546148
model_agnostic_replication_behavior-3699d110a9abbb01-m0,bandit,-3.75,-2.816578104408169
model_agnostic_replication_behavior-3699d110a9abbb01-m1,bandit,-2.375,-1.3184576238632548
model_agnostic_replication_behavior-36be1168ae25d425-m0,foraging,-0.8750000000000002,-0.48134203651182383
model_agnostic_replication_behavior-36be1168ae25d425-m1,foraging,-0.37499999999999994,-0.8287593094954367
model_agnostic_replication_behavior-36dd3f915d6c0798-m0,information_sampling,-1.25,-0.9609601605661773
model_agnostic_replication_behavior-36dd3f915d6c0798-m1,information_sampling,-1.0000000000000002,-1.051325292387348
model_agnostic_replication_behavior-36f6ca53e4ebdd76-m0,solvability,1.5000000000000002,1.2249363086391085
model_agnostic_replication_behavior-36f6ca53e4ebdd76-m1,solvability,1.5000000000000002,1.5725877057435573
model_agnostic_replication_behavior-37125ef1736ba0ac-m0,foraging,-0.37499999999999994,-0.8431352676594349
model_agnostic_replication_behavior-37125ef1736ba0ac-m1,foraging,-0.7500000000000001,-1.190552540643048
model_agnostic_replication_behavior-3713b6a9184e4b46-m0,debugging,-1.5,-1.9536368284223822
model_agnostic_replication_behavior-3713b6a9184e4b46-m1,debugging,-2.375,-1.7215281756806848
model_agnostic_replication_behavior-371d5a5c51cfeaa7-m0,effort,-1.5,-0.6753214228811799
model_agnostic_replication_behavior-371d5a5c51cfeaa7-m1,effort,-1.0000000000000002,-0.0032898604874747606
model_agnostic_replication_behavior-37232894c21103a7-m0,debugging,-0.25,-0.763763412637954
model_agnostic_replication_behavior-37232894c21103a7-m1,debugging,-0.5,-0.5316547598962569
model_agnostic_replication_behavior-373e938e7cce88b4-m0,bandit,-6.0,-4.0117349925269865
model_agnostic_replication_behavior-373e938e7cce88b4-m1,bandit,-3.75,-2.5136145119820728
model_agnostic_replication_behavior-3761c0f0d1fd4f46-m0,information_sampling,0.125,-0.16492214457664378
model_agnostic_replication_behavior-3761c0f0d1fd4f46-m1,information_sampling,-0.37499999999999994,-0.2552872763978149
model_agnostic_replication_behavior-37975376e280141e-m0,waiting,-1.5,-0.42109433567187393
model_agnostic_replication_behavior-37975376e280141e-m1,waiting,1.0,0.4627140862259632
model_agnostic_replication_behavior-37bd1ec8f9bcd92e-m0,debugging,-4.375,-2.9724714914907655
model_agnostic_replication_behavior-37bd1ec8f9bcd92e-m1,debugging,-2.375,-2.740362838749068
model_agnostic_replication_behavior-3808bd01a40d613b-m0,foraging,-0.8750000000000002,-0.953236570556192
model_agnostic_replication_behavior-3808bd01a40d613b-m1,foraging,-1.7499999999999998,-1.3006538435398047
model_agnostic_replication_behavior-38123c42805a1a47-m0,solvability,-0.5,0.1055802262567862
model_agnostic_replication_behavior-38123c42805a1a47-m1,solvability,0.37499999999999994,0.45323162336123496
model_agnostic_replication_behavior-3819b613dac8b124-m0,foraging,0.125,-0.29923057324378194
model_agnostic_replication_behavior-3819b613dac8b124-m1,foraging,-2.125,-0.6466478462273948
model_agnostic_replication_behavior-384cb3bf9b3931c6-m0,foraging,1.0,-0.11580327219017106
model_agnostic_replication_behavior-384cb3bf9b3931c6-m1,foraging,-0.8750000000000002,-0.46322054517378397
model_agnostic_replication_behavior-389536591550721c-m0,debugging,-0.7500000000000001,-0.9078066198467428
model_agnostic_replication_behavior-389536591550721c-m1,debugging,-1.0000000000000002,-0.675697967105046
model_agnostic_replication_behavior-38aab0fd9fc14be1-m0,foraging,-3.25,-2.3207210836063057
model_agnostic_replication_behavior-38aab0fd9fc14be1-m1,foraging,-2.75,-2.6681383565899184
model_agnostic_replication_behavior-38af44c71c8a47b6-m0,effort,-3.375,-3.0795051863568608
model_agnostic_replication_behavior-38af44c71c8a47b6-m1,effort,-1.25,-2.407473623963156
model_agnostic_replication_behavior-38da9964ff405890-m0,debugging,-2.25,-2.159721870132942
model_agnostic_replication_behavior-38da9964ff405890-m1,debugging,-2.25,-1.9276132173912448
model_agnostic_replication_behavior-38edc479bb5223d8-m0,foraging,-2.125,-1.0642866814294116
model_agnostic_replication_behavior-38edc479bb5223d8-m1,foraging,-2.25,-1.4117039544130243
model_agnostic_replication_behavior-38f31abd4cd10187-m0,waiting,-0.5,-0.4632162546457934
model_agnostic_replication_behavior-38f31abd4cd10187-m1,waiting,1.0,0.42059216725204374
model_agnostic_replication_behavior-39593c2d93df3fe2-m0,effort,-1.875,-2.800303630995596
model_agnostic_replication_behavior-39593c2d93df3fe2-m1,effort,-1.7499999999999998,-2.128272068601891
model_agnostic_replication_behavior-3981bea604e19a3e-m0,bandit,-1.5,-1.4269105626328789
model_agnostic_replication_behavior-3981bea604e19a3e-m1,bandit,-0.25,0.07120991791203518
model_agnostic_replication_behavior-39962819bdfafc16-m0,bandit,-5.875,-4.304476129348241
model_agnostic_replication_behavior-39962819bdfafc16-m1,bandit,-3.125,-2.8063556488033266
model_agnostic_replication_behavior-39b5a1b214082403-m0,bandit,0.0,0.14190638333163663
model_agnostic_replication_behavior-39b5a1b214082403-m1,bandit,2.625,1.640026863876551
model_agnostic_replication_behavior-39bf204366d5758c-m0,debugging,1.3750000000000002,0.8686492418780034
model_agnostic_replication_behavior-39bf204366d5758c-m1,debugging,0.7500000000000002,1.1007578946197012
model_agnostic_replication_behavior-39ed3fe24c36da51-m0,debugging,0.0,-0.8529567243077788
model_agnostic_replication_behavior-39ed3fe24c36da51-m1,debugging,-1.0000000000000002,-0.6208480715660818
model_agnostic_replication_behavior-3a087443f81cf706-m0,debugging,-0.5,-0.5985039223767985
model_agnostic_replication_behavior-3a087443f81cf706-m1,debugging,-0.5,-0.3663952696351014
model_agnostic_replication_behavior-3a2799b52abe3433-m0,effort,-1.625,-2.0034409603200616
model_agnostic_replication_behavior-3a2799b52abe3433-m1,effort,-2.375,-1.3314093979263566
model_agnostic_replication_behavior-3a3b5c4df0ad1421-m0,debugging,-2.875,-2.550019405202944
model_agnostic_replication_behavior-3a3b5c4df0ad1421-m1,debugging,-1.0000000000000002,-2.3179107524612466
model_agnostic_replication_behavior-3a4d8be6e10d0330-m0,waiting,0.7500000000000002,0.43503765971721253
model_agnostic_replication_behavior-3a4d8be6e10d0330-m1,waiting,1.5000000000000002,1.31884608161505
model_agnostic_replication_behavior-3a83d79673e3b933-m0,information_sampling,0.37499999999999994,0.17576258169963338
model_agnostic_replication_behavior-3a83d79673e3b933-m1,information_sampling,-0.37499999999999994,0.08539744987846232
model_agnostic_replication_behavior-3a927ff833ba238c-m0,effort,-0.5,-0.5756968412971446
model_agnostic_replication_behavior-3a927ff833ba238c-m1,effort,-0.12500000000000006,0.0963347210965605
model_agnostic_replication_behavior-3abb0718b6fd2981-m0,information_sampling,-0.5,-0.37330723776196284
model_agnostic_replication_behavior-3abb0718b6fd2981-m1,information_sampling,-0.7500000000000001,-0.46367236958313374
model_agnostic_replication_behavior-3ad63a65d2f7ccf9-m0,foraging,-2.375,-1.4391420382649491
model_agnostic_replication_behavior-3ad63a65d2f7ccf9-m1,foraging,-2.625,-1.7865593112485618
model_agnostic_replication_behavior-3aecce0cacbf3278-m0,waiting,-1.0000000000000002,-1.2479560148419613
model_agnostic_replication_behavior-3aecce0cacbf3278-m1,waiting,-1.25,-0.364147592944124
model_agnostic_replication_behavior-3b098e4de07da968-m0,foraging,-0.5,-1.344670598565374
model_agnostic_replication_behavior-3b098e4de07da968-m1,foraging,-1.875,-1.692087871548987
model_agnostic_replication_behavior-3b0c58fb2e4360da-m0,solvability,2.625,1.6981861806713179
model_agnostic_replication_behavior-3b0c58fb2e4360da-m1,solvability,1.125,2.0458375777757665
model_agnostic_replication_behavior-3b66b5a311e0aa51-m0,waiting,-1.25,-1.2333708486360377
model_agnostic_replication_behavior-3b66b5a311e0aa51-m1,waiting,-0.25,-0.3495624267382005
model_agnostic_replication_behavior-3b6d1fe5ec4e82a6-m0,bandit,-6.625,-5.00108543664507
model_agnostic_replication_behavior-3b6d1fe5ec4e82a6-m1,bandit,-3.125,-3.502964956100156
model_agnostic_replication_behavior-3b8054907b519ea5-m0,foraging,1.3750000000000002,0.7666169372779581
model_agnostic_replication_behavior-3b8054907b519ea5-m1,foraging,0.37499999999999994,0.41919966429434496
model_agnostic_replication_behavior-3b8b35478d724b88-m0,debugging,0.24999999999999992,-0.36224828186114344
model_agnostic_replication_behavior-3b8b35478d724b88-m1,debugging,0.125,-0.13013962911944654
model_agnostic_replication_behavior-3be1bc4a64a8782d-m0,foraging,0.8750000000000001,0.25423747580366207
model_agnostic_replication_behavior-3be1bc4a64a8782d-m1,foraging,-0.7500000000000001,-0.09317979717995051
model_agnostic_replication_behavior-3cc647d20c11e750-m0,bandit,-3.75,-3.1153890047532338
model_agnostic_replication_behavior-3cc647d20c11e750-m1,bandit,-1.875,-1.6172685242083196
model_agnostic_replication_behavior-3cf1ab8764f4b682-m0,solvability,2.125,1.691665522094757
model_agnostic_replication_behavior-3cf1ab8764f4b682-m1,solvability,1.75,2.039316919199206
model_agnostic_replication_behavior-3cf72f04474a0b1d-m0,effort,1.5000000000000002,0.4753947729678829
model_agnostic_replication_behavior-3cf72f04474a0b1d-m1,effort,0.8750000000000001,1.147426335361588
model_agnostic_replication_behavior-3cf9ad49798eaf7a-m0,bandit,0.5,0.16385289684611837
model_agnostic_replication_behavior-3cf9ad49798eaf7a-m1,bandit,2.25,1.6619733773910328
model_agnostic_replication_behavior-3cfd3da02bdcae6c-m0,waiting,-0.6249999999999999,-0.4694102904854131
model_agnostic_replication_behavior-3cfd3da02bdcae6c-m1,waiting,0.37499999999999994,0.4143981314124241
model_agnostic_replication_behavior-3d4abe0e0718a842-m0,information_sampling,-0.5,-0.5152750734310096
model_agnostic_replication_behavior-3d4abe0e0718a842-m1,information_sampling,-1.125,-0.6056402052521803
model_agnostic_replication_behavior-3d51e2f29a93d3af-m0,information_sampling,-1.25,-0.909864837366431
model_agnostic_replication_behavior-3d51e2f29a93d3af-m1,information_sampling,-0.37499999999999994,-1.0002299691876022
model_agnostic_replication_behavior-3d9ad93527a7fbf8-m0,waiting,-1.7499999999999998,-1.020380649956957
model_agnostic_replication_behavior-3d9ad93527a7fbf8-m1,waiting,0.24999999999999992,-0.1365722280591194
model_agnostic_replication_behavior-3dc7ea711fd5372b-m0,debugging,0.0,-0.02429210253933145
model_agnostic_replication_behavior-3dc7ea711fd5372b-m1,debugging,-0.25,0.20781655020236567
model_agnostic_replication_behavior-3e028dbe9d5ffefa-m0,debugging,-1.0000000000000002,-1.3428457647496364
model_agnostic_replication_behavior-3e028dbe9d5ffefa-m1,debugging,-1.7499999999999998,-1.1107371120079392
model_agnostic_replication_behavior-3e3f0372649b62b5-m0,debugging,-1.5,-1.695946945149514
model_agnostic_replication_behavior-3e3f0372649b62b5-m1,debugging,-2.5,-1.463838292407817
model_agnostic_replication_behavior-3e5f7ab90ec2d24c-m0,information_sampling,-0.37499999999999994,-0.49203179755199355
model_agnostic_replication_behavior-3e5f7ab90ec2d24c-m1,information_sampling,-0.7500000000000001,-0.5823969293731646
model_agnostic_replication_behavior-3e74442fdb6ca520-m0,effort,0.5,0.07754264842905534
model_agnostic_replication_behavior-3e74442fdb6ca520-m1,effort,0.37499999999999994,0.7495742108227605
model_agnostic_replication_behavior-3ec425db95155e19-m0,effort,-1.375,-1.2057478010286595
model_agnostic_replication_behavior-3ec425db95155e19-m1,effort,-0.7500000000000001,-0.5337162386349545
model_agnostic_replication_behavior-3ef7aeb023b118f6-m0,bandit,-0.5,-1.1207789639475214
model_agnostic_replication_behavior-3ef7aeb023b118f6-m1,bandit,-0.8750000000000002,0.37734151659739257
model_agnostic_replication_behavior-3f00f39f255f6f8c-m0,foraging,1.625,1.3375760627896949
model_agnostic_replication_behavior-3f00f39f255f6f8c-m1,foraging,0.8750000000000001,0.9901587898060822
model_agnostic_replication_behavior-3f2ba35b5c08ad6f-m0,effort,1.625,1.4592085641652721
model_agnostic_replication_behavior-3f2ba35b5c08ad6f-m1,effort,1.625,2.1312401265589775
model_agnostic_replication_behavior-3f410f1619d9c83b-m0,solvability,-1.875,-0.8636066525971478
model_agnostic_replication_behavior-3f410f1619d9c83b-m1,solvability,0.37499999999999994,-0.5159552554926989
model_agnostic_replication_behavior-3f76b3bf4c7d2da4-m0,debugging,-0.7500000000000001,-0.8412222984319871
model_agnostic_replication_behavior-3f76b3bf4c7d2da4-m1,debugging,-1.25,-0.6091136456902901
model_agnostic_replication_behavior-3f9d284164db3b9d-m0,information_sampling,-1.25,-1.0392875742943817
model_agnostic_replication_behavior-3f9d284164db3b9d-m1,information_sampling,-0.8750000000000002,-1.1296527061155526
model_agnostic_replication_behavior-3fb2de2b9129719f-m0,information_sampling,-1.25,-0.8741088687279372
model_agnostic_replication_behavior-3fb2de2b9129719f-m1,information_sampling,-1.0000000000000002,-0.9644740005491084
model_agnostic_replication_behavior-3fc6c940d0a25441-m0,waiting,-1.5,-2.0662846374109742
model_agnostic_replication_behavior-3fc6c940d0a25441-m1,waiting,-0.5,-1.1824762155131372
model_agnostic_replication_behavior-3fd4e6e5620fa1f2-m0,waiting,-0.37499999999999994,-0.3119873968613739
model_agnostic_replication_behavior-3fd4e6e5620fa1f2-m1,waiting,1.5000000000000002,0.5718210250364635
model_agnostic_replication_behavior-3fdcdf37a3d72da9-m0,effort,-0.7500000000000001,-1.3861446322571513
model_agnostic_replication_behavior-3fdcdf37a3d72da9-m1,effort,-1.125,-0.7141130698634462
model_agnostic_replication_behavior-3fe7d5491c3ad9c5-m0,debugging,-1.375,-1.5663582363987327
model_agnostic_replication_behavior-3fe7d5491c3ad9c5-m1,debugging,-0.7500000000000001,-1.3342495836570354
model_agnostic_replication_behavior-3ff4ad9434e96b49-m0,debugging,-4.0,-2.0293850397264057
model_agnostic_replication_behavior-3ff4ad9434e96b49-m1,debugging,-3.0,-1.7972763869847084
model_agnostic_replication_behavior-4001afa53065e156-m0,information_sampling,-1.125,-0.9912547586005453
model_agnostic_replication_behavior-4001afa53065e156-m1,information_sampling,-0.7500000000000001,-1.0816198904217162
model_agnostic_replication_behavior-400ec26c08a340ec-m0,information_sampling,-0.25,-0.6549597069560056
model_agnostic_replication_behavior-400ec26c08a340ec-m1,information_sampling,-0.5,-0.7453248387771766
model_agnostic_replication_behavior-40121b3e707f2fff-m0,waiting,-1.625,-1.4887152700143211
model_agnostic_replication_behavior-40121b3e707f2fff-m1,waiting,-0.25,-0.6049068481164843
model_agnostic_replication_behavior-40129a5673b3d68a-m0,effort,-3.375,-2.5971589207758115
model_agnostic_replication_behavior-40129a5673b3d68a-m1,effort,-2.125,-1.9251273583821065
model_agnostic_replication_behavior-4055ae4dfb07116f-m0,foraging,0.5,0.5504331936652453
model_agnostic_replication_behavior-4055ae4dfb07116f-m1,foraging,0.125,0.20301592068163254
model_agnostic_replication_behavior-407b303a78ef3d8c-m0,debugging,-1.0000000000000002,-0.9946093220492132
model_agnostic_replication_behavior-407b303a78ef3d8c-m1,debugging,-0.5,-0.762500669307516
model_agnostic_replication_behavior-40a3ddce92741e05-m0,bandit,-2.0,-1.7250321251032996
model_agnostic_replication_behavior-40a3ddce92741e05-m1,bandit,-1.25,-0.22691164455838547
model_agnostic_replication_behavior-40c3d5939d6a6fde-m0,effort,-2.75,-2.269275061733896
model_agnostic_replication_behavior-40c3d5939d6a6fde-m1,effort,-1.7499999999999998,-1.597243499340191
model_agnostic_replication_behavior-41113d1da15472df-m0,bandit,-3.75,-2.469996546555904
model_agnostic_replication_behavior-41113d1da15472df-m1,bandit,-1.5,-0.9718760660109899
model_agnostic_replication_behavior-4122428eac3c0abf-m0,effort,-4.25,-3.178552522681433
model_agnostic_replication_behavior-4122428eac3c0abf-m1,effort,-2.875,-2.506520960287728
model_agnostic_replication_behavior-415f7410d8ae0f39-m0,bandit,-0.5,-1.25470997548262
model_agnostic_replication_behavior-415f7410d8ae0f39-m1,bandit,1.0,0.2434105050622941
model_agnostic_replication_behavior-4169167df74afa58-m0,bandit,1.25,0.3475812543869954
model_agnostic_replication_behavior-4169167df74afa58-m1,bandit,3.625,1.8457017349319096
model_agnostic_replication_behavior-417da2de94b6ac91-m0,waiting,-0.12500000000000006,-0.5302466270922833
model_agnostic_replication_behavior-417da2de94b6ac91-m1,waiting,0.125,0.35356179480555416
model_agnostic_replication_behavior-41b844ea38cdf123-m0,debugging,-1.125,-1.579639285436294
model_agnostic_replication_behavior-41b844ea38cdf123-m1,debugging,-0.8750000000000002,-1.3475306326945968
model_agnostic_replication_behavior-41fbe20576b79ba0-m0,waiting,0.5,-0.26935602514194784
model_agnostic_replication_behavior-41fbe20576b79ba0-m1,waiting,0.8750000000000001,0.6144523967558895
model_agnostic_replication_behavior-422d1cc9bbd937c5-m0,solvability,1.0,0.48166169011809745
model_agnostic_replication_behavior-422d1cc9bbd937c5-m1,solvability,0.37499999999999994,0.8293130872225464
model_agnostic_replication_behavior-4261508a5f90395d-m0,information_sampling,-0.6249999999999999,-0.7053487347718579
model_agnostic_replication_behavior-4261508a5f90395d-m1,information_sampling,-0.7500000000000001,-0.795713866593029
model_agnostic_replication_behavior-429755b2bc8be225-m0,debugging,-2.125,-2.0905630303812277
model_agnostic_replication_behavior-429755b2bc8be225-m1,debugging,-1.125,-1.8584543776395308
model_agnostic_replication_behavior-435eabe83e061f49-m0,foraging,0.0,-0.5626338031918321
model_agnostic_replication_behavior-435eabe83e061f49-m1,foraging,-1.25,-0.9100510761754449
model_agnostic_replication_behavior-436a11e19cb56f8f-m0,information_sampling,-0.25,-0.4093987868497711
model_agnostic_replication_behavior-436a11e19cb56f8f-m1,information_sampling,-0.25,-0.49976391867094216
model_agnostic_replication_behavior-438038cf39a92aee-m0,effort,-1.125,-1.7398807478845462
model_agnostic_replication_behavior-438038cf39a92aee-m1,effort,-0.25,-1.0678491854908412
model_agnostic_replication_behavior-43908fc217e4aa4e-m0,information_sampling,0.125,-0.4280018625518329
model_agnostic_replication_behavior-43908fc217e4aa4e-m1,information_sampling,-0.8750000000000002,-0.518366994373004
model_agnostic_replication_behavior-43c690cc39fa343b-m0,waiting,-1.125,-0.16233402555580045
model_agnostic_replication_behavior-43c690cc39fa343b-m1,waiting,0.24999999999999992,0.7214743963420369
model_agnostic_replication_behavior-43d53f23a598e80a-m0,solvability,0.37499999999999994,-0.04772389503872476
model_agnostic_replication_behavior-43d53f23a598e80a-m1,solvability,-0.7500000000000001,0.2999275020657241
model_agnostic_replication_behavior-43e2296fc0ab9dbd-m0,effort,0.0,-0.816007005710223
model_agnostic_replication_behavior-43e2296fc0ab9dbd-m1,effort,0.37499999999999994,-0.14397544331651807
model_agnostic_replication_behavior-44071681811add4a-m0,effort,-2.75,-3.5155562653897525
model_agnostic_replication_behavior-44071681811add4a-m1,effort,-2.0,-2.8435247029960475
model_agnostic_replication_behavior-441936621d27debf-m0,foraging,1.3750000000000002,1.477881458373824
model_agnostic_replication_behavior-441936621d27debf-m1,foraging,0.0,1.130464185390211
model_agnostic_replication_behavior-4429a771ace4b099-m0,solvability,1.0,0.4418730040388782
model_agnostic_replication_behavior-4429a771ace4b099-m1,solvability,1.75,0.7895244011433272
model_agnostic_replication_behavior-44349dae1dd68fcb-m0,information_sampling,-0.37499999999999994,-0.5036685080153596
model_agnostic_replication_behavior-44349dae1dd68fcb-m1,information_sampling,-0.7500000000000001,-0.5940336398365302
model_agnostic_replication_behavior-44457fbfce177a7b-m0,waiting,-1.7499999999999998,-1.1975097681941602
model_agnostic_replication_behavior-44457fbfce177a7b-m1,waiting,-0.6249999999999999,-0.313701346296323
model_agnostic_replication_behavior-445d70836c190b50-m0,information_sampling,-0.5,-0.667332532942445
model_agnostic_replication_behavior-445d70836c190b50-m1,information_sampling,-0.5,-0.7576976647636161
model_agnostic_replication_behavior-44a01d3134259f96-m0,information_sampling,-0.8750000000000002,-0.9478920612102846
model_agnostic_replication_behavior-44a01d3134259f96-m1,information_sampling,-0.7500000000000001,-1.0382571930314555
model_agnostic_replication_behavior-44bc2e7a5cc3eb3c-m0,waiting,-0.12500000000000006,0.44962282592313607
model_agnostic_replication_behavior-44bc2e7a5cc3eb3c-m1,waiting,0.8750000000000001,1.3334312478209736
model_agnostic_replication_behavior-44ed84140cf0eca6-m0,effort,0.37499999999999994,-0.21474747884131318
model_agnostic_replication_behavior-44ed84140cf0eca6-m1,effort,0.7500000000000002,0.45728408355239214
model_agnostic_replication_behavior-44efb09f649b8daf-m0,information_sampling,-0.25,-0.3297162860991887
model_agnostic_replication_behavior-44efb09f649b8daf-m1,information_sampling,-0.6249999999999999,-0.4200814179203597
model_agnostic_replication_behavior-451d1feccd57ea68-m0,foraging,0.7500000000000002,0.23693219193405202
model_agnostic_replication_behavior-451d1feccd57ea68-m1,foraging,0.24999999999999992,-0.11048508104956045
model_agnostic_replication_behavior-458a67123178d28d-m0,solvability,-3.25,-2.0417326174279875
model_agnostic_replication_behavior-458a67123178d28d-m1,solvability,-0.6249999999999999,-1.6940812203235385
model_agnostic_replication_behavior-459683604851eadd-m0,foraging,-2.875,-2.1278379290159872
model_agnostic_replication_behavior-459683604851eadd-m1,foraging,-1.875,-2.475255201999601
model_agnostic_replication_behavior-45c02c84e0d8a231-m0,foraging,-0.6249999999999999,-0.8427743006873514
model_agnostic_replication_behavior-45c02c84e0d8a231-m1,foraging,-2.25,-1.190191573670964
model_agnostic_replication_behavior-45d25567b3d8185a-m0,solvability,1.5000000000000002,1.20117701867954
model_agnostic_replication_behavior-45d25567b3d8185a-m1,solvability,1.3750000000000002,1.5488284157839889
model_agnostic_replication_behavior-45f1d4e0684c78bf-m0,effort,-1.0000000000000002,-1.5176053495521347
model_agnostic_replication_behavior-45f1d4e0684c78bf-m1,effort,0.7500000000000002,-0.8455737871584297
model_agnostic_replication_behavior-460cbc7b41ebcb49-m0,foraging,0.5,-0.3329791472863113
model_agnostic_replication_behavior-460cbc7b41ebcb49-m1,foraging,-0.7500000000000001,-0.680396420269924
model_agnostic_replication_behavior-460fa98801833e43-m0,solvability,1.0,0.8253177598702078
model_agnostic_replication_behavior-460fa98801833e43-m1,solvability,0.8750000000000001,1.1729691569746568
model_agnostic_replication_behavior-46280498a1c8f592-m0,debugging,-0.7500000000000001,-1.4479120479846481
model_agnostic_replication_behavior-46280498a1c8f592-m1,debugging,0.0,-1.215803395242951
model_agnostic_replication_behavior-46582f4c674c4be4-m0,waiting,-0.8750000000000002,-1.0131820665820284
model_agnostic_replication_behavior-46582f4c674c4be4-m1,waiting,0.0,-0.129373644684191
model_agnostic_replication_behavior-469d23a5a73b138c-m0,debugging,-1.5,-1.4927909489309972
model_agnostic_replication_behavior-469d23a5a73b138c-m1,debugging,-2.5,-1.2606822961893003
model_agnostic_replication_behavior-46dc7e910f9443a9-m0,bandit,-3.875,-3.8035198416173253
model_agnostic_replication_behavior-46dc7e910f9443a9-m1,bandit,-3.0,-2.305399361072411
model_agnostic_replication_behavior-46e5b6ca82a3b07d-m0,waiting,1.5000000000000002,1.478237246460862
model_agnostic_replication_behavior-46e5b6ca82a3b07d-m1,waiting,2.625,2.3620456683587
model_agnostic_replication_behavior-46ed10d3dff14252-m0,information_sampling,-0.7500000000000001,-0.6257952255170967
model_agnostic_replication_behavior-46ed10d3dff14252-m1,information_sampling,-0.8750000000000002,-0.7161603573382682
model_agnostic_replication_behavior-471fad0e4db6f108-m0,solvability,-2.125,-1.6055247855378825
model_agnostic_replication_behavior-471fad0e4db6f108-m1,solvability,-0.7500000000000001,-1.2578733884334334
model_agnostic_replication_behavior-473a8050c87b6ae1-m0,debugging,-1.7499999999999998,-1.4944536587978663
model_agnostic_replication_behavior-473a8050c87b6ae1-m1,debugging,-2.5,-1.2623450060561692
model_agnostic_replication_behavior-4758528d91e62af8-m0,waiting,0.24999999999999992,0.06861139509541925
model_agnostic_replication_behavior-4758528d91e62af8-m1,waiting,0.37499999999999994,0.9524198169932568
model_agnostic_replication_behavior-4761651ee044b406-m0,foraging,-0.25,-1.3030145102083739
model_agnostic_replication_behavior-4761651ee044b406-m1,foraging,-2.25,-1.6504317831919868
model_agnostic_replication_behavior-4775fdbbdf6eb681-m0,solvability,-3.125,-2.362726801605599
model_agnostic_replication_behavior-4775fdbbdf6eb681-m1,solvability,-1.25,-2.0150754045011503
model_agnostic_replication_behavior-479e70be2d880f91-m0,solvability,1.75,0.9202889475506436
model_agnostic_replication_behavior-479e70be2d880f91-m1,solvability,0.125,1.2679403446550925
model_agnostic_replication_behavior-47c88213afeb2101-m0,effort,-0.7500000000000001,-2.0475598231538905
model_agnostic_replication_behavior-47c88213afeb2101-m1,effort,-1.875,-1.3755282607601858
model_agnostic_replication_behavior-4807f0f85615f2df-m0,foraging,-1.625,-1.9299779154610281
model_agnostic_replication_behavior-4807f0f85615f2df-m1,foraging,-2.375,-2.2773951884446406
model_agnostic_replication_behavior-486b1fc51df05a4b-m0,bandit,-3.25,-3.7913591672064313
model_agnostic_replication_behavior-486b1fc51df05a4b-m1,bandit,-1.7499999999999998,-2.293238686661517
model_agnostic_replication_behavior-4879da7392bfdd38-m0,solvability,1.75,1.4591543561677165
model_agnostic_replication_behavior-4879da7392bfdd38-m1,solvability,2.0,1.8068057532721655
model_agnostic_replication_behavior-487cd40c964881e9-m0,effort,-4.0,-3.581489481126579
model_agnostic_replication_behavior-487cd40c964881e9-m1,effort,-0.8750000000000002,-2.909457918732874
model_agnostic_replication_behavior-488bf6b801f4b7eb-m0,foraging,1.25,0.3605279798280987
model_agnostic_replication_behavior-488bf6b801f4b7eb-m1,foraging,0.5,0.013110706844485787
model_agnostic_replication_behavior-488f4fb06e037962-m0,bandit,-1.875,-1.703085611588818
model_agnostic_replication_behavior-488f4fb06e037962-m1,bandit,0.5,-0.2049651310439037
model_agnostic_replication_behavior-48b6bb28f063be9e-m0,solvability,1.3750000000000002,1.1190676342405603
model_agnostic_replication_behavior-48b6bb28f063be9e-m1,solvability,0.37499999999999994,1.4667190313450096
model_agnostic_replication_behavior-4904753911c41b3c-m0,waiting,-2.375,-2.0774539148791087
model_agnostic_replication_behavior-4904753911c41b3c-m1,waiting,-1.0000000000000002,-1.193645492981271
model_agnostic_replication_behavior-49821e568be01095-m0,effort,1.5000000000000002,0.5258321890833285
model_agnostic_replication_behavior-49821e568be01095-m1,effort,-0.12500000000000006,1.1978637514770338
model_agnostic_replication_behavior-498bb4a71080fc92-m0,bandit,-2.25,-2.1350476403203267
model_agnostic_replication_behavior-498bb4a71080fc92-m1,bandit,-2.625,-0.6369271597754125
model_agnostic_replication_behavior-49b22ef9afd95aeb-m0,effort,-1.625,-1.6211742871886017
model_agnostic_replication_behavior-49b22ef9afd95aeb-m1,effort,-0.37499999999999994,-0.9491427247948965
model_agnostic_replication_behavior-49b3b15146155329-m0,bandit,-2.625,-2.4362302522424546
model_agnostic_replication_behavior-49b3b15146155329-m1,bandit,-1.5,-0.9381097716975404
model_agnostic_replication_behavior-49bcc15a0b913295-m0,effort,0.0,-1.0122777279727329
model_agnostic_replication_behavior-49bcc15a0b913295-m1,effort,-0.8750000000000002,-0.34024616557902787
model_agnostic_replication_behavior-49d071ff1f813f62-m0,solvability,-3.75,-1.2655681530633094
model_agnostic_replication_behavior-49d071ff1f813f62-m1,solvability,-0.5,-0.9179167559588606
model_agnostic_replication_behavior-4a7b5ad56680bca1-m0,waiting,-3.125,-2.554195318529234
model_agnostic_replication_behavior-4a7b5ad56680bca1-m1,waiting,-0.7500000000000001,-1.6703868966313964
model_agnostic_replication_behavior-4aa1014849392967-m0,information_sampling,-2.125,-1.184386855762821
model_agnostic_replication_behavior-4aa1014849392967-m1,information_sampling,-1.375,-1.2747519875839917
model_agnostic_replication_behavior-4ad1270e05dda426-m0,effort,-3.25,-1.8131422098175811
model_agnostic_replication_behavior-4ad1270e05dda426-m1,effort,-2.125,-1.1411106474238761
model_agnostic_replication_behavior-4b2cf155a98f6e01-m0,waiting,-1.25,-1.0941685731258997
model_agnostic_replication_behavior-4b2cf155a98f6e01-m1,waiting,0.0,-0.2103601512280623
model_agnostic_replication_behavior-4b58bb0986b54e04-m0,waiting,-2.75,-1.2160812817197462
model_agnostic_replication_behavior-4b58bb0986b54e04-m1,waiting,-1.0000000000000002,-0.3322728598219086
model_agnostic_replication_behavior-4b5ac132f41add9c-m0,information_sampling,-0.5,-0.7459835801812735
model_agnostic_replication_behavior-4b5ac132f41add9c-m1,information_sampling,-0.6249999999999999,-0.8363487120024438
model_agnostic_replication_behavior-4b6356612e087bae-m0,effort,-0.6249999999999999,-2.3248300771709873
model_agnostic_replication_behavior-4b6356612e087bae-m1,effort,-1.7499999999999998,-1.6527985147772823
model_agnostic_replication_behavior-4bd7e2326d6486ca-m0,information_sampling,-0.37499999999999994,-0.684844332888128
model_agnostic_replication_behavior-4bd7e2326d6486ca-m1,information_sampling,-0.25,-0.775209464709299
model_agnostic_replication_behavior-4bde13d3b570cbc3-m0,solvability,2.25,1.4992154636009256
model_agnostic_replication_behavior-4bde13d3b570cbc3-m1,solvability,1.625,1.8468668607053746
model_agnostic_replication_behavior-4bfb098c98fbc34b-m0,solvability,-0.8750000000000002,-1.3838788427342081
model_agnostic_replication_behavior-4bfb098c98fbc34b-m1,solvability,0.125,-1.036227445629759
model_agnostic_replication_behavior-4bfff062252264eb-m0,waiting,-1.375,-1.503300436220245
model_agnostic_replication_behavior-4bfff062252264eb-m1,waiting,-1.625,-0.6194920143224074
model_agnostic_replication_behavior-4cbad93157baede0-m0,solvability,1.8749999999999998,1.695988960180856
model_agnostic_replication_behavior-4cbad93157baede0-m1,solvability,1.0,2.0436403572853052
model_agnostic_replication_behavior-4cc6e7164db99b0d-m0,foraging,0.37499999999999994,-0.2466528142375929
model_agnostic_replication_behavior-4cc6e7164db99b0d-m1,foraging,-1.375,-0.5940700872212058
model_agnostic_replication_behavior-4ccd56a8da1c763f-m0,bandit,-5.0,-4.112464727874706
model_agnostic_replication_behavior-4ccd56a8da1c763f-m1,bandit,-2.375,-2.614344247329792
model_agnostic_replication_behavior-4d389fdb50712472-m0,bandit,-1.25,-1.284063603144847
model_agnostic_replication_behavior-4d389fdb50712472-m1,bandit,-0.12500000000000006,0.21405687740006707
model_agnostic_replication_behavior-4df164ea7824161f-m0,waiting,-0.8750000000000002,-0.7185606760240774
model_agnostic_replication_behavior-4df164ea7824161f-m1,waiting,0.7500000000000002,0.16524774587376012
model_agnostic_replication_behavior-4e091662b3ecfce4-m0,effort,2.375,1.038295008191858
model_agnostic_replication_behavior-4e091662b3ecfce4-m1,effort,1.125,1.710326570585563
model_agnostic_replication_behavior-4e882a59836b6e2a-m0,solvability,-0.8750000000000002,-0.504715554631735
model_agnostic_replication_behavior-4e882a59836b6e2a-m1,solvability,-0.37499999999999994,-0.15706415752728609
model_agnostic_replication_behavior-4ed999c6211875b1-m0,debugging,0.0,-0.8211849303572043
model_agnostic_replication_behavior-4ed999c6211875b1-m1,debugging,-0.12500000000000006,-0.5890762776155072
model_agnostic_replication_behavior-4eef65831fb8a9a2-m0,waiting,-1.875,-1.971762864806398
model_agnostic_replication_behavior-4eef65831fb8a9a2-m1,waiting,-1.125,-1.0879544429085606
model_agnostic_replication_behavior-4ef704fc6226cf0e-m0,effort,-0.37499999999999994,-1.1531971877434035
model_agnostic_replication_behavior-4ef704fc6226cf0e-m1,effort,-0.12500000000000006,-0.4811656253496982
model_agnostic_replication_behavior-4f0fd88970b12988-m0,effort,0.8750000000000001,1.0895068543855937
model_agnostic_replication_behavior-4f0fd88970b12988-m1,effort,0.7500000000000002,1.761538416779299
model_agnostic_replication_behavior-4f43ba3e37d5cfe6-m0,solvability,0.8750000000000001,0.4926792557158316
model_agnostic_replication_behavior-4f43ba3e37d5cfe6-m1,solvability,2.0,0.8403306528202805
model_agnostic_replication_behavior-4f627e1686710571-m0,effort,2.375,0.5299499459713026
model_agnostic_replication_behavior-4f627e1686710571-m1,effort,1.75,1.2019815083650076
model_agnostic_replication_behavior-4f6a3e04f93c00c5-m0,waiting,1.5000000000000002,0.28444654356875265
model_agnostic_replication_behavior-4f6a3e04f93c00c5-m1,waiting,1.3750000000000002,1.16825496546659
model_agnostic_replication_behavior-4f905fd9204b7b49-m0,bandit,0.5,-0.8849578275222323
model_agnostic_replication_behavior-4f905fd9204b7b49-m1,bandit,0.7500000000000002,0.6131626530226817
model_agnostic_replication_behavior-4ffced0392759a83-m0,effort,-0.25,-0.16378934917942647
model_agnostic_replication_behavior-4ffced0392759a83-m1,effort,-0.5,0.5082422132142788
model_agnostic_replication_behavior-509fc0192da2022d-m0,waiting,0.0,-0.034362513711827025
model_agnostic_replication_behavior-509fc0192da2022d-m1,waiting,1.25,0.8494459081860103
model_agnostic_replication_behavior-50e234967447e8a7-m0,effort,-0.6249999999999999,-1.2719830691226082
model_agnostic_replication_behavior-50e234967447e8a7-m1,effort,-0.25,-0.599951506728903
model_agnostic_replication_behavior-50e43c8d119440a9-m0,waiting,-0.7500000000000001,-0.6595490884496938
model_agnostic_replication_behavior-50e43c8d119440a9-m1,waiting,-0.37499999999999994,0.22425933344814375
model_agnostic_replication_behavior-51620b8355d53665-m0,bandit,-1.125,-1.1916169117297852
model_agnostic_replication_behavior-51620b8355d53665-m1,bandit,-0.8750000000000002,0.306503568815129
model_agnostic_replication_behavior-51b6d4b4b1319432-m0,solvability,-0.7500000000000001,-0.31293443504433593
model_agnostic_replication_behavior-51b6d4b4b1319432-m1,solvability,-1.5,0.03471696206011288
model_agnostic_replication_behavior-51f61c105fb3584d-m0,foraging,-1.7499999999999998,-1.2531900923878414
model_agnostic_replication_behavior-51f61c105fb3584d-m1,foraging,-1.625,-1.600607365371454
model_agnostic_replication_behavior-5221b4e7ed9fd987-m0,effort,-1.0000000000000002,-1.2089945340237374
model_agnostic_replication_behavior-5221b4e7ed9fd987-m1,effort,-0.5,-0.5369629716300324
model_agnostic_replication_behavior-522537fcd588bc98-m0,information_sampling,-0.7500000000000001,-0.752359717346827
model_agnostic_replication_behavior-522537fcd588bc98-m1,information_sampling,-0.7500000000000001,-0.842724849167998
model_agnostic_replication_behavior-523c4ef283595988-m0,information_sampling,-1.0000000000000002,-0.8600490893474821
model_agnostic_replication_behavior-523c4ef283595988-m1,information_sampling,-0.8750000000000002,-0.950414221168653
model_agnostic_replication_behavior-525787ad169b4b4f-m0,debugging,-3.125,-1.353429695662625
model_agnostic_replication_behavior-525787ad169b4b4f-m1,debugging,-2.0,-1.1213210429209282
model_agnostic_replication_behavior-526d048d618540ab-m0,solvability,0.8750000000000001,0.3091468027672669
model_agnostic_replication_behavior-526d048d618540ab-m1,solvability,0.7500000000000002,0.656798199871716
model_agnostic_replication_behavior-529abcc99037b0c5-m0,bandit,0.5,0.17601357125701256
model_agnostic_replication_behavior-529abcc99037b0c5-m1,bandit,1.75,1.6741340518019268
model_agnostic_replication_behavior-52a114999f345020-m0,bandit,-3.625,-2.6928375126397546
model_agnostic_replication_behavior-52a114999f345020-m1,bandit,-1.7499999999999998,-1.1947170320948404
model_agnostic_replication_behavior-52c8688663bff0ad-m0,debugging,-1.125,-1.5707929384068025
model_agnostic_replication_behavior-52c8688663bff0ad-m1,debugging,-1.25,-1.3386842856651051
model_agnostic_replication_behavior-52f00f8c236224e0-m0,debugging,-0.6249999999999999,-0.785415828790773
model_agnostic_replication_behavior-52f00f8c236224e0-m1,debugging,-1.875,-0.5533071760490759
model_agnostic_replication_behavior-531112c61f78fe8d-m0,foraging,-1.0000000000000002,-1.8422397372568113
model_agnostic_replication_behavior-531112c61f78fe8d-m1,foraging,-2.875,-2.189657010240424
model_agnostic_replication_behavior-532ccb12f35d6253-m0,information_sampling,0.0,-0.3724665855382422
model_agnostic_replication_behavior-532ccb12f35d6253-m1,information_sampling,-0.6249999999999999,-0.46283171735941325
model_agnostic_replication_behavior-5362105bbcbe0b90-m0,foraging,-0.25,-1.089593779176607
model_agnostic_replication_behavior-5362105bbcbe0b90-m1,foraging,-3.0,-1.4370110521602197
model_agnostic_replication_behavior-5393a1c349454d35-m0,debugging,-1.0000000000000002,-1.1801126460695555
model_agnostic_replication_behavior-5393a1c349454d35-m1,debugging,-1.25,-0.9480039933278586
model_agnostic_replication_behavior-53c7fd6e11f67252-m0,solvability,1.25,0.49423356929108025
model_agnostic_replication_behavior-53c7fd6e11f67252-m1,solvability,1.75,0.8418849663955291
model_agnostic_replication_behavior-53cccb4c2339b1d4-m0,information_sampling,-0.25,-0.17126032016205406
model_agnostic_replication_behavior-53cccb4c2339b1d4-m1,information_sampling,-0.37499999999999994,-0.2616254519832251
model_agnostic_replication_behavior-544ea603a750e186-m0,bandit,-2.625,-1.6325854336882375
model_agnostic_replication_behavior-544ea603a750e186-m1,bandit,-1.125,-0.13446495314332366
model_agnostic_replication_behavior-5454fa682cb71c20-m0,waiting,-1.0000000000000002,-1.4402407578669605
model_agnostic_replication_behavior-5454fa682cb71c20-m1,waiting,-1.125,-0.5564323359691232
model_agnostic_replication_behavior-54e2895ef72fc300-m0,effort,-5.25,-3.1680739983426216
model_agnostic_replication_behavior-54e2895ef72fc300-m1,effort,-3.75,-2.4960424359489166
model_agnostic_replication_behavior-552da6de29b9cec7-m0,waiting,-1.7499999999999998,-1.6365282390609512
model_agnostic_replication_behavior-552da6de29b9cec7-m1,waiting,0.125,-0.7527198171631139
model_agnostic_replication_behavior-5534a49a0bfd2a49-m0,effort,-2.25,-1.2485278967709679
model_agnostic_replication_behavior-5534a49a0bfd2a49-m1,effort,-0.7500000000000001,-0.5764963343772628
model_agnostic_replication_behavior-55a3f6925a08c7dc-m0,effort,0.5,-0.38797689067621943
model_agnostic_replication_behavior-55a3f6925a08c7dc-m1,effort,0.37499999999999994,0.2840546717174857
model_agnostic_replication_behavior-55d4d622e6a5f777-m0,information_sampling,-0.6249999999999999,-0.34572040332878506
model_agnostic_replication_behavior-55d4d622e6a5f777-m1,information_sampling,-0.25,-0.43608553514995607
model_agnostic_replication_behavior-55dde14d27c256b9-m0,bandit,-1.0000000000000002,-1.7850198908757624
model_agnostic_replication_behavior-55dde14d27c256b9-m1,bandit,-1.7499999999999998,-0.2868994103308483
model_agnostic_replication_behavior-55ec41ba10aaa29b-m0,waiting,-1.125,-0.273281366625244
model_agnostic_replication_behavior-55ec41ba10aaa29b-m1,waiting,1.5000000000000002,0.6105270552725934
model_agnostic_replication_behavior-56166a66cf1d3d0b-m0,foraging,-1.875,-1.020027592080487
model_agnostic_replication_behavior-56166a66cf1d3d0b-m1,foraging,-1.7499999999999998,-1.3674448650641
model_agnostic_replication_behavior-561e4bcc970d2512-m0,solvability,2.375,2.680779491849048
model_agnostic_replication_behavior-561e4bcc970d2512-m1,solvability,4.375,3.0284308889534968
model_agnostic_replication_behavior-5626f51e4982a764-m0,foraging,-0.6249999999999999,-0.06322939320607812
model_agnostic_replication_behavior-5626f51e4982a764-m1,foraging,-0.5,-0.41064666618969103
model_agnostic_replication_behavior-5665233533bc698c-m0,foraging,-1.125,-1.0265967852869133
model_agnostic_replication_behavior-5665233533bc698c-m1,foraging,-1.375,-1.374014058270526
model_agnostic_replication_behavior-5673fc97d3eb09d8-m0,information_sampling,0.0,-0.45387063319689935
model_agnostic_replication_behavior-5673fc97d3eb09d8-m1,information_sampling,-0.6249999999999999,-0.5442357650180705
model_agnostic_replication_behavior-56ae6336b1a0322f-m0,solvability,0.8750000000000001,0.17967236431679895
model_agnostic_replication_behavior-56ae6336b1a0322f-m1,solvability,0.8750000000000001,0.5273237614212478
model_agnostic_replication_behavior-5725174159c27cdf-m0,information_sampling,0.0,-0.24640688816769496
model_agnostic_replication_behavior-5725174159c27cdf-m1,information_sampling,-0.37499999999999994,-0.33677201998886597
model_agnostic_replication_behavior-572bc99f9e6a6f14-m0,effort,-4.125,-3.399023718229776
model_agnostic_replication_behavior-572bc99f9e6a6f14-m1,effort,-2.5,-2.7269921558360704
model_agnostic_replication_behavior-573f5b34875115a1-m0,solvability,2.125,1.916157063254462
model_agnostic_replication_behavior-573f5b34875115a1-m1,solvability,2.75,2.263808460358911
model_agnostic_replication_behavior-5752dd5eb8701349-m0,effort,-1.25,-2.505351996715784
model_agnostic_replication_behavior-5752dd5eb8701349-m1,effort,-1.25,-1.8333204343220788
model_agnostic_replication_behavior-5758f6e5429daad8-m0,bandit,-2.0,-1.882936338651458
model_agnostic_replication_behavior-5758f6e5429daad8-m1,bandit,0.125,-0.3848158581065441
model_agnostic_replication_behavior-57851d72e088e3d0-m0,effort,0.7500000000000002,-0.22682532189506316
model_agnostic_replication_behavior-57851d72e088e3d0-m1,effort,0.37499999999999994,0.445206240498642
model_agnostic_replication_behavior-57891464a4d40415-m0,debugging,-0.7500000000000001,-1.237917823431491
model_agnostic_replication_behavior-57891464a4d40415-m1,debugging,-2.75,-1.005809170689794
model_agnostic_replication_behavior-578fb89988e5862f-m0,debugging,-0.8750000000000002,-0.43105385961217546
model_agnostic_replication_behavior-578fb89988e5862f-m1,debugging,-2.25,-0.19894520687047823
model_agnostic_replication_behavior-5790c57e72b6df0b-m0,waiting,-0.7500000000000001,-0.7259472588550724
model_agnostic_replication_behavior-5790c57e72b6df0b-m1,waiting,0.37499999999999994,0.15786116304276498
model_agnostic_replication_behavior-581192d82e188dee-m0,debugging,0.5,0.7251507732158977
model_agnostic_replication_behavior-581192d82e188dee-m1,debugging,0.7500000000000002,0.9572594259575951
model_agnostic_replication_behavior-58401eaf774a31f3-m0,effort,1.25,0.4752793004246667
model_agnostic_replication_behavior-58401eaf774a31f3-m1,effort,0.0,1.147310862818372
model_agnostic_replication_behavior-5878cabd96cf26d6-m0,information_sampling,-1.875,-1.0416619369321094
model_agnostic_replication_behavior-5878cabd96cf26d6-m1,information_sampling,-0.8750000000000002,-1.13202706875328
model_agnostic_replication_behavior-58c6daab1c11174e-m0,foraging,-1.0000000000000002,-1.0392759982249131
model_agnostic_replication_behavior-58c6daab1c11174e-m1,foraging,-2.375,-1.386693271208526
model_agnostic_replication_behavior-58d8026566606166-m0,waiting,1.625,1.1807709061086589
model_agnostic_replication_behavior-58d8026566606166-m1,waiting,1.8749999999999998,2.0645793280064964
model_agnostic_replication_behavior-58fbd6f086765ff8-m0,debugging,-3.0,-2.6493488437597525
model_agnostic_replication_behavior-58fbd6f086765ff8-m1,debugging,-1.7499999999999998,-2.4172401910180557
model_agnostic_replication_behavior-592e9140ff981b73-m0,waiting,0.0,-0.23462068899902344
model_agnostic_replication_behavior-592e9140ff981b73-m1,waiting,0.5,0.649187732898814
model_agnostic_replication_behavior-596f7e9576156026-m0,effort,-0.8750000000000002,-1.4650544960068062
model_agnostic_replication_behavior-596f7e9576156026-m1,effort,-1.0000000000000002,-0.7930229336131009
model_agnostic_replication_behavior-599a19dbc03d60a7-m0,bandit,-3.375,-3.1375931198024327
model_agnostic_replication_behavior-599a19dbc03d60a7-m1,bandit,-1.375,-1.639472639257519
model_agnostic_replication_behavior-59ad83ddf97e0143-m0,bandit,-2.375,-2.136987913011452
model_agnostic_replication_behavior-59ad83ddf97e0143-m1,bandit,-1.375,-0.6388674324665383
model_agnostic_replication_behavior-59bcff70b9e24a74-m0,bandit,-2.75,-2.984525758594633
model_agnostic_replication_behavior-59bcff70b9e24a74-m1,bandit,-2.75,-1.4864052780497188
model_agnostic_replication_behavior-59e08ff161cd25a6-m0,bandit,-5.625,-4.0371276976337676
model_agnostic_replication_behavior-59e08ff161cd25a6-m1,bandit,-3.0,-2.539007217088854
model_agnostic_replication_behavior-59f06017e63ffe50-m0,effort,-0.12500000000000006,-0.15183860468577526
model_agnostic_replication_behavior-59f06017e63ffe50-m1,effort,-0.12500000000000006,0.5201929577079297
model_agnostic_replication_behavior-59fb9259f8bbca66-m0,effort,-1.5,-1.6695532623112959
model_agnostic_replication_behavior-59fb9259f8bbca66-m1,effort,-1.375,-0.9975216999175909
model_agnostic_replication_behavior-5a1d1cb1b8d78270-m0,bandit,0.0,-0.6346069225590117
model_agnostic_replication_behavior-5a1d1cb1b8d78270-m1,bandit,1.125,0.8635135579859022
model_agnostic_replication_behavior-5a3b0b7aab65e085-m0,foraging,-0.12500000000000006,-0.4316284545134393
model_agnostic_replication_behavior-5a3b0b7aab65e085-m1,foraging,0.0,-0.7790457274970523
model_agnostic_replication_behavior-5a3c3f6d0d3ad32e-m0,solvability,1.25,1.331373058244456
model_agnostic_replication_behavior-5a3c3f6d0d3ad32e-m1,solvability,1.125,1.6790244553489049
model_agnostic_replication_behavior-5a3dd96da89ab6b5-m0,bandit,-4.5,-3.642169436476868
model_agnostic_replication_behavior-5a3dd96da89ab6b5-m1,bandit,-2.0,-2.1440489559319538
model_agnostic_replication_behavior-5a62589b143e1e6b-m0,foraging,0.8750000000000001,0.3238678042212284
model_agnostic_replication_behavior-5a62589b143e1e6b-m1,foraging,-0.37499999999999994,-0.023549468762384618
model_agnostic_replication_behavior-5a701d7b3d8f25e7-m0,information_sampling,-0.5,-0.4511298570309843
model_agnostic_replication_behavior-5a701d7b3d8f25e7-m1,information_sampling,-0.5,-0.5414949888521554
model_agnostic_replication_behavior-5aa4ed07227965f1-m0,effort,-1.875,-1.535412593262599
model_agnostic_replication_behavior-5aa4ed07227965f1-m1,effort,-2.0,-0.8633810308688941
model_agnostic_replication_behavior-5ab9a5e47f89bb17-m0,foraging,0.37499999999999994,0.45189439732430947
model_agnostic_replication_behavior-5ab9a5e47f89bb17-m1,foraging,0.24999999999999992,0.10447712434069656
model_agnostic_replication_behavior-5ac4a33618114d61-m0,debugging,-1.125,-1.0431890948004918
model_agnostic_replication_behavior-5ac4a33618114d61-m1,debugging,-0.5,-0.8110804420587945
model_agnostic_replication_behavior-5b26e9ef4c4c7858-m0,effort,-3.375,-2.7450915107008966
model_agnostic_replication_behavior-5b26e9ef4c4c7858-m1,effort,-2.125,-2.0730599483071916
model_agnostic_replication_behavior-5b6a4a0c617f15cb-m0,foraging,-2.25,-1.7547254232937808
model_agnostic_replication_behavior-5b6a4a0c617f15cb-m1,foraging,-1.7499999999999998,-2.1021426962773933
model_agnostic_replication_behavior-5b831714becd5fb3-m0,information_sampling,-0.5,-0.23937459578699138
model_agnostic_replication_behavior-5b831714becd5fb3-m1,information_sampling,-0.5,-0.3297397276081624
model_agnostic_replication_behavior-5b92fe60d8cdee6e-m0,solvability,-1.625,-1.3000659280896278
model_agnostic_replication_behavior-5b92fe60d8cdee6e-m1,solvability,-0.8750000000000002,-0.9524145309851788
model_agnostic_replication_behavior-5bd991ed2f424c0f-m0,bandit,-1.0000000000000002,-1.9259265776726684
model_agnostic_replication_behavior-5bd991ed2f424c0f-m1,bandit,0.0,-0.42780609712775447
model_agnostic_replication_behavior-5c04c6e103c60551-m0,effort,-0.8750000000000002,-0.41270717160474824
model_agnostic_replication_behavior-5c04c6e103c60551-m1,effort,0.0,0.25932439078895686
model_agnostic_replication_behavior-5c57cdc846e8fbc4-m0,effort,-0.25,0.02137559139682299
model_agnostic_replication_behavior-5c57cdc846e8fbc4-m1,effort,-0.12500000000000006,0.693407153790528
model_agnostic_replication_behavior-5c67701dc8178d46-m0,waiting,-1.125,-0.42886385799033994
model_agnostic_replication_behavior-5c67701dc8178d46-m1,waiting,0.625,0.4549445639074975
model_agnostic_replication_behavior-5cadcf5d320db151-m0,effort,-0.5,-1.0735384333241307
model_agnostic_replication_behavior-5cadcf5d320db151-m1,effort,-0.12500000000000006,-0.4015068709304256
model_agnostic_replication_behavior-5cf4e3a862d5fbe3-m0,waiting,-0.8750000000000002,-0.5741635957152371
model_agnostic_replication_behavior-5cf4e3a862d5fbe3-m1,waiting,1.25,0.30964482618260036
model_agnostic_replication_behavior-5d2d175d608c0315-m0,bandit,-5.125,-3.6417379975909303
model_agnostic_replication_behavior-5d2d175d608c0315-m1,bandit,-2.25,-2.143617517046016
model_agnostic_replication_behavior-5d7ed85be537a981-m0,information_sampling,0.37499999999999994,0.15391809847700522
model_agnostic_replication_behavior-5d7ed85be537a981-m1,information_sampling,-0.5,0.0635529666558341
model_agnostic_replication_behavior-5d7f871382944780-m0,solvability,2.125,1.554171616911268
model_agnostic_replication_behavior-5d7f871382944780-m1,solvability,1.75,1.901823014015717
model_agnostic_replication_behavior-5dc18e2e9cdc73f3-m0,bandit,-1.7499999999999998,-1.87940685498195
model_agnostic_replication_behavior-5dc18e2e9cdc73f3-m1,bandit,-0.5,-0.38128637443703595
model_agnostic_replication_behavior-5dc26b78f9ddaaaa-m0,bandit,-1.625,-1.94637029601622
model_agnostic_replication_behavior-5dc26b78f9ddaaaa-m1,bandit,-1.0000000000000002,-0.44824981547130593
model_agnostic_replication_behavior-5e203daf0a1b254b-m0,solvability,1.8749999999999998,1.9050232680752794
model_agnostic_replication_behavior-5e203daf0a1b254b-m1,solvability,2.625,2.252674665179728
model_agnostic_replication_behavior-5e387e966bb45636-m0,waiting,-1.125,-1.2067367532840985
model_agnostic_replication_behavior-5e387e966bb45636-m1,waiting,-0.5,-0.3229283313862612
model_agnostic_replication_behavior-5e7080e026c16251-m0,waiting,-1.125,-1.2497510644909955
model_agnostic_replication_behavior-5e7080e026c16251-m1,waiting,-0.6249999999999999,-0.3659426425931583
model_agnostic_replication_behavior-5e902921682207f7-m0,effort,-0.25,-0.505647738427093
model_agnostic_replication_behavior-5e902921682207f7-m1,effort,0.37499999999999994,0.16638382396661194
model_agnostic_replication_behavior-5e947401a0fff6ac-m0,effort,0.0,-1.2389894933519483
model_agnostic_replication_behavior-5e947401a0fff6ac-m1,effort,-1.0000000000000002,-0.5669579309582435
model_agnostic_replication_behavior-5ec406c92ca5c045-m0,effort,0.24999999999999992,0.22666452520874408
model_agnostic_replication_behavior-5ec406c92ca5c045-m1,effort,0.24999999999999992,0.8986960876024493
model_agnostic_replication_behavior-5ecd6d7f5851d726-m0,effort,-4.125,-2.6116397294593807
model_agnostic_replication_behavior-5ecd6d7f5851d726-m1,effort,-2.25,-1.9396081670656757
model_agnostic_replication_behavior-5ee12bc856f177c9-m0,foraging,-0.12500000000000006,-0.6500469527280036
model_agnostic_replication_behavior-5ee12bc856f177c9-m1,foraging,-0.7500000000000001,-0.9974642257116166
model_agnostic_replication_behavior-5f50067ffc620625-m0,information_sampling,-0.6249999999999999,-0.6067226288544798
model_agnostic_replication_behavior-5f50067ffc620625-m1,information_sampling,-0.8750000000000002,-0.6970877606756509
model_agnostic_replication_behavior-5f86a4ca3f52f34a-m0,information_sampling,0.0,-0.08107493962124268
model_agnostic_replication_behavior-5f86a4ca3f52f34a-m1,information_sampling,-0.37499999999999994,-0.17144007144241336
model_agnostic_replication_behavior-5f883cd2252175ee-m0,waiting,2.125,0.5432068536848262
model_agnostic_replication_behavior-5f883cd2252175ee-m1,waiting,1.625,1.4270152755826635
model_agnostic_replication_behavior-5fadc4c19efb4006-m0,effort,-4.625,-2.7976487188176495
model_agnostic_replication_behavior-5fadc4c19efb4006-m1,effort,-1.625,-2.125617156423944
model_agnostic_replication_behavior-5fbfa38b7cbda6d3-m0,foraging,-0.5,-0.6330312341440834
model_agnostic_replication_behavior-5fbfa38b7cbda6d3-m1,foraging,-0.5,-0.9804485071276963
model_agnostic_replication_behavior-5fe46460c07cb043-m0,foraging,-1.125,-1.0758398415258985
model_agnostic_replication_behavior-5fe46460c07cb043-m1,foraging,-0.8750000000000002,-1.4232571145095116
model_agnostic_replication_behavior-600e7a249b36d3e8-m0,information_sampling,-0.7500000000000001,-0.762025658991013
model_agnostic_replication_behavior-600e7a249b36d3e8-m1,information_sampling,-0.7500000000000001,-0.8523907908121844
model_agnostic_replication_behavior-601be9f746c020cb-m0,information_sampling,0.0,-0.18745375972776035
model_agnostic_replication_behavior-601be9f746c020cb-m1,information_sampling,-0.5,-0.27781889154893147
model_agnostic_replication_behavior-601e36bc8bfe9339-m0,information_sampling,0.125,-0.29405629639179215
model_agnostic_replication_behavior-601e36bc8bfe9339-m1,information_sampling,-0.37499999999999994,-0.384421428212963
model_agnostic_replication_behavior-6043cd20517c2ec9-m0,foraging,0.8750000000000001,-0.7655780571809667
model_agnostic_replication_behavior-6043cd20517c2ec9-m1,foraging,-0.8750000000000002,-1.1129953301645799
model_agnostic_replication_behavior-60659f01d55f9143-m0,solvability,-0.6249999999999999,-1.060904014133443
model_agnostic_replication_behavior-60659f01d55f9143-m1,solvability,-0.37499999999999994,-0.7132526170289941
model_agnostic_replication_behavior-607f31ffadb918f0-m0,bandit,-1.25,-1.0768828131883148
model_agnostic_replication_behavior-607f31ffadb918f0-m1,bandit,-0.8750000000000002,0.4212376673565993
model_agnostic_replication_behavior-6092c4d532df81de-m0,effort,-0.12500000000000006,-0.9812763313793536
model_agnostic_replication_behavior-6092c4d532df81de-m1,effort,-0.25,-0.3092447689856485
model_agnostic_replication_behavior-60d5ea62c3b4b9f4-m0,bandit,-0.5,-0.5594564842283423
model_agnostic_replication_behavior-60d5ea62c3b4b9f4-m1,bandit,-0.37499999999999994,0.9386639963165719
model_agnostic_replication_behavior-60f375b587cbc923-m0,waiting,-2.375,-1.687260851571363
model_agnostic_replication_behavior-60f375b587cbc923-m1,waiting,-0.12500000000000006,-0.8034524296735255
model_agnostic_replication_behavior-6101077c5854b4c6-m0,waiting,1.625,0.581912883920956
model_agnostic_replication_behavior-6101077c5854b4c6-m1,waiting,1.8749999999999998,1.4657213058187932
model_agnostic_replication_behavior-6106e25d27e35a5f-m0,information_sampling,0.24999999999999992,-0.15370240413879555
model_agnostic_replication_behavior-6106e25d27e35a5f-m1,information_sampling,-0.6249999999999999,-0.24406753595996655
model_agnostic_replication_behavior-610b89fca2df76a2-m0,waiting,0.7500000000000002,0.4384535484550023
model_agnostic_replication_behavior-610b89fca2df76a2-m1,waiting,2.25,1.3222619703528398
model_agnostic_replication_behavior-6113f91ac737dddc-m0,information_sampling,-0.5,-0.3549547855925594
model_agnostic_replication_behavior-6113f91ac737dddc-m1,information_sampling,-0.6249999999999999,-0.4453199174137304
model_agnostic_replication_behavior-612146e7111a9040-m0,debugging,-1.875,-2.313210004097724
model_agnostic_replication_behavior-612146e7111a9040-m1,debugging,-1.375,-2.081101351356027
model_agnostic_replication_behavior-615c5894bd696b1d-m0,effort,0.24999999999999992,-0.539925043695453
model_agnostic_replication_behavior-615c5894bd696b1d-m1,effort,0.0,0.13210651869825213
model_agnostic_replication_behavior-61bab03b7877e229-m0,foraging,1.0,0.45293283715634947
model_agnostic_replication_behavior-61bab03b7877e229-m1,foraging,-1.125,0.10551556417273655
model_agnostic_replication_behavior-622576f8901553d2-m0,bandit,-0.6249999999999999,-0.7503074961594057
model_agnostic_replication_behavior-622576f8901553d2-m1,bandit,0.125,0.7478129843855086
model_agnostic_replication_behavior-6230a439f569f8db-m0,debugging,-0.12500000000000006,-0.12288418979760873
model_agnostic_replication_behavior-6230a439f569f8db-m1,debugging,-0.6249999999999999,0.10922446294408816
model_agnostic_replication_behavior-6233c09337b6442f-m0,foraging,-1.0000000000000002,-1.3856951974750764
model_agnostic_replication_behavior-6233c09337b6442f-m1,foraging,-2.0,-1.7331124704586889
model_agnostic_replication_behavior-62376fe3aa0921db-m0,debugging,-1.875,-1.096183989455198
model_agnostic_replication_behavior-62376fe3aa0921db-m1,debugging,-2.5,-0.864075336713501
model_agnostic_replication_behavior-62397028b568bcca-m0,solvability,0.7500000000000002,0.29557972217450856
model_agnostic_replication_behavior-62397028b568bcca-m1,solvability,0.7500000000000002,0.6432311192789577
model_agnostic_replication_behavior-623f7b5c5ad391f2-m0,waiting,-0.12500000000000006,-0.13285498040960908
model_agnostic_replication_behavior-623f7b5c5ad391f2-m1,waiting,0.24999999999999992,0.7509534414882284
model_agnostic_replication_behavior-629136a9efe1146e-m0,waiting,-0.7500000000000001,-0.6548637363964982
model_agnostic_replication_behavior-629136a9efe1146e-m1,waiting,0.125,0.22894468550133928
model_agnostic_replication_behavior-6324fb4c5137a3d7-m0,effort,0.24999999999999992,0.013369369974798928
model_agnostic_replication_behavior-6324fb4c5137a3d7-m1,effort,0.37499999999999994,0.6854009323685042
model_agnostic_replication_behavior-633803ec801a8361-m0,effort,-2.125,-2.0250100505928255
model_agnostic_replication_behavior-633803ec801a8361-m1,effort,-0.8750000000000002,-1.3529784881991205
model_agnostic_replication_behavior-6368b11428cbab5a-m0,solvability,-3.625,-2.618542601988036
model_agnostic_replication_behavior-6368b11428cbab5a-m1,solvability,-1.375,-2.270891204883587
model_agnostic_replication_behavior-638ddc873eda256d-m0,bandit,-3.25,-2.7688074469009685
model_agnostic_replication_behavior-638ddc873eda256d-m1,bandit,-1.7499999999999998,-1.2706869663560547
model_agnostic_replication_behavior-639c04c6902fca5b-m0,information_sampling,-0.7500000000000001,-0.5870087390257259
model_agnostic_replication_behavior-639c04c6902fca5b-m1,information_sampling,-0.7500000000000001,-0.6773738708468969
model_agnostic_replication_behavior-639de2d52f328eb7-m0,solvability,-2.75,-1.9244094285982631
model_agnostic_replication_behavior-639de2d52f328eb7-m1,solvability,-0.8750000000000002,-1.5767580314938139
model_agnostic_replication_behavior-63df0b182805f065-m0,information_sampling,-0.6249999999999999,-0.48075891041502944
model_agnostic_replication_behavior-63df0b182805f065-m1,information_sampling,-0.6249999999999999,-0.5711240422362005
model_agnostic_replication_behavior-63e18f66a844a52d-m0,effort,-1.25,-1.0255289286932623
model_agnostic_replication_behavior-63e18f66a844a52d-m1,effort,-0.7500000000000001,-0.3534973662995571
model_agnostic_replication_behavior-63f036aa6f1d6831-m0,effort,-0.8750000000000002,-1.317464801224113
model_agnostic_replication_behavior-63f036aa6f1d6831-m1,effort,-0.7500000000000001,-0.645433238830408
model_agnostic_replication_behavior-6405d99c270c2755-m0,bandit,-3.5,-2.9625792450801507
model_agnostic_replication_behavior-6405d99c270c2755-m1,bandit,-2.25,-1.464458764535237
model_agnostic_replication_behavior-64212767e757765c-m0,debugging,-1.375,-1.334247750618621
model_agnostic_replication_behavior-64212767e757765c-m1,debugging,-1.25,-1.1021390978769239
model_agnostic_replication_behavior-643f42843117f083-m0,bandit,-2.0,-1.7822066033037387
model_agnostic_replication_behavior-643f42843117f083-m1,bandit,-0.5,-0.2840861227588246
model_agnostic_replication_behavior-64aa2192710e7d42-m0,solvability,1.5000000000000002,0.8227221718120676
model_agnostic_replication_behavior-64aa2192710e7d42-m1,solvability,1.625,1.1703735689165164
model_agnostic_replication_behavior-64fce967120fa695-m0,solvability,-1.25,-1.1601177298286316
model_agnostic_replication_behavior-64fce967120fa695-m1,solvability,-0.6249999999999999,-0.8124663327241828
model_agnostic_replication_behavior-65162e39c38e5db8-m0,effort,-0.8750000000000002,-1.0491411298089046
model_agnostic_replication_behavior-65162e39c38e5db8-m1,effort,-0.12500000000000006,-0.3771095674151995
model_agnostic_replication_behavior-656095579b43eb28-m0,information_sampling,0.125,-0.053595509405720776
model_agnostic_replication_behavior-656095579b43eb28-m1,information_sampling,-0.6249999999999999,-0.14396064122689167
model_agnostic_replication_behavior-656a809a3dbcd6bd-m0,effort,-5.25,-3.8810266154929893
model_agnostic_replication_behavior-656a809a3dbcd6bd-m1,effort,-2.875,-3.208995053099284
model_agnostic_replication_behavior-65958bdac7f6c8a3-m0,solvability,-1.25,-0.4005848988684213
model_agnostic_replication_behavior-65958bdac7f6c8a3-m1,solvability,0.125,-0.05293350176397249
model_agnostic_replication_behavior-65f11026cc892904-m0,solvability,0.8750000000000001,0.45101021909997063
model_agnostic_replication_behavior-65f11026cc892904-m1,solvability,0.8750000000000001,0.7986616162044196
model_agnostic_replication_behavior-65fab96187d772ae-m0,information_sampling,-1.375,-0.9334807303506552
model_agnostic_replication_behavior-65fab96187d772ae-m1,information_sampling,-1.125,-1.0238458621718265
model_agnostic_replication_behavior-6618e4557e8cc921-m0,waiting,-0.25,-0.6211939536252484
model_agnostic_replication_behavior-6618e4557e8cc921-m1,waiting,-0.37499999999999994,0.26261446827258905
model_agnostic_replication_behavior-668b650574d3ac22-m0,foraging,-0.6249999999999999,-0.8102941969325086
model_agnostic_replication_behavior-668b650574d3ac22-m1,foraging,-2.0,-1.1577114699161215
model_agnostic_replication_behavior-669bcbf6893e526f-m0,effort,-0.7500000000000001,-0.37967227987337526
model_agnostic_replication_behavior-669bcbf6893e526f-m1,effort,-0.6249999999999999,0.2923592825203297
model_agnostic_replication_behavior-66c640a6c48d9703-m0,waiting,-1.625,-0.7204010782830208
model_agnostic_replication_behavior-66c640a6c48d9703-m1,waiting,0.625,0.16340734361481646
model_agnostic_replication_behavior-66e1bc980339f284-m0,waiting,-0.8750000000000002,-0.22880959264687453
model_agnostic_replication_behavior-66e1bc980339f284-m1,waiting,0.7500000000000002,0.6549988292509625
model_agnostic_replication_behavior-66f3d132267e77a9-m0,solvability,0.24999999999999992,0.26208287835230176
model_agnostic_replication_behavior-66f3d132267e77a9-m1,solvability,0.37499999999999994,0.6097342754567506
model_agnostic_replication_behavior-67008621f5409878-m0,waiting,-1.125,-1.1015551559568943
model_agnostic_replication_behavior-67008621f5409878-m1,waiting,-0.12500000000000006,-0.21774673405905687
model_agnostic_replication_behavior-67095842611af360-m0,waiting,1.625,1.2194769363447886
model_agnostic_replication_behavior-67095842611af360-m1,waiting,1.3750000000000002,2.1032853582426263
model_agnostic_replication_behavior-6730abb08d10a71a-m0,foraging,0.24999999999999992,0.3808696818828108
model_agnostic_replication_behavior-6730abb08d10a71a-m1,foraging,0.0,0.033452408899198205
model_agnostic_replication_behavior-67ab4dc5f29d1a3e-m0,bandit,-2.0,-2.6598907142568495
model_agnostic_replication_behavior-67ab4dc5f29d1a3e-m1,bandit,-0.8750000000000002,-1.1617702337119358
model_agnostic_replication_behavior-67c15091b8b02790-m0,information_sampling,-0.7500000000000001,-0.6216729233121765
model_agnostic_replication_behavior-67c15091b8b02790-m1,information_sampling,-0.7500000000000001,-0.7120380551333474
model_agnostic_replication_behavior-67f1f43fd372a5e6-m0,debugging,-0.25,-0.26688316745969043
model_agnostic_replication_behavior-67f1f43fd372a5e6-m1,debugging,0.625,-0.03477451471799342
model_agnostic_replication_behavior-681f45967e5099d4-m0,information_sampling,0.0,-0.36558753613754713
model_agnostic_replication_behavior-681f45967e5099d4-m1,information_sampling,-0.5,-0.45595266795871814
model_agnostic_replication_behavior-6835cdf4e8e9ee72-m0,waiting,-0.8750000000000002,-1.1372282369427056
model_agnostic_replication_behavior-6835cdf4e8e9ee72-m1,waiting,0.125,-0.25341981504486827
model_agnostic_replication_behavior-68380dc32add63fe-m0,debugging,-1.375,-1.6928374427982251
model_agnostic_replication_behavior-68380dc32add63fe-m1,debugging,-3.125,-1.4607287900565284
model_agnostic_replication_behavior-68a80c858c865a6f-m0,information_sampling,0.0,-0.6226806300065002
model_agnostic_replication_behavior-68a80c858c865a6f-m1,information_sampling,-0.6249999999999999,-0.7130457618276713
model_agnostic_replication_behavior-68ae11c4abe9a4ae-m0,debugging,-1.625,-1.355636714421014
model_agnostic_replication_behavior-68ae11c4abe9a4ae-m1,debugging,-1.25,-1.1235280616793166
model_agnostic_replication_behavior-68e05cead3863265-m0,solvability,0.24999999999999992,-0.5120898940954881
model_agnostic_replication_behavior-68e05cead3863265-m1,solvability,0.37499999999999994,-0.1644384969910393
model_agnostic_replication_behavior-68f3cef6eeb9d4af-m0,information_sampling,-1.25,-1.1095938750877399
model_agnostic_replication_behavior-68f3cef6eeb9d4af-m1,information_sampling,-0.7500000000000001,-1.199959006908911
model_agnostic_replication_behavior-690f7412fdbe91e6-m0,waiting,-1.5,-1.1832754973999213
model_agnostic_replication_behavior-690f7412fdbe91e6-m1,waiting,-0.12500000000000006,-0.29946707550208396
model_agnostic_replication_behavior-695669daa810eccd-m0,foraging,0.37499999999999994,-0.1946189316692295
model_agnostic_replication_behavior-695669daa810eccd-m1,foraging,-0.7500000000000001,-0.5420362046528424
model_agnostic_replication_behavior-697a7ee2c95a6893-m0,debugging,-1.25,-1.6433152276574106
model_agnostic_replication_behavior-697a7ee2c95a6893-m1,debugging,-1.7499999999999998,-1.4112065749157137
model_agnostic_replication_behavior-6982fb17e6f789a6-m0,debugging,-0.8750000000000002,-0.8460922596422107
model_agnostic_replication_behavior-6982fb17e6f789a6-m1,debugging,-1.5,-0.6139836069005139
model_agnostic_replication_behavior-699a3744eeb18eea-m0,solvability,0.37499999999999994,0.44918008486533967
model_agnostic_replication_behavior-699a3744eeb18eea-m1,solvability,1.0,0.7968314819697886
model_agnostic_replication_behavior-69c2cbef7ef58b34-m0,foraging,-0.7500000000000001,-1.3315439454039126
model_agnostic_replication_behavior-69c2cbef7ef58b34-m1,foraging,-1.7499999999999998,-1.6789612183875255
model_agnostic_replication_behavior-69cdfdb613f3baee-m0,debugging,-0.5,-0.8558736139072192
model_agnostic_replication_behavior-69cdfdb613f3baee-m1,debugging,-0.37499999999999994,-0.6237649611655224
model_agnostic_replication_behavior-6a2a854c9bad0604-m0,solvability,1.625,1.3011031202812875
model_agnostic_replication_behavior-6a2a854c9bad0604-m1,solvability,2.25,1.6487545173857363
model_agnostic_replication_behavior-6a7dc93c98330b64-m0,waiting,1.0,0.6836785925103703
model_agnostic_replication_behavior-6a7dc93c98330b64-m1,waiting,1.5000000000000002,1.5674870144082076
model_agnostic_replication_behavior-6aa1e4048aaae233-m0,information_sampling,-1.125,-0.9381388037280977
model_agnostic_replication_behavior-6aa1e4048aaae233-m1,information_sampling,-0.5,-1.0285039355492689
model_agnostic_replication_behavior-6ae0e9e21bbadc66-m0,solvability,2.375,2.8756879866592815
model_agnostic_replication_behavior-6ae0e9e21bbadc66-m1,solvability,4.0,3.2233393837637303
model_agnostic_replication_behavior-6af75d8bbbf61838-m0,solvability,2.25,1.7585941669739908
model_agnostic_replication_behavior-6af75d8bbbf61838-m1,solvability,0.7500000000000002,2.1062455640784394
model_agnostic_replication_behavior-6b4297883be6b3be-m0,waiting,-0.5,-0.3255226629220793
model_agnostic_replication_behavior-6b4297883be6b3be-m1,waiting,0.125,0.5582857589757579
model_agnostic_replication_behavior-6b4b41c156dddea1-m0,foraging,-1.625,-1.3801419607782137
model_agnostic_replication_behavior-6b4b41c156dddea1-m1,foraging,-1.7499999999999998,-1.7275592337618266
model_agnostic_replication_behavior-6b66aa88504d8bf5-m0,waiting,-0.6249999999999999,-0.7277876611140157
model_agnostic_replication_behavior-6b66aa88504d8bf5-m1,waiting,-0.25,0.15602076078382165
model_agnostic_replication_behavior-6b7c9af601f7199e-m0,information_sampling,-0.12500000000000006,-0.2282269860681716
model_agnostic_replication_behavior-6b7c9af601f7199e-m1,information_sampling,-0.7500000000000001,-0.3185921178893426
model_agnostic_replication_behavior-6b8a967cb60c76bb-m0,effort,-1.0000000000000002,-1.9744505671026673
model_agnostic_replication_behavior-6b8a967cb60c76bb-m1,effort,-1.25,-1.3024190047089623
model_agnostic_replication_behavior-6bcd450ab65c4467-m0,bandit,-3.375,-2.6934704166600305
model_agnostic_replication_behavior-6bcd450ab65c4467-m1,bandit,-2.5,-1.1953499361151163
model_agnostic_replication_behavior-6d002a6ab68a87ee-m0,effort,0.0,-0.4217509636513166
model_agnostic_replication_behavior-6d002a6ab68a87ee-m1,effort,0.125,0.25028059874238856
model_agnostic_replication_behavior-6d054a3455b4641b-m0,bandit,-0.6249999999999999,-1.0200492285998022
model_agnostic_replication_behavior-6d054a3455b4641b-m1,bandit,-0.25,0.4780712519451121
model_agnostic_replication_behavior-6d4ab805ecfeb044-m0,information_sampling,-0.8750000000000002,-0.716160764041363
model_agnostic_replication_behavior-6d4ab805ecfeb044-m1,information_sampling,-0.6249999999999999,-0.8065258958625339
model_agnostic_replication_behavior-6d69775e991d03a2-m0,foraging,0.7500000000000002,0.5296167608930824
model_agnostic_replication_behavior-6d69775e991d03a2-m1,foraging,-0.5,0.18219948790946938
model_agnostic_replication_behavior-6d6a2bb6b670c069-m0,foraging,2.25,1.622401530020533
model_agnostic_replication_behavior-6d6a2bb6b670c069-m1,foraging,2.125,1.2749842570369203
model_agnostic_replication_behavior-6d7eaf9e7cb4a57a-m0,waiting,-3.125,-2.3749202552313116
model_agnostic_replication_behavior-6d7eaf9e7cb4a57a-m1,waiting,-1.25,-1.4911118333334743
model_agnostic_replication_behavior-6dc5f2c0dc0f6bcb-m0,foraging,-0.25,-0.6422448077984421
model_agnostic_replication_behavior-6dc5f2c0dc0f6bcb-m1,foraging,-0.37499999999999994,-0.9896620807820548
model_agnostic_replication_behavior-6dcdc8d20becda58-m0,bandit,-3.0,-2.4546472820874277
model_agnostic_replication_behavior-6dcdc8d20becda58-m1,bandit,-0.5,-0.9565268015425139
model_agnostic_replication_behavior-6dd51328705067d4-m0,bandit,0.0,-0.7878608756770809
model_agnostic_replication_behavior-6dd51328705067d4-m1,bandit,0.0,0.7102596048678331
model_agnostic_replication_behavior-6deca607ec107625-m0,debugging,0.0,0.12241280299474111
model_agnostic_replication_behavior-6deca607ec107625-m1,debugging,0.7500000000000002,0.35452145573643845
model_agnostic_replication_behavior-6df0b3c85670584b-m0,information_sampling,-0.7500000000000001,-0.7240857509851604
model_agnostic_replication_behavior-6df0b3c85670584b-m1,information_sampling,-0.5,-0.8144508828063313
model_agnostic_replication_behavior-6e3e60f63e2eaf0f-m0,bandit,1.5000000000000002,0.27224422414605687
model_agnostic_replication_behavior-6e3e60f63e2eaf0f-m1,bandit,3.5,1.7703647046909712
model_agnostic_replication_behavior-6e46d5eec1c01df4-m0,information_sampling,-0.5,-0.6539128821073779
model_agnostic_replication_behavior-6e46d5eec1c01df4-m1,information_sampling,-0.5,-0.7442780139285491
model_agnostic_replication_behavior-6e7878cd0f6c37f1-m0,information_sampling,0.24999999999999992,0.12495700018684919
model_agnostic_replication_behavior-6e7878cd0f6c37f1-m1,information_sampling,-0.25,0.03459186836567807
model_agnostic_replication_behavior-6e7eb2b66e2e83fa-m0,bandit,-4.875,-4.045410741566425
model_agnostic_replication_behavior-6e7eb2b66e2e83fa-m1,bandit,-2.125,-2.5472902610215113
model_agnostic_replication_behavior-6e9ada5e6500a6bb-m0,effort,0.0,-1.022919162471527
model_agnostic_replication_behavior-6e9ada5e6500a6bb-m1,effort,0.0,-0.3508876000778218
model_agnostic_replication_behavior-6ed66e9695a6e84f-m0,foraging,1.8749999999999998,0.9520844810423252
model_agnostic_replication_behavior-6ed66e9695a6e84f-m1,foraging,0.125,0.6046672080587123
model_agnostic_replication_behavior-6ef112de7fbbfc90-m0,foraging,1.75,0.5121160130335001
model_agnostic_replication_behavior-6ef112de7fbbfc90-m1,foraging,0.24999999999999992,0.16469874004988727
model_agnostic_replication_behavior-6f01e9f7e043397c-m0,effort,-1.625,-1.5553122784934923
model_agnostic_replication_behavior-6f01e9f7e043397c-m1,effort,-0.12500000000000006,-0.8832807160997872
model_agnostic_replication_behavior-6f179bd00659e78a-m0,information_sampling,-0.8750000000000002,-0.8228293258348435
model_agnostic_replication_behavior-6f179bd00659e78a-m1,information_sampling,-0.8750000000000002,-0.9131944576560147
model_agnostic_replication_behavior-6f2ea93c3ebdf802-m0,waiting,0.625,-0.05471342365999021
model_agnostic_replication_behavior-6f2ea93c3ebdf802-m1,waiting,0.125,0.8290949982378472
model_agnostic_replication_behavior-6f881c536bb24932-m0,debugging,-5.125,-3.4189284234706934
model_agnostic_replication_behavior-6f881c536bb24932-m1,debugging,-3.0,-3.1868197707289956
model_agnostic_replication_behavior-6f927f56a9d7b000-m0,information_sampling,-0.5,-0.5412267194943219
model_agnostic_replication_behavior-6f927f56a9d7b000-m1,information_sampling,-0.6249999999999999,-0.631591851315493
model_agnostic_replication_behavior-6f98f7647ee9f359-m0,solvability,2.625,2.754326395610729
model_agnostic_replication_behavior-6f98f7647ee9f359-m1,solvability,2.625,3.1019777927151777
model_agnostic_replication_behavior-6fef82dba41a32a3-m0,bandit,-2.375,-1.7699626368156358
model_agnostic_replication_behavior-6fef82dba41a32a3-m1,bandit,-0.25,-0.27184215627072156
model_agnostic_replication_behavior-6ff3891b9f53fbe5-m0,solvability,0.24999999999999992,0.4967066104409247
model_agnostic_replication_behavior-6ff3891b9f53fbe5-m1,solvability,1.125,0.8443580075453736
model_agnostic_replication_behavior-703bc4b6bbaefa7b-m0,debugging,-1.5,-1.7195193626548804
model_agnostic_replication_behavior-703bc4b6bbaefa7b-m1,debugging,-2.375,-1.4874107099131835
model_agnostic_replication_behavior-70413389cfe39833-m0,foraging,-2.25,-1.6648620586241416
model_agnostic_replication_behavior-70413389cfe39833-m1,foraging,-2.0,-2.0122793316077545
model_agnostic_replication_behavior-70515f7c0123fdbd-m0,effort,-1.125,-1.145705558211768
model_agnostic_replication_behavior-70515f7c0123fdbd-m1,effort,0.24999999999999992,-0.473673995818063
model_agnostic_replication_behavior-70525641e6968be1-m0,foraging,-0.25,0.14650400194190027
model_agnostic_replication_behavior-70525641e6968be1-m1,foraging,-0.25,-0.20091327104171264
model_agnostic_replication_behavior-70633c2081c44b77-m0,debugging,-5.625,-4.090949218766557
model_agnostic_replication_behavior-70633c2081c44b77-m1,debugging,-3.125,-3.85884056602486
model_agnostic_replication_behavior-708a25e5ba44ab0c-m0,effort,-2.0,-2.296550903953208
model_agnostic_replication_behavior-708a25e5ba44ab0c-m1,effort,-0.5,-1.624519341559503
model_agnostic_replication_behavior-709c0c359a3eec19-m0,information_sampling,-0.7500000000000001,-0.8523293877230668
model_agnostic_replication_behavior-709c0c359a3eec19-m1,information_sampling,-0.7500000000000001,-0.942694519544238
model_agnostic_replication_behavior-70af5584e5dbbaf7-m0,bandit,0.125,-1.0866717760221456
model_agnostic_replication_behavior-70af5584e5dbbaf7-m1,bandit,0.5,0.41144870452276855
model_agnostic_replication_behavior-70d4910bf009b7f9-m0,information_sampling,0.0,-0.45974197590327076
model_agnostic_replication_behavior-70d4910bf009b7f9-m1,information_sampling,-0.7500000000000001,-0.5501071077244418
model_agnostic_replication_behavior-714ec829bf72b976-m0,waiting,-0.8750000000000002,-0.6573413999297363
model_agnostic_replication_behavior-714ec829bf72b976-m1,waiting,0.625,0.22646702196810098
model_agnostic_replication_behavior-71818a7d1ff10a9f-m0,information_sampling,-1.625,-0.9683131713471823
model_agnostic_replication_behavior-71818a7d1ff10a9f-m1,information_sampling,-1.125,-1.0586783031683533
model_agnostic_replication_behavior-7191a05d0261b544-m0,solvability,-2.75,-1.3021684836782488
model_agnostic_replication_behavior-7191a05d0261b544-m1,solvability,-0.37499999999999994,-0.9545170865738
model_agnostic_replication_behavior-719b7374f2225e22-m0,foraging,-0.5,-1.044600506456813
model_agnostic_replication_behavior-719b7374f2225e22-m1,foraging,-1.0000000000000002,-1.3920177794404258
model_agnostic_replication_behavior-71bc468f8b29f4b8-m0,solvability,0.625,0.9650437530792245
model_agnostic_replication_behavior-71bc468f8b29f4b8-m1,solvability,2.5,1.3126951501836734
model_agnostic_replication_behavior-7226fb9c631eb04b-m0,bandit,-4.25,-3.7913591672064313
model_agnostic_replication_behavior-7226fb9c631eb04b-m1,bandit,-1.625,-2.293238686661517
model_agnostic_replication_behavior-72397753399a4614-m0,debugging,0.0,-1.0204711979504633
model_agnostic_replication_behavior-72397753399a4614-m1,debugging,-0.6249999999999999,-0.7883625452087663
model_agnostic_replication_behavior-726fd19082e38d44-m0,debugging,-1.0000000000000002,-1.3877246656959856
model_agnostic_replication_behavior-726fd19082e38d44-m1,debugging,-1.5,-1.1556160129542885
model_agnostic_replication_behavior-72cc88f8be62876a-m0,waiting,-1.625,-1.9374104681509443
model_agnostic_replication_behavior-72cc88f8be62876a-m1,waiting,-1.25,-1.0536020462531073
model_agnostic_replication_behavior-735c214b04f60c3e-m0,foraging,-1.25,-1.2745285163249447
model_agnostic_replication_behavior-735c214b04f60c3e-m1,foraging,-0.7500000000000001,-1.6219457893085578
model_agnostic_replication_behavior-73b3cacec30c4000-m0,information_sampling,0.0,-0.485408320699376
model_agnostic_replication_behavior-73b3cacec30c4000-m1,information_sampling,-0.5,-0.5757734525205469
model_agnostic_replication_behavior-73c35347d8d5a350-m0,effort,-1.0000000000000002,-1.1255635421376322
model_agnostic_replication_behavior-73c35347d8d5a350-m1,effort,-1.875,-0.453531979743927
model_agnostic_replication_behavior-73c59758d674fe12-m0,foraging,-1.375,-1.553397985876585
model_agnostic_replication_behavior-73c59758d674fe12-m1,foraging,-1.7499999999999998,-1.9008152588601979
model_agnostic_replication_behavior-742ec92aac30b4e2-m0,solvability,2.5,2.3219538202350805
model_agnostic_replication_behavior-742ec92aac30b4e2-m1,solvability,1.125,2.6696052173395293
model_agnostic_replication_behavior-74555c28b57ba636-m0,bandit,-2.625,-2.4275157694238594
model_agnostic_replication_behavior-74555c28b57ba636-m1,bandit,-1.25,-0.9293952888789456
model_agnostic_replication_behavior-74645aa8acc90291-m0,solvability,-0.8750000000000002,0.03523917028744705
model_agnostic_replication_behavior-74645aa8acc90291-m1,solvability,0.0,0.38289056739189586
model_agnostic_replication_behavior-74888b6e3e76c540-m0,foraging,1.0,0.4929189962340117
model_agnostic_replication_behavior-74888b6e3e76c540-m1,foraging,0.125,0.145501723250399
model_agnostic_replication_behavior-7496270f0e7afee1-m0,solvability,-1.25,-1.1520912682417765
model_agnostic_replication_behavior-7496270f0e7afee1-m1,solvability,-0.37499999999999994,-0.8044398711373277
model_agnostic_replication_behavior-74a511f72ea3129d-m0,foraging,1.125,0.18514977805541477
model_agnostic_replication_behavior-74a511f72ea3129d-m1,foraging,-0.12500000000000006,-0.16226749492819814
model_agnostic_replication_behavior-74c75964d1b6d986-m0,information_sampling,0.24999999999999992,-0.00041556525520874965
model_agnostic_replication_behavior-74c75964d1b6d986-m1,information_sampling,-0.5,-0.09078069707637987
model_agnostic_replication_behavior-74cb4f2cedb8dec0-m0,effort,-0.25,-0.8873001516119379
model_agnostic_replication_behavior-74cb4f2cedb8dec0-m1,effort,0.125,-0.21526858921823283
model_agnostic_replication_behavior-74ced97f7105da89-m0,bandit,-4.75,-3.3694405791132276
model_agnostic_replication_behavior-74ced97f7105da89-m1,bandit,-2.5,-1.8713200985683138
model_agnostic_replication_behavior-74e0731ed1a12134-m0,information_sampling,-0.25,-0.6386278864593036
model_agnostic_replication_behavior-74e0731ed1a12134-m1,information_sampling,-0.7500000000000001,-0.7289930182804745
model_agnostic_replication_behavior-74f46216bd20583e-m0,bandit,-4.75,-3.615037923813299
model_agnostic_replication_behavior-74f46216bd20583e-m1,bandit,-2.375,-2.1169174432683846
model_agnostic_replication_behavior-74fe28e0cae0feaf-m0,solvability,-2.75,-0.9963328538687588
model_agnostic_replication_behavior-74fe28e0cae0feaf-m1,solvability,-0.8750000000000002,-0.6486814567643102
model_agnostic_replication_behavior-758acbf8c8f9b684-m0,foraging,-1.125,-0.8846995380489113
model_agnostic_replication_behavior-758acbf8c8f9b684-m1,foraging,-0.8750000000000002,-1.232116811032524
model_agnostic_replication_behavior-759e54209fe55287-m0,information_sampling,-0.12500000000000006,-0.24016913193313622
model_agnostic_replication_behavior-759e54209fe55287-m1,information_sampling,-0.6249999999999999,-0.33053426375430717
model_agnostic_replication_behavior-75a5ee70f66766eb-m0,solvability,-0.25,0.21068733536753814
model_agnostic_replication_behavior-75a5ee70f66766eb-m1,solvability,-0.12500000000000006,0.5583387324719871
model_agnostic_replication_behavior-75d774094d13ace3-m0,information_sampling,-0.8750000000000002,-0.7122277841725531
model_agnostic_replication_behavior-75d774094d13ace3-m1,information_sampling,-0.6249999999999999,-0.8025929159937242
model_agnostic_replication_behavior-75ed5500b28a95a7-m0,waiting,-0.8750000000000002,-1.3066620596145693
model_agnostic_replication_behavior-75ed5500b28a95a7-m1,waiting,-1.0000000000000002,-0.4228536377167318
model_agnostic_replication_behavior-75f1cc3cd9e8c552-m0,debugging,-1.625,-1.3117568019330792
model_agnostic_replication_behavior-75f1cc3cd9e8c552-m1,debugging,-2.875,-1.079648149191382
model_agnostic_replication_behavior-7642ee97577164ad-m0,debugging,-0.6249999999999999,-1.0449608543567264
model_agnostic_replication_behavior-7642ee97577164ad-m1,debugging,-1.625,-0.8128522016150294
model_agnostic_replication_behavior-76525a13599f894c-m0,waiting,1.125,1.037311570642705
model_agnostic_replication_behavior-76525a13599f894c-m1,waiting,2.25,1.9211199925405427
model_agnostic_replication_behavior-7660b6e84eef795d-m0,debugging,-0.7500000000000001,-0.701088274065795
model_agnostic_replication_behavior-7660b6e84eef795d-m1,debugging,-0.25,-0.468979621324098
model_agnostic_replication_behavior-76976291cf2d7022-m0,bandit,1.3750000000000002,-0.44480880149432406
model_agnostic_replication_behavior-76976291cf2d7022-m1,bandit,1.125,1.05331167905059
model_agnostic_replication_behavior-769889e4e584e252-m0,debugging,-0.5,-0.1692913127863792
model_agnostic_replication_behavior-769889e4e584e252-m1,debugging,-0.7500000000000001,0.06281733995531802
model_agnostic_replication_behavior-76cbfacca857ca73-m0,waiting,-1.375,-0.321169029341403
model_agnostic_replication_behavior-76cbfacca857ca73-m1,waiting,1.3750000000000002,0.5626393925564341
model_agnostic_replication_behavior-76dd71127faaf927-m0,bandit,-1.0000000000000002,-1.4345607025452607
model_agnostic_replication_behavior-76dd71127faaf927-m1,bandit,-0.8750000000000002,0.0635597779996534
model_agnostic_replication_behavior-76e23148a15230da-m0,waiting,-1.125,-0.8354082630098261
model_agnostic_replication_behavior-76e23148a15230da-m1,waiting,-0.37499999999999994,0.0484001588880113
model_agnostic_replication_behavior-7703e77b4876a93e-m0,foraging,1.75,1.068201152034887
model_agnostic_replication_behavior-7703e77b4876a93e-m1,foraging,1.0,0.7207838790512742
model_agnostic_replication_behavior-771c255db282bf26-m0,bandit,0.7500000000000002,-0.7270536139740738
model_agnostic_replication_behavior-771c255db282bf26-m1,bandit,1.3750000000000002,0.7710668665708404
model_agnostic_replication_behavior-774195ac6ba642c3-m0,effort,-2.625,-2.9818831542471953
model_agnostic_replication_behavior-774195ac6ba642c3-m1,effort,-1.25,-2.30985159185349
model_agnostic_replication_behavior-781cc9cb1cac7859-m0,waiting,1.125,1.4825908800415384
model_agnostic_replication_behavior-781cc9cb1cac7859-m1,waiting,1.5000000000000002,2.366399301939376
model_agnostic_replication_behavior-784518d0e0abffb1-m0,solvability,0.24999999999999992,-0.5005332534919542
model_agnostic_replication_behavior-784518d0e0abffb1-m1,solvability,-0.8750000000000002,-0.15288185638750562
model_agnostic_replication_behavior-786ea72c31000155-m0,information_sampling,0.0,-0.3278607986798736
model_agnostic_replication_behavior-786ea72c31000155-m1,information_sampling,-0.37499999999999994,-0.4182259305010445
model_agnostic_replication_behavior-7870dd6110c94643-m0,debugging,-0.8750000000000002,-1.4354323314685153
model_agnostic_replication_behavior-7870dd6110c94643-m1,debugging,-2.25,-1.2033236787268184
model_agnostic_replication_behavior-7881606d081faa6b-m0,foraging,1.5000000000000002,0.8832876459898193
model_agnostic_replication_behavior-7881606d081faa6b-m1,foraging,-0.25,0.5358703730062064
model_agnostic_replication_behavior-788b9ffd554cfb7e-m0,solvability,1.3750000000000002,1.2213366875395693
model_agnostic_replication_behavior-788b9ffd554cfb7e-m1,solvability,1.5000000000000002,1.5689880846440183
model_agnostic_replication_behavior-78acf52aaa4402ae-m0,foraging,1.25,1.0874398867840245
model_agnostic_replication_behavior-78acf52aaa4402ae-m1,foraging,0.7500000000000002,0.7400226138004118
model_agnostic_replication_behavior-78e3742259f81fff-m0,waiting,-0.5,-0.7219765647618673
model_agnostic_replication_behavior-78e3742259f81fff-m1,waiting,0.5,0.16183185713597037
model_agnostic_replication_behavior-78f81eda495447f4-m0,solvability,0.8750000000000001,0.9068631619385179
model_agnostic_replication_behavior-78f81eda495447f4-m1,solvability,0.8750000000000001,1.254514559042967
model_agnostic_replication_behavior-79167a66bced6b04-m0,solvability,-2.375,-2.133421483470901
model_agnostic_replication_behavior-79167a66bced6b04-m1,solvability,-1.5,-1.7857700863664523
model_agnostic_replication_behavior-791d74339a396d9f-m0,bandit,-0.25,-1.3372771587898402
model_agnostic_replication_behavior-791d74339a396d9f-m1,bandit,0.625,0.1608433217550739
model_agnostic_replication_behavior-79453832fbffe56a-m0,foraging,0.0,-0.09730167355074915
model_agnostic_replication_behavior-79453832fbffe56a-m1,foraging,-1.875,-0.444718946534362
model_agnostic_replication_behavior-794beeef699c75ee-m0,debugging,-0.7500000000000001,-0.650436928316322
model_agnostic_replication_behavior-794beeef699c75ee-m1,debugging,0.7500000000000002,-0.41832827557462493
model_agnostic_replication_behavior-79731a12d5c66808-m0,bandit,-4.875,-4.616950499275131
model_agnostic_replication_behavior-79731a12d5c66808-m1,bandit,-3.0,-3.1188300187302156
model_agnostic_replication_behavior-79827561e3e53b33-m0,effort,-3.0,-2.243107215931179
model_agnostic_replication_behavior-79827561e3e53b33-m1,effort,-1.7499999999999998,-1.5710756535374737
model_agnostic_replication_behavior-798b01f4dfefeb0d-m0,information_sampling,0.0,-0.09888842819257856
model_agnostic_replication_behavior-798b01f4dfefeb0d-m1,information_sampling,-0.5,-0.1892535600137496
model_agnostic_replication_behavior-79901642ccf793fe-m0,solvability,-1.875,-1.4404166371571974
model_agnostic_replication_behavior-79901642ccf793fe-m1,solvability,-0.12500000000000006,-1.0927652400527483
model_agnostic_replication_behavior-799815895dc6063a-m0,waiting,-0.25,-0.06461640774528687
model_agnostic_replication_behavior-799815895dc6063a-m1,waiting,0.24999999999999992,0.8191920141525503
model_agnostic_replication_behavior-79cc2dfa25aadc09-m0,bandit,-3.75,-3.2650101743687348
model_agnostic_replication_behavior-79cc2dfa25aadc09-m1,bandit,-1.5,-1.7668896938238208
model_agnostic_replication_behavior-79ee07967bb968d4-m0,waiting,-2.25,-2.427161551528147
model_agnostic_replication_behavior-79ee07967bb968d4-m1,waiting,-1.625,-1.5433531296303098
model_agnostic_replication_behavior-7a8540ee95e56321-m0,effort,1.25,0.824023961526722
model_agnostic_replication_behavior-7a8540ee95e56321-m1,effort,1.125,1.4960555239204272
model_agnostic_replication_behavior-7acc359bd1e07957-m0,bandit,-5.375,-4.629111173686024
model_agnostic_replication_behavior-7acc359bd1e07957-m1,bandit,-3.125,-3.1309906931411096
model_agnostic_replication_behavior-7acd44fd40579e33-m0,solvability,0.5,0.11704578818169764
model_agnostic_replication_behavior-7acd44fd40579e33-m1,solvability,0.24999999999999992,0.4646971852861464
model_agnostic_replication_behavior-7afb8917fa0ac065-m0,effort,-0.25,-1.2876468511778416
model_agnostic_replication_behavior-7afb8917fa0ac065-m1,effort,0.625,-0.6156152887841362
model_agnostic_replication_behavior-7b49749f87342d28-m0,foraging,0.7500000000000002,0.9315882697666946
model_agnostic_replication_behavior-7b49749f87342d28-m1,foraging,-0.5,0.5841709967830815
model_agnostic_replication_behavior-7b4fb1c62bf60381-m0,waiting,-0.37499999999999994,-0.12888428631640364
model_agnostic_replication_behavior-7b4fb1c62bf60381-m1,waiting,0.8750000000000001,0.7549241355814337
model_agnostic_replication_behavior-7b7a9ae860f90cca-m0,information_sampling,-0.12500000000000006,-0.5424528150208785
model_agnostic_replication_behavior-7b7a9ae860f90cca-m1,information_sampling,-0.6249999999999999,-0.6328179468420496
model_agnostic_replication_behavior-7b9d3cdaa0b4f064-m0,effort,-2.875,-2.3215899390074064
model_agnostic_replication_behavior-7b9d3cdaa0b4f064-m1,effort,-2.125,-1.6495583766137012
model_agnostic_replication_behavior-7bc40abccc68e49e-m0,information_sampling,0.125,-0.07301965754751227
model_agnostic_replication_behavior-7bc40abccc68e49e-m1,information_sampling,-0.37499999999999994,-0.16338478936868328
model_agnostic_replication_behavior-7bfd4e47d3ef958b-m0,waiting,-1.875,-2.3589229788638253
model_agnostic_replication_behavior-7bfd4e47d3ef958b-m1,waiting,-1.625,-1.4751145569659878
model_agnostic_replication_behavior-7c0375f282de432f-m0,waiting,-0.8750000000000002,0.12552239021899347
model_agnostic_replication_behavior-7c0375f282de432f-m1,waiting,1.25,1.009330812116831
model_agnostic_replication_behavior-7c14256780502976-m0,debugging,-2.625,-1.751791665605431
model_agnostic_replication_behavior-7c14256780502976-m1,debugging,-2.0,-1.519683012863734
model_agnostic_replication_behavior-7c3d6a57e7f11931-m0,waiting,0.8750000000000001,0.024139621117050147
model_agnostic_replication_behavior-7c3d6a57e7f11931-m1,waiting,0.5,0.9079480430148876
model_agnostic_replication_behavior-7c4d6c7fc7d3acc8-m0,bandit,-5.875,-4.378760268722804
model_agnostic_replication_behavior-7c4d6c7fc7d3acc8-m1,bandit,-3.125,-2.8806397881778896
model_agnostic_replication_behavior-7c8b5907141725bf-m0,information_sampling,-1.625,-0.9897080883081539
model_agnostic_replication_behavior-7c8b5907141725bf-m1,information_sampling,-0.8750000000000002,-1.080073220129325
model_agnostic_replication_behavior-7ca3f10ed4e06ba2-m0,solvability,0.5,-0.48795908165392254
model_agnostic_replication_behavior-7ca3f10ed4e06ba2-m1,solvability,-0.37499999999999994,-0.1403076845494734
model_agnostic_replication_behavior-7d1fa84dd9f18db7-m0,solvability,-1.0000000000000002,-0.8975263418437052
model_agnostic_replication_behavior-7d1fa84dd9f18db7-m1,solvability,-0.25,-0.5498749447392564
model_agnostic_replication_behavior-7d26082739b06856-m0,foraging,-1.125,-1.511233782707984
model_agnostic_replication_behavior-7d26082739b06856-m1,foraging,-2.25,-1.858651055691597
model_agnostic_replication_behavior-7d3a3544d083c511-m0,bandit,-2.0,-1.7113686555214755
model_agnostic_replication_behavior-7d3a3544d083c511-m1,bandit,-1.7499999999999998,-0.21324817497656137
model_agnostic_replication_behavior-7d5408bf2bbb7799-m0,effort,-1.375,-1.6371401216009573
model_agnostic_replication_behavior-7d5408bf2bbb7799-m1,effort,-1.125,-0.9651085592072524
model_agnostic_replication_behavior-7d72ca8587601c1a-m0,foraging,-0.8750000000000002,-1.0841109827181474
model_agnostic_replication_behavior-7d72ca8587601c1a-m1,foraging,-1.875,-1.43152825570176
model_agnostic_replication_behavior-7d9260937c45a046-m0,foraging,0.5,-0.2542646522341108
model_agnostic_replication_behavior-7d9260937c45a046-m1,foraging,-0.8750000000000002,-0.6016819252177238
model_agnostic_replication_behavior-7db34c314e436ad3-m0,foraging,-1.7499999999999998,-1.7213513676407208
model_agnostic_replication_behavior-7db34c314e436ad3-m1,foraging,-2.75,-2.0687686406243335
model_agnostic_replication_behavior-7dbf0c8bb94232ca-m0,solvability,0.24999999999999992,-0.27702921317342344
model_agnostic_replication_behavior-7dbf0c8bb94232ca-m1,solvability,-0.25,0.07062218393102548
model_agnostic_replication_behavior-7dc9e0188615299e-m0,information_sampling,-1.125,-0.9761660275719515
model_agnostic_replication_behavior-7dc9e0188615299e-m1,information_sampling,-0.6249999999999999,-1.0665311593931224
model_agnostic_replication_behavior-7deddac5862f6699-m0,bandit,-3.25,-2.435889358630528
model_agnostic_replication_behavior-7deddac5862f6699-m1,bandit,-1.0000000000000002,-0.9377688780856139
model_agnostic_replication_behavior-7e0ef4bff9e5f7ab-m0,solvability,3.375,2.2993796140338123
model_agnostic_replication_behavior-7e0ef4bff9e5f7ab-m1,solvability,2.25,2.647031011138261
model_agnostic_replication_behavior-7e19d256b2019902-m0,effort,1.25,0.6573437667113078
model_agnostic_replication_behavior-7e19d256b2019902-m1,effort,0.5,1.329375329105013
model_agnostic_replication_behavior-7e20c1a0154e2a17-m0,information_sampling,-0.37499999999999994,-0.45274051660144
model_agnostic_replication_behavior-7e20c1a0154e2a17-m1,information_sampling,-0.5,-0.543105648422611
model_agnostic_replication_behavior-7e4eae92565179de-m0,waiting,-1.625,-1.783403463264695
model_agnostic_replication_behavior-7e4eae92565179de-m1,waiting,-0.37499999999999994,-0.8995950413668574
model_agnostic_replication_behavior-7e547d438d17fb8a-m0,information_sampling,-0.6249999999999999,-0.3981790464119229
model_agnostic_replication_behavior-7e547d438d17fb8a-m1,information_sampling,-0.8750000000000002,-0.48854417823309404
model_agnostic_replication_behavior-7e69952e9173a51d-m0,information_sampling,0.24999999999999992,0.11908565748047806
model_agnostic_replication_behavior-7e69952e9173a51d-m1,information_sampling,-0.37499999999999994,0.02872052565930705
model_agnostic_replication_behavior-7e809fe4ff9dcadf-m0,foraging,-0.8750000000000002,-0.8393384334932887
model_agnostic_replication_behavior-7e809fe4ff9dcadf-m1,foraging,-0.7500000000000001,-1.1867557064769017
model_agnostic_replication_behavior-7ee9e868a144ae58-m0,debugging,-0.6249999999999999,-1.5134697407436095
model_agnostic_replication_behavior-7ee9e868a144ae58-m1,debugging,-1.25,-1.2813610880019124
model_agnostic_replication_behavior-7efdd54072ab02af-m0,bandit,-1.0000000000000002,-0.7659112384323555
model_agnostic_replication_behavior-7efdd54072ab02af-m1,bandit,0.5,0.7322092421125584
model_agnostic_replication_behavior-7f0a4c460e7cbfeb-m0,information_sampling,-0.5,-0.631292748878787
model_agnostic_replication_behavior-7f0a4c460e7cbfeb-m1,information_sampling,-0.7500000000000001,-0.7216578806999578
model_agnostic_replication_behavior-7f2bc4ad955fd580-m0,foraging,-1.0000000000000002,-0.9942476180485083
model_agnostic_replication_behavior-7f2bc4ad955fd580-m1,foraging,-1.0000000000000002,-1.3416648910321212
model_agnostic_replication_behavior-7f538d0359a497ba-m0,information_sampling,-0.25,-0.1769602693727054
model_agnostic_replication_behavior-7f538d0359a497ba-m1,information_sampling,-0.25,-0.2673254011938765
model_agnostic_replication_behavior-7f6d95201f29366b-m0,information_sampling,-0.37499999999999994,-0.3481255990453854
model_agnostic_replication_behavior-7f6d95201f29366b-m1,information_sampling,-0.25,-0.43849073086655643
model_agnostic_replication_behavior-7f78717e1f41f59f-m0,debugging,0.0,-0.7220294338421827
model_agnostic_replication_behavior-7f78717e1f41f59f-m1,debugging,-0.7500000000000001,-0.4899207811004854
model_agnostic_replication_behavior-7f9de09928c9ab9a-m0,waiting,-1.375,-1.524643153148621
model_agnostic_replication_behavior-7f9de09928c9ab9a-m1,waiting,-0.37499999999999994,-0.6408347312507838
model_agnostic_replication_behavior-7f9fc634cc419e6f-m0,foraging,0.24999999999999992,-0.34954166764183525
model_agnostic_replication_behavior-7f9fc634cc419e6f-m1,foraging,-0.6249999999999999,-0.6969589406254477
model_agnostic_replication_behavior-7fb61efa6ace05a1-m0,information_sampling,-0.12500000000000006,-0.35462008440218173
model_agnostic_replication_behavior-7fb61efa6ace05a1-m1,information_sampling,-0.6249999999999999,-0.44498521622335263
model_agnostic_replication_behavior-7ffbbc51ef21c0e2-m0,effort,-0.6249999999999999,-1.2845932928281663
model_agnostic_replication_behavior-7ffbbc51ef21c0e2-m1,effort,-0.7500000000000001,-0.612561730434461
model_agnostic_replication_behavior-7ffe8ab5d72a9663-m0,foraging,-3.25,-2.4147949193804727
model_agnostic_replication_behavior-7ffe8ab5d72a9663-m1,foraging,-3.125,-2.7622121923640863
model_agnostic_replication_behavior-8015471af614ded2-m0,effort,-1.375,-0.9896416585483543
model_agnostic_replication_behavior-8015471af614ded2-m1,effort,-1.625,-0.3176100961546494
model_agnostic_replication_behavior-802cd8e4c12e20d0-m0,waiting,-0.12500000000000006,0.15215648557093286
model_agnostic_replication_behavior-802cd8e4c12e20d0-m1,waiting,1.75,1.03596490746877
model_agnostic_replication_behavior-802f4215ee9852f5-m0,foraging,-2.375,-2.1729392310263846
model_agnostic_replication_behavior-802f4215ee9852f5-m1,foraging,-2.875,-2.5203565040099978
model_agnostic_replication_behavior-8040a5718e387bb6-m0,waiting,-0.6249999999999999,-0.9102081577747816
model_agnostic_replication_behavior-8040a5718e387bb6-m1,waiting,-0.12500000000000006,-0.02639973587694433
model_agnostic_replication_behavior-804a60e016a9b3b7-m0,waiting,-2.125,-1.5916891788215684
model_agnostic_replication_behavior-804a60e016a9b3b7-m1,waiting,0.0,-0.7078807569237308
model_agnostic_replication_behavior-8070f6a22f3150cf-m0,waiting,-1.625,-1.5212272644108316
model_agnostic_replication_behavior-8070f6a22f3150cf-m1,waiting,-0.12500000000000006,-0.6374188425129941
model_agnostic_replication_behavior-80f3d96955e7bd42-m0,solvability,-3.375,-1.827330924635483
model_agnostic_replication_behavior-80f3d96955e7bd42-m1,solvability,-1.25,-1.4796795275310337
model_agnostic_replication_behavior-810ee0ae0d727854-m0,foraging,-0.8750000000000002,-0.9855721863772112
model_agnostic_replication_behavior-810ee0ae0d727854-m1,foraging,-0.5,-1.3329894593608242
model_agnostic_replication_behavior-811f4b237f731762-m0,information_sampling,-0.12500000000000006,-0.2789035760851337
model_agnostic_replication_behavior-811f4b237f731762-m1,information_sampling,-0.7500000000000001,-0.3692687079063047
model_agnostic_replication_behavior-814161f3264a510b-m0,debugging,-0.7500000000000001,-1.429404553982407
model_agnostic_replication_behavior-814161f3264a510b-m1,debugging,-1.375,-1.1972959012407098
model_agnostic_replication_behavior-816f02164d924430-m0,effort,-1.875,-1.3520817856743228
model_agnostic_replication_behavior-816f02164d924430-m1,effort,-1.375,-0.6800502232806176
model_agnostic_replication_behavior-81974d01c7d53eaa-m0,debugging,-0.37499999999999994,-1.1622319413202442
model_agnostic_replication_behavior-81974d01c7d53eaa-m1,debugging,-0.6249999999999999,-0.930123288578547
model_agnostic_replication_behavior-81a6d0572e913dbc-m0,debugging,-1.7499999999999998,-1.1658433382068878
model_agnostic_replication_behavior-81a6d0572e913dbc-m1,debugging,-0.5,-0.9337346854651908
model_agnostic_replication_behavior-8239e1788181f16a-m0,information_sampling,-0.37499999999999994,-0.38686004319738293
model_agnostic_replication_behavior-8239e1788181f16a-m1,information_sampling,-1.25,-0.47722517501855377
model_agnostic_replication_behavior-8257ef4c1a5afa5b-m0,effort,-2.375,-1.7891592414018354
model_agnostic_replication_behavior-8257ef4c1a5afa5b-m1,effort,-1.875,-1.1171276790081304
model_agnostic_replication_behavior-827ae680f21a264f-m0,waiting,-2.5,-2.258569380435974
model_agnostic_replication_behavior-827ae680f21a264f-m1,waiting,-0.7500000000000001,-1.3747609585381364
model_agnostic_replication_behavior-82841f3749c3e09d-m0,waiting,-0.37499999999999994,-0.24239021131748928
model_agnostic_replication_behavior-82841f3749c3e09d-m1,waiting,0.625,0.6414182105803479
model_agnostic_replication_behavior-829e61f0b159d79b-m0,foraging,-1.375,-1.4420062152727535
model_agnostic_replication_behavior-829e61f0b159d79b-m1,foraging,-1.875,-1.7894234882563664
model_agnostic_replication_behavior-82e430d00fb538df-m0,foraging,0.7500000000000002,0.43122409978782805
model_agnostic_replication_behavior-82e430d00fb538df-m1,foraging,0.24999999999999992,0.08380682680421514
model_agnostic_replication_behavior-8308e81e1cc52194-m0,waiting,-1.5,-1.0941685731258997
model_agnostic_replication_behavior-8308e81e1cc52194-m1,waiting,0.125,-0.2103601512280623
model_agnostic_replication_behavior-83606d5a5f38aac1-m0,solvability,0.8750000000000001,0.8292889034517443
model_agnostic_replication_behavior-83606d5a5f38aac1-m1,solvability,1.0,1.1769403005561931
model_agnostic_replication_behavior-8371628625152169-m0,effort,-1.875,-2.3909262030677962
model_agnostic_replication_behavior-8371628625152169-m1,effort,-0.6249999999999999,-1.7188946406740913
model_agnostic_replication_behavior-838f03c8120b6e6f-m0,debugging,-1.375,-2.0169878035716833
model_agnostic_replication_behavior-838f03c8120b6e6f-m1,debugging,-1.875,-1.784879150829986
model_agnostic_replication_behavior-83a576f449544cd8-m0,debugging,-1.0000000000000002,-0.7792444858770288
model_agnostic_replication_behavior-83a576f449544cd8-m1,debugging,-1.0000000000000002,-0.5471358331353317
model_agnostic_replication_behavior-843f04738d811d99-m0,information_sampling,0.5,0.05308990267655633
model_agnostic_replication_behavior-843f04738d811d99-m1,information_sampling,-0.6249999999999999,-0.03727522914461412
model_agnostic_replication_behavior-8496712c74c14d04-m0,bandit,-1.5,-1.5159110624556416
model_agnostic_replication_behavior-8496712c74c14d04-m1,bandit,0.5,-0.017790581910727327
model_agnostic_replication_behavior-8499f9b6854dd434-m0,solvability,2.5,2.0849779212413075
model_agnostic_replication_behavior-8499f9b6854dd434-m1,solvability,1.5000000000000002,2.4326293183457564
model_agnostic_replication_behavior-84c6e36d6754b188-m0,solvability,-1.125,-1.146324857960675
model_agnostic_replication_behavior-84c6e36d6754b188-m1,solvability,-0.25,-0.7986734608562263
model_agnostic_replication_behavior-84e9cbbd3ae6a00d-m0,solvability,-0.7500000000000001,-0.07036582025648663
model_agnostic_replication_behavior-84e9cbbd3ae6a00d-m1,solvability,0.24999999999999992,0.2772855768479623
model_agnostic_replication_behavior-84f9d32d082ac8b0-m0,solvability,1.75,1.045146182952532
model_agnostic_replication_behavior-84f9d32d082ac8b0-m1,solvability,2.875,1.392797580056981
model_agnostic_replication_behavior-852e97c84771f307-m0,solvability,0.625,0.41522138484482124
model_agnostic_replication_behavior-852e97c84771f307-m1,solvability,0.24999999999999992,0.7628727819492702
model_agnostic_replication_behavior-8563a12cab96a6c3-m0,debugging,-3.0,-2.500622419511674
model_agnostic_replication_behavior-8563a12cab96a6c3-m1,debugging,-2.875,-2.2685137667699773
model_agnostic_replication_behavior-85a056b891976ef1-m0,foraging,0.24999999999999992,-0.17420010282247433
model_agnostic_replication_behavior-85a056b891976ef1-m1,foraging,-0.5,-0.521617375806087
model_agnostic_replication_behavior-85a63dd95821a309-m0,debugging,-2.625,-2.503642112212707
model_agnostic_replication_behavior-85a63dd95821a309-m1,debugging,-1.7499999999999998,-2.27153345947101
model_agnostic_replication_behavior-85c452708cc1168a-m0,solvability,1.3750000000000002,2.060092860504282
model_agnostic_replication_behavior-85c452708cc1168a-m1,solvability,2.5,2.407744257608732
model_agnostic_replication_behavior-85c7134ec7e7d6d4-m0,information_sampling,0.125,-0.4108804549244049
model_agnostic_replication_behavior-85c7134ec7e7d6d4-m1,information_sampling,-0.37499999999999994,-0.501245586745576
model_agnostic_replication_behavior-85c815fea8fe9546-m0,debugging,-0.25,-0.756772207901548
model_agnostic_replication_behavior-85c815fea8fe9546-m1,debugging,-1.0000000000000002,-0.5246635551598509
model_agnostic_replication_behavior-85e0bb57a7d1b2f7-m0,debugging,-6.0,-3.6056309680435916
model_agnostic_replication_behavior-85e0bb57a7d1b2f7-m1,debugging,-2.25,-3.3735223153018943
model_agnostic_replication_behavior-85f0eb2913c070ff-m0,solvability,-1.875,-0.8086965723499213
model_agnostic_replication_behavior-85f0eb2913c070ff-m1,solvability,-0.37499999999999994,-0.4610451752454725
model_agnostic_replication_behavior-8614db787e50735a-m0,debugging,-4.5,-3.7275566698988754
model_agnostic_replication_behavior-8614db787e50735a-m1,debugging,-3.375,-3.4954480171571776
model_agnostic_replication_behavior-86a258624a866343-m0,information_sampling,-0.37499999999999994,-0.5113420935621994
model_agnostic_replication_behavior-86a258624a866343-m1,information_sampling,-0.7500000000000001,-0.6017072253833704
model_agnostic_replication_behavior-86a79ffa565c8eb1-m0,bandit,-0.5,-0.28345839635386616
model_agnostic_replication_behavior-86a79ffa565c8eb1-m1,bandit,1.25,1.214662084191048
model_agnostic_replication_behavior-86c1a3e477b7e561-m0,solvability,0.0,0.11950008125920453
model_agnostic_replication_behavior-86c1a3e477b7e561-m1,solvability,0.125,0.46715147836365356
model_agnostic_replication_behavior-86ddbf5b4d870681-m0,solvability,1.0,0.9069370402475448
model_agnostic_replication_behavior-86ddbf5b4d870681-m1,solvability,0.625,1.2545884373519935
model_agnostic_replication_behavior-86fe1c960bed3975-m0,information_sampling,-0.37499999999999994,-0.15383139563461734
model_agnostic_replication_behavior-86fe1c960bed3975-m1,information_sampling,-0.37499999999999994,-0.24419652745578846
model_agnostic_replication_behavior-871f0867f35cba3e-m0,foraging,-0.5,0.16406832517614023
model_agnostic_replication_behavior-871f0867f35cba3e-m1,foraging,-0.5,-0.18334894780747268
model_agnostic_replication_behavior-872139abf35ae56a-m0,debugging,-3.25,-3.2329861051717645
model_agnostic_replication_behavior-872139abf35ae56a-m1,debugging,-2.0,-3.0008774524300668
model_agnostic_replication_behavior-87223f7a49720ff8-m0,information_sampling,-0.8750000000000002,-0.7732806729274886
model_agnostic_replication_behavior-87223f7a49720ff8-m1,information_sampling,-0.7500000000000001,-0.8636458047486595
model_agnostic_replication_behavior-872e56689b4820e1-m0,bandit,-2.625,-2.4424866076765337
model_agnostic_replication_behavior-872e56689b4820e1-m1,bandit,-0.7500000000000001,-0.9443661271316199
model_agnostic_replication_behavior-873057abea8bad95-m0,effort,-1.0000000000000002,-1.2581423392455025
model_agnostic_replication_behavior-873057abea8bad95-m1,effort,-1.25,-0.5861107768517974
model_agnostic_replication_behavior-8741239493e254c4-m0,waiting,0.8750000000000001,0.8837328578538355
model_agnostic_replication_behavior-8741239493e254c4-m1,waiting,1.5000000000000002,1.767541279751673
model_agnostic_replication_behavior-8762ccc6e18ef2d1-m0,information_sampling,-0.7500000000000001,-0.6402065563767265
model_agnostic_replication_behavior-8762ccc6e18ef2d1-m1,information_sampling,-0.6249999999999999,-0.7305716881978971
model_agnostic_replication_behavior-8770501f99955137-m0,waiting,-2.75,-2.279348582481517
model_agnostic_replication_behavior-8770501f99955137-m1,waiting,-1.875,-1.3955401605836797
model_agnostic_replication_behavior-87745bcdd9c550ad-m0,waiting,-2.25,-2.083647950718728
model_agnostic_replication_behavior-87745bcdd9c550ad-m1,waiting,-1.5,-1.1998395288208905
model_agnostic_replication_behavior-87a1f5ea44ef8e5e-m0,waiting,-1.5,-1.6946474344023574
model_agnostic_replication_behavior-87a1f5ea44ef8e5e-m1,waiting,-1.25,-0.8108390125045202
model_agnostic_replication_behavior-87db99314b46e261-m0,debugging,-1.125,-1.8768622896112923
model_agnostic_replication_behavior-87db99314b46e261-m1,debugging,-1.375,-1.644753636869595
model_agnostic_replication_behavior-87fd885692ec56e4-m0,effort,-3.125,-2.5666989989304954
model_agnostic_replication_behavior-87fd885692ec56e4-m1,effort,-1.125,-1.8946674365367904
model_agnostic_replication_behavior-88273fdf42d16f91-m0,solvability,-4.5,-2.179980770906935
model_agnostic_replication_behavior-88273fdf42d16f91-m1,solvability,-1.25,-1.8323293738024866
model_agnostic_replication_behavior-88383952cacec0e1-m0,debugging,-1.7499999999999998,-1.534016038634538
model_agnostic_replication_behavior-88383952cacec0e1-m1,debugging,-1.25,-1.3019073858928412
model_agnostic_replication_behavior-88645b74ac98537a-m0,solvability,-2.25,-1.623285214764157
model_agnostic_replication_behavior-88645b74ac98537a-m1,solvability,-1.5,-1.2756338176597082
model_agnostic_replication_behavior-887cae22809dac85-m0,debugging,-0.6249999999999999,-0.47153990526314904
model_agnostic_replication_behavior-887cae22809dac85-m1,debugging,-0.8750000000000002,-0.23943125252145192
model_agnostic_replication_behavior-88dd8f0c7bd7c43b-m0,debugging,-2.25,-2.1773745423311164
model_agnostic_replication_behavior-88dd8f0c7bd7c43b-m1,debugging,-1.5,-1.9452658895894195
model_agnostic_replication_behavior-88efc09b6a7bf3fc-m0,bandit,-0.8750000000000002,-0.7659112384323555
model_agnostic_replication_behavior-88efc09b6a7bf3fc-m1,bandit,0.0,0.7322092421125584
model_agnostic_replication_behavior-8941fe31ec1b5be5-m0,foraging,-1.0000000000000002,-0.9532230191388061
model_agnostic_replication_behavior-8941fe31ec1b5be5-m1,foraging,-1.7499999999999998,-1.300640292122419
model_agnostic_replication_behavior-895c4af500f38224-m0,foraging,0.0,0.011853007481491873
model_agnostic_replication_behavior-895c4af500f38224-m1,foraging,-0.25,-0.33556426550212093
model_agnostic_replication_behavior-896c2869bd9b341f-m0,bandit,-2.0,-1.687736347120342
model_agnostic_replication_behavior-896c2869bd9b341f-m1,bandit,-2.625,-0.1896158665754278
model_agnostic_replication_behavior-89c924b46d169021-m0,bandit,-4.5,-4.28403241100469
model_agnostic_replication_behavior-89c924b46d169021-m1,bandit,-2.125,-2.7859119304597755
model_agnostic_replication_behavior-8a17b75061a9d5bd-m0,foraging,-1.5,-1.819885959023605
model_agnostic_replication_behavior-8a17b75061a9d5bd-m1,foraging,-2.625,-2.1673032320072183
model_agnostic_replication_behavior-8a6a66876f15098b-m0,foraging,0.37499999999999994,0.28566558830907884
model_agnostic_replication_behavior-8a6a66876f15098b-m1,foraging,-0.12500000000000006,-0.061751684674533736
model_agnostic_replication_behavior-8a7dbe7400604d2a-m0,foraging,-0.25,-1.0108696127291177
model_agnostic_replication_behavior-8a7dbe7400604d2a-m1,foraging,-2.5,-1.3582868857127308
model_agnostic_replication_behavior-8aa677ad78c5e042-m0,information_sampling,-1.125,-0.8799802114343086
model_agnostic_replication_behavior-8aa677ad78c5e042-m1,information_sampling,-0.6249999999999999,-0.9703453432554798
model_agnostic_replication_behavior-8b6e712cfcb99475-m0,solvability,-0.25,-0.5981000292305303
model_agnostic_replication_behavior-8b6e712cfcb99475-m1,solvability,-0.5,-0.25044863212608137
model_agnostic_replication_behavior-8b9d1ff9ca72f0a9-m0,bandit,-0.25,-0.8315673107957758
model_agnostic_replication_behavior-8b9d1ff9ca72f0a9-m1,bandit,1.25,0.6665531697491383
model_agnostic_replication_behavior-8c0ed3ebc30ac5f6-m0,effort,-0.37499999999999994,-0.48636775288495604
model_agnostic_replication_behavior-8c0ed3ebc30ac5f6-m1,effort,-0.12500000000000006,0.1856638095087491
model_agnostic_replication_behavior-8c25a45d0853a34e-m0,waiting,-1.0000000000000002,-1.0040004341019995
model_agnostic_replication_behavior-8c25a45d0853a34e-m1,waiting,-0.5,-0.12019201220416187
model_agnostic_replication_behavior-8c2e836fa92de8e0-m0,information_sampling,-0.5,-0.5230465400795755
model_agnostic_replication_behavior-8c2e836fa92de8e0-m1,information_sampling,-0.7500000000000001,-0.6134116719007467
model_agnostic_replication_behavior-8c58c22e1df795ab-m0,effort,-0.12500000000000006,-1.095522140044932
model_agnostic_replication_behavior-8c58c22e1df795ab-m1,effort,0.125,-0.423490577651227
model_agnostic_replication_behavior-8ca12c7a545cc141-m0,information_sampling,-0.7500000000000001,-0.8372726463475053
model_agnostic_replication_behavior-8ca12c7a545cc141-m1,information_sampling,-0.6249999999999999,-0.9276377781686763
model_agnostic_replication_behavior-8cba254b8aaab3be-m0,waiting,-1.125,-0.8596033537931589
model_agnostic_replication_behavior-8cba254b8aaab3be-m1,waiting,-0.25,0.024205068104678484
model_agnostic_replication_behavior-8cc3a7e2ce460e4b-m0,foraging,0.5,0.36152978270681535
model_agnostic_replication_behavior-8cc3a7e2ce460e4b-m1,foraging,0.5,0.01411250972320266
model_agnostic_replication_behavior-8cd01411a98f37d0-m0,effort,-3.625,-2.50022478162105
model_agnostic_replication_behavior-8cd01411a98f37d0-m1,effort,-1.7499999999999998,-1.8281932192273447
model_agnostic_replication_behavior-8cdc19ba85f41421-m0,debugging,-0.25,-0.6591803532282363
model_agnostic_replication_behavior-8cdc19ba85f41421-m1,debugging,-0.6249999999999999,-0.4270717004865392
model_agnostic_replication_behavior-8cdca88468181c6b-m0,solvability,0.8750000000000001,1.2217204502738053
model_agnostic_replication_behavior-8cdca88468181c6b-m1,solvability,0.5,1.5693718473782543
model_agnostic_replication_behavior-8cfd7c6039f9b231-m0,information_sampling,-1.0000000000000002,-0.6936621614549703
model_agnostic_replication_behavior-8cfd7c6039f9b231-m1,information_sampling,-0.7500000000000001,-0.7840272932761413
model_agnostic_replication_behavior-8d3afb06ca5dd287-m0,debugging,-0.7500000000000001,-0.5467792274749423
model_agnostic_replication_behavior-8d3afb06ca5dd287-m1,debugging,0.37499999999999994,-0.3146705747332451
model_agnostic_replication_behavior-8da7d4f7221253e4-m0,waiting,0.125,0.9040837678019987
model_agnostic_replication_behavior-8da7d4f7221253e4-m1,waiting,1.5000000000000002,1.7878921896998359
model_agnostic_replication_behavior-8e048d5d9cbb5392-m0,foraging,-5.0,-2.7439025614961734
model_agnostic_replication_behavior-8e048d5d9cbb5392-m1,foraging,-3.375,-3.091319834479786
model_agnostic_replication_behavior-8e3ed71ecd2baf83-m0,effort,-3.75,-3.065011098923901
model_agnostic_replication_behavior-8e3ed71ecd2baf83-m1,effort,-2.375,-2.392979536530196
model_agnostic_replication_behavior-8eca6891b5053ee0-m0,solvability,2.75,2.690505998217951
model_agnostic_replication_behavior-8eca6891b5053ee0-m1,solvability,3.125,3.0381573953223997
model_agnostic_replication_behavior-8f03ea675e166621-m0,debugging,-3.0,-2.69733724705739
model_agnostic_replication_behavior-8f03ea675e166621-m1,debugging,-2.5,-2.4652285943156933
model_agnostic_replication_behavior-8f7f8b18db70814f-m0,bandit,-2.25,-1.87940685498195
model_agnostic_replication_behavior-8f7f8b18db70814f-m1,bandit,-0.7500000000000001,-0.38128637443703595
model_agnostic_replication_behavior-8fa36f874d5b0734-m0,foraging,-0.8750000000000002,-1.7837143904875266
model_agnostic_replication_behavior-8fa36f874d5b0734-m1,foraging,-1.875,-2.1311316634711392
model_agnostic_replication_behavior-8fb4200075fe0ca0-m0,waiting,0.0,0.4588044584031653
model_agnostic_replication_behavior-8fb4200075fe0ca0-m1,waiting,0.625,1.3426128803010027
model_agnostic_replication_behavior-8fde63d1a4551c6c-m0,bandit,-1.7499999999999998,-1.5950351779008058
model_agnostic_replication_behavior-8fde63d1a4551c6c-m1,bandit,-0.25,-0.09691469735589181
model_agnostic_replication_behavior-9057e940f679976c-m0,waiting,-0.5,-1.5376528328756982
model_agnostic_replication_behavior-9057e940f679976c-m1,waiting,-1.5,-0.653844410977861
model_agnostic_replication_behavior-90791564e411c004-m0,waiting,0.24999999999999992,-0.1685280613954201
model_agnostic_replication_behavior-90791564e411c004-m1,waiting,1.625,0.7152803605024172
model_agnostic_replication_behavior-907c8f0bd5be6667-m0,solvability,0.125,-0.27122793535725576
model_agnostic_replication_behavior-907c8f0bd5be6667-m1,solvability,0.625,0.07642346174719283
model_agnostic_replication_behavior-909660514f3153a5-m0,bandit,-1.7499999999999998,-1.7699626368156358
model_agnostic_replication_behavior-909660514f3153a5-m1,bandit,-0.8750000000000002,-0.27184215627072156
model_agnostic_replication_behavior-909af838dcffe1b6-m0,information_sampling,-0.12500000000000006,-0.18982594287963672
model_agnostic_replication_behavior-909af838dcffe1b6-m1,information_sampling,-0.25,-0.28019107470080773
model_agnostic_replication_behavior-90e1492ac577f394-m0,information_sampling,-0.6249999999999999,-0.65808504716582
model_agnostic_replication_behavior-90e1492ac577f394-m1,information_sampling,-0.7500000000000001,-0.7484501789869906
model_agnostic_replication_behavior-9109c64cd8fe773d-m0,information_sampling,-1.375,-1.0389528731040034
model_agnostic_replication_behavior-9109c64cd8fe773d-m1,information_sampling,-0.6249999999999999,-1.1293180049251745
model_agnostic_replication_behavior-9130cafb11c03530-m0,effort,-0.37499999999999994,-1.2848290288399122
model_agnostic_replication_behavior-9130cafb11c03530-m1,effort,0.0,-0.6127974664462075
model_agnostic_replication_behavior-9132f46398eaa9b5-m0,debugging,-1.375,-1.686076919495627
model_agnostic_replication_behavior-9132f46398eaa9b5-m1,debugging,-1.25,-1.45396826675393
model_agnostic_replication_behavior-91910af602b31227-m0,solvability,-0.6249999999999999,-0.7341509622190168
model_agnostic_replication_behavior-91910af602b31227-m1,solvability,-0.5,-0.38649956511456773
model_agnostic_replication_behavior-91b0d75dc4c13ada-m0,debugging,-4.5,-3.4585224880302214
model_agnostic_replication_behavior-91b0d75dc4c13ada-m1,debugging,-3.625,-3.2264138352885237
model_agnostic_replication_behavior-91c1aef5e447ce11-m0,solvability,1.0,0.5636444705280468
model_agnostic_replication_behavior-91c1aef5e447ce11-m1,solvability,-0.25,0.9112958676324958
model_agnostic_replication_behavior-91c6e602b0c01804-m0,bandit,0.24999999999999992,-0.5787398130294227
model_agnostic_replication_behavior-91c6e602b0c01804-m1,bandit,1.125,0.9193806675154915
model_agnostic_replication_behavior-91f59b669041a2e2-m0,foraging,-1.5,-1.1918793857264165
model_agnostic_replication_behavior-91f59b669041a2e2-m1,foraging,-2.625,-1.5392966587100294
model_agnostic_replication_behavior-921010f9ad03cf66-m0,effort,1.75,1.902159170564111
model_agnostic_replication_behavior-921010f9ad03cf66-m1,effort,1.3750000000000002,2.574190732957816
model_agnostic_replication_behavior-92949dfabd4a95d3-m0,foraging,-1.125,-1.4377290800434395
model_agnostic_replication_behavior-92949dfabd4a95d3-m1,foraging,-1.0000000000000002,-1.7851463530270526
model_agnostic_replication_behavior-929e5774568dea1e-m0,waiting,0.5,-0.11970265383637452
model_agnostic_replication_behavior-929e5774568dea1e-m1,waiting,1.5000000000000002,0.7641057680614629
model_agnostic_replication_behavior-92c878938a91436d-m0,foraging,-3.25,-1.860210351610068
model_agnostic_replication_behavior-92c878938a91436d-m1,foraging,-2.0,-2.2076276245936812
model_agnostic_replication_behavior-92dd0c4db7516cde-m0,bandit,0.0,-0.33191839173571047
model_agnostic_replication_behavior-92dd0c4db7516cde-m1,bandit,0.5,1.1662020888092037
model_agnostic_replication_behavior-92f029d7f7220a24-m0,solvability,1.625,0.9712475417019654
model_agnostic_replication_behavior-92f029d7f7220a24-m1,solvability,2.25,1.3188989388064143
model_agnostic_replication_behavior-93143c7a2ed4d153-m0,foraging,-1.0000000000000002,-0.9237121368407231
model_agnostic_replication_behavior-93143c7a2ed4d153-m1,foraging,-0.8750000000000002,-1.271129409824336
model_agnostic_replication_behavior-932bbe9f5d3af2f6-m0,solvability,1.3750000000000002,1.8416226586516073
model_agnostic_replication_behavior-932bbe9f5d3af2f6-m1,solvability,1.0,2.189274055756057
model_agnostic_replication_behavior-932fe3d68830cb04-m0,debugging,-3.0,-2.834642805939019
model_agnostic_replication_behavior-932fe3d68830cb04-m1,debugging,-2.375,-2.602534153197322
model_agnostic_replication_behavior-93801b0bb9ba2537-m0,effort,-2.25,-2.800303630995596
model_agnostic_replication_behavior-93801b0bb9ba2537-m1,effort,-2.5,-2.128272068601891
model_agnostic_replication_behavior-939645d368133f1d-m0,solvability,0.8750000000000001,1.0128629627104233
model_agnostic_replication_behavior-939645d368133f1d-m1,solvability,1.125,1.3605143598148721
model_agnostic_replication_behavior-93b9f402dda225b8-m0,debugging,-0.6249999999999999,-0.650436928316322
model_agnostic_replication_behavior-93b9f402dda225b8-m1,debugging,-0.12500000000000006,-0.41832827557462493
model_agnostic_replication_behavior-93ce1981bf9aa5e4-m0,debugging,-1.5,-1.419249756385362
model_agnostic_replication_behavior-93ce1981bf9aa5e4-m1,debugging,-0.37499999999999994,-1.1871411036436652
model_agnostic_replication_behavior-940216dadcef438f-m0,solvability,2.5,3.356019148242755
model_agnostic_replication_behavior-940216dadcef438f-m1,solvability,3.75,3.7036705453472036
model_agnostic_replication_behavior-943e06a2e433449d-m0,debugging,-0.8750000000000002,-1.465031140924611
model_agnostic_replication_behavior-943e06a2e433449d-m1,debugging,-1.125,-1.232922488182914
model_agnostic_replication_behavior-94d5189ecf9f261e-m0,effort,-1.25,-1.4229758122288647
model_agnostic_replication_behavior-94d5189ecf9f261e-m1,effort,-0.12500000000000006,-0.7509442498351598
model_agnostic_replication_behavior-94fdc15e7d111af0-m0,information_sampling,-0.37499999999999994,-0.835038844126625
model_agnostic_replication_behavior-94fdc15e7d111af0-m1,information_sampling,-0.6249999999999999,-0.9254039759477961
model_agnostic_replication_behavior-953123a0db7ca236-m0,solvability,-1.7499999999999998,-1.4404166371571974
model_agnostic_replication_behavior-953123a0db7ca236-m1,solvability,-0.5,-1.0927652400527483
model_agnostic_replication_behavior-95412ce9ae65716b-m0,information_sampling,0.24999999999999992,0.023205276744433956
model_agnostic_replication_behavior-95412ce9ae65716b-m1,information_sampling,-0.5,-0.06715985507673672
model_agnostic_replication_behavior-95873de7cd3d23de-m0,bandit,-5.75,-4.304476129348241
model_agnostic_replication_behavior-95873de7cd3d23de-m1,bandit,-3.0,-2.8063556488033266
model_agnostic_replication_behavior-95b680d128a853a9-m0,information_sampling,-0.12500000000000006,-0.49164723350809425
model_agnostic_replication_behavior-95b680d128a853a9-m1,information_sampling,-0.5,-0.5820123653292654
model_agnostic_replication_behavior-95da16659b84d784-m0,foraging,-1.625,-1.7628747349026888
model_agnostic_replication_behavior-95da16659b84d784-m1,foraging,-1.7499999999999998,-2.1102920078863017
model_agnostic_replication_behavior-95e440023b1ebb1f-m0,effort,0.625,-0.47364893281623477
model_agnostic_replication_behavior-95e440023b1ebb1f-m1,effort,0.125,0.19838262957747016
model_agnostic_replication_behavior-95e617c92e56e841-m0,debugging,-1.25,-1.836836420460307
model_agnostic_replication_behavior-95e617c92e56e841-m1,debugging,-1.0000000000000002,-1.6047277677186098
model_agnostic_replication_behavior-96095fa185c5c1c0-m0,information_sampling,0.125,0.046595417319760246
model_agnostic_replication_behavior-96095fa185c5c1c0-m1,information_sampling,-0.5,-0.04376971450141087
model_agnostic_replication_behavior-961abfe551bb6108-m0,solvability,1.625,1.671228739017176
model_agnostic_replication_behavior-961abfe551bb6108-m1,solvability,1.25,2.018880136121625
model_agnostic_replication_behavior-962029f791192c33-m0,debugging,0.24999999999999992,-0.07183394593751569
model_agnostic_replication_behavior-962029f791192c33-m1,debugging,-0.7500000000000001,0.16027470680418143
model_agnostic_replication_behavior-962db6b812456f5d-m0,information_sampling,-0.25,-0.17573417384614887
model_agnostic_replication_behavior-962db6b812456f5d-m1,information_sampling,-0.5,-0.2660993056673198
model_agnostic_replication_behavior-964dac0b013bf256-m0,effort,-6.75,-4.402507124474097
model_agnostic_replication_behavior-964dac0b013bf256-m1,effort,-2.875,-3.7304755620803918
model_agnostic_replication_behavior-96f1e769eb5b8372-m0,waiting,0.0,-0.42113968828178316
model_agnostic_replication_behavior-96f1e769eb5b8372-m1,waiting,0.0,0.4626687336160542
model_agnostic_replication_behavior-972b66ffefbc58ac-m0,effort,-1.625,-2.110711268412744
model_agnostic_replication_behavior-972b66ffefbc58ac-m1,effort,-0.37499999999999994,-1.4386797060190388
model_agnostic_replication_behavior-97ac23df9331762d-m0,bandit,-1.25,-1.757888378212194
model_agnostic_replication_behavior-97ac23df9331762d-m1,bandit,-1.375,-0.2597678976672798
model_agnostic_replication_behavior-97cb3c12a9e70a5d-m0,bandit,-1.5,-0.1533750333439201
model_agnostic_replication_behavior-97cb3c12a9e70a5d-m1,bandit,-0.25,1.3447454472009939
model_agnostic_replication_behavior-97e1c464d9f2e8a2-m0,solvability,2.625,2.444099834250596
model_agnostic_replication_behavior-97e1c464d9f2e8a2-m1,solvability,3.875,2.791751231355045
model_agnostic_replication_behavior-983b5f4ff11deda5-m0,waiting,-1.625,-1.6950303738898294
model_agnostic_replication_behavior-983b5f4ff11deda5-m1,waiting,-0.25,-0.8112219519919915
model_agnostic_replication_behavior-985158d05210a378-m0,solvability,2.375,1.7507876990478364
model_agnostic_replication_behavior-985158d05210a378-m1,solvability,1.3750000000000002,2.098439096152285
model_agnostic_replication_behavior-98ac3a18dd836478-m0,effort,-4.75,-3.6235615700730235
model_agnostic_replication_behavior-98ac3a18dd836478-m1,effort,-3.375,-2.9515300076793185
model_agnostic_replication_behavior-98bf3931bb091378-m0,effort,1.125,1.1313854214895132
model_agnostic_replication_behavior-98bf3931bb091378-m1,effort,0.5,1.8034169838832186
model_agnostic_replication_behavior-98d8a6a4cc352c8c-m0,effort,0.0,0.15355526915752066
model_agnostic_replication_behavior-98d8a6a4cc352c8c-m1,effort,0.0,0.8255868315512258
model_agnostic_replication_behavior-98fbbadb3babd210-m0,solvability,-1.0000000000000002,-0.8792867792565864
model_agnostic_replication_behavior-98fbbadb3babd210-m1,solvability,-0.5,-0.5316353821521373
model_agnostic_replication_behavior-991f73eafb590c66-m0,information_sampling,-0.7500000000000001,-0.8307781609907093
model_agnostic_replication_behavior-991f73eafb590c66-m1,information_sampling,-0.7500000000000001,-0.9211432928118802
model_agnostic_replication_behavior-9962edd9c458d9a2-m0,effort,-0.5,-0.6164639234196738
model_agnostic_replication_behavior-9962edd9c458d9a2-m1,effort,0.0,0.055567638974031164
model_agnostic_replication_behavior-99f2daa110117c04-m0,foraging,1.25,0.011148596200200922
model_agnostic_replication_behavior-99f2daa110117c04-m1,foraging,-0.5,-0.336268676783412
model_agnostic_replication_behavior-9a1596ca31abdd1c-m0,debugging,0.5,0.6826440233223059
model_agnostic_replication_behavior-9a1596ca31abdd1c-m1,debugging,0.625,0.9147526760640035
model_agnostic_replication_behavior-9a70bea2c4823d6a-m0,debugging,-1.0000000000000002,-1.5838660111386669
model_agnostic_replication_behavior-9a70bea2c4823d6a-m1,debugging,-2.25,-1.3517573583969698
model_agnostic_replication_behavior-9acfa11177e7197c-m0,bandit,-2.0,-1.610638920173756
model_agnostic_replication_behavior-9acfa11177e7197c-m1,bandit,-0.8750000000000002,-0.11251843962884192
model_agnostic_replication_behavior-9aff574db7ef5326-m0,effort,0.0,0.12867278234718005
model_agnostic_replication_behavior-9aff574db7ef5326-m1,effort,-0.37499999999999994,0.8007043447408851
model_agnostic_replication_behavior-9b7a7d2eb83bfc0d-m0,effort,-2.375,-1.7840880848446785
model_agnostic_replication_behavior-9b7a7d2eb83bfc0d-m1,effort,-0.7500000000000001,-1.1120565224509735
model_agnostic_replication_behavior-9b88ae29f5fdb0b9-m0,information_sampling,-0.7500000000000001,-0.8523293877230668
model_agnostic_replication_behavior-9b88ae29f5fdb0b9-m1,information_sampling,-0.7500000000000001,-0.942694519544238
model_agnostic_replication_behavior-9bb5425203a908c0-m0,information_sampling,-0.8750000000000002,-0.8714179554155435
model_agnostic_replication_behavior-9bb5425203a908c0-m1,information_sampling,-1.125,-0.9617830872367144
model_agnostic_replication_behavior-9bbf7d96242c0cea-m0,waiting,0.625,0.434099914874326
model_agnostic_replication_behavior-9bbf7d96242c0cea-m1,waiting,1.75,1.3179083367721636
model_agnostic_replication_behavior-9c6a917136a18bfd-m0,foraging,-3.375,-2.9867005784038927
model_agnostic_replication_behavior-9c6a917136a18bfd-m1,foraging,-2.0,-3.3341178513875054
model_agnostic_replication_behavior-9c8b8e260b68c5e5-m0,information_sampling,0.125,-0.5122006189864086
model_agnostic_replication_behavior-9c8b8e260b68c5e5-m1,information_sampling,-0.5,-0.6025657508075797
model_agnostic_replication_behavior-9c943d622162c74b-m0,bandit,0.125,-0.2917414402865236
model_agnostic_replication_behavior-9c943d622162c74b-m1,bandit,0.24999999999999992,1.2063790402583905
model_agnostic_replication_behavior-9c9d58145cda3fb9-m0,debugging,-0.25,-1.0045646183560089
model_agnostic_replication_behavior-9c9d58145cda3fb9-m1,debugging,-0.12500000000000006,-0.7724559656143115
model_agnostic_replication_behavior-9ca849977a72c42c-m0,foraging,-2.5,-2.4234405789621913
model_agnostic_replication_behavior-9ca849977a72c42c-m1,foraging,-2.5,-2.770857851945804
model_agnostic_replication_behavior-9cd00b1dbe5b6f3a-m0,waiting,-2.125,-1.8248876406026548
model_agnostic_replication_behavior-9cd00b1dbe5b6f3a-m1,waiting,-1.25,-0.941079218704817
model_agnostic_replication_behavior-9cd2e9af61da6148-m0,bandit,-3.875,-4.142694285321845
model_agnostic_replication_behavior-9cd2e9af61da6148-m1,bandit,-1.375,-2.6445738047769316
model_agnostic_replication_behavior-9cfb4e82e10d17f2-m0,effort,1.0,0.9915151115240295
model_agnostic_replication_behavior-9cfb4e82e10d17f2-m1,effort,0.8750000000000001,1.6635466739177347
model_agnostic_replication_behavior-9d936d7ce8fd8248-m0,solvability,1.75,1.4934490533198241
model_agnostic_replication_behavior-9d936d7ce8fd8248-m1,solvability,1.625,1.841100450424273
model_agnostic_replication_behavior-9da819f437196ebd-m0,bandit,-2.375,-2.91024161922007
model_agnostic_replication_behavior-9da819f437196ebd-m1,bandit,-0.37499999999999994,-1.4121211386751562
model_agnostic_replication_behavior-9dbe0bb02f11a68a-m0,bandit,-1.25,-2.1009404523949504
model_agnostic_replication_behavior-9dbe0bb02f11a68a-m1,bandit,-2.25,-0.6028199718500366
model_agnostic_replication_behavior-9ddb551eee3445fe-m0,foraging,-0.37499999999999994,-0.4967931952013155
model_agnostic_replication_behavior-9ddb551eee3445fe-m1,foraging,-0.7500000000000001,-0.8442104681849283
model_agnostic_replication_behavior-9e2867fdf9c03a91-m0,foraging,-3.125,-1.9757511274583206
model_agnostic_replication_behavior-9e2867fdf9c03a91-m1,foraging,-3.0,-2.3231684004419333
model_agnostic_replication_behavior-9e5b10b6c844f2d6-m0,waiting,0.625,-0.4254933218624596
model_agnostic_replication_behavior-9e5b10b6c844f2d6-m1,waiting,-0.6249999999999999,0.4583151000353779
model_agnostic_replication_behavior-9e73d89a206ad669-m0,solvability,0.8750000000000001,0.243242976963637
model_agnostic_replication_behavior-9e73d89a206ad669-m1,solvability,0.7500000000000002,0.5908943740680859
model_agnostic_replication_behavior-9e97352117542735-m0,effort,-1.25,-0.8127754884674534
model_agnostic_replication_behavior-9e97352117542735-m1,effort,-1.125,-0.14074392607374833
model_agnostic_replication_behavior-9ead76575469d6e8-m0,bandit,-2.25,-2.42406957783156
model_agnostic_replication_behavior-9ead76575469d6e8-m1,bandit,-1.125,-0.9259490972866463
model_agnostic_replication_behavior-9f1d78f5eb0ec35b-m0,solvability,1.25,1.380814801891748
model_agnostic_replication_behavior-9f1d78f5eb0ec35b-m1,solvability,0.5,1.728466198996197
model_agnostic_replication_behavior-9f62e32d4455892b-m0,waiting,-1.375,-0.9643566590229828
model_agnostic_replication_behavior-9f62e32d4455892b-m1,waiting,0.625,-0.08054823712514547
model_agnostic_replication_behavior-9f6397cb681673b4-m0,effort,-1.125,-1.4515158184868229
model_agnostic_replication_behavior-9f6397cb681673b4-m1,effort,-0.7500000000000001,-0.7794842560931177
model_agnostic_replication_behavior-9f919fcbeaf46708-m0,debugging,-1.375,-1.6822929661025754
model_agnostic_replication_behavior-9f919fcbeaf46708-m1,debugging,-2.125,-1.4501843133608783
model_agnostic_replication_behavior-9ff975f1cc400fc2-m0,foraging,0.5,0.06927538694520141
model_agnostic_replication_behavior-9ff975f1cc400fc2-m1,foraging,-0.7500000000000001,-0.27814188603841145
model_agnostic_replication_behavior-a0033973ccb4233d-m0,solvability,0.7500000000000002,0.06421847852998086
model_agnostic_replication_behavior-a0033973ccb4233d-m1,solvability,0.8750000000000001,0.4118698756344299
model_agnostic_replication_behavior-a00dba40d5edb6e1-m0,debugging,-2.25,-1.867462942958848
model_agnostic_replication_behavior-a00dba40d5edb6e1-m1,debugging,-1.7499999999999998,-1.635354290217151
model_agnostic_replication_behavior-a015e265c1b07c99-m0,information_sampling,-0.37499999999999994,-0.6130608044398902
model_agnostic_replication_behavior-a015e265c1b07c99-m1,information_sampling,-0.6249999999999999,-0.7034259362610612
model_agnostic_replication_behavior-a01d1c9bb5374f11-m0,information_sampling,-2.375,-1.3412048438539363
model_agnostic_replication_behavior-a01d1c9bb5374f11-m1,information_sampling,-1.0000000000000002,-1.4315699756751075
model_agnostic_replication_behavior-a0205177286385ca-m0,foraging,-2.625,-2.214338348325556
model_agnostic_replication_behavior-a0205177286385ca-m1,foraging,-1.875,-2.561755621309169
model_agnostic_replication_behavior-a0238357b16d73f4-m0,effort,-5.0,-4.018480681079263
model_agnostic_replication_behavior-a0238357b16d73f4-m1,effort,-3.0,-3.3464491186855576
model_agnostic_replication_behavior-a02cd2dd4809b113-m0,information_sampling,-1.25,-1.0665538339617244
model_agnostic_replication_behavior-a02cd2dd4809b113-m1,information_sampling,-0.6249999999999999,-1.1569189657828955
model_agnostic_replication_behavior-a03911b6efb1a567-m0,effort,1.0,-0.09037109874246152
model_agnostic_replication_behavior-a03911b6efb1a567-m1,effort,0.0,0.5816604636512435
model_agnostic_replication_behavior-a0614c4eed4fc20f-m0,foraging,0.37499999999999994,-0.4775961784018269
model_agnostic_replication_behavior-a0614c4eed4fc20f-m1,foraging,-0.8750000000000002,-0.8250134513854398
model_agnostic_replication_behavior-a07f0ac9de5a69dd-m0,debugging,-2.5,-2.1192253219805144
model_agnostic_replication_behavior-a07f0ac9de5a69dd-m1,debugging,-1.875,-1.887116669238817
model_agnostic_replication_behavior-a0e421a8a8bb7800-m0,debugging,-4.375,-2.974713930048443
model_agnostic_replication_behavior-a0e421a8a8bb7800-m1,debugging,-3.625,-2.7426052773067457
model_agnostic_replication_behavior-a0fcd1f9e1a4e0ba-m0,debugging,-0.5,-1.113910332267364
model_agnostic_replication_behavior-a0fcd1f9e1a4e0ba-m1,debugging,-0.7500000000000001,-0.8818016795256672
model_agnostic_replication_behavior-a1117ec1dbda2a69-m0,waiting,-1.5,-1.5376528328756982
model_agnostic_replication_behavior-a1117ec1dbda2a69-m1,waiting,-1.5,-0.653844410977861
model_agnostic_replication_behavior-a12f808134e721d4-m0,effort,-3.875,-3.0178148158243134
model_agnostic_replication_behavior-a12f808134e721d4-m1,effort,-2.0,-2.345783253430609
model_agnostic_replication_behavior-a15aa4c14e33ca93-m0,solvability,1.8749999999999998,2.010550165155138
model_agnostic_replication_behavior-a15aa4c14e33ca93-m1,solvability,1.75,2.3582015622595867
model_agnostic_replication_behavior-a174e27c2c3bead6-m0,solvability,1.625,1.7018966654425907
model_agnostic_replication_behavior-a174e27c2c3bead6-m1,solvability,2.125,2.0495480625470397
model_agnostic_replication_behavior-a175f8adb410af7b-m0,foraging,-0.7500000000000001,-0.5230950843376315
model_agnostic_replication_behavior-a175f8adb410af7b-m1,foraging,-0.6249999999999999,-0.8705123573212444
model_agnostic_replication_behavior-a17642a3c59fe982-m0,foraging,-0.8750000000000002,-1.3025430323500973
model_agnostic_replication_behavior-a17642a3c59fe982-m1,foraging,-1.25,-1.64996030533371
model_agnostic_replication_behavior-a1a371ca0205f3b5-m0,solvability,2.5,2.4207713797538695
model_agnostic_replication_behavior-a1a371ca0205f3b5-m1,solvability,3.5,2.7684227768583183
model_agnostic_replication_behavior-a1a540ac216b53e9-m0,information_sampling,-0.6249999999999999,-0.7284032948978694
model_agnostic_replication_behavior-a1a540ac216b53e9-m1,information_sampling,-0.5,-0.8187684267190403
model_agnostic_replication_behavior-a27d12ee74eb009d-m0,effort,-0.25,-1.035232741537023
model_agnostic_replication_behavior-a27d12ee74eb009d-m1,effort,-0.8750000000000002,-0.3632011791433179
model_agnostic_replication_behavior-a2852f751614d7a1-m0,waiting,0.5,0.9912643101854897
model_agnostic_replication_behavior-a2852f751614d7a1-m1,waiting,0.8750000000000001,1.8750727320833267
model_agnostic_replication_behavior-a308d567384b758e-m0,waiting,-1.25,-1.3471631394997337
model_agnostic_replication_behavior-a308d567384b758e-m1,waiting,0.37499999999999994,-0.4633547176018964
model_agnostic_replication_behavior-a31319d2f11fc6a4-m0,information_sampling,-0.8750000000000002,-0.8864746967911048
model_agnostic_replication_behavior-a31319d2f11fc6a4-m1,information_sampling,-0.6249999999999999,-0.9768398286122757
model_agnostic_replication_behavior-a32a2569c8a971ff-m0,foraging,1.125,-0.3402551721534844
model_agnostic_replication_behavior-a32a2569c8a971ff-m1,foraging,-0.25,-0.6876724451370971
model_agnostic_replication_behavior-a377c64c042c97fa-m0,bandit,-1.0000000000000002,-1.3509406283716647
model_agnostic_replication_behavior-a377c64c042c97fa-m1,bandit,-0.25,0.14717985217324953
model_agnostic_replication_behavior-a3a86d0cdc3cad93-m0,solvability,2.0,1.871957259715914
model_agnostic_replication_behavior-a3a86d0cdc3cad93-m1,solvability,2.25,2.2196086568203626
model_agnostic_replication_behavior-a3a93cc6e9169fa3-m0,information_sampling,-0.6249999999999999,-0.7686535762633855
model_agnostic_replication_behavior-a3a93cc6e9169fa3-m1,information_sampling,-0.7500000000000001,-0.8590187080845566
model_agnostic_replication_behavior-a3c0f6578ab20b83-m0,information_sampling,-0.37499999999999994,-0.21012375580987352
model_agnostic_replication_behavior-a3c0f6578ab20b83-m1,information_sampling,-0.6249999999999999,-0.3004888876310443
model_agnostic_replication_behavior-a3cfb7159fafdec6-m0,debugging,1.0,0.8715661314774446
model_agnostic_replication_behavior-a3cfb7159fafdec6-m1,debugging,0.37499999999999994,1.1036747842191414
model_agnostic_replication_behavior-a42ca42c513b241a-m0,solvability,0.24999999999999992,-0.23150282505563557
model_agnostic_replication_behavior-a42ca42c513b241a-m1,solvability,0.625,0.1161485720488134
model_agnostic_replication_behavior-a451b64017f24c80-m0,waiting,1.625,1.139077279232119
model_agnostic_replication_behavior-a451b64017f24c80-m1,waiting,1.125,2.022885701129957
model_agnostic_replication_behavior-a4613ac8506c78c0-m0,debugging,-0.5,-0.6861138706914435
model_agnostic_replication_behavior-a4613ac8506c78c0-m1,debugging,-0.7500000000000001,-0.45400521794974646
model_agnostic_replication_behavior-a46f5360fc23da31-m0,debugging,0.0,-0.2444765444888224
model_agnostic_replication_behavior-a46f5360fc23da31-m1,debugging,-1.125,-0.012367891747125048
model_agnostic_replication_behavior-a47fbfe4b3b204ba-m0,solvability,-4.0,-2.3718291491316252
model_agnostic_replication_behavior-a47fbfe4b3b204ba-m1,solvability,-1.0000000000000002,-2.0241777520271773
model_agnostic_replication_behavior-a487512d9591d2b5-m0,bandit,-5.125,-3.919033823307451
model_agnostic_replication_behavior-a487512d9591d2b5-m1,bandit,-2.875,-2.4209133427625367
model_agnostic_replication_behavior-a4c54bc3ec62e053-m0,information_sampling,-0.37499999999999994,-0.4843120959275776
model_agnostic_replication_behavior-a4c54bc3ec62e053-m1,information_sampling,-0.6249999999999999,-0.5746772277487491
model_agnostic_replication_behavior-a4e37f63ffad0136-m0,waiting,0.7500000000000002,0.11435311275085958
model_agnostic_replication_behavior-a4e37f63ffad0136-m1,waiting,1.0,0.9981615346486971
model_agnostic_replication_behavior-a4fbc588f4f2f1c1-m0,bandit,-2.375,-2.1102878392338216
model_agnostic_replication_behavior-a4fbc588f4f2f1c1-m1,bandit,-1.0000000000000002,-0.6121673586889071
model_agnostic_replication_behavior-a528e71ab9d6cfb9-m0,information_sampling,-0.7500000000000001,-0.825201508986719
model_agnostic_replication_behavior-a528e71ab9d6cfb9-m1,information_sampling,-0.8750000000000002,-0.9155666408078899
model_agnostic_replication_behavior-a52df98b57929acf-m0,bandit,-2.375,-2.2075713829892414
model_agnostic_replication_behavior-a52df98b57929acf-m1,bandit,0.0,-0.7094509024443274
model_agnostic_replication_behavior-a543d323f11e92dd-m0,waiting,-0.5,-1.1165232616502891
model_agnostic_replication_behavior-a543d323f11e92dd-m1,waiting,-0.25,-0.23271483975245183
model_agnostic_replication_behavior-a5a6f09268e89b34-m0,information_sampling,-1.625,-1.1996078621328317
model_agnostic_replication_behavior-a5a6f09268e89b34-m1,information_sampling,-1.375,-1.2899729939540026
model_agnostic_replication_behavior-a5c3d29c9fb7e4dc-m0,foraging,-1.7499999999999998,-1.7082247144792595
model_agnostic_replication_behavior-a5c3d29c9fb7e4dc-m1,foraging,-2.875,-2.055641987462873
model_agnostic_replication_behavior-a5ce8bd5b16bf8f7-m0,information_sampling,-1.25,-1.092467518444893
model_agnostic_replication_behavior-a5ce8bd5b16bf8f7-m1,information_sampling,-0.5,-1.182832650266064
model_agnostic_replication_behavior-a5e146830253c8b8-m0,debugging,-1.375,-1.7427256661170571
model_agnostic_replication_behavior-a5e146830253c8b8-m1,debugging,-1.7499999999999998,-1.5106170133753598
model_agnostic_replication_behavior-a646ebd939cd594b-m0,waiting,0.0,-0.34415591990690375
model_agnostic_replication_behavior-a646ebd939cd594b-m1,waiting,0.125,0.5396525019909335
model_agnostic_replication_behavior-a68d3e0aa669146a-m0,solvability,0.0,0.46023740619934256
model_agnostic_replication_behavior-a68d3e0aa669146a-m1,solvability,-0.25,0.8078888033037914
model_agnostic_replication_behavior-a69e531dd13ba571-m0,waiting,0.5,-0.2810962415536191
model_agnostic_replication_behavior-a69e531dd13ba571-m1,waiting,-0.6249999999999999,0.6027121803442179
model_agnostic_replication_behavior-a6c9a1b963478f89-m0,information_sampling,-0.25,-0.7406351824497963
model_agnostic_replication_behavior-a6c9a1b963478f89-m1,information_sampling,-0.7500000000000001,-0.8310003142709671
model_agnostic_replication_behavior-a6d80956f32032cf-m0,debugging,-4.125,-2.267977841150693
model_agnostic_replication_behavior-a6d80956f32032cf-m1,debugging,-2.375,-2.0358691884089954
model_agnostic_replication_behavior-a6ed1397d814db82-m0,waiting,1.125,0.581912883920956
model_agnostic_replication_behavior-a6ed1397d814db82-m1,waiting,2.75,1.4657213058187932
model_agnostic_replication_behavior-a74f835b98d84c09-m0,effort,-5.75,-3.9312100336598252
model_agnostic_replication_behavior-a74f835b98d84c09-m1,effort,-2.625,-3.2591784712661203
model_agnostic_replication_behavior-a76dcd9640ae67bf-m0,information_sampling,-1.375,-0.6879198102444211
model_agnostic_replication_behavior-a76dcd9640ae67bf-m1,information_sampling,-0.8750000000000002,-0.7782849420655915
model_agnostic_replication_behavior-a7ab7a2e0d8545a1-m0,foraging,0.0,0.17176745124617587
model_agnostic_replication_behavior-a7ab7a2e0d8545a1-m1,foraging,-0.6249999999999999,-0.17564982173743682
model_agnostic_replication_behavior-a7c97b3af4ca8c64-m0,information_sampling,0.125,-0.31735045803602135
model_agnostic_replication_behavior-a7c97b3af4ca8c64-m1,information_sampling,-0.7500000000000001,-0.40771558985719225
model_agnostic_replication_behavior-a7d9dee50aa7b775-m0,bandit,-3.375,-2.9542962011474936
model_agnostic_replication_behavior-a7d9dee50aa7b775-m1,bandit,-0.8750000000000002,-1.4561757206025794
model_agnostic_replication_behavior-a7ded166a44d2eec-m0,solvability,2.0,2.4930895947228073
model_agnostic_replication_behavior-a7ded166a44d2eec-m1,solvability,2.875,2.840740991827257
model_agnostic_replication_behavior-a7eb61b60ddd0e1c-m0,foraging,1.75,1.3577748824679003
model_agnostic_replication_behavior-a7eb61b60ddd0e1c-m1,foraging,1.25,1.0103576094842877
model_agnostic_replication_behavior-a7f63c768d2b931c-m0,solvability,0.8750000000000001,0.20416667679097716
model_agnostic_replication_behavior-a7f63c768d2b931c-m1,solvability,0.8750000000000001,0.551818073895426
model_agnostic_replication_behavior-a830c826b0ed4264-m0,effort,-3.625,-3.4123864471004586
model_agnostic_replication_behavior-a830c826b0ed4264-m1,effort,-2.25,-2.740354884706753
model_agnostic_replication_behavior-a849749b5020b267-m0,debugging,-8.125,-3.6862616853816905
model_agnostic_replication_behavior-a849749b5020b267-m1,debugging,-3.75,-3.454153032639993
model_agnostic_replication_behavior-a8e1a5f78fe34455-m0,information_sampling,-0.25,-0.507939935850493
model_agnostic_replication_behavior-a8e1a5f78fe34455-m1,information_sampling,-0.6249999999999999,-0.598305067671664
model_agnostic_replication_behavior-a8fe42ca48c26324-m0,debugging,0.8750000000000001,0.11201611991400329
model_agnostic_replication_behavior-a8fe42ca48c26324-m1,debugging,1.0,0.34412477265570063
model_agnostic_replication_behavior-a902c9fdbad01d0a-m0,foraging,0.8750000000000001,0.14861716648664858
model_agnostic_replication_behavior-a902c9fdbad01d0a-m1,foraging,0.5,-0.1988001064969641
model_agnostic_replication_behavior-a90dea3553dfce28-m0,waiting,-1.0000000000000002,-1.3976093861475345
model_agnostic_replication_behavior-a90dea3553dfce28-m1,waiting,-1.375,-0.5138009642496972
model_agnostic_replication_behavior-a94220409f3387ce-m0,effort,0.24999999999999992,-0.00635412634672089
model_agnostic_replication_behavior-a94220409f3387ce-m1,effort,1.125,0.6656774360469845
model_agnostic_replication_behavior-a94b591a2bff9baa-m0,information_sampling,-0.25,-0.31770200951519545
model_agnostic_replication_behavior-a94b591a2bff9baa-m1,information_sampling,-0.5,-0.4080671413363666
model_agnostic_replication_behavior-a96bd9980f147e39-m0,foraging,-2.75,-2.210153444352555
model_agnostic_replication_behavior-a96bd9980f147e39-m1,foraging,-2.625,-2.557570717336168
model_agnostic_replication_behavior-a96c2bd43fa2e9bd-m0,effort,-1.375,-1.5364017634431812
model_agnostic_replication_behavior-a96c2bd43fa2e9bd-m1,effort,-0.12500000000000006,-0.8643702010494762
model_agnostic_replication_behavior-a980e77008cda552-m0,foraging,-1.125,-1.4344079286936215
model_agnostic_replication_behavior-a980e77008cda552-m1,foraging,-2.125,-1.7818252016772345
model_agnostic_replication_behavior-a9c746969fb565bb-m0,solvability,-1.625,-1.3829023893867693
model_agnostic_replication_behavior-a9c746969fb565bb-m1,solvability,-0.6249999999999999,-1.0352509922823205
model_agnostic_replication_behavior-aa288658934d6f08-m0,foraging,0.0,-0.17331714468544968
model_agnostic_replication_behavior-aa288658934d6f08-m1,foraging,-0.5,-0.5207344176690626
model_agnostic_replication_behavior-aa3e1e1aafce3bed-m0,solvability,-0.25,-0.09141333181400646
model_agnostic_replication_behavior-aa3e1e1aafce3bed-m1,solvability,0.5,0.2562380652904423
model_agnostic_replication_behavior-aa57df58cdba4ce5-m0,debugging,0.37499999999999994,-0.39254580286981944
model_agnostic_replication_behavior-aa57df58cdba4ce5-m1,debugging,-0.5,-0.1604371501281221
model_agnostic_replication_behavior-aad187a47ece8336-m0,debugging,-1.25,-1.1587980429611318
model_agnostic_replication_behavior-aad187a47ece8336-m1,debugging,-1.25,-0.9266893902194345
model_agnostic_replication_behavior-aaef65062abf2819-m0,bandit,-2.625,-2.3449485861166393
model_agnostic_replication_behavior-aaef65062abf2819-m1,bandit,-0.5,-0.8468281055717252
model_agnostic_replication_behavior-aaf8aa5de0fc6b93-m0,debugging,0.125,-0.5775944473232668
model_agnostic_replication_behavior-aaf8aa5de0fc6b93-m1,debugging,-0.6249999999999999,-0.3454857945815698
model_agnostic_replication_behavior-ab1aa6db35ae8557-m0,debugging,-1.375,-2.1098168977248823
model_agnostic_replication_behavior-ab1aa6db35ae8557-m1,debugging,-2.125,-1.8777082449831854
model_agnostic_replication_behavior-ab1afbf27364f180-m0,foraging,1.0,0.384716704419666
model_agnostic_replication_behavior-ab1afbf27364f180-m1,foraging,0.37499999999999994,0.03729943143605319
model_agnostic_replication_behavior-ab54dec61ded46a8-m0,bandit,-3.25,-3.3757833503547596
model_agnostic_replication_behavior-ab54dec61ded46a8-m1,bandit,-2.75,-1.8776628698098454
model_agnostic_replication_behavior-aba2d544304c5912-m0,debugging,-0.5,-0.6917673326327958
model_agnostic_replication_behavior-aba2d544304c5912-m1,debugging,-0.7500000000000001,-0.45965867989109865
model_agnostic_replication_behavior-abb5317ab5b4a015-m0,waiting,-2.25,-2.0827102058758413
model_agnostic_replication_behavior-abb5317ab5b4a015-m1,waiting,-1.375,-1.198901783978004
model_agnostic_replication_behavior-ac38923080b383a6-m0,debugging,-4.0,-3.6444922867866296
model_agnostic_replication_behavior-ac38923080b383a6-m1,debugging,-2.0,-3.4123836340449327
model_agnostic_replication_behavior-ac890acb50f7ec0e-m0,information_sampling,-0.37499999999999994,-0.6192985606744488
model_agnostic_replication_behavior-ac890acb50f7ec0e-m1,information_sampling,-0.8750000000000002,-0.7096636924956197
model_agnostic_replication_behavior-acbaebba4c74cb02-m0,bandit,-3.5,-3.2237803320531726
model_agnostic_replication_behavior-acbaebba4c74cb02-m1,bandit,-1.25,-1.7256598515082584
model_agnostic_replication_behavior-accd5275ffc2344c-m0,effort,-0.25,-0.25605145112420363
model_agnostic_replication_behavior-accd5275ffc2344c-m1,effort,-0.12500000000000006,0.4159801112695015
model_agnostic_replication_behavior-acf7c0f8f0de4cdd-m0,information_sampling,-0.5,-0.965687676581132
model_agnostic_replication_behavior-acf7c0f8f0de4cdd-m1,information_sampling,-0.8750000000000002,-1.056052808402303
model_agnostic_replication_behavior-ad17b7f6e94b25c2-m0,effort,-1.375,-1.2928913087995135
model_agnostic_replication_behavior-ad17b7f6e94b25c2-m1,effort,-1.5,-0.6208597464058087
model_agnostic_replication_behavior-ad58471ff39d62b3-m0,information_sampling,0.37499999999999994,-0.18732476823193944
model_agnostic_replication_behavior-ad58471ff39d62b3-m1,information_sampling,-0.6249999999999999,-0.27768990005311034
model_agnostic_replication_behavior-ad86cbf40f63c41b-m0,waiting,-0.7500000000000001,-0.8561874650553694
model_agnostic_replication_behavior-ad86cbf40f63c41b-m1,waiting,-0.37499999999999994,0.027620956842468125
model_agnostic_replication_behavior-ad9239f863ee41f7-m0,solvability,0.0,-0.17141317513575416
model_agnostic_replication_behavior-ad9239f863ee41f7-m1,solvability,0.125,0.17623822196869476
model_agnostic_replication_behavior-adf66d1532af3585-m0,debugging,-1.375,-0.7721637708319836
model_agnostic_replication_behavior-adf66d1532af3585-m1,debugging,-2.0,-0.5400551180902866
model_agnostic_replication_behavior-ae29143e83f51d84-m0,bandit,-3.375,-2.779282326425211
model_agnostic_replication_behavior-ae29143e83f51d84-m1,bandit,-1.0000000000000002,-1.2811618458802971
model_agnostic_replication_behavior-ae3f93b7a5b07031-m0,waiting,-1.375,-1.6355904942180648
model_agnostic_replication_behavior-ae3f93b7a5b07031-m1,waiting,-0.12500000000000006,-0.7517820723202274
model_agnostic_replication_behavior-ae993fc3f92cbf0d-m0,solvability,-1.375,-0.8349346332436698
model_agnostic_replication_behavior-ae993fc3f92cbf0d-m1,solvability,0.0,-0.48728323613922075
model_agnostic_replication_behavior-ae9d6a62b9996a52-m0,effort,0.0,-0.6987056284511752
model_agnostic_replication_behavior-ae9d6a62b9996a52-m1,effort,-0.37499999999999994,-0.026674066057470247
model_agnostic_replication_behavior-aecc506b9efb42c7-m0,foraging,-1.375,-1.511233782707984
model_agnostic_replication_behavior-aecc506b9efb42c7-m1,foraging,-2.5,-1.858651055691597
model_agnostic_replication_behavior-af0b27cc9c3c3c61-m0,foraging,0.7500000000000002,0.23387350303515242
model_agnostic_replication_behavior-af0b27cc9c3c3c61-m1,foraging,-0.8750000000000002,-0.1135437699484605
model_agnostic_replication_behavior-af0b84099a005ab1-m0,bandit,-0.25,-0.6906606239988694
model_agnostic_replication_behavior-af0b84099a005ab1-m1,bandit,1.0,0.8074598565460445
model_agnostic_replication_behavior-af77d164614b1d66-m0,debugging,0.7500000000000002,0.9351437536425036
model_agnostic_replication_behavior-af77d164614b1d66-m1,debugging,0.7500000000000002,1.167252406384201
model_agnostic_replication_behavior-af77e1e8d4a048b0-m0,debugging,-0.7500000000000001,-1.2529551270626107
model_agnostic_replication_behavior-af77e1e8d4a048b0-m1,debugging,-0.8750000000000002,-1.0208464743209136
model_agnostic_replication_behavior-af7a3776375cf5d8-m0,foraging,1.25,0.36146620733215706
model_agnostic_replication_behavior-af7a3776375cf5d8-m1,foraging,0.125,0.014048934348544262
model_agnostic_replication_behavior-af9b04e92981df21-m0,foraging,0.8750000000000001,-0.04452158569084319
model_agnostic_replication_behavior-af9b04e92981df21-m1,foraging,0.0,-0.3919388586744563
model_agnostic_replication_behavior-afb3467b7db67954-m0,debugging,-1.5,-1.241028569909331
model_agnostic_replication_behavior-afb3467b7db67954-m1,debugging,-1.5,-1.0089199171676342
model_agnostic_replication_behavior-afd29f0454e4c837-m0,information_sampling,-1.0000000000000002,-0.7623154006779751
model_agnostic_replication_behavior-afd29f0454e4c837-m1,information_sampling,-0.8750000000000002,-0.852680532499146
model_agnostic_replication_behavior-b0278a57ed64cc5b-m0,waiting,-1.875,-0.7229143096047537
model_agnostic_replication_behavior-b0278a57ed64cc5b-m1,waiting,0.8750000000000001,0.16089411229308387
model_agnostic_replication_behavior-b0363d1497b21cd4-m0,information_sampling,-1.125,-1.0246055315224385
model_agnostic_replication_behavior-b0363d1497b21cd4-m1,information_sampling,-0.6249999999999999,-1.1149706633436094
model_agnostic_replication_behavior-b059e762ede61b75-m0,bandit,-3.5,-3.067183487175864
model_agnostic_replication_behavior-b059e762ede61b75-m1,bandit,-0.25,-1.5690630066309499
model_agnostic_replication_behavior-b0799ff589d12830-m0,solvability,1.25,0.9789781409989313
model_agnostic_replication_behavior-b0799ff589d12830-m1,solvability,0.37499999999999994,1.3266295381033801
model_agnostic_replication_behavior-b079d0c7150c5026-m0,solvability,0.7500000000000002,0.4439178820549719
model_agnostic_replication_behavior-b079d0c7150c5026-m1,solvability,1.125,0.7915692791594209
model_agnostic_replication_behavior-b08ce482cad5e8d8-m0,solvability,0.5,0.4374082709721464
model_agnostic_replication_behavior-b08ce482cad5e8d8-m1,solvability,0.625,0.7850596680765954
model_agnostic_replication_behavior-b08dda7e86b74f39-m0,waiting,-1.5,-0.7185606760240774
model_agnostic_replication_behavior-b08dda7e86b74f39-m1,waiting,0.0,0.16524774587376012
model_agnostic_replication_behavior-b091f89781ed3b2b-m0,waiting,-4.0,-3.0013150301870106
model_agnostic_replication_behavior-b091f89781ed3b2b-m1,waiting,-1.125,-2.117506608289173
model_agnostic_replication_behavior-b0e8eab1286e0495-m0,effort,-1.5,-1.1929018413113552
model_agnostic_replication_behavior-b0e8eab1286e0495-m1,effort,-1.375,-0.52087027891765
model_agnostic_replication_behavior-b104e976596e9b41-m0,waiting,-0.25,-0.4919688889535335
model_agnostic_replication_behavior-b104e976596e9b41-m1,waiting,0.24999999999999992,0.39183953294430374
model_agnostic_replication_behavior-b11901307bf86676-m0,waiting,-1.0000000000000002,-0.9875748656371323
model_agnostic_replication_behavior-b11901307bf86676-m1,waiting,0.125,-0.103766443739295
model_agnostic_replication_behavior-b13bb523a16cd0b6-m0,effort,1.3750000000000002,1.0391233195447358
model_agnostic_replication_behavior-b13bb523a16cd0b6-m1,effort,1.5000000000000002,1.711154881938441
model_agnostic_replication_behavior-b154cc31684d8f3f-m0,bandit,-4.5,-4.553774143445086
model_agnostic_replication_behavior-b154cc31684d8f3f-m1,bandit,-3.5,-3.0556536629001716
model_agnostic_replication_behavior-b16568e0116fc1e7-m0,information_sampling,-1.875,-1.1624840775512895
model_agnostic_replication_behavior-b16568e0116fc1e7-m1,information_sampling,-1.0000000000000002,-1.2528492093724606
model_agnostic_replication_behavior-b1732c0d94b9cc23-m0,effort,-0.37499999999999994,-0.6973005450142785
model_agnostic_replication_behavior-b1732c0d94b9cc23-m1,effort,-0.25,-0.025268982620573532
model_agnostic_replication_behavior-b1815e9392c1084d-m0,effort,0.125,0.2531088839599115
model_agnostic_replication_behavior-b1815e9392c1084d-m1,effort,-0.37499999999999994,0.9251404463536166
model_agnostic_replication_behavior-b198af7ba8d1b526-m0,debugging,0.8750000000000001,0.8008989845199217
model_agnostic_replication_behavior-b198af7ba8d1b526-m1,debugging,-0.25,1.0330076372616186
model_agnostic_replication_behavior-b1ab096de809d49a-m0,information_sampling,0.125,-0.25954341722140656
model_agnostic_replication_behavior-b1ab096de809d49a-m1,information_sampling,-0.5,-0.3499085490425776
model_agnostic_replication_behavior-b221a40bc1ed3b52-m0,waiting,-1.7499999999999998,-1.8205340070219784
model_agnostic_replication_behavior-b221a40bc1ed3b52-m1,waiting,-1.375,-0.9367255851241406
model_agnostic_replication_behavior-b240fb3e40f52959-m0,effort,-5.0,-4.095950024861703
model_agnostic_replication_behavior-b240fb3e40f52959-m1,effort,-2.625,-3.4239184624679977
model_agnostic_replication_behavior-b2485125974a9402-m0,effort,-0.7500000000000001,-1.735546199562002
model_agnostic_replication_behavior-b2485125974a9402-m1,effort,-1.5,-1.0635146371682969
model_agnostic_replication_behavior-b24b3b34b3c76553-m0,effort,-3.375,-2.2065895738444246
model_agnostic_replication_behavior-b24b3b34b3c76553-m1,effort,-2.5,-1.5345580114507196
model_agnostic_replication_behavior-b2a35d25bbfe0347-m0,effort,-0.7500000000000001,-0.7643965133447589
model_agnostic_replication_behavior-b2a35d25bbfe0347-m1,effort,-0.6249999999999999,-0.09236495095105393
model_agnostic_replication_behavior-b2affe67e7dad167-m0,foraging,1.0,0.5734958654152995
model_agnostic_replication_behavior-b2affe67e7dad167-m1,foraging,0.24999999999999992,0.22607859243168682
model_agnostic_replication_behavior-b2da15a4060b4ae3-m0,solvability,2.375,2.5987710591119217
model_agnostic_replication_behavior-b2da15a4060b4ae3-m1,solvability,3.75,2.9464224562163706
model_agnostic_replication_behavior-b310632467f80f9f-m0,information_sampling,-1.5,-1.2166268145580228
model_agnostic_replication_behavior-b310632467f80f9f-m1,information_sampling,-1.0000000000000002,-1.3069919463791937
model_agnostic_replication_behavior-b329f57d6f2aca28-m0,solvability,0.7500000000000002,0.19175635530025098
model_agnostic_replication_behavior-b329f57d6f2aca28-m1,solvability,0.7500000000000002,0.5394077524047001
model_agnostic_replication_behavior-b33806b03d34fa75-m0,effort,0.24999999999999992,-0.8481364996166056
model_agnostic_replication_behavior-b33806b03d34fa75-m1,effort,0.37499999999999994,-0.17610493722290055
model_agnostic_replication_behavior-b39655be6ad67a0e-m0,foraging,0.625,-0.2952892511438132
model_agnostic_replication_behavior-b39655be6ad67a0e-m1,foraging,0.125,-0.6427065241274257
model_agnostic_replication_behavior-b3c5d4dd465aa910-m0,information_sampling,-0.6249999999999999,-0.6519242400877096
model_agnostic_replication_behavior-b3c5d4dd465aa910-m1,information_sampling,-0.37499999999999994,-0.7422893719088806
model_agnostic_replication_behavior-b3fc63e98c34e0c1-m0,debugging,-0.25,-0.32754092760106723
model_agnostic_replication_behavior-b3fc63e98c34e0c1-m1,debugging,0.0,-0.09543227485937011
model_agnostic_replication_behavior-b4091cd5acefef50-m0,bandit,-1.5,-2.143330684252984
model_agnostic_replication_behavior-b4091cd5acefef50-m1,bandit,-2.125,-0.64521020370807
model_agnostic_replication_behavior-b417cb54ca5cb0a9-m0,waiting,-1.625,-1.2419815421725295
model_agnostic_replication_behavior-b417cb54ca5cb0a9-m1,waiting,-0.25,-0.35817312027469217
model_agnostic_replication_behavior-b43d0c4c83424957-m0,debugging,-0.5,-0.801597018338547
model_agnostic_replication_behavior-b43d0c4c83424957-m1,debugging,-1.125,-0.56948836559685
model_agnostic_replication_behavior-b43fa222450ee229-m0,bandit,0.24999999999999992,-0.7440511407253263
model_agnostic_replication_behavior-b43fa222450ee229-m1,bandit,0.7500000000000002,0.7540693398195877
model_agnostic_replication_behavior-b45b8c56007b8889-m0,foraging,-0.8750000000000002,-1.0748244872297965
model_agnostic_replication_behavior-b45b8c56007b8889-m1,foraging,-1.25,-1.4222417602134094
model_agnostic_replication_behavior-b4a89c1245e5e084-m0,debugging,-0.37499999999999994,-0.4195528088142756
model_agnostic_replication_behavior-b4a89c1245e5e084-m1,debugging,-0.25,-0.18744415607257836
model_agnostic_replication_behavior-b4da18abc05a36e8-m0,information_sampling,-0.7500000000000001,-0.7790820644006838
model_agnostic_replication_behavior-b4da18abc05a36e8-m1,information_sampling,-0.7500000000000001,-0.8694471962218544
model_agnostic_replication_behavior-b4e46402e04034da-m0,effort,-2.5,-2.8594037015604172
model_agnostic_replication_behavior-b4e46402e04034da-m1,effort,-1.0000000000000002,-2.187372139166712
model_agnostic_replication_behavior-b4ff5e2b0e8e2429-m0,effort,-5.25,-4.412985648812908
model_agnostic_replication_behavior-b4ff5e2b0e8e2429-m1,effort,-2.5,-3.7409540864192032
model_agnostic_replication_behavior-b50e040cfda7d970-m0,waiting,-0.6249999999999999,-0.13323791989707995
model_agnostic_replication_behavior-b50e040cfda7d970-m1,waiting,0.8750000000000001,0.7505705020007574
model_agnostic_replication_behavior-b51078f008173cf6-m0,debugging,-0.37499999999999994,-0.5754415190742284
model_agnostic_replication_behavior-b51078f008173cf6-m1,debugging,-0.5,-0.34333286633253113
model_agnostic_replication_behavior-b51ff999e101524f-m0,bandit,-4.375,-3.3624649038514205
model_agnostic_replication_behavior-b51ff999e101524f-m1,bandit,-0.7500000000000001,-1.8643444233065065
model_agnostic_replication_behavior-b525271a90d40279-m0,foraging,1.5000000000000002,1.2473126125990597
model_agnostic_replication_behavior-b525271a90d40279-m1,foraging,0.5,0.8998953396154465
model_agnostic_replication_behavior-b56a3286ab9ef41d-m0,bandit,-4.875,-3.9785337163396077
model_agnostic_replication_behavior-b56a3286ab9ef41d-m1,bandit,-2.25,-2.4804132357946935
model_agnostic_replication_behavior-b5701f791aa8997e-m0,effort,0.24999999999999992,-0.5725807965975911
model_agnostic_replication_behavior-b5701f791aa8997e-m1,effort,-0.7500000000000001,0.09945076579611396
model_agnostic_replication_behavior-b570dad4c65811ca-m0,bandit,-4.25,-3.286873395806008
model_agnostic_replication_behavior-b570dad4c65811ca-m1,bandit,-0.7500000000000001,-1.7887529152610937
model_agnostic_replication_behavior-b58943e20a8f8a92-m0,debugging,-2.125,-2.1370519362204754
model_agnostic_replication_behavior-b58943e20a8f8a92-m1,debugging,-2.375,-1.9049432834787785
model_agnostic_replication_behavior-b5fad042cb63ff87-m0,solvability,-1.5,-1.4065540684674906
model_agnostic_replication_behavior-b5fad042cb63ff87-m1,solvability,-0.6249999999999999,-1.0589026713630418
model_agnostic_replication_behavior-b6005f5c6416b8fb-m0,information_sampling,-0.8750000000000002,-0.8741587315814586
model_agnostic_replication_behavior-b6005f5c6416b8fb-m1,information_sampling,-0.6249999999999999,-0.9645238634026296
model_agnostic_replication_behavior-b64609b7c3f2c495-m0,debugging,-0.7500000000000001,-1.1132648723043734
model_agnostic_replication_behavior-b64609b7c3f2c495-m1,debugging,-1.375,-0.8811562195626763
model_agnostic_replication_behavior-b648a50a1d57f2be-m0,information_sampling,0.24999999999999992,-0.18049470242582843
model_agnostic_replication_behavior-b648a50a1d57f2be-m1,information_sampling,-0.6249999999999999,-0.27085983424699944
model_agnostic_replication_behavior-b6f9e05fb713ae7f-m0,waiting,-1.125,-1.4420811601259038
model_agnostic_replication_behavior-b6f9e05fb713ae7f-m1,waiting,-2.25,-0.5582727382280666
model_agnostic_replication_behavior-b73b2563d7792a62-m0,bandit,-2.75,-3.0851594473060944
model_agnostic_replication_behavior-b73b2563d7792a62-m1,bandit,-0.8750000000000002,-1.5870389667611802
model_agnostic_replication_behavior-b74224d6692de83a-m0,debugging,-1.625,-1.3046061920743903
model_agnostic_replication_behavior-b74224d6692de83a-m1,debugging,-2.125,-1.0724975393326934
model_agnostic_replication_behavior-b7665e01c153d5bf-m0,bandit,-2.125,-1.670285792334292
model_agnostic_replication_behavior-b7665e01c153d5bf-m1,bandit,-0.5,-0.17216531178937794
model_agnostic_replication_behavior-b778e44eb05ef619-m0,information_sampling,-0.6249999999999999,-0.7293801685133205
model_agnostic_replication_behavior-b778e44eb05ef619-m1,information_sampling,-0.37499999999999994,-0.8197453003344917
model_agnostic_replication_behavior-b7904579c72898ad-m0,foraging,-1.875,-1.2897908975781052
model_agnostic_replication_behavior-b7904579c72898ad-m1,foraging,-1.7499999999999998,-1.6372081705617183
model_agnostic_replication_behavior-b7ba091b56cafce6-m0,solvability,2.125,1.7551223426619853
model_agnostic_replication_behavior-b7ba091b56cafce6-m1,solvability,1.3750000000000002,2.102773739766434
model_agnostic_replication_behavior-b7c870124e39f0e2-m0,foraging,1.75,1.6463336084902263
model_agnostic_replication_behavior-b7c870124e39f0e2-m1,foraging,0.37499999999999994,1.2989163355066131
model_agnostic_replication_behavior-b7d2a31795727d16-m0,bandit,0.0,-0.765997654239808
model_agnostic_replication_behavior-b7d2a31795727d16-m1,bandit,1.125,0.732122826305106
model_agnostic_replication_behavior-b7eacd4b42bd6e95-m0,information_sampling,-0.5,-0.6297780682394283
model_agnostic_replication_behavior-b7eacd4b42bd6e95-m1,information_sampling,-0.5,-0.7201432000605992
model_agnostic_replication_behavior-b81630c7a11a2e05-m0,information_sampling,-0.37499999999999994,-0.5184395317951273
model_agnostic_replication_behavior-b81630c7a11a2e05-m1,information_sampling,-0.6249999999999999,-0.6088046636162983
model_agnostic_replication_behavior-b839ec3c500cdc8f-m0,debugging,-1.375,-1.496962198588641
model_agnostic_replication_behavior-b839ec3c500cdc8f-m1,debugging,-1.5,-1.2648535458469439
model_agnostic_replication_behavior-b84c0a4044355c3d-m0,waiting,0.7500000000000002,0.9912643101854897
model_agnostic_replication_behavior-b84c0a4044355c3d-m1,waiting,1.5000000000000002,1.8750727320833267
model_agnostic_replication_behavior-b88c71389f6e1f78-m0,waiting,-0.25,-0.795290122612133
model_agnostic_replication_behavior-b88c71389f6e1f78-m1,waiting,-0.37499999999999994,0.08851829928570432
model_agnostic_replication_behavior-b8d58994135da0d4-m0,foraging,0.7500000000000002,-0.045762354376600145
model_agnostic_replication_behavior-b8d58994135da0d4-m1,foraging,0.0,-0.39317962736021284
model_agnostic_replication_behavior-b8d6336ea6666d04-m0,debugging,-0.12500000000000006,0.6025152005195622
model_agnostic_replication_behavior-b8d6336ea6666d04-m1,debugging,1.5000000000000002,0.8346238532612595
model_agnostic_replication_behavior-b8d97a1220a37322-m0,solvability,2.75,2.8668078441852343
model_agnostic_replication_behavior-b8d97a1220a37322-m1,solvability,4.75,3.214459241289683
model_agnostic_replication_behavior-b8ee4bfaaff3b78c-m0,solvability,-0.6249999999999999,-0.6415992000810222
model_agnostic_replication_behavior-b8ee4bfaaff3b78c-m1,solvability,-0.12500000000000006,-0.2939478029765733
model_agnostic_replication_behavior-b90bb133e5583170-m0,debugging,-1.5,-1.8982070238669775
model_agnostic_replication_behavior-b90bb133e5583170-m1,debugging,-0.7500000000000001,-1.6660983711252806
model_agnostic_replication_behavior-b9754b6451a053c1-m0,information_sampling,0.125,-0.14707564344058302
model_agnostic_replication_behavior-b9754b6451a053c1-m1,information_sampling,-0.37499999999999994,-0.237440775261754
model_agnostic_replication_behavior-b98c3405de39105f-m0,bandit,-1.5,-1.4418814008855532
model_agnostic_replication_behavior-b98c3405de39105f-m1,bandit,0.24999999999999992,0.05623907965936087
model_agnostic_replication_behavior-b9a8a30169f814d2-m0,solvability,0.0,-0.1727574204637914
model_agnostic_replication_behavior-b9a8a30169f814d2-m1,solvability,0.37499999999999994,0.17489397664065742
model_agnostic_replication_behavior-b9c0b53ee3475117-m0,foraging,0.7500000000000002,0.23387350303515242
model_agnostic_replication_behavior-b9c0b53ee3475117-m1,foraging,-2.0,-0.1135437699484605
model_agnostic_replication_behavior-b9e603424cb92b55-m0,bandit,-0.25,-1.1759267536493825
model_agnostic_replication_behavior-b9e603424cb92b55-m1,bandit,1.3750000000000002,0.32219372689553166
model_agnostic_replication_behavior-b9f5341d75b1714a-m0,solvability,2.0,1.075445916481773
model_agnostic_replication_behavior-b9f5341d75b1714a-m1,solvability,1.0,1.4230973135862217
model_agnostic_replication_behavior-ba1cc96811478777-m0,foraging,0.8750000000000001,0.8044719865107608
model_agnostic_replication_behavior-ba1cc96811478777-m1,foraging,-0.12500000000000006,0.45705471352714766
model_agnostic_replication_behavior-ba48ed3f91a389fa-m0,foraging,-0.25,-0.4063650052091634
model_agnostic_replication_behavior-ba48ed3f91a389fa-m1,foraging,-0.5,-0.7537822781927761
model_agnostic_replication_behavior-ba4f4292ecdca8d8-m0,debugging,-1.0000000000000002,-1.200030127221548
model_agnostic_replication_behavior-ba4f4292ecdca8d8-m1,debugging,-0.37499999999999994,-0.967921474479851
model_agnostic_replication_behavior-ba63ed3e3a0cb812-m0,foraging,1.125,0.8421618826532586
model_agnostic_replication_behavior-ba63ed3e3a0cb812-m1,foraging,-0.25,0.49474460966964595
model_agnostic_replication_behavior-ba9da87bdb54ea7a-m0,waiting,-0.12500000000000006,-0.6595490884496938
model_agnostic_replication_behavior-ba9da87bdb54ea7a-m1,waiting,-0.25,0.22425933344814375
model_agnostic_replication_behavior-baa256dd183aed71-m0,effort,-4.625,-3.071200575554017
model_agnostic_replication_behavior-baa256dd183aed71-m1,effort,-1.7499999999999998,-2.3991690131603116
model_agnostic_replication_behavior-baa496fd4db96050-m0,solvability,0.125,0.12141529933091222
model_agnostic_replication_behavior-baa496fd4db96050-m1,solvability,0.625,0.4690666964353611
model_agnostic_replication_behavior-bab38f8f58566df2-m0,debugging,-3.0,-3.348532153075636
model_agnostic_replication_behavior-bab38f8f58566df2-m1,debugging,-2.625,-3.1164235003339384
model_agnostic_replication_behavior-bac2d3a7617c8d0c-m0,debugging,-2.75,-2.7291430752718746
model_agnostic_replication_behavior-bac2d3a7617c8d0c-m1,debugging,-2.625,-2.497034422530178
model_agnostic_replication_behavior-badd7b79148c6bfd-m0,solvability,2.0,2.7731662969993938
model_agnostic_replication_behavior-badd7b79148c6bfd-m1,solvability,2.5,3.1208176941038426
model_agnostic_replication_behavior-baeb231352f2635a-m0,information_sampling,-1.25,-1.0632166784677752
model_agnostic_replication_behavior-baeb231352f2635a-m1,information_sampling,-0.8750000000000002,-1.153581810288946
model_agnostic_replication_behavior-bafad9172aacd027-m0,debugging,-3.625,-2.640832065863596
model_agnostic_replication_behavior-bafad9172aacd027-m1,debugging,-2.25,-2.408723413121899
model_agnostic_replication_behavior-bb37dc6f4fa12254-m0,information_sampling,-0.12500000000000006,-0.00932937275314849
model_agnostic_replication_behavior-bb37dc6f4fa12254-m1,information_sampling,-0.12500000000000006,-0.09969450457431939
model_agnostic_replication_behavior-bb5ef1f5dda71a93-m0,debugging,-1.875,-1.658877300799323
model_agnostic_replication_behavior-bb5ef1f5dda71a93-m1,debugging,-0.8750000000000002,-1.426768648057626
model_agnostic_replication_behavior-bb7a8ea0c028b603-m0,information_sampling,0.0,-0.2463760550888222
model_agnostic_replication_behavior-bb7a8ea0c028b603-m1,information_sampling,-0.5,-0.336741186909993
model_agnostic_replication_behavior-bb87c93639906c63-m0,solvability,2.25,2.062075797592484
model_agnostic_replication_behavior-bb87c93639906c63-m1,solvability,1.5000000000000002,2.4097271946969325
model_agnostic_replication_behavior-bb88a55018de43ae-m0,debugging,-2.625,-2.414393199412239
model_agnostic_replication_behavior-bb88a55018de43ae-m1,debugging,-1.5,-2.182284546670542
model_agnostic_replication_behavior-bb99c351ec7b289a-m0,information_sampling,-0.12500000000000006,-0.4333163684596485
model_agnostic_replication_behavior-bb99c351ec7b289a-m1,information_sampling,-0.5,-0.5236815002808195
model_agnostic_replication_behavior-bbbaf0ba27873635-m0,waiting,-2.0,-2.1724039795810652
model_agnostic_replication_behavior-bbbaf0ba27873635-m1,waiting,-1.0000000000000002,-1.288595557683228
model_agnostic_replication_behavior-bbcdce3e2656fce4-m0,waiting,0.0,-0.6555009976707928
model_agnostic_replication_behavior-bbcdce3e2656fce4-m1,waiting,0.625,0.22830742422704436
model_agnostic_replication_behavior-bbdb6f8f60a2de7e-m0,debugging,-0.5,-0.8188413407280551
model_agnostic_replication_behavior-bbdb6f8f60a2de7e-m1,debugging,0.0,-0.5867326879863581
model_agnostic_replication_behavior-bc07e1b9ff659bcf-m0,bandit,-5.875,-4.295761646529646
model_agnostic_replication_behavior-bc07e1b9ff659bcf-m1,bandit,-2.375,-2.797641165984732
model_agnostic_replication_behavior-bc6da548cf59ada3-m0,debugging,-1.0000000000000002,-1.6139354995962054
model_agnostic_replication_behavior-bc6da548cf59ada3-m1,debugging,-0.12500000000000006,-1.3818268468545085
model_agnostic_replication_behavior-bcbb140dd0081a7a-m0,bandit,0.24999999999999992,-0.5034027827884844
model_agnostic_replication_behavior-bcbb140dd0081a7a-m1,bandit,0.37499999999999994,0.9947176977564298
model_agnostic_replication_behavior-bcc49133072a63da-m0,bandit,-1.0000000000000002,-1.5210055163307172
model_agnostic_replication_behavior-bcc49133072a63da-m1,bandit,-1.7499999999999998,-0.02288503578580317
model_agnostic_replication_behavior-bcdf1f82ff44f91c-m0,waiting,1.5000000000000002,0.5920322612438719
model_agnostic_replication_behavior-bcdf1f82ff44f91c-m1,waiting,1.5000000000000002,1.4758406831417095
model_agnostic_replication_behavior-bcf4b4a3a5249fc0-m0,waiting,-0.5,-0.9102081577747816
model_agnostic_replication_behavior-bcf4b4a3a5249fc0-m1,waiting,-0.12500000000000006,-0.02639973587694433
model_agnostic_replication_behavior-bd30676addecf07f-m0,effort,-0.12500000000000006,-0.6505201751710061
model_agnostic_replication_behavior-bd30676addecf07f-m1,effort,-0.37499999999999994,0.021511387222698797
model_agnostic_replication_behavior-bd52a33882335d5f-m0,effort,-2.875,-2.7776201239544513
model_agnostic_replication_behavior-bd52a33882335d5f-m1,effort,-1.25,-2.1055885615607464
model_agnostic_replication_behavior-bd55a30fe94771cf-m0,bandit,-2.625,-2.9955260434630557
model_agnostic_replication_behavior-bd55a30fe94771cf-m1,bandit,-2.25,-1.4974055629181415
model_agnostic_replication_behavior-bd59a00e0cf17cdf-m0,bandit,-0.7500000000000001,-1.1526728714640506
model_agnostic_replication_behavior-bd59a00e0cf17cdf-m1,bandit,0.24999999999999992,0.3454476090808634
model_agnostic_replication_behavior-bd622ae2f696cddc-m0,solvability,0.7500000000000002,0.856755653138235
model_agnostic_replication_behavior-bd622ae2f696cddc-m1,solvability,0.7500000000000002,1.2044070502426838
model_agnostic_replication_behavior-bd704a50a13f5f4b-m0,bandit,-2.5,-2.779282326425211
model_agnostic_replication_behavior-bd704a50a13f5f4b-m1,bandit,-2.5,-1.2811618458802971
model_agnostic_replication_behavior-bdda94db37d4119f-m0,bandit,-3.5,-2.7049981870506485
model_agnostic_replication_behavior-bdda94db37d4119f-m1,bandit,-2.875,-1.2068777065057343
model_agnostic_replication_behavior-bdf79d99d9d486f5-m0,solvability,2.25,2.067877075408652
model_agnostic_replication_behavior-bdf79d99d9d486f5-m1,solvability,2.25,2.4155284725131008
model_agnostic_replication_behavior-bdf8aed1c52641de-m0,solvability,2.5,2.1611314605548637
model_agnostic_replication_behavior-bdf8aed1c52641de-m1,solvability,2.0,2.508782857659313
model_agnostic_replication_behavior-be0ddae0fa5cdbda-m0,foraging,0.0,-0.7698092695025809
model_agnostic_replication_behavior-be0ddae0fa5cdbda-m1,foraging,-0.8750000000000002,-1.1172265424861938
model_agnostic_replication_behavior-be10bcfe89cdfc9d-m0,effort,-4.0,-4.030016809124877
model_agnostic_replication_behavior-be10bcfe89cdfc9d-m1,effort,-2.125,-3.3579852467311717
model_agnostic_replication_behavior-be134d29547c1298-m0,bandit,-3.25,-2.47659379560191
model_agnostic_replication_behavior-be134d29547c1298-m1,bandit,-1.875,-0.9784733150569959
model_agnostic_replication_behavior-be26a6e3031b520b-m0,debugging,-0.5,-0.4326258815461399
model_agnostic_replication_behavior-be26a6e3031b520b-m1,debugging,0.625,-0.200517228804443
model_agnostic_replication_behavior-be3397744df99a47-m0,solvability,0.8750000000000001,0.7774839454055671
model_agnostic_replication_behavior-be3397744df99a47-m1,solvability,0.24999999999999992,1.125135342510016
model_agnostic_replication_behavior-be6990a4a2661e4f-m0,solvability,0.37499999999999994,0.356475980252977
model_agnostic_replication_behavior-be6990a4a2661e4f-m1,solvability,0.625,0.7041273773574259
model_agnostic_replication_behavior-be871ad777b27cd4-m0,information_sampling,-0.6249999999999999,-0.6474955778796672
model_agnostic_replication_behavior-be871ad777b27cd4-m1,information_sampling,-0.8750000000000002,-0.7378607097008383
model_agnostic_replication_behavior-be8dcc195906f315-m0,bandit,-3.625,-2.5855105282460293
model_agnostic_replication_behavior-be8dcc195906f315-m1,bandit,-0.37499999999999994,-1.0873900477011151
model_agnostic_replication_behavior-be9e69f382943446-m0,bandit,-2.0,-2.402309656227347
model_agnostic_replication_behavior-be9e69f382943446-m1,bandit,-0.37499999999999994,-0.9041891756824333
model_agnostic_replication_behavior-bea19bb2e6baac3a-m0,bandit,-2.625,-2.382585257711524
model_agnostic_replication_behavior-bea19bb2e6baac3a-m1,bandit,-0.25,-0.8844647771666094
model_agnostic_replication_behavior-bebd679553652e69-m0,foraging,1.25,0.47536434439506037
model_agnostic_replication_behavior-bebd679553652e69-m1,foraging,-0.6249999999999999,0.12794707141144734
model_agnostic_replication_behavior-bec7c0b1fdaf1462-m0,waiting,0.24999999999999992,-0.36422869315820916
model_agnostic_replication_behavior-bec7c0b1fdaf1462-m1,waiting,0.625,0.5195797287396282
model_agnostic_replication_behavior-becaedb27f1a68db-m0,effort,-0.5,-0.28027545357491446
model_agnostic_replication_behavior-becaedb27f1a68db-m1,effort,-0.6249999999999999,0.39175610881879075
model_agnostic_replication_behavior-bedb344c2e19160f-m0,bandit,-4.0,-3.1118595210837254
model_agnostic_replication_behavior-bedb344c2e19160f-m1,bandit,-1.875,-1.6137390405388112
model_agnostic_replication_behavior-befa0bc4bf2ebcfe-m0,waiting,-1.125,-0.7606825949979971
model_agnostic_replication_behavior-befa0bc4bf2ebcfe-m1,waiting,0.37499999999999994,0.12312582689984061
model_agnostic_replication_behavior-bf4aaa25cfc5fb45-m0,bandit,0.0,-0.4780100776817031
model_agnostic_replication_behavior-bf4aaa25cfc5fb45-m1,bandit,0.7500000000000002,1.020110402863211
model_agnostic_replication_behavior-bf9e010a4566f2fc-m0,debugging,-1.125,-1.3823540540769583
model_agnostic_replication_behavior-bf9e010a4566f2fc-m1,debugging,-1.25,-1.150245401335261
model_agnostic_replication_behavior-bfb5bc64c0c6e59b-m0,solvability,1.25,0.3847080257286623
model_agnostic_replication_behavior-bfb5bc64c0c6e59b-m1,solvability,1.8749999999999998,0.7323594228331112
model_agnostic_replication_behavior-bfdd6cdef9c52b79-m0,waiting,-3.0,-2.382689777549778
model_agnostic_replication_behavior-bfdd6cdef9c52b79-m1,waiting,-1.875,-1.4988813556519403
model_agnostic_replication_behavior-bfe5a3b63d29177c-m0,information_sampling,-0.25,-0.24885819996187103
model_agnostic_replication_behavior-bfe5a3b63d29177c-m1,information_sampling,-0.6249999999999999,-0.3392233317830422
model_agnostic_replication_behavior-c008354569d01d76-m0,effort,-0.6249999999999999,-0.8062211991740909
model_agnostic_replication_behavior-c008354569d01d76-m1,effort,0.24999999999999992,-0.13418963678038565
model_agnostic_replication_behavior-c018b51a9119c42c-m0,debugging,-1.7499999999999998,-2.1626220106431546
model_agnostic_replication_behavior-c018b51a9119c42c-m1,debugging,-1.125,-1.9305133579014577
model_agnostic_replication_behavior-c01a2ae7c693eb91-m0,foraging,-1.5,-1.2860534338285656
model_agnostic_replication_behavior-c01a2ae7c693eb91-m1,foraging,-1.0000000000000002,-1.6334707068121785
model_agnostic_replication_behavior-c0299cc241485c10-m0,waiting,-0.8750000000000002,-0.9643566590229828
model_agnostic_replication_behavior-c0299cc241485c10-m1,waiting,0.125,-0.08054823712514547
model_agnostic_replication_behavior-c03b6a5f701f068d-m0,foraging,-0.6249999999999999,-0.7938328410038432
model_agnostic_replication_behavior-c03b6a5f701f068d-m1,foraging,-1.25,-1.1412501139874562
model_agnostic_replication_behavior-c057edc9349e010a-m0,foraging,0.0,0.14871833091350706
model_agnostic_replication_behavior-c057edc9349e010a-m1,foraging,-1.125,-0.19869894207010574
model_agnostic_replication_behavior-c063cec4e5090f77-m0,waiting,-3.25,-2.554195318529234
model_agnostic_replication_behavior-c063cec4e5090f77-m1,waiting,-0.8750000000000002,-1.6703868966313964
model_agnostic_replication_behavior-c06567bf7e7758e1-m0,effort,-4.375,-3.542724948478419
model_agnostic_replication_behavior-c06567bf7e7758e1-m1,effort,-2.25,-2.8706933860847137
model_agnostic_replication_behavior-c0ba18a3ebdb66ff-m0,solvability,-3.0,-1.9415731052462102
model_agnostic_replication_behavior-c0ba18a3ebdb66ff-m1,solvability,-0.25,-1.5939217081417614
model_agnostic_replication_behavior-c0e291fdb21b4a83-m0,debugging,-0.7500000000000001,-1.6812298332608413
model_agnostic_replication_behavior-c0e291fdb21b4a83-m1,debugging,-3.125,-1.4491211805191444
model_agnostic_replication_behavior-c0f06ff0ec605420-m0,waiting,-0.12500000000000006,-0.5398565516696928
model_agnostic_replication_behavior-c0f06ff0ec605420-m1,waiting,0.125,0.34395187022814455
model_agnostic_replication_behavior-c136d381d6db3e31-m0,waiting,0.0,-1.1001430457953312
model_agnostic_replication_behavior-c136d381d6db3e31-m1,waiting,-1.25,-0.21633462389749392
model_agnostic_replication_behavior-c164f963bf1aa6ad-m0,solvability,0.0,0.13789198632069194
model_agnostic_replication_behavior-c164f963bf1aa6ad-m1,solvability,1.25,0.4855433834251408
model_agnostic_replication_behavior-c16b5414daa837f8-m0,debugging,-2.25,-1.257209759457105
model_agnostic_replication_behavior-c16b5414daa837f8-m1,debugging,-2.125,-1.025101106715408
model_agnostic_replication_behavior-c203456d9c5f5066-m0,bandit,-5.0,-4.05412522438502
model_agnostic_replication_behavior-c203456d9c5f5066-m1,bandit,-2.375,-2.556004743840106
model_agnostic_replication_behavior-c2266333d456e1f4-m0,foraging,-0.37499999999999994,-0.9625230660445423
model_agnostic_replication_behavior-c2266333d456e1f4-m1,foraging,-0.7500000000000001,-1.3099403390281552
model_agnostic_replication_behavior-c23d47ac4ddfaac4-m0,bandit,-1.125,-1.4273420015188165
model_agnostic_replication_behavior-c23d47ac4ddfaac4-m1,bandit,0.125,0.07077847902609777
model_agnostic_replication_behavior-c23f0d42404d89e1-m0,waiting,-0.6249999999999999,-0.47333563196870926
model_agnostic_replication_behavior-c23f0d42404d89e1-m1,waiting,0.125,0.410472789929128
model_agnostic_replication_behavior-c28919b8c4221886-m0,foraging,-2.625,-1.6025101055991327
model_agnostic_replication_behavior-c28919b8c4221886-m1,foraging,-0.7500000000000001,-1.9499273785827453
model_agnostic_replication_behavior-c29ed161586b3b99-m0,effort,-3.0,-2.908773898195972
model_agnostic_replication_behavior-c29ed161586b3b99-m1,effort,-1.0000000000000002,-2.2367423358022664
model_agnostic_replication_behavior-c2bbd90728dcc361-m0,solvability,-0.8750000000000002,-0.39148255134239474
model_agnostic_replication_behavior-c2bbd90728dcc361-m1,solvability,0.0,-0.043831154237945924
model_agnostic_replication_behavior-c2cb13c2d0c06975-m0,effort,-2.125,-2.1143274718996476
model_agnostic_replication_behavior-c2cb13c2d0c06975-m1,effort,-1.25,-1.4422959095059422
model_agnostic_replication_behavior-c321f631c67e1809-m0,bandit,-0.8750000000000002,-0.7585905400920633
model_agnostic_replication_behavior-c321f631c67e1809-m1,bandit,-1.125,0.7395299404528509
model_agnostic_replication_behavior-c32219fca0562523-m0,waiting,-1.7499999999999998,-1.9339945794131548
model_agnostic_replication_behavior-c32219fca0562523-m1,waiting,-1.125,-1.0501861575153173
model_agnostic_replication_behavior-c32fff763fd32449-m0,bandit,-1.625,-1.5949487620933536
model_agnostic_replication_behavior-c32fff763fd32449-m1,bandit,0.8750000000000001,-0.09682828154843942
model_agnostic_replication_behavior-c3398bf2199d9061-m0,bandit,-0.37499999999999994,-0.7537536877517049
model_agnostic_replication_behavior-c3398bf2199d9061-m1,bandit,0.7500000000000002,0.7443667927932092
model_agnostic_replication_behavior-c360ee68819ca005-m0,bandit,-5.625,-4.654503878792805
model_agnostic_replication_behavior-c360ee68819ca005-m1,bandit,-2.875,-3.1563833982478906
model_agnostic_replication_behavior-c3cf0d5f198e7f23-m0,bandit,-5.75,-4.287478602596988
model_agnostic_replication_behavior-c3cf0d5f198e7f23-m1,bandit,-2.5,-2.7893581220520742
model_agnostic_replication_behavior-c3d44bda5169c5e1-m0,effort,0.37499999999999994,-0.16609012101542014
model_agnostic_replication_behavior-c3d44bda5169c5e1-m1,effort,0.8750000000000001,0.5059414413782848
model_agnostic_replication_behavior-c3e9aa5a58311f8e-m0,foraging,-1.25,-1.2498641089170497
model_agnostic_replication_behavior-c3e9aa5a58311f8e-m1,foraging,-2.0,-1.5972813819006628
model_agnostic_replication_behavior-c3ed288c8bfdd427-m0,foraging,-0.12500000000000006,-0.67692001006159
model_agnostic_replication_behavior-c3ed288c8bfdd427-m1,foraging,-0.5,-1.0243372830452029
model_agnostic_replication_behavior-c414a0cd0412e5df-m0,debugging,-2.125,-2.206001414131113
model_agnostic_replication_behavior-c414a0cd0412e5df-m1,debugging,-1.0000000000000002,-1.9738927613894162
model_agnostic_replication_behavior-c41c3d9e3a6298a0-m0,effort,-0.7500000000000001,-1.3326566787336227
model_agnostic_replication_behavior-c41c3d9e3a6298a0-m1,effort,-0.6249999999999999,-0.6606251163399175
model_agnostic_replication_behavior-c4343a144a26adbe-m0,waiting,-1.25,-1.5815698014986526
model_agnostic_replication_behavior-c4343a144a26adbe-m1,waiting,-0.37499999999999994,-0.6977613796008151
model_agnostic_replication_behavior-c44f3e7c85290ac6-m0,foraging,-0.7500000000000001,-0.6735853072943859
model_agnostic_replication_behavior-c44f3e7c85290ac6-m1,foraging,-1.875,-1.021002580277999
model_agnostic_replication_behavior-c4535f8079628f88-m0,effort,-2.375,-1.2303212934532586
model_agnostic_replication_behavior-c4535f8079628f88-m1,effort,-0.8750000000000002,-0.5582897310595536
model_agnostic_replication_behavior-c46060afa1805eec-m0,solvability,-2.0,-1.9791519563216873
model_agnostic_replication_behavior-c46060afa1805eec-m1,solvability,-0.8750000000000002,-1.631500559217238
model_agnostic_replication_behavior-c465d4c2d2ec5bb9-m0,waiting,-2.0,-1.7293827705452827
model_agnostic_replication_behavior-c465d4c2d2ec5bb9-m1,waiting,-0.5,-0.845574348647445
model_agnostic_replication_behavior-c4675b2d0c7bdf5c-m0,debugging,0.125,-0.44433339802844407
model_agnostic_replication_behavior-c4675b2d0c7bdf5c-m1,debugging,0.37499999999999994,-0.21222474528674695
model_agnostic_replication_behavior-c46b342791a2e464-m0,waiting,-0.12500000000000006,-0.21457532185263584
model_agnostic_replication_behavior-c46b342791a2e464-m1,waiting,0.24999999999999992,0.6692331000452016
model_agnostic_replication_behavior-c4a363a82102e62d-m0,waiting,-1.375,-1.6399441277987412
model_agnostic_replication_behavior-c4a363a82102e62d-m1,waiting,-0.12500000000000006,-0.7561357059009038
model_agnostic_replication_behavior-c4a49743f4c13887-m0,information_sampling,-0.37499999999999994,-0.09479913855238287
model_agnostic_replication_behavior-c4a49743f4c13887-m1,information_sampling,-0.5,-0.18516427037355365
model_agnostic_replication_behavior-c52c513fa5a127ba-m0,information_sampling,-0.8750000000000002,-0.6964989165519824
model_agnostic_replication_behavior-c52c513fa5a127ba-m1,information_sampling,-0.37499999999999994,-0.7868640483731537
model_agnostic_replication_behavior-c52ce042273b76f7-m0,waiting,-2.375,-2.4006166057403644
model_agnostic_replication_behavior-c52ce042273b76f7-m1,waiting,-0.8750000000000002,-1.5168081838425271
model_agnostic_replication_behavior-c53233cda738d86f-m0,foraging,-1.375,-0.6416448750193178
model_agnostic_replication_behavior-c53233cda738d86f-m1,foraging,-1.0000000000000002,-0.9890621480029307
model_agnostic_replication_behavior-c56afb8b9b348d3e-m0,solvability,-0.37499999999999994,-0.5849703269794104
model_agnostic_replication_behavior-c56afb8b9b348d3e-m1,solvability,-0.37499999999999994,-0.23731892987496184
model_agnostic_replication_behavior-c56f707e55c896be-m0,information_sampling,-0.25,-0.3119987764589497
model_agnostic_replication_behavior-c56f707e55c896be-m1,information_sampling,-0.37499999999999994,-0.4023639082801209
model_agnostic_replication_behavior-c57ef8ee0996c8c8-m0,bandit,0.7500000000000002,-0.2917414402865236
model_agnostic_replication_behavior-c57ef8ee0996c8c8-m1,bandit,0.8750000000000001,1.2063790402583905
model_agnostic_replication_behavior-c594c892d8a2cd42-m0,foraging,-1.0000000000000002,-1.1096598777597793
model_agnostic_replication_behavior-c594c892d8a2cd42-m1,foraging,-1.5,-1.4570771507433922
model_agnostic_replication_behavior-c5aa07e198aec6a5-m0,information_sampling,0.0,-0.0502134400736689
model_agnostic_replication_behavior-c5aa07e198aec6a5-m1,information_sampling,-0.5,-0.14057857189484002
model_agnostic_replication_behavior-c5d92556e546f93f-m0,waiting,-0.5,-1.3453680898506992
model_agnostic_replication_behavior-c5d92556e546f93f-m1,waiting,-1.25,-0.4615596679528615
model_agnostic_replication_behavior-c5f20d688e740d88-m0,solvability,2.5,1.4056998626287733
model_agnostic_replication_behavior-c5f20d688e740d88-m1,solvability,0.5,1.7533512597332221
model_agnostic_replication_behavior-c689d43ceffdb754-m0,foraging,0.0,-0.7147615078770073
model_agnostic_replication_behavior-c689d43ceffdb754-m1,foraging,-2.25,-1.0621787808606205
model_agnostic_replication_behavior-c6bce0660989d4fd-m0,information_sampling,0.0,-0.5063292762800372
model_agnostic_replication_behavior-c6bce0660989d4fd-m1,information_sampling,-0.7500000000000001,-0.5966944081012082
model_agnostic_replication_behavior-c6c66447b2a5d9d5-m0,foraging,-2.25,-1.287055236707282
model_agnostic_replication_behavior-c6c66447b2a5d9d5-m1,foraging,-1.7499999999999998,-1.6344725096908947
model_agnostic_replication_behavior-c6d22a232ca5fe0d-m0,information_sampling,-0.12500000000000006,-0.5226610967767393
model_agnostic_replication_behavior-c6d22a232ca5fe0d-m1,information_sampling,-0.6249999999999999,-0.6130262285979104
model_agnostic_replication_behavior-c700812d9231729c-m0,waiting,-0.6249999999999999,-0.08099662360024457
model_agnostic_replication_behavior-c700812d9231729c-m1,waiting,0.24999999999999992,0.8028117982975927
model_agnostic_replication_behavior-c704cd2466c672b1-m0,information_sampling,-0.6249999999999999,-0.9722461512159924
model_agnostic_replication_behavior-c704cd2466c672b1-m1,information_sampling,-0.6249999999999999,-1.0626112830371635
model_agnostic_replication_behavior-c71d0123702ea0d3-m0,debugging,-0.7500000000000001,-0.34667864309836416
model_agnostic_replication_behavior-c71d0123702ea0d3-m1,debugging,0.125,-0.11456999035666704
model_agnostic_replication_behavior-c77a2d01f327a961-m0,information_sampling,-0.25,-0.3468995035188288
model_agnostic_replication_behavior-c77a2d01f327a961-m1,information_sampling,-0.5,-0.43726463533999993
model_agnostic_replication_behavior-c79e612bc5ba1c99-m0,effort,-3.625,-2.691418747347183
model_agnostic_replication_behavior-c79e612bc5ba1c99-m1,effort,-1.5,-2.0193871849534784
model_agnostic_replication_behavior-c7a200faf702082d-m0,debugging,-0.25,-0.47779432976501524
model_agnostic_replication_behavior-c7a200faf702082d-m1,debugging,-0.37499999999999994,-0.24568567702331834
model_agnostic_replication_behavior-c7cd31e7bf67d05d-m0,effort,1.3750000000000002,0.42059343912572283
model_agnostic_replication_behavior-c7cd31e7bf67d05d-m1,effort,0.8750000000000001,1.0926250015194277
model_agnostic_replication_behavior-c81cca142f535527-m0,solvability,0.125,-0.38779956947214533
model_agnostic_replication_behavior-c81cca142f535527-m1,solvability,0.0,-0.040148172367696744
model_agnostic_replication_behavior-c82501f20157012d-m0,bandit,-0.5,-0.8367523099448625
model_agnostic_replication_behavior-c82501f20157012d-m1,bandit,-0.25,0.6613681706000517
model_agnostic_replication_behavior-c8aeed7f4848aa5a-m0,debugging,-1.625,-2.2864028547915236
model_agnostic_replication_behavior-c8aeed7f4848aa5a-m1,debugging,-3.25,-2.0542942020498263
model_agnostic_replication_behavior-c8bdf07f766f2393-m0,debugging,-2.875,-2.2036903481445815
model_agnostic_replication_behavior-c8bdf07f766f2393-m1,debugging,-2.5,-1.9715816954028842
model_agnostic_replication_behavior-c8beb2941d51e900-m0,solvability,1.25,1.213626350944227
model_agnostic_replication_behavior-c8beb2941d51e900-m1,solvability,2.5,1.561277748048676
model_agnostic_replication_behavior-c8fb5309f781d30d-m0,effort,-0.8750000000000002,-1.3908830516610777
model_agnostic_replication_behavior-c8fb5309f781d30d-m1,effort,-0.6249999999999999,-0.7188514892673727
model_agnostic_replication_behavior-c923f09ff9f1faab-m0,foraging,0.125,-0.0050111094295091085
model_agnostic_replication_behavior-c923f09ff9f1faab-m1,foraging,-0.12500000000000006,-0.35242838241312213
model_agnostic_replication_behavior-c93152db1bbc753c-m0,information_sampling,-0.25,-0.45274051660144
model_agnostic_replication_behavior-c93152db1bbc753c-m1,information_sampling,-0.5,-0.543105648422611
model_agnostic_replication_behavior-c94f33e3ad6bdc55-m0,bandit,-4.625,-3.0952028879443994
model_agnostic_replication_behavior-c94f33e3ad6bdc55-m1,bandit,-3.125,-1.5970824073994851
model_agnostic_replication_behavior-c95d175f468ec442-m0,information_sampling,-1.375,-0.9039934946600597
model_agnostic_replication_behavior-c95d175f468ec442-m1,information_sampling,-1.25,-0.9943586264812307
model_agnostic_replication_behavior-c9a5fda0af205348-m0,effort,-0.25,-0.07382801907064296
model_agnostic_replication_behavior-c9a5fda0af205348-m1,effort,0.0,0.5982035433230621
model_agnostic_replication_behavior-c9b8198b464855c5-m0,debugging,-0.6249999999999999,-1.1170198346186526
model_agnostic_replication_behavior-c9b8198b464855c5-m1,debugging,-1.625,-0.8849111818769557
model_agnostic_replication_behavior-c9c0b5abd58e3ba1-m0,effort,-6.75,-4.618087007958646
model_agnostic_replication_behavior-c9c0b5abd58e3ba1-m1,effort,-3.875,-3.9460554455649417
model_agnostic_replication_behavior-c9e91d53079c912d-m0,information_sampling,0.0,-0.2835958186014612
model_agnostic_replication_behavior-c9e91d53079c912d-m1,information_sampling,-0.5,-0.3739609504226322
model_agnostic_replication_behavior-ca2d551c41dc051f-m0,bandit,0.7500000000000002,-0.8512917093115995
model_agnostic_replication_behavior-ca2d551c41dc051f-m1,bandit,0.625,0.6468287712333147
model_agnostic_replication_behavior-ca4247a2837ca1f5-m0,foraging,-1.7499999999999998,-0.48134203651182383
model_agnostic_replication_behavior-ca4247a2837ca1f5-m1,foraging,-0.8750000000000002,-0.8287593094954367
model_agnostic_replication_behavior-cabe2e472f682080-m0,debugging,-0.25,-0.7545110986338093
model_agnostic_replication_behavior-cabe2e472f682080-m1,debugging,-0.8750000000000002,-0.5224024458921122
model_agnostic_replication_behavior-cac2a814fd12f323-m0,foraging,-1.7499999999999998,-2.0580257396673796
model_agnostic_replication_behavior-cac2a814fd12f323-m1,foraging,-1.5,-2.4054430126509923
model_agnostic_replication_behavior-caffe31504de15ed-m0,foraging,1.3750000000000002,0.5985393055510251
model_agnostic_replication_behavior-caffe31504de15ed-m1,foraging,0.24999999999999992,0.2511220325674124
model_agnostic_replication_behavior-cb264d8648dae7dc-m0,information_sampling,0.0,-0.13200205177622548
model_agnostic_replication_behavior-cb264d8648dae7dc-m1,information_sampling,-0.5,-0.22236718359739616
model_agnostic_replication_behavior-cb43b598be1f6230-m0,solvability,0.8750000000000001,0.6999096869187932
model_agnostic_replication_behavior-cb43b598be1f6230-m1,solvability,0.8750000000000001,1.0475610840232419
model_agnostic_replication_behavior-cb762f52b418fdcb-m0,effort,-6.875,-4.881565341099355
model_agnostic_replication_behavior-cb762f52b418fdcb-m1,effort,-3.0,-4.20953377870565
model_agnostic_replication_behavior-cb84535bb7ed71eb-m0,bandit,-1.375,-1.3631013027825587
model_agnostic_replication_behavior-cb84535bb7ed71eb-m1,bandit,-1.625,0.13501917776235553
model_agnostic_replication_behavior-cb8b55543380cb5e-m0,debugging,-2.25,-1.391317391872568
model_agnostic_replication_behavior-cb8b55543380cb5e-m1,debugging,-1.125,-1.1592087391308712
model_agnostic_replication_behavior-cb8b8ac25578292d-m0,effort,-1.5,-2.3066241872887945
model_agnostic_replication_behavior-cb8b8ac25578292d-m1,effort,-1.7499999999999998,-1.6345926248950893
model_agnostic_replication_behavior-cb8ff639439d9186-m0,bandit,-3.125,-2.801228839939693
model_agnostic_replication_behavior-cb8ff639439d9186-m1,bandit,-2.375,-1.3031083593947792
model_agnostic_replication_behavior-cbd23f1e11855a01-m0,information_sampling,0.0,-0.16441517063160915
model_agnostic_replication_behavior-cbd23f1e11855a01-m1,information_sampling,-0.25,-0.25478030245278016
model_agnostic_replication_behavior-cbe14fb518c32bf5-m0,solvability,0.5,0.14564133368999554
model_agnostic_replication_behavior-cbe14fb518c32bf5-m1,solvability,-0.12500000000000006,0.4932927307944443
model_agnostic_replication_behavior-cbf8f7b66dc2724d-m0,solvability,-0.37499999999999994,0.44887279597628404
model_agnostic_replication_behavior-cbf8f7b66dc2724d-m1,solvability,0.625,0.796524193080733
model_agnostic_replication_behavior-cbfdae86726bfcbf-m0,bandit,-1.625,-1.7933029348084197
model_agnostic_replication_behavior-cbfdae86726bfcbf-m1,bandit,-0.12500000000000006,-0.2951824542635058
model_agnostic_replication_behavior-cc182ab1c0348cd9-m0,information_sampling,-0.6249999999999999,-0.8357909782728717
model_agnostic_replication_behavior-cc182ab1c0348cd9-m1,information_sampling,-0.6249999999999999,-0.9261561100940428
model_agnostic_replication_behavior-cc35142bec71077b-m0,bandit,-0.12500000000000006,-0.10844452163158402
model_agnostic_replication_behavior-cc35142bec71077b-m1,bandit,1.5000000000000002,1.38967595891333
model_agnostic_replication_behavior-cc6e6f2830321d44-m0,bandit,-2.875,-2.7875653703578687
model_agnostic_replication_behavior-cc6e6f2830321d44-m1,bandit,-1.625,-1.2894448898129547
model_agnostic_replication_behavior-cca53cd8cf692fe6-m0,solvability,-0.8750000000000002,-0.7234406855103384
model_agnostic_replication_behavior-cca53cd8cf692fe6-m1,solvability,0.125,-0.37578928840588954
model_agnostic_replication_behavior-ccabd56750698ea0-m0,bandit,0.0,-0.44480880149432406
model_agnostic_replication_behavior-ccabd56750698ea0-m1,bandit,-0.5,1.05331167905059
model_agnostic_replication_behavior-cce71368e4e8cffb-m0,foraging,-2.25,-1.7704823679411552
model_agnostic_replication_behavior-cce71368e4e8cffb-m1,foraging,-0.8750000000000002,-2.117899640924768
model_agnostic_replication_behavior-cd40b520bc9993ac-m0,solvability,-1.625,-1.0076672894203134
model_agnostic_replication_behavior-cd40b520bc9993ac-m1,solvability,-0.7500000000000001,-0.6600158923158645
model_agnostic_replication_behavior-cd43b1d4a86b9a0d-m0,solvability,0.0,0.316425920313503
model_agnostic_replication_behavior-cd43b1d4a86b9a0d-m1,solvability,0.625,0.6640773174179518
model_agnostic_replication_behavior-cd5908dcc57976b5-m0,debugging,-4.875,-3.428224967021545
model_agnostic_replication_behavior-cd5908dcc57976b5-m1,debugging,-2.75,-3.196116314279848
model_agnostic_replication_behavior-cdd11dc98a2797cd-m0,solvability,0.125,0.00739318021104729
model_agnostic_replication_behavior-cdd11dc98a2797cd-m1,solvability,0.5,0.355044577315496
model_agnostic_replication_behavior-ce0012fc43349f14-m0,foraging,0.7500000000000002,-0.15135176119505456
model_agnostic_replication_behavior-ce0012fc43349f14-m1,foraging,-0.6249999999999999,-0.49876903417866747
model_agnostic_replication_behavior-ce17b45040f61325-m0,foraging,1.25,0.05775046944158024
model_agnostic_replication_behavior-ce17b45040f61325-m1,foraging,-0.25,-0.28966680354203267
model_agnostic_replication_behavior-ce51e6bdfcd15a37-m0,waiting,-0.37499999999999994,-0.7730096608408701
model_agnostic_replication_behavior-ce51e6bdfcd15a37-m1,waiting,-0.12500000000000006,0.11079876105696734
model_agnostic_replication_behavior-ce62af7a7b8cc9c3-m0,effort,-0.8750000000000002,-0.12867679052956932
model_agnostic_replication_behavior-ce62af7a7b8cc9c3-m1,effort,-0.7500000000000001,0.5433547718641356
model_agnostic_replication_behavior-ce9153e3a3965f72-m0,foraging,0.24999999999999992,-0.405852685439512
model_agnostic_replication_behavior-ce9153e3a3965f72-m1,foraging,-0.7500000000000001,-0.7532699584231249
model_agnostic_replication_behavior-ce9d657b17faa465-m0,waiting,-0.8750000000000002,-0.5200150944670361
model_agnostic_replication_behavior-ce9d657b17faa465-m1,waiting,0.125,0.36379332743080117
model_agnostic_replication_behavior-cea6fe2c4907ff1d-m0,bandit,-0.12500000000000006,-0.765997654239808
model_agnostic_replication_behavior-cea6fe2c4907ff1d-m1,bandit,0.0,0.732122826305106
model_agnostic_replication_behavior-cefb22cac783ff92-m0,debugging,-1.7499999999999998,-1.7323289830363193
model_agnostic_replication_behavior-cefb22cac783ff92-m1,debugging,-1.0000000000000002,-1.500220330294622
model_agnostic_replication_behavior-cf21850022eae0b3-m0,foraging,0.37499999999999994,0.14428066084072833
model_agnostic_replication_behavior-cf21850022eae0b3-m1,foraging,-1.0000000000000002,-0.2031366121428847
model_agnostic_replication_behavior-cf243683c8977583-m0,solvability,1.625,0.9863414329689493
model_agnostic_replication_behavior-cf243683c8977583-m1,solvability,-0.25,1.3339928300733983
model_agnostic_replication_behavior-cf40696b5055bb2f-m0,bandit,-1.5,-1.4003970807655164
model_agnostic_replication_behavior-cf40696b5055bb2f-m1,bandit,0.37499999999999994,0.09772339977939773
model_agnostic_replication_behavior-cf40a1994bfa02ad-m0,bandit,-1.0000000000000002,-0.8840915285661253
model_agnostic_replication_behavior-cf40a1994bfa02ad-m1,bandit,0.625,0.6140289519787887
model_agnostic_replication_behavior-cf5c1a97f41a465a-m0,waiting,0.24999999999999992,0.5138907044942527
model_agnostic_replication_behavior-cf5c1a97f41a465a-m1,waiting,0.37499999999999994,1.3976991263920904
model_agnostic_replication_behavior-cf90e68c68e657cf-m0,foraging,1.75,1.3343184868145348
model_agnostic_replication_behavior-cf90e68c68e657cf-m1,foraging,1.0,0.9869012138309219
model_agnostic_replication_behavior-cf9e2fae43640ac6-m0,bandit,-1.5,-1.4939645489411597
model_agnostic_replication_behavior-cf9e2fae43640ac6-m1,bandit,0.0,0.004155931603754437
model_agnostic_replication_behavior-cfbe144687d0e81d-m0,information_sampling,-0.12500000000000006,-0.16441517063160915
model_agnostic_replication_behavior-cfbe144687d0e81d-m1,information_sampling,-0.5,-0.25478030245278016
model_agnostic_replication_behavior-d043ac58ac93fc53-m0,effort,0.24999999999999992,-0.16007683329467726
model_agnostic_replication_behavior-d043ac58ac93fc53-m1,effort,-0.37499999999999994,0.5119547290990278
model_agnostic_replication_behavior-d0743f409259f1d9-m0,solvability,-0.37499999999999994,-0.3498135147265341
model_agnostic_replication_behavior-d0743f409259f1d9-m1,solvability,0.7500000000000002,-0.00216211762208518
model_agnostic_replication_behavior-d137e813c22657a5-m0,bandit,-3.875,-2.9368456463614434
model_agnostic_replication_behavior-d137e813c22657a5-m1,bandit,-0.8750000000000002,-1.4387251658165294
model_agnostic_replication_behavior-d16f4aaf0d4f7806-m0,effort,-1.25,-1.848832013726901
model_agnostic_replication_behavior-d16f4aaf0d4f7806-m1,effort,-0.8750000000000002,-1.176800451333196
model_agnostic_replication_behavior-d1777695acfe6211-m0,information_sampling,-1.5,-1.1569865541895998
model_agnostic_replication_behavior-d1777695acfe6211-m1,information_sampling,-0.6249999999999999,-1.2473516860107705
model_agnostic_replication_behavior-d19ca4e99f8a64f8-m0,debugging,-0.7500000000000001,-1.1364525050564889
model_agnostic_replication_behavior-d19ca4e99f8a64f8-m1,debugging,-0.6249999999999999,-0.9043438523147919
model_agnostic_replication_behavior-d1b19f675cd914e4-m0,bandit,-2.375,-2.5165162692466225
model_agnostic_replication_behavior-d1b19f675cd914e4-m1,bandit,-0.5,-1.0183957887017083
model_agnostic_replication_behavior-d1b3c904c14d3353-m0,waiting,-2.75,-2.399041119261518
model_agnostic_replication_behavior-d1b3c904c14d3353-m1,waiting,-1.625,-1.5152326973636807
model_agnostic_replication_behavior-d1b4f6b57f74ab21-m0,solvability,-0.5,-0.717611444413945
model_agnostic_replication_behavior-d1b4f6b57f74ab21-m1,solvability,-0.25,-0.36996004730949605
model_agnostic_replication_behavior-d1bb2eb6f541dd88-m0,solvability,-0.25,0.018762483297667276
model_agnostic_replication_behavior-d1bb2eb6f541dd88-m1,solvability,0.24999999999999992,0.3664138804021161
model_agnostic_replication_behavior-d1d9ff517c52bc54-m0,bandit,-3.125,-2.7740973272761247
model_agnostic_replication_behavior-d1d9ff517c52bc54-m1,bandit,-0.25,-1.2759768467312107
model_agnostic_replication_behavior-d200e83676e40c72-m0,bandit,-4.125,-2.752150813761643
model_agnostic_replication_behavior-d200e83676e40c72-m1,bandit,-2.0,-1.2540303332167286
model_agnostic_replication_behavior-d213c7dbb3313688-m0,foraging,-2.0,-1.5365788193991867
model_agnostic_replication_behavior-d213c7dbb3313688-m1,foraging,-1.7499999999999998,-1.8839960923827996
model_agnostic_replication_behavior-d280bd53edce024b-m0,information_sampling,-0.6249999999999999,-0.7017673063822223
model_agnostic_replication_behavior-d280bd53edce024b-m1,information_sampling,-0.6249999999999999,-0.7921324382033932
model_agnostic_replication_behavior-d30aa84f83d8e61e-m0,bandit,-3.625,-3.5034580064557788
model_agnostic_replication_behavior-d30aa84f83d8e61e-m1,bandit,-2.75,-2.0053375259108646
model_agnostic_replication_behavior-d330ab1c17094d1d-m0,foraging,1.125,0.6310058578884818
model_agnostic_replication_behavior-d330ab1c17094d1d-m1,foraging,0.24999999999999992,0.28358858490486916
model_agnostic_replication_behavior-d346726d4f52cab9-m0,foraging,-1.125,-1.7120581855987294
model_agnostic_replication_behavior-d346726d4f52cab9-m1,foraging,-1.0000000000000002,-2.0594754585823423
model_agnostic_replication_behavior-d3683e1e6fa351f1-m0,waiting,-0.5,-0.47118968690799046
model_agnostic_replication_behavior-d3683e1e6fa351f1-m1,waiting,0.24999999999999992,0.41261873498984697
model_agnostic_replication_behavior-d379f367ff1090ef-m0,effort,0.24999999999999992,-0.46734204663998535
model_agnostic_replication_behavior-d379f367ff1090ef-m1,effort,-0.37499999999999994,0.20468951575371985
model_agnostic_replication_behavior-d3adb3367ff115a3-m0,information_sampling,-0.12500000000000006,-0.47805530991837064
model_agnostic_replication_behavior-d3adb3367ff115a3-m1,information_sampling,-0.6249999999999999,-0.5684204417395416
model_agnostic_replication_behavior-d3d99261a1ebf2a2-m0,solvability,1.625,1.1306632856180552
model_agnostic_replication_behavior-d3d99261a1ebf2a2-m1,solvability,0.5,1.478314682722504
model_agnostic_replication_behavior-d3ddd630cd9985ae-m0,waiting,-3.75,-2.856015292462114
model_agnostic_replication_behavior-d3ddd630cd9985ae-m1,waiting,-1.875,-1.9722068705642761
model_agnostic_replication_behavior-d3eb406d7e72ebd3-m0,foraging,-3.625,-2.9086172478630363
model_agnostic_replication_behavior-d3eb406d7e72ebd3-m1,foraging,-2.75,-3.256034520846648
model_agnostic_replication_behavior-d3ec8d1af6196119-m0,information_sampling,-0.6249999999999999,-0.705733298815757
model_agnostic_replication_behavior-d3ec8d1af6196119-m1,information_sampling,-0.6249999999999999,-0.7960984306369279
model_agnostic_replication_behavior-d409b89ede31fba1-m0,solvability,-0.37499999999999994,-1.058449721055936
model_agnostic_replication_behavior-d409b89ede31fba1-m1,solvability,0.24999999999999992,-0.7107983239514872
model_agnostic_replication_behavior-d47af5b72a03f286-m0,waiting,-1.375,-0.9204553436264862
model_agnostic_replication_behavior-d47af5b72a03f286-m1,waiting,0.125,-0.036646921728648696
model_agnostic_replication_behavior-d482d6a850809cd2-m0,solvability,1.25,0.8169557615309659
model_agnostic_replication_behavior-d482d6a850809cd2-m1,solvability,0.8750000000000001,1.1646071586354148
model_agnostic_replication_behavior-d4ead682d6b06b87-m0,effort,-1.25,-1.908301554783548
model_agnostic_replication_behavior-d4ead682d6b06b87-m1,effort,-0.7500000000000001,-1.236269992389843
model_agnostic_replication_behavior-d4f04074de891d4f-m0,solvability,2.0,2.3253008049737405
model_agnostic_replication_behavior-d4f04074de891d4f-m1,solvability,2.75,2.6729522020781893
model_agnostic_replication_behavior-d4f5918a2c38668a-m0,bandit,-4.875,-4.326422642862722
model_agnostic_replication_behavior-d4f5918a2c38668a-m1,bandit,-3.25,-2.828302162317809
model_agnostic_replication_behavior-d57f5aabcaa96f0e-m0,information_sampling,0.125,-0.3189611176064766
model_agnostic_replication_behavior-d57f5aabcaa96f0e-m1,information_sampling,-0.5,-0.4093262494276475
model_agnostic_replication_behavior-d5994e9ce0b18ca5-m0,bandit,-3.125,-2.3824988419040714
model_agnostic_replication_behavior-d5994e9ce0b18ca5-m1,bandit,-0.5,-0.8843783613591574
model_agnostic_replication_behavior-d59e78724a1ecd0f-m0,debugging,0.37499999999999994,0.09419831542146029
model_agnostic_replication_behavior-d59e78724a1ecd0f-m1,debugging,0.0,0.3263069681631574
model_agnostic_replication_behavior-d59fdef08a93a9ff-m0,bandit,-2.625,-1.7079224639291761
model_agnostic_replication_behavior-d59fdef08a93a9ff-m1,bandit,-0.5,-0.20980198338426204
model_agnostic_replication_behavior-d5a982c8cc426bb0-m0,debugging,-2.375,-1.9046220976176778
model_agnostic_replication_behavior-d5a982c8cc426bb0-m1,debugging,-2.375,-1.6725134448759809
model_agnostic_replication_behavior-d5d50d3ba4cfcc60-m0,effort,0.0,-1.0478429652425811
model_agnostic_replication_behavior-d5d50d3ba4cfcc60-m1,effort,-0.5,-0.375811402848876
model_agnostic_replication_behavior-d61b82ff2971c5d7-m0,effort,-0.5,-0.7927382726834442
model_agnostic_replication_behavior-d61b82ff2971c5d7-m1,effort,0.5,-0.120706710289739
model_agnostic_replication_behavior-d667f3c1179ad7b0-m0,effort,-6.875,-4.4196554106494865
model_agnostic_replication_behavior-d667f3c1179ad7b0-m1,effort,-3.125,-3.747623848255782
model_agnostic_replication_behavior-d69eaa3c7efc08c9-m0,foraging,-0.25,-0.9581730089812366
model_agnostic_replication_behavior-d69eaa3c7efc08c9-m1,foraging,-1.125,-1.3055902819648495
model_agnostic_replication_behavior-d6a92de8271da676-m0,debugging,-2.25,-2.6571115754674275
model_agnostic_replication_behavior-d6a92de8271da676-m1,debugging,-1.7499999999999998,-2.4250029227257306
model_agnostic_replication_behavior-d6f60eb286ec217f-m0,information_sampling,-0.12500000000000006,-0.5191266637236164
model_agnostic_replication_behavior-d6f60eb286ec217f-m1,information_sampling,-0.5,-0.6094917955447874
model_agnostic_replication_behavior-d6fbbff87b44116d-m0,information_sampling,-0.25,-0.4961210871921892
model_agnostic_replication_behavior-d6fbbff87b44116d-m1,information_sampling,-0.6249999999999999,-0.5864862190133602
model_agnostic_replication_behavior-d7086d07c6f649ab-m0,solvability,-3.375,-2.596366763354447
model_agnostic_replication_behavior-d7086d07c6f649ab-m1,solvability,-1.375,-2.248715366249998
model_agnostic_replication_behavior-d7292bc9a2a8db0c-m0,debugging,-2.0,-1.6324075737991577
model_agnostic_replication_behavior-d7292bc9a2a8db0c-m1,debugging,-1.7499999999999998,-1.4002989210574608
model_agnostic_replication_behavior-d7329b52c1b7a1ab-m0,solvability,1.8749999999999998,1.1723043589536906
model_agnostic_replication_behavior-d7329b52c1b7a1ab-m1,solvability,0.8750000000000001,1.5199557560581396
model_agnostic_replication_behavior-d7660146d6b6baa5-m0,bandit,-3.75,-3.6080622485514917
model_agnostic_replication_behavior-d7660146d6b6baa5-m1,bandit,-1.25,-2.109941768006578
model_agnostic_replication_behavior-d78c35861e238d4b-m0,effort,-1.875,-2.528393307143388
model_agnostic_replication_behavior-d78c35861e238d4b-m1,effort,-2.5,-1.8563617447496825
model_agnostic_replication_behavior-d7d0bae43a6cfe6e-m0,debugging,-0.7500000000000001,-1.4192684270954228
model_agnostic_replication_behavior-d7d0bae43a6cfe6e-m1,debugging,-0.7500000000000001,-1.1871597743537259
model_agnostic_replication_behavior-d7db88b2c9a45970-m0,waiting,-0.8750000000000002,-0.5200150944670361
model_agnostic_replication_behavior-d7db88b2c9a45970-m1,waiting,0.0,0.36379332743080117
model_agnostic_replication_behavior-d808239d2f4631ed-m0,solvability,1.625,0.9610928721993117
model_agnostic_replication_behavior-d808239d2f4631ed-m1,solvability,2.0,1.3087442693037608
model_agnostic_replication_behavior-d80a2c499995cd62-m0,effort,-4.5,-2.9170785089988156
model_agnostic_replication_behavior-d80a2c499995cd62-m1,effort,-2.375,-2.2450469466051106
model_agnostic_replication_behavior-d827d6c47171d7d9-m0,effort,-2.625,-3.653308412848605
model_agnostic_replication_behavior-d827d6c47171d7d9-m1,effort,-1.25,-2.9812768504549
model_agnostic_replication_behavior-d8429f58f6bb708e-m0,debugging,-1.625,-0.9777364155057345
model_agnostic_replication_behavior-d8429f58f6bb708e-m1,debugging,-1.5,-0.7456277627640373
model_agnostic_replication_behavior-d84836cfe163999e-m0,bandit,-1.875,-2.0168673501865566
model_agnostic_replication_behavior-d84836cfe163999e-m1,bandit,0.24999999999999992,-0.5187468696416428
model_agnostic_replication_behavior-d8a4f8b8163300d1-m0,information_sampling,-0.37499999999999994,-0.6033204711427732
model_agnostic_replication_behavior-d8a4f8b8163300d1-m1,information_sampling,-0.37499999999999994,-0.693685602963944
model_agnostic_replication_behavior-d8b62cd928a1c074-m0,foraging,1.75,0.41898040476339127
model_agnostic_replication_behavior-d8b62cd928a1c074-m1,foraging,0.24999999999999992,0.07156313177977813
model_agnostic_replication_behavior-d976d70d5336adda-m0,foraging,-1.625,-0.8179933230025442
model_agnostic_replication_behavior-d976d70d5336adda-m1,foraging,-1.5,-1.1654105959861571
model_agnostic_replication_behavior-d9fcead5258f575a-m0,foraging,0.125,0.20028073562359416
model_agnostic_replication_behavior-d9fcead5258f575a-m1,foraging,-0.5,-0.14713653736001875
model_agnostic_replication_behavior-da2a70b6562b7bf5-m0,solvability,2.25,2.940509315256171
model_agnostic_replication_behavior-da2a70b6562b7bf5-m1,solvability,3.25,3.28816071236062
model_agnostic_replication_behavior-db0ddcf4b1354e0c-m0,solvability,1.0,0.5592359486048711
model_agnostic_replication_behavior-db0ddcf4b1354e0c-m1,solvability,0.7500000000000002,0.9068873457093202
model_agnostic_replication_behavior-db148363fbd0f843-m0,information_sampling,-0.6249999999999999,-0.7062722624138242
model_agnostic_replication_behavior-db148363fbd0f843-m1,information_sampling,-0.6249999999999999,-0.7966373942349949
model_agnostic_replication_behavior-db29048e86cb47a1-m0,foraging,-0.6249999999999999,-0.6948225668046313
model_agnostic_replication_behavior-db29048e86cb47a1-m1,foraging,-0.8750000000000002,-1.042239839788244
model_agnostic_replication_behavior-db450846fc1b2470-m0,bandit,-0.12500000000000006,-0.42436508315077226
model_agnostic_replication_behavior-db450846fc1b2470-m1,bandit,1.3750000000000002,1.0737553973941418
model_agnostic_replication_behavior-db98741b892f2000-m0,foraging,-0.37499999999999994,-0.9972032880878818
model_agnostic_replication_behavior-db98741b892f2000-m1,foraging,-1.875,-1.344620561071495
model_agnostic_replication_behavior-db9e1a95932f6eee-m0,debugging,-2.625,-1.4557911993944501
model_agnostic_replication_behavior-db9e1a95932f6eee-m1,debugging,-2.625,-1.223682546652753
model_agnostic_replication_behavior-dbaeb0b0d4571653-m0,effort,-5.0,-3.0816790998928285
model_agnostic_replication_behavior-dbaeb0b0d4571653-m1,effort,-2.5,-2.409647537499123
model_agnostic_replication_behavior-dbfc9a4bcf6cef60-m0,debugging,-0.5,-1.085248040668078
model_agnostic_replication_behavior-dbfc9a4bcf6cef60-m1,debugging,-0.6249999999999999,-0.8531393879263811
model_agnostic_replication_behavior-dd000db3a7349dd2-m0,waiting,-2.625,-1.9847271919235663
model_agnostic_replication_behavior-dd000db3a7349dd2-m1,waiting,-0.7500000000000001,-1.1009187700257286
model_agnostic_replication_behavior-dd074cf6a0e8e39c-m0,information_sampling,-0.5,-0.5694698527771161
model_agnostic_replication_behavior-dd074cf6a0e8e39c-m1,information_sampling,-0.8750000000000002,-0.6598349845982872
model_agnostic_replication_behavior-dd0e73641d39781f-m0,foraging,0.8750000000000001,-0.10711816912358518
model_agnostic_replication_behavior-dd0e73641d39781f-m1,foraging,0.0,-0.4545354421071981
model_agnostic_replication_behavior-dd323ddf12799b49-m0,debugging,-0.6249999999999999,-0.8309691807788852
model_agnostic_replication_behavior-dd323ddf12799b49-m1,debugging,-0.6249999999999999,-0.598860528037188
model_agnostic_replication_behavior-dd672c5fe7b7b5e2-m0,foraging,1.3750000000000002,0.17535782766115726
model_agnostic_replication_behavior-dd672c5fe7b7b5e2-m1,foraging,0.37499999999999994,-0.17205944532245576
model_agnostic_replication_behavior-ddd8e57dd4bc529b-m0,foraging,-1.25,-0.8348574399135453
model_agnostic_replication_behavior-ddd8e57dd4bc529b-m1,foraging,-1.875,-1.1822747128971582
model_agnostic_replication_behavior-de1c13ac9bb6a90e-m0,debugging,-2.75,-1.4000067262751326
model_agnostic_replication_behavior-de1c13ac9bb6a90e-m1,debugging,-1.875,-1.1678980735334354
model_agnostic_replication_behavior-de1dd1ee552bd522-m0,waiting,-1.375,-1.6844159017771103
model_agnostic_replication_behavior-de1dd1ee552bd522-m1,waiting,-0.37499999999999994,-0.8006074798792729
model_agnostic_replication_behavior-de57795b749e7736-m0,effort,-4.625,-3.489227379181802
model_agnostic_replication_behavior-de57795b749e7736-m1,effort,-2.125,-2.8171958167880966
model_agnostic_replication_behavior-de8205ea3bd46647-m0,foraging,-0.7500000000000001,-0.6379356538626444
model_agnostic_replication_behavior-de8205ea3bd46647-m1,foraging,-2.25,-0.9853529268462573
model_agnostic_replication_behavior-deac1b0810817793-m0,solvability,-2.375,-1.5539045694724651
model_agnostic_replication_behavior-deac1b0810817793-m1,solvability,-0.25,-1.2062531723680165
model_agnostic_replication_behavior-deb1692b41d7709e-m0,effort,0.0,-0.9829361262003763
model_agnostic_replication_behavior-deb1692b41d7709e-m1,effort,-0.25,-0.3109045638066711
model_agnostic_replication_behavior-ded62555a192642b-m0,information_sampling,-0.6249999999999999,-0.564232296025749
model_agnostic_replication_behavior-ded62555a192642b-m1,information_sampling,-0.8750000000000002,-0.65459742784692
model_agnostic_replication_behavior-def535cd40206981-m0,bandit,-4.75,-3.484174677654698
model_agnostic_replication_behavior-def535cd40206981-m1,bandit,-3.0,-1.9860541971097843
model_agnostic_replication_behavior-dfc0ae811cc0aac4-m0,waiting,-1.625,-1.5336821387824933
model_agnostic_replication_behavior-dfc0ae811cc0aac4-m1,waiting,-0.7500000000000001,-0.6498737168846562
model_agnostic_replication_behavior-dfcebbce010f24a8-m0,debugging,-1.125,-1.5403956925859497
model_agnostic_replication_behavior-dfcebbce010f24a8-m1,debugging,-1.375,-1.3082870398442523
model_agnostic_replication_behavior-dfd06bd2b86e9d58-m0,solvability,0.8750000000000001,0.20042132448463834
model_agnostic_replication_behavior-dfd06bd2b86e9d58-m1,solvability,0.8750000000000001,0.5480727215890875
model_agnostic_replication_behavior-dfd698f9bb3ca6ea-m0,debugging,-2.5,-2.085118930280952
model_agnostic_replication_behavior-dfd698f9bb3ca6ea-m1,debugging,-3.75,-1.853010277539255
model_agnostic_replication_behavior-dfd6e503c87fabe8-m0,debugging,-1.25,-1.5326074562409062
model_agnostic_replication_behavior-dfd6e503c87fabe8-m1,debugging,-0.6249999999999999,-1.300498803499209
model_agnostic_replication_behavior-dff09a3fc5d1ea1e-m0,information_sampling,0.24999999999999992,-0.1897299639485398
model_agnostic_replication_behavior-dff09a3fc5d1ea1e-m1,information_sampling,-0.6249999999999999,-0.2800950957697108
model_agnostic_replication_behavior-e00ec49a934a4c30-m0,information_sampling,-1.375,-1.1584682222642337
model_agnostic_replication_behavior-e00ec49a934a4c30-m1,information_sampling,-0.7500000000000001,-1.2488333540854046
model_agnostic_replication_behavior-e0523c12fa229e16-m0,information_sampling,-0.5,-0.7194396245464085
model_agnostic_replication_behavior-e0523c12fa229e16-m1,information_sampling,-0.7500000000000001,-0.8098047563675795
model_agnostic_replication_behavior-e0c50aebcdc155c3-m0,information_sampling,-1.875,-1.0440671326487094
model_agnostic_replication_behavior-e0c50aebcdc155c3-m1,information_sampling,-1.0000000000000002,-1.1344322644698808
model_agnostic_replication_behavior-e13eafc7c960a917-m0,debugging,-1.0000000000000002,-1.0627874685966878
model_agnostic_replication_behavior-e13eafc7c960a917-m1,debugging,-1.375,-0.8306788158549908
model_agnostic_replication_behavior-e1627f42a381db93-m0,solvability,-1.375,-1.533081730995599
model_agnostic_replication_behavior-e1627f42a381db93-m1,solvability,-0.12500000000000006,-1.18543033389115
model_agnostic_replication_behavior-e1727f2f013aa6a6-m0,information_sampling,-0.7500000000000001,-0.6661403292395502
model_agnostic_replication_behavior-e1727f2f013aa6a6-m1,information_sampling,-0.7500000000000001,-0.7565054610607218
model_agnostic_replication_behavior-e18c4b7ac858962f-m0,information_sampling,-1.0000000000000002,-0.843735142051269
model_agnostic_replication_behavior-e18c4b7ac858962f-m1,information_sampling,-0.7500000000000001,-0.93410027387244
model_agnostic_replication_behavior-e1aa365dc4ec0bf5-m0,bandit,-3.625,-3.8436967930665125
model_agnostic_replication_behavior-e1aa365dc4ec0bf5-m1,bandit,-2.125,-2.345576312521598
model_agnostic_replication_behavior-e1b7a13161d92bc7-m0,foraging,1.125,1.1241279800478055
model_agnostic_replication_behavior-e1b7a13161d92bc7-m1,foraging,0.8750000000000001,0.7767107070641925
model_agnostic_replication_behavior-e1be026f1bd13a1a-m0,information_sampling,0.0,-0.16188667770834786
model_agnostic_replication_behavior-e1be026f1bd13a1a-m1,information_sampling,-0.5,-0.25225180952951853
model_agnostic_replication_behavior-e1cfa7fa5f98613b-m0,bandit,-0.25,0.041176647983917014
model_agnostic_replication_behavior-e1cfa7fa5f98613b-m1,bandit,0.5,1.5392971285288313
model_agnostic_replication_behavior-e22a65024222f5e0-m0,waiting,-1.5,-1.5289967867292975
model_agnostic_replication_behavior-e22a65024222f5e0-m1,waiting,-0.37499999999999994,-0.6451883648314602
model_agnostic_replication_behavior-e23101e189f9e151-m0,solvability,0.24999999999999992,0.11168879296200918
model_agnostic_replication_behavior-e23101e189f9e151-m1,solvability,0.24999999999999992,0.4593401900664581
model_agnostic_replication_behavior-e23819863e69a4ab-m0,waiting,0.125,0.16133811805096188
model_agnostic_replication_behavior-e23819863e69a4ab-m1,waiting,1.5000000000000002,1.0451465399487994
model_agnostic_replication_behavior-e2717f197050d2c1-m0,solvability,1.5000000000000002,0.32256733850015473
model_agnostic_replication_behavior-e2717f197050d2c1-m1,solvability,0.24999999999999992,0.6702187356046037
model_agnostic_replication_behavior-e281e650e2b2e7ff-m0,solvability,0.37499999999999994,0.9217667872807122
model_agnostic_replication_behavior-e281e650e2b2e7ff-m1,solvability,1.0,1.2694181843851613
model_agnostic_replication_behavior-e28ca8a62a623b65-m0,solvability,1.125,1.0053574968733128
model_agnostic_replication_behavior-e28ca8a62a623b65-m1,solvability,0.24999999999999992,1.3530088939777618
model_agnostic_replication_behavior-e2a47e2fe0ce667a-m0,effort,-1.875,-1.5500695908555415
model_agnostic_replication_behavior-e2a47e2fe0ce667a-m1,effort,-1.0000000000000002,-0.8780380284618364
model_agnostic_replication_behavior-e2a6ab722a481aff-m0,solvability,2.25,1.3205316551624207
model_agnostic_replication_behavior-e2a6ab722a481aff-m1,solvability,0.8750000000000001,1.6681830522668695
model_agnostic_replication_behavior-e2a839652f5ae604-m0,foraging,0.125,0.12231527735033276
model_agnostic_replication_behavior-e2a839652f5ae604-m1,foraging,-0.12500000000000006,-0.22510199563328015
model_agnostic_replication_behavior-e342b2befa4c7e32-m0,effort,-0.25,0.7756449864040275
model_agnostic_replication_behavior-e342b2befa4c7e32-m1,effort,0.37499999999999994,1.4476765487977326
model_agnostic_replication_behavior-e35b05e591d8de01-m0,bandit,0.0,-0.5594564842283423
model_agnostic_replication_behavior-e35b05e591d8de01-m1,bandit,0.0,0.9386639963165719
model_agnostic_replication_behavior-e35d26b0774afc75-m0,effort,-1.7499999999999998,-2.2358157030735653
model_agnostic_replication_behavior-e35d26b0774afc75-m1,effort,-0.8750000000000002,-1.56378414067986
model_agnostic_replication_behavior-e362da27226caf34-m0,debugging,0.24999999999999992,-0.3111990888044591
model_agnostic_replication_behavior-e362da27226caf34-m1,debugging,-0.6249999999999999,-0.079090436062762
model_agnostic_replication_behavior-e365d19d13dd5848-m0,information_sampling,-1.125,-0.8229253047659403
model_agnostic_replication_behavior-e365d19d13dd5848-m1,information_sampling,-0.6249999999999999,-0.9132904365871113
model_agnostic_replication_behavior-e3956b8eaef66d0f-m0,effort,-2.5,-2.61830949129596
model_agnostic_replication_behavior-e3956b8eaef66d0f-m1,effort,-1.625,-1.9462779289022547
model_agnostic_replication_behavior-e3a12d33787d4cc7-m0,foraging,0.7500000000000002,0.19681509633995287
model_agnostic_replication_behavior-e3a12d33787d4cc7-m1,foraging,0.5,-0.15060217664366005
model_agnostic_replication_behavior-e3a4db8fc64bde40-m0,foraging,0.0,-0.34885080777792976
model_agnostic_replication_behavior-e3a4db8fc64bde40-m1,foraging,0.0,-0.6962680807615425
model_agnostic_replication_behavior-e3c1e572ceae6e38-m0,solvability,1.125,0.735999650770466
model_agnostic_replication_behavior-e3c1e572ceae6e38-m1,solvability,1.125,1.0836510478749153
model_agnostic_replication_behavior-e3ec028ac8bbac5c-m0,solvability,2.875,2.906646746566464
model_agnostic_replication_behavior-e3ec028ac8bbac5c-m1,solvability,5.875,3.254298143670913
model_agnostic_replication_behavior-e3f7b5323b571139-m0,effort,-3.125,-2.73936186978411
model_agnostic_replication_behavior-e3f7b5323b571139-m1,effort,-0.8750000000000002,-2.0673303073904044
model_agnostic_replication_behavior-e405aacf71572021-m0,waiting,-0.8750000000000002,-1.630762495318712
model_agnostic_replication_behavior-e405aacf71572021-m1,waiting,-1.5,-0.7469540734208746
model_agnostic_replication_behavior-e4130daf18597b99-m0,information_sampling,-0.25,-0.3441097437583294
model_agnostic_replication_behavior-e4130daf18597b99-m1,information_sampling,-0.6249999999999999,-0.4344748755795004
model_agnostic_replication_behavior-e4245e55e6685add-m0,effort,0.37499999999999994,-0.017146370148021783
model_agnostic_replication_behavior-e4245e55e6685add-m1,effort,-0.12500000000000006,0.6548851922456833
model_agnostic_replication_behavior-e44567800c190745-m0,debugging,-2.125,-1.2788808463199848
model_agnostic_replication_behavior-e44567800c190745-m1,debugging,-1.875,-1.0467721935782879
model_agnostic_replication_behavior-e4475425ae2e189d-m0,waiting,-1.5,-1.8665812674791937
model_agnostic_replication_behavior-e4475425ae2e189d-m1,waiting,-1.125,-0.9827728455813564
model_agnostic_replication_behavior-e450c15b42ad5e25-m0,waiting,1.3750000000000002,0.8803169691160461
model_agnostic_replication_behavior-e450c15b42ad5e25-m1,waiting,1.125,1.7641253910138832
model_agnostic_replication_behavior-e45d06872af0ddb3-m0,effort,-3.75,-2.139937397641884
model_agnostic_replication_behavior-e45d06872af0ddb3-m1,effort,-2.25,-1.467905835248179
model_agnostic_replication_behavior-e4ecda320ff526b6-m0,bandit,-2.25,-1.7919091503301177
model_agnostic_replication_behavior-e4ecda320ff526b6-m1,bandit,-1.25,-0.29378866978520346
model_agnostic_replication_behavior-e4f023bc32461ac1-m0,effort,-0.6249999999999999,-1.6352085389082327
model_agnostic_replication_behavior-e4f023bc32461ac1-m1,effort,-0.25,-0.9631769765145275
model_agnostic_replication_behavior-e5053587e367069c-m0,effort,-4.875,-2.947422958300915
model_agnostic_replication_behavior-e5053587e367069c-m1,effort,-2.625,-2.27539139590721
model_agnostic_replication_behavior-e50e862cb495a309-m0,information_sampling,-0.6249999999999999,-0.5254978518737514
model_agnostic_replication_behavior-e50e862cb495a309-m1,information_sampling,-0.5,-0.6158629836949226
model_agnostic_replication_behavior-e5272e5d757616cb-m0,foraging,-1.375,-1.3107178412364604
model_agnostic_replication_behavior-e5272e5d757616cb-m1,foraging,-1.25,-1.6581351142200733
model_agnostic_replication_behavior-e52f819667c5b4c1-m0,debugging,-0.5,-1.1674785676162778
model_agnostic_replication_behavior-e52f819667c5b4c1-m1,debugging,0.7500000000000002,-0.9353699148745807
model_agnostic_replication_behavior-e533effdeb8c2818-m0,waiting,0.125,-0.5398565516696928
model_agnostic_replication_behavior-e533effdeb8c2818-m1,waiting,-0.5,0.34395187022814455
model_agnostic_replication_behavior-e53a4764fdf6187f-m0,effort,-2.5,-1.6046824751290472
model_agnostic_replication_behavior-e53a4764fdf6187f-m1,effort,-0.5,-0.9326509127353422
model_agnostic_replication_behavior-e53a7a693142c012-m0,solvability,2.25,2.511329157309927
model_agnostic_replication_behavior-e53a7a693142c012-m1,solvability,3.5,2.8589805544143756
model_agnostic_replication_behavior-e58833a19fabc4ea-m0,solvability,0.0,0.4967066104409247
model_agnostic_replication_behavior-e58833a19fabc4ea-m1,solvability,0.7500000000000002,0.8443580075453736
model_agnostic_replication_behavior-e5b07c9260de10c3-m0,effort,-1.7499999999999998,-2.1474290271735192
model_agnostic_replication_behavior-e5b07c9260de10c3-m1,effort,-0.6249999999999999,-1.4753974647798145
model_agnostic_replication_behavior-e5c77b67b53b87a6-m0,debugging,-1.7499999999999998,-1.4234135818309666
model_agnostic_replication_behavior-e5c77b67b53b87a6-m1,debugging,-3.375,-1.1913049290892697
model_agnostic_replication_behavior-e6358c0dfcd3733a-m0,information_sampling,-0.7500000000000001,-0.6792746788074098
model_agnostic_replication_behavior-e6358c0dfcd3733a-m1,information_sampling,-0.6249999999999999,-0.7696398106285809
model_agnostic_replication_behavior-e6567fe81472a136-m0,foraging,1.3750000000000002,0.587404312286927
model_agnostic_replication_behavior-e6567fe81472a136-m1,foraging,0.5,0.2399870393033141
model_agnostic_replication_behavior-e66eca82214ec672-m0,foraging,-0.7500000000000001,-1.0934408017134623
model_agnostic_replication_behavior-e66eca82214ec672-m1,foraging,-1.125,-1.4408580746970752
model_agnostic_replication_behavior-e6acaca816b1e04a-m0,debugging,-0.5,-0.6256182704201937
model_agnostic_replication_behavior-e6acaca816b1e04a-m1,debugging,-1.7499999999999998,-0.3935096176784967
model_agnostic_replication_behavior-e6b7a6aa1c64ac47-m0,foraging,0.8750000000000001,0.37728672735419
model_agnostic_replication_behavior-e6b7a6aa1c64ac47-m1,foraging,-0.6249999999999999,0.02986945437057731
model_agnostic_replication_behavior-e7131c602fb6be3b-m0,effort,-0.6249999999999999,-0.7371681087422131
model_agnostic_replication_behavior-e7131c602fb6be3b-m1,effort,0.5,-0.06513654634850788
model_agnostic_replication_behavior-e71470da955830f1-m0,waiting,-6.25,-2.957781001051528
model_agnostic_replication_behavior-e71470da955830f1-m1,waiting,-2.125,-2.0739725791536903
model_agnostic_replication_behavior-e7227d9455b43c69-m0,debugging,-1.7499999999999998,-1.4428025937860867
model_agnostic_replication_behavior-e7227d9455b43c69-m1,debugging,-2.375,-1.2106939410443898
model_agnostic_replication_behavior-e74d719a15693956-m0,waiting,-2.0,-1.5438015161054093
model_agnostic_replication_behavior-e74d719a15693956-m1,waiting,0.125,-0.6599930942075719
model_agnostic_replication_behavior-e7e325e8f19f0aa2-m0,debugging,-1.25,-1.3496103224702845
model_agnostic_replication_behavior-e7e325e8f19f0aa2-m1,debugging,-1.25,-1.1175016697285873
model_agnostic_replication_behavior-e8139c9eef6388bd-m0,foraging,-0.5,-0.8459994446672394
model_agnostic_replication_behavior-e8139c9eef6388bd-m1,foraging,-3.375,-1.1934167176508523
model_agnostic_replication_behavior-e814d92f35ea39c3-m0,effort,-3.625,-3.531299468128246
model_agnostic_replication_behavior-e814d92f35ea39c3-m1,effort,-3.0,-2.859267905734541
model_agnostic_replication_behavior-e826284d29b7f22d-m0,debugging,-3.25,-2.4904233923679224
model_agnostic_replication_behavior-e826284d29b7f22d-m1,debugging,-1.7499999999999998,-2.2583147396262246
model_agnostic_replication_behavior-e85036da82aaabb3-m0,effort,-7.625,-4.543263674084785
model_agnostic_replication_behavior-e85036da82aaabb3-m1,effort,-3.25,-3.8712321116910795
model_agnostic_replication_behavior-e86b74881cb83d0c-m0,debugging,-2.25,-2.724624990526954
model_agnostic_replication_behavior-e86b74881cb83d0c-m1,debugging,-2.5,-2.492516337785257
model_agnostic_replication_behavior-e8c60c014137e4e8-m0,debugging,-0.37499999999999994,-0.5985039223767985
model_agnostic_replication_behavior-e8c60c014137e4e8-m1,debugging,0.24999999999999992,-0.3663952696351014
model_agnostic_replication_behavior-e8de54e2a8b83e6e-m0,solvability,0.5,0.09245052400566622
model_agnostic_replication_behavior-e8de54e2a8b83e6e-m1,solvability,0.5,0.44010192111011537
model_agnostic_replication_behavior-e8e2c0caefb7fd6c-m0,solvability,1.5000000000000002,0.9964773543992655
model_agnostic_replication_behavior-e8e2c0caefb7fd6c-m1,solvability,1.0,1.3441287515037148
model_agnostic_replication_behavior-e8e328bf454fc796-m0,debugging,-0.5,-0.3520934842640989
model_agnostic_replication_behavior-e8e328bf454fc796-m1,debugging,-0.25,-0.11998483152240169
model_agnostic_replication_behavior-e8e5fe3af5f5cd49-m0,effort,-3.5,-3.1139653823031406
model_agnostic_replication_behavior-e8e5fe3af5f5cd49-m1,effort,-2.25,-2.4419338199094356
model_agnostic_replication_behavior-e9488a428a12b7d9-m0,foraging,-0.12500000000000006,-0.46161922458590177
model_agnostic_replication_behavior-e9488a428a12b7d9-m1,foraging,-0.6249999999999999,-0.8090364975695148
model_agnostic_replication_behavior-e989b584823a1a23-m0,debugging,0.625,1.0458626301482017
model_agnostic_replication_behavior-e989b584823a1a23-m1,debugging,0.37499999999999994,1.2779712828898986
model_agnostic_replication_behavior-e9d217b7b04e9ff7-m0,waiting,-0.5,-1.0518880968181583
model_agnostic_replication_behavior-e9d217b7b04e9ff7-m1,waiting,-0.7500000000000001,-0.16807967492032083
model_agnostic_replication_behavior-e9f49c81b0507b1b-m0,waiting,-0.25,-0.08838320643123965
model_agnostic_replication_behavior-e9f49c81b0507b1b-m1,waiting,0.125,0.7954252154665975
model_agnostic_replication_behavior-ea0499b609c6983e-m0,foraging,0.37499999999999994,0.012379127543880819
model_agnostic_replication_behavior-ea0499b609c6983e-m1,foraging,0.8750000000000001,-0.3350381454397321
model_agnostic_replication_behavior-ea0a881388564910-m0,information_sampling,-0.6249999999999999,-0.6064328871675175
model_agnostic_replication_behavior-ea0a881388564910-m1,information_sampling,-0.37499999999999994,-0.6967980189886886
model_agnostic_replication_behavior-ea0ca07044755ffe-m0,information_sampling,-0.5,-0.6808284776010718
model_agnostic_replication_behavior-ea0ca07044755ffe-m1,information_sampling,-0.37499999999999994,-0.7711936094222427
model_agnostic_replication_behavior-ea20419211f96601-m0,foraging,0.8750000000000001,0.10605109321845574
model_agnostic_replication_behavior-ea20419211f96601-m1,foraging,-0.37499999999999994,-0.24136617976515717
model_agnostic_replication_behavior-ea316fb9d3036eb6-m0,foraging,0.625,-0.3337211476198021
model_agnostic_replication_behavior-ea316fb9d3036eb6-m1,foraging,-2.75,-0.681138420603415
model_agnostic_replication_behavior-ea6d2a2d7825251a-m0,information_sampling,-0.6249999999999999,-0.6875512172303817
model_agnostic_replication_behavior-ea6d2a2d7825251a-m1,information_sampling,-0.8750000000000002,-0.7779163490515526
model_agnostic_replication_behavior-ebdb6df7f6304643-m0,effort,0.125,-1.3714212113817823
model_agnostic_replication_behavior-ebdb6df7f6304643-m1,effort,0.5,-0.6993896489880772
model_agnostic_replication_behavior-ebe23e696e3b3056-m0,solvability,0.0,-0.03798634117608668
model_agnostic_replication_behavior-ebe23e696e3b3056-m1,solvability,0.7500000000000002,0.30966505592836246
model_agnostic_replication_behavior-ec09f860550c61ef-m0,bandit,-2.875,-2.8129580754646497
model_agnostic_replication_behavior-ec09f860550c61ef-m1,bandit,-1.375,-1.3148375949197357
model_agnostic_replication_behavior-ec151d90ba3337fe-m0,effort,1.125,0.8282021945207801
model_agnostic_replication_behavior-ec151d90ba3337fe-m1,effort,1.25,1.5002337569144855
model_agnostic_replication_behavior-ec72ae2382d63760-m0,information_sampling,-0.7500000000000001,-0.8010498448299729
model_agnostic_replication_behavior-ec72ae2382d63760-m1,information_sampling,-0.7500000000000001,-0.8914149766511437
model_agnostic_replication_behavior-ecb64860b5548479-m0,bandit,-0.8750000000000002,-1.4332533338744105
model_agnostic_replication_behavior-ecb64860b5548479-m1,bandit,-0.5,0.06486714667050347
model_agnostic_replication_behavior-ed652872264f921b-m0,foraging,0.24999999999999992,-0.90864516793599
model_agnostic_replication_behavior-ed652872264f921b-m1,foraging,-0.6249999999999999,-1.256062440919603
model_agnostic_replication_behavior-eda8540362697624-m0,waiting,-0.8750000000000002,-0.6620623197714267
model_agnostic_replication_behavior-eda8540362697624-m1,waiting,0.625,0.22174610212641072
model_agnostic_replication_behavior-edd04f40cb3e1a55-m0,foraging,-1.25,-0.6734841428675277
model_agnostic_replication_behavior-edd04f40cb3e1a55-m1,foraging,-0.6249999999999999,-1.0209014158511405
model_agnostic_replication_behavior-edea1df6800e4144-m0,bandit,-3.125,-2.792514357121098
model_agnostic_replication_behavior-edea1df6800e4144-m1,bandit,-1.25,-1.294393876576184
model_agnostic_replication_behavior-ee3a0c454cdb2e8d-m0,debugging,0.8750000000000001,0.731405197717764
model_agnostic_replication_behavior-ee3a0c454cdb2e8d-m1,debugging,3.0,0.9635138504594614
model_agnostic_replication_behavior-ee611f194bb5d5d3-m0,debugging,-2.0,-1.9168599286501178
model_agnostic_replication_behavior-ee611f194bb5d5d3-m1,debugging,-0.8750000000000002,-1.6847512759084209
model_agnostic_replication_behavior-ee76ddd61b5a25a6-m0,bandit,0.5,-0.8634523837224934
model_agnostic_replication_behavior-ee76ddd61b5a25a6-m1,bandit,1.5000000000000002,0.6346680968224206
model_agnostic_replication_behavior-ef0eebe9d2fe4907-m0,foraging,-0.12500000000000006,-0.2025737313870426
model_agnostic_replication_behavior-ef0eebe9d2fe4907-m1,foraging,-0.5,-0.5499910043706557
model_agnostic_replication_behavior-ef467b4e0d6de673-m0,waiting,-2.0,-1.735148514287522
model_agnostic_replication_behavior-ef467b4e0d6de673-m1,waiting,-0.12500000000000006,-0.8513400923896846
model_agnostic_replication_behavior-efa66cb3fd9f47be-m0,waiting,-0.7500000000000001,-1.4398898624552756
model_agnostic_replication_behavior-efa66cb3fd9f47be-m1,waiting,-0.25,-0.5560814405574382
model_agnostic_replication_behavior-efd2c550f78ebd07-m0,waiting,-0.25,0.411819453103063
model_agnostic_replication_behavior-efd2c550f78ebd07-m1,waiting,1.25,1.2956278750009005
model_agnostic_replication_behavior-f002c99b9e5fc64b-m0,bandit,-1.625,-1.8006236331487122
model_agnostic_replication_behavior-f002c99b9e5fc64b-m1,bandit,0.5,-0.30250315260379834
model_agnostic_replication_behavior-f01abf92019c7512-m0,foraging,0.7500000000000002,0.2652509644203751
model_agnostic_replication_behavior-f01abf92019c7512-m1,foraging,-0.37499999999999994,-0.08216630856323781
model_agnostic_replication_behavior-f0327ba88a16a84d-m0,waiting,-1.5,-1.284103461146449
model_agnostic_replication_behavior-f0327ba88a16a84d-m1,waiting,0.5,-0.4002950392486118
model_agnostic_replication_behavior-f041f9065c0ce643-m0,foraging,-1.7499999999999998,-1.499145569378563
model_agnostic_replication_behavior-f041f9065c0ce643-m1,foraging,-1.375,-1.8465628423621758
model_agnostic_replication_behavior-f071235fd29c939e-m0,bandit,-0.7500000000000001,-0.8586988234593443
model_agnostic_replication_behavior-f071235fd29c939e-m1,bandit,-0.12500000000000006,0.6394216570855699
model_agnostic_replication_behavior-f0a0279d7d9b0a22-m0,waiting,-1.125,-0.816543689976353
model_agnostic_replication_behavior-f0a0279d7d9b0a22-m1,waiting,0.125,0.06726473192148452
model_agnostic_replication_behavior-f176b51f56811e40-m0,waiting,0.5,-0.4616407681669472
model_agnostic_replication_behavior-f176b51f56811e40-m1,waiting,1.25,0.4221676537308901
model_agnostic_replication_behavior-f189f215ce3de76e-m0,effort,1.75,-0.14959830895586568
model_agnostic_replication_behavior-f189f215ce3de76e-m1,effort,0.37499999999999994,0.5224332534378395
model_agnostic_replication_behavior-f1b264dc2e4dd38b-m0,solvability,-0.6249999999999999,0.15001084483921
model_agnostic_replication_behavior-f1b264dc2e4dd38b-m1,solvability,-0.7500000000000001,0.49766224194365893
model_agnostic_replication_behavior-f1b9be9195e00e6f-m0,foraging,0.8750000000000001,0.4881068077717632
model_agnostic_replication_behavior-f1b9be9195e00e6f-m1,foraging,-0.5,0.14068953478815027
model_agnostic_replication_behavior-f1c3526d0f8f84e8-m0,effort,-2.875,-3.501764344513364
model_agnostic_replication_behavior-f1c3526d0f8f84e8-m1,effort,-1.625,-2.8297327821196587
model_agnostic_replication_behavior-f20246bbfa2469c3-m0,debugging,-1.5,-1.0505052666087131
model_agnostic_replication_behavior-f20246bbfa2469c3-m1,debugging,-1.7499999999999998,-0.8183966138670159
model_agnostic_replication_behavior-f22aa316d6d177ef-m0,information_sampling,0.0,-0.10124376105565769
model_agnostic_replication_behavior-f22aa316d6d177ef-m1,information_sampling,-0.5,-0.1916088928768287
model_agnostic_replication_behavior-f269f3d40e23f909-m0,debugging,-3.875,-2.7160713880753895
model_agnostic_replication_behavior-f269f3d40e23f909-m1,debugging,-3.125,-2.4839627353336926
model_agnostic_replication_behavior-f29f8855e765dc87-m0,waiting,-0.7500000000000001,-0.659854631251469
model_agnostic_replication_behavior-f29f8855e765dc87-m1,waiting,1.0,0.2239537906463681
model_agnostic_replication_behavior-f2a1b7f786f63c06-m0,bandit,-1.875,-1.6168952756078354
model_agnostic_replication_behavior-f2a1b7f786f63c06-m1,bandit,0.125,-0.11877479506292127
model_agnostic_replication_behavior-f2a32c367268db45-m0,debugging,0.37499999999999994,0.18268326687152592
model_agnostic_replication_behavior-f2a32c367268db45-m1,debugging,0.7500000000000002,0.41479191961322326
model_agnostic_replication_behavior-f2d555b433596f2b-m0,debugging,-0.8750000000000002,-0.9858304773380098
model_agnostic_replication_behavior-f2d555b433596f2b-m1,debugging,-0.7500000000000001,-0.7537218245963127
model_agnostic_replication_behavior-f2f52e0120a3c792-m0,information_sampling,-2.25,-1.156907425547299
model_agnostic_replication_behavior-f2f52e0120a3c792-m1,information_sampling,-1.625,-1.2472725573684698
model_agnostic_replication_behavior-f2f82160bb6fe411-m0,foraging,0.24999999999999992,0.09295179176711743
model_agnostic_replication_behavior-f2f82160bb6fe411-m1,foraging,-0.8750000000000002,-0.25446548121649554
model_agnostic_replication_behavior-f3193248581a1694-m0,effort,-5.25,-3.8806571450011633
model_agnostic_replication_behavior-f3193248581a1694-m1,effort,-2.875,-3.208625582607459
model_agnostic_replication_behavior-f3a65d40ff9f8c6e-m0,information_sampling,-1.5,-1.0844122363711626
model_agnostic_replication_behavior-f3a65d40ff9f8c6e-m1,information_sampling,-1.0000000000000002,-1.1747773681923337
model_agnostic_replication_behavior-f3bc6242f9c8443e-m0,foraging,1.625,1.8351358550217973
model_agnostic_replication_behavior-f3bc6242f9c8443e-m1,foraging,0.625,1.4877185820381846
model_agnostic_replication_behavior-f3c5a22eaf02d94d-m0,information_sampling,0.0,-0.4821445995585661
model_agnostic_replication_behavior-f3c5a22eaf02d94d-m1,information_sampling,-0.7500000000000001,-0.5725097313797372
model_agnostic_replication_behavior-f3cbd2dd0ef69d53-m0,bandit,-2.375,-1.5075374732489735
model_agnostic_replication_behavior-f3cbd2dd0ef69d53-m1,bandit,-1.5,-0.009416992704059296
model_agnostic_replication_behavior-f3e2fd53dd041a9b-m0,solvability,0.125,0.5020984731956786
model_agnostic_replication_behavior-f3e2fd53dd041a9b-m1,solvability,0.625,0.8497498703001274
model_agnostic_replication_behavior-f42f51442fa0c411-m0,debugging,-1.7499999999999998,-2.2015187491854817
model_agnostic_replication_behavior-f42f51442fa0c411-m1,debugging,-1.25,-1.9694100964437846
model_agnostic_replication_behavior-f43add98283e6a91-m0,waiting,-2.625,-2.0369684882204018
model_agnostic_replication_behavior-f43add98283e6a91-m1,waiting,-1.125,-1.153160066322564
model_agnostic_replication_behavior-f43d1f5d8eb31b50-m0,solvability,1.625,1.9204917068686111
model_agnostic_replication_behavior-f43d1f5d8eb31b50-m1,solvability,2.25,2.2681431039730597
model_agnostic_replication_behavior-f47fca2a851df520-m0,solvability,2.0,2.187630737274553
model_agnostic_replication_behavior-f47fca2a851df520-m1,solvability,1.3750000000000002,2.5352821343790017
model_agnostic_replication_behavior-f4952a213860523c-m0,solvability,-0.5,-0.5112362132082959
model_agnostic_replication_behavior-f4952a213860523c-m1,solvability,-0.37499999999999994,-0.163584816103847
model_agnostic_replication_behavior-f49cc33f4f327000-m0,effort,0.0,-0.4153169378264838
model_agnostic_replication_behavior-f49cc33f4f327000-m1,effort,-0.12500000000000006,0.25671462456722116
model_agnostic_replication_behavior-f4fc09c7b952309a-m0,solvability,0.125,0.535009914245788
model_agnostic_replication_behavior-f4fc09c7b952309a-m1,solvability,0.37499999999999994,0.8826613113502373
model_agnostic_replication_behavior-f5453b8384e7e988-m0,waiting,0.0,0.050390776981518504
model_agnostic_replication_behavior-f5453b8384e7e988-m1,waiting,0.7500000000000002,0.934199198879356
model_agnostic_replication_behavior-f545bbd9cf648e5a-m0,waiting,-0.6249999999999999,-0.24958879469241774
model_agnostic_replication_behavior-f545bbd9cf648e5a-m1,waiting,0.125,0.6342196272054195
model_agnostic_replication_behavior-f58c4f8cb7a919f6-m0,effort,-1.5,-1.2198427691144471
model_agnostic_replication_behavior-f58c4f8cb7a919f6-m1,effort,-1.125,-0.5478112067207419
model_agnostic_replication_behavior-f5adeed14f723cf0-m0,solvability,1.625,0.8158059972827676
model_agnostic_replication_behavior-f5adeed14f723cf0-m1,solvability,0.7500000000000002,1.1634573943872166
model_agnostic_replication_behavior-f5fccb6ef83e93e6-m0,waiting,-0.12500000000000006,0.4588044584031653
model_agnostic_replication_behavior-f5fccb6ef83e93e6-m1,waiting,1.3750000000000002,1.3426128803010027
model_agnostic_replication_behavior-f628c6d7055e2ea0-m0,effort,-3.75,-3.0294780835185104
model_agnostic_replication_behavior-f628c6d7055e2ea0-m1,effort,-1.625,-2.357446521124806
model_agnostic_replication_behavior-f664ed1192d03e0a-m0,information_sampling,0.24999999999999992,-0.16390730938104903
model_agnostic_replication_behavior-f664ed1192d03e0a-m1,information_sampling,-1.0000000000000002,-0.2542724412022197
model_agnostic_replication_behavior-f6ba762afe37b348-m0,waiting,-0.25,-1.0967271570575416
model_agnostic_replication_behavior-f6ba762afe37b348-m1,waiting,-0.8750000000000002,-0.21291873515970394
model_agnostic_replication_behavior-f6fb4ae649759358-m0,solvability,1.75,1.667534709653191
model_agnostic_replication_behavior-f6fb4ae649759358-m1,solvability,1.5000000000000002,2.01518610675764
model_agnostic_replication_behavior-f7433b33ca3971ec-m0,debugging,-1.125,-1.1720790919986934
model_agnostic_replication_behavior-f7433b33ca3971ec-m1,debugging,-0.37499999999999994,-0.9399704392569962
model_agnostic_replication_behavior-f7761178e8c3422e-m0,effort,-4.125,-2.1497297990095134
model_agnostic_replication_behavior-f7761178e8c3422e-m1,effort,-1.625,-1.4776982366158082
model_agnostic_replication_behavior-f79a094acb15446f-m0,solvability,1.3750000000000002,1.5364710900924088
model_agnostic_replication_behavior-f79a094acb15446f-m1,solvability,1.3750000000000002,1.8841224871968574
model_agnostic_replication_behavior-f7c0c6babcedba48-m0,information_sampling,-2.25,-1.3128018859964474
model_agnostic_replication_behavior-f7c0c6babcedba48-m1,information_sampling,-1.125,-1.4031670178176183
model_agnostic_replication_behavior-f7f752e9f8d8db80-m0,information_sampling,-0.25,-0.025031801357092043
model_agnostic_replication_behavior-f7f752e9f8d8db80-m1,information_sampling,-0.37499999999999994,-0.11539693317826272
model_agnostic_replication_behavior-f806bfc2f45f4bcd-m0,bandit,-1.7499999999999998,-1.0953862588407404
model_agnostic_replication_behavior-f806bfc2f45f4bcd-m1,bandit,0.24999999999999992,0.40273422170417356
model_agnostic_replication_behavior-f80adbe1ca64cb87-m0,bandit,-4.25,-4.150101399469591
model_agnostic_replication_behavior-f80adbe1ca64cb87-m1,bandit,-1.25,-2.6519809189246764
model_agnostic_replication_behavior-f815d987a33a71db-m0,bandit,-3.75,-3.9264505682840007
model_agnostic_replication_behavior-f815d987a33a71db-m1,bandit,-1.25,-2.428330087739087
model_agnostic_replication_behavior-f82924d69db7ecf1-m0,debugging,-1.5,-1.7861931943782756
model_agnostic_replication_behavior-f82924d69db7ecf1-m1,debugging,-1.625,-1.5540845416365785
model_agnostic_replication_behavior-f84ac6c974788968-m0,bandit,-2.125,-2.8541879177802123
model_agnostic_replication_behavior-f84ac6c974788968-m1,bandit,-1.7499999999999998,-1.356067437235298
model_agnostic_replication_behavior-f85b5c7332e501ec-m0,debugging,-2.375,-1.6656876749555414
model_agnostic_replication_behavior-f85b5c7332e501ec-m1,debugging,-2.0,-1.433579022213844
model_agnostic_replication_behavior-f88b2d8131bd89a7-m0,bandit,-2.75,-2.1033121639720136
model_agnostic_replication_behavior-f88b2d8131bd89a7-m1,bandit,-2.125,-0.6051916834270997
model_agnostic_replication_behavior-f8b690fda64cba1d-m0,bandit,-0.25,-0.9190650154476083
model_agnostic_replication_behavior-f8b690fda64cba1d-m1,bandit,0.24999999999999992,0.5790554650973057
model_agnostic_replication_behavior-f8b966b08e955cd1-m0,bandit,-4.75,-3.5107787047960715
model_agnostic_replication_behavior-f8b966b08e955cd1-m1,bandit,-2.25,-2.0126582242511573
model_agnostic_replication_behavior-f8bf0b8a86b05031-m0,information_sampling,-0.12500000000000006,-0.34651493947492984
model_agnostic_replication_behavior-f8bf0b8a86b05031-m1,information_sampling,-0.7500000000000001,-0.43688007129610074
model_agnostic_replication_behavior-f8dccf3379665c95-m0,debugging,0.24999999999999992,0.5360020180450018
model_agnostic_replication_behavior-f8dccf3379665c95-m1,debugging,0.625,0.7681106707866987
model_agnostic_replication_behavior-f8eff32af09a774c-m0,information_sampling,-1.125,-0.7801288892493112
model_agnostic_replication_behavior-f8eff32af09a774c-m1,information_sampling,-0.7500000000000001,-0.8704940210704821
model_agnostic_replication_behavior-f902ccee5e180cb6-m0,debugging,0.37499999999999994,0.7817995198373278
model_agnostic_replication_behavior-f902ccee5e180cb6-m1,debugging,1.625,1.013908172579025
model_agnostic_replication_behavior-f95feb2f45e44f36-m0,debugging,0.625,0.16092085973709702
model_agnostic_replication_behavior-f95feb2f45e44f36-m1,debugging,0.625,0.39302951247879436
model_agnostic_replication_behavior-f9bb96b5cd724b4a-m0,solvability,2.875,1.555603383578221
model_agnostic_replication_behavior-f9bb96b5cd724b4a-m1,solvability,1.5000000000000002,1.9032547806826698
model_agnostic_replication_behavior-f9c5fb4e64912232-m0,solvability,-4.125,-1.5370418270834
model_agnostic_replication_behavior-f9c5fb4e64912232-m1,solvability,-0.6249999999999999,-1.1893904299789513
model_agnostic_replication_behavior-f9ce03cc28c8d33a-m0,waiting,-2.0,-2.0205882723654436
model_agnostic_replication_behavior-f9ce03cc28c8d33a-m1,waiting,-1.875,-1.136779850467606
model_agnostic_replication_behavior-f9d556eafd89cfff-m0,bandit,-5.625,-4.2703689414228645
model_agnostic_replication_behavior-f9d556eafd89cfff-m1,bandit,-2.875,-2.7722484608779507
model_agnostic_replication_behavior-fa18548c5f4323ce-m0,effort,0.7500000000000002,-0.6134037702385022
model_agnostic_replication_behavior-fa18548c5f4323ce-m1,effort,0.37499999999999994,0.05862779215520286
model_agnostic_replication_behavior-fa1c016457dacbad-m0,effort,-1.5,-1.9414519190581374
model_agnostic_replication_behavior-fa1c016457dacbad-m1,effort,-0.7500000000000001,-1.2694203566644322
model_agnostic_replication_behavior-fa423bf72e2b4c11-m0,bandit,0.5,-0.8096207972812941
model_agnostic_replication_behavior-fa423bf72e2b4c11-m1,bandit,1.625,0.6884996832636201
model_agnostic_replication_behavior-fa45c8e9387902a7-m0,bandit,-2.125,-1.5828745034899119
model_agnostic_replication_behavior-fa45c8e9387902a7-m1,bandit,-1.5,-0.0847540229449977
model_agnostic_replication_behavior-fa65d5240da08183-m0,solvability,-0.5,-0.04177027474818884
model_agnostic_replication_behavior-fa65d5240da08183-m1,solvability,0.0,0.3058811223562599
model_agnostic_replication_behavior-fac48162faa0b666-m0,debugging,-0.6249999999999999,-1.1801126460695555
model_agnostic_replication_behavior-fac48162faa0b666-m1,debugging,-1.25,-0.9480039933278586
model_agnostic_replication_behavior-fad9acbbf7ddace8-m0,bandit,-4.5,-3.8621138229114855
model_agnostic_replication_behavior-fad9acbbf7ddace8-m1,bandit,-2.125,-2.3639933423665713
model_agnostic_replication_behavior-fae8d05bb6b21e84-m0,bandit,-2.0,-2.467879312783315
model_agnostic_replication_behavior-fae8d05bb6b21e84-m1,bandit,-0.6249999999999999,-0.969758832238401
model_agnostic_replication_behavior-fb01bd2a994bdeb3-m0,debugging,-3.0,-2.8275346104364947
model_agnostic_replication_behavior-fb01bd2a994bdeb3-m1,debugging,-1.875,-2.5954259576947973
model_agnostic_replication_behavior-fb341de23261aa70-m0,information_sampling,-1.625,-0.9688521349452498
model_agnostic_replication_behavior-fb341de23261aa70-m1,information_sampling,-0.8750000000000002,-1.0592172667664208
model_agnostic_replication_behavior-fb4ef5ba46c144d8-m0,debugging,-2.75,-2.4274662721441036
model_agnostic_replication_behavior-fb4ef5ba46c144d8-m1,debugging,-3.125,-2.1953576194024063
model_agnostic_replication_behavior-fb66211a687da1e2-m0,information_sampling,-1.125,-0.9341678622791442
model_agnostic_replication_behavior-fb66211a687da1e2-m1,information_sampling,-1.0000000000000002,-1.0245329941003152
model_agnostic_replication_behavior-fb6f027057478610-m0,effort,-0.25,-0.6703657388672393
model_agnostic_replication_behavior-fb6f027057478610-m1,effort,0.0,0.0016658235264656596
model_agnostic_replication_behavior-fb7c43bf80d876a3-m0,information_sampling,-0.12500000000000006,-0.48219446241208763
model_agnostic_replication_behavior-fb7c43bf80d876a3-m1,information_sampling,-0.6249999999999999,-0.5725595942332584
model_agnostic_replication_behavior-fbba50841d3c35b3-m0,solvability,2.125,2.217834211965502
model_agnostic_replication_behavior-fbba50841d3c35b3-m1,solvability,3.125,2.5654856090699507
model_agnostic_replication_behavior-fbfde25c74e96bef-m0,bandit,-2.25,-2.752337405671912
model_agnostic_replication_behavior-fbfde25c74e96bef-m1,bandit,-0.37499999999999994,-1.2542169251269972
model_agnostic_replication_behavior-fc2fe091b6867e6d-m0,effort,-3.0,-3.065011098923901
model_agnostic_replication_behavior-fc2fe091b6867e6d-m1,effort,-2.375,-2.392979536530196
model_agnostic_replication_behavior-fc5061f0e4a41ac9-m0,waiting,-0.8750000000000002,-1.3768301841019914
model_agnostic_replication_behavior-fc5061f0e4a41ac9-m1,waiting,-0.37499999999999994,-0.49302176220415384
model_agnostic_replication_behavior-fc7269b28476dc47-m0,bandit,-1.7499999999999998,-2.4507696516091917
model_agnostic_replication_behavior-fc7269b28476dc47-m1,bandit,0.37499999999999994,-0.9526491710642775
model_agnostic_replication_behavior-fc80dab77e96c46c-m0,solvability,-1.25,-1.1254786598216806
model_agnostic_replication_behavior-fc80dab77e96c46c-m1,solvability,0.625,-0.7778272627172316
model_agnostic_replication_behavior-fc9dc423c5f0c1d3-m0,debugging,-1.7499999999999998,-1.424150933129498
model_agnostic_replication_behavior-fc9dc423c5f0c1d3-m1,debugging,-1.125,-1.1920422803878008
model_agnostic_replication_behavior-fcda105e94e1bc61-m0,debugging,-1.25,-1.5533219690015363
model_agnostic_replication_behavior-fcda105e94e1bc61-m1,debugging,-1.7499999999999998,-1.321213316259839
model_agnostic_replication_behavior-fce493513353cd9b-m0,waiting,-3.5,-2.6578014293775913
model_agnostic_replication_behavior-fce493513353cd9b-m1,waiting,-1.375,-1.773993007479754
model_agnostic_replication_behavior-fced5568e12b0a28-m0,debugging,-1.5,-1.2007586687726608
model_agnostic_replication_behavior-fced5568e12b0a28-m1,debugging,-2.125,-0.9686500160309639
model_agnostic_replication_behavior-fd06b060dfbe091b-m0,information_sampling,0.125,0.026297604389523332
model_agnostic_replication_behavior-fd06b060dfbe091b-m1,information_sampling,-0.6249999999999999,-0.06406752743164734
model_agnostic_replication_behavior-fd1225deb24b8bb3-m0,solvability,1.625,1.8375953039265145
model_agnostic_replication_behavior-fd1225deb24b8bb3-m1,solvability,1.625,2.1852467010309633
model_agnostic_replication_behavior-fd15bf8e3253960c-m0,foraging,-2.125,-1.914627921198395
model_agnostic_replication_behavior-fd15bf8e3253960c-m1,foraging,-2.75,-2.262045194182008
model_agnostic_replication_behavior-fd521f111e9d8921-m0,waiting,1.3750000000000002,0.13321768578433285
model_agnostic_replication_behavior-fd521f111e9d8921-m1,waiting,0.7500000000000002,1.0170261076821703
model_agnostic_replication_behavior-fd5c0b181dd5d9fb-m0,effort,2.5,1.4925524502823864
model_agnostic_replication_behavior-fd5c0b181dd5d9fb-m1,effort,2.125,2.164584012676092
model_agnostic_replication_behavior-fdd1035b85d5f106-m0,solvability,1.25,1.4914661162316225
model_agnostic_replication_behavior-fdd1035b85d5f106-m1,solvability,1.625,1.8391175133360715
model_agnostic_replication_behavior-fe1724e48189c8c9-m0,solvability,0.37499999999999994,0.6958084538846738
model_agnostic_replication_behavior-fe1724e48189c8c9-m1,solvability,0.7500000000000002,1.0434598509891226
model_agnostic_replication_behavior-fe2cf4a7bdcc1542-m0,debugging,1.0,1.3900820437192984
model_agnostic_replication_behavior-fe2cf4a7bdcc1542-m1,debugging,1.625,1.6221906964609958
model_agnostic_replication_behavior-fe9b67afa7bd2d9e-m0,foraging,1.125,1.068201152034887
model_agnostic_replication_behavior-fe9b67afa7bd2d9e-m1,foraging,0.125,0.7207838790512742
model_agnostic_replication_behavior-feb7dd0f3de3347f-m0,debugging,0.125,-0.34606709231336974
model_agnostic_replication_behavior-feb7dd0f3de3347f-m1,debugging,-0.7500000000000001,-0.1139584395716724
model_agnostic_replication_behavior-ff34a19dbc32bcb6-m0,effort,-1.625,-1.1734615186183472
model_agnostic_replication_behavior-ff34a19dbc32bcb6-m1,effort,-0.8750000000000002,-0.5014299562246423
model_agnostic_replication_behavior-ff5e6fe23f72c0b1-m0,effort,-1.375,-1.035765122188831
model_agnostic_replication_behavior-ff5e6fe23f72c0b1-m1,effort,-0.7500000000000001,-0.3637335597951263
model_agnostic_replication_contextual_behavior-00a77272fb6d1983-m0,debugging,-1.625,-1.9928790165166066
model_agnostic_replication_contextual_behavior-00a77272fb6d1983-m1,debugging,-0.8750000000000002,-1.7607703637749097
model_agnostic_replication_contextual_behavior-02d90f207ee13eb5-m0,foraging,-0.37499999999999994,0.43581627908152587
model_agnostic_replication_contextual_behavior-02d90f207ee13eb5-m1,foraging,0.37499999999999994,0.08839900609791296
model_agnostic_replication_contextual_behavior-036bc5e83aef68bf-m0,debugging,-0.5,-0.60298658732243
model_agnostic_replication_contextual_behavior-036bc5e83aef68bf-m1,debugging,0.24999999999999992,-0.3708779345807328
model_agnostic_replication_contextual_behavior-03c0437ca9c8c907-m0,foraging,-0.37499999999999994,-0.053939017695631364
model_agnostic_replication_contextual_behavior-03c0437ca9c8c907-m1,foraging,0.125,-0.40135629067924417
model_agnostic_replication_contextual_behavior-03cca73fd419d155-m0,foraging,-2.25,-1.1793286277092645
model_agnostic_replication_contextual_behavior-03cca73fd419d155-m1,foraging,-0.7500000000000001,-1.5267459006928774
model_agnostic_replication_contextual_behavior-056b4667401b4fe9-m0,bandit,-2.625,-2.7946315908936876
model_agnostic_replication_contextual_behavior-056b4667401b4fe9-m1,bandit,-0.37499999999999994,-1.2965111103487732
model_agnostic_replication_contextual_behavior-058aa4e00202d167-m0,foraging,-1.25,0.0699026714344485
model_agnostic_replication_contextual_behavior-058aa4e00202d167-m1,foraging,-0.5,-0.2775146015491644
model_agnostic_replication_contextual_behavior-06afb23839d26b64-m0,bandit,-2.375,-1.8006236331487122
model_agnostic_replication_contextual_behavior-06afb23839d26b64-m1,bandit,-0.12500000000000006,-0.30250315260379834
model_agnostic_replication_contextual_behavior-06ff917144adaefc-m0,debugging,0.125,-0.7893791021427197
model_agnostic_replication_contextual_behavior-06ff917144adaefc-m1,debugging,-0.25,-0.5572704494010225
model_agnostic_replication_contextual_behavior-07c003758dac5312-m0,debugging,-1.5,-2.592897753075308
model_agnostic_replication_contextual_behavior-07c003758dac5312-m1,debugging,-0.7500000000000001,-2.3607891003336112
model_agnostic_replication_contextual_behavior-07e94db01dc01e0f-m0,foraging,-0.8750000000000002,-1.4050350966510718
model_agnostic_replication_contextual_behavior-07e94db01dc01e0f-m1,foraging,-1.625,-1.7524523696346845
model_agnostic_replication_contextual_behavior-0e35f2c86e50264e-m0,foraging,-3.75,-3.3027827317849905
model_agnostic_replication_contextual_behavior-0e35f2c86e50264e-m1,foraging,-2.75,-3.6502000047686023
model_agnostic_replication_contextual_behavior-0e8945f53b689ab6-m0,debugging,-2.75,-2.641560607414709
model_agnostic_replication_contextual_behavior-0e8945f53b689ab6-m1,debugging,-2.0,-2.4094519546730124
model_agnostic_replication_contextual_behavior-0f457fee133ebb6b-m0,debugging,-1.375,-2.592897753075308
model_agnostic_replication_contextual_behavior-0f457fee133ebb6b-m1,debugging,-0.6249999999999999,-2.3607891003336112
model_agnostic_replication_contextual_behavior-0f98ef6568ea1247-m0,bandit,-2.125,-2.027720655926601
model_agnostic_replication_contextual_behavior-0f98ef6568ea1247-m1,bandit,-0.37499999999999994,-0.5296001753816869
model_agnostic_replication_contextual_behavior-100847b72109f99f-m0,bandit,-3.875,-4.1867488672492685
model_agnostic_replication_contextual_behavior-100847b72109f99f-m1,bandit,-1.25,-2.688628386704355
model_agnostic_replication_contextual_behavior-13a3959ddcd444f9-m0,debugging,-3.0,-2.9275925905444167
model_agnostic_replication_contextual_behavior-13a3959ddcd444f9-m1,debugging,-2.625,-2.695483937802719
model_agnostic_replication_contextual_behavior-13b4096883b329c1-m0,bandit,0.37499999999999994,-0.7490001274885555
model_agnostic_replication_contextual_behavior-13b4096883b329c1-m1,bandit,0.5,0.7491203530563586
model_agnostic_replication_contextual_behavior-14d70a67755d4dd9-m0,foraging,-3.5,-2.953375105564226
model_agnostic_replication_contextual_behavior-14d70a67755d4dd9-m1,foraging,-2.0,-3.300792378547839
model_agnostic_replication_contextual_behavior-15115d96a986dda0-m0,foraging,-1.0000000000000002,-0.20974859182735728
model_agnostic_replication_contextual_behavior-15115d96a986dda0-m1,foraging,-0.6249999999999999,-0.5571658648109703
model_agnostic_replication_contextual_behavior-172872ed25fe9383-m0,debugging,-0.37499999999999994,-0.9185791290935299
model_agnostic_replication_contextual_behavior-172872ed25fe9383-m1,debugging,0.37499999999999994,-0.686470476351833
model_agnostic_replication_contextual_behavior-1921e5805457c150-m0,debugging,-0.37499999999999994,-0.36155516010931965
model_agnostic_replication_contextual_behavior-1921e5805457c150-m1,debugging,-1.0000000000000002,-0.12944650736762275
model_agnostic_replication_contextual_behavior-197ced2636723bd3-m0,foraging,-1.5,-1.125650707929045
model_agnostic_replication_contextual_behavior-197ced2636723bd3-m1,foraging,-1.375,-1.473067980912658
model_agnostic_replication_contextual_behavior-1981867b6d01fba1-m0,bandit,-1.875,-2.7119738623124556
model_agnostic_replication_contextual_behavior-1981867b6d01fba1-m1,bandit,-0.6249999999999999,-1.2138533817675419
model_agnostic_replication_contextual_behavior-19d49fb8f28b55ad-m0,bandit,-1.625,-1.8075993084105197
model_agnostic_replication_contextual_behavior-19d49fb8f28b55ad-m1,bandit,0.0,-0.30947882786560577
model_agnostic_replication_contextual_behavior-1a5f078f73339b9d-m0,bandit,-1.125,-2.069204976046638
model_agnostic_replication_contextual_behavior-1a5f078f73339b9d-m1,bandit,-0.12500000000000006,-0.5710844955017238
model_agnostic_replication_contextual_behavior-1aef918385499a39-m0,foraging,0.0,0.4731316568345547
model_agnostic_replication_contextual_behavior-1aef918385499a39-m1,foraging,0.7500000000000002,0.1257143838509418
model_agnostic_replication_contextual_behavior-1b0904a6c6079804-m0,debugging,-0.8750000000000002,-1.3689718539679254
model_agnostic_replication_contextual_behavior-1b0904a6c6079804-m1,debugging,0.125,-1.1368632012262283
model_agnostic_replication_contextual_behavior-1c44a9121c4d7eb2-m0,debugging,-0.12500000000000006,-0.36155516010931965
model_agnostic_replication_contextual_behavior-1c44a9121c4d7eb2-m1,debugging,-0.8750000000000002,-0.12944650736762275
model_agnostic_replication_contextual_behavior-1d8227bbbc8ae46b-m0,bandit,-1.875,-2.319555881009858
model_agnostic_replication_contextual_behavior-1d8227bbbc8ae46b-m1,bandit,-0.25,-0.8214354004649442
model_agnostic_replication_contextual_behavior-1e377e01e82101cc-m0,debugging,-1.125,-1.3442384667247058
model_agnostic_replication_contextual_behavior-1e377e01e82101cc-m1,debugging,-0.8750000000000002,-1.1121298139830087
model_agnostic_replication_contextual_behavior-1e391226e84b2bb3-m0,bandit,-2.75,-1.8006236331487122
model_agnostic_replication_contextual_behavior-1e391226e84b2bb3-m1,bandit,-0.12500000000000006,-0.30250315260379834
model_agnostic_replication_contextual_behavior-20d29dad74126b64-m0,debugging,-1.0000000000000002,-1.2603901014069718
model_agnostic_replication_contextual_behavior-20d29dad74126b64-m1,debugging,-0.12500000000000006,-1.028281448665275
model_agnostic_replication_contextual_behavior-21ad6a537ff4003a-m0,bandit,-2.625,-2.7946315908936876
model_agnostic_replication_contextual_behavior-21ad6a537ff4003a-m1,bandit,-0.5,-1.2965111103487732
model_agnostic_replication_contextual_behavior-23ba08547fa1c6f7-m0,foraging,-2.125,-1.1793286277092645
model_agnostic_replication_contextual_behavior-23ba08547fa1c6f7-m1,foraging,-0.8750000000000002,-1.5267459006928774
model_agnostic_replication_contextual_behavior-257554726d22008d-m0,foraging,-2.125,-1.3200341088143903
model_agnostic_replication_contextual_behavior-257554726d22008d-m1,foraging,-0.37499999999999994,-1.6674513817980032
model_agnostic_replication_contextual_behavior-25d690146689c3ae-m0,bandit,-2.0,-2.4581767657569364
model_agnostic_replication_contextual_behavior-25d690146689c3ae-m1,bandit,-0.5,-0.9600562852120222
model_agnostic_replication_contextual_behavior-27c6724a5cc358bd-m0,debugging,-0.25,-0.184779380582329
model_agnostic_replication_contextual_behavior-27c6724a5cc358bd-m1,debugging,0.0,0.047329272159367886
model_agnostic_replication_contextual_behavior-28aa2181971dd9f2-m0,debugging,-0.37499999999999994,-1.0513050885088489
model_agnostic_replication_contextual_behavior-28aa2181971dd9f2-m1,debugging,-0.5,-0.8191964357671518
model_agnostic_replication_contextual_behavior-298b24e38f0377ba-m0,debugging,-1.5,-1.579992547436976
model_agnostic_replication_contextual_behavior-298b24e38f0377ba-m1,debugging,-2.125,-1.347883894695279
model_agnostic_replication_contextual_behavior-2a008e9584a6f226-m0,foraging,-2.5,-1.3890578178991912
model_agnostic_replication_contextual_behavior-2a008e9584a6f226-m1,foraging,-1.0000000000000002,-1.7364750908828042
model_agnostic_replication_contextual_behavior-2b41412b57e33a1b-m0,foraging,-1.0000000000000002,-0.5636491574879339
model_agnostic_replication_contextual_behavior-2b41412b57e33a1b-m1,foraging,-0.7500000000000001,-0.9110664304715468
model_agnostic_replication_contextual_behavior-2bdd3ed128134634-m0,debugging,-1.875,-1.7826963957623947
model_agnostic_replication_contextual_behavior-2bdd3ed128134634-m1,debugging,-0.7500000000000001,-1.550587743020698
model_agnostic_replication_contextual_behavior-2d4a2df666d885cf-m0,debugging,-1.5,-1.9721000928779158
model_agnostic_replication_contextual_behavior-2d4a2df666d885cf-m1,debugging,-0.6249999999999999,-1.7399914401362186
model_agnostic_replication_contextual_behavior-2ea887576e39600e-m0,debugging,0.24999999999999992,-0.10049623753680148
model_agnostic_replication_contextual_behavior-2ea887576e39600e-m1,debugging,0.0,0.13161241520489564
model_agnostic_replication_contextual_behavior-2fc9c8435c225097-m0,debugging,-0.7500000000000001,-1.0116099136017647
model_agnostic_replication_contextual_behavior-2fc9c8435c225097-m1,debugging,-0.6249999999999999,-0.7795012608600678
model_agnostic_replication_contextual_behavior-31fa096b68e7e600-m0,foraging,0.0,0.5171077208255788
model_agnostic_replication_contextual_behavior-31fa096b68e7e600-m1,foraging,0.625,0.16969044784196607
model_agnostic_replication_contextual_behavior-35f157dfea07d33c-m0,foraging,-0.6249999999999999,-0.4642495160718152
model_agnostic_replication_contextual_behavior-35f157dfea07d33c-m1,foraging,-0.12500000000000006,-0.8116667890554281
model_agnostic_replication_contextual_behavior-369ca1e73ba968ec-m0,bandit,-0.6249999999999999,-1.818695639915201
model_agnostic_replication_contextual_behavior-369ca1e73ba968ec-m1,bandit,0.0,-0.3205751593702868
model_agnostic_replication_contextual_behavior-36a6f497b50ccc21-m0,foraging,-0.7500000000000001,-1.1308740517340865
model_agnostic_replication_contextual_behavior-36a6f497b50ccc21-m1,foraging,-1.0000000000000002,-1.4782913247176994
model_agnostic_replication_contextual_behavior-377712564d96aeaa-m0,foraging,-1.875,-0.7321097019647934
model_agnostic_replication_contextual_behavior-377712564d96aeaa-m1,foraging,-0.7500000000000001,-1.0795269749484064
model_agnostic_replication_contextual_behavior-3897ea7fa159b467-m0,bandit,-3.0,-3.286873395806008
model_agnostic_replication_contextual_behavior-3897ea7fa159b467-m1,bandit,-0.37499999999999994,-1.7887529152610937
model_agnostic_replication_contextual_behavior-3910e2d9d25f1632-m0,foraging,-1.7499999999999998,0.2735287921662646
model_agnostic_replication_contextual_behavior-3910e2d9d25f1632-m1,foraging,0.625,-0.07388848081734822
model_agnostic_replication_contextual_behavior-3a1c84465ad13c40-m0,debugging,-0.25,-0.07054416608002323
model_agnostic_replication_contextual_behavior-3a1c84465ad13c40-m1,debugging,0.0,0.1615644866616739
model_agnostic_replication_contextual_behavior-3b0d061cf9227ecd-m0,bandit,-0.6249999999999999,-1.5040079895794647
model_agnostic_replication_contextual_behavior-3b0d061cf9227ecd-m1,bandit,-0.25,-0.005887509034550847
model_agnostic_replication_contextual_behavior-3bedb4ed24eed7fc-m0,bandit,-0.37499999999999994,-1.818695639915201
model_agnostic_replication_contextual_behavior-3bedb4ed24eed7fc-m1,bandit,0.0,-0.3205751593702868
model_agnostic_replication_contextual_behavior-3ccf563b5164e8ab-m0,bandit,-0.8750000000000002,-0.24935120842849012
model_agnostic_replication_contextual_behavior-3ccf563b5164e8ab-m1,bandit,0.125,1.2487692721164239
model_agnostic_replication_contextual_behavior-3d65829edd92d6c1-m0,bandit,-1.375,-2.0032038806047328
model_agnostic_replication_contextual_behavior-3d65829edd92d6c1-m1,bandit,-0.25,-0.5050834000598187
model_agnostic_replication_contextual_behavior-3d92d77b9de6f4e5-m0,debugging,-0.5,-1.6207617134470707
model_agnostic_replication_contextual_behavior-3d92d77b9de6f4e5-m1,debugging,-1.875,-1.3886530607053738
model_agnostic_replication_contextual_behavior-3dbe2368e57ac3d6-m0,bandit,-3.25,-4.400706782237285
model_agnostic_replication_contextual_behavior-3dbe2368e57ac3d6-m1,bandit,-1.25,-2.9025863016923714
model_agnostic_replication_contextual_behavior-3dea2c61ed7e1a12-m0,debugging,0.125,0.06399229681707652
model_agnostic_replication_contextual_behavior-3dea2c61ed7e1a12-m1,debugging,0.24999999999999992,0.2961009495587734
model_agnostic_replication_contextual_behavior-3e07adda7d7ff898-m0,foraging,-1.125,-0.3663139665853113
model_agnostic_replication_contextual_behavior-3e07adda7d7ff898-m1,foraging,0.24999999999999992,-0.7137312395689243
model_agnostic_replication_contextual_behavior-3ea7d65744e0db4d-m0,bandit,-3.125,-4.400706782237285
model_agnostic_replication_contextual_behavior-3ea7d65744e0db4d-m1,bandit,-1.25,-2.9025863016923714
model_agnostic_replication_contextual_behavior-3f86684de28ee855-m0,debugging,-2.0,-2.3851605039993333
model_agnostic_replication_contextual_behavior-3f86684de28ee855-m1,debugging,-1.375,-2.1530518512576364
model_agnostic_replication_contextual_behavior-402a9935ddf190ef-m0,bandit,-1.625,-2.087276982813126
model_agnostic_replication_contextual_behavior-402a9935ddf190ef-m1,bandit,-0.8750000000000002,-0.5891565022682121
model_agnostic_replication_contextual_behavior-4036675b6f1e683b-m0,foraging,0.5,1.5309213487789555
model_agnostic_replication_contextual_behavior-4036675b6f1e683b-m1,foraging,1.125,1.1835040757953428
model_agnostic_replication_contextual_behavior-41aede8ec5c05fbd-m0,bandit,-1.125,-2.087276982813126
model_agnostic_replication_contextual_behavior-41aede8ec5c05fbd-m1,bandit,-1.125,-0.5891565022682121
model_agnostic_replication_contextual_behavior-4465021c84d5ae24-m0,foraging,-1.5,-0.7851453874118733
model_agnostic_replication_contextual_behavior-4465021c84d5ae24-m1,foraging,-0.37499999999999994,-1.1325626603954864
model_agnostic_replication_contextual_behavior-4554c21af3ad9eb3-m0,debugging,-0.8750000000000002,-0.6552170798762895
model_agnostic_replication_contextual_behavior-4554c21af3ad9eb3-m1,debugging,-0.25,-0.4231084271345925
model_agnostic_replication_contextual_behavior-467dba97ae25c636-m0,debugging,-0.25,-0.07054416608002323
model_agnostic_replication_contextual_behavior-467dba97ae25c636-m1,debugging,0.125,0.1615644866616739
model_agnostic_replication_contextual_behavior-475cafb4b4aa640d-m0,bandit,-2.0,-2.849434357517063
model_agnostic_replication_contextual_behavior-475cafb4b4aa640d-m1,bandit,-0.37499999999999994,-1.351313876972149
model_agnostic_replication_contextual_behavior-4768e2dd5292c945-m0,debugging,-0.37499999999999994,-0.7861089505425967
model_agnostic_replication_contextual_behavior-4768e2dd5292c945-m1,debugging,-1.0000000000000002,-0.5540002978008997
model_agnostic_replication_contextual_behavior-49e95cc9708afca2-m0,bandit,-2.25,-2.8129580754646497
model_agnostic_replication_contextual_behavior-49e95cc9708afca2-m1,bandit,-0.5,-1.3148375949197357
model_agnostic_replication_contextual_behavior-4c005713503f7bce-m0,bandit,-2.875,-3.89975049450637
model_agnostic_replication_contextual_behavior-4c005713503f7bce-m1,bandit,-0.37499999999999994,-2.401630013961456
model_agnostic_replication_contextual_behavior-4c308abf34406c0f-m0,foraging,-1.625,-0.7851453874118733
model_agnostic_replication_contextual_behavior-4c308abf34406c0f-m1,foraging,-0.5,-1.1325626603954864
model_agnostic_replication_contextual_behavior-4c58f897b9794023-m0,debugging,-2.0,-2.1655402857779746
model_agnostic_replication_contextual_behavior-4c58f897b9794023-m1,debugging,-1.125,-1.9334316330362773
model_agnostic_replication_contextual_behavior-4c5da57e1b2b5cf9-m0,bandit,0.125,-0.09973003881298914
model_agnostic_replication_contextual_behavior-4c5da57e1b2b5cf9-m1,bandit,0.125,1.3983904417319248
model_agnostic_replication_contextual_behavior-4c98db757c21f84a-m0,debugging,-1.7499999999999998,-2.889512422991453
model_agnostic_replication_contextual_behavior-4c98db757c21f84a-m1,debugging,-2.375,-2.657403770249756
model_agnostic_replication_contextual_behavior-4cf20fd572bcdede-m0,debugging,0.125,-0.7893791021427197
model_agnostic_replication_contextual_behavior-4cf20fd572bcdede-m1,debugging,-0.37499999999999994,-0.5572704494010225
model_agnostic_replication_contextual_behavior-4d16e8c457667328-m0,debugging,-2.0,-2.1655402857779746
model_agnostic_replication_contextual_behavior-4d16e8c457667328-m1,debugging,-1.125,-1.9334316330362773
model_agnostic_replication_contextual_behavior-5298bee11401c160-m0,debugging,0.125,0.5073397264457156
model_agnostic_replication_contextual_behavior-5298bee11401c160-m1,debugging,0.625,0.7394483791874129
model_agnostic_replication_contextual_behavior-53577a9279886a71-m0,bandit,-2.375,-2.319555881009858
model_agnostic_replication_contextual_behavior-53577a9279886a71-m1,bandit,-0.12500000000000006,-0.8214354004649442
model_agnostic_replication_contextual_behavior-535e456da0b8f55b-m0,debugging,-1.5,-1.5704410619414992
model_agnostic_replication_contextual_behavior-535e456da0b8f55b-m1,debugging,-0.6249999999999999,-1.3383324091998021
model_agnostic_replication_contextual_behavior-53a9179708089345-m0,debugging,-0.8750000000000002,-1.2603901014069718
model_agnostic_replication_contextual_behavior-53a9179708089345-m1,debugging,0.0,-1.028281448665275
model_agnostic_replication_contextual_behavior-53bae59927c3119e-m0,bandit,-2.625,-3.462228164140216
model_agnostic_replication_contextual_behavior-53bae59927c3119e-m1,bandit,-1.25,-1.9641076835953022
model_agnostic_replication_contextual_behavior-550bfff48a8fa0a4-m0,foraging,-0.25,0.5086801458394377
model_agnostic_replication_contextual_behavior-550bfff48a8fa0a4-m1,foraging,-0.12500000000000006,0.1612628728558252
model_agnostic_replication_contextual_behavior-56a3ce12c59843cc-m0,bandit,-1.5,-2.087276982813126
model_agnostic_replication_contextual_behavior-56a3ce12c59843cc-m1,bandit,-0.7500000000000001,-0.5891565022682121
model_agnostic_replication_contextual_behavior-57902065bb31bfa3-m0,debugging,0.24999999999999992,-0.10049623753680148
model_agnostic_replication_contextual_behavior-57902065bb31bfa3-m1,debugging,0.125,0.13161241520489564
model_agnostic_replication_contextual_behavior-595bccc1a0a3cff4-m0,foraging,0.125,1.5309213487789555
model_agnostic_replication_contextual_behavior-595bccc1a0a3cff4-m1,foraging,1.25,1.1835040757953428
model_agnostic_replication_contextual_behavior-59a9c966a20692ec-m0,debugging,0.125,0.19800160917648224
model_agnostic_replication_contextual_behavior-59a9c966a20692ec-m1,debugging,0.625,0.43011026191817914
model_agnostic_replication_contextual_behavior-59ce31750b89e02a-m0,foraging,-2.125,-1.1304898619493278
model_agnostic_replication_contextual_behavior-59ce31750b89e02a-m1,foraging,-1.0000000000000002,-1.4779071349329407
model_agnostic_replication_contextual_behavior-5a83ab14c51cee19-m0,debugging,-1.875,-2.245459746739642
model_agnostic_replication_contextual_behavior-5a83ab14c51cee19-m1,debugging,-0.7500000000000001,-2.0133510939979447
model_agnostic_replication_contextual_behavior-5f36832aad18e3fe-m0,foraging,-1.625,-0.562546190182359
model_agnostic_replication_contextual_behavior-5f36832aad18e3fe-m1,foraging,0.24999999999999992,-0.909963463165972
model_agnostic_replication_contextual_behavior-6082db3e121771a3-m0,debugging,-1.0000000000000002,-0.6552170798762895
model_agnostic_replication_contextual_behavior-6082db3e121771a3-m1,debugging,-0.12500000000000006,-0.4231084271345925
model_agnostic_replication_contextual_behavior-60832ad04054dd1b-m0,debugging,-1.625,-1.579992547436976
model_agnostic_replication_contextual_behavior-60832ad04054dd1b-m1,debugging,-2.0,-1.347883894695279
model_agnostic_replication_contextual_behavior-60ad47e309314f3a-m0,foraging,-3.375,-2.953375105564226
model_agnostic_replication_contextual_behavior-60ad47e309314f3a-m1,foraging,-2.125,-3.300792378547839
model_agnostic_replication_contextual_behavior-60c0f4dd0d5a425b-m0,foraging,-0.25,-0.059263525927530925
model_agnostic_replication_contextual_behavior-60c0f4dd0d5a425b-m1,foraging,0.37499999999999994,-0.40668079891114395
model_agnostic_replication_contextual_behavior-61a85dcca5791c09-m0,debugging,-0.12500000000000006,0.5073397264457156
model_agnostic_replication_contextual_behavior-61a85dcca5791c09-m1,debugging,0.625,0.7394483791874129
model_agnostic_replication_contextual_behavior-630e17b781f74c23-m0,foraging,-0.12500000000000006,-0.1027681120602788
model_agnostic_replication_contextual_behavior-630e17b781f74c23-m1,foraging,0.37499999999999994,-0.4501853850438917
model_agnostic_replication_contextual_behavior-63c6a3ea0d1dfdb9-m0,bandit,-2.375,-2.183507635702171
model_agnostic_replication_contextual_behavior-63c6a3ea0d1dfdb9-m1,bandit,-1.5,-0.6853871551572568
model_agnostic_replication_contextual_behavior-64278f007515b0ba-m0,foraging,-0.6249999999999999,-0.5783718672613201
model_agnostic_replication_contextual_behavior-64278f007515b0ba-m1,foraging,-0.12500000000000006,-0.9257891402449331
model_agnostic_replication_contextual_behavior-646c0041bb336a99-m0,foraging,0.0,0.4731316568345547
model_agnostic_replication_contextual_behavior-646c0041bb336a99-m1,foraging,0.625,0.1257143838509418
model_agnostic_replication_contextual_behavior-6476f9d188e281c7-m0,debugging,-3.125,-2.9275925905444167
model_agnostic_replication_contextual_behavior-6476f9d188e281c7-m1,debugging,-2.75,-2.695483937802719
model_agnostic_replication_contextual_behavior-64c3b4b37c15d28f-m0,debugging,-3.125,-3.2585034746204724
model_agnostic_replication_contextual_behavior-64c3b4b37c15d28f-m1,debugging,-2.25,-3.026394821878775
model_agnostic_replication_contextual_behavior-65848bda8649384b-m0,debugging,-1.5,-1.9721000928779158
model_agnostic_replication_contextual_behavior-65848bda8649384b-m1,debugging,-0.7500000000000001,-1.7399914401362186
model_agnostic_replication_contextual_behavior-68a40a4df7d76bf4-m0,foraging,-0.25,0.5366792560145368
model_agnostic_replication_contextual_behavior-68a40a4df7d76bf4-m1,foraging,-0.37499999999999994,0.18926198303092423
model_agnostic_replication_contextual_behavior-68dae76b445ff4c5-m0,bandit,-3.0,-3.7212071361145793
model_agnostic_replication_contextual_behavior-68dae76b445ff4c5-m1,bandit,-1.125,-2.2230866555696656
model_agnostic_replication_contextual_behavior-6aad3bee13d6fbac-m0,foraging,-1.5,0.2735287921662646
model_agnostic_replication_contextual_behavior-6aad3bee13d6fbac-m1,foraging,0.37499999999999994,-0.07388848081734822
model_agnostic_replication_contextual_behavior-6b13cd9d64ee9544-m0,foraging,-3.75,-3.3027827317849905
model_agnostic_replication_contextual_behavior-6b13cd9d64ee9544-m1,foraging,-2.625,-3.6502000047686023
model_agnostic_replication_contextual_behavior-6b29b855daf12166-m0,debugging,-0.12500000000000006,-0.611749551615071
model_agnostic_replication_contextual_behavior-6b29b855daf12166-m1,debugging,0.24999999999999992,-0.37964089887337393
model_agnostic_replication_contextual_behavior-6bdf9551a9b04bae-m0,bandit,-2.875,-3.7952367976846677
model_agnostic_replication_contextual_behavior-6bdf9551a9b04bae-m1,bandit,-1.125,-2.2971163171397535
model_agnostic_replication_contextual_behavior-6d4bec07216ab1f7-m0,bandit,-1.0000000000000002,-0.8634523837224934
model_agnostic_replication_contextual_behavior-6d4bec07216ab1f7-m1,bandit,0.125,0.6346680968224206
model_agnostic_replication_contextual_behavior-6d70350a9e132c60-m0,debugging,-0.25,0.3575515548912822
model_agnostic_replication_contextual_behavior-6d70350a9e132c60-m1,debugging,0.125,0.5896602076329793
model_agnostic_replication_contextual_behavior-6e46e59b50e3be30-m0,debugging,-1.625,-1.5084632493865409
model_agnostic_replication_contextual_behavior-6e46e59b50e3be30-m1,debugging,-1.25,-1.2763545966448437
model_agnostic_replication_contextual_behavior-70a39723d6e1c0a0-m0,bandit,-2.125,-2.8771987742009073
model_agnostic_replication_contextual_behavior-70a39723d6e1c0a0-m1,bandit,-0.5,-1.379078293655993
model_agnostic_replication_contextual_behavior-71551b2ac6405a75-m0,bandit,-2.0,-1.5682486883157225
model_agnostic_replication_contextual_behavior-71551b2ac6405a75-m1,bandit,0.0,-0.07012820777080833
model_agnostic_replication_contextual_behavior-717e2679ba09d8e8-m0,bandit,-1.375,-1.3289941148571827
model_agnostic_replication_contextual_behavior-717e2679ba09d8e8-m1,bandit,0.0,0.1691263656877315
model_agnostic_replication_contextual_behavior-719bbe39012d1e85-m0,bandit,-2.75,-2.5184565419377485
model_agnostic_replication_contextual_behavior-719bbe39012d1e85-m1,bandit,-0.5,-1.0203360613928343
model_agnostic_replication_contextual_behavior-71a7a71063fe2689-m0,foraging,-1.875,-0.7321097019647934
model_agnostic_replication_contextual_behavior-71a7a71063fe2689-m1,foraging,-0.8750000000000002,-1.0795269749484064
model_agnostic_replication_contextual_behavior-72b04b1f4302c49a-m0,debugging,0.7500000000000002,1.1483015710562987
model_agnostic_replication_contextual_behavior-72b04b1f4302c49a-m1,debugging,2.0,1.380410223797996
model_agnostic_replication_contextual_behavior-735615446b3edf33-m0,bandit,-1.375,-1.3289941148571827
model_agnostic_replication_contextual_behavior-735615446b3edf33-m1,bandit,0.0,0.1691263656877315
model_agnostic_replication_contextual_behavior-7358c860c4d99faa-m0,foraging,-1.0000000000000002,-1.4050350966510718
model_agnostic_replication_contextual_behavior-7358c860c4d99faa-m1,foraging,-1.625,-1.7524523696346845
model_agnostic_replication_contextual_behavior-74007db54a0a064b-m0,debugging,-2.0,-1.7826963957623947
model_agnostic_replication_contextual_behavior-74007db54a0a064b-m1,debugging,-0.8750000000000002,-1.550587743020698
model_agnostic_replication_contextual_behavior-74a9c1dcfe9f58d5-m0,debugging,-1.375,-1.5704410619414992
model_agnostic_replication_contextual_behavior-74a9c1dcfe9f58d5-m1,debugging,-0.6249999999999999,-1.3383324091998021
model_agnostic_replication_contextual_behavior-7611406682cafbfb-m0,foraging,-0.12500000000000006,0.24505214474216985
model_agnostic_replication_contextual_behavior-7611406682cafbfb-m1,foraging,-0.37499999999999994,-0.10236512824144317
model_agnostic_replication_contextual_behavior-761c7220a9b2d9a6-m0,bandit,-2.125,-2.8129580754646497
model_agnostic_replication_contextual_behavior-761c7220a9b2d9a6-m1,bandit,-0.5,-1.3148375949197357
model_agnostic_replication_contextual_behavior-763280f5b79962ec-m0,debugging,-0.37499999999999994,-0.60298658732243
model_agnostic_replication_contextual_behavior-763280f5b79962ec-m1,debugging,0.24999999999999992,-0.3708779345807328
model_agnostic_replication_contextual_behavior-785a121344e44f05-m0,bandit,-2.375,-2.8771987742009073
model_agnostic_replication_contextual_behavior-785a121344e44f05-m1,bandit,-0.37499999999999994,-1.379078293655993
model_agnostic_replication_contextual_behavior-789f23b28b178bde-m0,debugging,-0.7500000000000001,-1.2007940885719501
model_agnostic_replication_contextual_behavior-789f23b28b178bde-m1,debugging,-0.37499999999999994,-0.968685435830253
model_agnostic_replication_contextual_behavior-7d642cd448ae7c67-m0,debugging,-2.875,-2.381841639806969
model_agnostic_replication_contextual_behavior-7d642cd448ae7c67-m1,debugging,-2.25,-2.1497329870652715
model_agnostic_replication_contextual_behavior-7d95a7eae4fbb693-m0,debugging,-2.375,-2.3633168606300456
model_agnostic_replication_contextual_behavior-7d95a7eae4fbb693-m1,debugging,-1.5,-2.1312082078883487
model_agnostic_replication_contextual_behavior-83b519b28056aaf0-m0,foraging,-0.8750000000000002,-0.3663139665853113
model_agnostic_replication_contextual_behavior-83b519b28056aaf0-m1,foraging,0.24999999999999992,-0.7137312395689243
model_agnostic_replication_contextual_behavior-882530778f68a640-m0,debugging,0.7500000000000002,0.44292700399005946
model_agnostic_replication_contextual_behavior-882530778f68a640-m1,debugging,0.24999999999999992,0.6750356567317564
model_agnostic_replication_contextual_behavior-88a3e5071d7682e5-m0,bandit,-1.25,-1.11593898787692
model_agnostic_replication_contextual_behavior-88a3e5071d7682e5-m1,bandit,0.0,0.38218149266799417
model_agnostic_replication_contextual_behavior-89bc6fd7bb1ad9bd-m0,foraging,-0.7500000000000001,0.3275770253779018
model_agnostic_replication_contextual_behavior-89bc6fd7bb1ad9bd-m1,foraging,-0.8750000000000002,-0.01984024760571068
model_agnostic_replication_contextual_behavior-89bd184759f6e2cd-m0,foraging,0.125,0.8204531452847375
model_agnostic_replication_contextual_behavior-89bd184759f6e2cd-m1,foraging,0.24999999999999992,0.47303587230112454
model_agnostic_replication_contextual_behavior-8a157011ee4ffc43-m0,debugging,-0.12500000000000006,-0.611749551615071
model_agnostic_replication_contextual_behavior-8a157011ee4ffc43-m1,debugging,0.125,-0.37964089887337393
model_agnostic_replication_contextual_behavior-8b486568b6c7a03a-m0,bandit,-3.375,-2.715416930174512
model_agnostic_replication_contextual_behavior-8b486568b6c7a03a-m1,bandit,-1.125,-1.2172964496295982
model_agnostic_replication_contextual_behavior-8ce6b6ebfe154e3f-m0,bandit,-0.5,-0.24935120842849012
model_agnostic_replication_contextual_behavior-8ce6b6ebfe154e3f-m1,bandit,0.24999999999999992,1.2487692721164239
model_agnostic_replication_contextual_behavior-8e0b3b44f47e7587-m0,debugging,0.7500000000000002,0.8693591127190552
model_agnostic_replication_contextual_behavior-8e0b3b44f47e7587-m1,debugging,0.7500000000000002,1.101467765460753
model_agnostic_replication_contextual_behavior-8e74f378468881e4-m0,foraging,-1.125,-1.125650707929045
model_agnostic_replication_contextual_behavior-8e74f378468881e4-m1,foraging,-1.5,-1.473067980912658
model_agnostic_replication_contextual_behavior-8fbebd1d99031e9d-m0,bandit,-2.375,-2.435889358630528
model_agnostic_replication_contextual_behavior-8fbebd1d99031e9d-m1,bandit,-0.7500000000000001,-0.9377688780856139
model_agnostic_replication_contextual_behavior-9024a3446801a4be-m0,bandit,-0.8750000000000002,-1.5040079895794647
model_agnostic_replication_contextual_behavior-9024a3446801a4be-m1,bandit,-0.25,-0.005887509034550847
model_agnostic_replication_contextual_behavior-9089e52c17de2ce5-m0,debugging,-0.6249999999999999,-1.6207617134470707
model_agnostic_replication_contextual_behavior-9089e52c17de2ce5-m1,debugging,-1.7499999999999998,-1.3886530607053738
model_agnostic_replication_contextual_behavior-92f7ec16dab4c725-m0,bandit,-1.125,-0.8634523837224934
model_agnostic_replication_contextual_behavior-92f7ec16dab4c725-m1,bandit,0.0,0.6346680968224206
model_agnostic_replication_contextual_behavior-930baf82147fd9f0-m0,debugging,-0.37499999999999994,-1.2925137718228497
model_agnostic_replication_contextual_behavior-930baf82147fd9f0-m1,debugging,-0.12500000000000006,-1.0604051190811528
model_agnostic_replication_contextual_behavior-93ce94bf53ca8c39-m0,foraging,-0.6249999999999999,-0.32528936767560956
model_agnostic_replication_contextual_behavior-93ce94bf53ca8c39-m1,foraging,0.24999999999999992,-0.6727066406592225
model_agnostic_replication_contextual_behavior-93f1e071efbc212e-m0,foraging,0.125,0.07421182537024618
model_agnostic_replication_contextual_behavior-93f1e071efbc212e-m1,foraging,0.5,-0.27320544761336674
model_agnostic_replication_contextual_behavior-94e1f0824afcef8d-m0,bandit,-2.0,-1.7480994153783627
model_agnostic_replication_contextual_behavior-94e1f0824afcef8d-m1,bandit,0.0,-0.24997893483344866
model_agnostic_replication_contextual_behavior-958a13b92f2e9d8b-m0,foraging,-0.37499999999999994,0.5366792560145368
model_agnostic_replication_contextual_behavior-958a13b92f2e9d8b-m1,foraging,-0.37499999999999994,0.18926198303092423
model_agnostic_replication_contextual_behavior-95b641b906f137c5-m0,bandit,-2.0,-1.8075993084105197
model_agnostic_replication_contextual_behavior-95b641b906f137c5-m1,bandit,0.125,-0.30947882786560577
model_agnostic_replication_contextual_behavior-9ae344551c8c8645-m0,bandit,-0.25,-0.11672756556424158
model_agnostic_replication_contextual_behavior-9ae344551c8c8645-m1,bandit,0.5,1.3813929149806725
model_agnostic_replication_contextual_behavior-9b2db488290b6f06-m0,debugging,-0.8750000000000002,-1.2007940885719501
model_agnostic_replication_contextual_behavior-9b2db488290b6f06-m1,debugging,-0.37499999999999994,-0.968685435830253
model_agnostic_replication_contextual_behavior-9b40c04de6bc0b21-m0,debugging,-2.0,-2.245459746739642
model_agnostic_replication_contextual_behavior-9b40c04de6bc0b21-m1,debugging,-0.7500000000000001,-2.0133510939979447
model_agnostic_replication_contextual_behavior-9d8c8973dea67ebe-m0,foraging,-0.37499999999999994,0.16732978117339714
model_agnostic_replication_contextual_behavior-9d8c8973dea67ebe-m1,foraging,0.5,-0.18008749181021577
model_agnostic_replication_contextual_behavior-9e73ff3ba9bb834e-m0,debugging,0.0,-0.184779380582329
model_agnostic_replication_contextual_behavior-9e73ff3ba9bb834e-m1,debugging,0.125,0.047329272159367886
model_agnostic_replication_contextual_behavior-9e8ea3bf61e054ca-m0,bandit,-1.625,-2.069204976046638
model_agnostic_replication_contextual_behavior-9e8ea3bf61e054ca-m1,bandit,-0.25,-0.5710844955017238
model_agnostic_replication_contextual_behavior-9f974b93fbf5a2ed-m0,foraging,-1.7499999999999998,-1.3200341088143903
model_agnostic_replication_contextual_behavior-9f974b93fbf5a2ed-m1,foraging,-0.5,-1.6674513817980032
model_agnostic_replication_contextual_behavior-a01d02fa2544bdde-m0,foraging,-1.7499999999999998,-0.562546190182359
model_agnostic_replication_contextual_behavior-a01d02fa2544bdde-m1,foraging,0.0,-0.909963463165972
model_agnostic_replication_contextual_behavior-a0d374aa828419bb-m0,foraging,-0.7500000000000001,-0.32528936767560956
model_agnostic_replication_contextual_behavior-a0d374aa828419bb-m1,foraging,0.125,-0.6727066406592225
model_agnostic_replication_contextual_behavior-a1674a0d45fdc93c-m0,bandit,-3.25,-2.715416930174512
model_agnostic_replication_contextual_behavior-a1674a0d45fdc93c-m1,bandit,-1.125,-1.2172964496295982
model_agnostic_replication_contextual_behavior-a167a9aeb55fd73c-m0,bandit,-3.375,-3.7212071361145793
model_agnostic_replication_contextual_behavior-a167a9aeb55fd73c-m1,bandit,-1.0000000000000002,-2.2230866555696656
model_agnostic_replication_contextual_behavior-a175a3131d5ec1e6-m0,foraging,-2.375,-1.3890578178991912
model_agnostic_replication_contextual_behavior-a175a3131d5ec1e6-m1,foraging,-1.0000000000000002,-1.7364750908828042
model_agnostic_replication_contextual_behavior-a1c18d5d4bc8db88-m0,bandit,-2.5,-1.7480994153783627
model_agnostic_replication_contextual_behavior-a1c18d5d4bc8db88-m1,bandit,0.0,-0.24997893483344866
model_agnostic_replication_contextual_behavior-a243f9d55e5307a4-m0,bandit,-0.7500000000000001,-0.14862147308077078
model_agnostic_replication_contextual_behavior-a243f9d55e5307a4-m1,bandit,0.8750000000000001,1.3494990074641435
model_agnostic_replication_contextual_behavior-a258cd550018437b-m0,bandit,-4.125,-4.553774143445086
model_agnostic_replication_contextual_behavior-a258cd550018437b-m1,bandit,-1.7499999999999998,-3.0556536629001716
model_agnostic_replication_contextual_behavior-a400f769b01fcae2-m0,debugging,0.7500000000000002,0.44292700399005946
model_agnostic_replication_contextual_behavior-a400f769b01fcae2-m1,debugging,0.37499999999999994,0.6750356567317564
model_agnostic_replication_contextual_behavior-a4c63f0e03403d3f-m0,bandit,-2.5,-3.0780932267702763
model_agnostic_replication_contextual_behavior-a4c63f0e03403d3f-m1,bandit,-1.5,-1.5799727462253617
model_agnostic_replication_contextual_behavior-a4fabcd7d1f7abe0-m0,bandit,-0.37499999999999994,-0.11672756556424158
model_agnostic_replication_contextual_behavior-a4fabcd7d1f7abe0-m1,bandit,0.7500000000000002,1.3813929149806725
model_agnostic_replication_contextual_behavior-a86511be5a45787d-m0,debugging,-1.875,-3.070252986491683
model_agnostic_replication_contextual_behavior-a86511be5a45787d-m1,debugging,-1.7499999999999998,-2.8381443337499856
model_agnostic_replication_contextual_behavior-a9cbf4cb092cc936-m0,debugging,-0.25,-0.9185791290935299
model_agnostic_replication_contextual_behavior-a9cbf4cb092cc936-m1,debugging,0.24999999999999992,-0.686470476351833
model_agnostic_replication_contextual_behavior-ab25c2db1ed2fbd5-m0,bandit,-2.5,-3.0780932267702763
model_agnostic_replication_contextual_behavior-ab25c2db1ed2fbd5-m1,bandit,-1.25,-1.5799727462253617
model_agnostic_replication_contextual_behavior-ac0cf4293bb093f6-m0,bandit,0.125,-0.4256724518216225
model_agnostic_replication_contextual_behavior-ac0cf4293bb093f6-m1,bandit,0.625,1.0724480287232918
model_agnostic_replication_contextual_behavior-ac5884bc17ebdade-m0,bandit,-2.625,-2.849434357517063
model_agnostic_replication_contextual_behavior-ac5884bc17ebdade-m1,bandit,-0.37499999999999994,-1.351313876972149
model_agnostic_replication_contextual_behavior-aec4bc5a1a3e3516-m0,debugging,0.625,0.8693591127190552
model_agnostic_replication_contextual_behavior-aec4bc5a1a3e3516-m1,debugging,0.625,1.101467765460753
model_agnostic_replication_contextual_behavior-b03e3e801c0d1dfb-m0,debugging,-2.875,-3.2585034746204724
model_agnostic_replication_contextual_behavior-b03e3e801c0d1dfb-m1,debugging,-2.25,-3.026394821878775
model_agnostic_replication_contextual_behavior-b073c5f4f72c8e9b-m0,foraging,0.0,0.24505214474216985
model_agnostic_replication_contextual_behavior-b073c5f4f72c8e9b-m1,foraging,-0.5,-0.10236512824144317
model_agnostic_replication_contextual_behavior-b0a71b2a55d20644-m0,foraging,-1.375,-0.20974859182735728
model_agnostic_replication_contextual_behavior-b0a71b2a55d20644-m1,foraging,-0.5,-0.5571658648109703
model_agnostic_replication_contextual_behavior-b4b235ee3232c772-m0,debugging,-0.8750000000000002,-1.5347958042892338
model_agnostic_replication_contextual_behavior-b4b235ee3232c772-m1,debugging,-0.25,-1.302687151547537
model_agnostic_replication_contextual_behavior-b4bff01305d9d874-m0,debugging,-0.37499999999999994,0.07718202558308929
model_agnostic_replication_contextual_behavior-b4bff01305d9d874-m1,debugging,-0.6249999999999999,0.3092906783247862
model_agnostic_replication_contextual_behavior-b5168dc01dec3d41-m0,bandit,-1.5,-1.11593898787692
model_agnostic_replication_contextual_behavior-b5168dc01dec3d41-m1,bandit,0.0,0.38218149266799417
model_agnostic_replication_contextual_behavior-b52779f55d4eef4b-m0,debugging,-0.8750000000000002,-1.5347958042892338
model_agnostic_replication_contextual_behavior-b52779f55d4eef4b-m1,debugging,-0.37499999999999994,-1.302687151547537
model_agnostic_replication_contextual_behavior-b5a5dde4f1b4ed7a-m0,debugging,-0.8750000000000002,-1.0116099136017647
model_agnostic_replication_contextual_behavior-b5a5dde4f1b4ed7a-m1,debugging,-0.7500000000000001,-0.7795012608600678
model_agnostic_replication_contextual_behavior-b752b297e09124cf-m0,foraging,-0.5,-0.4642495160718152
model_agnostic_replication_contextual_behavior-b752b297e09124cf-m1,foraging,-0.37499999999999994,-0.8116667890554281
model_agnostic_replication_contextual_behavior-b8dcdbc711ce48bb-m0,debugging,-0.37499999999999994,-1.2925137718228497
model_agnostic_replication_contextual_behavior-b8dcdbc711ce48bb-m1,debugging,-0.25,-1.0604051190811528
model_agnostic_replication_contextual_behavior-babe698253061141-m0,foraging,-0.12500000000000006,0.16732978117339714
model_agnostic_replication_contextual_behavior-babe698253061141-m1,foraging,0.37499999999999994,-0.18008749181021577
model_agnostic_replication_contextual_behavior-bb4376c1204a4efa-m0,bandit,-1.875,-2.8771987742009073
model_agnostic_replication_contextual_behavior-bb4376c1204a4efa-m1,bandit,-0.5,-1.379078293655993
model_agnostic_replication_contextual_behavior-bb5deb4b812d43fa-m0,bandit,-4.0,-4.553774143445086
model_agnostic_replication_contextual_behavior-bb5deb4b812d43fa-m1,bandit,-1.7499999999999998,-3.0556536629001716
model_agnostic_replication_contextual_behavior-bdd8fd724268b8a5-m0,bandit,-2.25,-2.7119738623124556
model_agnostic_replication_contextual_behavior-bdd8fd724268b8a5-m1,bandit,-0.5,-1.2138533817675419
model_agnostic_replication_contextual_behavior-bebd3188861651b2-m0,debugging,-2.875,-2.641560607414709
model_agnostic_replication_contextual_behavior-bebd3188861651b2-m1,debugging,-1.875,-2.4094519546730124
model_agnostic_replication_contextual_behavior-bee496043c24d90b-m0,foraging,-0.6249999999999999,-0.5636491574879339
model_agnostic_replication_contextual_behavior-bee496043c24d90b-m1,foraging,-0.8750000000000002,-0.9110664304715468
model_agnostic_replication_contextual_behavior-bf0681eacca0e31c-m0,debugging,-0.25,0.07718202558308929
model_agnostic_replication_contextual_behavior-bf0681eacca0e31c-m1,debugging,-0.5,0.3092906783247862
model_agnostic_replication_contextual_behavior-bf36bbd360d6535f-m0,debugging,-0.8750000000000002,-1.3689718539679254
model_agnostic_replication_contextual_behavior-bf36bbd360d6535f-m1,debugging,0.0,-1.1368632012262283
model_agnostic_replication_contextual_behavior-c0084d44a28896c1-m0,foraging,0.125,0.8204531452847375
model_agnostic_replication_contextual_behavior-c0084d44a28896c1-m1,foraging,0.24999999999999992,0.47303587230112454
model_agnostic_replication_contextual_behavior-c01ea1e228c6f42d-m0,debugging,-1.5,-1.5084632493865409
model_agnostic_replication_contextual_behavior-c01ea1e228c6f42d-m1,debugging,-1.25,-1.2763545966448437
model_agnostic_replication_contextual_behavior-c2979408d06f274c-m0,foraging,-0.37499999999999994,0.5086801458394377
model_agnostic_replication_contextual_behavior-c2979408d06f274c-m1,foraging,-0.12500000000000006,0.1612628728558252
model_agnostic_replication_contextual_behavior-c4e34a04c5bf6d0d-m0,foraging,-1.5,-0.886649525187472
model_agnostic_replication_contextual_behavior-c4e34a04c5bf6d0d-m1,foraging,-1.875,-1.2340667981710849
model_agnostic_replication_contextual_behavior-c509889dc0abb847-m0,foraging,-0.12500000000000006,-0.053939017695631364
model_agnostic_replication_contextual_behavior-c509889dc0abb847-m1,foraging,0.0,-0.40135629067924417
model_agnostic_replication_contextual_behavior-c537c8e5d34a892f-m0,debugging,0.625,1.1483015710562987
model_agnostic_replication_contextual_behavior-c537c8e5d34a892f-m1,debugging,1.75,1.380410223797996
model_agnostic_replication_contextual_behavior-c594d80a695c5284-m0,bandit,-3.625,-4.1867488672492685
model_agnostic_replication_contextual_behavior-c594d80a695c5284-m1,bandit,-1.125,-2.688628386704355
model_agnostic_replication_contextual_behavior-c6427efc4c38c895-m0,foraging,-0.37499999999999994,0.43581627908152587
model_agnostic_replication_contextual_behavior-c6427efc4c38c895-m1,foraging,0.625,0.08839900609791296
model_agnostic_replication_contextual_behavior-ccc07e77bc0b304f-m0,bandit,-2.75,-3.05352001759404
model_agnostic_replication_contextual_behavior-ccc07e77bc0b304f-m1,bandit,-0.6249999999999999,-1.5553995370491256
model_agnostic_replication_contextual_behavior-ce8c28bf08b47de6-m0,bandit,-1.7499999999999998,-2.4581767657569364
model_agnostic_replication_contextual_behavior-ce8c28bf08b47de6-m1,bandit,-0.6249999999999999,-0.9600562852120222
model_agnostic_replication_contextual_behavior-cecf591daa50fe6b-m0,debugging,-3.0,-2.381841639806969
model_agnostic_replication_contextual_behavior-cecf591daa50fe6b-m1,debugging,-2.25,-2.1497329870652715
model_agnostic_replication_contextual_behavior-cf7591f432a28996-m0,bandit,-2.375,-2.027720655926601
model_agnostic_replication_contextual_behavior-cf7591f432a28996-m1,bandit,-0.25,-0.5296001753816869
model_agnostic_replication_contextual_behavior-cf938f657aea4217-m0,bandit,-1.875,-2.0032038806047328
model_agnostic_replication_contextual_behavior-cf938f657aea4217-m1,bandit,-0.25,-0.5050834000598187
model_agnostic_replication_contextual_behavior-d02465dba04b17df-m0,debugging,-1.625,-1.9928790165166066
model_agnostic_replication_contextual_behavior-d02465dba04b17df-m1,debugging,-0.7500000000000001,-1.7607703637749097
model_agnostic_replication_contextual_behavior-d08e90764fcd7941-m0,debugging,-0.37499999999999994,-0.7861089505425967
model_agnostic_replication_contextual_behavior-d08e90764fcd7941-m1,debugging,-0.7500000000000001,-0.5540002978008997
model_agnostic_replication_contextual_behavior-d09c29aed88217ad-m0,bandit,-2.75,-3.286873395806008
model_agnostic_replication_contextual_behavior-d09c29aed88217ad-m1,bandit,-0.5,-1.7887529152610937
model_agnostic_replication_contextual_behavior-d45cf736e7c26b6b-m0,debugging,-1.25,-1.3442384667247058
model_agnostic_replication_contextual_behavior-d45cf736e7c26b6b-m1,debugging,-1.0000000000000002,-1.1121298139830087
model_agnostic_replication_contextual_behavior-d582a849cbd5b32f-m0,foraging,-2.25,-1.1304898619493278
model_agnostic_replication_contextual_behavior-d582a849cbd5b32f-m1,foraging,-1.25,-1.4779071349329407
model_agnostic_replication_contextual_behavior-d5cd9f28c330783e-m0,bandit,-1.25,-2.087276982813126
model_agnostic_replication_contextual_behavior-d5cd9f28c330783e-m1,bandit,-1.25,-0.5891565022682121
model_agnostic_replication_contextual_behavior-d72fe28bac605d80-m0,bandit,-2.25,-2.8771987742009073
model_agnostic_replication_contextual_behavior-d72fe28bac605d80-m1,bandit,-0.37499999999999994,-1.379078293655993
model_agnostic_replication_contextual_behavior-d75d97e566ebec90-m0,foraging,-1.5,-0.886649525187472
model_agnostic_replication_contextual_behavior-d75d97e566ebec90-m1,foraging,-1.875,-1.2340667981710849
model_agnostic_replication_contextual_behavior-d8f307639915e1f0-m0,foraging,0.0,-0.059263525927530925
model_agnostic_replication_contextual_behavior-d8f307639915e1f0-m1,foraging,0.24999999999999992,-0.40668079891114395
model_agnostic_replication_contextual_behavior-d93bb2122a40c06a-m0,bandit,-2.375,-3.89975049450637
model_agnostic_replication_contextual_behavior-d93bb2122a40c06a-m1,bandit,-0.37499999999999994,-2.401630013961456
model_agnostic_replication_contextual_behavior-d93c312a9d96584c-m0,foraging,-1.375,-1.130216507986717
model_agnostic_replication_contextual_behavior-d93c312a9d96584c-m1,foraging,-0.7500000000000001,-1.47763378097033
model_agnostic_replication_contextual_behavior-d9438cf8fff1d0b5-m0,bandit,-1.125,-1.5122910335121222
model_agnostic_replication_contextual_behavior-d9438cf8fff1d0b5-m1,bandit,0.0,-0.014170552967208455
model_agnostic_replication_contextual_behavior-d9559e5aa4dc4c81-m0,bandit,-0.12500000000000006,-0.4256724518216225
model_agnostic_replication_contextual_behavior-d9559e5aa4dc4c81-m1,bandit,0.625,1.0724480287232918
model_agnostic_replication_contextual_behavior-db9c634627803d8e-m0,debugging,-2.0,-2.3851605039993333
model_agnostic_replication_contextual_behavior-db9c634627803d8e-m1,debugging,-1.375,-2.1530518512576364
model_agnostic_replication_contextual_behavior-dcb39551ab53167b-m0,bandit,-2.375,-1.5682486883157225
model_agnostic_replication_contextual_behavior-dcb39551ab53167b-m1,bandit,0.125,-0.07012820777080833
model_agnostic_replication_contextual_behavior-dd98cb9d7ee2367c-m0,foraging,-2.375,-2.185964719760988
model_agnostic_replication_contextual_behavior-dd98cb9d7ee2367c-m1,foraging,-1.5,-2.5333819927446006
model_agnostic_replication_contextual_behavior-de2bc1e1f578fce5-m0,foraging,-0.6249999999999999,-1.1308740517340865
model_agnostic_replication_contextual_behavior-de2bc1e1f578fce5-m1,foraging,-1.125,-1.4782913247176994
model_agnostic_replication_contextual_behavior-dfbb707d1c0809f3-m0,bandit,-2.0,-1.3750043756587351
model_agnostic_replication_contextual_behavior-dfbb707d1c0809f3-m1,bandit,0.125,0.12311610488617877
model_agnostic_replication_contextual_behavior-e0b02849ca01eedd-m0,bandit,-2.75,-3.05352001759404
model_agnostic_replication_contextual_behavior-e0b02849ca01eedd-m1,bandit,-0.5,-1.5553995370491256
model_agnostic_replication_contextual_behavior-e1f394d5137ab593-m0,bandit,0.24999999999999992,-0.7490001274885555
model_agnostic_replication_contextual_behavior-e1f394d5137ab593-m1,bandit,0.37499999999999994,0.7491203530563586
model_agnostic_replication_contextual_behavior-e2766d3560ddb62f-m0,foraging,-2.625,-2.185964719760988
model_agnostic_replication_contextual_behavior-e2766d3560ddb62f-m1,foraging,-1.5,-2.5333819927446006
model_agnostic_replication_contextual_behavior-e3fe2399ad9921fc-m0,bandit,-1.7499999999999998,-1.3750043756587351
model_agnostic_replication_contextual_behavior-e3fe2399ad9921fc-m1,bandit,0.24999999999999992,0.12311610488617877
model_agnostic_replication_contextual_behavior-e4d760395acd9b10-m0,foraging,0.0,-0.1027681120602788
model_agnostic_replication_contextual_behavior-e4d760395acd9b10-m1,foraging,0.24999999999999992,-0.4501853850438917
model_agnostic_replication_contextual_behavior-e58b15f069847c0d-m0,bandit,-2.75,-3.6080622485514917
model_agnostic_replication_contextual_behavior-e58b15f069847c0d-m1,bandit,-0.6249999999999999,-2.109941768006578
model_agnostic_replication_contextual_behavior-e6cd88e1fb04f123-m0,debugging,-1.7499999999999998,-2.889512422991453
model_agnostic_replication_contextual_behavior-e6cd88e1fb04f123-m1,debugging,-2.375,-2.657403770249756
model_agnostic_replication_contextual_behavior-e7157a3dffea1983-m0,bandit,-2.125,-2.5184565419377485
model_agnostic_replication_contextual_behavior-e7157a3dffea1983-m1,bandit,-0.5,-1.0203360613928343
model_agnostic_replication_contextual_behavior-e7468f1f07d54582-m0,foraging,-1.0000000000000002,0.0699026714344485
model_agnostic_replication_contextual_behavior-e7468f1f07d54582-m1,foraging,-0.6249999999999999,-0.2775146015491644
model_agnostic_replication_contextual_behavior-e77b56185629a13b-m0,debugging,0.125,0.06399229681707652
model_agnostic_replication_contextual_behavior-e77b56185629a13b-m1,debugging,0.24999999999999992,0.2961009495587734
model_agnostic_replication_contextual_behavior-e78b6f2777a62818-m0,bandit,-0.5,-0.14862147308077078
model_agnostic_replication_contextual_behavior-e78b6f2777a62818-m1,bandit,0.5,1.3494990074641435
model_agnostic_replication_contextual_behavior-eaaacc007c8e3f23-m0,bandit,-2.25,-2.183507635702171
model_agnostic_replication_contextual_behavior-eaaacc007c8e3f23-m1,bandit,-1.5,-0.6853871551572568
model_agnostic_replication_contextual_behavior-eb6f24b20bfb76e6-m0,foraging,-0.12500000000000006,0.07421182537024618
model_agnostic_replication_contextual_behavior-eb6f24b20bfb76e6-m1,foraging,0.8750000000000001,-0.27320544761336674
model_agnostic_replication_contextual_behavior-ec2c68ae395dec72-m0,foraging,-1.375,-1.130216507986717
model_agnostic_replication_contextual_behavior-ec2c68ae395dec72-m1,foraging,-0.7500000000000001,-1.47763378097033
model_agnostic_replication_contextual_behavior-ece13e3d4b2bb287-m0,bandit,-2.375,-3.6080622485514917
model_agnostic_replication_contextual_behavior-ece13e3d4b2bb287-m1,bandit,-0.6249999999999999,-2.109941768006578
model_agnostic_replication_contextual_behavior-edaec4a83f8436b4-m0,bandit,-2.75,-3.7952367976846677
model_agnostic_replication_contextual_behavior-edaec4a83f8436b4-m1,bandit,-1.0000000000000002,-2.2971163171397535
model_agnostic_replication_contextual_behavior-ee4b2cfb96355bfd-m0,foraging,-0.25,-0.29602158008201457
model_agnostic_replication_contextual_behavior-ee4b2cfb96355bfd-m1,foraging,0.0,-0.6434388530656274
model_agnostic_replication_contextual_behavior-ef00974a41948441-m0,foraging,0.0,0.5171077208255788
model_agnostic_replication_contextual_behavior-ef00974a41948441-m1,foraging,0.5,0.16969044784196607
model_agnostic_replication_contextual_behavior-eff6c3617ba0cc48-m0,bandit,-2.75,-3.462228164140216
model_agnostic_replication_contextual_behavior-eff6c3617ba0cc48-m1,bandit,-1.25,-1.9641076835953022
model_agnostic_replication_contextual_behavior-f0858a570bb183c1-m0,debugging,-0.5,-1.0513050885088489
model_agnostic_replication_contextual_behavior-f0858a570bb183c1-m1,debugging,-0.5,-0.8191964357671518
model_agnostic_replication_contextual_behavior-f1ca1de8cd449e76-m0,bandit,0.0,-0.09973003881298914
model_agnostic_replication_contextual_behavior-f1ca1de8cd449e76-m1,bandit,0.0,1.3983904417319248
model_agnostic_replication_contextual_behavior-f4e0510fd9a9be2c-m0,debugging,-0.37499999999999994,0.3575515548912822
model_agnostic_replication_contextual_behavior-f4e0510fd9a9be2c-m1,debugging,-0.12500000000000006,0.5896602076329793
model_agnostic_replication_contextual_behavior-f63c99a5c4384a2d-m0,debugging,-1.875,-3.070252986491683
model_agnostic_replication_contextual_behavior-f63c99a5c4384a2d-m1,debugging,-1.625,-2.8381443337499856
model_agnostic_replication_contextual_behavior-f789615c6783c65d-m0,foraging,-0.5,0.3275770253779018
model_agnostic_replication_contextual_behavior-f789615c6783c65d-m1,foraging,-1.0000000000000002,-0.01984024760571068
model_agnostic_replication_contextual_behavior-f9d165eb275beeb6-m0,debugging,-2.5,-2.3633168606300456
model_agnostic_replication_contextual_behavior-f9d165eb275beeb6-m1,debugging,-1.5,-2.1312082078883487
model_agnostic_replication_contextual_behavior-fbf3c9e556af3a38-m0,debugging,0.125,0.19800160917648224
model_agnostic_replication_contextual_behavior-fbf3c9e556af3a38-m1,debugging,0.5,0.43011026191817914
model_agnostic_replication_contextual_behavior-fd26b8f9ccd00495-m0,bandit,-1.375,-1.5122910335121222
model_agnostic_replication_contextual_behavior-fd26b8f9ccd00495-m1,bandit,0.125,-0.014170552967208455
model_agnostic_replication_contextual_behavior-fe698cbf58ad7be5-m0,foraging,-0.7500000000000001,-0.5783718672613201
model_agnostic_replication_contextual_behavior-fe698cbf58ad7be5-m1,foraging,-0.12500000000000006,-0.9257891402449331
model_agnostic_replication_contextual_behavior-ff5326be867651cb-m0,bandit,-2.25,-2.435889358630528
model_agnostic_replication_contextual_behavior-ff5326be867651cb-m1,bandit,-0.6249999999999999,-0.9377688780856139
model_agnostic_replication_contextual_behavior-ffdaa3f8226212bc-m0,foraging,-0.37499999999999994,-0.2960215800820146
model_agnostic_replication_contextual_behavior-ffdaa3f8226212bc-m1,foraging,0.24999999999999992,-0.6434388530656274
