condition_id,task_family,observed,prediction
model_agnostic_replication_behavior-0050cfc7755baca2-m0,information_sampling,0.125,-0.03188997332539373
model_agnostic_replication_behavior-0050cfc7755baca2-m1,information_sampling,-0.5,-0.12225510514656479
model_agnostic_replication_behavior-0071e4817624dff4-m0,bandit,-4.375,-4.374693027729231
model_agnostic_replication_behavior-0071e4817624dff4-m1,bandit,-3.625,-2.876572547184317
model_agnostic_replication_behavior-007509e33e3072d8-m0,foraging,-0.25,-0.5973910574448944
model_agnostic_replication_behavior-007509e33e3072d8-m1,foraging,-1.25,-0.9448083304285073
model_agnostic_replication_behavior-00c14c748739b545-m0,information_sampling,-1.0000000000000002,-0.7138357824360662
model_agnostic_replication_behavior-00c14c748739b545-m1,information_sampling,-0.7500000000000001,-0.8042009142572366
model_agnostic_replication_behavior-00d42e915c3c3072-m0,debugging,-0.37499999999999994,-0.48358758479878694
model_agnostic_replication_behavior-00d42e915c3c3072-m1,debugging,-0.6249999999999999,-0.2514789320570896
model_agnostic_replication_behavior-00ec3f53fddddcfc-m0,waiting,-1.0000000000000002,-0.8619071534580538
model_agnostic_replication_behavior-00ec3f53fddddcfc-m1,waiting,0.125,0.02190126843978335
model_agnostic_replication_behavior-011fbc6e8510d3c3-m0,effort,0.0,-0.42916380994414033
model_agnostic_replication_behavior-011fbc6e8510d3c3-m1,effort,0.625,0.24286775244956466
model_agnostic_replication_behavior-01361a5958199d8f-m0,bandit,-1.7499999999999998,-1.431856446976844
model_agnostic_replication_behavior-01361a5958199d8f-m1,bandit,-0.37499999999999994,0.06626403356807026
model_agnostic_replication_behavior-015bfbbae88e016e-m0,bandit,-2.125,-1.8474884588098783
model_agnostic_replication_behavior-015bfbbae88e016e-m1,bandit,0.125,-0.34936797826496424
model_agnostic_replication_behavior-017b6c1a4ed3124e-m0,foraging,0.125,-0.8958912795549412
model_agnostic_replication_behavior-017b6c1a4ed3124e-m1,foraging,-3.125,-1.243308552538554
model_agnostic_replication_behavior-01862465da34abbd-m0,foraging,1.25,0.9015341217975187
model_agnostic_replication_behavior-01862465da34abbd-m1,foraging,-1.125,0.5541168488139055
model_agnostic_replication_behavior-019c4ef79f769a5f-m0,foraging,1.75,1.1725551174712208
model_agnostic_replication_behavior-019c4ef79f769a5f-m1,foraging,1.625,0.825137844487608
model_agnostic_replication_behavior-025fb5009c8d26ad-m0,solvability,0.125,-0.5872428539476734
model_agnostic_replication_behavior-025fb5009c8d26ad-m1,solvability,0.125,-0.2395914568432247
model_agnostic_replication_behavior-0286968f25c9a77b-m0,information_sampling,-1.625,-1.0306053948954728
model_agnostic_replication_behavior-0286968f25c9a77b-m1,information_sampling,-1.0000000000000002,-1.1209705267166437
model_agnostic_replication_behavior-029a867656f57c26-m0,debugging,0.125,-0.24333886685494788
model_agnostic_replication_behavior-029a867656f57c26-m1,debugging,0.5,-0.01123021411325098
model_agnostic_replication_behavior-02aa91033d05dec6-m0,bandit,-0.5,0.10386778183274648
model_agnostic_replication_behavior-02aa91033d05dec6-m1,bandit,1.0,1.6019882623776605
model_agnostic_replication_behavior-02c56a3cd3ae4884-m0,solvability,2.875,2.4763026120878107
model_agnostic_replication_behavior-02c56a3cd3ae4884-m1,solvability,2.625,2.8239540091922595
model_agnostic_replication_behavior-02e2fffae35b62a3-m0,foraging,0.37499999999999994,-0.1918442402149556
model_agnostic_replication_behavior-02e2fffae35b62a3-m1,foraging,-1.25,-0.5392615131985687
model_agnostic_replication_behavior-02f73df8b09b2dd0-m0,foraging,-1.7499999999999998,-1.8198591531330628
model_agnostic_replication_behavior-02f73df8b09b2dd0-m1,foraging,-3.25,-2.1672764261166755
model_agnostic_replication_behavior-030e8f5e0bb93c3b-m0,information_sampling,0.0,-0.17531840161566592
model_agnostic_replication_behavior-030e8f5e0bb93c3b-m1,information_sampling,-0.25,-0.2656835334368369
model_agnostic_replication_behavior-031700c7a587c792-m0,solvability,1.0,0.5643580745019136
model_agnostic_replication_behavior-031700c7a587c792-m1,solvability,0.625,0.9120094716063624
model_agnostic_replication_behavior-0323d5cda2c66cc2-m0,debugging,-3.375,-3.106617251250212
model_agnostic_replication_behavior-0323d5cda2c66cc2-m1,debugging,-2.75,-2.874508598508515
model_agnostic_replication_behavior-0337f6ebd32ead7a-m0,bandit,-5.125,-4.520435469381269
model_agnostic_replication_behavior-0337f6ebd32ead7a-m1,bandit,-2.875,-3.0223149888363547
model_agnostic_replication_behavior-033e0f696640ed6d-m0,debugging,-3.5,-2.60236484715045
model_agnostic_replication_behavior-033e0f696640ed6d-m1,debugging,-2.0,-2.370256194408753
model_agnostic_replication_behavior-03c39f5d62e89d2c-m0,bandit,-2.75,-2.323898404257741
model_agnostic_replication_behavior-03c39f5d62e89d2c-m1,bandit,-1.625,-0.8257779237128269
model_agnostic_replication_behavior-03dc6c876b2d6e0a-m0,waiting,-1.625,-2.2350635914767647
model_agnostic_replication_behavior-03dc6c876b2d6e0a-m1,waiting,-0.5,-1.3512551695789277
model_agnostic_replication_behavior-03dcef28814e50f3-m0,debugging,1.125,1.0281044635983574
model_agnostic_replication_behavior-03dcef28814e50f3-m1,debugging,1.5000000000000002,1.2602131163400543
model_agnostic_replication_behavior-03eaa7cb8f7ad60e-m0,foraging,0.7500000000000002,0.0761155968743753
model_agnostic_replication_behavior-03eaa7cb8f7ad60e-m1,foraging,-0.7500000000000001,-0.27130167610923783
model_agnostic_replication_behavior-04585da69985ea91-m0,debugging,0.625,0.24818739529988276
model_agnostic_replication_behavior-04585da69985ea91-m1,debugging,0.37499999999999994,0.4802960480415801
model_agnostic_replication_behavior-04656918b8484ba4-m0,foraging,1.5000000000000002,1.379916055287178
model_agnostic_replication_behavior-04656918b8484ba4-m1,foraging,1.125,1.032498782303565
model_agnostic_replication_behavior-0485677a759124ae-m0,information_sampling,-1.25,-1.024920071214026
model_agnostic_replication_behavior-0485677a759124ae-m1,information_sampling,-0.8750000000000002,-1.1152852030351972
model_agnostic_replication_behavior-048fdf3fcd83c15c-m0,debugging,-0.5,-0.7913351783384978
model_agnostic_replication_behavior-048fdf3fcd83c15c-m1,debugging,0.0,-0.5592265255968007
model_agnostic_replication_behavior-04f53d33a27828fc-m0,waiting,-0.37499999999999994,0.3933529878164075
model_agnostic_replication_behavior-04f53d33a27828fc-m1,waiting,1.25,1.2771614097142447
model_agnostic_replication_behavior-052503d9084f8135-m0,information_sampling,-1.375,-0.7361836479288109
model_agnostic_replication_behavior-052503d9084f8135-m1,information_sampling,-0.8750000000000002,-0.8265487797499818
model_agnostic_replication_behavior-054058bf9bb26fb9-m0,effort,-1.625,-2.3778464452499177
model_agnostic_replication_behavior-054058bf9bb26fb9-m1,effort,-0.5,-1.7058148828562123
model_agnostic_replication_behavior-056872f0a134fa57-m0,foraging,-2.125,-2.4025142966894966
model_agnostic_replication_behavior-056872f0a134fa57-m1,foraging,-2.125,-2.7499315696731093
model_agnostic_replication_behavior-059852d8cf8165fc-m0,information_sampling,-1.5,-1.031862989252506
model_agnostic_replication_behavior-059852d8cf8165fc-m1,information_sampling,-0.8750000000000002,-1.1222281210736766
model_agnostic_replication_behavior-059c4085dceb27a9-m0,bandit,-1.625,-2.199507596346597
model_agnostic_replication_behavior-059c4085dceb27a9-m1,bandit,-2.875,-0.7013871158016828
model_agnostic_replication_behavior-05dff844d310d05c-m0,waiting,-1.375,-0.7871596759198447
model_agnostic_replication_behavior-05dff844d310d05c-m1,waiting,0.37499999999999994,0.09664874597799256
model_agnostic_replication_behavior-0602f7acc92204c6-m0,bandit,-3.625,-2.9647933125350296
model_agnostic_replication_behavior-0602f7acc92204c6-m1,bandit,-1.625,-1.4666728319901154
model_agnostic_replication_behavior-062b738b3ab476aa-m0,foraging,-3.0,-1.8343169458039537
model_agnostic_replication_behavior-062b738b3ab476aa-m1,foraging,-1.7499999999999998,-2.181734218787567
model_agnostic_replication_behavior-06690661f553d63f-m0,information_sampling,-0.5,-0.45223148327904106
model_agnostic_replication_behavior-06690661f553d63f-m1,information_sampling,-0.7500000000000001,-0.5425966151002122
model_agnostic_replication_behavior-068ed2c8a2b40816-m0,waiting,1.125,0.7650599921516199
model_agnostic_replication_behavior-068ed2c8a2b40816-m1,waiting,1.25,1.648868414049457
model_agnostic_replication_behavior-06b9d7481d7635de-m0,solvability,1.8749999999999998,1.4808369585231667
model_agnostic_replication_behavior-06b9d7481d7635de-m1,solvability,2.625,1.8284883556276155
model_agnostic_replication_behavior-06d955a0c84e3719-m0,foraging,-0.5,-0.4837221741215669
model_agnostic_replication_behavior-06d955a0c84e3719-m1,foraging,-2.625,-0.8311394471051798
model_agnostic_replication_behavior-06e272f7b6f04c46-m0,waiting,-0.25,-0.7676047106963738
model_agnostic_replication_behavior-06e272f7b6f04c46-m1,waiting,-0.37499999999999994,0.11620371120146344
model_agnostic_replication_behavior-06ea07c8e930fc7e-m0,bandit,-4.0,-3.423321610170639
model_agnostic_replication_behavior-06ea07c8e930fc7e-m1,bandit,-1.0000000000000002,-1.925201129625725
model_agnostic_replication_behavior-06ecdb5710860469-m0,waiting,-1.125,-1.4807451124378517
model_agnostic_replication_behavior-06ecdb5710860469-m1,waiting,-1.875,-0.5969366905400146
model_agnostic_replication_behavior-06f696107af30257-m0,bandit,-4.25,-3.477354965931791
model_agnostic_replication_behavior-06f696107af30257-m1,bandit,-1.625,-1.979234485386877
model_agnostic_replication_behavior-072cde5a1a17fbb9-m0,waiting,-1.875,-1.3673299601463302
model_agnostic_replication_behavior-072cde5a1a17fbb9-m1,waiting,-0.25,-0.48352153824849287
model_agnostic_replication_behavior-074a1a46115cf27c-m0,information_sampling,-0.8750000000000002,-0.5878072550312146
model_agnostic_replication_behavior-074a1a46115cf27c-m1,information_sampling,-0.5,-0.6781723868523856
model_agnostic_replication_behavior-07626394b7de8fb6-m0,debugging,-2.375,-1.624800088343802
model_agnostic_replication_behavior-07626394b7de8fb6-m1,debugging,-2.5,-1.3926914356021052
model_agnostic_replication_behavior-0763957148b0f985-m0,waiting,0.5,-0.1632599779617776
model_agnostic_replication_behavior-0763957148b0f985-m1,waiting,0.7500000000000002,0.7205484439360598
model_agnostic_replication_behavior-079471429f6d1052-m0,bandit,1.25,-0.12217120760448719
model_agnostic_replication_behavior-079471429f6d1052-m1,bandit,3.625,1.3759492729404268
model_agnostic_replication_behavior-07a252f3b1c5ad23-m0,waiting,0.0,-0.7521851044435112
model_agnostic_replication_behavior-07a252f3b1c5ad23-m1,waiting,-0.6249999999999999,0.13162331745432598
model_agnostic_replication_behavior-07ccd61babdf8856-m0,solvability,0.125,-0.5330943740909858
model_agnostic_replication_behavior-07ccd61babdf8856-m1,solvability,-0.25,-0.18544297698653656
model_agnostic_replication_behavior-07d5ffc8a5992390-m0,waiting,1.0,0.059732084263450114
model_agnostic_replication_behavior-07d5ffc8a5992390-m1,waiting,1.5000000000000002,0.9435405061612875
model_agnostic_replication_behavior-08405b542766690e-m0,waiting,-0.37499999999999994,-0.4270362800912996
model_agnostic_replication_behavior-08405b542766690e-m1,waiting,0.37499999999999994,0.45677214180653747
model_agnostic_replication_behavior-087e7c205111c305-m0,solvability,1.0,0.4408615280926011
model_agnostic_replication_behavior-087e7c205111c305-m1,solvability,0.125,0.78851292519705
model_agnostic_replication_behavior-088c0e7096097b55-m0,foraging,0.125,-0.5354911720635154
model_agnostic_replication_behavior-088c0e7096097b55-m1,foraging,-0.8750000000000002,-0.8829084450471284
model_agnostic_replication_behavior-08b1036ea587d97f-m0,bandit,-2.25,-2.596926822211291
model_agnostic_replication_behavior-08b1036ea587d97f-m1,bandit,-1.375,-1.0988063416663767
model_agnostic_replication_behavior-08cacdc084421d32-m0,information_sampling,-0.25,-0.3801113511561415
model_agnostic_replication_behavior-08cacdc084421d32-m1,information_sampling,-0.7500000000000001,-0.47047648297731226
model_agnostic_replication_behavior-08ee6ec98acc7452-m0,bandit,-3.25,-4.088215189361806
model_agnostic_replication_behavior-08ee6ec98acc7452-m1,bandit,-1.875,-2.5900947088168924
model_agnostic_replication_behavior-08f1ca140501fdad-m0,debugging,-1.25,-1.165322702151431
model_agnostic_replication_behavior-08f1ca140501fdad-m1,debugging,-1.625,-0.9332140494097338
model_agnostic_replication_behavior-094d12e781ed2e0f-m0,foraging,-0.25,-0.5720916295855696
model_agnostic_replication_behavior-094d12e781ed2e0f-m1,foraging,-0.25,-0.9195089025691825
model_agnostic_replication_behavior-094d1f2707fea04f-m0,information_sampling,-0.8750000000000002,-0.47892209146855313
model_agnostic_replication_behavior-094d1f2707fea04f-m1,information_sampling,-0.37499999999999994,-0.569287223289724
model_agnostic_replication_behavior-0951602759c738d1-m0,solvability,0.625,0.3021583856873503
model_agnostic_replication_behavior-0951602759c738d1-m1,solvability,0.37499999999999994,0.6498097827917992
model_agnostic_replication_behavior-0987b9345baa3c3c-m0,solvability,-1.5,-1.5043719710346877
model_agnostic_replication_behavior-0987b9345baa3c3c-m1,solvability,-0.12500000000000006,-1.156720573930238
model_agnostic_replication_behavior-09960a3772844636-m0,effort,-3.375,-3.6392415524726736
model_agnostic_replication_behavior-09960a3772844636-m1,effort,-3.25,-2.967209990078968
model_agnostic_replication_behavior-099a576227c847ab-m0,waiting,-1.625,-2.241888888077728
model_agnostic_replication_behavior-099a576227c847ab-m1,waiting,-1.875,-1.3580804661798909
model_agnostic_replication_behavior-09cf03d0d232fa14-m0,debugging,-1.7499999999999998,-2.190886799276347
model_agnostic_replication_behavior-09cf03d0d232fa14-m1,debugging,-2.125,-1.9587781465346499
model_agnostic_replication_behavior-0a0c409a718ec477-m0,waiting,1.0,0.6617009004328143
model_agnostic_replication_behavior-0a0c409a718ec477-m1,waiting,1.8749999999999998,1.5455093223306515
model_agnostic_replication_behavior-0a80b7298971085d-m0,information_sampling,-0.8750000000000002,-0.7917414820609281
model_agnostic_replication_behavior-0a80b7298971085d-m1,information_sampling,-0.8750000000000002,-0.8821066138820988
model_agnostic_replication_behavior-0a9fd2d815015066-m0,foraging,-1.625,-1.3633921129288995
model_agnostic_replication_behavior-0a9fd2d815015066-m1,foraging,-1.125,-1.7108093859125124
model_agnostic_replication_behavior-0ac3432b25a9459b-m0,waiting,-3.5,-2.9649642800699336
model_agnostic_replication_behavior-0ac3432b25a9459b-m1,waiting,-2.0,-2.081155858172096
model_agnostic_replication_behavior-0ae2856ad79f960c-m0,foraging,-1.7499999999999998,-1.7718862550006587
model_agnostic_replication_behavior-0ae2856ad79f960c-m1,foraging,-3.0,-2.1193035279842714
model_agnostic_replication_behavior-0b0f1bdffc1ebf50-m0,solvability,1.0,0.9525497397075138
model_agnostic_replication_behavior-0b0f1bdffc1ebf50-m1,solvability,0.37499999999999994,1.3002011368119626
model_agnostic_replication_behavior-0b3156e884d7f638-m0,waiting,-2.25,-2.431306093613631
model_agnostic_replication_behavior-0b3156e884d7f638-m1,waiting,-0.5,-1.5474976717157933
model_agnostic_replication_behavior-0b478ebbbe661010-m0,solvability,0.125,-0.6579064210726585
model_agnostic_replication_behavior-0b478ebbbe661010-m1,solvability,-0.12500000000000006,-0.3102550239682095
model_agnostic_replication_behavior-0b4ce0680f5ae1c8-m0,bandit,-4.875,-4.230167138523125
model_agnostic_replication_behavior-0b4ce0680f5ae1c8-m1,bandit,-1.7499999999999998,-2.732046657978211
model_agnostic_replication_behavior-0bae14c84e354aea-m0,waiting,-0.8750000000000002,-1.4767703272350838
model_agnostic_replication_behavior-0bae14c84e354aea-m1,waiting,-0.7500000000000001,-0.5929619053372466
model_agnostic_replication_behavior-0c57fd67cf191001-m0,solvability,0.8750000000000001,0.9494823236832497
model_agnostic_replication_behavior-0c57fd67cf191001-m1,solvability,0.0,1.297133720787699
model_agnostic_replication_behavior-0c74ad677faf5ae3-m0,solvability,1.75,1.5588029657233893
model_agnostic_replication_behavior-0c74ad677faf5ae3-m1,solvability,3.125,1.906454362827838
model_agnostic_replication_behavior-0cf2076cba3fb7e2-m0,information_sampling,-0.5,-0.5732275332353508
model_agnostic_replication_behavior-0cf2076cba3fb7e2-m1,information_sampling,-0.5,-0.6635926650565218
model_agnostic_replication_behavior-0d034bfd64b78c09-m0,waiting,0.8750000000000001,0.5209816394242872
model_agnostic_replication_behavior-0d034bfd64b78c09-m1,waiting,1.0,1.4047900613221247
model_agnostic_replication_behavior-0d38472e7e58da22-m0,foraging,-0.8750000000000002,-1.1733417925669885
model_agnostic_replication_behavior-0d38472e7e58da22-m1,foraging,-0.7500000000000001,-1.520759065550601
model_agnostic_replication_behavior-0d71f4fbafe773ce-m0,bandit,-4.125,-3.715704591131427
model_agnostic_replication_behavior-0d71f4fbafe773ce-m1,bandit,-2.875,-2.217584110586513
model_agnostic_replication_behavior-0dc1173498b5f248-m0,solvability,0.8750000000000001,0.6770262072512614
model_agnostic_replication_behavior-0dc1173498b5f248-m1,solvability,0.5,1.0246776043557102
model_agnostic_replication_behavior-0dc13aed263aad6e-m0,debugging,-1.875,-2.231637495165665
model_agnostic_replication_behavior-0dc13aed263aad6e-m1,debugging,-1.5,-1.999528842423968
model_agnostic_replication_behavior-0de1efe3650167be-m0,bandit,-2.125,-1.3156505140828871
model_agnostic_replication_behavior-0de1efe3650167be-m1,bandit,0.24999999999999992,0.18246996646202698
model_agnostic_replication_behavior-0e0a27ca3a061ff4-m0,waiting,0.0,0.050004404530712865
model_agnostic_replication_behavior-0e0a27ca3a061ff4-m1,waiting,0.37499999999999994,0.9338128264285503
model_agnostic_replication_behavior-0e0c312ca2dd6a24-m0,solvability,0.5,0.13771567208148183
model_agnostic_replication_behavior-0e0c312ca2dd6a24-m1,solvability,0.5,0.485367069185931
model_agnostic_replication_behavior-0e1b6ebe07b5ec4e-m0,bandit,0.625,-1.0089316168722013
model_agnostic_replication_behavior-0e1b6ebe07b5ec4e-m1,bandit,1.5000000000000002,0.48918886367271275
model_agnostic_replication_behavior-0e3c5924a905d9ec-m0,effort,-4.5,-2.8542960832552553
model_agnostic_replication_behavior-0e3c5924a905d9ec-m1,effort,-1.0000000000000002,-2.1822645208615503
model_agnostic_replication_behavior-0e69fc60a12b9c31-m0,effort,-3.125,-2.809216812107082
model_agnostic_replication_behavior-0e69fc60a12b9c31-m1,effort,-1.0000000000000002,-2.1371852497133768
model_agnostic_replication_behavior-0eb8124104774511-m0,bandit,-2.75,-3.0192294302737905
model_agnostic_replication_behavior-0eb8124104774511-m1,bandit,-2.0,-1.5211089497288768
model_agnostic_replication_behavior-0ef260a7b9dee6db-m0,bandit,-1.875,-1.924843463863603
model_agnostic_replication_behavior-0ef260a7b9dee6db-m1,bandit,-0.5,-0.4267229833186887
model_agnostic_replication_behavior-0f4056662f77dde7-m0,solvability,2.875,2.553234690452657
model_agnostic_replication_behavior-0f4056662f77dde7-m1,solvability,2.875,2.900886087557106
model_agnostic_replication_behavior-0fd4913ccc94d32d-m0,effort,-0.8750000000000002,-1.421749124128637
model_agnostic_replication_behavior-0fd4913ccc94d32d-m1,effort,-0.37499999999999994,-0.7497175617349319
model_agnostic_replication_behavior-0ff52b10f0aacabc-m0,information_sampling,-0.8750000000000002,-0.6616609262035025
model_agnostic_replication_behavior-0ff52b10f0aacabc-m1,information_sampling,-0.5,-0.7520260580246736
model_agnostic_replication_behavior-100bf82681bf3cb4-m0,debugging,-2.5,-2.3993325003188235
model_agnostic_replication_behavior-100bf82681bf3cb4-m1,debugging,-1.0000000000000002,-2.167223847577126
model_agnostic_replication_behavior-1075d6808005ad16-m0,effort,-1.7499999999999998,-2.3438084755012243
model_agnostic_replication_behavior-1075d6808005ad16-m1,effort,-1.625,-1.6717769131075193
model_agnostic_replication_behavior-10894231d9c32028-m0,bandit,-2.25,-2.189991691094321
model_agnostic_replication_behavior-10894231d9c32028-m1,bandit,0.0,-0.6918712105494071
model_agnostic_replication_behavior-10a4039044d9a058-m0,foraging,-1.25,-0.8336056590935969
model_agnostic_replication_behavior-10a4039044d9a058-m1,foraging,-1.5,-1.1810229320772097
model_agnostic_replication_behavior-10c008101b38f686-m0,effort,-1.0000000000000002,-1.6447446480488312
model_agnostic_replication_behavior-10c008101b38f686-m1,effort,-0.25,-0.9727130856551262
model_agnostic_replication_behavior-10c60f6e98c359a5-m0,waiting,-1.25,-1.310456548430122
model_agnostic_replication_behavior-10c60f6e98c359a5-m1,waiting,0.0,-0.4266481265322848
model_agnostic_replication_behavior-10caa96ee184bb61-m0,waiting,-2.125,-2.3908940081703776
model_agnostic_replication_behavior-10caa96ee184bb61-m1,waiting,-1.625,-1.5070855862725399
model_agnostic_replication_behavior-11217f8111fb34ae-m0,information_sampling,-0.12500000000000006,-0.29124494325631245
model_agnostic_replication_behavior-11217f8111fb34ae-m1,information_sampling,-1.0000000000000002,-0.38161007507748346
model_agnostic_replication_behavior-114a0a17408ce26f-m0,solvability,-0.6249999999999999,-0.7304351633663969
model_agnostic_replication_behavior-114a0a17408ce26f-m1,solvability,-0.25,-0.3827837662619481
model_agnostic_replication_behavior-11503254de9574ef-m0,information_sampling,-1.25,-1.0552734833114026
model_agnostic_replication_behavior-11503254de9574ef-m1,information_sampling,-1.0000000000000002,-1.1456386151325737
model_agnostic_replication_behavior-117699da7b075021-m0,effort,-1.375,-1.4779498639967033
model_agnostic_replication_behavior-117699da7b075021-m1,effort,0.0,-0.805918301602998
model_agnostic_replication_behavior-1196ebb5edb1419b-m0,effort,1.25,1.251165276267349
model_agnostic_replication_behavior-1196ebb5edb1419b-m1,effort,0.37499999999999994,1.9231968386610543
model_agnostic_replication_behavior-11c8fab992fd3bfb-m0,debugging,-3.75,-2.984671439671409
model_agnostic_replication_behavior-11c8fab992fd3bfb-m1,debugging,-3.625,-2.752562786929712
model_agnostic_replication_behavior-11d283044a41ce52-m0,effort,-5.125,-3.7364908116166182
model_agnostic_replication_behavior-11d283044a41ce52-m1,effort,-2.625,-3.0644592492229132
model_agnostic_replication_behavior-11fa9eef50102843-m0,solvability,-3.75,-2.4489767557686997
model_agnostic_replication_behavior-11fa9eef50102843-m1,solvability,-2.25,-2.101325358664251
model_agnostic_replication_behavior-120b39b17444e343-m0,effort,-4.125,-3.5704751246625746
model_agnostic_replication_behavior-120b39b17444e343-m1,effort,-1.7499999999999998,-2.898443562268869
model_agnostic_replication_behavior-121eec5254aa83c9-m0,foraging,-2.0,-1.3248036936590841
model_agnostic_replication_behavior-121eec5254aa83c9-m1,foraging,-1.125,-1.6722209666426968
model_agnostic_replication_behavior-122c74b0503d8133-m0,effort,-2.875,-2.6526646949534034
model_agnostic_replication_behavior-122c74b0503d8133-m1,effort,-2.0,-1.9806331325596984
model_agnostic_replication_behavior-1231ae746de2ab09-m0,waiting,-1.375,-1.1054017235708442
model_agnostic_replication_behavior-1231ae746de2ab09-m1,waiting,0.7500000000000002,-0.22159330167300673
model_agnostic_replication_behavior-1244cd698473756e-m0,solvability,-1.125,-0.4294200531430471
model_agnostic_replication_behavior-1244cd698473756e-m1,solvability,0.7500000000000002,-0.08176865603859818
model_agnostic_replication_behavior-124b2ed73a78d4ee-m0,waiting,-2.125,-1.9727288569287564
model_agnostic_replication_behavior-124b2ed73a78d4ee-m1,waiting,-0.6249999999999999,-1.088920435030919
model_agnostic_replication_behavior-12623c3df9a5d3d9-m0,effort,-3.125,-3.031025773351626
model_agnostic_replication_behavior-12623c3df9a5d3d9-m1,effort,-1.7499999999999998,-2.3589942109579214
model_agnostic_replication_behavior-12840b535a74c58d-m0,effort,0.24999999999999992,0.7286313034230263
model_agnostic_replication_behavior-12840b535a74c58d-m1,effort,1.125,1.4006628658167313
model_agnostic_replication_behavior-12d20b6fec07b4d0-m0,solvability,2.125,2.4134413210801373
model_agnostic_replication_behavior-12d20b6fec07b4d0-m1,solvability,2.625,2.761092718184586
model_agnostic_replication_behavior-1315088b2464bc0a-m0,solvability,1.8749999999999998,1.945839166463374
model_agnostic_replication_behavior-1315088b2464bc0a-m1,solvability,1.75,2.293490563567823
model_agnostic_replication_behavior-1356b1784a0d43c3-m0,bandit,-3.875,-2.7640001678988018
model_agnostic_replication_behavior-1356b1784a0d43c3-m1,bandit,-1.375,-1.265879687353888
model_agnostic_replication_behavior-13963679df0c4254-m0,effort,-0.8750000000000002,-0.35763170107067194
model_agnostic_replication_behavior-13963679df0c4254-m1,effort,-0.7500000000000001,0.31439986132303316
model_agnostic_replication_behavior-13bd58c211a6ad8f-m0,debugging,0.0,-1.0383449005523757
model_agnostic_replication_behavior-13bd58c211a6ad8f-m1,debugging,-0.7500000000000001,-0.8062362478106788
model_agnostic_replication_behavior-13bff8f274963dc8-m0,waiting,-0.7500000000000001,-0.038957576831578467
model_agnostic_replication_behavior-13bff8f274963dc8-m1,waiting,1.0,0.8448508450662586
model_agnostic_replication_behavior-13c8c3d6275057e5-m0,bandit,-4.375,-3.3254250892894577
model_agnostic_replication_behavior-13c8c3d6275057e5-m1,bandit,-2.0,-1.8273046087445437
model_agnostic_replication_behavior-13dcd6634925821e-m0,foraging,-1.5,-1.5988015175648207
model_agnostic_replication_behavior-13dcd6634925821e-m1,foraging,-2.5,-1.9462187905484338
model_agnostic_replication_behavior-13f8c14a1ddd6e3b-m0,information_sampling,-0.12500000000000006,-0.07911963872120187
model_agnostic_replication_behavior-13f8c14a1ddd6e3b-m1,information_sampling,-0.12500000000000006,-0.169484770542373
model_agnostic_replication_behavior-1464dad6b232a396-m0,bandit,-1.7499999999999998,-1.674112342126897
model_agnostic_replication_behavior-1464dad6b232a396-m1,bandit,-0.8750000000000002,-0.17599186158198293
model_agnostic_replication_behavior-147b87d2cb9fcae9-m0,foraging,1.25,1.3109694149006659
model_agnostic_replication_behavior-147b87d2cb9fcae9-m1,foraging,0.125,0.9635521419170529
model_agnostic_replication_behavior-149c53f564134a1a-m0,information_sampling,0.0,-0.044495164923312513
model_agnostic_replication_behavior-149c53f564134a1a-m1,information_sampling,-0.5,-0.1348602967444834
model_agnostic_replication_behavior-14c5507f170f7bb6-m0,foraging,0.24999999999999992,-0.11668756528696234
model_agnostic_replication_behavior-14c5507f170f7bb6-m1,foraging,-0.6249999999999999,-0.46410483827057536
model_agnostic_replication_behavior-14e4552aa7aab6ac-m0,effort,1.5000000000000002,1.5240668901367675
model_agnostic_replication_behavior-14e4552aa7aab6ac-m1,effort,1.625,2.196098452530473
model_agnostic_replication_behavior-14ea1ac3724140ab-m0,foraging,0.0,-0.9001421094416961
model_agnostic_replication_behavior-14ea1ac3724140ab-m1,foraging,-0.6249999999999999,-1.247559382425309
model_agnostic_replication_behavior-14eb198e931af131-m0,foraging,-1.7499999999999998,-1.8156951387247209
model_agnostic_replication_behavior-14eb198e931af131-m1,foraging,-1.375,-2.1631124117083336
model_agnostic_replication_behavior-14eb72851d740086-m0,information_sampling,-1.0000000000000002,-0.9408912606335483
model_agnostic_replication_behavior-14eb72851d740086-m1,information_sampling,-0.7500000000000001,-1.0312563924547193
model_agnostic_replication_behavior-150c2afcd11dd9db-m0,foraging,-1.125,-0.6717247140383313
model_agnostic_replication_behavior-150c2afcd11dd9db-m1,foraging,-1.875,-1.0191419870219445
model_agnostic_replication_behavior-151ff4f6e453aa29-m0,debugging,-1.625,-1.6436389496461807
model_agnostic_replication_behavior-151ff4f6e453aa29-m1,debugging,-2.125,-1.4115302969044836
model_agnostic_replication_behavior-153f6843c649512f-m0,foraging,-2.0,-1.515354376116877
model_agnostic_replication_behavior-153f6843c649512f-m1,foraging,-2.0,-1.8627716491004898
model_agnostic_replication_behavior-15586adf66bb1a30-m0,foraging,-1.0000000000000002,-0.936922339268634
model_agnostic_replication_behavior-15586adf66bb1a30-m1,foraging,-1.25,-1.2843396122522468
model_agnostic_replication_behavior-159675032395db54-m0,waiting,-1.625,-1.7035990546408966
model_agnostic_replication_behavior-159675032395db54-m1,waiting,-0.37499999999999994,-0.8197906327430592
model_agnostic_replication_behavior-15a7e78dc1275515-m0,solvability,1.75,1.6511554155917256
model_agnostic_replication_behavior-15a7e78dc1275515-m1,solvability,3.25,1.9988068126961742
model_agnostic_replication_behavior-15b3fcd5f915f158-m0,debugging,-6.25,-3.8845728637036387
model_agnostic_replication_behavior-15b3fcd5f915f158-m1,debugging,-3.75,-3.6524642109619414
model_agnostic_replication_behavior-15bc9bb5b3d2d805-m0,foraging,-2.375,-2.777335271770404
model_agnostic_replication_behavior-15bc9bb5b3d2d805-m1,foraging,-3.125,-3.1247525447540165
model_agnostic_replication_behavior-15db9ba7c8b28363-m0,waiting,-0.6249999999999999,-0.34279867587718305
model_agnostic_replication_behavior-15db9ba7c8b28363-m1,waiting,0.125,0.5410097460206545
model_agnostic_replication_behavior-15ee8f4cf39cf018-m0,effort,-5.0,-3.2216270569962924
model_agnostic_replication_behavior-15ee8f4cf39cf018-m1,effort,-2.625,-2.549595494602587
model_agnostic_replication_behavior-15f6aedd3bd4eace-m0,effort,-1.625,-2.1971441422435944
model_agnostic_replication_behavior-15f6aedd3bd4eace-m1,effort,-1.375,-1.5251125798498888
model_agnostic_replication_behavior-15fbb074b2f4abda-m0,waiting,-1.625,-1.6995671687984801
model_agnostic_replication_behavior-15fbb074b2f4abda-m1,waiting,-1.0000000000000002,-0.8157587469006425
model_agnostic_replication_behavior-160021f7c560d795-m0,debugging,-0.8750000000000002,-0.7714754618841342
model_agnostic_replication_behavior-160021f7c560d795-m1,debugging,-0.8750000000000002,-0.5393668091424371
model_agnostic_replication_behavior-16106a4eef772409-m0,waiting,0.0,-0.597759468571112
model_agnostic_replication_behavior-16106a4eef772409-m1,waiting,-0.37499999999999994,0.2860489533267254
model_agnostic_replication_behavior-1641727d9252d994-m0,foraging,-2.125,-1.8012407210491292
model_agnostic_replication_behavior-1641727d9252d994-m1,foraging,-2.625,-2.148657994032742
model_agnostic_replication_behavior-1649848ed48a5223-m0,foraging,1.25,1.1082051329096405
model_agnostic_replication_behavior-1649848ed48a5223-m1,foraging,1.0,0.7607878599260279
model_agnostic_replication_behavior-1655839b73270fa0-m0,solvability,-0.8750000000000002,-0.7872246730889284
model_agnostic_replication_behavior-1655839b73270fa0-m1,solvability,-0.12500000000000006,-0.4395732759844796
model_agnostic_replication_behavior-16fba24bc1a53cd3-m0,effort,-1.5,-2.546098481102627
model_agnostic_replication_behavior-16fba24bc1a53cd3-m1,effort,-0.7500000000000001,-1.8740669187089216
model_agnostic_replication_behavior-16fc2f44eb9d0e07-m0,debugging,-2.0,-1.3609075038128986
model_agnostic_replication_behavior-16fc2f44eb9d0e07-m1,debugging,-1.0000000000000002,-1.1287988510712013
model_agnostic_replication_behavior-17444bc2ccc2d6ac-m0,information_sampling,-0.6249999999999999,-0.8337186024423904
model_agnostic_replication_behavior-17444bc2ccc2d6ac-m1,information_sampling,-0.8750000000000002,-0.924083734263561
model_agnostic_replication_behavior-174541495df7879c-m0,foraging,-1.625,-1.528625311481691
model_agnostic_replication_behavior-174541495df7879c-m1,foraging,-2.5,-1.8760425844653037
model_agnostic_replication_behavior-176c4eb47fb9df78-m0,bandit,-3.125,-2.8403359844111415
model_agnostic_replication_behavior-176c4eb47fb9df78-m1,bandit,-2.0,-1.3422155038662276
model_agnostic_replication_behavior-17848d5aed4042cc-m0,foraging,0.0,-0.8245078151094115
model_agnostic_replication_behavior-17848d5aed4042cc-m1,foraging,-2.5,-1.1719250880930243
model_agnostic_replication_behavior-178dfa4c882e1bd7-m0,information_sampling,-1.0000000000000002,-0.915038749202726
model_agnostic_replication_behavior-178dfa4c882e1bd7-m1,information_sampling,-0.7500000000000001,-1.0054038810238972
model_agnostic_replication_behavior-1827dac5786a8321-m0,information_sampling,-0.8750000000000002,-0.9135207099165672
model_agnostic_replication_behavior-1827dac5786a8321-m1,information_sampling,-1.0000000000000002,-1.0038858417377383
model_agnostic_replication_behavior-18762ee26a1e6157-m0,information_sampling,-2.0,-1.0771808519397328
model_agnostic_replication_behavior-18762ee26a1e6157-m1,information_sampling,-1.5,-1.1675459837609037
model_agnostic_replication_behavior-189946aa60798f9e-m0,effort,-0.6249999999999999,-0.7294859707590564
model_agnostic_replication_behavior-189946aa60798f9e-m1,effort,0.0,-0.05745440836535129
model_agnostic_replication_behavior-18a23114fa6ad47a-m0,bandit,-3.625,-3.9605079787787667
model_agnostic_replication_behavior-18a23114fa6ad47a-m1,bandit,-2.0,-2.462387498233853
model_agnostic_replication_behavior-18c026b1ee13b55a-m0,waiting,-1.25,-1.500767972716791
model_agnostic_replication_behavior-18c026b1ee13b55a-m1,waiting,-0.12500000000000006,-0.6169595508189538
model_agnostic_replication_behavior-18d005c34de11231-m0,debugging,-4.25,-3.244467975414504
model_agnostic_replication_behavior-18d005c34de11231-m1,debugging,-2.25,-3.0123593226728067
model_agnostic_replication_behavior-18e0a1d50757454d-m0,effort,-3.0,-3.170404245670974
model_agnostic_replication_behavior-18e0a1d50757454d-m1,effort,-2.375,-2.4983726832772692
model_agnostic_replication_behavior-19027c25d45f801b-m0,foraging,-2.0,-2.4088830780644486
model_agnostic_replication_behavior-19027c25d45f801b-m1,foraging,-3.25,-2.756300351048061
model_agnostic_replication_behavior-1905010b5aea7c55-m0,waiting,-3.0,-2.0314678286092738
model_agnostic_replication_behavior-1905010b5aea7c55-m1,waiting,-0.7500000000000001,-1.147659406711436
model_agnostic_replication_behavior-196a5bf0f0a9fc18-m0,debugging,-0.12500000000000006,0.2392116659539485
model_agnostic_replication_behavior-196a5bf0f0a9fc18-m1,debugging,0.125,0.47132031869564583
model_agnostic_replication_behavior-197698cf6e2f0b52-m0,solvability,-2.125,-1.8784463306480892
model_agnostic_replication_behavior-197698cf6e2f0b52-m1,solvability,-0.6249999999999999,-1.5307949335436404
model_agnostic_replication_behavior-199ffc3578095b0f-m0,debugging,-0.6249999999999999,-0.7459233102689466
model_agnostic_replication_behavior-199ffc3578095b0f-m1,debugging,-0.8750000000000002,-0.51381465752725
model_agnostic_replication_behavior-19b0fde0ec24f796-m0,solvability,-0.6249999999999999,0.043170255165405846
model_agnostic_replication_behavior-19b0fde0ec24f796-m1,solvability,-0.25,0.3908216522698547
model_agnostic_replication_behavior-19f6bfefcdd57284-m0,foraging,-1.5,-0.8429596401903463
model_agnostic_replication_behavior-19f6bfefcdd57284-m1,foraging,-1.7499999999999998,-1.1903769131739592
model_agnostic_replication_behavior-1a07a1404fb72f5a-m0,bandit,-4.875,-3.6433480161858895
model_agnostic_replication_behavior-1a07a1404fb72f5a-m1,bandit,-1.625,-2.1452275356409753
model_agnostic_replication_behavior-1a4c3ca2f74827b3-m0,debugging,-0.6249999999999999,-1.0488640911805616
model_agnostic_replication_behavior-1a4c3ca2f74827b3-m1,debugging,-0.7500000000000001,-0.8167554384388642
model_agnostic_replication_behavior-1a5e1084ff750610-m0,information_sampling,-0.37499999999999994,-0.47378738446495494
model_agnostic_replication_behavior-1a5e1084ff750610-m1,information_sampling,-0.5,-0.564152516286126
model_agnostic_replication_behavior-1aae20b30857e147-m0,effort,2.25,1.3692108582527582
model_agnostic_replication_behavior-1aae20b30857e147-m1,effort,2.0,2.0412424206464634
model_agnostic_replication_behavior-1acd56a0fe40e4aa-m0,effort,-1.7499999999999998,-1.818642482256784
model_agnostic_replication_behavior-1acd56a0fe40e4aa-m1,effort,-1.7499999999999998,-1.146610919863079
model_agnostic_replication_behavior-1ad6a9cd608df066-m0,debugging,-0.6249999999999999,-0.8829100937580784
model_agnostic_replication_behavior-1ad6a9cd608df066-m1,debugging,-0.12500000000000006,-0.6508014410163816
model_agnostic_replication_behavior-1b081458a02515be-m0,solvability,-0.5,-0.5647001648752507
model_agnostic_replication_behavior-1b081458a02515be-m1,solvability,0.0,-0.21704876777080162
model_agnostic_replication_behavior-1b32582cd087cd77-m0,debugging,-2.375,-2.340983907194175
model_agnostic_replication_behavior-1b32582cd087cd77-m1,debugging,-2.375,-2.1088752544524776
model_agnostic_replication_behavior-1bac638296bff45c-m0,solvability,0.125,-0.14037438541580483
model_agnostic_replication_behavior-1bac638296bff45c-m1,solvability,0.0,0.207277011688644
model_agnostic_replication_behavior-1bb5b6523bf3343c-m0,foraging,-3.0,-2.950319355226549
model_agnostic_replication_behavior-1bb5b6523bf3343c-m1,foraging,-2.625,-3.2977366282101617
model_agnostic_replication_behavior-1bcaa2b09bb0aa9d-m0,effort,-3.0,-2.3386545977089543
model_agnostic_replication_behavior-1bcaa2b09bb0aa9d-m1,effort,-2.375,-1.6666230353152494
model_agnostic_replication_behavior-1c3ed8c18c457e34-m0,foraging,0.5,0.3145235234462419
model_agnostic_replication_behavior-1c3ed8c18c457e34-m1,foraging,0.0,-0.03289374953737112
model_agnostic_replication_behavior-1c8bde91b848cb71-m0,solvability,2.5,2.45707598743843
model_agnostic_replication_behavior-1c8bde91b848cb71-m1,solvability,3.5,2.8047273845428786
model_agnostic_replication_behavior-1ca78c5e302ae9cb-m0,waiting,-1.25,-1.640567113610088
model_agnostic_replication_behavior-1ca78c5e302ae9cb-m1,waiting,-1.125,-0.7567586917122505
model_agnostic_replication_behavior-1cbf2cf61f5d2963-m0,effort,-0.37499999999999994,-0.7413944654441929
model_agnostic_replication_behavior-1cbf2cf61f5d2963-m1,effort,-0.37499999999999994,-0.06936290305048765
model_agnostic_replication_behavior-1ceb9068824dab50-m0,information_sampling,-0.25,-0.029800147689957646
model_agnostic_replication_behavior-1ceb9068824dab50-m1,information_sampling,-0.37499999999999994,-0.12016527951112832
model_agnostic_replication_behavior-1d0074b0718a8fdd-m0,information_sampling,-0.12500000000000006,-0.22024192724233194
model_agnostic_replication_behavior-1d0074b0718a8fdd-m1,information_sampling,-0.37499999999999994,-0.31060705906350305
model_agnostic_replication_behavior-1d2d844cd486855b-m0,debugging,-1.125,-1.2204552525935848
model_agnostic_replication_behavior-1d2d844cd486855b-m1,debugging,-1.125,-0.9883465998518877
model_agnostic_replication_behavior-1d51630b8e0283f8-m0,debugging,0.0,-0.5913669743057051
model_agnostic_replication_behavior-1d51630b8e0283f8-m1,debugging,-1.375,-0.35925832156400805
model_agnostic_replication_behavior-1d58a58aeeb48a1f-m0,waiting,-2.125,-2.216699918479201
model_agnostic_replication_behavior-1d58a58aeeb48a1f-m1,waiting,-0.37499999999999994,-1.3328914965813634
model_agnostic_replication_behavior-1d5931a2a6e09703-m0,foraging,-0.25,-0.9019418224995
model_agnostic_replication_behavior-1d5931a2a6e09703-m1,foraging,-2.75,-1.2493590954831126
model_agnostic_replication_behavior-1d5a91ed00eabedb-m0,effort,0.0,-0.7083180987336697
model_agnostic_replication_behavior-1d5a91ed00eabedb-m1,effort,0.125,-0.03628653633996437
model_agnostic_replication_behavior-1d5aae418e416561-m0,information_sampling,-0.6249999999999999,-0.3820033416289398
model_agnostic_replication_behavior-1d5aae418e416561-m1,information_sampling,-0.25,-0.47236847345011085
model_agnostic_replication_behavior-1d9b6ca07da828b2-m0,information_sampling,0.0,-0.30585910796328486
model_agnostic_replication_behavior-1d9b6ca07da828b2-m1,information_sampling,-0.6249999999999999,-0.39622423978445587
model_agnostic_replication_behavior-1dbdf3e261c7125b-m0,debugging,-1.7499999999999998,-1.7879831694845745
model_agnostic_replication_behavior-1dbdf3e261c7125b-m1,debugging,-1.625,-1.5558745167428776
model_agnostic_replication_behavior-1dc1173eb070a673-m0,foraging,0.8750000000000001,1.1710094294272162
model_agnostic_replication_behavior-1dc1173eb070a673-m1,foraging,-0.12500000000000006,0.8235921564436034
model_agnostic_replication_behavior-1dca92149cba94e6-m0,bandit,-4.875,-4.075360511385382
model_agnostic_replication_behavior-1dca92149cba94e6-m1,bandit,-1.875,-2.577240030840468
model_agnostic_replication_behavior-1de14e9b46638981-m0,information_sampling,-0.37499999999999994,-0.5244989395372812
model_agnostic_replication_behavior-1de14e9b46638981-m1,information_sampling,-0.37499999999999994,-0.614864071358452
model_agnostic_replication_behavior-1dfdeb8278104d58-m0,bandit,-4.375,-3.708108963061526
model_agnostic_replication_behavior-1dfdeb8278104d58-m1,bandit,-1.125,-2.209988482516612
model_agnostic_replication_behavior-1e5afb43f8159fa4-m0,waiting,-0.7500000000000001,-0.42787503821332473
model_agnostic_replication_behavior-1e5afb43f8159fa4-m1,waiting,0.0,0.45593338368451264
model_agnostic_replication_behavior-1e66097bdfeebc01-m0,effort,-3.25,-2.8477280701999788
model_agnostic_replication_behavior-1e66097bdfeebc01-m1,effort,-1.5,-2.1756965078062738
model_agnostic_replication_behavior-1e8104c36db013ae-m0,effort,0.625,0.9172848695673356
model_agnostic_replication_behavior-1e8104c36db013ae-m1,effort,0.37499999999999994,1.5893164319610409
model_agnostic_replication_behavior-1e8a720a327753b1-m0,foraging,-2.25,-2.0416215240561066
model_agnostic_replication_behavior-1e8a720a327753b1-m1,foraging,-2.875,-2.3890387970397193
model_agnostic_replication_behavior-1ef59a0601725c30-m0,information_sampling,-1.0000000000000002,-0.6990434373511984
model_agnostic_replication_behavior-1ef59a0601725c30-m1,information_sampling,-0.8750000000000002,-0.7894085691723692
model_agnostic_replication_behavior-1ef66aab7b6a5a42-m0,solvability,2.375,1.7625431477758973
model_agnostic_replication_behavior-1ef66aab7b6a5a42-m1,solvability,1.625,2.110194544880346
model_agnostic_replication_behavior-1f884fbb8ec917bd-m0,waiting,-1.375,-1.0614146750261828
model_agnostic_replication_behavior-1f884fbb8ec917bd-m1,waiting,-0.12500000000000006,-0.17760625312834566
model_agnostic_replication_behavior-1f95b82ce366cfac-m0,information_sampling,-0.25,-0.6473249663315579
model_agnostic_replication_behavior-1f95b82ce366cfac-m1,information_sampling,-0.6249999999999999,-0.737690098152729
model_agnostic_replication_behavior-1f9d8f3f012cfd7e-m0,foraging,-2.75,-2.287089536928461
model_agnostic_replication_behavior-1f9d8f3f012cfd7e-m1,foraging,-2.875,-2.634506809912074
model_agnostic_replication_behavior-1fa97a3e8e317010-m0,solvability,1.75,1.6959465465847638
model_agnostic_replication_behavior-1fa97a3e8e317010-m1,solvability,1.625,2.0435979436892127
model_agnostic_replication_behavior-1fd4a78bb0b3034b-m0,bandit,-5.0,-4.3130358256029435
model_agnostic_replication_behavior-1fd4a78bb0b3034b-m1,bandit,-2.875,-2.81491534505803
model_agnostic_replication_behavior-1fd6c06875417407-m0,information_sampling,-1.625,-1.279606575627302
model_agnostic_replication_behavior-1fd6c06875417407-m1,information_sampling,-0.8750000000000002,-1.369971707448473
model_agnostic_replication_behavior-20366cb1453628c0-m0,solvability,0.7500000000000002,-0.24416704784945975
model_agnostic_replication_behavior-20366cb1453628c0-m1,solvability,0.24999999999999992,0.10348434925498906
model_agnostic_replication_behavior-20392ca1446374e9-m0,effort,-0.12500000000000006,-0.5481415766595132
model_agnostic_replication_behavior-20392ca1446374e9-m1,effort,0.37499999999999994,0.1238899857341917
model_agnostic_replication_behavior-2039949aa53eb667-m0,waiting,-0.25,-0.21507669797288942
model_agnostic_replication_behavior-2039949aa53eb667-m1,waiting,0.625,0.668731723924948
model_agnostic_replication_behavior-20e265cfc8aa2792-m0,waiting,-1.375,-1.5672004153422954
model_agnostic_replication_behavior-20e265cfc8aa2792-m1,waiting,-1.7499999999999998,-0.6833919934444579
model_agnostic_replication_behavior-20f3233e96f8f5d0-m0,bandit,-2.25,-2.750748713595157
model_agnostic_replication_behavior-20f3233e96f8f5d0-m1,bandit,-0.7500000000000001,-1.252628233050243
model_agnostic_replication_behavior-21620cbe4bc7a619-m0,solvability,1.625,1.8252546275795045
model_agnostic_replication_behavior-21620cbe4bc7a619-m1,solvability,2.0,2.1729060246839533
model_agnostic_replication_behavior-2189646ac74dd3c6-m0,bandit,-4.25,-4.389472227679589
model_agnostic_replication_behavior-2189646ac74dd3c6-m1,bandit,-2.125,-2.8913517471346744
model_agnostic_replication_behavior-219bfe28a41484e7-m0,debugging,-3.25,-2.140497569436738
model_agnostic_replication_behavior-219bfe28a41484e7-m1,debugging,-1.125,-1.9083889166950412
model_agnostic_replication_behavior-21aeb70e58204e18-m0,bandit,0.8750000000000001,0.4480624738369051
model_agnostic_replication_behavior-21aeb70e58204e18-m1,bandit,2.0,1.9461829543818192
model_agnostic_replication_behavior-21e5a7d625933c7f-m0,bandit,-3.75,-3.3279023004057438
model_agnostic_replication_behavior-21e5a7d625933c7f-m1,bandit,-1.875,-1.8297818198608296
model_agnostic_replication_behavior-220dcc3acc18d9b1-m0,effort,-1.25,-1.9444249772125972
model_agnostic_replication_behavior-220dcc3acc18d9b1-m1,effort,-2.5,-1.2723934148188922
model_agnostic_replication_behavior-2212ee15b2da8a18-m0,bandit,-0.25,-0.49653761091546894
model_agnostic_replication_behavior-2212ee15b2da8a18-m1,bandit,0.125,1.0015828696294453
model_agnostic_replication_behavior-223a6af4b3c71b1a-m0,solvability,-0.37499999999999994,-0.3865200933507251
model_agnostic_replication_behavior-223a6af4b3c71b1a-m1,solvability,-0.37499999999999994,-0.03886869624627631
model_agnostic_replication_behavior-2270e5a827cd6037-m0,foraging,-3.25,-1.7693828171534265
model_agnostic_replication_behavior-2270e5a827cd6037-m1,foraging,-1.25,-2.1168000901370396
model_agnostic_replication_behavior-22bcc9fd91019e1d-m0,waiting,-0.25,-0.2880057722791618
model_agnostic_replication_behavior-22bcc9fd91019e1d-m1,waiting,0.125,0.5958026496186755
model_agnostic_replication_behavior-22d2a7152d0c93f0-m0,solvability,0.0,-0.6792166829229157
model_agnostic_replication_behavior-22d2a7152d0c93f0-m1,solvability,-0.12500000000000006,-0.33156528581846667
model_agnostic_replication_behavior-22fd3e7103175c25-m0,debugging,-1.25,-1.8706016031780432
model_agnostic_replication_behavior-22fd3e7103175c25-m1,debugging,-1.7499999999999998,-1.6384929504363464
model_agnostic_replication_behavior-230c8ab66d78d959-m0,information_sampling,-0.5,-0.7737445635457699
model_agnostic_replication_behavior-230c8ab66d78d959-m1,information_sampling,-0.8750000000000002,-0.8641096953669409
model_agnostic_replication_behavior-230eb2565e157697-m0,debugging,-1.875,-2.391352408446261
model_agnostic_replication_behavior-230eb2565e157697-m1,debugging,-2.25,-2.1592437557045643
model_agnostic_replication_behavior-234fbb3342894de6-m0,foraging,0.5,0.2743403645003363
model_agnostic_replication_behavior-234fbb3342894de6-m1,foraging,0.0,-0.07307690848327664
model_agnostic_replication_behavior-23b4d83317cf9ace-m0,information_sampling,-0.37499999999999994,-0.4273863955067838
model_agnostic_replication_behavior-23b4d83317cf9ace-m1,information_sampling,-0.5,-0.5177515273279549
model_agnostic_replication_behavior-23bd78873456759f-m0,information_sampling,-0.25,-0.42308605664338017
model_agnostic_replication_behavior-23bd78873456759f-m1,information_sampling,-0.5,-0.513451188464551
model_agnostic_replication_behavior-23f7858bf310652e-m0,waiting,1.125,0.9864324965097491
model_agnostic_replication_behavior-23f7858bf310652e-m1,waiting,1.0,1.870240918407586
model_agnostic_replication_behavior-2425a583606f6355-m0,waiting,1.125,0.34784525140204337
model_agnostic_replication_behavior-2425a583606f6355-m1,waiting,1.25,1.2316536732998808
model_agnostic_replication_behavior-2489c1411cfa00c8-m0,information_sampling,-0.6249999999999999,-0.7125758616308274
model_agnostic_replication_behavior-2489c1411cfa00c8-m1,information_sampling,-1.125,-0.8029409934519985
model_agnostic_replication_behavior-248aa339c21cd181-m0,waiting,-1.125,-0.765260437670334
model_agnostic_replication_behavior-248aa339c21cd181-m1,waiting,0.125,0.11854798422750346
model_agnostic_replication_behavior-248ceb9b361bc830-m0,bandit,-4.5,-3.5084550291345122
model_agnostic_replication_behavior-248ceb9b361bc830-m1,bandit,-2.625,-2.0103345485895985
model_agnostic_replication_behavior-24aeb433b08609bd-m0,foraging,0.7500000000000002,0.14141760962564232
model_agnostic_replication_behavior-24aeb433b08609bd-m1,foraging,0.24999999999999992,-0.2059996633579706
model_agnostic_replication_behavior-24d93fd6baf667cb-m0,information_sampling,-2.5,-1.1191277449536208
model_agnostic_replication_behavior-24d93fd6baf667cb-m1,information_sampling,-1.375,-1.2094928767747917
model_agnostic_replication_behavior-24f51ceafbff51f2-m0,effort,-2.5,-1.6876957721028478
model_agnostic_replication_behavior-24f51ceafbff51f2-m1,effort,-1.0000000000000002,-1.0156642097091426
model_agnostic_replication_behavior-24f9f8313aa0ece3-m0,waiting,0.125,0.11310381500965982
model_agnostic_replication_behavior-24f9f8313aa0ece3-m1,waiting,1.25,0.9969122369074972
model_agnostic_replication_behavior-24fcc8fa9baac468-m0,waiting,-2.625,-1.6075470048243363
model_agnostic_replication_behavior-24fcc8fa9baac468-m1,waiting,0.37499999999999994,-0.7237385829264987
model_agnostic_replication_behavior-252b47d506849edf-m0,waiting,-1.5,-1.34096267058874
model_agnostic_replication_behavior-252b47d506849edf-m1,waiting,0.37499999999999994,-0.4571542486909026
model_agnostic_replication_behavior-253670869b6c84e6-m0,debugging,-0.12500000000000006,-0.09987979874345299
model_agnostic_replication_behavior-253670869b6c84e6-m1,debugging,-0.37499999999999994,0.13222885399824413
model_agnostic_replication_behavior-253db232a41a509b-m0,solvability,-1.125,-0.9930863850834165
model_agnostic_replication_behavior-253db232a41a509b-m1,solvability,0.5,-0.6454349879789677
model_agnostic_replication_behavior-25c4f1f9c14e23af-m0,effort,0.5,0.7643699894161952
model_agnostic_replication_behavior-25c4f1f9c14e23af-m1,effort,0.625,1.4364015518099
model_agnostic_replication_behavior-264ceae46565e8aa-m0,solvability,1.3750000000000002,0.6782322972191425
model_agnostic_replication_behavior-264ceae46565e8aa-m1,solvability,0.37499999999999994,1.0258836943235914
model_agnostic_replication_behavior-26576e9ebf7368f0-m0,effort,-2.375,-2.7626226793574067
model_agnostic_replication_behavior-26576e9ebf7368f0-m1,effort,-1.0000000000000002,-2.0905911169637017
model_agnostic_replication_behavior-2699935cd9fe2203-m0,waiting,-1.7499999999999998,-1.1339477895239252
model_agnostic_replication_behavior-2699935cd9fe2203-m1,waiting,0.125,-0.2501393676260877
model_agnostic_replication_behavior-26b4a96d6c3b42e3-m0,debugging,-2.75,-2.0802482088127516
model_agnostic_replication_behavior-26b4a96d6c3b42e3-m1,debugging,-2.375,-1.8481395560710543
model_agnostic_replication_behavior-270b65656a02a9aa-m0,waiting,-1.875,-1.9211579048730627
model_agnostic_replication_behavior-270b65656a02a9aa-m1,waiting,-0.8750000000000002,-1.0373494829752254
model_agnostic_replication_behavior-272ca08028e479cb-m0,solvability,2.625,2.9302570502429353
model_agnostic_replication_behavior-272ca08028e479cb-m1,solvability,3.875,3.2779084473473836
model_agnostic_replication_behavior-2764b2f4fcf7ed0b-m0,solvability,0.37499999999999994,-0.1487081442045579
model_agnostic_replication_behavior-2764b2f4fcf7ed0b-m1,solvability,-0.12500000000000006,0.19894325289989112
model_agnostic_replication_behavior-2768884a0f1c8979-m0,bandit,-2.625,-2.3526812593466104
model_agnostic_replication_behavior-2768884a0f1c8979-m1,bandit,-0.8750000000000002,-0.8545607788016965
model_agnostic_replication_behavior-27a131bd319a1f1e-m0,waiting,-1.25,-1.459577933291565
model_agnostic_replication_behavior-27a131bd319a1f1e-m1,waiting,-0.25,-0.5757695113937276
model_agnostic_replication_behavior-28013a07f13bfc32-m0,foraging,-0.8750000000000002,-0.05372398509590559
model_agnostic_replication_behavior-28013a07f13bfc32-m1,foraging,-0.7500000000000001,-0.4011412580795184
model_agnostic_replication_behavior-281952f98366b59e-m0,waiting,-2.75,-1.949173821174789
model_agnostic_replication_behavior-281952f98366b59e-m1,waiting,-1.125,-1.0653653992769518
model_agnostic_replication_behavior-2862bdc45eb6d24d-m0,solvability,1.0,1.0501535648844476
model_agnostic_replication_behavior-2862bdc45eb6d24d-m1,solvability,0.24999999999999992,1.3978049619888964
model_agnostic_replication_behavior-28715e418e56a469-m0,solvability,-1.375,-0.8484226766929918
model_agnostic_replication_behavior-28715e418e56a469-m1,solvability,-0.5,-0.500771279588543
model_agnostic_replication_behavior-28daaa846d4f852a-m0,foraging,-0.8750000000000002,-0.9541652100973569
model_agnostic_replication_behavior-28daaa846d4f852a-m1,foraging,-0.6249999999999999,-1.3015824830809697
model_agnostic_replication_behavior-28e1ca6f0fd761a4-m0,foraging,-1.5,-1.7836927251898065
model_agnostic_replication_behavior-28e1ca6f0fd761a4-m1,foraging,-3.0,-2.131109998173419
model_agnostic_replication_behavior-28ec801d5c018dd4-m0,foraging,0.125,-0.799353507527427
model_agnostic_replication_behavior-28ec801d5c018dd4-m1,foraging,-1.25,-1.1467707805110399
model_agnostic_replication_behavior-28ed4f948cf4119d-m0,information_sampling,0.125,-0.15118823462128922
model_agnostic_replication_behavior-28ed4f948cf4119d-m1,information_sampling,-0.37499999999999994,-0.24155336644246028
model_agnostic_replication_behavior-28ef00a2b5b3cf6f-m0,solvability,-2.625,-1.6679585320780945
model_agnostic_replication_behavior-28ef00a2b5b3cf6f-m1,solvability,-1.25,-1.320307134973646
model_agnostic_replication_behavior-29121b3f21ef53a0-m0,effort,-0.5,-0.6179065922568256
model_agnostic_replication_behavior-29121b3f21ef53a0-m1,effort,0.125,0.05412497013687953
model_agnostic_replication_behavior-292e1ea1438b4350-m0,debugging,-1.25,-1.0650983995040508
model_agnostic_replication_behavior-292e1ea1438b4350-m1,debugging,-0.7500000000000001,-0.8329897467623539
model_agnostic_replication_behavior-293b91fc8c9f730b-m0,waiting,-0.8750000000000002,-1.2432270858656007
model_agnostic_replication_behavior-293b91fc8c9f730b-m1,waiting,0.0,-0.359418663967763
model_agnostic_replication_behavior-295fccabb249ffb9-m0,waiting,-1.125,-0.6875616034642213
model_agnostic_replication_behavior-295fccabb249ffb9-m1,waiting,0.8750000000000001,0.1962468184336158
model_agnostic_replication_behavior-2a093e5dd9ec8011-m0,effort,-3.5,-3.111310113801709
model_agnostic_replication_behavior-2a093e5dd9ec8011-m1,effort,-1.125,-2.4392785514080035
model_agnostic_replication_behavior-2a16bf103e5fba63-m0,debugging,-1.375,-1.6400759771792894
model_agnostic_replication_behavior-2a16bf103e5fba63-m1,debugging,-2.25,-1.4079673244375925
model_agnostic_replication_behavior-2a3574e5c495b06d-m0,effort,0.0,-0.5878958814784667
model_agnostic_replication_behavior-2a3574e5c495b06d-m1,effort,-0.5,0.08413568091523846
model_agnostic_replication_behavior-2a5af74f33f7730c-m0,debugging,-0.5,-0.7912598114469624
model_agnostic_replication_behavior-2a5af74f33f7730c-m1,debugging,0.37499999999999994,-0.5591511587052657
model_agnostic_replication_behavior-2a9e2043d06dff1c-m0,solvability,1.125,0.33790481308231035
model_agnostic_replication_behavior-2a9e2043d06dff1c-m1,solvability,0.24999999999999992,0.6855562101867592
model_agnostic_replication_behavior-2aa2c040f767ac07-m0,bandit,-6.875,-5.126089986872785
model_agnostic_replication_behavior-2aa2c040f767ac07-m1,bandit,-3.5,-3.6279695063278705
model_agnostic_replication_behavior-2aa8397dfb20ffaf-m0,bandit,-3.125,-3.054430708081879
model_agnostic_replication_behavior-2aa8397dfb20ffaf-m1,bandit,-1.375,-1.5563102275369647
model_agnostic_replication_behavior-2aba4fe55422de36-m0,debugging,-1.25,-1.5887814675708793
model_agnostic_replication_behavior-2aba4fe55422de36-m1,debugging,-1.0000000000000002,-1.3566728148291824
model_agnostic_replication_behavior-2abc4d9bccf438dc-m0,waiting,-0.5,-0.37242748641884627
model_agnostic_replication_behavior-2abc4d9bccf438dc-m1,waiting,0.37499999999999994,0.5113809354789913
model_agnostic_replication_behavior-2aeff75df03557d8-m0,waiting,-0.7500000000000001,-1.4786809858932144
model_agnostic_replication_behavior-2aeff75df03557d8-m1,waiting,-0.37499999999999994,-0.5948725639953769
model_agnostic_replication_behavior-2afb5bc6eae83d18-m0,bandit,-5.0,-5.033945621952359
model_agnostic_replication_behavior-2afb5bc6eae83d18-m1,bandit,-3.75,-3.5358251414074457
model_agnostic_replication_behavior-2afdfc095ddc8a2a-m0,waiting,1.125,0.869483265876381
model_agnostic_replication_behavior-2afdfc095ddc8a2a-m1,waiting,2.375,1.753291687774218
model_agnostic_replication_behavior-2bda1916c817aaa0-m0,effort,0.0,-0.8267331667471809
model_agnostic_replication_behavior-2bda1916c817aaa0-m1,effort,-0.37499999999999994,-0.15470160435347557
model_agnostic_replication_behavior-2c01864fe0b94c92-m0,waiting,-1.375,-1.7497535697564663
model_agnostic_replication_behavior-2c01864fe0b94c92-m1,waiting,-1.125,-0.865945147858629
model_agnostic_replication_behavior-2c21e9f1bd85962d-m0,effort,-0.5,-0.2726579006190149
model_agnostic_replication_behavior-2c21e9f1bd85962d-m1,effort,-0.12500000000000006,0.3993736617746903
model_agnostic_replication_behavior-2c26de6566a9e1ac-m0,bandit,-3.875,-3.8557236667675454
model_agnostic_replication_behavior-2c26de6566a9e1ac-m1,bandit,-1.375,-2.357603186222631
model_agnostic_replication_behavior-2c57b5d186ae0a71-m0,foraging,0.0,-0.39844119278309426
model_agnostic_replication_behavior-2c57b5d186ae0a71-m1,foraging,-0.5,-0.745858465766707
model_agnostic_replication_behavior-2c5e3fd0a27647f9-m0,debugging,-0.8750000000000002,-0.8177339412546162
model_agnostic_replication_behavior-2c5e3fd0a27647f9-m1,debugging,-0.6249999999999999,-0.5856252885129192
model_agnostic_replication_behavior-2c5ff4528f913746-m0,foraging,0.24999999999999992,0.09439360757237736
model_agnostic_replication_behavior-2c5ff4528f913746-m1,foraging,-1.125,-0.25302366541123567
model_agnostic_replication_behavior-2c9dff8ccc665424-m0,effort,-1.5,-2.052548074021657
model_agnostic_replication_behavior-2c9dff8ccc665424-m1,effort,-1.875,-1.380516511627952
model_agnostic_replication_behavior-2cbc0ab24e87c14f-m0,solvability,-0.5,-1.0881166284071782
model_agnostic_replication_behavior-2cbc0ab24e87c14f-m1,solvability,-0.25,-0.7404652313027295
model_agnostic_replication_behavior-2cda2838f5cc7ecc-m0,effort,2.625,0.8831470836980748
model_agnostic_replication_behavior-2cda2838f5cc7ecc-m1,effort,2.0,1.5551786460917802
model_agnostic_replication_behavior-2cf1d3ce817afe61-m0,information_sampling,0.0,-0.2877963926604422
model_agnostic_replication_behavior-2cf1d3ce817afe61-m1,information_sampling,-0.5,-0.3781615244816132
model_agnostic_replication_behavior-2d6e1136e4873d9f-m0,debugging,-3.875,-1.573676811096052
model_agnostic_replication_behavior-2d6e1136e4873d9f-m1,debugging,-3.0,-1.3415681583543548
model_agnostic_replication_behavior-2e16fef3f9938466-m0,bandit,-2.125,-2.122648986181334
model_agnostic_replication_behavior-2e16fef3f9938466-m1,bandit,-0.12500000000000006,-0.6245285056364195
model_agnostic_replication_behavior-2e226d5b08a3eee6-m0,bandit,-2.5,-1.6036672845480848
model_agnostic_replication_behavior-2e226d5b08a3eee6-m1,bandit,0.5,-0.10554680400317062
model_agnostic_replication_behavior-2e5b51c2360f80f9-m0,waiting,-1.25,-1.5599493501687884
model_agnostic_replication_behavior-2e5b51c2360f80f9-m1,waiting,-1.125,-0.676140928270951
model_agnostic_replication_behavior-2e9dce6bfdb4f9cf-m0,solvability,2.0,1.4628290210807746
model_agnostic_replication_behavior-2e9dce6bfdb4f9cf-m1,solvability,1.5000000000000002,1.8104804181852234
model_agnostic_replication_behavior-2eb53f9af7d0e765-m0,debugging,-4.875,-2.155743724123922
model_agnostic_replication_behavior-2eb53f9af7d0e765-m1,debugging,-0.8750000000000002,-1.9236350713822248
model_agnostic_replication_behavior-2ee332d2e1c284d3-m0,bandit,-1.875,-1.4303169620819276
model_agnostic_replication_behavior-2ee332d2e1c284d3-m1,bandit,0.0,0.06780351846298666
model_agnostic_replication_behavior-2f02e564f8edc5b2-m0,waiting,1.25,0.5943598147264288
model_agnostic_replication_behavior-2f02e564f8edc5b2-m1,waiting,1.8749999999999998,1.478168236624266
model_agnostic_replication_behavior-2f21eeba3fe77b5d-m0,debugging,-2.0,-1.6824367914884124
model_agnostic_replication_behavior-2f21eeba3fe77b5d-m1,debugging,-1.875,-1.4503281387467153
model_agnostic_replication_behavior-2f26850815a35fc8-m0,bandit,0.7500000000000002,-0.13759024718854745
model_agnostic_replication_behavior-2f26850815a35fc8-m1,bandit,1.25,1.360530233356367
model_agnostic_replication_behavior-2f3084e147e32f4b-m0,effort,-2.625,-2.543810085847873
model_agnostic_replication_behavior-2f3084e147e32f4b-m1,effort,-1.7499999999999998,-1.8717785234541677
model_agnostic_replication_behavior-2f7a1051379aa91c-m0,solvability,1.25,1.1133808294090488
model_agnostic_replication_behavior-2f7a1051379aa91c-m1,solvability,0.7500000000000002,1.461032226513498
model_agnostic_replication_behavior-2fc78efb8492c9f6-m0,information_sampling,-2.0,-1.1570999906396902
model_agnostic_replication_behavior-2fc78efb8492c9f6-m1,information_sampling,-1.0000000000000002,-1.247465122460861
model_agnostic_replication_behavior-2fd51e0ef430bf2d-m0,information_sampling,-1.7499999999999998,-1.0820463877777784
model_agnostic_replication_behavior-2fd51e0ef430bf2d-m1,information_sampling,-1.0000000000000002,-1.1724115195989495
model_agnostic_replication_behavior-2fe2f26c4691beb8-m0,bandit,-0.5,-2.0382041561589803
model_agnostic_replication_behavior-2fe2f26c4691beb8-m1,bandit,-1.875,-0.5400836756140663
model_agnostic_replication_behavior-2feab7cb131d997b-m0,effort,-1.0000000000000002,-2.0720700503052565
model_agnostic_replication_behavior-2feab7cb131d997b-m1,effort,-1.125,-1.4000384879115515
model_agnostic_replication_behavior-2ff3cb13aa1a962a-m0,bandit,-2.25,-2.814024294040409
model_agnostic_replication_behavior-2ff3cb13aa1a962a-m1,bandit,-0.6249999999999999,-1.3159038134954952
model_agnostic_replication_behavior-3020fbe466715153-m0,bandit,0.0,-0.5925938084388862
model_agnostic_replication_behavior-3020fbe466715153-m1,bandit,1.5000000000000002,0.905526672106028
model_agnostic_replication_behavior-3060013985ac5deb-m0,effort,-3.0,-1.2343801565783998
model_agnostic_replication_behavior-3060013985ac5deb-m1,effort,-0.8750000000000002,-0.562348594184695
model_agnostic_replication_behavior-30aabd7fbd883e12-m0,foraging,-2.25,-2.141334030194098
model_agnostic_replication_behavior-30aabd7fbd883e12-m1,foraging,-2.875,-2.4887513031777106
model_agnostic_replication_behavior-30c7c0d958a92813-m0,bandit,-4.25,-2.307035100923623
model_agnostic_replication_behavior-30c7c0d958a92813-m1,bandit,-0.5,-0.808914620378709
model_agnostic_replication_behavior-30e2ef843e2346d7-m0,information_sampling,-0.6249999999999999,-0.5400770025788936
model_agnostic_replication_behavior-30e2ef843e2346d7-m1,information_sampling,-0.6249999999999999,-0.6304421344000646
model_agnostic_replication_behavior-3106ef35910d12f0-m0,debugging,-0.5,-1.1339587413884749
model_agnostic_replication_behavior-3106ef35910d12f0-m1,debugging,-0.25,-0.9018500886467775
model_agnostic_replication_behavior-312edf261bf7687a-m0,foraging,-0.6249999999999999,-0.7056159723528089
model_agnostic_replication_behavior-312edf261bf7687a-m1,foraging,-1.875,-1.053033245336422
model_agnostic_replication_behavior-314248a5d3ebbf82-m0,solvability,2.75,2.699863738228676
model_agnostic_replication_behavior-314248a5d3ebbf82-m1,solvability,3.5,3.0475151353331253
model_agnostic_replication_behavior-31b1d290a8b79d86-m0,solvability,2.5,1.5186907888175822
model_agnostic_replication_behavior-31b1d290a8b79d86-m1,solvability,1.625,1.8663421859220308
model_agnostic_replication_behavior-31b3c57c79c11340-m0,bandit,-0.25,-1.757902878856366
model_agnostic_replication_behavior-31b3c57c79c11340-m1,bandit,-0.37499999999999994,-0.25978239831145167
model_agnostic_replication_behavior-31b4ed647c54a91f-m0,bandit,-1.5,-1.2577093860188755
model_agnostic_replication_behavior-31b4ed647c54a91f-m1,bandit,-0.5,0.24041109452603843
model_agnostic_replication_behavior-31bc9f65b0d3b13b-m0,debugging,-3.375,-2.3635618728987176
model_agnostic_replication_behavior-31bc9f65b0d3b13b-m1,debugging,-0.8750000000000002,-2.13145322015702
model_agnostic_replication_behavior-31fc704bc45f8259-m0,debugging,-1.625,-1.397727909145163
model_agnostic_replication_behavior-31fc704bc45f8259-m1,debugging,-0.6249999999999999,-1.165619256403466
model_agnostic_replication_behavior-32019cbe9d2af2c7-m0,effort,-2.75,-2.0097355194472133
model_agnostic_replication_behavior-32019cbe9d2af2c7-m1,effort,-1.625,-1.3377039570535079
model_agnostic_replication_behavior-32166c073db17ba2-m0,information_sampling,-1.25,-1.0094025503808823
model_agnostic_replication_behavior-32166c073db17ba2-m1,information_sampling,-0.8750000000000002,-1.0997676822020535
model_agnostic_replication_behavior-32204b629e130534-m0,waiting,-1.625,-1.7127285577327471
model_agnostic_replication_behavior-32204b629e130534-m1,waiting,-0.8750000000000002,-0.8289201358349096
model_agnostic_replication_behavior-3227831cea0aaea5-m0,effort,-2.375,-2.403836594270891
model_agnostic_replication_behavior-3227831cea0aaea5-m1,effort,-1.7499999999999998,-1.7318050318771852
model_agnostic_replication_behavior-325a58838a519821-m0,solvability,-1.25,-1.1541107240314856
model_agnostic_replication_behavior-325a58838a519821-m1,solvability,0.0,-0.8064593269270367
model_agnostic_replication_behavior-32652937ee81c79b-m0,foraging,0.24999999999999992,0.4388675438986579
model_agnostic_replication_behavior-32652937ee81c79b-m1,foraging,-1.25,0.0914502709150452
model_agnostic_replication_behavior-329cde008f3595c1-m0,effort,-3.5,-2.3766499318614773
model_agnostic_replication_behavior-329cde008f3595c1-m1,effort,-1.0000000000000002,-1.7046183694677723
model_agnostic_replication_behavior-32aff6eac214317b-m0,solvability,-1.125,-0.7442883687059136
model_agnostic_replication_behavior-32aff6eac214317b-m1,solvability,-0.6249999999999999,-0.3966369716014646
model_agnostic_replication_behavior-32e3d4237315b80c-m0,waiting,-1.5,-1.1919340027798853
model_agnostic_replication_behavior-32e3d4237315b80c-m1,waiting,0.125,-0.30812558088204783
model_agnostic_replication_behavior-32f1d31e83c1f6d4-m0,foraging,0.125,-0.404441871800281
model_agnostic_replication_behavior-32f1d31e83c1f6d4-m1,foraging,-1.125,-0.7518591447838937
model_agnostic_replication_behavior-32f414fb1bc864e7-m0,bandit,0.24999999999999992,-0.4030551009918627
model_agnostic_replication_behavior-32f414fb1bc864e7-m1,bandit,0.625,1.0950653795530516
model_agnostic_replication_behavior-3378cbde33bbf401-m0,solvability,0.7500000000000002,0.029388911016324237
model_agnostic_replication_behavior-3378cbde33bbf401-m1,solvability,0.125,0.37704030812077316
model_agnostic_replication_behavior-338e34d8fb1f3e5e-m0,debugging,-1.5,-0.8799159185455617
model_agnostic_replication_behavior-338e34d8fb1f3e5e-m1,debugging,-0.8750000000000002,-0.6478072658038647
model_agnostic_replication_behavior-33d33991ef25818e-m0,information_sampling,-0.7500000000000001,-0.48963445254209637
model_agnostic_replication_behavior-33d33991ef25818e-m1,information_sampling,-0.5,-0.5799995843632673
model_agnostic_replication_behavior-33e3a9424dc4d0eb-m0,waiting,-0.6249999999999999,-1.4280659563518063
model_agnostic_replication_behavior-33e3a9424dc4d0eb-m1,waiting,-0.37499999999999994,-0.5442575344539691
model_agnostic_replication_behavior-33e6758a7689ad1b-m0,bandit,-4.0,-3.71150821124327
model_agnostic_replication_behavior-33e6758a7689ad1b-m1,bandit,-2.125,-2.213387730698356
model_agnostic_replication_behavior-33f7e382ee70c03a-m0,foraging,1.3750000000000002,1.131871532938789
model_agnostic_replication_behavior-33f7e382ee70c03a-m1,foraging,1.3750000000000002,0.7844542599551761
model_agnostic_replication_behavior-3417497abe181e00-m0,foraging,-1.25,-1.6238789148466015
model_agnostic_replication_behavior-3417497abe181e00-m1,foraging,-1.625,-1.9712961878302142
model_agnostic_replication_behavior-34657ac0a87412d3-m0,waiting,-2.0,-2.1719858961023046
model_agnostic_replication_behavior-34657ac0a87412d3-m1,waiting,-1.25,-1.288177474204467
model_agnostic_replication_behavior-346c4a2e93eb4511-m0,foraging,0.0,-0.028338951323595096
model_agnostic_replication_behavior-346c4a2e93eb4511-m1,foraging,0.125,-0.375756224307208
model_agnostic_replication_behavior-346ca124a92b6ca1-m0,bandit,-4.375,-4.203153723998771
model_agnostic_replication_behavior-346ca124a92b6ca1-m1,bandit,-2.0,-2.705033243453857
model_agnostic_replication_behavior-347876a4b4751de2-m0,information_sampling,-0.12500000000000006,-0.2623478561500434
model_agnostic_replication_behavior-347876a4b4751de2-m1,information_sampling,-0.5,-0.3527129879712144
model_agnostic_replication_behavior-347f0a0457cbd410-m0,debugging,-3.375,-2.8791232637781796
model_agnostic_replication_behavior-347f0a0457cbd410-m1,debugging,-3.75,-2.647014611036482
model_agnostic_replication_behavior-34a990226981f294-m0,waiting,-1.5,-0.4238270402640679
model_agnostic_replication_behavior-34a990226981f294-m1,waiting,0.125,0.45998138163376934
model_agnostic_replication_behavior-34b332777d67dc52-m0,debugging,-0.5,-0.6812409064226401
model_agnostic_replication_behavior-34b332777d67dc52-m1,debugging,-1.0000000000000002,-0.449132253680943
model_agnostic_replication_behavior-34baa2779e183111-m0,information_sampling,-0.12500000000000006,-0.24955944988910916
model_agnostic_replication_behavior-34baa2779e183111-m1,information_sampling,-0.7500000000000001,-0.33992458171028017
model_agnostic_replication_behavior-34c616819a854651-m0,foraging,1.5000000000000002,0.8738198562366261
model_agnostic_replication_behavior-34c616819a854651-m1,foraging,0.5,0.5264025832530129
model_agnostic_replication_behavior-34c970faac204d64-m0,effort,0.8750000000000001,1.032442959069655
model_agnostic_replication_behavior-34c970faac204d64-m1,effort,1.125,1.7044745214633603
model_agnostic_replication_behavior-34ec5616f6136c52-m0,foraging,-2.0,-1.7163601478250055
model_agnostic_replication_behavior-34ec5616f6136c52-m1,foraging,-2.75,-2.063777420808618
model_agnostic_replication_behavior-350ae2da019adadd-m0,foraging,1.25,1.152932504504712
model_agnostic_replication_behavior-350ae2da019adadd-m1,foraging,0.7500000000000002,0.8055152315210988
model_agnostic_replication_behavior-35b8f420f672cb43-m0,bandit,-2.75,-2.6202573353895016
model_agnostic_replication_behavior-35b8f420f672cb43-m1,bandit,-2.125,-1.1221368548445874
model_agnostic_replication_behavior-35d31dbda2ad98d6-m0,bandit,-1.25,-1.7638880681453903
model_agnostic_replication_behavior-35d31dbda2ad98d6-m1,bandit,-0.7500000000000001,-0.26576758760047636
model_agnostic_replication_behavior-35f0d4b438098135-m0,effort,-1.25,-1.997946331819102
model_agnostic_replication_behavior-35f0d4b438098135-m1,effort,-1.0000000000000002,-1.3259147694253968
model_agnostic_replication_behavior-360727f4b585154e-m0,waiting,-1.125,-0.7657883158565891
model_agnostic_replication_behavior-360727f4b585154e-m1,waiting,0.5,0.11802010604124824
model_agnostic_replication_behavior-363bd9ae88cb6482-m0,debugging,-5.875,-3.7906264125439857
model_agnostic_replication_behavior-363bd9ae88cb6482-m1,debugging,-3.375,-3.558517759802288
model_agnostic_replication_behavior-368020fb45e0fce1-m0,solvability,-0.37499999999999994,-0.07775150924565344
model_agnostic_replication_behavior-368020fb45e0fce1-m1,solvability,0.7500000000000002,0.2698998878587955
model_agnostic_replication_behavior-36807433cfec4567-m0,effort,-0.7500000000000001,-0.744045379043138
model_agnostic_replication_behavior-36807433cfec4567-m1,effort,0.125,-0.07201381664943296
model_agnostic_replication_behavior-368994e9f5ea14e9-m0,foraging,1.25,0.5054349456578954
model_agnostic_replication_behavior-368994e9f5ea14e9-m1,foraging,0.5,0.15801767267428246
model_agnostic_replication_behavior-369306a735ff1e4c-m0,information_sampling,-0.12500000000000006,-0.38639464530956286
model_agnostic_replication_behavior-369306a735ff1e4c-m1,information_sampling,-0.7500000000000001,-0.4767597771307339
model_agnostic_replication_behavior-3699d110a9abbb01-m0,bandit,-3.75,-3.416922482927735
model_agnostic_replication_behavior-3699d110a9abbb01-m1,bandit,-2.375,-1.918802002382821
model_agnostic_replication_behavior-36be1168ae25d425-m0,foraging,-0.8750000000000002,-0.4470064597472124
model_agnostic_replication_behavior-36be1168ae25d425-m1,foraging,-0.37499999999999994,-0.7944237327308253
model_agnostic_replication_behavior-36dd3f915d6c0798-m0,information_sampling,-1.25,-0.9260939183104893
model_agnostic_replication_behavior-36dd3f915d6c0798-m1,information_sampling,-1.0000000000000002,-1.01645905013166
model_agnostic_replication_behavior-36f6ca53e4ebdd76-m0,solvability,1.5000000000000002,1.1568999780111247
model_agnostic_replication_behavior-36f6ca53e4ebdd76-m1,solvability,1.5000000000000002,1.5045513751155735
model_agnostic_replication_behavior-37125ef1736ba0ac-m0,foraging,-0.37499999999999994,-0.8056069196440364
model_agnostic_replication_behavior-37125ef1736ba0ac-m1,foraging,-0.7500000000000001,-1.1530241926276494
model_agnostic_replication_behavior-3713b6a9184e4b46-m0,debugging,-1.5,-1.869646368070013
model_agnostic_replication_behavior-3713b6a9184e4b46-m1,debugging,-2.375,-1.6375377153283157
model_agnostic_replication_behavior-371d5a5c51cfeaa7-m0,effort,-1.5,-0.7873662438963336
model_agnostic_replication_behavior-371d5a5c51cfeaa7-m1,effort,-1.0000000000000002,-0.11533468150262853
model_agnostic_replication_behavior-37232894c21103a7-m0,debugging,-0.25,-0.9524829830087093
model_agnostic_replication_behavior-37232894c21103a7-m1,debugging,-0.5,-0.7203743302670121
model_agnostic_replication_behavior-373e938e7cce88b4-m0,bandit,-6.0,-4.755064380540407
model_agnostic_replication_behavior-373e938e7cce88b4-m1,bandit,-3.75,-3.256943899995493
model_agnostic_replication_behavior-3761c0f0d1fd4f46-m0,information_sampling,0.125,-0.13606464758848547
model_agnostic_replication_behavior-3761c0f0d1fd4f46-m1,information_sampling,-0.37499999999999994,-0.22642977940965636
model_agnostic_replication_behavior-37975376e280141e-m0,waiting,-1.5,-0.3468305617195997
model_agnostic_replication_behavior-37975376e280141e-m1,waiting,1.0,0.5369778601782377
model_agnostic_replication_behavior-37bd1ec8f9bcd92e-m0,debugging,-4.375,-3.094057398249763
model_agnostic_replication_behavior-37bd1ec8f9bcd92e-m1,debugging,-2.375,-2.8619487455080654
model_agnostic_replication_behavior-3808bd01a40d613b-m0,foraging,-0.8750000000000002,-0.8368519710310857
model_agnostic_replication_behavior-3808bd01a40d613b-m1,foraging,-1.7499999999999998,-1.1842692440146982
model_agnostic_replication_behavior-38123c42805a1a47-m0,solvability,-0.5,0.2736765893203901
model_agnostic_replication_behavior-38123c42805a1a47-m1,solvability,0.37499999999999994,0.6213279864248392
model_agnostic_replication_behavior-3819b613dac8b124-m0,foraging,0.125,-0.5993280699029028
model_agnostic_replication_behavior-3819b613dac8b124-m1,foraging,-2.125,-0.9467453428865157
model_agnostic_replication_behavior-384cb3bf9b3931c6-m0,foraging,1.0,-0.1803620563222742
model_agnostic_replication_behavior-384cb3bf9b3931c6-m1,foraging,-0.8750000000000002,-0.5277793293058872
model_agnostic_replication_behavior-389536591550721c-m0,debugging,-0.7500000000000001,-0.68278354458176
model_agnostic_replication_behavior-389536591550721c-m1,debugging,-1.0000000000000002,-0.45067489184006315
model_agnostic_replication_behavior-38aab0fd9fc14be1-m0,foraging,-3.25,-2.543992138748853
model_agnostic_replication_behavior-38aab0fd9fc14be1-m1,foraging,-2.75,-2.891409411732466
model_agnostic_replication_behavior-38af44c71c8a47b6-m0,effort,-3.375,-2.885000026986776
model_agnostic_replication_behavior-38af44c71c8a47b6-m1,effort,-1.25,-2.212968464593071
model_agnostic_replication_behavior-38da9964ff405890-m0,debugging,-2.25,-2.104463152384035
model_agnostic_replication_behavior-38da9964ff405890-m1,debugging,-2.25,-1.8723544996423378
model_agnostic_replication_behavior-38edc479bb5223d8-m0,foraging,-2.125,-1.1331211324590185
model_agnostic_replication_behavior-38edc479bb5223d8-m1,foraging,-2.25,-1.4805384054426312
model_agnostic_replication_behavior-38f31abd4cd10187-m0,waiting,-0.5,-0.38491557345614025
model_agnostic_replication_behavior-38f31abd4cd10187-m1,waiting,1.0,0.498892848441697
model_agnostic_replication_behavior-39593c2d93df3fe2-m0,effort,-1.875,-2.6346976322554676
model_agnostic_replication_behavior-39593c2d93df3fe2-m1,effort,-1.7499999999999998,-1.9626660698617622
model_agnostic_replication_behavior-3981bea604e19a3e-m0,bandit,-1.5,-1.236722606663914
model_agnostic_replication_behavior-3981bea604e19a3e-m1,bandit,-0.25,0.26139787388100005
model_agnostic_replication_behavior-39962819bdfafc16-m0,bandit,-5.875,-4.522891144921993
model_agnostic_replication_behavior-39962819bdfafc16-m1,bandit,-3.125,-3.024770664377079
model_agnostic_replication_behavior-39b5a1b214082403-m0,bandit,0.0,0.04556113786081317
model_agnostic_replication_behavior-39b5a1b214082403-m1,bandit,2.625,1.5436816184057274
model_agnostic_replication_behavior-39bf204366d5758c-m0,debugging,1.3750000000000002,0.8666351455016725
model_agnostic_replication_behavior-39bf204366d5758c-m1,debugging,0.7500000000000002,1.0987437982433699
model_agnostic_replication_behavior-39ed3fe24c36da51-m0,debugging,0.0,-1.0038689258116476
model_agnostic_replication_behavior-39ed3fe24c36da51-m1,debugging,-1.0000000000000002,-0.7717602730699505
model_agnostic_replication_behavior-3a087443f81cf706-m0,debugging,-0.5,-0.8143908774589551
model_agnostic_replication_behavior-3a087443f81cf706-m1,debugging,-0.5,-0.5822822247172577
model_agnostic_replication_behavior-3a2799b52abe3433-m0,effort,-1.625,-1.957118164928184
model_agnostic_replication_behavior-3a2799b52abe3433-m1,effort,-2.375,-1.285086602534479
model_agnostic_replication_behavior-3a3b5c4df0ad1421-m0,debugging,-2.875,-2.4451005656134654
model_agnostic_replication_behavior-3a3b5c4df0ad1421-m1,debugging,-1.0000000000000002,-2.212991912871768
model_agnostic_replication_behavior-3a4d8be6e10d0330-m0,waiting,0.7500000000000002,0.47025905840980375
model_agnostic_replication_behavior-3a4d8be6e10d0330-m1,waiting,1.5000000000000002,1.354067480307641
model_agnostic_replication_behavior-3a83d79673e3b933-m0,information_sampling,0.37499999999999994,0.13144253338204964
model_agnostic_replication_behavior-3a83d79673e3b933-m1,information_sampling,-0.37499999999999994,0.04107740156087858
model_agnostic_replication_behavior-3a927ff833ba238c-m0,effort,-0.5,-0.7184552460735933
model_agnostic_replication_behavior-3a927ff833ba238c-m1,effort,-0.12500000000000006,-0.04642368367988797
model_agnostic_replication_behavior-3abb0718b6fd2981-m0,information_sampling,-0.5,-0.421231969419666
model_agnostic_replication_behavior-3abb0718b6fd2981-m1,information_sampling,-0.7500000000000001,-0.5115971012408371
model_agnostic_replication_behavior-3ad63a65d2f7ccf9-m0,foraging,-2.375,-1.4311055455994304
model_agnostic_replication_behavior-3ad63a65d2f7ccf9-m1,foraging,-2.625,-1.7785228185830433
model_agnostic_replication_behavior-3aecce0cacbf3278-m0,waiting,-1.0000000000000002,-1.3484297396048386
model_agnostic_replication_behavior-3aecce0cacbf3278-m1,waiting,-1.25,-0.4646213177070011
model_agnostic_replication_behavior-3b098e4de07da968-m0,foraging,-0.5,-1.389289538535337
model_agnostic_replication_behavior-3b098e4de07da968-m1,foraging,-1.875,-1.7367068115189501
model_agnostic_replication_behavior-3b0c58fb2e4360da-m0,solvability,2.625,1.6846307803118756
model_agnostic_replication_behavior-3b0c58fb2e4360da-m1,solvability,1.125,2.0322821774163247
model_agnostic_replication_behavior-3b66b5a311e0aa51-m0,waiting,-1.25,-1.2664694998854606
model_agnostic_replication_behavior-3b66b5a311e0aa51-m1,waiting,-0.25,-0.3826610779876235
model_agnostic_replication_behavior-3b6d1fe5ec4e82a6-m0,bandit,-6.625,-4.717793666961852
model_agnostic_replication_behavior-3b6d1fe5ec4e82a6-m1,bandit,-3.125,-3.219673186416938
model_agnostic_replication_behavior-3b8054907b519ea5-m0,foraging,1.3750000000000002,0.4885827352925115
model_agnostic_replication_behavior-3b8054907b519ea5-m1,foraging,0.37499999999999994,0.14116546230889881
model_agnostic_replication_behavior-3b8b35478d724b88-m0,debugging,0.24999999999999992,-0.3378684119499058
model_agnostic_replication_behavior-3b8b35478d724b88-m1,debugging,0.125,-0.10575975920820868
model_agnostic_replication_behavior-3be1bc4a64a8782d-m0,foraging,0.8750000000000001,0.21628289377053067
model_agnostic_replication_behavior-3be1bc4a64a8782d-m1,foraging,-0.7500000000000001,-0.13113437921308213
model_agnostic_replication_behavior-3cc647d20c11e750-m0,bandit,-3.75,-3.3755865167958876
model_agnostic_replication_behavior-3cc647d20c11e750-m1,bandit,-1.875,-1.8774660362509736
model_agnostic_replication_behavior-3cf1ab8764f4b682-m0,solvability,2.125,1.871127557928773
model_agnostic_replication_behavior-3cf1ab8764f4b682-m1,solvability,1.75,2.2187789550332218
model_agnostic_replication_behavior-3cf72f04474a0b1d-m0,effort,1.5000000000000002,0.4458090813875351
model_agnostic_replication_behavior-3cf72f04474a0b1d-m1,effort,0.8750000000000001,1.11784064378124
model_agnostic_replication_behavior-3cf9ad49798eaf7a-m0,bandit,0.5,0.15054597425169136
model_agnostic_replication_behavior-3cf9ad49798eaf7a-m1,bandit,2.25,1.6486664547966057
model_agnostic_replication_behavior-3cfd3da02bdcae6c-m0,waiting,-0.6249999999999999,-0.530564277843097
model_agnostic_replication_behavior-3cfd3da02bdcae6c-m1,waiting,0.37499999999999994,0.35324414405474025
model_agnostic_replication_behavior-3d4abe0e0718a842-m0,information_sampling,-0.5,-0.5693561624353425
model_agnostic_replication_behavior-3d4abe0e0718a842-m1,information_sampling,-1.125,-0.6597212942565135
model_agnostic_replication_behavior-3d51e2f29a93d3af-m0,information_sampling,-1.25,-0.8946269303216333
model_agnostic_replication_behavior-3d51e2f29a93d3af-m1,information_sampling,-0.37499999999999994,-0.9849920621428043
model_agnostic_replication_behavior-3d9ad93527a7fbf8-m0,waiting,-1.7499999999999998,-1.0452078880901459
model_agnostic_replication_behavior-3d9ad93527a7fbf8-m1,waiting,0.24999999999999992,-0.16139946619230883
model_agnostic_replication_behavior-3dc7ea711fd5372b-m0,debugging,0.0,0.03604772877783269
model_agnostic_replication_behavior-3dc7ea711fd5372b-m1,debugging,-0.25,0.2681563815195298
model_agnostic_replication_behavior-3e028dbe9d5ffefa-m0,debugging,-1.0000000000000002,-1.3283841665351483
model_agnostic_replication_behavior-3e028dbe9d5ffefa-m1,debugging,-1.7499999999999998,-1.0962755137934515
model_agnostic_replication_behavior-3e3f0372649b62b5-m0,debugging,-1.5,-1.7352510750111705
model_agnostic_replication_behavior-3e3f0372649b62b5-m1,debugging,-2.5,-1.5031424222694734
model_agnostic_replication_behavior-3e5f7ab90ec2d24c-m0,information_sampling,-0.37499999999999994,-0.4695739620318249
model_agnostic_replication_behavior-3e5f7ab90ec2d24c-m1,information_sampling,-0.7500000000000001,-0.559939093852996
model_agnostic_replication_behavior-3e74442fdb6ca520-m0,effort,0.5,-0.208352752813303
model_agnostic_replication_behavior-3e74442fdb6ca520-m1,effort,0.37499999999999994,0.4636788095804021
model_agnostic_replication_behavior-3ec425db95155e19-m0,effort,-1.375,-0.9743658045849032
model_agnostic_replication_behavior-3ec425db95155e19-m1,effort,-0.7500000000000001,-0.3023342421911982
model_agnostic_replication_behavior-3ef7aeb023b118f6-m0,bandit,-0.5,-1.207582506837885
model_agnostic_replication_behavior-3ef7aeb023b118f6-m1,bandit,-0.8750000000000002,0.2905379737070291
model_agnostic_replication_behavior-3f00f39f255f6f8c-m0,foraging,1.625,1.3892277565080198
model_agnostic_replication_behavior-3f00f39f255f6f8c-m1,foraging,0.8750000000000001,1.041810483524407
model_agnostic_replication_behavior-3f2ba35b5c08ad6f-m0,effort,1.625,1.5471346163849942
model_agnostic_replication_behavior-3f2ba35b5c08ad6f-m1,effort,1.625,2.2191661787786994
model_agnostic_replication_behavior-3f410f1619d9c83b-m0,solvability,-1.875,-0.7272025294944499
model_agnostic_replication_behavior-3f410f1619d9c83b-m1,solvability,0.37499999999999994,-0.37955113239000093
model_agnostic_replication_behavior-3f76b3bf4c7d2da4-m0,debugging,-0.7500000000000001,-1.085383829048299
model_agnostic_replication_behavior-3f76b3bf4c7d2da4-m1,debugging,-1.25,-0.8532751763066022
model_agnostic_replication_behavior-3f9d284164db3b9d-m0,information_sampling,-1.25,-1.0972682154442595
model_agnostic_replication_behavior-3f9d284164db3b9d-m1,information_sampling,-0.8750000000000002,-1.1876333472654301
model_agnostic_replication_behavior-3fb2de2b9129719f-m0,information_sampling,-1.25,-0.8469413908001759
model_agnostic_replication_behavior-3fb2de2b9129719f-m1,information_sampling,-1.0000000000000002,-0.9373065226213471
model_agnostic_replication_behavior-3fc6c940d0a25441-m0,waiting,-1.5,-2.0787707869436405
model_agnostic_replication_behavior-3fc6c940d0a25441-m1,waiting,-0.5,-1.1949623650458032
model_agnostic_replication_behavior-3fd4e6e5620fa1f2-m0,waiting,-0.37499999999999994,-0.3025091870347909
model_agnostic_replication_behavior-3fd4e6e5620fa1f2-m1,waiting,1.5000000000000002,0.5812992348630464
model_agnostic_replication_behavior-3fdcdf37a3d72da9-m0,effort,-0.7500000000000001,-1.3628979913579975
model_agnostic_replication_behavior-3fdcdf37a3d72da9-m1,effort,-1.125,-0.6908664289642924
model_agnostic_replication_behavior-3fe7d5491c3ad9c5-m0,debugging,-1.375,-1.5318401860997044
model_agnostic_replication_behavior-3fe7d5491c3ad9c5-m1,debugging,-0.7500000000000001,-1.299731533358007
model_agnostic_replication_behavior-3ff4ad9434e96b49-m0,debugging,-4.0,-1.9917361737209769
model_agnostic_replication_behavior-3ff4ad9434e96b49-m1,debugging,-3.0,-1.7596275209792798
model_agnostic_replication_behavior-4001afa53065e156-m0,information_sampling,-1.125,-0.9382809144769696
model_agnostic_replication_behavior-4001afa53065e156-m1,information_sampling,-0.7500000000000001,-1.0286460462981406
model_agnostic_replication_behavior-400ec26c08a340ec-m0,information_sampling,-0.25,-0.6438472884589439
model_agnostic_replication_behavior-400ec26c08a340ec-m1,information_sampling,-0.5,-0.7342124202801148
model_agnostic_replication_behavior-40121b3e707f2fff-m0,waiting,-1.625,-1.582611093744335
model_agnostic_replication_behavior-40121b3e707f2fff-m1,waiting,-0.25,-0.6988026718464974
model_agnostic_replication_behavior-40129a5673b3d68a-m0,effort,-3.375,-2.716775791624256
model_agnostic_replication_behavior-40129a5673b3d68a-m1,effort,-2.125,-2.044744229230551
model_agnostic_replication_behavior-4055ae4dfb07116f-m0,foraging,0.5,0.5482028579615118
model_agnostic_replication_behavior-4055ae4dfb07116f-m1,foraging,0.125,0.2007855849778989
model_agnostic_replication_behavior-407b303a78ef3d8c-m0,debugging,-1.0000000000000002,-0.7838579189310458
model_agnostic_replication_behavior-407b303a78ef3d8c-m1,debugging,-0.5,-0.5517492661893488
model_agnostic_replication_behavior-40a3ddce92741e05-m0,bandit,-2.0,-2.469702358091438
model_agnostic_replication_behavior-40a3ddce92741e05-m1,bandit,-1.25,-0.9715818775465239
model_agnostic_replication_behavior-40c3d5939d6a6fde-m0,effort,-2.75,-2.3564375901198487
model_agnostic_replication_behavior-40c3d5939d6a6fde-m1,effort,-1.7499999999999998,-1.6844060277261437
model_agnostic_replication_behavior-41113d1da15472df-m0,bandit,-3.75,-2.764430631677274
model_agnostic_replication_behavior-41113d1da15472df-m1,bandit,-1.5,-1.2663101511323602
model_agnostic_replication_behavior-4122428eac3c0abf-m0,effort,-4.25,-3.280004269536532
model_agnostic_replication_behavior-4122428eac3c0abf-m1,effort,-2.875,-2.607972707142827
model_agnostic_replication_behavior-415f7410d8ae0f39-m0,bandit,-0.5,-0.5072144399860911
model_agnostic_replication_behavior-415f7410d8ae0f39-m1,bandit,1.0,0.9909060405588228
model_agnostic_replication_behavior-4169167df74afa58-m0,bandit,1.25,0.918624692012245
model_agnostic_replication_behavior-4169167df74afa58-m1,bandit,3.625,2.416745172557159
model_agnostic_replication_behavior-417da2de94b6ac91-m0,waiting,-0.12500000000000006,-0.5627845172672643
model_agnostic_replication_behavior-417da2de94b6ac91-m1,waiting,0.125,0.3210239046305732
model_agnostic_replication_behavior-41b844ea38cdf123-m0,debugging,-1.125,-1.7423733004721664
model_agnostic_replication_behavior-41b844ea38cdf123-m1,debugging,-0.8750000000000002,-1.5102646477304695
model_agnostic_replication_behavior-41fbe20576b79ba0-m0,waiting,0.5,-0.3182458552428221
model_agnostic_replication_behavior-41fbe20576b79ba0-m1,waiting,0.8750000000000001,0.5655625666550151
model_agnostic_replication_behavior-422d1cc9bbd937c5-m0,solvability,1.0,0.5306817972180987
model_agnostic_replication_behavior-422d1cc9bbd937c5-m1,solvability,0.37499999999999994,0.8783331943225476
model_agnostic_replication_behavior-4261508a5f90395d-m0,information_sampling,-0.6249999999999999,-0.7622527931236813
model_agnostic_replication_behavior-4261508a5f90395d-m1,information_sampling,-0.7500000000000001,-0.852617924944852
model_agnostic_replication_behavior-429755b2bc8be225-m0,debugging,-2.125,-2.0326947432147717
model_agnostic_replication_behavior-429755b2bc8be225-m1,debugging,-1.125,-1.8005860904730748
model_agnostic_replication_behavior-435eabe83e061f49-m0,foraging,0.0,-0.6856046904240454
model_agnostic_replication_behavior-435eabe83e061f49-m1,foraging,-1.25,-1.0330219634076583
model_agnostic_replication_behavior-436a11e19cb56f8f-m0,information_sampling,-0.25,-0.36828524684425923
model_agnostic_replication_behavior-436a11e19cb56f8f-m1,information_sampling,-0.25,-0.4586503786654301
model_agnostic_replication_behavior-438038cf39a92aee-m0,effort,-1.125,-1.777058796807196
model_agnostic_replication_behavior-438038cf39a92aee-m1,effort,-0.25,-1.1050272344134908
model_agnostic_replication_behavior-43908fc217e4aa4e-m0,information_sampling,0.125,-0.37262947684880987
model_agnostic_replication_behavior-43908fc217e4aa4e-m1,information_sampling,-0.8750000000000002,-0.46299460866998077
model_agnostic_replication_behavior-43c690cc39fa343b-m0,waiting,-1.125,-0.32586499404085734
model_agnostic_replication_behavior-43c690cc39fa343b-m1,waiting,0.24999999999999992,0.5579434278569798
model_agnostic_replication_behavior-43d53f23a598e80a-m0,solvability,0.37499999999999994,-0.4098747532292386
model_agnostic_replication_behavior-43d53f23a598e80a-m1,solvability,-0.7500000000000001,-0.062223356124789575
model_agnostic_replication_behavior-43e2296fc0ab9dbd-m0,effort,0.0,-0.7661417392878206
model_agnostic_replication_behavior-43e2296fc0ab9dbd-m1,effort,0.37499999999999994,-0.09411017689411555
model_agnostic_replication_behavior-44071681811add4a-m0,effort,-2.75,-3.6050095315891215
model_agnostic_replication_behavior-44071681811add4a-m1,effort,-2.0,-2.932977969195416
model_agnostic_replication_behavior-441936621d27debf-m0,foraging,1.3750000000000002,1.389279445912412
model_agnostic_replication_behavior-441936621d27debf-m1,foraging,0.0,1.041862172928799
model_agnostic_replication_behavior-4429a771ace4b099-m0,solvability,1.0,0.47165253692277337
model_agnostic_replication_behavior-4429a771ace4b099-m1,solvability,1.75,0.8193039340272223
model_agnostic_replication_behavior-44349dae1dd68fcb-m0,information_sampling,-0.37499999999999994,-0.4767054761895835
model_agnostic_replication_behavior-44349dae1dd68fcb-m1,information_sampling,-0.7500000000000001,-0.5670706080107544
model_agnostic_replication_behavior-44457fbfce177a7b-m0,waiting,-1.7499999999999998,-1.4002606303441603
model_agnostic_replication_behavior-44457fbfce177a7b-m1,waiting,-0.6249999999999999,-0.5164522084463227
model_agnostic_replication_behavior-445d70836c190b50-m0,information_sampling,-0.5,-0.7215886217754127
model_agnostic_replication_behavior-445d70836c190b50-m1,information_sampling,-0.5,-0.8119537535965837
model_agnostic_replication_behavior-44a01d3134259f96-m0,information_sampling,-0.8750000000000002,-0.9255216771253245
model_agnostic_replication_behavior-44a01d3134259f96-m1,information_sampling,-0.7500000000000001,-1.0158868089464954
model_agnostic_replication_behavior-44bc2e7a5cc3eb3c-m0,waiting,-0.12500000000000006,0.4209905896494963
model_agnostic_replication_behavior-44bc2e7a5cc3eb3c-m1,waiting,0.8750000000000001,1.3047990115473336
model_agnostic_replication_behavior-44ed84140cf0eca6-m0,effort,0.37499999999999994,-0.3303774209880465
model_agnostic_replication_behavior-44ed84140cf0eca6-m1,effort,0.7500000000000002,0.3416541414056588
model_agnostic_replication_behavior-44efb09f649b8daf-m0,information_sampling,-0.25,-0.3737729740938922
model_agnostic_replication_behavior-44efb09f649b8daf-m1,information_sampling,-0.6249999999999999,-0.46413810591506327
model_agnostic_replication_behavior-451d1feccd57ea68-m0,foraging,0.7500000000000002,0.20192845134282533
model_agnostic_replication_behavior-451d1feccd57ea68-m1,foraging,0.24999999999999992,-0.14548882164078758
model_agnostic_replication_behavior-458a67123178d28d-m0,solvability,-3.25,-2.0444796486032293
model_agnostic_replication_behavior-458a67123178d28d-m1,solvability,-0.6249999999999999,-1.6968282514987805
model_agnostic_replication_behavior-459683604851eadd-m0,foraging,-2.875,-2.281420462081015
model_agnostic_replication_behavior-459683604851eadd-m1,foraging,-1.875,-2.6288377350646277
model_agnostic_replication_behavior-45c02c84e0d8a231-m0,foraging,-0.6249999999999999,-0.8908357624796316
model_agnostic_replication_behavior-45c02c84e0d8a231-m1,foraging,-2.25,-1.2382530354632442
model_agnostic_replication_behavior-45d25567b3d8185a-m0,solvability,1.5000000000000002,1.1479610446595419
model_agnostic_replication_behavior-45d25567b3d8185a-m1,solvability,1.3750000000000002,1.4956124417639907
model_agnostic_replication_behavior-45f1d4e0684c78bf-m0,effort,-1.0000000000000002,-1.0467864272676253
model_agnostic_replication_behavior-45f1d4e0684c78bf-m1,effort,0.7500000000000002,-0.3747548648739203
model_agnostic_replication_behavior-460cbc7b41ebcb49-m0,foraging,0.5,-0.21362077205340246
model_agnostic_replication_behavior-460cbc7b41ebcb49-m1,foraging,-0.7500000000000001,-0.5610380450370154
model_agnostic_replication_behavior-460fa98801833e43-m0,solvability,1.0,0.8164957846619174
model_agnostic_replication_behavior-460fa98801833e43-m1,solvability,0.8750000000000001,1.1641471817663662
model_agnostic_replication_behavior-46280498a1c8f592-m0,debugging,-0.7500000000000001,-1.1576397370814258
model_agnostic_replication_behavior-46280498a1c8f592-m1,debugging,0.0,-0.9255310843397286
model_agnostic_replication_behavior-46582f4c674c4be4-m0,waiting,-0.8750000000000002,-0.9620007473077701
model_agnostic_replication_behavior-46582f4c674c4be4-m1,waiting,0.0,-0.0781923254099327
model_agnostic_replication_behavior-469d23a5a73b138c-m0,debugging,-1.5,-1.6663857625878253
model_agnostic_replication_behavior-469d23a5a73b138c-m1,debugging,-2.5,-1.4342771098461284
model_agnostic_replication_behavior-46dc7e910f9443a9-m0,bandit,-3.875,-4.089926064498185
model_agnostic_replication_behavior-46dc7e910f9443a9-m1,bandit,-3.0,-2.59180558395327
model_agnostic_replication_behavior-46e5b6ca82a3b07d-m0,waiting,1.5000000000000002,1.481322858817483
model_agnostic_replication_behavior-46e5b6ca82a3b07d-m1,waiting,2.625,2.36513128071532
model_agnostic_replication_behavior-46ed10d3dff14252-m0,information_sampling,-0.7500000000000001,-0.6784063689125661
model_agnostic_replication_behavior-46ed10d3dff14252-m1,information_sampling,-0.8750000000000002,-0.7687715007337372
model_agnostic_replication_behavior-471fad0e4db6f108-m0,solvability,-2.125,-1.4122850304002994
model_agnostic_replication_behavior-471fad0e4db6f108-m1,solvability,-0.7500000000000001,-1.064633633295851
model_agnostic_replication_behavior-473a8050c87b6ae1-m0,debugging,-1.7499999999999998,-1.515874910341564
model_agnostic_replication_behavior-473a8050c87b6ae1-m1,debugging,-2.5,-1.2837662575998672
model_agnostic_replication_behavior-4758528d91e62af8-m0,waiting,0.24999999999999992,0.05633512363832294
model_agnostic_replication_behavior-4758528d91e62af8-m1,waiting,0.37499999999999994,0.9401435455361602
model_agnostic_replication_behavior-4761651ee044b406-m0,foraging,-0.25,-1.2892410987116003
model_agnostic_replication_behavior-4761651ee044b406-m1,foraging,-2.25,-1.636658371695213
model_agnostic_replication_behavior-4775fdbbdf6eb681-m0,solvability,-3.125,-2.4519954149724996
model_agnostic_replication_behavior-4775fdbbdf6eb681-m1,solvability,-1.25,-2.104344017868051
model_agnostic_replication_behavior-479e70be2d880f91-m0,solvability,1.75,0.9565282336905037
model_agnostic_replication_behavior-479e70be2d880f91-m1,solvability,0.125,1.3041796307949527
model_agnostic_replication_behavior-47c88213afeb2101-m0,effort,-0.7500000000000001,-1.9756107482897851
model_agnostic_replication_behavior-47c88213afeb2101-m1,effort,-1.875,-1.30357918589608
model_agnostic_replication_behavior-4807f0f85615f2df-m0,foraging,-1.625,-1.7017824953620972
model_agnostic_replication_behavior-4807f0f85615f2df-m1,foraging,-2.375,-2.0491997683457104
model_agnostic_replication_behavior-486b1fc51df05a4b-m0,bandit,-3.25,-3.7618999307740157
model_agnostic_replication_behavior-486b1fc51df05a4b-m1,bandit,-1.7499999999999998,-2.2637794502291015
model_agnostic_replication_behavior-4879da7392bfdd38-m0,solvability,1.75,1.4934952392856746
model_agnostic_replication_behavior-4879da7392bfdd38-m1,solvability,2.0,1.8411466363901234
model_agnostic_replication_behavior-487cd40c964881e9-m0,effort,-4.0,-3.375315082788349
model_agnostic_replication_behavior-487cd40c964881e9-m1,effort,-0.8750000000000002,-2.7032835203946446
model_agnostic_replication_behavior-488bf6b801f4b7eb-m0,foraging,1.25,0.4781274960302625
model_agnostic_replication_behavior-488bf6b801f4b7eb-m1,foraging,0.5,0.13071022304664937
model_agnostic_replication_behavior-488f4fb06e037962-m0,bandit,-1.875,-1.4007383948881351
model_agnostic_replication_behavior-488f4fb06e037962-m1,bandit,0.5,0.09738208565677925
model_agnostic_replication_behavior-48b6bb28f063be9e-m0,solvability,1.3750000000000002,1.0737180765489542
model_agnostic_replication_behavior-48b6bb28f063be9e-m1,solvability,0.37499999999999994,1.421369473653403
model_agnostic_replication_behavior-4904753911c41b3c-m0,waiting,-2.375,-2.1701014256336864
model_agnostic_replication_behavior-4904753911c41b3c-m1,waiting,-1.0000000000000002,-1.2862930037358487
model_agnostic_replication_behavior-49821e568be01095-m0,effort,1.5000000000000002,0.3839523334650384
model_agnostic_replication_behavior-49821e568be01095-m1,effort,-0.12500000000000006,1.0559838958587435
model_agnostic_replication_behavior-498bb4a71080fc92-m0,bandit,-2.25,-2.341064780603342
model_agnostic_replication_behavior-498bb4a71080fc92-m1,bandit,-2.625,-0.8429443000584284
model_agnostic_replication_behavior-49b22ef9afd95aeb-m0,effort,-1.625,-1.7833175474491985
model_agnostic_replication_behavior-49b22ef9afd95aeb-m1,effort,-0.37499999999999994,-1.1112859850554935
model_agnostic_replication_behavior-49b3b15146155329-m0,bandit,-2.625,-2.3241204026465634
model_agnostic_replication_behavior-49b3b15146155329-m1,bandit,-1.5,-0.8259999221016494
model_agnostic_replication_behavior-49bcc15a0b913295-m0,effort,0.0,-0.9547488115127324
model_agnostic_replication_behavior-49bcc15a0b913295-m1,effort,-0.8750000000000002,-0.2827172491190272
model_agnostic_replication_behavior-49d071ff1f813f62-m0,solvability,-3.75,-0.7964068818594355
model_agnostic_replication_behavior-49d071ff1f813f62-m1,solvability,-0.5,-0.4487554847549865
model_agnostic_replication_behavior-4a7b5ad56680bca1-m0,waiting,-3.125,-2.577315108940865
model_agnostic_replication_behavior-4a7b5ad56680bca1-m1,waiting,-0.7500000000000001,-1.693506687043027
model_agnostic_replication_behavior-4aa1014849392967-m0,information_sampling,-2.125,-1.245095675714724
model_agnostic_replication_behavior-4aa1014849392967-m1,information_sampling,-1.375,-1.335460807535895
model_agnostic_replication_behavior-4ad1270e05dda426-m0,effort,-3.25,-1.9358985178886683
model_agnostic_replication_behavior-4ad1270e05dda426-m1,effort,-2.125,-1.2638669554949633
model_agnostic_replication_behavior-4b2cf155a98f6e01-m0,waiting,-1.25,-1.1322718375863499
model_agnostic_replication_behavior-4b2cf155a98f6e01-m1,waiting,0.0,-0.24846341568851238
model_agnostic_replication_behavior-4b58bb0986b54e04-m0,waiting,-2.75,-1.2956929340759178
model_agnostic_replication_behavior-4b58bb0986b54e04-m1,waiting,-1.0000000000000002,-0.4118845121780805
model_agnostic_replication_behavior-4b5ac132f41add9c-m0,information_sampling,-0.5,-0.7238066767678057
model_agnostic_replication_behavior-4b5ac132f41add9c-m1,information_sampling,-0.6249999999999999,-0.8141718085889769
model_agnostic_replication_behavior-4b6356612e087bae-m0,effort,-0.6249999999999999,-2.251926865366987
model_agnostic_replication_behavior-4b6356612e087bae-m1,effort,-1.7499999999999998,-1.579895302973282
model_agnostic_replication_behavior-4bd7e2326d6486ca-m0,information_sampling,-0.37499999999999994,-0.6649188853190572
model_agnostic_replication_behavior-4bd7e2326d6486ca-m1,information_sampling,-0.25,-0.7552840171402282
model_agnostic_replication_behavior-4bde13d3b570cbc3-m0,solvability,2.25,1.5763025871010963
model_agnostic_replication_behavior-4bde13d3b570cbc3-m1,solvability,1.625,1.923953984205545
model_agnostic_replication_behavior-4bfb098c98fbc34b-m0,solvability,-0.8750000000000002,-1.3822185459068255
model_agnostic_replication_behavior-4bfb098c98fbc34b-m1,solvability,0.125,-1.0345671488023767
model_agnostic_replication_behavior-4bfff062252264eb-m0,waiting,-1.375,-1.6216703487388275
model_agnostic_replication_behavior-4bfff062252264eb-m1,waiting,-1.625,-0.7378619268409901
model_agnostic_replication_behavior-4cbad93157baede0-m0,solvability,1.8749999999999998,1.5438994068697143
model_agnostic_replication_behavior-4cbad93157baede0-m1,solvability,1.0,1.8915508039741629
model_agnostic_replication_behavior-4cc6e7164db99b0d-m0,foraging,0.37499999999999994,-0.2835163554984187
model_agnostic_replication_behavior-4cc6e7164db99b0d-m1,foraging,-1.375,-0.6309336284820316
model_agnostic_replication_behavior-4ccd56a8da1c763f-m0,bandit,-5.0,-4.367480784965755
model_agnostic_replication_behavior-4ccd56a8da1c763f-m1,bandit,-2.375,-2.8693603044208413
model_agnostic_replication_behavior-4d389fdb50712472-m0,bandit,-1.25,-1.3730384087120906
model_agnostic_replication_behavior-4d389fdb50712472-m1,bandit,-0.12500000000000006,0.1250820718328235
model_agnostic_replication_behavior-4df164ea7824161f-m0,waiting,-0.8750000000000002,-0.620567349901504
model_agnostic_replication_behavior-4df164ea7824161f-m1,waiting,0.7500000000000002,0.2632410719963335
model_agnostic_replication_behavior-4e091662b3ecfce4-m0,effort,2.375,1.2391886324669337
model_agnostic_replication_behavior-4e091662b3ecfce4-m1,effort,1.125,1.9112201948606389
model_agnostic_replication_behavior-4e882a59836b6e2a-m0,solvability,-0.8750000000000002,-0.47475177799626
model_agnostic_replication_behavior-4e882a59836b6e2a-m1,solvability,-0.37499999999999994,-0.1271003808918112
model_agnostic_replication_behavior-4ed999c6211875b1-m0,debugging,0.0,-0.7820939742468118
model_agnostic_replication_behavior-4ed999c6211875b1-m1,debugging,-0.12500000000000006,-0.5499853215051148
model_agnostic_replication_behavior-4eef65831fb8a9a2-m0,waiting,-1.875,-1.908184464954056
model_agnostic_replication_behavior-4eef65831fb8a9a2-m1,waiting,-1.125,-1.0243760430562185
model_agnostic_replication_behavior-4ef704fc6226cf0e-m0,effort,-0.37499999999999994,-1.0575303079055023
model_agnostic_replication_behavior-4ef704fc6226cf0e-m1,effort,-0.12500000000000006,-0.385498745511797
model_agnostic_replication_behavior-4f0fd88970b12988-m0,effort,0.8750000000000001,1.1063470151681747
model_agnostic_replication_behavior-4f0fd88970b12988-m1,effort,0.7500000000000002,1.7783785775618797
model_agnostic_replication_behavior-4f43ba3e37d5cfe6-m0,solvability,0.8750000000000001,0.965099813691877
model_agnostic_replication_behavior-4f43ba3e37d5cfe6-m1,solvability,2.0,1.3127512107963257
model_agnostic_replication_behavior-4f627e1686710571-m0,effort,2.375,0.6552495596100509
model_agnostic_replication_behavior-4f627e1686710571-m1,effort,1.75,1.3272811220037561
model_agnostic_replication_behavior-4f6a3e04f93c00c5-m0,waiting,1.5000000000000002,0.34564134598782625
model_agnostic_replication_behavior-4f6a3e04f93c00c5-m1,waiting,1.3750000000000002,1.2294497678856637
model_agnostic_replication_behavior-4f905fd9204b7b49-m0,bandit,0.5,-1.107770564478681
model_agnostic_replication_behavior-4f905fd9204b7b49-m1,bandit,0.7500000000000002,0.3903499160662329
model_agnostic_replication_behavior-4ffced0392759a83-m0,effort,-0.25,-0.2785764094205844
model_agnostic_replication_behavior-4ffced0392759a83-m1,effort,-0.5,0.3934551529731206
model_agnostic_replication_behavior-509fc0192da2022d-m0,waiting,0.0,-0.04098508410924756
model_agnostic_replication_behavior-509fc0192da2022d-m1,waiting,1.25,0.8428233377885896
model_agnostic_replication_behavior-50e234967447e8a7-m0,effort,-0.6249999999999999,-1.0385311790590994
model_agnostic_replication_behavior-50e234967447e8a7-m1,effort,-0.25,-0.3664996166653944
model_agnostic_replication_behavior-50e43c8d119440a9-m0,waiting,-0.7500000000000001,-0.8633297750704322
model_agnostic_replication_behavior-50e43c8d119440a9-m1,waiting,-0.37499999999999994,0.0204786468274053
model_agnostic_replication_behavior-51620b8355d53665-m0,bandit,-1.125,-1.3930236837238745
model_agnostic_replication_behavior-51620b8355d53665-m1,bandit,-0.8750000000000002,0.10509679682103955
model_agnostic_replication_behavior-51b6d4b4b1319432-m0,solvability,-0.7500000000000001,-0.8025348247457486
model_agnostic_replication_behavior-51b6d4b4b1319432-m1,solvability,-1.5,-0.45488342764129996
model_agnostic_replication_behavior-51f61c105fb3584d-m0,foraging,-1.7499999999999998,-1.2536335774979734
model_agnostic_replication_behavior-51f61c105fb3584d-m1,foraging,-1.625,-1.6010508504815864
model_agnostic_replication_behavior-5221b4e7ed9fd987-m0,effort,-1.0000000000000002,-1.1835623971178455
model_agnostic_replication_behavior-5221b4e7ed9fd987-m1,effort,-0.5,-0.5115308347241402
model_agnostic_replication_behavior-522537fcd588bc98-m0,information_sampling,-0.7500000000000001,-0.8051543081746438
model_agnostic_replication_behavior-522537fcd588bc98-m1,information_sampling,-0.7500000000000001,-0.895519439995815
model_agnostic_replication_behavior-523c4ef283595988-m0,information_sampling,-1.0000000000000002,-0.8232967779187442
model_agnostic_replication_behavior-523c4ef283595988-m1,information_sampling,-0.8750000000000002,-0.9136619097399153
model_agnostic_replication_behavior-525787ad169b4b4f-m0,debugging,-3.125,-1.4022373884683155
model_agnostic_replication_behavior-525787ad169b4b4f-m1,debugging,-2.0,-1.1701287357266184
model_agnostic_replication_behavior-526d048d618540ab-m0,solvability,0.8750000000000001,0.07309603474261767
model_agnostic_replication_behavior-526d048d618540ab-m1,solvability,0.7500000000000002,0.4207474318470664
model_agnostic_replication_behavior-529abcc99037b0c5-m0,bandit,0.5,0.102597600236223
model_agnostic_replication_behavior-529abcc99037b0c5-m1,bandit,1.75,1.600718080781137
model_agnostic_replication_behavior-52a114999f345020-m0,bandit,-3.625,-3.031092229409306
model_agnostic_replication_behavior-52a114999f345020-m1,bandit,-1.7499999999999998,-1.5329717488643917
model_agnostic_replication_behavior-52c8688663bff0ad-m0,debugging,-1.125,-1.5252769650945872
model_agnostic_replication_behavior-52c8688663bff0ad-m1,debugging,-1.25,-1.29316831235289
model_agnostic_replication_behavior-52f00f8c236224e0-m0,debugging,-0.6249999999999999,-0.5653620231576442
model_agnostic_replication_behavior-52f00f8c236224e0-m1,debugging,-1.875,-0.33325337041594705
model_agnostic_replication_behavior-531112c61f78fe8d-m0,foraging,-1.0000000000000002,-1.844698849028426
model_agnostic_replication_behavior-531112c61f78fe8d-m1,foraging,-2.875,-2.1921161220120386
model_agnostic_replication_behavior-532ccb12f35d6253-m0,information_sampling,0.0,-0.34739335204626415
model_agnostic_replication_behavior-532ccb12f35d6253-m1,information_sampling,-0.6249999999999999,-0.437758483867435
model_agnostic_replication_behavior-5362105bbcbe0b90-m0,foraging,-0.25,-1.1333481670260157
model_agnostic_replication_behavior-5362105bbcbe0b90-m1,foraging,-3.0,-1.4807654400096286
model_agnostic_replication_behavior-5393a1c349454d35-m0,debugging,-1.0000000000000002,-1.182353975357647
model_agnostic_replication_behavior-5393a1c349454d35-m1,debugging,-1.25,-0.9502453226159502
model_agnostic_replication_behavior-53c7fd6e11f67252-m0,solvability,1.25,0.5584154322929229
model_agnostic_replication_behavior-53c7fd6e11f67252-m1,solvability,1.75,0.9060668293973718
model_agnostic_replication_behavior-53cccb4c2339b1d4-m0,information_sampling,-0.25,-0.18107271328308944
model_agnostic_replication_behavior-53cccb4c2339b1d4-m1,information_sampling,-0.37499999999999994,-0.27143784510426044
model_agnostic_replication_behavior-544ea603a750e186-m0,bandit,-2.625,-1.7110816740510262
model_agnostic_replication_behavior-544ea603a750e186-m1,bandit,-1.125,-0.2129611935061121
model_agnostic_replication_behavior-5454fa682cb71c20-m0,waiting,-1.0000000000000002,-1.4998913072759483
model_agnostic_replication_behavior-5454fa682cb71c20-m1,waiting,-1.125,-0.6160828853781112
model_agnostic_replication_behavior-54e2895ef72fc300-m0,effort,-5.25,-3.2425897015552976
model_agnostic_replication_behavior-54e2895ef72fc300-m1,effort,-3.75,-2.5705581391615926
model_agnostic_replication_behavior-552da6de29b9cec7-m0,waiting,-1.7499999999999998,-1.603588340197074
model_agnostic_replication_behavior-552da6de29b9cec7-m1,waiting,0.125,-0.7197799182992367
model_agnostic_replication_behavior-5534a49a0bfd2a49-m0,effort,-2.25,-1.1663752983770532
model_agnostic_replication_behavior-5534a49a0bfd2a49-m1,effort,-0.7500000000000001,-0.4943437359833481
model_agnostic_replication_behavior-55a3f6925a08c7dc-m0,effort,0.5,0.13233438225233457
model_agnostic_replication_behavior-55a3f6925a08c7dc-m1,effort,0.37499999999999994,0.8043659446460396
model_agnostic_replication_behavior-55d4d622e6a5f777-m0,information_sampling,-0.6249999999999999,-0.3278326031140153
model_agnostic_replication_behavior-55d4d622e6a5f777-m1,information_sampling,-0.25,-0.4181977349351863
model_agnostic_replication_behavior-55dde14d27c256b9-m0,bandit,-1.0000000000000002,-1.7760570772013593
model_agnostic_replication_behavior-55dde14d27c256b9-m1,bandit,-1.7499999999999998,-0.2779365966564452
model_agnostic_replication_behavior-55ec41ba10aaa29b-m0,waiting,-1.125,-0.20082154639236577
model_agnostic_replication_behavior-55ec41ba10aaa29b-m1,waiting,1.5000000000000002,0.6829868755054715
model_agnostic_replication_behavior-56166a66cf1d3d0b-m0,foraging,-1.875,-1.0427399857487227
model_agnostic_replication_behavior-56166a66cf1d3d0b-m1,foraging,-1.7499999999999998,-1.3901572587323354
model_agnostic_replication_behavior-561e4bcc970d2512-m0,solvability,2.375,2.646452681958363
model_agnostic_replication_behavior-561e4bcc970d2512-m1,solvability,4.375,2.994104079062812
model_agnostic_replication_behavior-5626f51e4982a764-m0,foraging,-0.6249999999999999,-0.04592393776104908
model_agnostic_replication_behavior-5626f51e4982a764-m1,foraging,-0.5,-0.393341210744662
model_agnostic_replication_behavior-5665233533bc698c-m0,foraging,-1.125,-0.9695566282646542
model_agnostic_replication_behavior-5665233533bc698c-m1,foraging,-1.375,-1.316973901248267
model_agnostic_replication_behavior-5673fc97d3eb09d8-m0,information_sampling,0.0,-0.4319657301836318
model_agnostic_replication_behavior-5673fc97d3eb09d8-m1,information_sampling,-0.6249999999999999,-0.5223308620048026
model_agnostic_replication_behavior-56ae6336b1a0322f-m0,solvability,0.8750000000000001,0.15674341002164316
model_agnostic_replication_behavior-56ae6336b1a0322f-m1,solvability,0.8750000000000001,0.5043948071260921
model_agnostic_replication_behavior-5725174159c27cdf-m0,information_sampling,0.0,-0.21069274511522473
model_agnostic_replication_behavior-5725174159c27cdf-m1,information_sampling,-0.37499999999999994,-0.30105787693639563
model_agnostic_replication_behavior-572bc99f9e6a6f14-m0,effort,-4.125,-3.367974375069797
model_agnostic_replication_behavior-572bc99f9e6a6f14-m1,effort,-2.5,-2.6959428126760923
model_agnostic_replication_behavior-573f5b34875115a1-m0,solvability,2.125,1.9736057173866315
model_agnostic_replication_behavior-573f5b34875115a1-m1,solvability,2.75,2.3212571144910803
model_agnostic_replication_behavior-5752dd5eb8701349-m0,effort,-1.25,-1.9954769881416463
model_agnostic_replication_behavior-5752dd5eb8701349-m1,effort,-1.25,-1.3234454257479413
model_agnostic_replication_behavior-5758f6e5429daad8-m0,bandit,-2.0,-1.7150839253129742
model_agnostic_replication_behavior-5758f6e5429daad8-m1,bandit,0.125,-0.2169634447680599
model_agnostic_replication_behavior-57851d72e088e3d0-m0,effort,0.7500000000000002,-0.17790438339444858
model_agnostic_replication_behavior-57851d72e088e3d0-m1,effort,0.37499999999999994,0.49412717899925634
model_agnostic_replication_behavior-57891464a4d40415-m0,debugging,-0.7500000000000001,-1.2047856586658052
model_agnostic_replication_behavior-57891464a4d40415-m1,debugging,-2.75,-0.972677005924108
model_agnostic_replication_behavior-578fb89988e5862f-m0,debugging,-0.8750000000000002,-0.4513557790377808
model_agnostic_replication_behavior-578fb89988e5862f-m1,debugging,-2.25,-0.21924712629608345
model_agnostic_replication_behavior-5790c57e72b6df0b-m0,waiting,-0.7500000000000001,-0.5786079164400956
model_agnostic_replication_behavior-5790c57e72b6df0b-m1,waiting,0.37499999999999994,0.305200505457742
model_agnostic_replication_behavior-581192d82e188dee-m0,debugging,0.5,0.5273995036863206
model_agnostic_replication_behavior-581192d82e188dee-m1,debugging,0.7500000000000002,0.7595081564280171
model_agnostic_replication_behavior-58401eaf774a31f3-m0,effort,1.25,0.3289741756170098
model_agnostic_replication_behavior-58401eaf774a31f3-m1,effort,0.0,1.001005738010715
model_agnostic_replication_behavior-5878cabd96cf26d6-m0,information_sampling,-1.875,-1.0302953237778838
model_agnostic_replication_behavior-5878cabd96cf26d6-m1,information_sampling,-0.8750000000000002,-1.120660455599055
model_agnostic_replication_behavior-58c6daab1c11174e-m0,foraging,-1.0000000000000002,-0.9390200816243317
model_agnostic_replication_behavior-58c6daab1c11174e-m1,foraging,-2.375,-1.2864373546079446
model_agnostic_replication_behavior-58d8026566606166-m0,waiting,1.625,1.08234020103636
model_agnostic_replication_behavior-58d8026566606166-m1,waiting,1.8749999999999998,1.9661486229341971
model_agnostic_replication_behavior-58fbd6f086765ff8-m0,debugging,-3.0,-2.8961706739353357
model_agnostic_replication_behavior-58fbd6f086765ff8-m1,debugging,-1.7499999999999998,-2.6640620211936383
model_agnostic_replication_behavior-592e9140ff981b73-m0,waiting,0.0,-0.05724755196113129
model_agnostic_replication_behavior-592e9140ff981b73-m1,waiting,0.5,0.8265608699367062
model_agnostic_replication_behavior-596f7e9576156026-m0,effort,-0.8750000000000002,-1.442910650750349
model_agnostic_replication_behavior-596f7e9576156026-m1,effort,-1.0000000000000002,-0.7708790883566442
model_agnostic_replication_behavior-599a19dbc03d60a7-m0,bandit,-3.375,-2.6961503580979214
model_agnostic_replication_behavior-599a19dbc03d60a7-m1,bandit,-1.375,-1.1980298775530074
model_agnostic_replication_behavior-59ad83ddf97e0143-m0,bandit,-2.375,-2.3219882932286584
model_agnostic_replication_behavior-59ad83ddf97e0143-m1,bandit,-1.375,-0.823867812683744
model_agnostic_replication_behavior-59bcff70b9e24a74-m0,bandit,-2.75,-3.2699822321821674
model_agnostic_replication_behavior-59bcff70b9e24a74-m1,bandit,-2.75,-1.7718617516372535
model_agnostic_replication_behavior-59e08ff161cd25a6-m0,bandit,-5.625,-4.239551575993893
model_agnostic_replication_behavior-59e08ff161cd25a6-m1,bandit,-3.0,-2.741431095448979
model_agnostic_replication_behavior-59f06017e63ffe50-m0,effort,-0.12500000000000006,-0.6028597423758656
model_agnostic_replication_behavior-59f06017e63ffe50-m1,effort,-0.12500000000000006,0.06917182001783972
model_agnostic_replication_behavior-59fb9259f8bbca66-m0,effort,-1.5,-1.610855975897345
model_agnostic_replication_behavior-59fb9259f8bbca66-m1,effort,-1.375,-0.9388244135036399
model_agnostic_replication_behavior-5a1d1cb1b8d78270-m0,bandit,0.0,-0.5596708568622246
model_agnostic_replication_behavior-5a1d1cb1b8d78270-m1,bandit,1.125,0.9384496236826895
model_agnostic_replication_behavior-5a3b0b7aab65e085-m0,foraging,-0.12500000000000006,-0.374819409139453
model_agnostic_replication_behavior-5a3b0b7aab65e085-m1,foraging,0.0,-0.7222366821230659
model_agnostic_replication_behavior-5a3c3f6d0d3ad32e-m0,solvability,1.25,1.3324387185711744
model_agnostic_replication_behavior-5a3c3f6d0d3ad32e-m1,solvability,1.125,1.6800901156756236
model_agnostic_replication_behavior-5a3dd96da89ab6b5-m0,bandit,-4.5,-3.8941562063671937
model_agnostic_replication_behavior-5a3dd96da89ab6b5-m1,bandit,-2.0,-2.3960357258222795
model_agnostic_replication_behavior-5a62589b143e1e6b-m0,foraging,0.8750000000000001,0.05213278903717178
model_agnostic_replication_behavior-5a62589b143e1e6b-m1,foraging,-0.37499999999999994,-0.29528448394644113
model_agnostic_replication_behavior-5a701d7b3d8f25e7-m0,information_sampling,-0.5,-0.4089146602891902
model_agnostic_replication_behavior-5a701d7b3d8f25e7-m1,information_sampling,-0.5,-0.4992797921103611
model_agnostic_replication_behavior-5aa4ed07227965f1-m0,effort,-1.875,-1.687838188074955
model_agnostic_replication_behavior-5aa4ed07227965f1-m1,effort,-2.0,-1.01580662568125
model_agnostic_replication_behavior-5ab9a5e47f89bb17-m0,foraging,0.37499999999999994,0.40831398466300184
model_agnostic_replication_behavior-5ab9a5e47f89bb17-m1,foraging,0.24999999999999992,0.060896711679388926
model_agnostic_replication_behavior-5ac4a33618114d61-m0,debugging,-1.125,-1.0169209869586862
model_agnostic_replication_behavior-5ac4a33618114d61-m1,debugging,-0.5,-0.7848123342169888
model_agnostic_replication_behavior-5b26e9ef4c4c7858-m0,effort,-3.375,-2.6535248943331595
model_agnostic_replication_behavior-5b26e9ef4c4c7858-m1,effort,-2.125,-1.9814933319394545
model_agnostic_replication_behavior-5b6a4a0c617f15cb-m0,foraging,-2.25,-1.750725584004242
model_agnostic_replication_behavior-5b6a4a0c617f15cb-m1,foraging,-1.7499999999999998,-2.098142856987855
model_agnostic_replication_behavior-5b831714becd5fb3-m0,information_sampling,-0.5,-0.26493813561238366
model_agnostic_replication_behavior-5b831714becd5fb3-m1,information_sampling,-0.5,-0.35530326743355467
model_agnostic_replication_behavior-5b92fe60d8cdee6e-m0,solvability,-1.625,-1.309146320749662
model_agnostic_replication_behavior-5b92fe60d8cdee6e-m1,solvability,-0.8750000000000002,-0.9614949236452136
model_agnostic_replication_behavior-5bd991ed2f424c0f-m0,bandit,-1.0000000000000002,-1.2927453226718524
model_agnostic_replication_behavior-5bd991ed2f424c0f-m1,bandit,0.0,0.2053751578730615
model_agnostic_replication_behavior-5c04c6e103c60551-m0,effort,-0.8750000000000002,-0.3352141774874048
model_agnostic_replication_behavior-5c04c6e103c60551-m1,effort,0.0,0.3368173849063003
model_agnostic_replication_behavior-5c57cdc846e8fbc4-m0,effort,-0.25,0.043844352389871555
model_agnostic_replication_behavior-5c57cdc846e8fbc4-m1,effort,-0.12500000000000006,0.7158759147835767
model_agnostic_replication_behavior-5c67701dc8178d46-m0,waiting,-1.125,-0.41895861315546123
model_agnostic_replication_behavior-5c67701dc8178d46-m1,waiting,0.625,0.464849808742376
model_agnostic_replication_behavior-5cadcf5d320db151-m0,effort,-0.5,-1.1692084291642524
model_agnostic_replication_behavior-5cadcf5d320db151-m1,effort,-0.12500000000000006,-0.4971768667705473
model_agnostic_replication_behavior-5cf4e3a862d5fbe3-m0,waiting,-0.8750000000000002,-0.5922267327285479
model_agnostic_replication_behavior-5cf4e3a862d5fbe3-m1,waiting,1.25,0.2915816891692895
model_agnostic_replication_behavior-5d2d175d608c0315-m0,bandit,-5.125,-3.777216199650354
model_agnostic_replication_behavior-5d2d175d608c0315-m1,bandit,-2.25,-2.2790957191054395
model_agnostic_replication_behavior-5d7ed85be537a981-m0,information_sampling,0.37499999999999994,0.10690446497777684
model_agnostic_replication_behavior-5d7ed85be537a981-m1,information_sampling,-0.5,0.01653933315660594
model_agnostic_replication_behavior-5d7f871382944780-m0,solvability,2.125,1.5699951622819532
model_agnostic_replication_behavior-5d7f871382944780-m1,solvability,1.75,1.917646559386402
model_agnostic_replication_behavior-5dc18e2e9cdc73f3-m0,bandit,-1.7499999999999998,-2.0075403814176873
model_agnostic_replication_behavior-5dc18e2e9cdc73f3-m1,bandit,-0.5,-0.5094199008727733
model_agnostic_replication_behavior-5dc26b78f9ddaaaa-m0,bandit,-1.625,-1.8972632268292111
model_agnostic_replication_behavior-5dc26b78f9ddaaaa-m1,bandit,-1.0000000000000002,-0.3991427462842976
model_agnostic_replication_behavior-5e203daf0a1b254b-m0,solvability,1.8749999999999998,1.8853109787086217
model_agnostic_replication_behavior-5e203daf0a1b254b-m1,solvability,2.625,2.232962375813071
model_agnostic_replication_behavior-5e387e966bb45636-m0,waiting,-1.125,-1.0913026143680002
model_agnostic_replication_behavior-5e387e966bb45636-m1,waiting,-0.5,-0.20749419247016287
model_agnostic_replication_behavior-5e7080e026c16251-m0,waiting,-1.125,-1.1710874580094646
model_agnostic_replication_behavior-5e7080e026c16251-m1,waiting,-0.6249999999999999,-0.2872790361116273
model_agnostic_replication_behavior-5e902921682207f7-m0,effort,-0.25,-0.3740827381025834
model_agnostic_replication_behavior-5e902921682207f7-m1,effort,0.37499999999999994,0.2979488242911215
model_agnostic_replication_behavior-5e947401a0fff6ac-m0,effort,0.0,-1.08339365031369
model_agnostic_replication_behavior-5e947401a0fff6ac-m1,effort,-1.0000000000000002,-0.4113620879199851
model_agnostic_replication_behavior-5ec406c92ca5c045-m0,effort,0.24999999999999992,0.14447690333139537
model_agnostic_replication_behavior-5ec406c92ca5c045-m1,effort,0.24999999999999992,0.8165084657251004
model_agnostic_replication_behavior-5ecd6d7f5851d726-m0,effort,-4.125,-2.751914315093099
model_agnostic_replication_behavior-5ecd6d7f5851d726-m1,effort,-2.25,-2.079882752699394
model_agnostic_replication_behavior-5ee12bc856f177c9-m0,foraging,-0.12500000000000006,-0.6325846059940063
model_agnostic_replication_behavior-5ee12bc856f177c9-m1,foraging,-0.7500000000000001,-0.980001878977619
model_agnostic_replication_behavior-5f50067ffc620625-m0,information_sampling,-0.6249999999999999,-0.6551090594673404
model_agnostic_replication_behavior-5f50067ffc620625-m1,information_sampling,-0.8750000000000002,-0.7454741912885114
model_agnostic_replication_behavior-5f86a4ca3f52f34a-m0,information_sampling,0.0,-0.13559991688796558
model_agnostic_replication_behavior-5f86a4ca3f52f34a-m1,information_sampling,-0.37499999999999994,-0.22596504870913625
model_agnostic_replication_behavior-5f883cd2252175ee-m0,waiting,2.125,0.6122256802234223
model_agnostic_replication_behavior-5f883cd2252175ee-m1,waiting,1.625,1.4960341021212598
model_agnostic_replication_behavior-5fadc4c19efb4006-m0,effort,-4.625,-2.9534143270862936
model_agnostic_replication_behavior-5fadc4c19efb4006-m1,effort,-1.625,-2.281382764692588
model_agnostic_replication_behavior-5fbfa38b7cbda6d3-m0,foraging,-0.5,-0.6559920572103481
model_agnostic_replication_behavior-5fbfa38b7cbda6d3-m1,foraging,-0.5,-1.003409330193961
model_agnostic_replication_behavior-5fe46460c07cb043-m0,foraging,-1.125,-1.0637086162596456
model_agnostic_replication_behavior-5fe46460c07cb043-m1,foraging,-0.8750000000000002,-1.4111258892432588
model_agnostic_replication_behavior-600e7a249b36d3e8-m0,information_sampling,-0.7500000000000001,-0.8206824447378065
model_agnostic_replication_behavior-600e7a249b36d3e8-m1,information_sampling,-0.7500000000000001,-0.9110475765589774
model_agnostic_replication_behavior-601be9f746c020cb-m0,information_sampling,0.0,-0.24299909885916637
model_agnostic_replication_behavior-601be9f746c020cb-m1,information_sampling,-0.5,-0.3333642306803375
model_agnostic_replication_behavior-601e36bc8bfe9339-m0,information_sampling,0.125,-0.257042588539517
model_agnostic_replication_behavior-601e36bc8bfe9339-m1,information_sampling,-0.37499999999999994,-0.3474077203606879
model_agnostic_replication_behavior-6043cd20517c2ec9-m0,foraging,0.8750000000000001,-0.7818337431444641
model_agnostic_replication_behavior-6043cd20517c2ec9-m1,foraging,-0.8750000000000002,-1.1292510161280769
model_agnostic_replication_behavior-60659f01d55f9143-m0,solvability,-0.6249999999999999,-0.7145715854380067
model_agnostic_replication_behavior-60659f01d55f9143-m1,solvability,-0.37499999999999994,-0.3669201883335579
model_agnostic_replication_behavior-607f31ffadb918f0-m0,bandit,-1.25,-1.3680510638175203
model_agnostic_replication_behavior-607f31ffadb918f0-m1,bandit,-0.8750000000000002,0.1300694167273937
model_agnostic_replication_behavior-6092c4d532df81de-m0,effort,-0.12500000000000006,-0.9745764451946437
model_agnostic_replication_behavior-6092c4d532df81de-m1,effort,-0.25,-0.3025448828009385
model_agnostic_replication_behavior-60d5ea62c3b4b9f4-m0,bandit,-0.5,-0.5665726659438683
model_agnostic_replication_behavior-60d5ea62c3b4b9f4-m1,bandit,-0.37499999999999994,0.9315478146010455
model_agnostic_replication_behavior-60f375b587cbc923-m0,waiting,-2.375,-1.761539961913273
model_agnostic_replication_behavior-60f375b587cbc923-m1,waiting,-0.12500000000000006,-0.8777315400154355
model_agnostic_replication_behavior-6101077c5854b4c6-m0,waiting,1.625,0.6369168423213794
model_agnostic_replication_behavior-6101077c5854b4c6-m1,waiting,1.8749999999999998,1.5207252642192168
model_agnostic_replication_behavior-6106e25d27e35a5f-m0,information_sampling,0.24999999999999992,-0.14242094414734996
model_agnostic_replication_behavior-6106e25d27e35a5f-m1,information_sampling,-0.6249999999999999,-0.23278607596852097
model_agnostic_replication_behavior-610b89fca2df76a2-m0,waiting,0.7500000000000002,0.48365290804838734
model_agnostic_replication_behavior-610b89fca2df76a2-m1,waiting,2.25,1.3674613299462248
model_agnostic_replication_behavior-6113f91ac737dddc-m0,information_sampling,-0.5,-0.4057601892798619
model_agnostic_replication_behavior-6113f91ac737dddc-m1,information_sampling,-0.6249999999999999,-0.49612532110103286
model_agnostic_replication_behavior-612146e7111a9040-m0,debugging,-1.875,-2.42186476229975
model_agnostic_replication_behavior-612146e7111a9040-m1,debugging,-1.375,-2.1897561095580524
model_agnostic_replication_behavior-615c5894bd696b1d-m0,effort,0.24999999999999992,-0.4890585538249729
model_agnostic_replication_behavior-615c5894bd696b1d-m1,effort,0.0,0.18297300856873222
model_agnostic_replication_behavior-61bab03b7877e229-m0,foraging,1.0,0.43360381661300484
model_agnostic_replication_behavior-61bab03b7877e229-m1,foraging,-1.125,0.08618654362939215
model_agnostic_replication_behavior-622576f8901553d2-m0,bandit,-0.6249999999999999,-0.8318155213583617
model_agnostic_replication_behavior-622576f8901553d2-m1,bandit,0.125,0.6663049591865526
model_agnostic_replication_behavior-6230a439f569f8db-m0,debugging,-0.12500000000000006,0.09255040866184938
model_agnostic_replication_behavior-6230a439f569f8db-m1,debugging,-0.6249999999999999,0.3246590614035465
model_agnostic_replication_behavior-6233c09337b6442f-m0,foraging,-1.0000000000000002,-1.4221124431015864
model_agnostic_replication_behavior-6233c09337b6442f-m1,foraging,-2.0,-1.769529716085199
model_agnostic_replication_behavior-62376fe3aa0921db-m0,debugging,-1.875,-1.2348814902781338
model_agnostic_replication_behavior-62376fe3aa0921db-m1,debugging,-2.5,-1.0027728375364369
model_agnostic_replication_behavior-62397028b568bcca-m0,solvability,0.7500000000000002,0.30710825214374265
model_agnostic_replication_behavior-62397028b568bcca-m1,solvability,0.7500000000000002,0.6547596492481916
model_agnostic_replication_behavior-623f7b5c5ad391f2-m0,waiting,-0.12500000000000006,-0.09956197871755568
model_agnostic_replication_behavior-623f7b5c5ad391f2-m1,waiting,0.24999999999999992,0.7842464431802818
model_agnostic_replication_behavior-629136a9efe1146e-m0,waiting,-0.7500000000000001,-0.677479175706224
model_agnostic_replication_behavior-629136a9efe1146e-m1,waiting,0.125,0.2063292461916133
model_agnostic_replication_behavior-6324fb4c5137a3d7-m0,effort,0.24999999999999992,0.1989851438601815
model_agnostic_replication_behavior-6324fb4c5137a3d7-m1,effort,0.37499999999999994,0.8710167062538865
model_agnostic_replication_behavior-633803ec801a8361-m0,effort,-2.125,-1.839970839665693
model_agnostic_replication_behavior-633803ec801a8361-m1,effort,-0.8750000000000002,-1.167939277271988
model_agnostic_replication_behavior-6368b11428cbab5a-m0,solvability,-3.625,-2.6541533705904325
model_agnostic_replication_behavior-6368b11428cbab5a-m1,solvability,-1.375,-2.3065019734859837
model_agnostic_replication_behavior-638ddc873eda256d-m0,bandit,-3.25,-2.769710000915549
model_agnostic_replication_behavior-638ddc873eda256d-m1,bandit,-1.7499999999999998,-1.2715895203706347
model_agnostic_replication_behavior-639c04c6902fca5b-m0,information_sampling,-0.7500000000000001,-0.5522678708842164
model_agnostic_replication_behavior-639c04c6902fca5b-m1,information_sampling,-0.7500000000000001,-0.6426330027053873
model_agnostic_replication_behavior-639de2d52f328eb7-m0,solvability,-2.75,-2.0328173453910994
model_agnostic_replication_behavior-639de2d52f328eb7-m1,solvability,-0.8750000000000002,-1.6851659482866506
model_agnostic_replication_behavior-63df0b182805f065-m0,information_sampling,-0.6249999999999999,-0.46104449547178716
model_agnostic_replication_behavior-63df0b182805f065-m1,information_sampling,-0.6249999999999999,-0.5514096272929582
model_agnostic_replication_behavior-63e18f66a844a52d-m0,effort,-1.25,-1.059271967497842
model_agnostic_replication_behavior-63e18f66a844a52d-m1,effort,-0.7500000000000001,-0.38724040510413676
model_agnostic_replication_behavior-63f036aa6f1d6831-m0,effort,-0.8750000000000002,-1.0376418576445232
model_agnostic_replication_behavior-63f036aa6f1d6831-m1,effort,-0.7500000000000001,-0.3656102952508179
model_agnostic_replication_behavior-6405d99c270c2755-m0,bandit,-3.5,-3.11877653228324
model_agnostic_replication_behavior-6405d99c270c2755-m1,bandit,-2.25,-1.620656051738326
model_agnostic_replication_behavior-64212767e757765c-m0,debugging,-1.375,-1.4496515187482393
model_agnostic_replication_behavior-64212767e757765c-m1,debugging,-1.25,-1.2175428660065424
model_agnostic_replication_behavior-643f42843117f083-m0,bandit,-2.0,-1.7130381808277257
model_agnostic_replication_behavior-643f42843117f083-m1,bandit,-0.5,-0.21491770028281176
model_agnostic_replication_behavior-64aa2192710e7d42-m0,solvability,1.5000000000000002,1.309169012986478
model_agnostic_replication_behavior-64aa2192710e7d42-m1,solvability,1.625,1.6568204100909267
model_agnostic_replication_behavior-64fce967120fa695-m0,solvability,-1.25,-1.3294548869113183
model_agnostic_replication_behavior-64fce967120fa695-m1,solvability,-0.6249999999999999,-0.9818034898068692
model_agnostic_replication_behavior-65162e39c38e5db8-m0,effort,-0.8750000000000002,-1.1686025677364469
model_agnostic_replication_behavior-65162e39c38e5db8-m1,effort,-0.12500000000000006,-0.49657100534274173
model_agnostic_replication_behavior-656095579b43eb28-m0,information_sampling,0.125,-0.10520076409724943
model_agnostic_replication_behavior-656095579b43eb28-m1,information_sampling,-0.6249999999999999,-0.1955658959184201
model_agnostic_replication_behavior-656a809a3dbcd6bd-m0,effort,-5.25,-3.983924000225925
model_agnostic_replication_behavior-656a809a3dbcd6bd-m1,effort,-2.875,-3.3118924378322196
model_agnostic_replication_behavior-65958bdac7f6c8a3-m0,solvability,-1.25,-0.4052673153800874
model_agnostic_replication_behavior-65958bdac7f6c8a3-m1,solvability,0.125,-0.0576159182756385
model_agnostic_replication_behavior-65f11026cc892904-m0,solvability,0.8750000000000001,0.4152690097687821
model_agnostic_replication_behavior-65f11026cc892904-m1,solvability,0.8750000000000001,0.7629204068732309
model_agnostic_replication_behavior-65fab96187d772ae-m0,information_sampling,-1.375,-0.9288593523830689
model_agnostic_replication_behavior-65fab96187d772ae-m1,information_sampling,-1.125,-1.0192244842042397
model_agnostic_replication_behavior-6618e4557e8cc921-m0,waiting,-0.25,-0.6712353694006037
model_agnostic_replication_behavior-6618e4557e8cc921-m1,waiting,-0.37499999999999994,0.21257305249723346
model_agnostic_replication_behavior-668b650574d3ac22-m0,foraging,-0.6249999999999999,-0.8422340985819069
model_agnostic_replication_behavior-668b650574d3ac22-m1,foraging,-2.0,-1.1896513715655197
model_agnostic_replication_behavior-669bcbf6893e526f-m0,effort,-0.7500000000000001,-0.4288636242355232
model_agnostic_replication_behavior-669bcbf6893e526f-m1,effort,-0.6249999999999999,0.24316793815818188
model_agnostic_replication_behavior-66c640a6c48d9703-m0,waiting,-1.625,-0.7453818834822725
model_agnostic_replication_behavior-66c640a6c48d9703-m1,waiting,0.625,0.13842653841556474
model_agnostic_replication_behavior-66e1bc980339f284-m0,waiting,-0.8750000000000002,-0.23347000941564994
model_agnostic_replication_behavior-66e1bc980339f284-m1,waiting,0.7500000000000002,0.6503384124821874
model_agnostic_replication_behavior-66f3d132267e77a9-m0,solvability,0.24999999999999992,0.10538926819801053
model_agnostic_replication_behavior-66f3d132267e77a9-m1,solvability,0.37499999999999994,0.45304066530245946
model_agnostic_replication_behavior-67008621f5409878-m0,waiting,-1.125,-1.2352206248824147
model_agnostic_replication_behavior-67008621f5409878-m1,waiting,-0.12500000000000006,-0.3514122029845774
model_agnostic_replication_behavior-67095842611af360-m0,waiting,1.625,1.2807276453249234
model_agnostic_replication_behavior-67095842611af360-m1,waiting,1.3750000000000002,2.1645360672227607
model_agnostic_replication_behavior-6730abb08d10a71a-m0,foraging,0.24999999999999992,0.09346217874804086
model_agnostic_replication_behavior-6730abb08d10a71a-m1,foraging,0.0,-0.25395509423557205
model_agnostic_replication_behavior-67ab4dc5f29d1a3e-m0,bandit,-2.0,-2.6638655959337436
model_agnostic_replication_behavior-67ab4dc5f29d1a3e-m1,bandit,-0.8750000000000002,-1.1657451153888299
model_agnostic_replication_behavior-67c15091b8b02790-m0,information_sampling,-0.7500000000000001,-0.6179449898591793
model_agnostic_replication_behavior-67c15091b8b02790-m1,information_sampling,-0.7500000000000001,-0.7083101216803502
model_agnostic_replication_behavior-67f1f43fd372a5e6-m0,debugging,-0.25,-0.15205423226619663
model_agnostic_replication_behavior-67f1f43fd372a5e6-m1,debugging,0.625,0.08005442047550071
model_agnostic_replication_behavior-681f45967e5099d4-m0,information_sampling,0.0,-0.33693094853234234
model_agnostic_replication_behavior-681f45967e5099d4-m1,information_sampling,-0.5,-0.4272960803535134
model_agnostic_replication_behavior-6835cdf4e8e9ee72-m0,waiting,-0.8750000000000002,-1.1362249076846311
model_agnostic_replication_behavior-6835cdf4e8e9ee72-m1,waiting,0.125,-0.25241648578679365
model_agnostic_replication_behavior-68380dc32add63fe-m0,debugging,-1.375,-1.667083577816238
model_agnostic_replication_behavior-68380dc32add63fe-m1,debugging,-3.125,-1.434974925074541
model_agnostic_replication_behavior-68a80c858c865a6f-m0,information_sampling,0.0,-0.6837582238452207
model_agnostic_replication_behavior-68a80c858c865a6f-m1,information_sampling,-0.6249999999999999,-0.7741233556663916
model_agnostic_replication_behavior-68ae11c4abe9a4ae-m0,debugging,-1.625,-1.5002520222582079
model_agnostic_replication_behavior-68ae11c4abe9a4ae-m1,debugging,-1.25,-1.2681433695165107
model_agnostic_replication_behavior-68e05cead3863265-m0,solvability,0.24999999999999992,-0.38292452093945906
model_agnostic_replication_behavior-68e05cead3863265-m1,solvability,0.37499999999999994,-0.03527312383501002
model_agnostic_replication_behavior-68f3cef6eeb9d4af-m0,information_sampling,-1.25,-1.1318945194199455
model_agnostic_replication_behavior-68f3cef6eeb9d4af-m1,information_sampling,-0.7500000000000001,-1.2222596512411166
model_agnostic_replication_behavior-690f7412fdbe91e6-m0,waiting,-1.5,-1.2149248149455183
model_agnostic_replication_behavior-690f7412fdbe91e6-m1,waiting,-0.12500000000000006,-0.33111639304768087
model_agnostic_replication_behavior-695669daa810eccd-m0,foraging,0.37499999999999994,-0.2937781924322314
model_agnostic_replication_behavior-695669daa810eccd-m1,foraging,-0.7500000000000001,-0.6411954654158444
model_agnostic_replication_behavior-697a7ee2c95a6893-m0,debugging,-1.25,-1.5974180754931815
model_agnostic_replication_behavior-697a7ee2c95a6893-m1,debugging,-1.7499999999999998,-1.3653094227514846
model_agnostic_replication_behavior-6982fb17e6f789a6-m0,debugging,-0.8750000000000002,-1.0091947572349222
model_agnostic_replication_behavior-6982fb17e6f789a6-m1,debugging,-1.5,-0.7770861044932253
model_agnostic_replication_behavior-699a3744eeb18eea-m0,solvability,0.37499999999999994,0.6859060891185361
model_agnostic_replication_behavior-699a3744eeb18eea-m1,solvability,1.0,1.0335574862229846
model_agnostic_replication_behavior-69c2cbef7ef58b34-m0,foraging,-0.7500000000000001,-1.3748732611396979
model_agnostic_replication_behavior-69c2cbef7ef58b34-m1,foraging,-1.7499999999999998,-1.7222905341233108
model_agnostic_replication_behavior-69cdfdb613f3baee-m0,debugging,-0.5,-0.830350855014966
model_agnostic_replication_behavior-69cdfdb613f3baee-m1,debugging,-0.37499999999999994,-0.5982422022732689
model_agnostic_replication_behavior-6a2a854c9bad0604-m0,solvability,1.625,1.2944157885764336
model_agnostic_replication_behavior-6a2a854c9bad0604-m1,solvability,2.25,1.6420671856808824
model_agnostic_replication_behavior-6a7dc93c98330b64-m0,waiting,1.0,0.6422830769305563
model_agnostic_replication_behavior-6a7dc93c98330b64-m1,waiting,1.5000000000000002,1.5260914988283938
model_agnostic_replication_behavior-6aa1e4048aaae233-m0,information_sampling,-1.125,-0.9241891311326724
model_agnostic_replication_behavior-6aa1e4048aaae233-m1,information_sampling,-0.5,-1.0145542629538433
model_agnostic_replication_behavior-6ae0e9e21bbadc66-m0,solvability,2.375,2.843272860060322
model_agnostic_replication_behavior-6ae0e9e21bbadc66-m1,solvability,4.0,3.1909242571647707
model_agnostic_replication_behavior-6af75d8bbbf61838-m0,solvability,2.25,1.6732673414958876
model_agnostic_replication_behavior-6af75d8bbbf61838-m1,solvability,0.7500000000000002,2.0209187386003364
model_agnostic_replication_behavior-6b4297883be6b3be-m0,waiting,-0.5,-0.2621637872538038
model_agnostic_replication_behavior-6b4297883be6b3be-m1,waiting,0.125,0.6216446346440336
model_agnostic_replication_behavior-6b4b41c156dddea1-m0,foraging,-1.625,-1.3857874192382087
model_agnostic_replication_behavior-6b4b41c156dddea1-m1,foraging,-1.7499999999999998,-1.7332046922218214
model_agnostic_replication_behavior-6b66aa88504d8bf5-m0,waiting,-0.6249999999999999,-0.6196634552731265
model_agnostic_replication_behavior-6b66aa88504d8bf5-m1,waiting,-0.25,0.2641449666247111
model_agnostic_replication_behavior-6b7c9af601f7199e-m0,information_sampling,-0.12500000000000006,-0.24294950758120998
model_agnostic_replication_behavior-6b7c9af601f7199e-m1,information_sampling,-0.7500000000000001,-0.33331463940238115
model_agnostic_replication_behavior-6b8a967cb60c76bb-m0,effort,-1.0000000000000002,-1.5007245135673943
model_agnostic_replication_behavior-6b8a967cb60c76bb-m1,effort,-1.25,-0.8286929511736895
model_agnostic_replication_behavior-6bcd450ab65c4467-m0,bandit,-3.375,-2.9147199721886876
model_agnostic_replication_behavior-6bcd450ab65c4467-m1,bandit,-2.5,-1.4165994916437739
model_agnostic_replication_behavior-6d002a6ab68a87ee-m0,effort,0.0,-0.3303320629791719
model_agnostic_replication_behavior-6d002a6ab68a87ee-m1,effort,0.125,0.34169949941453315
model_agnostic_replication_behavior-6d054a3455b4641b-m0,bandit,-0.6249999999999999,-1.2073176664881304
model_agnostic_replication_behavior-6d054a3455b4641b-m1,bandit,-0.25,0.29080281405678376
model_agnostic_replication_behavior-6d4ab805ecfeb044-m0,information_sampling,-0.8750000000000002,-0.7438513655643592
model_agnostic_replication_behavior-6d4ab805ecfeb044-m1,information_sampling,-0.6249999999999999,-0.8342164973855303
model_agnostic_replication_behavior-6d69775e991d03a2-m0,foraging,0.7500000000000002,0.5314217077462008
model_agnostic_replication_behavior-6d69775e991d03a2-m1,foraging,-0.5,0.184004434762588
model_agnostic_replication_behavior-6d6a2bb6b670c069-m0,foraging,2.25,1.8412764783240592
model_agnostic_replication_behavior-6d6a2bb6b670c069-m1,foraging,2.125,1.4938592053404465
model_agnostic_replication_behavior-6d7eaf9e7cb4a57a-m0,waiting,-3.125,-2.461376921967239
model_agnostic_replication_behavior-6d7eaf9e7cb4a57a-m1,waiting,-1.25,-1.5775685000694017
model_agnostic_replication_behavior-6dc5f2c0dc0f6bcb-m0,foraging,-0.25,-0.5616189702254069
model_agnostic_replication_behavior-6dc5f2c0dc0f6bcb-m1,foraging,-0.37499999999999994,-0.9090362432090195
model_agnostic_replication_behavior-6dcdc8d20becda58-m0,bandit,-3.0,-2.1496204191637505
model_agnostic_replication_behavior-6dcdc8d20becda58-m1,bandit,-0.5,-0.6514999386188365
model_agnostic_replication_behavior-6dd51328705067d4-m0,bandit,0.0,-0.7935628209110328
model_agnostic_replication_behavior-6dd51328705067d4-m1,bandit,0.0,0.7045576596338813
model_agnostic_replication_behavior-6deca607ec107625-m0,debugging,0.0,0.19022551776110785
model_agnostic_replication_behavior-6deca607ec107625-m1,debugging,0.7500000000000002,0.422334170502805
model_agnostic_replication_behavior-6df0b3c85670584b-m0,information_sampling,-0.7500000000000001,-0.6848207641819107
model_agnostic_replication_behavior-6df0b3c85670584b-m1,information_sampling,-0.5,-0.7751858960030817
model_agnostic_replication_behavior-6e3e60f63e2eaf0f-m0,bandit,1.5000000000000002,0.7906954830403827
model_agnostic_replication_behavior-6e3e60f63e2eaf0f-m1,bandit,3.5,2.288815963585297
model_agnostic_replication_behavior-6e46d5eec1c01df4-m0,information_sampling,-0.5,-0.6810894227058669
model_agnostic_replication_behavior-6e46d5eec1c01df4-m1,information_sampling,-0.5,-0.7714545545270379
model_agnostic_replication_behavior-6e7878cd0f6c37f1-m0,information_sampling,0.24999999999999992,0.15141087782197904
model_agnostic_replication_behavior-6e7878cd0f6c37f1-m1,information_sampling,-0.25,0.061045746000808254
model_agnostic_replication_behavior-6e7eb2b66e2e83fa-m0,bandit,-4.875,-4.113137894097736
model_agnostic_replication_behavior-6e7eb2b66e2e83fa-m1,bandit,-2.125,-2.6150174135528217
model_agnostic_replication_behavior-6e9ada5e6500a6bb-m0,effort,0.0,-0.9384037735669792
model_agnostic_replication_behavior-6e9ada5e6500a6bb-m1,effort,0.0,-0.26637221117327425
model_agnostic_replication_behavior-6ed66e9695a6e84f-m0,foraging,1.8749999999999998,0.8645590962290409
model_agnostic_replication_behavior-6ed66e9695a6e84f-m1,foraging,0.125,0.5171418232454282
model_agnostic_replication_behavior-6ef112de7fbbfc90-m0,foraging,1.75,0.5113251426052919
model_agnostic_replication_behavior-6ef112de7fbbfc90-m1,foraging,0.24999999999999992,0.16390786962167914
model_agnostic_replication_behavior-6f01e9f7e043397c-m0,effort,-1.625,-1.8583447797023902
model_agnostic_replication_behavior-6f01e9f7e043397c-m1,effort,-0.12500000000000006,-1.186313217308685
model_agnostic_replication_behavior-6f179bd00659e78a-m0,information_sampling,-0.8750000000000002,-0.8007829338885211
model_agnostic_replication_behavior-6f179bd00659e78a-m1,information_sampling,-0.8750000000000002,-0.8911480657096919
model_agnostic_replication_behavior-6f2ea93c3ebdf802-m0,waiting,0.625,-0.25620994477171655
model_agnostic_replication_behavior-6f2ea93c3ebdf802-m1,waiting,0.125,0.6275984771261206
model_agnostic_replication_behavior-6f881c536bb24932-m0,debugging,-5.125,-3.337166947028507
model_agnostic_replication_behavior-6f881c536bb24932-m1,debugging,-3.0,-3.1050582942868097
model_agnostic_replication_behavior-6f927f56a9d7b000-m0,information_sampling,-0.5,-0.5093559883474252
model_agnostic_replication_behavior-6f927f56a9d7b000-m1,information_sampling,-0.6249999999999999,-0.5997211201685964
model_agnostic_replication_behavior-6f98f7647ee9f359-m0,solvability,2.625,2.720707956831745
model_agnostic_replication_behavior-6f98f7647ee9f359-m1,solvability,2.625,3.0683593539361937
model_agnostic_replication_behavior-6fef82dba41a32a3-m0,bandit,-2.375,-1.8863483753676116
model_agnostic_replication_behavior-6fef82dba41a32a3-m1,bandit,-0.25,-0.38822789482269754
model_agnostic_replication_behavior-6ff3891b9f53fbe5-m0,solvability,0.24999999999999992,0.8803509557013756
model_agnostic_replication_behavior-6ff3891b9f53fbe5-m1,solvability,1.125,1.2280023528058246
model_agnostic_replication_behavior-703bc4b6bbaefa7b-m0,debugging,-1.5,-1.6857069067494206
model_agnostic_replication_behavior-703bc4b6bbaefa7b-m1,debugging,-2.375,-1.4535982540077232
model_agnostic_replication_behavior-70413389cfe39833-m0,foraging,-2.25,-1.82459063834898
model_agnostic_replication_behavior-70413389cfe39833-m1,foraging,-2.0,-2.1720079113325927
model_agnostic_replication_behavior-70515f7c0123fdbd-m0,effort,-1.125,-1.0912734574035439
model_agnostic_replication_behavior-70515f7c0123fdbd-m1,effort,0.24999999999999992,-0.41924189500983866
model_agnostic_replication_behavior-70525641e6968be1-m0,foraging,-0.25,0.13581944540966318
model_agnostic_replication_behavior-70525641e6968be1-m1,foraging,-0.25,-0.21159782757394963
model_agnostic_replication_behavior-70633c2081c44b77-m0,debugging,-5.625,-4.1775411676737395
model_agnostic_replication_behavior-70633c2081c44b77-m1,debugging,-3.125,-3.945432514932042
model_agnostic_replication_behavior-708a25e5ba44ab0c-m0,effort,-2.0,-2.2158971201014293
model_agnostic_replication_behavior-708a25e5ba44ab0c-m1,effort,-0.5,-1.5438655577077243
model_agnostic_replication_behavior-709c0c359a3eec19-m0,information_sampling,-0.7500000000000001,-0.8319377056549522
model_agnostic_replication_behavior-709c0c359a3eec19-m1,information_sampling,-0.7500000000000001,-0.9223028374761233
model_agnostic_replication_behavior-70af5584e5dbbaf7-m0,bandit,0.125,-0.9189294566865174
model_agnostic_replication_behavior-70af5584e5dbbaf7-m1,bandit,0.5,0.5791910238583967
model_agnostic_replication_behavior-70d4910bf009b7f9-m0,information_sampling,0.0,-0.42924019283967196
model_agnostic_replication_behavior-70d4910bf009b7f9-m1,information_sampling,-0.7500000000000001,-0.519605324660843
model_agnostic_replication_behavior-714ec829bf72b976-m0,waiting,-0.8750000000000002,-0.6912627275413863
model_agnostic_replication_behavior-714ec829bf72b976-m1,waiting,0.625,0.19254569435645108
model_agnostic_replication_behavior-71818a7d1ff10a9f-m0,information_sampling,-1.625,-1.0248509477325563
model_agnostic_replication_behavior-71818a7d1ff10a9f-m1,information_sampling,-1.125,-1.1152160795537274
model_agnostic_replication_behavior-7191a05d0261b544-m0,solvability,-2.75,-1.3731944543353767
model_agnostic_replication_behavior-7191a05d0261b544-m1,solvability,-0.37499999999999994,-1.0255430572309279
model_agnostic_replication_behavior-719b7374f2225e22-m0,foraging,-0.5,-1.024543651734261
model_agnostic_replication_behavior-719b7374f2225e22-m1,foraging,-1.0000000000000002,-1.371960924717874
model_agnostic_replication_behavior-71bc468f8b29f4b8-m0,solvability,0.625,1.356642929658726
model_agnostic_replication_behavior-71bc468f8b29f4b8-m1,solvability,2.5,1.7042943267631747
model_agnostic_replication_behavior-7226fb9c631eb04b-m0,bandit,-4.25,-3.6090480170662236
model_agnostic_replication_behavior-7226fb9c631eb04b-m1,bandit,-1.625,-2.1109275365213094
model_agnostic_replication_behavior-72397753399a4614-m0,debugging,0.0,-0.9295154319182006
model_agnostic_replication_behavior-72397753399a4614-m1,debugging,-0.6249999999999999,-0.6974067791765035
model_agnostic_replication_behavior-726fd19082e38d44-m0,debugging,-1.0000000000000002,-1.5783439503487677
model_agnostic_replication_behavior-726fd19082e38d44-m1,debugging,-1.5,-1.3462352976070706
model_agnostic_replication_behavior-72cc88f8be62876a-m0,waiting,-1.625,-1.9886917048657191
model_agnostic_replication_behavior-72cc88f8be62876a-m1,waiting,-1.25,-1.1048832829678816
model_agnostic_replication_behavior-735c214b04f60c3e-m0,foraging,-1.25,-1.1014625388386292
model_agnostic_replication_behavior-735c214b04f60c3e-m1,foraging,-0.7500000000000001,-1.4488798118222421
model_agnostic_replication_behavior-73b3cacec30c4000-m0,information_sampling,0.0,-0.4164570886246304
model_agnostic_replication_behavior-73b3cacec30c4000-m1,information_sampling,-0.5,-0.5068222204458017
model_agnostic_replication_behavior-73c35347d8d5a350-m0,effort,-1.0000000000000002,-1.2251905982976283
model_agnostic_replication_behavior-73c35347d8d5a350-m1,effort,-1.875,-0.5531590359039231
model_agnostic_replication_behavior-73c59758d674fe12-m0,foraging,-1.375,-1.6984572132720763
model_agnostic_replication_behavior-73c59758d674fe12-m1,foraging,-1.7499999999999998,-2.045874486255689
model_agnostic_replication_behavior-742ec92aac30b4e2-m0,solvability,2.5,2.221426790749975
model_agnostic_replication_behavior-742ec92aac30b4e2-m1,solvability,1.125,2.5690781878544238
model_agnostic_replication_behavior-74555c28b57ba636-m0,bandit,-2.625,-2.6065332580708818
model_agnostic_replication_behavior-74555c28b57ba636-m1,bandit,-1.25,-1.108412777525968
model_agnostic_replication_behavior-74645aa8acc90291-m0,solvability,-0.8750000000000002,-0.4478539486026246
model_agnostic_replication_behavior-74645aa8acc90291-m1,solvability,0.0,-0.1002025514981757
model_agnostic_replication_behavior-74888b6e3e76c540-m0,foraging,1.0,0.461665884799355
model_agnostic_replication_behavior-74888b6e3e76c540-m1,foraging,0.125,0.11424861181574208
model_agnostic_replication_behavior-7496270f0e7afee1-m0,solvability,-1.25,-1.0815018247239787
model_agnostic_replication_behavior-7496270f0e7afee1-m1,solvability,-0.37499999999999994,-0.7338504276195302
model_agnostic_replication_behavior-74a511f72ea3129d-m0,foraging,1.125,0.18273142955199595
model_agnostic_replication_behavior-74a511f72ea3129d-m1,foraging,-0.12500000000000006,-0.16468584343161696
model_agnostic_replication_behavior-74c75964d1b6d986-m0,information_sampling,0.24999999999999992,-0.044364855020829874
model_agnostic_replication_behavior-74c75964d1b6d986-m1,information_sampling,-0.5,-0.13472998684200066
model_agnostic_replication_behavior-74cb4f2cedb8dec0-m0,effort,-0.25,-0.848015381283492
model_agnostic_replication_behavior-74cb4f2cedb8dec0-m1,effort,0.125,-0.1759838188897868
model_agnostic_replication_behavior-74ced97f7105da89-m0,bandit,-4.75,-3.635779077186879
model_agnostic_replication_behavior-74ced97f7105da89-m1,bandit,-2.5,-2.1376585966419652
model_agnostic_replication_behavior-74e0731ed1a12134-m0,information_sampling,-0.25,-0.632162683644671
model_agnostic_replication_behavior-74e0731ed1a12134-m1,information_sampling,-0.7500000000000001,-0.7225278154658421
model_agnostic_replication_behavior-74f46216bd20583e-m0,bandit,-4.75,-3.807584798426527
model_agnostic_replication_behavior-74f46216bd20583e-m1,bandit,-2.375,-2.3094643178816128
model_agnostic_replication_behavior-74fe28e0cae0feaf-m0,solvability,-2.75,-1.4405067790734782
model_agnostic_replication_behavior-74fe28e0cae0feaf-m1,solvability,-0.8750000000000002,-1.0928553819690299
model_agnostic_replication_behavior-758acbf8c8f9b684-m0,foraging,-1.125,-0.8484491868444536
model_agnostic_replication_behavior-758acbf8c8f9b684-m1,foraging,-0.8750000000000002,-1.1958664598280664
model_agnostic_replication_behavior-759e54209fe55287-m0,information_sampling,-0.12500000000000006,-0.2131671869149711
model_agnostic_replication_behavior-759e54209fe55287-m1,information_sampling,-0.6249999999999999,-0.30353231873614217
model_agnostic_replication_behavior-75a5ee70f66766eb-m0,solvability,-0.25,-0.12700491105168865
model_agnostic_replication_behavior-75a5ee70f66766eb-m1,solvability,-0.12500000000000006,0.22064648605276033
model_agnostic_replication_behavior-75d774094d13ace3-m0,information_sampling,-0.8750000000000002,-0.6405586589850769
model_agnostic_replication_behavior-75d774094d13ace3-m1,information_sampling,-0.6249999999999999,-0.7309237908062481
model_agnostic_replication_behavior-75ed5500b28a95a7-m0,waiting,-0.8750000000000002,-1.3256991726956913
model_agnostic_replication_behavior-75ed5500b28a95a7-m1,waiting,-1.0000000000000002,-0.4418907507978539
model_agnostic_replication_behavior-75f1cc3cd9e8c552-m0,debugging,-1.625,-1.2672825680315274
model_agnostic_replication_behavior-75f1cc3cd9e8c552-m1,debugging,-2.875,-1.0351739152898303
model_agnostic_replication_behavior-7642ee97577164ad-m0,debugging,-0.6249999999999999,-1.0037646645170446
model_agnostic_replication_behavior-7642ee97577164ad-m1,debugging,-1.625,-0.7716560117753477
model_agnostic_replication_behavior-76525a13599f894c-m0,waiting,1.125,1.1943983584218913
model_agnostic_replication_behavior-76525a13599f894c-m1,waiting,2.25,2.0782067803197286
model_agnostic_replication_behavior-7660b6e84eef795d-m0,debugging,-0.7500000000000001,-0.21301161683895087
model_agnostic_replication_behavior-7660b6e84eef795d-m1,debugging,-0.25,0.01909703590274625
model_agnostic_replication_behavior-76976291cf2d7022-m0,bandit,1.3750000000000002,-0.6856899548050036
model_agnostic_replication_behavior-76976291cf2d7022-m1,bandit,1.125,0.8124305257399105
model_agnostic_replication_behavior-769889e4e584e252-m0,debugging,-0.5,-0.41129069138384977
model_agnostic_replication_behavior-769889e4e584e252-m1,debugging,-0.7500000000000001,-0.17918203864215265
model_agnostic_replication_behavior-76cbfacca857ca73-m0,waiting,-1.375,-0.2747326720464717
model_agnostic_replication_behavior-76cbfacca857ca73-m1,waiting,1.3750000000000002,0.6090757498513657
model_agnostic_replication_behavior-76dd71127faaf927-m0,bandit,-1.0000000000000002,-1.637593613930334
model_agnostic_replication_behavior-76dd71127faaf927-m1,bandit,-0.8750000000000002,-0.1394731333854199
model_agnostic_replication_behavior-76e23148a15230da-m0,waiting,-1.125,-1.0481845567968524
model_agnostic_replication_behavior-76e23148a15230da-m1,waiting,-0.37499999999999994,-0.16437613489901504
model_agnostic_replication_behavior-7703e77b4876a93e-m0,foraging,1.75,1.0272389930419354
model_agnostic_replication_behavior-7703e77b4876a93e-m1,foraging,1.0,0.6798217200583222
model_agnostic_replication_behavior-771c255db282bf26-m0,bandit,0.7500000000000002,-0.9765613350061757
model_agnostic_replication_behavior-771c255db282bf26-m1,bandit,1.3750000000000002,0.5215591455387384
model_agnostic_replication_behavior-774195ac6ba642c3-m0,effort,-2.625,-2.956145025172688
model_agnostic_replication_behavior-774195ac6ba642c3-m1,effort,-1.25,-2.2841134627789828
model_agnostic_replication_behavior-781cc9cb1cac7859-m0,waiting,1.125,1.4630605820702927
model_agnostic_replication_behavior-781cc9cb1cac7859-m1,waiting,1.5000000000000002,2.34686900396813
model_agnostic_replication_behavior-784518d0e0abffb1-m0,solvability,0.24999999999999992,-0.5129167250316803
model_agnostic_replication_behavior-784518d0e0abffb1-m1,solvability,-0.8750000000000002,-0.16526532792723136
model_agnostic_replication_behavior-786ea72c31000155-m0,information_sampling,0.0,-0.3875511222442185
model_agnostic_replication_behavior-786ea72c31000155-m1,information_sampling,-0.37499999999999994,-0.47791625406538984
model_agnostic_replication_behavior-7870dd6110c94643-m0,debugging,-0.8750000000000002,-1.5788439606221776
model_agnostic_replication_behavior-7870dd6110c94643-m1,debugging,-2.25,-1.3467353078804805
model_agnostic_replication_behavior-7881606d081faa6b-m0,foraging,1.5000000000000002,0.8321790325504365
model_agnostic_replication_behavior-7881606d081faa6b-m1,foraging,-0.25,0.48476175956682355
model_agnostic_replication_behavior-788b9ffd554cfb7e-m0,solvability,1.3750000000000002,1.228276323170555
model_agnostic_replication_behavior-788b9ffd554cfb7e-m1,solvability,1.5000000000000002,1.5759277202750037
model_agnostic_replication_behavior-78acf52aaa4402ae-m0,foraging,1.25,1.031684559115213
model_agnostic_replication_behavior-78acf52aaa4402ae-m1,foraging,0.7500000000000002,0.6842672861316003
model_agnostic_replication_behavior-78e3742259f81fff-m0,waiting,-0.5,-0.6286472336931777
model_agnostic_replication_behavior-78e3742259f81fff-m1,waiting,0.5,0.2551611882046597
model_agnostic_replication_behavior-78f81eda495447f4-m0,solvability,0.8750000000000001,0.8562831103866435
model_agnostic_replication_behavior-78f81eda495447f4-m1,solvability,0.8750000000000001,1.2039345074910923
model_agnostic_replication_behavior-79167a66bced6b04-m0,solvability,-2.375,-2.4732005322729074
model_agnostic_replication_behavior-79167a66bced6b04-m1,solvability,-1.5,-2.1255491351684586
model_agnostic_replication_behavior-791d74339a396d9f-m0,bandit,-0.25,-1.1557902051385978
model_agnostic_replication_behavior-791d74339a396d9f-m1,bandit,0.625,0.34233027540631633
model_agnostic_replication_behavior-79453832fbffe56a-m0,foraging,0.0,0.041563731693208705
model_agnostic_replication_behavior-79453832fbffe56a-m1,foraging,-1.875,-0.30585354129040415
model_agnostic_replication_behavior-794beeef699c75ee-m0,debugging,-0.7500000000000001,-0.4186357933983169
model_agnostic_replication_behavior-794beeef699c75ee-m1,debugging,0.7500000000000002,-0.18652714065661968
model_agnostic_replication_behavior-79731a12d5c66808-m0,bandit,-4.875,-4.5586881698285975
model_agnostic_replication_behavior-79731a12d5c66808-m1,bandit,-3.0,-3.0605676892836833
model_agnostic_replication_behavior-79827561e3e53b33-m0,effort,-3.0,-2.1819679638684146
model_agnostic_replication_behavior-79827561e3e53b33-m1,effort,-1.7499999999999998,-1.5099364014747092
model_agnostic_replication_behavior-798b01f4dfefeb0d-m0,information_sampling,0.0,-0.03477091398645693
model_agnostic_replication_behavior-798b01f4dfefeb0d-m1,information_sampling,-0.5,-0.12513604580762783
model_agnostic_replication_behavior-79901642ccf793fe-m0,solvability,-1.875,-1.27691646631832
model_agnostic_replication_behavior-79901642ccf793fe-m1,solvability,-0.12500000000000006,-0.9292650692138708
model_agnostic_replication_behavior-799815895dc6063a-m0,waiting,-0.25,0.02727533894445644
model_agnostic_replication_behavior-799815895dc6063a-m1,waiting,0.24999999999999992,0.9110837608422937
model_agnostic_replication_behavior-79cc2dfa25aadc09-m0,bandit,-3.75,-3.2401829813823397
model_agnostic_replication_behavior-79cc2dfa25aadc09-m1,bandit,-1.5,-1.7420625008374255
model_agnostic_replication_behavior-79ee07967bb968d4-m0,waiting,-2.25,-2.3687262057397405
model_agnostic_replication_behavior-79ee07967bb968d4-m1,waiting,-1.625,-1.4849177838419032
model_agnostic_replication_behavior-7a8540ee95e56321-m0,effort,1.25,0.6757880978700128
model_agnostic_replication_behavior-7a8540ee95e56321-m1,effort,1.125,1.3478196602637178
model_agnostic_replication_behavior-7acc359bd1e07957-m0,bandit,-5.375,-4.510739795813128
model_agnostic_replication_behavior-7acc359bd1e07957-m1,bandit,-3.125,-3.012619315268215
model_agnostic_replication_behavior-7acd44fd40579e33-m0,solvability,0.5,0.14237979812876939
model_agnostic_replication_behavior-7acd44fd40579e33-m1,solvability,0.24999999999999992,0.4900311952332183
model_agnostic_replication_behavior-7afb8917fa0ac065-m0,effort,-0.25,-0.7052878112976861
model_agnostic_replication_behavior-7afb8917fa0ac065-m1,effort,0.625,-0.03325624890398074
model_agnostic_replication_behavior-7b49749f87342d28-m0,foraging,0.7500000000000002,0.8484521555360797
model_agnostic_replication_behavior-7b49749f87342d28-m1,foraging,-0.5,0.501034882552467
model_agnostic_replication_behavior-7b4fb1c62bf60381-m0,waiting,-0.37499999999999994,-0.06820638070371537
model_agnostic_replication_behavior-7b4fb1c62bf60381-m1,waiting,0.8750000000000001,0.8156020411941219
model_agnostic_replication_behavior-7b7a9ae860f90cca-m0,information_sampling,-0.12500000000000006,-0.6046094388131056
model_agnostic_replication_behavior-7b7a9ae860f90cca-m1,information_sampling,-0.6249999999999999,-0.6949745706342769
model_agnostic_replication_behavior-7b9d3cdaa0b4f064-m0,effort,-2.875,-2.2156576277820292
model_agnostic_replication_behavior-7b9d3cdaa0b4f064-m1,effort,-2.125,-1.5436260653883234
model_agnostic_replication_behavior-7bc40abccc68e49e-m0,information_sampling,0.125,-0.12918863928026647
model_agnostic_replication_behavior-7bc40abccc68e49e-m1,information_sampling,-0.37499999999999994,-0.2195537711014377
model_agnostic_replication_behavior-7bfd4e47d3ef958b-m0,waiting,-1.875,-2.307878008820764
model_agnostic_replication_behavior-7bfd4e47d3ef958b-m1,waiting,-1.625,-1.424069586922927
model_agnostic_replication_behavior-7c0375f282de432f-m0,waiting,-0.8750000000000002,0.18083658843285433
model_agnostic_replication_behavior-7c0375f282de432f-m1,waiting,1.25,1.0646450103306915
model_agnostic_replication_behavior-7c14256780502976-m0,debugging,-2.625,-1.8702709370175032
model_agnostic_replication_behavior-7c14256780502976-m1,debugging,-2.0,-1.6381622842758063
model_agnostic_replication_behavior-7c3d6a57e7f11931-m0,waiting,0.8750000000000001,0.09035303431891717
model_agnostic_replication_behavior-7c3d6a57e7f11931-m1,waiting,0.5,0.9741614562167547
model_agnostic_replication_behavior-7c4d6c7fc7d3acc8-m0,bandit,-5.875,-4.235579268441674
model_agnostic_replication_behavior-7c4d6c7fc7d3acc8-m1,bandit,-3.125,-2.7374587878967596
model_agnostic_replication_behavior-7c8b5907141725bf-m0,information_sampling,-1.625,-0.9683527050346059
model_agnostic_replication_behavior-7c8b5907141725bf-m1,information_sampling,-0.8750000000000002,-1.058717836855777
model_agnostic_replication_behavior-7ca3f10ed4e06ba2-m0,solvability,0.5,-0.47062030926906284
model_agnostic_replication_behavior-7ca3f10ed4e06ba2-m1,solvability,-0.37499999999999994,-0.12296891216461392
model_agnostic_replication_behavior-7d1fa84dd9f18db7-m0,solvability,-1.0000000000000002,-0.8465696890885228
model_agnostic_replication_behavior-7d1fa84dd9f18db7-m1,solvability,-0.25,-0.4989182919840742
model_agnostic_replication_behavior-7d26082739b06856-m0,foraging,-1.125,-1.514890194510932
model_agnostic_replication_behavior-7d26082739b06856-m1,foraging,-2.25,-1.8623074674945448
model_agnostic_replication_behavior-7d3a3544d083c511-m0,bandit,-2.0,-1.961875358471894
model_agnostic_replication_behavior-7d3a3544d083c511-m1,bandit,-1.7499999999999998,-0.46375487792697984
model_agnostic_replication_behavior-7d5408bf2bbb7799-m0,effort,-1.375,-1.7514002640755406
model_agnostic_replication_behavior-7d5408bf2bbb7799-m1,effort,-1.125,-1.0793687016818354
model_agnostic_replication_behavior-7d72ca8587601c1a-m0,foraging,-0.8750000000000002,-1.0818789919684808
model_agnostic_replication_behavior-7d72ca8587601c1a-m1,foraging,-1.875,-1.429296264952094
model_agnostic_replication_behavior-7d9260937c45a046-m0,foraging,0.5,-0.05873839489174959
model_agnostic_replication_behavior-7d9260937c45a046-m1,foraging,-0.8750000000000002,-0.40615566787536256
model_agnostic_replication_behavior-7db34c314e436ad3-m0,foraging,-1.7499999999999998,-1.76496181172273
model_agnostic_replication_behavior-7db34c314e436ad3-m1,foraging,-2.75,-2.1123790847063426
model_agnostic_replication_behavior-7dbf0c8bb94232ca-m0,solvability,0.24999999999999992,-0.4191131734347062
model_agnostic_replication_behavior-7dbf0c8bb94232ca-m1,solvability,-0.25,-0.07146177633025752
model_agnostic_replication_behavior-7dc9e0188615299e-m0,information_sampling,-1.125,-0.9651492689069421
model_agnostic_replication_behavior-7dc9e0188615299e-m1,information_sampling,-0.6249999999999999,-1.055514400728113
model_agnostic_replication_behavior-7deddac5862f6699-m0,bandit,-3.25,-2.6072312616883266
model_agnostic_replication_behavior-7deddac5862f6699-m1,bandit,-1.0000000000000002,-1.1091107811434122
model_agnostic_replication_behavior-7e0ef4bff9e5f7ab-m0,solvability,3.375,2.279728009702815
model_agnostic_replication_behavior-7e0ef4bff9e5f7ab-m1,solvability,2.25,2.627379406807264
model_agnostic_replication_behavior-7e19d256b2019902-m0,effort,1.25,0.6566433904770452
model_agnostic_replication_behavior-7e19d256b2019902-m1,effort,0.5,1.3286749528707502
model_agnostic_replication_behavior-7e20c1a0154e2a17-m0,information_sampling,-0.37499999999999994,-0.5045303052065256
model_agnostic_replication_behavior-7e20c1a0154e2a17-m1,information_sampling,-0.5,-0.5948954370276968
model_agnostic_replication_behavior-7e4eae92565179de-m0,waiting,-1.625,-1.809909334547338
model_agnostic_replication_behavior-7e4eae92565179de-m1,waiting,-0.37499999999999994,-0.9261009126495009
model_agnostic_replication_behavior-7e547d438d17fb8a-m0,information_sampling,-0.6249999999999999,-0.38807850413631373
model_agnostic_replication_behavior-7e547d438d17fb8a-m1,information_sampling,-0.8750000000000002,-0.47844363595748485
model_agnostic_replication_behavior-7e69952e9173a51d-m0,information_sampling,0.24999999999999992,0.07301288176792455
model_agnostic_replication_behavior-7e69952e9173a51d-m1,information_sampling,-0.37499999999999994,-0.017352250053246476
model_agnostic_replication_behavior-7e809fe4ff9dcadf-m0,foraging,-0.8750000000000002,-0.8490452817423234
model_agnostic_replication_behavior-7e809fe4ff9dcadf-m1,foraging,-0.7500000000000001,-1.1964625547259358
model_agnostic_replication_behavior-7ee9e868a144ae58-m0,debugging,-0.6249999999999999,-1.6386116722289403
model_agnostic_replication_behavior-7ee9e868a144ae58-m1,debugging,-1.25,-1.4065030194872432
model_agnostic_replication_behavior-7efdd54072ab02af-m0,bandit,-1.0000000000000002,-0.9252834549784372
model_agnostic_replication_behavior-7efdd54072ab02af-m1,bandit,0.5,0.5728370255664772
model_agnostic_replication_behavior-7f0a4c460e7cbfeb-m0,information_sampling,-0.5,-0.6217971838298145
model_agnostic_replication_behavior-7f0a4c460e7cbfeb-m1,information_sampling,-0.7500000000000001,-0.7121623156509853
model_agnostic_replication_behavior-7f2bc4ad955fd580-m0,foraging,-1.0000000000000002,-0.9975898171939664
model_agnostic_replication_behavior-7f2bc4ad955fd580-m1,foraging,-1.0000000000000002,-1.3450070901775795
model_agnostic_replication_behavior-7f538d0359a497ba-m0,information_sampling,-0.25,-0.15303896886515478
model_agnostic_replication_behavior-7f538d0359a497ba-m1,information_sampling,-0.25,-0.24340410068632579
model_agnostic_replication_behavior-7f6d95201f29366b-m0,information_sampling,-0.37499999999999994,-0.3175127717358359
model_agnostic_replication_behavior-7f6d95201f29366b-m1,information_sampling,-0.25,-0.4078779035570069
model_agnostic_replication_behavior-7f78717e1f41f59f-m0,debugging,0.0,-0.7086527371893327
model_agnostic_replication_behavior-7f78717e1f41f59f-m1,debugging,-0.7500000000000001,-0.47654408444763563
model_agnostic_replication_behavior-7f9de09928c9ab9a-m0,waiting,-1.375,-1.4716424876141836
model_agnostic_replication_behavior-7f9de09928c9ab9a-m1,waiting,-0.37499999999999994,-0.5878340657163463
model_agnostic_replication_behavior-7f9fc634cc419e6f-m0,foraging,0.24999999999999992,-0.25288072418500696
model_agnostic_replication_behavior-7f9fc634cc419e6f-m1,foraging,-0.6249999999999999,-0.6002979971686199
model_agnostic_replication_behavior-7fb61efa6ace05a1-m0,information_sampling,-0.12500000000000006,-0.41012474572951363
model_agnostic_replication_behavior-7fb61efa6ace05a1-m1,information_sampling,-0.6249999999999999,-0.5004898775506846
model_agnostic_replication_behavior-7ffbbc51ef21c0e2-m0,effort,-0.6249999999999999,-1.0925414839251475
model_agnostic_replication_behavior-7ffbbc51ef21c0e2-m1,effort,-0.7500000000000001,-0.42050992153144257
model_agnostic_replication_behavior-7ffe8ab5d72a9663-m0,foraging,-3.25,-2.4422108887663327
model_agnostic_replication_behavior-7ffe8ab5d72a9663-m1,foraging,-3.125,-2.789628161749946
model_agnostic_replication_behavior-8015471af614ded2-m0,effort,-1.375,-1.3938789330526205
model_agnostic_replication_behavior-8015471af614ded2-m1,effort,-1.625,-0.7218473706589152
model_agnostic_replication_behavior-802cd8e4c12e20d0-m0,waiting,-0.12500000000000006,0.12971509331594333
model_agnostic_replication_behavior-802cd8e4c12e20d0-m1,waiting,1.75,1.0135235152137805
model_agnostic_replication_behavior-802f4215ee9852f5-m0,foraging,-2.375,-2.2162463631549945
model_agnostic_replication_behavior-802f4215ee9852f5-m1,foraging,-2.875,-2.563663636138607
model_agnostic_replication_behavior-8040a5718e387bb6-m0,waiting,-0.6249999999999999,-0.959215726256317
model_agnostic_replication_behavior-8040a5718e387bb6-m1,waiting,-0.12500000000000006,-0.07540730435847975
model_agnostic_replication_behavior-804a60e016a9b3b7-m0,waiting,-2.125,-1.617415417054657
model_agnostic_replication_behavior-804a60e016a9b3b7-m1,waiting,0.0,-0.7336069951568197
model_agnostic_replication_behavior-8070f6a22f3150cf-m0,waiting,-1.625,-1.3217261818684036
model_agnostic_replication_behavior-8070f6a22f3150cf-m1,waiting,-0.12500000000000006,-0.43791775997056603
model_agnostic_replication_behavior-80f3d96955e7bd42-m0,solvability,-3.375,-1.7774146555752721
model_agnostic_replication_behavior-80f3d96955e7bd42-m1,solvability,-1.25,-1.4297632584708233
model_agnostic_replication_behavior-810ee0ae0d727854-m0,foraging,-0.8750000000000002,-1.0042612199706653
model_agnostic_replication_behavior-810ee0ae0d727854-m1,foraging,-0.5,-1.351678492954278
model_agnostic_replication_behavior-811f4b237f731762-m0,information_sampling,-0.12500000000000006,-0.21577297160960607
model_agnostic_replication_behavior-811f4b237f731762-m1,information_sampling,-0.7500000000000001,-0.3061381034307771
model_agnostic_replication_behavior-814161f3264a510b-m0,debugging,-0.7500000000000001,-1.4553386693507033
model_agnostic_replication_behavior-814161f3264a510b-m1,debugging,-1.375,-1.2232300166090062
model_agnostic_replication_behavior-816f02164d924430-m0,effort,-1.875,-0.7817209026198818
model_agnostic_replication_behavior-816f02164d924430-m1,effort,-1.375,-0.10968934022617663
model_agnostic_replication_behavior-81974d01c7d53eaa-m0,debugging,-0.37499999999999994,-1.146761598089489
model_agnostic_replication_behavior-81974d01c7d53eaa-m1,debugging,-0.6249999999999999,-0.9146529453477918
model_agnostic_replication_behavior-81a6d0572e913dbc-m0,debugging,-1.7499999999999998,-0.6779967244266318
model_agnostic_replication_behavior-81a6d0572e913dbc-m1,debugging,-0.5,-0.4458880716849345
model_agnostic_replication_behavior-8239e1788181f16a-m0,information_sampling,-0.37499999999999994,-0.3668218485486288
model_agnostic_replication_behavior-8239e1788181f16a-m1,information_sampling,-1.25,-0.4571869803698
model_agnostic_replication_behavior-8257ef4c1a5afa5b-m0,effort,-2.375,-1.885070275255734
model_agnostic_replication_behavior-8257ef4c1a5afa5b-m1,effort,-1.875,-1.213038712862029
model_agnostic_replication_behavior-827ae680f21a264f-m0,waiting,-2.5,-2.1907618915902796
model_agnostic_replication_behavior-827ae680f21a264f-m1,waiting,-0.7500000000000001,-1.3069534696924425
model_agnostic_replication_behavior-82841f3749c3e09d-m0,waiting,-0.37499999999999994,-0.23825186037784585
model_agnostic_replication_behavior-82841f3749c3e09d-m1,waiting,0.625,0.6455565615199914
model_agnostic_replication_behavior-829e61f0b159d79b-m0,foraging,-1.375,-1.4758770429625905
model_agnostic_replication_behavior-829e61f0b159d79b-m1,foraging,-1.875,-1.8232943159462032
model_agnostic_replication_behavior-82e430d00fb538df-m0,foraging,0.7500000000000002,0.4260601375608971
model_agnostic_replication_behavior-82e430d00fb538df-m1,foraging,0.24999999999999992,0.07864286457728442
model_agnostic_replication_behavior-8308e81e1cc52194-m0,waiting,-1.5,-1.1012499563807834
model_agnostic_replication_behavior-8308e81e1cc52194-m1,waiting,0.125,-0.21744153448294595
model_agnostic_replication_behavior-83606d5a5f38aac1-m0,solvability,0.8750000000000001,0.788476762944281
model_agnostic_replication_behavior-83606d5a5f38aac1-m1,solvability,1.0,1.1361281600487299
model_agnostic_replication_behavior-8371628625152169-m0,effort,-1.875,-2.343775281472228
model_agnostic_replication_behavior-8371628625152169-m1,effort,-0.6249999999999999,-1.671743719078523
model_agnostic_replication_behavior-838f03c8120b6e6f-m0,debugging,-1.375,-1.9162768284896312
model_agnostic_replication_behavior-838f03c8120b6e6f-m1,debugging,-1.875,-1.684168175747934
model_agnostic_replication_behavior-83a576f449544cd8-m0,debugging,-1.0000000000000002,-0.7667776725232915
model_agnostic_replication_behavior-83a576f449544cd8-m1,debugging,-1.0000000000000002,-0.5346690197815946
model_agnostic_replication_behavior-843f04738d811d99-m0,information_sampling,0.5,0.0728286366493105
model_agnostic_replication_behavior-843f04738d811d99-m1,information_sampling,-0.6249999999999999,-0.017536495171861066
model_agnostic_replication_behavior-8496712c74c14d04-m0,bandit,-1.5,-1.2841826748509724
model_agnostic_replication_behavior-8496712c74c14d04-m1,bandit,0.5,0.21393780569394194
model_agnostic_replication_behavior-8499f9b6854dd434-m0,solvability,2.5,1.9263897685940967
model_agnostic_replication_behavior-8499f9b6854dd434-m1,solvability,1.5000000000000002,2.2740411656985455
model_agnostic_replication_behavior-84c6e36d6754b188-m0,solvability,-1.125,-1.226667671865779
model_agnostic_replication_behavior-84c6e36d6754b188-m1,solvability,-0.25,-0.8790162747613305
model_agnostic_replication_behavior-84e9cbbd3ae6a00d-m0,solvability,-0.7500000000000001,-0.10521519863398188
model_agnostic_replication_behavior-84e9cbbd3ae6a00d-m1,solvability,0.24999999999999992,0.24243619847046693
model_agnostic_replication_behavior-84f9d32d082ac8b0-m0,solvability,1.75,1.4117963149721366
model_agnostic_replication_behavior-84f9d32d082ac8b0-m1,solvability,2.875,1.7594477120765855
model_agnostic_replication_behavior-852e97c84771f307-m0,solvability,0.625,0.36317918009997774
model_agnostic_replication_behavior-852e97c84771f307-m1,solvability,0.24999999999999992,0.7108305772044269
model_agnostic_replication_behavior-8563a12cab96a6c3-m0,debugging,-3.0,-2.580763489852112
model_agnostic_replication_behavior-8563a12cab96a6c3-m1,debugging,-2.875,-2.3486548371104146
model_agnostic_replication_behavior-85a056b891976ef1-m0,foraging,0.24999999999999992,-0.20116162900926604
model_agnostic_replication_behavior-85a056b891976ef1-m1,foraging,-0.5,-0.548578901992879
model_agnostic_replication_behavior-85a63dd95821a309-m0,debugging,-2.625,-2.4522711673146365
model_agnostic_replication_behavior-85a63dd95821a309-m1,debugging,-1.7499999999999998,-2.220162514572939
model_agnostic_replication_behavior-85c452708cc1168a-m0,solvability,1.3750000000000002,2.197562176453966
model_agnostic_replication_behavior-85c452708cc1168a-m1,solvability,2.5,2.545213573558415
model_agnostic_replication_behavior-85c7134ec7e7d6d4-m0,information_sampling,0.125,-0.39225053082276584
model_agnostic_replication_behavior-85c7134ec7e7d6d4-m1,information_sampling,-0.37499999999999994,-0.48261566264393685
model_agnostic_replication_behavior-85c815fea8fe9546-m0,debugging,-0.25,-0.7606696433162562
model_agnostic_replication_behavior-85c815fea8fe9546-m1,debugging,-1.0000000000000002,-0.5285609905745592
model_agnostic_replication_behavior-85e0bb57a7d1b2f7-m0,debugging,-6.0,-3.5496724356316314
model_agnostic_replication_behavior-85e0bb57a7d1b2f7-m1,debugging,-2.25,-3.3175637828899345
model_agnostic_replication_behavior-85f0eb2913c070ff-m0,solvability,-1.875,-0.9727022151745871
model_agnostic_replication_behavior-85f0eb2913c070ff-m1,solvability,-0.37499999999999994,-0.6250508180701383
model_agnostic_replication_behavior-8614db787e50735a-m0,debugging,-4.5,-3.8516985988676833
model_agnostic_replication_behavior-8614db787e50735a-m1,debugging,-3.375,-3.619589946125986
model_agnostic_replication_behavior-86a258624a866343-m0,information_sampling,-0.37499999999999994,-0.4832142746931964
model_agnostic_replication_behavior-86a258624a866343-m1,information_sampling,-0.7500000000000001,-0.5735794065143672
model_agnostic_replication_behavior-86a79ffa565c8eb1-m0,bandit,-0.5,0.2724774519364761
model_agnostic_replication_behavior-86a79ffa565c8eb1-m1,bandit,1.25,1.7705979324813903
model_agnostic_replication_behavior-86c1a3e477b7e561-m0,solvability,0.0,0.12672010885336016
model_agnostic_replication_behavior-86c1a3e477b7e561-m1,solvability,0.125,0.4743715059578091
model_agnostic_replication_behavior-86ddbf5b4d870681-m0,solvability,1.0,0.6343174042671399
model_agnostic_replication_behavior-86ddbf5b4d870681-m1,solvability,0.625,0.9819688013715888
model_agnostic_replication_behavior-86fe1c960bed3975-m0,information_sampling,-0.37499999999999994,-0.12067853781256499
model_agnostic_replication_behavior-86fe1c960bed3975-m1,information_sampling,-0.37499999999999994,-0.2110436696337359
model_agnostic_replication_behavior-871f0867f35cba3e-m0,foraging,-0.5,0.14403559139421007
model_agnostic_replication_behavior-871f0867f35cba3e-m1,foraging,-0.5,-0.20338168158940284
model_agnostic_replication_behavior-872139abf35ae56a-m0,debugging,-3.25,-3.1731130248664328
model_agnostic_replication_behavior-872139abf35ae56a-m1,debugging,-2.0,-2.941004372124736
model_agnostic_replication_behavior-87223f7a49720ff8-m0,information_sampling,-0.8750000000000002,-0.8279114797914789
model_agnostic_replication_behavior-87223f7a49720ff8-m1,information_sampling,-0.7500000000000001,-0.9182766116126498
model_agnostic_replication_behavior-872e56689b4820e1-m0,bandit,-2.625,-2.5840756684268915
model_agnostic_replication_behavior-872e56689b4820e1-m1,bandit,-0.7500000000000001,-1.0859551878819778
model_agnostic_replication_behavior-873057abea8bad95-m0,effort,-1.0000000000000002,-1.076387516299234
model_agnostic_replication_behavior-873057abea8bad95-m1,effort,-1.25,-0.4043559539055289
model_agnostic_replication_behavior-8741239493e254c4-m0,waiting,0.8750000000000001,1.012563229177092
model_agnostic_replication_behavior-8741239493e254c4-m1,waiting,1.5000000000000002,1.8963716510749293
model_agnostic_replication_behavior-8762ccc6e18ef2d1-m0,information_sampling,-0.7500000000000001,-0.6074769485288585
model_agnostic_replication_behavior-8762ccc6e18ef2d1-m1,information_sampling,-0.6249999999999999,-0.6978420803500295
model_agnostic_replication_behavior-8770501f99955137-m0,waiting,-2.75,-2.340484477214795
model_agnostic_replication_behavior-8770501f99955137-m1,waiting,-1.875,-1.4566760553169575
model_agnostic_replication_behavior-87745bcdd9c550ad-m0,waiting,-2.25,-2.0081110152780766
model_agnostic_replication_behavior-87745bcdd9c550ad-m1,waiting,-1.5,-1.1243025933802393
model_agnostic_replication_behavior-87a1f5ea44ef8e5e-m0,waiting,-1.5,-1.7468316391728775
model_agnostic_replication_behavior-87a1f5ea44ef8e5e-m1,waiting,-1.25,-0.8630232172750403
model_agnostic_replication_behavior-87db99314b46e261-m0,debugging,-1.125,-1.9644542410349968
model_agnostic_replication_behavior-87db99314b46e261-m1,debugging,-1.375,-1.732345588293299
model_agnostic_replication_behavior-87fd885692ec56e4-m0,effort,-3.125,-2.6921232054736595
model_agnostic_replication_behavior-87fd885692ec56e4-m1,effort,-1.125,-2.0200916430799545
model_agnostic_replication_behavior-88273fdf42d16f91-m0,solvability,-4.5,-2.627397917087597
model_agnostic_replication_behavior-88273fdf42d16f91-m1,solvability,-1.25,-2.279746519983148
model_agnostic_replication_behavior-88383952cacec0e1-m0,debugging,-1.7499999999999998,-1.4924222887685097
model_agnostic_replication_behavior-88383952cacec0e1-m1,debugging,-1.25,-1.2603136360268126
model_agnostic_replication_behavior-88645b74ac98537a-m0,solvability,-2.25,-1.9499472569096081
model_agnostic_replication_behavior-88645b74ac98537a-m1,solvability,-1.5,-1.6022958598051598
model_agnostic_replication_behavior-887cae22809dac85-m0,debugging,-0.6249999999999999,-0.41784190422171785
model_agnostic_replication_behavior-887cae22809dac85-m1,debugging,-0.8750000000000002,-0.18573325148002073
model_agnostic_replication_behavior-88dd8f0c7bd7c43b-m0,debugging,-2.25,-2.319040313830079
model_agnostic_replication_behavior-88dd8f0c7bd7c43b-m1,debugging,-1.5,-2.0869316610883817
model_agnostic_replication_behavior-88efc09b6a7bf3fc-m0,bandit,-0.8750000000000002,-1.1377808883497127
model_agnostic_replication_behavior-88efc09b6a7bf3fc-m1,bandit,0.0,0.36033959219520095
model_agnostic_replication_behavior-8941fe31ec1b5be5-m0,foraging,-1.0000000000000002,-0.9751817099376606
model_agnostic_replication_behavior-8941fe31ec1b5be5-m1,foraging,-1.7499999999999998,-1.3225989829212734
model_agnostic_replication_behavior-895c4af500f38224-m0,foraging,0.0,-0.010177315026618117
model_agnostic_replication_behavior-895c4af500f38224-m1,foraging,-0.25,-0.35759458801023103
model_agnostic_replication_behavior-896c2869bd9b341f-m0,bandit,-2.0,-2.3502060200214214
model_agnostic_replication_behavior-896c2869bd9b341f-m1,bandit,-2.625,-0.8520855394765074
model_agnostic_replication_behavior-89c924b46d169021-m0,bandit,-4.5,-4.396209430601374
model_agnostic_replication_behavior-89c924b46d169021-m1,bandit,-2.125,-2.8980889500564606
model_agnostic_replication_behavior-8a17b75061a9d5bd-m0,foraging,-1.5,-1.801836379482825
model_agnostic_replication_behavior-8a17b75061a9d5bd-m1,foraging,-2.625,-2.149253652466438
model_agnostic_replication_behavior-8a6a66876f15098b-m0,foraging,0.37499999999999994,0.3143792948222929
model_agnostic_replication_behavior-8a6a66876f15098b-m1,foraging,-0.12500000000000006,-0.033037978161319925
model_agnostic_replication_behavior-8a7dbe7400604d2a-m0,foraging,-0.25,-1.228834132564936
model_agnostic_replication_behavior-8a7dbe7400604d2a-m1,foraging,-2.5,-1.5762514055485486
model_agnostic_replication_behavior-8aa677ad78c5e042-m0,information_sampling,-1.125,-0.8472474098060317
model_agnostic_replication_behavior-8aa677ad78c5e042-m1,information_sampling,-0.6249999999999999,-0.9376125416272026
model_agnostic_replication_behavior-8b6e712cfcb99475-m0,solvability,-0.25,-0.5721992913744125
model_agnostic_replication_behavior-8b6e712cfcb99475-m1,solvability,-0.5,-0.22454789426996358
model_agnostic_replication_behavior-8b9d1ff9ca72f0a9-m0,bandit,-0.25,-0.787171449544745
model_agnostic_replication_behavior-8b9d1ff9ca72f0a9-m1,bandit,1.25,0.7109490310001693
model_agnostic_replication_behavior-8c0ed3ebc30ac5f6-m0,effort,-0.37499999999999994,-0.49591801431822746
model_agnostic_replication_behavior-8c0ed3ebc30ac5f6-m1,effort,-0.12500000000000006,0.1761135480754778
model_agnostic_replication_behavior-8c25a45d0853a34e-m0,waiting,-1.0000000000000002,-1.091791031789137
model_agnostic_replication_behavior-8c25a45d0853a34e-m1,waiting,-0.5,-0.20798260989129963
model_agnostic_replication_behavior-8c2e836fa92de8e0-m0,information_sampling,-0.5,-0.5032240553027644
model_agnostic_replication_behavior-8c2e836fa92de8e0-m1,information_sampling,-0.7500000000000001,-0.5935891871239356
model_agnostic_replication_behavior-8c58c22e1df795ab-m0,effort,-0.12500000000000006,-1.061588663825939
model_agnostic_replication_behavior-8c58c22e1df795ab-m1,effort,0.125,-0.38955710143223404
model_agnostic_replication_behavior-8ca12c7a545cc141-m0,information_sampling,-0.7500000000000001,-0.8134998160287032
model_agnostic_replication_behavior-8ca12c7a545cc141-m1,information_sampling,-0.6249999999999999,-0.9038649478498744
model_agnostic_replication_behavior-8cba254b8aaab3be-m0,waiting,-1.125,-0.8238225055265734
model_agnostic_replication_behavior-8cba254b8aaab3be-m1,waiting,-0.25,0.059985916371263936
model_agnostic_replication_behavior-8cc3a7e2ce460e4b-m0,foraging,0.5,0.3277480475103155
model_agnostic_replication_behavior-8cc3a7e2ce460e4b-m1,foraging,0.5,-0.019669225473297414
model_agnostic_replication_behavior-8cd01411a98f37d0-m0,effort,-3.625,-2.344643840598091
model_agnostic_replication_behavior-8cd01411a98f37d0-m1,effort,-1.7499999999999998,-1.672612278204386
model_agnostic_replication_behavior-8cdc19ba85f41421-m0,debugging,-0.25,-0.759618589910766
model_agnostic_replication_behavior-8cdc19ba85f41421-m1,debugging,-0.6249999999999999,-0.527509937169069
model_agnostic_replication_behavior-8cdca88468181c6b-m0,solvability,0.8750000000000001,1.1790224905938467
model_agnostic_replication_behavior-8cdca88468181c6b-m1,solvability,0.5,1.5266738876982957
model_agnostic_replication_behavior-8cfd7c6039f9b231-m0,information_sampling,-1.0000000000000002,-0.6648455041867891
model_agnostic_replication_behavior-8cfd7c6039f9b231-m1,information_sampling,-0.7500000000000001,-0.7552106360079602
model_agnostic_replication_behavior-8d3afb06ca5dd287-m0,debugging,-0.7500000000000001,-0.3164120297442917
model_agnostic_replication_behavior-8d3afb06ca5dd287-m1,debugging,0.37499999999999994,-0.08430337700259449
model_agnostic_replication_behavior-8da7d4f7221253e4-m0,waiting,0.125,0.8860118385251843
model_agnostic_replication_behavior-8da7d4f7221253e4-m1,waiting,1.5000000000000002,1.7698202604230215
model_agnostic_replication_behavior-8e048d5d9cbb5392-m0,foraging,-5.0,-2.724804137697321
model_agnostic_replication_behavior-8e048d5d9cbb5392-m1,foraging,-3.375,-3.0722214106809336
model_agnostic_replication_behavior-8e3ed71ecd2baf83-m0,effort,-3.75,-3.1440568006660854
model_agnostic_replication_behavior-8e3ed71ecd2baf83-m1,effort,-2.375,-2.472025238272381
model_agnostic_replication_behavior-8eca6891b5053ee0-m0,solvability,2.75,2.984086471289382
model_agnostic_replication_behavior-8eca6891b5053ee0-m1,solvability,3.125,3.3317378683938306
model_agnostic_replication_behavior-8f03ea675e166621-m0,debugging,-3.0,-2.481187687149041
model_agnostic_replication_behavior-8f03ea675e166621-m1,debugging,-2.5,-2.2490790344073437
model_agnostic_replication_behavior-8f7f8b18db70814f-m0,bandit,-2.25,-1.8985377740834206
model_agnostic_replication_behavior-8f7f8b18db70814f-m1,bandit,-0.7500000000000001,-0.4004172935385065
model_agnostic_replication_behavior-8fa36f874d5b0734-m0,foraging,-0.8750000000000002,-1.7790946812026665
model_agnostic_replication_behavior-8fa36f874d5b0734-m1,foraging,-1.875,-2.126511954186279
model_agnostic_replication_behavior-8fb4200075fe0ca0-m0,waiting,0.0,0.25137765270707035
model_agnostic_replication_behavior-8fb4200075fe0ca0-m1,waiting,0.625,1.1351860746049076
model_agnostic_replication_behavior-8fde63d1a4551c6c-m0,bandit,-1.7499999999999998,-1.1183314691059936
model_agnostic_replication_behavior-8fde63d1a4551c6c-m1,bandit,-0.25,0.3797890114389203
model_agnostic_replication_behavior-9057e940f679976c-m0,waiting,-0.5,-1.4623814394402874
model_agnostic_replication_behavior-9057e940f679976c-m1,waiting,-1.5,-0.5785730175424502
model_agnostic_replication_behavior-90791564e411c004-m0,waiting,0.24999999999999992,-0.13823789496036698
model_agnostic_replication_behavior-90791564e411c004-m1,waiting,1.625,0.7455705269374704
model_agnostic_replication_behavior-907c8f0bd5be6667-m0,solvability,0.125,0.2130948615979371
model_agnostic_replication_behavior-907c8f0bd5be6667-m1,solvability,0.625,0.5607462587023863
model_agnostic_replication_behavior-909660514f3153a5-m0,bandit,-1.7499999999999998,-2.043325746967737
model_agnostic_replication_behavior-909660514f3153a5-m1,bandit,-0.8750000000000002,-0.5452052664228229
model_agnostic_replication_behavior-909af838dcffe1b6-m0,information_sampling,-0.12500000000000006,-0.17108196365153305
model_agnostic_replication_behavior-909af838dcffe1b6-m1,information_sampling,-0.25,-0.2614470954727044
model_agnostic_replication_behavior-90e1492ac577f394-m0,information_sampling,-0.6249999999999999,-0.6406481610565208
model_agnostic_replication_behavior-90e1492ac577f394-m1,information_sampling,-0.7500000000000001,-0.7310132928776916
model_agnostic_replication_behavior-9109c64cd8fe773d-m0,information_sampling,-1.375,-1.011859905877308
model_agnostic_replication_behavior-9109c64cd8fe773d-m1,information_sampling,-0.6249999999999999,-1.102225037698479
model_agnostic_replication_behavior-9130cafb11c03530-m0,effort,-0.37499999999999994,-1.2084445032763926
model_agnostic_replication_behavior-9130cafb11c03530-m1,effort,0.0,-0.5364129408826873
model_agnostic_replication_behavior-9132f46398eaa9b5-m0,debugging,-1.375,-1.7681650476116104
model_agnostic_replication_behavior-9132f46398eaa9b5-m1,debugging,-1.25,-1.5360563948699133
model_agnostic_replication_behavior-91910af602b31227-m0,solvability,-0.6249999999999999,-1.0479107993873167
model_agnostic_replication_behavior-91910af602b31227-m1,solvability,-0.5,-0.7002594022828675
model_agnostic_replication_behavior-91b0d75dc4c13ada-m0,debugging,-4.5,-3.6278295081929337
model_agnostic_replication_behavior-91b0d75dc4c13ada-m1,debugging,-3.625,-3.395720855451237
model_agnostic_replication_behavior-91c1aef5e447ce11-m0,solvability,1.0,0.21987151461214866
model_agnostic_replication_behavior-91c1aef5e447ce11-m1,solvability,-0.25,0.5675229117165975
model_agnostic_replication_behavior-91c6e602b0c01804-m0,bandit,0.24999999999999992,-0.015788429582339336
model_agnostic_replication_behavior-91c6e602b0c01804-m1,bandit,1.125,1.4823320509625746
model_agnostic_replication_behavior-91f59b669041a2e2-m0,foraging,-1.5,-1.231742141642417
model_agnostic_replication_behavior-91f59b669041a2e2-m1,foraging,-2.625,-1.5791594146260297
model_agnostic_replication_behavior-921010f9ad03cf66-m0,effort,1.75,1.6367171122779163
model_agnostic_replication_behavior-921010f9ad03cf66-m1,effort,1.3750000000000002,2.3087486746716213
model_agnostic_replication_behavior-92949dfabd4a95d3-m0,foraging,-1.125,-1.4401742048890052
model_agnostic_replication_behavior-92949dfabd4a95d3-m1,foraging,-1.0000000000000002,-1.7875914778726183
model_agnostic_replication_behavior-929e5774568dea1e-m0,waiting,0.5,-0.0014477089959175071
model_agnostic_replication_behavior-929e5774568dea1e-m1,waiting,1.5000000000000002,0.8823607129019196
model_agnostic_replication_behavior-92c878938a91436d-m0,foraging,-3.25,-1.8567648656920221
model_agnostic_replication_behavior-92c878938a91436d-m1,foraging,-2.0,-2.204182138675635
model_agnostic_replication_behavior-92dd0c4db7516cde-m0,bandit,0.0,-0.59601344628047
model_agnostic_replication_behavior-92dd0c4db7516cde-m1,bandit,0.5,0.9021070342644438
model_agnostic_replication_behavior-92f029d7f7220a24-m0,solvability,1.625,0.9453483586734436
model_agnostic_replication_behavior-92f029d7f7220a24-m1,solvability,2.25,1.2929997557778925
model_agnostic_replication_behavior-93143c7a2ed4d153-m0,foraging,-1.0000000000000002,-0.8461620768894771
model_agnostic_replication_behavior-93143c7a2ed4d153-m1,foraging,-0.8750000000000002,-1.19357934987309
model_agnostic_replication_behavior-932bbe9f5d3af2f6-m0,solvability,1.3750000000000002,1.568577938495737
model_agnostic_replication_behavior-932bbe9f5d3af2f6-m1,solvability,1.0,1.9162293356001858
model_agnostic_replication_behavior-932fe3d68830cb04-m0,debugging,-3.0,-2.961839240057466
model_agnostic_replication_behavior-932fe3d68830cb04-m1,debugging,-2.375,-2.7297305873157693
model_agnostic_replication_behavior-93801b0bb9ba2537-m0,effort,-2.25,-2.9065105284517356
model_agnostic_replication_behavior-93801b0bb9ba2537-m1,effort,-2.5,-2.23447896605803
model_agnostic_replication_behavior-939645d368133f1d-m0,solvability,0.8750000000000001,1.2656261635487542
model_agnostic_replication_behavior-939645d368133f1d-m1,solvability,1.125,1.6132775606532035
model_agnostic_replication_behavior-93b9f402dda225b8-m0,debugging,-0.6249999999999999,-0.7612902631684237
model_agnostic_replication_behavior-93b9f402dda225b8-m1,debugging,-0.12500000000000006,-0.5291816104267266
model_agnostic_replication_behavior-93ce1981bf9aa5e4-m0,debugging,-1.5,-1.3840568179125827
model_agnostic_replication_behavior-93ce1981bf9aa5e4-m1,debugging,-0.37499999999999994,-1.1519481651708858
model_agnostic_replication_behavior-940216dadcef438f-m0,solvability,2.5,3.2588288415451605
model_agnostic_replication_behavior-940216dadcef438f-m1,solvability,3.75,3.6064802386496093
model_agnostic_replication_behavior-943e06a2e433449d-m0,debugging,-0.8750000000000002,-1.5997718123771636
model_agnostic_replication_behavior-943e06a2e433449d-m1,debugging,-1.125,-1.3676631596354665
model_agnostic_replication_behavior-94d5189ecf9f261e-m0,effort,-1.25,-1.4572156886031467
model_agnostic_replication_behavior-94d5189ecf9f261e-m1,effort,-0.12500000000000006,-0.7851841262094414
model_agnostic_replication_behavior-94fdc15e7d111af0-m0,information_sampling,-0.37499999999999994,-0.8046314527775664
model_agnostic_replication_behavior-94fdc15e7d111af0-m1,information_sampling,-0.6249999999999999,-0.8949965845987375
model_agnostic_replication_behavior-953123a0db7ca236-m0,solvability,-1.7499999999999998,-1.5142093370877188
model_agnostic_replication_behavior-953123a0db7ca236-m1,solvability,-0.5,-1.1665579399832695
model_agnostic_replication_behavior-95412ce9ae65716b-m0,information_sampling,0.24999999999999992,0.08170932614483517
model_agnostic_replication_behavior-95412ce9ae65716b-m1,information_sampling,-0.5,-0.008655805676335504
model_agnostic_replication_behavior-95873de7cd3d23de-m0,bandit,-5.75,-4.498912012827084
model_agnostic_replication_behavior-95873de7cd3d23de-m1,bandit,-3.0,-3.0007915322821694
model_agnostic_replication_behavior-95b680d128a853a9-m0,information_sampling,-0.12500000000000006,-0.4683938291566376
model_agnostic_replication_behavior-95b680d128a853a9-m1,information_sampling,-0.5,-0.5587589609778085
model_agnostic_replication_behavior-95da16659b84d784-m0,foraging,-1.625,-1.770177361264769
model_agnostic_replication_behavior-95da16659b84d784-m1,foraging,-1.7499999999999998,-2.117594634248382
model_agnostic_replication_behavior-95e440023b1ebb1f-m0,effort,0.625,-0.43346055129301914
model_agnostic_replication_behavior-95e440023b1ebb1f-m1,effort,0.125,0.23857101110068585
model_agnostic_replication_behavior-95e617c92e56e841-m0,debugging,-1.25,-1.99719860779024
model_agnostic_replication_behavior-95e617c92e56e841-m1,debugging,-1.0000000000000002,-1.7650899550485426
model_agnostic_replication_behavior-96095fa185c5c1c0-m0,information_sampling,0.125,-0.001463339969866917
model_agnostic_replication_behavior-96095fa185c5c1c0-m1,information_sampling,-0.5,-0.09182847179103781
model_agnostic_replication_behavior-961abfe551bb6108-m0,solvability,1.625,1.688348183852387
model_agnostic_replication_behavior-961abfe551bb6108-m1,solvability,1.25,2.035999580956836
model_agnostic_replication_behavior-962029f791192c33-m0,debugging,0.24999999999999992,-0.21753784985898927
model_agnostic_replication_behavior-962029f791192c33-m1,debugging,-0.7500000000000001,0.014570802882707845
model_agnostic_replication_behavior-962db6b812456f5d-m0,information_sampling,-0.25,-0.14510224278487882
model_agnostic_replication_behavior-962db6b812456f5d-m1,information_sampling,-0.5,-0.23546737460604994
model_agnostic_replication_behavior-964dac0b013bf256-m0,effort,-6.75,-4.3287702155882215
model_agnostic_replication_behavior-964dac0b013bf256-m1,effort,-2.875,-3.656738653194516
model_agnostic_replication_behavior-96f1e769eb5b8372-m0,waiting,0.0,-0.36447018549351884
model_agnostic_replication_behavior-96f1e769eb5b8372-m1,waiting,0.0,0.5193382364043186
model_agnostic_replication_behavior-972b66ffefbc58ac-m0,effort,-1.625,-2.0429883695196964
model_agnostic_replication_behavior-972b66ffefbc58ac-m1,effort,-0.37499999999999994,-1.3709568071259914
model_agnostic_replication_behavior-97ac23df9331762d-m0,bandit,-1.25,-1.9624248495056942
model_agnostic_replication_behavior-97ac23df9331762d-m1,bandit,-1.375,-0.46430436896078
model_agnostic_replication_behavior-97cb3c12a9e70a5d-m0,bandit,-1.5,-0.8540387328918457
model_agnostic_replication_behavior-97cb3c12a9e70a5d-m1,bandit,-0.25,0.6440817476530681
model_agnostic_replication_behavior-97e1c464d9f2e8a2-m0,solvability,2.625,2.5766529322733605
model_agnostic_replication_behavior-97e1c464d9f2e8a2-m1,solvability,3.875,2.9243043293778093
model_agnostic_replication_behavior-983b5f4ff11deda5-m0,waiting,-1.625,-1.72613925647254
model_agnostic_replication_behavior-983b5f4ff11deda5-m1,waiting,-0.25,-0.8423308345747025
model_agnostic_replication_behavior-985158d05210a378-m0,solvability,2.375,1.7995588482605598
model_agnostic_replication_behavior-985158d05210a378-m1,solvability,1.3750000000000002,2.1472102453650086
model_agnostic_replication_behavior-98ac3a18dd836478-m0,effort,-4.75,-3.636183341095389
model_agnostic_replication_behavior-98ac3a18dd836478-m1,effort,-3.375,-2.964151778701684
model_agnostic_replication_behavior-98bf3931bb091378-m0,effort,1.125,1.0265864238874456
model_agnostic_replication_behavior-98bf3931bb091378-m1,effort,0.5,1.6986179862811506
model_agnostic_replication_behavior-98d8a6a4cc352c8c-m0,effort,0.0,0.06865076699759481
model_agnostic_replication_behavior-98d8a6a4cc352c8c-m1,effort,0.0,0.7406823293912999
model_agnostic_replication_behavior-98fbbadb3babd210-m0,solvability,-1.0000000000000002,-0.9021099236989737
model_agnostic_replication_behavior-98fbbadb3babd210-m1,solvability,-0.5,-0.5544585265945247
model_agnostic_replication_behavior-991f73eafb590c66-m0,information_sampling,-0.7500000000000001,-0.8291102027260402
model_agnostic_replication_behavior-991f73eafb590c66-m1,information_sampling,-0.7500000000000001,-0.9194753345472112
model_agnostic_replication_behavior-9962edd9c458d9a2-m0,effort,-0.5,-0.7043479641006647
model_agnostic_replication_behavior-9962edd9c458d9a2-m1,effort,0.0,-0.03231640170695968
model_agnostic_replication_behavior-99f2daa110117c04-m0,foraging,1.25,-0.04820821458203939
model_agnostic_replication_behavior-99f2daa110117c04-m1,foraging,-0.5,-0.3956254875656521
model_agnostic_replication_behavior-9a1596ca31abdd1c-m0,debugging,0.5,0.554779000366892
model_agnostic_replication_behavior-9a1596ca31abdd1c-m1,debugging,0.625,0.7868876531085891
model_agnostic_replication_behavior-9a70bea2c4823d6a-m0,debugging,-1.0000000000000002,-1.5058476958639269
model_agnostic_replication_behavior-9a70bea2c4823d6a-m1,debugging,-2.25,-1.2737390431222295
model_agnostic_replication_behavior-9acfa11177e7197c-m0,bandit,-2.0,-1.5273321635919814
model_agnostic_replication_behavior-9acfa11177e7197c-m1,bandit,-0.8750000000000002,-0.029211683047067227
model_agnostic_replication_behavior-9aff574db7ef5326-m0,effort,0.0,0.045040871852956965
model_agnostic_replication_behavior-9aff574db7ef5326-m1,effort,-0.37499999999999994,0.7170724342466621
model_agnostic_replication_behavior-9b7a7d2eb83bfc0d-m0,effort,-2.375,-2.110261455281429
model_agnostic_replication_behavior-9b7a7d2eb83bfc0d-m1,effort,-0.7500000000000001,-1.438229892887724
model_agnostic_replication_behavior-9b88ae29f5fdb0b9-m0,information_sampling,-0.7500000000000001,-0.8385768140610484
model_agnostic_replication_behavior-9b88ae29f5fdb0b9-m1,information_sampling,-0.7500000000000001,-0.928941945882219
model_agnostic_replication_behavior-9bb5425203a908c0-m0,information_sampling,-0.8750000000000002,-0.9273721614559345
model_agnostic_replication_behavior-9bb5425203a908c0-m1,information_sampling,-1.125,-1.0177372932771056
model_agnostic_replication_behavior-9bbf7d96242c0cea-m0,waiting,0.625,0.3963726402980283
model_agnostic_replication_behavior-9bbf7d96242c0cea-m1,waiting,1.75,1.2801810621958656
model_agnostic_replication_behavior-9c6a917136a18bfd-m0,foraging,-3.375,-2.9897629733540736
model_agnostic_replication_behavior-9c6a917136a18bfd-m1,foraging,-2.0,-3.3371802463376867
model_agnostic_replication_behavior-9c8b8e260b68c5e5-m0,information_sampling,0.125,-0.5188900002850121
model_agnostic_replication_behavior-9c8b8e260b68c5e5-m1,information_sampling,-0.5,-0.609255132106183
model_agnostic_replication_behavior-9c943d622162c74b-m0,bandit,0.125,-0.178110690509947
model_agnostic_replication_behavior-9c943d622162c74b-m1,bandit,0.24999999999999992,1.3200097900349672
model_agnostic_replication_behavior-9c9d58145cda3fb9-m0,debugging,-0.25,-0.8735715703999892
model_agnostic_replication_behavior-9c9d58145cda3fb9-m1,debugging,-0.12500000000000006,-0.6414629176582922
model_agnostic_replication_behavior-9ca849977a72c42c-m0,foraging,-2.5,-2.3915950760958133
model_agnostic_replication_behavior-9ca849977a72c42c-m1,foraging,-2.5,-2.739012349079426
model_agnostic_replication_behavior-9cd00b1dbe5b6f3a-m0,waiting,-2.125,-1.8360618677385976
model_agnostic_replication_behavior-9cd00b1dbe5b6f3a-m1,waiting,-1.25,-0.9522534458407603
model_agnostic_replication_behavior-9cd2e9af61da6148-m0,bandit,-3.875,-4.197969597798966
model_agnostic_replication_behavior-9cd2e9af61da6148-m1,bandit,-1.375,-2.6998491172540526
model_agnostic_replication_behavior-9cfb4e82e10d17f2-m0,effort,1.0,1.6051471474596508
model_agnostic_replication_behavior-9cfb4e82e10d17f2-m1,effort,0.8750000000000001,2.2771787098533562
model_agnostic_replication_behavior-9d936d7ce8fd8248-m0,solvability,1.75,1.4779515785885466
model_agnostic_replication_behavior-9d936d7ce8fd8248-m1,solvability,1.625,1.8256029756929957
model_agnostic_replication_behavior-9da819f437196ebd-m0,bandit,-2.375,-2.5874829762430283
model_agnostic_replication_behavior-9da819f437196ebd-m1,bandit,-0.37499999999999994,-1.0893624956981143
model_agnostic_replication_behavior-9dbe0bb02f11a68a-m0,bandit,-1.25,-2.3432368958567245
model_agnostic_replication_behavior-9dbe0bb02f11a68a-m1,bandit,-2.25,-0.8451164153118101
model_agnostic_replication_behavior-9ddb551eee3445fe-m0,foraging,-0.37499999999999994,-0.6282429723429184
model_agnostic_replication_behavior-9ddb551eee3445fe-m1,foraging,-0.7500000000000001,-0.9756602453265313
model_agnostic_replication_behavior-9e2867fdf9c03a91-m0,foraging,-3.125,-1.9557069476585331
model_agnostic_replication_behavior-9e2867fdf9c03a91-m1,foraging,-3.0,-2.303124220642146
model_agnostic_replication_behavior-9e5b10b6c844f2d6-m0,waiting,0.625,-0.35721526654776103
model_agnostic_replication_behavior-9e5b10b6c844f2d6-m1,waiting,-0.6249999999999999,0.5265931553500764
model_agnostic_replication_behavior-9e73d89a206ad669-m0,solvability,0.8750000000000001,0.5933343090306714
model_agnostic_replication_behavior-9e73d89a206ad669-m1,solvability,0.7500000000000002,0.9409857061351203
model_agnostic_replication_behavior-9e97352117542735-m0,effort,-1.25,-0.9030904871707062
model_agnostic_replication_behavior-9e97352117542735-m1,effort,-1.125,-0.23105892477700105
model_agnostic_replication_behavior-9ead76575469d6e8-m0,bandit,-2.25,-2.4041676785406683
model_agnostic_replication_behavior-9ead76575469d6e8-m1,bandit,-1.125,-0.9060471979957541
model_agnostic_replication_behavior-9f1d78f5eb0ec35b-m0,solvability,1.25,0.8680357748050299
model_agnostic_replication_behavior-9f1d78f5eb0ec35b-m1,solvability,0.5,1.215687171909479
model_agnostic_replication_behavior-9f62e32d4455892b-m0,waiting,-1.375,-0.9140523560849156
model_agnostic_replication_behavior-9f62e32d4455892b-m1,waiting,0.625,-0.030243934187078214
model_agnostic_replication_behavior-9f6397cb681673b4-m0,effort,-1.125,-1.4071965646384836
model_agnostic_replication_behavior-9f6397cb681673b4-m1,effort,-0.7500000000000001,-0.7351650022447787
model_agnostic_replication_behavior-9f919fcbeaf46708-m0,debugging,-1.375,-1.8112646203263216
model_agnostic_replication_behavior-9f919fcbeaf46708-m1,debugging,-2.125,-1.5791559675846243
model_agnostic_replication_behavior-9ff975f1cc400fc2-m0,foraging,0.5,0.04515405596251243
model_agnostic_replication_behavior-9ff975f1cc400fc2-m1,foraging,-0.7500000000000001,-0.3022632170211006
model_agnostic_replication_behavior-a0033973ccb4233d-m0,solvability,0.7500000000000002,0.04062828429506682
model_agnostic_replication_behavior-a0033973ccb4233d-m1,solvability,0.8750000000000001,0.38827968139951574
model_agnostic_replication_behavior-a00dba40d5edb6e1-m0,debugging,-2.25,-1.753098326306013
model_agnostic_replication_behavior-a00dba40d5edb6e1-m1,debugging,-1.7499999999999998,-1.520989673564316
model_agnostic_replication_behavior-a015e265c1b07c99-m0,information_sampling,-0.37499999999999994,-0.5866759886830093
model_agnostic_replication_behavior-a015e265c1b07c99-m1,information_sampling,-0.6249999999999999,-0.6770411205041804
model_agnostic_replication_behavior-a01d1c9bb5374f11-m0,information_sampling,-2.375,-1.3612341271640573
model_agnostic_replication_behavior-a01d1c9bb5374f11-m1,information_sampling,-1.0000000000000002,-1.4515992589852282
model_agnostic_replication_behavior-a0205177286385ca-m0,foraging,-2.625,-2.180283079341889
model_agnostic_replication_behavior-a0205177286385ca-m1,foraging,-1.875,-2.5277003523255015
model_agnostic_replication_behavior-a0238357b16d73f4-m0,effort,-5.0,-3.992679420687339
model_agnostic_replication_behavior-a0238357b16d73f4-m1,effort,-3.0,-3.3206478582936336
model_agnostic_replication_behavior-a02cd2dd4809b113-m0,information_sampling,-1.25,-1.0417126185856254
model_agnostic_replication_behavior-a02cd2dd4809b113-m1,information_sampling,-0.6249999999999999,-1.1320777504067965
model_agnostic_replication_behavior-a03911b6efb1a567-m0,effort,1.0,-0.14504412356368546
model_agnostic_replication_behavior-a03911b6efb1a567-m1,effort,0.0,0.5269874388300197
model_agnostic_replication_behavior-a0614c4eed4fc20f-m0,foraging,0.37499999999999994,-0.44887694622044594
model_agnostic_replication_behavior-a0614c4eed4fc20f-m1,foraging,-0.8750000000000002,-0.7962942192040587
model_agnostic_replication_behavior-a07f0ac9de5a69dd-m0,debugging,-2.5,-2.25700876361466
model_agnostic_replication_behavior-a07f0ac9de5a69dd-m1,debugging,-1.875,-2.024900110872963
model_agnostic_replication_behavior-a0e421a8a8bb7800-m0,debugging,-4.375,-2.9117973773488224
model_agnostic_replication_behavior-a0e421a8a8bb7800-m1,debugging,-3.625,-2.679688724607125
model_agnostic_replication_behavior-a0fcd1f9e1a4e0ba-m0,debugging,-0.5,-1.1168207683339642
model_agnostic_replication_behavior-a0fcd1f9e1a4e0ba-m1,debugging,-0.7500000000000001,-0.884712115592267
model_agnostic_replication_behavior-a1117ec1dbda2a69-m0,waiting,-1.5,-1.7704355607880697
model_agnostic_replication_behavior-a1117ec1dbda2a69-m1,waiting,-1.5,-0.8866271388902325
model_agnostic_replication_behavior-a12f808134e721d4-m0,effort,-3.875,-3.0776810699061334
model_agnostic_replication_behavior-a12f808134e721d4-m1,effort,-2.0,-2.405649507512428
model_agnostic_replication_behavior-a15aa4c14e33ca93-m0,solvability,1.8749999999999998,2.293660651591459
model_agnostic_replication_behavior-a15aa4c14e33ca93-m1,solvability,1.75,2.6413120486959074
model_agnostic_replication_behavior-a174e27c2c3bead6-m0,solvability,1.625,1.702549620155628
model_agnostic_replication_behavior-a174e27c2c3bead6-m1,solvability,2.125,2.050201017260077
model_agnostic_replication_behavior-a175f8adb410af7b-m0,foraging,-0.7500000000000001,-0.5198240412144199
model_agnostic_replication_behavior-a175f8adb410af7b-m1,foraging,-0.6249999999999999,-0.8672413141980329
model_agnostic_replication_behavior-a17642a3c59fe982-m0,foraging,-0.8750000000000002,-1.3079526239676624
model_agnostic_replication_behavior-a17642a3c59fe982-m1,foraging,-1.25,-1.6553698969512753
model_agnostic_replication_behavior-a1a371ca0205f3b5-m0,solvability,2.5,2.4665362806919164
model_agnostic_replication_behavior-a1a371ca0205f3b5-m1,solvability,3.5,2.8141876777963653
model_agnostic_replication_behavior-a1a540ac216b53e9-m0,information_sampling,-0.6249999999999999,-0.7192675199968144
model_agnostic_replication_behavior-a1a540ac216b53e9-m1,information_sampling,-0.5,-0.8096326518179855
model_agnostic_replication_behavior-a27d12ee74eb009d-m0,effort,-0.25,-1.1108489621374367
model_agnostic_replication_behavior-a27d12ee74eb009d-m1,effort,-0.8750000000000002,-0.43881739974373174
model_agnostic_replication_behavior-a2852f751614d7a1-m0,waiting,0.5,0.9275554919155485
model_agnostic_replication_behavior-a2852f751614d7a1-m1,waiting,0.8750000000000001,1.811363913813386
model_agnostic_replication_behavior-a308d567384b758e-m0,waiting,-1.25,-1.3320081766988139
model_agnostic_replication_behavior-a308d567384b758e-m1,waiting,0.37499999999999994,-0.4481997548009765
model_agnostic_replication_behavior-a31319d2f11fc6a4-m0,information_sampling,-0.8750000000000002,-0.8615248830465948
model_agnostic_replication_behavior-a31319d2f11fc6a4-m1,information_sampling,-0.6249999999999999,-0.9518900148677659
model_agnostic_replication_behavior-a32a2569c8a971ff-m0,foraging,1.125,-0.23060637526978334
model_agnostic_replication_behavior-a32a2569c8a971ff-m1,foraging,-0.25,-0.5780236482533962
model_agnostic_replication_behavior-a377c64c042c97fa-m0,bandit,-1.0000000000000002,-1.363138906609628
model_agnostic_replication_behavior-a377c64c042c97fa-m1,bandit,-0.25,0.13498157393528598
model_agnostic_replication_behavior-a3a86d0cdc3cad93-m0,solvability,2.0,1.9208351262265966
model_agnostic_replication_behavior-a3a86d0cdc3cad93-m1,solvability,2.25,2.268486523331046
model_agnostic_replication_behavior-a3a93cc6e9169fa3-m0,information_sampling,-0.6249999999999999,-0.7432867518684254
model_agnostic_replication_behavior-a3a93cc6e9169fa3-m1,information_sampling,-0.7500000000000001,-0.8336518836895965
model_agnostic_replication_behavior-a3c0f6578ab20b83-m0,information_sampling,-0.37499999999999994,-0.1896089455199068
model_agnostic_replication_behavior-a3c0f6578ab20b83-m1,information_sampling,-0.6249999999999999,-0.27997407734107793
model_agnostic_replication_behavior-a3cfb7159fafdec6-m0,debugging,1.0,0.851162908872414
model_agnostic_replication_behavior-a3cfb7159fafdec6-m1,debugging,0.37499999999999994,1.083271561614111
model_agnostic_replication_behavior-a42ca42c513b241a-m0,solvability,0.24999999999999992,-0.0383081747531806
model_agnostic_replication_behavior-a42ca42c513b241a-m1,solvability,0.625,0.3093432223512684
model_agnostic_replication_behavior-a451b64017f24c80-m0,waiting,1.625,1.196980578304746
model_agnostic_replication_behavior-a451b64017f24c80-m1,waiting,1.125,2.0807890002025835
model_agnostic_replication_behavior-a4613ac8506c78c0-m0,debugging,-0.5,-0.7212328167762465
model_agnostic_replication_behavior-a4613ac8506c78c0-m1,debugging,-0.7500000000000001,-0.48912416403454995
model_agnostic_replication_behavior-a46f5360fc23da31-m0,debugging,0.0,-0.4867945538732066
model_agnostic_replication_behavior-a46f5360fc23da31-m1,debugging,-1.125,-0.25468590113150946
model_agnostic_replication_behavior-a47fbfe4b3b204ba-m0,solvability,-4.0,-2.184386249958803
model_agnostic_replication_behavior-a47fbfe4b3b204ba-m1,solvability,-1.0000000000000002,-1.8367348528543541
model_agnostic_replication_behavior-a487512d9591d2b5-m0,bandit,-5.125,-4.124204383446179
model_agnostic_replication_behavior-a487512d9591d2b5-m1,bandit,-2.875,-2.6260839029012644
model_agnostic_replication_behavior-a4c54bc3ec62e053-m0,information_sampling,-0.37499999999999994,-0.5479000579025587
model_agnostic_replication_behavior-a4c54bc3ec62e053-m1,information_sampling,-0.6249999999999999,-0.6382651897237295
model_agnostic_replication_behavior-a4e37f63ffad0136-m0,waiting,0.7500000000000002,0.19661267817897143
model_agnostic_replication_behavior-a4e37f63ffad0136-m1,waiting,1.0,1.080421100076809
model_agnostic_replication_behavior-a4fbc588f4f2f1c1-m0,bandit,-2.375,-2.232269625467622
model_agnostic_replication_behavior-a4fbc588f4f2f1c1-m1,bandit,-1.0000000000000002,-0.7341491449227083
model_agnostic_replication_behavior-a528e71ab9d6cfb9-m0,information_sampling,-0.7500000000000001,-0.7957859559403677
model_agnostic_replication_behavior-a528e71ab9d6cfb9-m1,information_sampling,-0.8750000000000002,-0.8861510877615388
model_agnostic_replication_behavior-a52df98b57929acf-m0,bandit,-2.375,-1.8385117142588638
model_agnostic_replication_behavior-a52df98b57929acf-m1,bandit,0.0,-0.3403912337139498
model_agnostic_replication_behavior-a543d323f11e92dd-m0,waiting,-0.5,-1.0474924866194817
model_agnostic_replication_behavior-a543d323f11e92dd-m1,waiting,-0.25,-0.16368406472164432
model_agnostic_replication_behavior-a5a6f09268e89b34-m0,information_sampling,-1.625,-1.26086418859974
model_agnostic_replication_behavior-a5a6f09268e89b34-m1,information_sampling,-1.375,-1.351229320420911
model_agnostic_replication_behavior-a5c3d29c9fb7e4dc-m0,foraging,-1.7499999999999998,-1.7024113150154787
model_agnostic_replication_behavior-a5c3d29c9fb7e4dc-m1,foraging,-2.875,-2.049828587999092
model_agnostic_replication_behavior-a5ce8bd5b16bf8f7-m0,information_sampling,-1.25,-1.0424041053916167
model_agnostic_replication_behavior-a5ce8bd5b16bf8f7-m1,information_sampling,-0.5,-1.1327692372127878
model_agnostic_replication_behavior-a5e146830253c8b8-m0,debugging,-1.375,-1.944749080744852
model_agnostic_replication_behavior-a5e146830253c8b8-m1,debugging,-1.7499999999999998,-1.7126404280031549
model_agnostic_replication_behavior-a646ebd939cd594b-m0,waiting,0.0,-0.3773006907819799
model_agnostic_replication_behavior-a646ebd939cd594b-m1,waiting,0.125,0.5065077311158576
model_agnostic_replication_behavior-a68d3e0aa669146a-m0,solvability,0.0,0.4255977852036008
model_agnostic_replication_behavior-a68d3e0aa669146a-m1,solvability,-0.25,0.7732491823080496
model_agnostic_replication_behavior-a69e531dd13ba571-m0,waiting,0.5,-0.2192861350122004
model_agnostic_replication_behavior-a69e531dd13ba571-m1,waiting,-0.6249999999999999,0.6645222868856367
model_agnostic_replication_behavior-a6c9a1b963478f89-m0,information_sampling,-0.25,-0.7347219627356827
model_agnostic_replication_behavior-a6c9a1b963478f89-m1,information_sampling,-0.7500000000000001,-0.8250870945568536
model_agnostic_replication_behavior-a6d80956f32032cf-m0,debugging,-4.125,-2.1553095173743158
model_agnostic_replication_behavior-a6d80956f32032cf-m1,debugging,-2.375,-1.9232008646326189
model_agnostic_replication_behavior-a6ed1397d814db82-m0,waiting,1.125,0.5709277215783433
model_agnostic_replication_behavior-a6ed1397d814db82-m1,waiting,2.75,1.4547361434761807
model_agnostic_replication_behavior-a74f835b98d84c09-m0,effort,-5.75,-4.24092108478461
model_agnostic_replication_behavior-a74f835b98d84c09-m1,effort,-2.625,-3.5688895223909047
model_agnostic_replication_behavior-a76dcd9640ae67bf-m0,information_sampling,-1.375,-0.6773887821086779
model_agnostic_replication_behavior-a76dcd9640ae67bf-m1,information_sampling,-0.8750000000000002,-0.7677539139298486
model_agnostic_replication_behavior-a7ab7a2e0d8545a1-m0,foraging,0.0,0.28369478119348523
model_agnostic_replication_behavior-a7ab7a2e0d8545a1-m1,foraging,-0.6249999999999999,-0.06372249179012779
model_agnostic_replication_behavior-a7c97b3af4ca8c64-m0,information_sampling,0.125,-0.3706278471109624
model_agnostic_replication_behavior-a7c97b3af4ca8c64-m1,information_sampling,-0.7500000000000001,-0.4609929789321334
model_agnostic_replication_behavior-a7d9dee50aa7b775-m0,bandit,-3.375,-2.5816187007943903
model_agnostic_replication_behavior-a7d9dee50aa7b775-m1,bandit,-0.8750000000000002,-1.0834982202494763
model_agnostic_replication_behavior-a7ded166a44d2eec-m0,solvability,2.0,2.4815042308851583
model_agnostic_replication_behavior-a7ded166a44d2eec-m1,solvability,2.875,2.829155627989607
model_agnostic_replication_behavior-a7eb61b60ddd0e1c-m0,foraging,1.75,1.4948427231562
model_agnostic_replication_behavior-a7eb61b60ddd0e1c-m1,foraging,1.25,1.147425450172587
model_agnostic_replication_behavior-a7f63c768d2b931c-m0,solvability,0.8750000000000001,0.5844434995560307
model_agnostic_replication_behavior-a7f63c768d2b931c-m1,solvability,0.8750000000000001,0.9320948966604796
model_agnostic_replication_behavior-a830c826b0ed4264-m0,effort,-3.625,-3.520719952373212
model_agnostic_replication_behavior-a830c826b0ed4264-m1,effort,-2.25,-2.848688389979507
model_agnostic_replication_behavior-a849749b5020b267-m0,debugging,-8.125,-4.006965010858202
model_agnostic_replication_behavior-a849749b5020b267-m1,debugging,-3.75,-3.7748563581165038
model_agnostic_replication_behavior-a8e1a5f78fe34455-m0,information_sampling,-0.25,-0.570770414133065
model_agnostic_replication_behavior-a8e1a5f78fe34455-m1,information_sampling,-0.6249999999999999,-0.6611355459542358
model_agnostic_replication_behavior-a8fe42ca48c26324-m0,debugging,0.8750000000000001,0.11742392743125518
model_agnostic_replication_behavior-a8fe42ca48c26324-m1,debugging,1.0,0.3495325801729521
model_agnostic_replication_behavior-a902c9fdbad01d0a-m0,foraging,0.8750000000000001,0.20383508277272877
model_agnostic_replication_behavior-a902c9fdbad01d0a-m1,foraging,0.5,-0.14358219021088425
model_agnostic_replication_behavior-a90dea3553dfce28-m0,waiting,-1.0000000000000002,-1.4292712838067352
model_agnostic_replication_behavior-a90dea3553dfce28-m1,waiting,-1.375,-0.5454628619088976
model_agnostic_replication_behavior-a94220409f3387ce-m0,effort,0.24999999999999992,-0.08993427786118396
model_agnostic_replication_behavior-a94220409f3387ce-m1,effort,1.125,0.5820972845325211
model_agnostic_replication_behavior-a94b591a2bff9baa-m0,information_sampling,-0.25,-0.37131841284875367
model_agnostic_replication_behavior-a94b591a2bff9baa-m1,information_sampling,-0.5,-0.4616835446699248
model_agnostic_replication_behavior-a96bd9980f147e39-m0,foraging,-2.75,-2.2046100685097887
model_agnostic_replication_behavior-a96bd9980f147e39-m1,foraging,-2.625,-2.5520273414934014
model_agnostic_replication_behavior-a96c2bd43fa2e9bd-m0,effort,-1.375,-1.6143674277898636
model_agnostic_replication_behavior-a96c2bd43fa2e9bd-m1,effort,-0.12500000000000006,-0.9423358653961585
model_agnostic_replication_behavior-a980e77008cda552-m0,foraging,-1.125,-1.4387535217990717
model_agnostic_replication_behavior-a980e77008cda552-m1,foraging,-2.125,-1.7861707947826844
model_agnostic_replication_behavior-a9c746969fb565bb-m0,solvability,-1.625,-1.7123924637720962
model_agnostic_replication_behavior-a9c746969fb565bb-m1,solvability,-0.6249999999999999,-1.3647410666676474
model_agnostic_replication_behavior-aa288658934d6f08-m0,foraging,0.0,-0.2028140299360719
model_agnostic_replication_behavior-aa288658934d6f08-m1,foraging,-0.5,-0.5502313029196848
model_agnostic_replication_behavior-aa3e1e1aafce3bed-m0,solvability,-0.25,-0.1290291107397381
model_agnostic_replication_behavior-aa3e1e1aafce3bed-m1,solvability,0.5,0.21862228636471093
model_agnostic_replication_behavior-aa57df58cdba4ce5-m0,debugging,0.37499999999999994,-0.40702459849989914
model_agnostic_replication_behavior-aa57df58cdba4ce5-m1,debugging,-0.5,-0.17491594575820213
model_agnostic_replication_behavior-aad187a47ece8336-m0,debugging,-1.25,-1.480165429053617
model_agnostic_replication_behavior-aad187a47ece8336-m1,debugging,-1.25,-1.2480567763119197
model_agnostic_replication_behavior-aaef65062abf2819-m0,bandit,-2.625,-2.330314057325238
model_agnostic_replication_behavior-aaef65062abf2819-m1,bandit,-0.5,-0.8321935767803238
model_agnostic_replication_behavior-aaf8aa5de0fc6b93-m0,debugging,0.125,-0.7122680276923511
model_agnostic_replication_behavior-aaf8aa5de0fc6b93-m1,debugging,-0.6249999999999999,-0.48015937495065386
model_agnostic_replication_behavior-ab1aa6db35ae8557-m0,debugging,-1.375,-2.0776982707432934
model_agnostic_replication_behavior-ab1aa6db35ae8557-m1,debugging,-2.125,-1.8455896180015965
model_agnostic_replication_behavior-ab1afbf27364f180-m0,foraging,1.0,0.4943795322926875
model_agnostic_replication_behavior-ab1afbf27364f180-m1,foraging,0.37499999999999994,0.14696225930907458
model_agnostic_replication_behavior-ab54dec61ded46a8-m0,bandit,-3.25,-3.5891167520697573
model_agnostic_replication_behavior-ab54dec61ded46a8-m1,bandit,-2.75,-2.0909962715248436
model_agnostic_replication_behavior-aba2d544304c5912-m0,debugging,-0.5,-0.7913945075537664
model_agnostic_replication_behavior-aba2d544304c5912-m1,debugging,-0.7500000000000001,-0.5592858548120694
model_agnostic_replication_behavior-abb5317ab5b4a015-m0,waiting,-2.25,-2.2574269993676293
model_agnostic_replication_behavior-abb5317ab5b4a015-m1,waiting,-1.375,-1.373618577469792
model_agnostic_replication_behavior-ac38923080b383a6-m0,debugging,-4.0,-3.5968556735956065
model_agnostic_replication_behavior-ac38923080b383a6-m1,debugging,-2.0,-3.364747020853909
model_agnostic_replication_behavior-ac890acb50f7ec0e-m0,information_sampling,-0.37499999999999994,-0.6773327255306643
model_agnostic_replication_behavior-ac890acb50f7ec0e-m1,information_sampling,-0.8750000000000002,-0.7676978573518352
model_agnostic_replication_behavior-acbaebba4c74cb02-m0,bandit,-3.5,-3.1671006055215605
model_agnostic_replication_behavior-acbaebba4c74cb02-m1,bandit,-1.25,-1.6689801249766463
model_agnostic_replication_behavior-accd5275ffc2344c-m0,effort,-0.25,-0.35737060076799565
model_agnostic_replication_behavior-accd5275ffc2344c-m1,effort,-0.12500000000000006,0.31466096162570945
model_agnostic_replication_behavior-acf7c0f8f0de4cdd-m0,information_sampling,-0.5,-0.91214449705467
model_agnostic_replication_behavior-acf7c0f8f0de4cdd-m1,information_sampling,-0.8750000000000002,-1.002509628875841
model_agnostic_replication_behavior-ad17b7f6e94b25c2-m0,effort,-1.375,-1.2277456565316753
model_agnostic_replication_behavior-ad17b7f6e94b25c2-m1,effort,-1.5,-0.5557140941379703
model_agnostic_replication_behavior-ad58471ff39d62b3-m0,information_sampling,0.37499999999999994,-0.1620082306186006
model_agnostic_replication_behavior-ad58471ff39d62b3-m1,information_sampling,-0.6249999999999999,-0.2523733624397715
model_agnostic_replication_behavior-ad86cbf40f63c41b-m0,waiting,-0.7500000000000001,-0.9291368054046616
model_agnostic_replication_behavior-ad86cbf40f63c41b-m1,waiting,-0.37499999999999994,-0.04532838350682411
model_agnostic_replication_behavior-ad9239f863ee41f7-m0,solvability,0.0,-0.13389687905909575
model_agnostic_replication_behavior-ad9239f863ee41f7-m1,solvability,0.125,0.21375451804535328
model_agnostic_replication_behavior-adf66d1532af3585-m0,debugging,-1.375,-0.9057854776793857
model_agnostic_replication_behavior-adf66d1532af3585-m1,debugging,-2.0,-0.6736768249376885
model_agnostic_replication_behavior-ae29143e83f51d84-m0,bandit,-3.375,-2.434387382394797
model_agnostic_replication_behavior-ae29143e83f51d84-m1,bandit,-1.0000000000000002,-0.9362669018498831
model_agnostic_replication_behavior-ae3f93b7a5b07031-m0,waiting,-1.375,-1.6789536468865915
model_agnostic_replication_behavior-ae3f93b7a5b07031-m1,waiting,-0.12500000000000006,-0.7951452249887541
model_agnostic_replication_behavior-ae993fc3f92cbf0d-m0,solvability,-1.375,-0.6471322871228232
model_agnostic_replication_behavior-ae993fc3f92cbf0d-m1,solvability,0.0,-0.2994808900183742
model_agnostic_replication_behavior-ae9d6a62b9996a52-m0,effort,0.0,-1.104731101222784
model_agnostic_replication_behavior-ae9d6a62b9996a52-m1,effort,-0.37499999999999994,-0.4326995388290788
model_agnostic_replication_behavior-aecc506b9efb42c7-m0,foraging,-1.375,-1.562608820766622
model_agnostic_replication_behavior-aecc506b9efb42c7-m1,foraging,-2.5,-1.910026093750235
model_agnostic_replication_behavior-af0b27cc9c3c3c61-m0,foraging,0.7500000000000002,0.43350748772695546
model_agnostic_replication_behavior-af0b27cc9c3c3c61-m1,foraging,-0.8750000000000002,0.08609021474334255
model_agnostic_replication_behavior-af0b84099a005ab1-m0,bandit,-0.25,-0.8810024079003393
model_agnostic_replication_behavior-af0b84099a005ab1-m1,bandit,1.0,0.6171180726445747
model_agnostic_replication_behavior-af77d164614b1d66-m0,debugging,0.7500000000000002,0.9707559478845602
model_agnostic_replication_behavior-af77d164614b1d66-m1,debugging,0.7500000000000002,1.202864600626257
model_agnostic_replication_behavior-af77e1e8d4a048b0-m0,debugging,-0.7500000000000001,-1.4855402874423957
model_agnostic_replication_behavior-af77e1e8d4a048b0-m1,debugging,-0.8750000000000002,-1.2534316347006986
model_agnostic_replication_behavior-af7a3776375cf5d8-m0,foraging,1.25,0.4884099611899969
model_agnostic_replication_behavior-af7a3776375cf5d8-m1,foraging,0.125,0.140992688206384
model_agnostic_replication_behavior-af9b04e92981df21-m0,foraging,0.8750000000000001,0.23100644310002394
model_agnostic_replication_behavior-af9b04e92981df21-m1,foraging,0.0,-0.11641082988358875
model_agnostic_replication_behavior-afb3467b7db67954-m0,debugging,-1.5,-1.3576505341632048
model_agnostic_replication_behavior-afb3467b7db67954-m1,debugging,-1.5,-1.1255418814215077
model_agnostic_replication_behavior-afd29f0454e4c837-m0,information_sampling,-1.0000000000000002,-0.8148046726836187
model_agnostic_replication_behavior-afd29f0454e4c837-m1,information_sampling,-0.8750000000000002,-0.9051698045047893
model_agnostic_replication_behavior-b0278a57ed64cc5b-m0,waiting,-1.875,-0.7253863258035118
model_agnostic_replication_behavior-b0278a57ed64cc5b-m1,waiting,0.8750000000000001,0.15842209609432534
model_agnostic_replication_behavior-b0363d1497b21cd4-m0,information_sampling,-1.125,-0.9563870914806275
model_agnostic_replication_behavior-b0363d1497b21cd4-m1,information_sampling,-0.6249999999999999,-1.0467522233017985
model_agnostic_replication_behavior-b059e762ede61b75-m0,bandit,-3.5,-2.790744468916894
model_agnostic_replication_behavior-b059e762ede61b75-m1,bandit,-0.25,-1.29262398837198
model_agnostic_replication_behavior-b0799ff589d12830-m0,solvability,1.25,1.009086562930369
model_agnostic_replication_behavior-b0799ff589d12830-m1,solvability,0.37499999999999994,1.3567379600348177
model_agnostic_replication_behavior-b079d0c7150c5026-m0,solvability,0.7500000000000002,0.5456282211743029
model_agnostic_replication_behavior-b079d0c7150c5026-m1,solvability,1.125,0.8932796182787517
model_agnostic_replication_behavior-b08ce482cad5e8d8-m0,solvability,0.5,0.4621571373355266
model_agnostic_replication_behavior-b08ce482cad5e8d8-m1,solvability,0.625,0.8098085344399755
model_agnostic_replication_behavior-b08dda7e86b74f39-m0,waiting,-1.5,-0.9286214712492864
model_agnostic_replication_behavior-b08dda7e86b74f39-m1,waiting,0.0,-0.04481304935144925
model_agnostic_replication_behavior-b091f89781ed3b2b-m0,waiting,-4.0,-2.8150743103191385
model_agnostic_replication_behavior-b091f89781ed3b2b-m1,waiting,-1.125,-1.9312658884213012
model_agnostic_replication_behavior-b0e8eab1286e0495-m0,effort,-1.5,-1.247275302285897
model_agnostic_replication_behavior-b0e8eab1286e0495-m1,effort,-1.375,-0.5752437398921919
model_agnostic_replication_behavior-b104e976596e9b41-m0,waiting,-0.25,-0.43264740064222873
model_agnostic_replication_behavior-b104e976596e9b41-m1,waiting,0.24999999999999992,0.45116102125560875
model_agnostic_replication_behavior-b11901307bf86676-m0,waiting,-1.0000000000000002,-0.990958426678312
model_agnostic_replication_behavior-b11901307bf86676-m1,waiting,0.125,-0.10715000478047454
model_agnostic_replication_behavior-b13bb523a16cd0b6-m0,effort,1.3750000000000002,1.300088389184873
model_agnostic_replication_behavior-b13bb523a16cd0b6-m1,effort,1.5000000000000002,1.9721199515785781
model_agnostic_replication_behavior-b154cc31684d8f3f-m0,bandit,-4.5,-4.382810586841266
model_agnostic_replication_behavior-b154cc31684d8f3f-m1,bandit,-3.5,-2.8846901062963526
model_agnostic_replication_behavior-b16568e0116fc1e7-m0,information_sampling,-1.875,-1.1584730960586003
model_agnostic_replication_behavior-b16568e0116fc1e7-m1,information_sampling,-1.0000000000000002,-1.2488382278797712
model_agnostic_replication_behavior-b1732c0d94b9cc23-m0,effort,-0.37499999999999994,-0.8458166148799433
model_agnostic_replication_behavior-b1732c0d94b9cc23-m1,effort,-0.25,-0.17378505248623827
model_agnostic_replication_behavior-b1815e9392c1084d-m0,effort,0.125,0.40638110304045455
model_agnostic_replication_behavior-b1815e9392c1084d-m1,effort,-0.37499999999999994,1.0784126654341597
model_agnostic_replication_behavior-b198af7ba8d1b526-m0,debugging,0.8750000000000001,0.6494893093372849
model_agnostic_replication_behavior-b198af7ba8d1b526-m1,debugging,-0.25,0.881597962078982
model_agnostic_replication_behavior-b1ab096de809d49a-m0,information_sampling,0.125,-0.23464192912296508
model_agnostic_replication_behavior-b1ab096de809d49a-m1,information_sampling,-0.5,-0.32500706094413606
model_agnostic_replication_behavior-b221a40bc1ed3b52-m0,waiting,-1.7499999999999998,-1.7312428918365899
model_agnostic_replication_behavior-b221a40bc1ed3b52-m1,waiting,-1.375,-0.8474344699387526
model_agnostic_replication_behavior-b240fb3e40f52959-m0,effort,-5.0,-4.133754489103543
model_agnostic_replication_behavior-b240fb3e40f52959-m1,effort,-2.625,-3.4617229267098386
model_agnostic_replication_behavior-b2485125974a9402-m0,effort,-0.7500000000000001,-1.8268255928486465
model_agnostic_replication_behavior-b2485125974a9402-m1,effort,-1.5,-1.1547940304549416
model_agnostic_replication_behavior-b24b3b34b3c76553-m0,effort,-3.375,-2.1780961886158234
model_agnostic_replication_behavior-b24b3b34b3c76553-m1,effort,-2.5,-1.5060646262221185
model_agnostic_replication_behavior-b2a35d25bbfe0347-m0,effort,-0.7500000000000001,-1.1930528966037495
model_agnostic_replication_behavior-b2a35d25bbfe0347-m1,effort,-0.6249999999999999,-0.5210213342100443
model_agnostic_replication_behavior-b2affe67e7dad167-m0,foraging,1.0,0.6791270842689291
model_agnostic_replication_behavior-b2affe67e7dad167-m1,foraging,0.24999999999999992,0.3317098112853162
model_agnostic_replication_behavior-b2da15a4060b4ae3-m0,solvability,2.375,2.73217393640077
model_agnostic_replication_behavior-b2da15a4060b4ae3-m1,solvability,3.75,3.079825333505219
model_agnostic_replication_behavior-b310632467f80f9f-m0,information_sampling,-1.5,-1.279884755582038
model_agnostic_replication_behavior-b310632467f80f9f-m1,information_sampling,-1.0000000000000002,-1.3702498874032094
model_agnostic_replication_behavior-b329f57d6f2aca28-m0,solvability,0.7500000000000002,0.21443336798664064
model_agnostic_replication_behavior-b329f57d6f2aca28-m1,solvability,0.7500000000000002,0.5620847650910896
model_agnostic_replication_behavior-b33806b03d34fa75-m0,effort,0.24999999999999992,-0.5584713241775566
model_agnostic_replication_behavior-b33806b03d34fa75-m1,effort,0.37499999999999994,0.11356023821614852
model_agnostic_replication_behavior-b39655be6ad67a0e-m0,foraging,0.625,-0.09156129945799873
model_agnostic_replication_behavior-b39655be6ad67a0e-m1,foraging,0.125,-0.4389785724416114
model_agnostic_replication_behavior-b3c5d4dd465aa910-m0,information_sampling,-0.6249999999999999,-0.6335929367003788
model_agnostic_replication_behavior-b3c5d4dd465aa910-m1,information_sampling,-0.37499999999999994,-0.7239580685215499
model_agnostic_replication_behavior-b3fc63e98c34e0c1-m0,debugging,-0.25,-0.2121955171017581
model_agnostic_replication_behavior-b3fc63e98c34e0c1-m1,debugging,0.0,0.019913135639939128
model_agnostic_replication_behavior-b4091cd5acefef50-m0,bandit,-1.5,-2.337132478886599
model_agnostic_replication_behavior-b4091cd5acefef50-m1,bandit,-2.125,-0.8390119983416847
model_agnostic_replication_behavior-b417cb54ca5cb0a9-m0,waiting,-1.625,-1.1527237850119005
model_agnostic_replication_behavior-b417cb54ca5cb0a9-m1,waiting,-0.25,-0.26891536311406294
model_agnostic_replication_behavior-b43d0c4c83424957-m0,debugging,-0.5,-0.7995419263006429
model_agnostic_replication_behavior-b43d0c4c83424957-m1,debugging,-1.125,-0.5674332735589459
model_agnostic_replication_behavior-b43fa222450ee229-m0,bandit,0.24999999999999992,-0.5522429261681556
model_agnostic_replication_behavior-b43fa222450ee229-m1,bandit,0.7500000000000002,0.9458775543767587
model_agnostic_replication_behavior-b45b8c56007b8889-m0,foraging,-0.8750000000000002,-1.1089630961236416
model_agnostic_replication_behavior-b45b8c56007b8889-m1,foraging,-1.25,-1.4563803691072545
model_agnostic_replication_behavior-b4a89c1245e5e084-m0,debugging,-0.37499999999999994,-0.3914191937582887
model_agnostic_replication_behavior-b4a89c1245e5e084-m1,debugging,-0.25,-0.1593105410165917
model_agnostic_replication_behavior-b4da18abc05a36e8-m0,information_sampling,-0.7500000000000001,-0.8385624701787215
model_agnostic_replication_behavior-b4da18abc05a36e8-m1,information_sampling,-0.7500000000000001,-0.9289276019998928
model_agnostic_replication_behavior-b4e46402e04034da-m0,effort,-2.5,-2.8666264509029356
model_agnostic_replication_behavior-b4e46402e04034da-m1,effort,-1.0000000000000002,-2.1945948885092306
model_agnostic_replication_behavior-b4ff5e2b0e8e2429-m0,effort,-5.25,-4.412661570754356
model_agnostic_replication_behavior-b4ff5e2b0e8e2429-m1,effort,-2.5,-3.7406300083606507
model_agnostic_replication_behavior-b50e040cfda7d970-m0,waiting,-0.6249999999999999,-0.09929438337464996
model_agnostic_replication_behavior-b50e040cfda7d970-m1,waiting,0.8750000000000001,0.7845140385231872
model_agnostic_replication_behavior-b51078f008173cf6-m0,debugging,-0.37499999999999994,-0.7214198124697322
model_agnostic_replication_behavior-b51078f008173cf6-m1,debugging,-0.5,-0.48931115972803507
model_agnostic_replication_behavior-b51ff999e101524f-m0,bandit,-4.375,-3.099564953462825
model_agnostic_replication_behavior-b51ff999e101524f-m1,bandit,-0.7500000000000001,-1.601444472917911
model_agnostic_replication_behavior-b525271a90d40279-m0,foraging,1.5000000000000002,1.2617708408622326
model_agnostic_replication_behavior-b525271a90d40279-m1,foraging,0.5,0.91435356787862
model_agnostic_replication_behavior-b56a3286ab9ef41d-m0,bandit,-4.875,-3.86118287515814
model_agnostic_replication_behavior-b56a3286ab9ef41d-m1,bandit,-2.25,-2.363062394613226
model_agnostic_replication_behavior-b5701f791aa8997e-m0,effort,0.24999999999999992,-0.44698161911216067
model_agnostic_replication_behavior-b5701f791aa8997e-m1,effort,-0.7500000000000001,0.22504994328154432
model_agnostic_replication_behavior-b570dad4c65811ca-m0,bandit,-4.25,-2.4996057073065177
model_agnostic_replication_behavior-b570dad4c65811ca-m1,bandit,-0.7500000000000001,-1.0014852267616037
model_agnostic_replication_behavior-b58943e20a8f8a92-m0,debugging,-2.125,-2.3727751965948594
model_agnostic_replication_behavior-b58943e20a8f8a92-m1,debugging,-2.375,-2.140666543853162
model_agnostic_replication_behavior-b5fad042cb63ff87-m0,solvability,-1.5,-1.4807981479803103
model_agnostic_replication_behavior-b5fad042cb63ff87-m1,solvability,-0.6249999999999999,-1.133146750875861
model_agnostic_replication_behavior-b6005f5c6416b8fb-m0,information_sampling,-0.8750000000000002,-0.8617774538518452
model_agnostic_replication_behavior-b6005f5c6416b8fb-m1,information_sampling,-0.6249999999999999,-0.9521425856730161
model_agnostic_replication_behavior-b64609b7c3f2c495-m0,debugging,-0.7500000000000001,-1.0790379179968055
model_agnostic_replication_behavior-b64609b7c3f2c495-m1,debugging,-1.375,-0.8469292652551086
model_agnostic_replication_behavior-b648a50a1d57f2be-m0,information_sampling,0.24999999999999992,-0.14949216986147695
model_agnostic_replication_behavior-b648a50a1d57f2be-m1,information_sampling,-0.6249999999999999,-0.23985730168264802
model_agnostic_replication_behavior-b6f9e05fb713ae7f-m0,waiting,-1.125,-1.3952533731261403
model_agnostic_replication_behavior-b6f9e05fb713ae7f-m1,waiting,-2.25,-0.5114449512283028
model_agnostic_replication_behavior-b73b2563d7792a62-m0,bandit,-2.75,-3.0608033795055434
model_agnostic_replication_behavior-b73b2563d7792a62-m1,bandit,-0.8750000000000002,-1.5626828989606294
model_agnostic_replication_behavior-b74224d6692de83a-m0,debugging,-1.625,-1.4467591202010857
model_agnostic_replication_behavior-b74224d6692de83a-m1,debugging,-2.125,-1.2146504674593888
model_agnostic_replication_behavior-b7665e01c153d5bf-m0,bandit,-2.125,-1.4632666150391704
model_agnostic_replication_behavior-b7665e01c153d5bf-m1,bandit,-0.5,0.03485386550574371
model_agnostic_replication_behavior-b778e44eb05ef619-m0,information_sampling,-0.6249999999999999,-0.74910900485431
model_agnostic_replication_behavior-b778e44eb05ef619-m1,information_sampling,-0.37499999999999994,-0.8394741366754811
model_agnostic_replication_behavior-b7904579c72898ad-m0,foraging,-1.875,-1.3216641365417625
model_agnostic_replication_behavior-b7904579c72898ad-m1,foraging,-1.7499999999999998,-1.6690814095253752
model_agnostic_replication_behavior-b7ba091b56cafce6-m0,solvability,2.125,1.6884118245344952
model_agnostic_replication_behavior-b7ba091b56cafce6-m1,solvability,1.3750000000000002,2.0360632216389445
model_agnostic_replication_behavior-b7c870124e39f0e2-m0,foraging,1.75,1.5473317489409673
model_agnostic_replication_behavior-b7c870124e39f0e2-m1,foraging,0.37499999999999994,1.1999144759573546
model_agnostic_replication_behavior-b7d2a31795727d16-m0,bandit,0.0,-0.7644640556186985
model_agnostic_replication_behavior-b7d2a31795727d16-m1,bandit,1.125,0.7336564249262159
model_agnostic_replication_behavior-b7eacd4b42bd6e95-m0,information_sampling,-0.5,-0.609696778487169
model_agnostic_replication_behavior-b7eacd4b42bd6e95-m1,information_sampling,-0.5,-0.70006191030834
model_agnostic_replication_behavior-b81630c7a11a2e05-m0,information_sampling,-0.37499999999999994,-0.5695489968275267
model_agnostic_replication_behavior-b81630c7a11a2e05-m1,information_sampling,-0.6249999999999999,-0.6599141286486978
model_agnostic_replication_behavior-b839ec3c500cdc8f-m0,debugging,-1.375,-1.6540231801959084
model_agnostic_replication_behavior-b839ec3c500cdc8f-m1,debugging,-1.5,-1.4219145274542115
model_agnostic_replication_behavior-b84c0a4044355c3d-m0,waiting,0.7500000000000002,0.956436376281395
model_agnostic_replication_behavior-b84c0a4044355c3d-m1,waiting,1.5000000000000002,1.840244798179232
model_agnostic_replication_behavior-b88c71389f6e1f78-m0,waiting,-0.25,-0.6898969486394386
model_agnostic_replication_behavior-b88c71389f6e1f78-m1,waiting,-0.37499999999999994,0.19391147325839875
model_agnostic_replication_behavior-b8d58994135da0d4-m0,foraging,0.7500000000000002,0.008605813231823078
model_agnostic_replication_behavior-b8d58994135da0d4-m1,foraging,0.0,-0.3388114597517896
model_agnostic_replication_behavior-b8d6336ea6666d04-m0,debugging,-0.12500000000000006,0.8072471827412029
model_agnostic_replication_behavior-b8d6336ea6666d04-m1,debugging,1.5000000000000002,1.0393558354829002
model_agnostic_replication_behavior-b8d97a1220a37322-m0,solvability,2.75,3.3858643992345954
model_agnostic_replication_behavior-b8d97a1220a37322-m1,solvability,4.75,3.733515796339044
model_agnostic_replication_behavior-b8ee4bfaaff3b78c-m0,solvability,-0.6249999999999999,-0.34867393949037595
model_agnostic_replication_behavior-b8ee4bfaaff3b78c-m1,solvability,-0.12500000000000006,-0.0010225423859271388
model_agnostic_replication_behavior-b90bb133e5583170-m0,debugging,-1.5,-1.578612485062791
model_agnostic_replication_behavior-b90bb133e5583170-m1,debugging,-0.7500000000000001,-1.346503832321094
model_agnostic_replication_behavior-b9754b6451a053c1-m0,information_sampling,0.125,-0.11767250787372019
model_agnostic_replication_behavior-b9754b6451a053c1-m1,information_sampling,-0.37499999999999994,-0.2080376396948912
model_agnostic_replication_behavior-b98c3405de39105f-m0,bandit,-1.5,-1.2362764600720062
model_agnostic_replication_behavior-b98c3405de39105f-m1,bandit,0.24999999999999992,0.2618440204729081
model_agnostic_replication_behavior-b9a8a30169f814d2-m0,solvability,0.0,-0.22455773328198336
model_agnostic_replication_behavior-b9a8a30169f814d2-m1,solvability,0.37499999999999994,0.12309366382246545
model_agnostic_replication_behavior-b9c0b53ee3475117-m0,foraging,0.7500000000000002,0.3068641246972851
model_agnostic_replication_behavior-b9c0b53ee3475117-m1,foraging,-2.0,-0.040553148286327834
model_agnostic_replication_behavior-b9e603424cb92b55-m0,bandit,-0.25,-0.4177599298503798
model_agnostic_replication_behavior-b9e603424cb92b55-m1,bandit,1.3750000000000002,1.0803605506945342
model_agnostic_replication_behavior-b9f5341d75b1714a-m0,solvability,2.0,1.2750084661191226
model_agnostic_replication_behavior-b9f5341d75b1714a-m1,solvability,1.0,1.6226598632235718
model_agnostic_replication_behavior-ba1cc96811478777-m0,foraging,0.8750000000000001,0.7998403373425077
model_agnostic_replication_behavior-ba1cc96811478777-m1,foraging,-0.12500000000000006,0.45242306435889457
model_agnostic_replication_behavior-ba48ed3f91a389fa-m0,foraging,-0.25,-0.4492439629907069
model_agnostic_replication_behavior-ba48ed3f91a389fa-m1,foraging,-0.5,-0.7966612359743198
model_agnostic_replication_behavior-ba4f4292ecdca8d8-m0,debugging,-1.0000000000000002,-1.1617141781581937
model_agnostic_replication_behavior-ba4f4292ecdca8d8-m1,debugging,-0.37499999999999994,-0.9296055254164965
model_agnostic_replication_behavior-ba63ed3e3a0cb812-m0,foraging,1.125,0.8341931813232314
model_agnostic_replication_behavior-ba63ed3e3a0cb812-m1,foraging,-0.25,0.4867759083396185
model_agnostic_replication_behavior-ba9da87bdb54ea7a-m0,waiting,-0.12500000000000006,-0.55527565372265
model_agnostic_replication_behavior-ba9da87bdb54ea7a-m1,waiting,-0.25,0.3285327681751873
model_agnostic_replication_behavior-baa256dd183aed71-m0,effort,-4.625,-2.900773652046432
model_agnostic_replication_behavior-baa256dd183aed71-m1,effort,-1.7499999999999998,-2.2287420896527275
model_agnostic_replication_behavior-baa496fd4db96050-m0,solvability,0.125,0.4023749142848999
model_agnostic_replication_behavior-baa496fd4db96050-m1,solvability,0.625,0.7500263113893488
model_agnostic_replication_behavior-bab38f8f58566df2-m0,debugging,-3.0,-3.4699309233935205
model_agnostic_replication_behavior-bab38f8f58566df2-m1,debugging,-2.625,-3.237822270651823
model_agnostic_replication_behavior-bac2d3a7617c8d0c-m0,debugging,-2.75,-2.89508869446608
model_agnostic_replication_behavior-bac2d3a7617c8d0c-m1,debugging,-2.625,-2.662980041724383
model_agnostic_replication_behavior-badd7b79148c6bfd-m0,solvability,2.0,2.489414984309608
model_agnostic_replication_behavior-badd7b79148c6bfd-m1,solvability,2.5,2.8370663814140564
model_agnostic_replication_behavior-baeb231352f2635a-m0,information_sampling,-1.25,-1.13039633237087
model_agnostic_replication_behavior-baeb231352f2635a-m1,information_sampling,-0.8750000000000002,-1.220761464192041
model_agnostic_replication_behavior-bafad9172aacd027-m0,debugging,-3.625,-2.570368140450042
model_agnostic_replication_behavior-bafad9172aacd027-m1,debugging,-2.25,-2.338259487708345
model_agnostic_replication_behavior-bb37dc6f4fa12254-m0,information_sampling,-0.12500000000000006,0.018255713063934698
model_agnostic_replication_behavior-bb37dc6f4fa12254-m1,information_sampling,-0.12500000000000006,-0.07210941875723637
model_agnostic_replication_behavior-bb5ef1f5dda71a93-m0,debugging,-1.875,-1.4579440707859248
model_agnostic_replication_behavior-bb5ef1f5dda71a93-m1,debugging,-0.8750000000000002,-1.225835418044228
model_agnostic_replication_behavior-bb7a8ea0c028b603-m0,information_sampling,0.0,-0.21889718829771976
model_agnostic_replication_behavior-bb7a8ea0c028b603-m1,information_sampling,-0.5,-0.3092623201188909
model_agnostic_replication_behavior-bb87c93639906c63-m0,solvability,2.25,2.053766773413165
model_agnostic_replication_behavior-bb87c93639906c63-m1,solvability,1.5000000000000002,2.401418170517614
model_agnostic_replication_behavior-bb88a55018de43ae-m0,debugging,-2.625,-2.363684620634567
model_agnostic_replication_behavior-bb88a55018de43ae-m1,debugging,-1.5,-2.1315759678928696
model_agnostic_replication_behavior-bb99c351ec7b289a-m0,information_sampling,-0.12500000000000006,-0.39941889662549424
model_agnostic_replication_behavior-bb99c351ec7b289a-m1,information_sampling,-0.5,-0.48978402844666524
model_agnostic_replication_behavior-bbbaf0ba27873635-m0,waiting,-2.0,-2.1717185711988014
model_agnostic_replication_behavior-bbbaf0ba27873635-m1,waiting,-1.0000000000000002,-1.287910149300964
model_agnostic_replication_behavior-bbcdce3e2656fce4-m0,waiting,0.0,-0.5685891908003379
model_agnostic_replication_behavior-bbcdce3e2656fce4-m1,waiting,0.625,0.3152192310974996
model_agnostic_replication_behavior-bbdb6f8f60a2de7e-m0,debugging,-0.5,-0.7032411646071637
model_agnostic_replication_behavior-bbdb6f8f60a2de7e-m1,debugging,0.0,-0.47113251186546656
model_agnostic_replication_behavior-bc07e1b9ff659bcf-m0,bandit,-5.875,-4.388298421469191
model_agnostic_replication_behavior-bc07e1b9ff659bcf-m1,bandit,-2.375,-2.8901779409242776
model_agnostic_replication_behavior-bc6da548cf59ada3-m0,debugging,-1.0000000000000002,-1.5594919797859772
model_agnostic_replication_behavior-bc6da548cf59ada3-m1,debugging,-0.12500000000000006,-1.3273833270442803
model_agnostic_replication_behavior-bcbb140dd0081a7a-m0,bandit,0.24999999999999992,-0.5181802951507549
model_agnostic_replication_behavior-bcbb140dd0081a7a-m1,bandit,0.37499999999999994,0.9799401853941592
model_agnostic_replication_behavior-bcc49133072a63da-m0,bandit,-1.0000000000000002,-1.7193389423116658
model_agnostic_replication_behavior-bcc49133072a63da-m1,bandit,-1.7499999999999998,-0.2212184617667517
model_agnostic_replication_behavior-bcdf1f82ff44f91c-m0,waiting,1.5000000000000002,0.5884915587487185
model_agnostic_replication_behavior-bcdf1f82ff44f91c-m1,waiting,1.5000000000000002,1.4722999806465555
model_agnostic_replication_behavior-bcf4b4a3a5249fc0-m0,waiting,-0.5,-0.8646805395601995
model_agnostic_replication_behavior-bcf4b4a3a5249fc0-m1,waiting,-0.12500000000000006,0.019127882337637514
model_agnostic_replication_behavior-bd30676addecf07f-m0,effort,-0.12500000000000006,-0.6065140034230828
model_agnostic_replication_behavior-bd30676addecf07f-m1,effort,-0.37499999999999994,0.06551755897062245
model_agnostic_replication_behavior-bd52a33882335d5f-m0,effort,-2.875,-2.8728838582775014
model_agnostic_replication_behavior-bd52a33882335d5f-m1,effort,-1.25,-2.2008522958837964
model_agnostic_replication_behavior-bd55a30fe94771cf-m0,bandit,-2.625,-2.9798709779802266
model_agnostic_replication_behavior-bd55a30fe94771cf-m1,bandit,-2.25,-1.4817504974353124
model_agnostic_replication_behavior-bd59a00e0cf17cdf-m0,bandit,-0.7500000000000001,-1.087714221612848
model_agnostic_replication_behavior-bd59a00e0cf17cdf-m1,bandit,0.24999999999999992,0.4104062589320661
model_agnostic_replication_behavior-bd622ae2f696cddc-m0,solvability,0.7500000000000002,0.9524151913297505
model_agnostic_replication_behavior-bd622ae2f696cddc-m1,solvability,0.7500000000000002,1.3000665884341993
model_agnostic_replication_behavior-bd704a50a13f5f4b-m0,bandit,-2.5,-2.704932448997593
model_agnostic_replication_behavior-bd704a50a13f5f4b-m1,bandit,-2.5,-1.20681196845268
model_agnostic_replication_behavior-bdda94db37d4119f-m0,bandit,-3.5,-3.4455745373342177
model_agnostic_replication_behavior-bdda94db37d4119f-m1,bandit,-2.875,-1.947454056789304
model_agnostic_replication_behavior-bdf79d99d9d486f5-m0,solvability,2.25,2.080224999375765
model_agnostic_replication_behavior-bdf79d99d9d486f5-m1,solvability,2.25,2.4278763964802135
model_agnostic_replication_behavior-bdf8aed1c52641de-m0,solvability,2.5,2.115959016054777
model_agnostic_replication_behavior-bdf8aed1c52641de-m1,solvability,2.0,2.463610413159226
model_agnostic_replication_behavior-be0ddae0fa5cdbda-m0,foraging,0.0,-0.7908534741363696
model_agnostic_replication_behavior-be0ddae0fa5cdbda-m1,foraging,-0.8750000000000002,-1.1382707471199824
model_agnostic_replication_behavior-be10bcfe89cdfc9d-m0,effort,-4.0,-4.169187837732359
model_agnostic_replication_behavior-be10bcfe89cdfc9d-m1,effort,-2.125,-3.4971562753386536
model_agnostic_replication_behavior-be134d29547c1298-m0,bandit,-3.25,-3.0608295540309625
model_agnostic_replication_behavior-be134d29547c1298-m1,bandit,-1.875,-1.562709073486049
model_agnostic_replication_behavior-be26a6e3031b520b-m0,debugging,-0.5,0.030787157876478677
model_agnostic_replication_behavior-be26a6e3031b520b-m1,debugging,0.625,0.262895810618176
model_agnostic_replication_behavior-be3397744df99a47-m0,solvability,0.8750000000000001,0.779445344131295
model_agnostic_replication_behavior-be3397744df99a47-m1,solvability,0.24999999999999992,1.1270967412357438
model_agnostic_replication_behavior-be6990a4a2661e4f-m0,solvability,0.37499999999999994,0.27655495631430604
model_agnostic_replication_behavior-be6990a4a2661e4f-m1,solvability,0.625,0.6242063534187552
model_agnostic_replication_behavior-be871ad777b27cd4-m0,information_sampling,-0.6249999999999999,-0.7014311047541191
model_agnostic_replication_behavior-be871ad777b27cd4-m1,information_sampling,-0.8750000000000002,-0.7917962365752901
model_agnostic_replication_behavior-be8dcc195906f315-m0,bandit,-3.625,-1.9984840233346262
model_agnostic_replication_behavior-be8dcc195906f315-m1,bandit,-0.37499999999999994,-0.5003635427897118
model_agnostic_replication_behavior-be9e69f382943446-m0,bandit,-2.0,-2.4587294223112472
model_agnostic_replication_behavior-be9e69f382943446-m1,bandit,-0.37499999999999994,-0.9606089417663332
model_agnostic_replication_behavior-bea19bb2e6baac3a-m0,bandit,-2.625,-1.985743032658457
model_agnostic_replication_behavior-bea19bb2e6baac3a-m1,bandit,-0.25,-0.4876225521135429
model_agnostic_replication_behavior-bebd679553652e69-m0,foraging,1.25,0.4448847893614515
model_agnostic_replication_behavior-bebd679553652e69-m1,foraging,-0.6249999999999999,0.09746751637783846
model_agnostic_replication_behavior-bec7c0b1fdaf1462-m0,waiting,0.24999999999999992,-0.2868549493517607
model_agnostic_replication_behavior-bec7c0b1fdaf1462-m1,waiting,0.625,0.5969534725460767
model_agnostic_replication_behavior-becaedb27f1a68db-m0,effort,-0.5,-0.2627728807541372
model_agnostic_replication_behavior-becaedb27f1a68db-m1,effort,-0.6249999999999999,0.4092586816395679
model_agnostic_replication_behavior-bedb344c2e19160f-m0,bandit,-4.0,-3.42346122751158
model_agnostic_replication_behavior-bedb344c2e19160f-m1,bandit,-1.875,-1.9253407469666663
model_agnostic_replication_behavior-befa0bc4bf2ebcfe-m0,waiting,-1.125,-0.776754466853098
model_agnostic_replication_behavior-befa0bc4bf2ebcfe-m1,waiting,0.37499999999999994,0.10705395504473925
model_agnostic_replication_behavior-bf4aaa25cfc5fb45-m0,bandit,0.0,-0.56892636845634
model_agnostic_replication_behavior-bf4aaa25cfc5fb45-m1,bandit,0.7500000000000002,0.9291941120885742
model_agnostic_replication_behavior-bf9e010a4566f2fc-m0,debugging,-1.125,-1.3533758579334831
model_agnostic_replication_behavior-bf9e010a4566f2fc-m1,debugging,-1.25,-1.1212672051917858
model_agnostic_replication_behavior-bfb5bc64c0c6e59b-m0,solvability,1.25,0.787051206473049
model_agnostic_replication_behavior-bfb5bc64c0c6e59b-m1,solvability,1.8749999999999998,1.1347026035774979
model_agnostic_replication_behavior-bfdd6cdef9c52b79-m0,waiting,-3.0,-2.3795120163141643
model_agnostic_replication_behavior-bfdd6cdef9c52b79-m1,waiting,-1.875,-1.495703594416327
model_agnostic_replication_behavior-bfe5a3b63d29177c-m0,information_sampling,-0.25,-0.3053291104124944
model_agnostic_replication_behavior-bfe5a3b63d29177c-m1,information_sampling,-0.6249999999999999,-0.39569424223366534
model_agnostic_replication_behavior-c008354569d01d76-m0,effort,-0.6249999999999999,-0.6970562994668636
model_agnostic_replication_behavior-c008354569d01d76-m1,effort,0.24999999999999992,-0.025024737073158554
model_agnostic_replication_behavior-c018b51a9119c42c-m0,debugging,-1.7499999999999998,-2.1276626753713166
model_agnostic_replication_behavior-c018b51a9119c42c-m1,debugging,-1.125,-1.8955540226296197
model_agnostic_replication_behavior-c01a2ae7c693eb91-m0,foraging,-1.5,-1.3194652084817422
model_agnostic_replication_behavior-c01a2ae7c693eb91-m1,foraging,-1.0000000000000002,-1.666882481465355
model_agnostic_replication_behavior-c0299cc241485c10-m0,waiting,-0.8750000000000002,-0.9857348687824738
model_agnostic_replication_behavior-c0299cc241485c10-m1,waiting,0.125,-0.10192644688463653
model_agnostic_replication_behavior-c03b6a5f701f068d-m0,foraging,-0.6249999999999999,-0.8050112612103403
model_agnostic_replication_behavior-c03b6a5f701f068d-m1,foraging,-1.25,-1.152428534193953
model_agnostic_replication_behavior-c057edc9349e010a-m0,foraging,0.0,0.10859470505939306
model_agnostic_replication_behavior-c057edc9349e010a-m1,foraging,-1.125,-0.23882256792421996
model_agnostic_replication_behavior-c063cec4e5090f77-m0,waiting,-3.25,-2.482779922244748
model_agnostic_replication_behavior-c063cec4e5090f77-m1,waiting,-0.8750000000000002,-1.5989715003469103
model_agnostic_replication_behavior-c06567bf7e7758e1-m0,effort,-4.375,-3.521850481290497
model_agnostic_replication_behavior-c06567bf7e7758e1-m1,effort,-2.25,-2.849818918896792
model_agnostic_replication_behavior-c0ba18a3ebdb66ff-m0,solvability,-3.0,-1.71120592686446
model_agnostic_replication_behavior-c0ba18a3ebdb66ff-m1,solvability,-0.25,-1.3635545297600102
model_agnostic_replication_behavior-c0e291fdb21b4a83-m0,debugging,-0.7500000000000001,-1.6740433796224239
model_agnostic_replication_behavior-c0e291fdb21b4a83-m1,debugging,-3.125,-1.441934726880727
model_agnostic_replication_behavior-c0f06ff0ec605420-m0,waiting,-0.12500000000000006,-0.5159807191394906
model_agnostic_replication_behavior-c0f06ff0ec605420-m1,waiting,0.125,0.36782770275834675
model_agnostic_replication_behavior-c136d381d6db3e31-m0,waiting,0.0,-1.0434606007770642
model_agnostic_replication_behavior-c136d381d6db3e31-m1,waiting,-1.25,-0.1596521788792271
model_agnostic_replication_behavior-c164f963bf1aa6ad-m0,solvability,0.0,0.5557302303266793
model_agnostic_replication_behavior-c164f963bf1aa6ad-m1,solvability,1.25,0.9033816274311282
model_agnostic_replication_behavior-c16b5414daa837f8-m0,debugging,-2.25,-1.1241285317658283
model_agnostic_replication_behavior-c16b5414daa837f8-m1,debugging,-2.125,-0.8920198790241312
model_agnostic_replication_behavior-c203456d9c5f5066-m0,bandit,-5.0,-3.979283924202125
model_agnostic_replication_behavior-c203456d9c5f5066-m1,bandit,-2.375,-2.481163443657211
model_agnostic_replication_behavior-c2266333d456e1f4-m0,foraging,-0.37499999999999994,-0.9164060409271279
model_agnostic_replication_behavior-c2266333d456e1f4-m1,foraging,-0.7500000000000001,-1.2638233139107409
model_agnostic_replication_behavior-c23d47ac4ddfaac4-m0,bandit,-1.125,-1.6593664407963373
model_agnostic_replication_behavior-c23d47ac4ddfaac4-m1,bandit,0.125,-0.1612459602514234
model_agnostic_replication_behavior-c23f0d42404d89e1-m0,waiting,-0.6249999999999999,-0.4081728025810377
model_agnostic_replication_behavior-c23f0d42404d89e1-m1,waiting,0.125,0.47563561931679976
model_agnostic_replication_behavior-c28919b8c4221886-m0,foraging,-2.625,-1.4189000327056283
model_agnostic_replication_behavior-c28919b8c4221886-m1,foraging,-0.7500000000000001,-1.766317305689241
model_agnostic_replication_behavior-c29ed161586b3b99-m0,effort,-3.0,-3.0433611279114086
model_agnostic_replication_behavior-c29ed161586b3b99-m1,effort,-1.0000000000000002,-2.371329565517703
model_agnostic_replication_behavior-c2bbd90728dcc361-m0,solvability,-0.8750000000000002,-0.4042486600807953
model_agnostic_replication_behavior-c2bbd90728dcc361-m1,solvability,0.0,-0.056597262976346485
model_agnostic_replication_behavior-c2cb13c2d0c06975-m0,effort,-2.125,-2.2361325578411364
model_agnostic_replication_behavior-c2cb13c2d0c06975-m1,effort,-1.25,-1.564100995447431
model_agnostic_replication_behavior-c321f631c67e1809-m0,bandit,-0.8750000000000002,-1.160234797019477
model_agnostic_replication_behavior-c321f631c67e1809-m1,bandit,-1.125,0.33788568352543713
model_agnostic_replication_behavior-c32219fca0562523-m0,waiting,-1.7499999999999998,-2.0365408164623635
model_agnostic_replication_behavior-c32219fca0562523-m1,waiting,-1.125,-1.152732394564526
model_agnostic_replication_behavior-c32fff763fd32449-m0,bandit,-1.625,-0.825007589963488
model_agnostic_replication_behavior-c32fff763fd32449-m1,bandit,0.8750000000000001,0.6731128905814261
model_agnostic_replication_behavior-c3398bf2199d9061-m0,bandit,-0.37499999999999994,-0.9093026311670861
model_agnostic_replication_behavior-c3398bf2199d9061-m1,bandit,0.7500000000000002,0.5888178493778281
model_agnostic_replication_behavior-c360ee68819ca005-m0,bandit,-5.625,-4.793374649626269
model_agnostic_replication_behavior-c360ee68819ca005-m1,bandit,-2.875,-3.295254169081356
model_agnostic_replication_behavior-c3cf0d5f198e7f23-m0,bandit,-5.75,-4.514712103365349
model_agnostic_replication_behavior-c3cf0d5f198e7f23-m1,bandit,-2.5,-3.0165916228204344
model_agnostic_replication_behavior-c3d44bda5169c5e1-m0,effort,0.37499999999999994,-0.31956966928238945
model_agnostic_replication_behavior-c3d44bda5169c5e1-m1,effort,0.8750000000000001,0.35246189311131565
model_agnostic_replication_behavior-c3e9aa5a58311f8e-m0,foraging,-1.25,-1.2256159494271641
model_agnostic_replication_behavior-c3e9aa5a58311f8e-m1,foraging,-2.0,-1.573033222410777
model_agnostic_replication_behavior-c3ed288c8bfdd427-m0,foraging,-0.12500000000000006,-0.6852370599195223
model_agnostic_replication_behavior-c3ed288c8bfdd427-m1,foraging,-0.5,-1.0326543329031352
model_agnostic_replication_behavior-c414a0cd0412e5df-m0,debugging,-2.125,-1.978243083468578
model_agnostic_replication_behavior-c414a0cd0412e5df-m1,debugging,-1.0000000000000002,-1.746134430726881
model_agnostic_replication_behavior-c41c3d9e3a6298a0-m0,effort,-0.7500000000000001,-1.0587313433410654
model_agnostic_replication_behavior-c41c3d9e3a6298a0-m1,effort,-0.6249999999999999,-0.38669978094736035
model_agnostic_replication_behavior-c4343a144a26adbe-m0,waiting,-1.25,-1.5713055139312009
model_agnostic_replication_behavior-c4343a144a26adbe-m1,waiting,-0.37499999999999994,-0.6874970920333635
model_agnostic_replication_behavior-c44f3e7c85290ac6-m0,foraging,-0.7500000000000001,-0.6624304999435948
model_agnostic_replication_behavior-c44f3e7c85290ac6-m1,foraging,-1.875,-1.0098477729272077
model_agnostic_replication_behavior-c4535f8079628f88-m0,effort,-2.375,-1.3117426907872487
model_agnostic_replication_behavior-c4535f8079628f88-m1,effort,-0.8750000000000002,-0.6397111283935436
model_agnostic_replication_behavior-c46060afa1805eec-m0,solvability,-2.0,-2.0017832834871876
model_agnostic_replication_behavior-c46060afa1805eec-m1,solvability,-0.8750000000000002,-1.6541318863827383
model_agnostic_replication_behavior-c465d4c2d2ec5bb9-m0,waiting,-2.0,-1.7323678569249221
model_agnostic_replication_behavior-c465d4c2d2ec5bb9-m1,waiting,-0.5,-0.8485594350270846
model_agnostic_replication_behavior-c4675b2d0c7bdf5c-m0,debugging,0.125,-0.15044229735145376
model_agnostic_replication_behavior-c4675b2d0c7bdf5c-m1,debugging,0.37499999999999994,0.0816663553902428
model_agnostic_replication_behavior-c46b342791a2e464-m0,waiting,-0.12500000000000006,-0.14158846834544153
model_agnostic_replication_behavior-c46b342791a2e464-m1,waiting,0.24999999999999992,0.7422199535523958
model_agnostic_replication_behavior-c4a363a82102e62d-m0,waiting,-1.375,-1.6509520083198241
model_agnostic_replication_behavior-c4a363a82102e62d-m1,waiting,-0.12500000000000006,-0.7671435864219868
model_agnostic_replication_behavior-c4a49743f4c13887-m0,information_sampling,-0.37499999999999994,-0.07450715629096438
model_agnostic_replication_behavior-c4a49743f4c13887-m1,information_sampling,-0.5,-0.1648722881121354
model_agnostic_replication_behavior-c52c513fa5a127ba-m0,information_sampling,-0.8750000000000002,-0.7295204871651961
model_agnostic_replication_behavior-c52c513fa5a127ba-m1,information_sampling,-0.37499999999999994,-0.8198856189863671
model_agnostic_replication_behavior-c52ce042273b76f7-m0,waiting,-2.375,-2.323797466998507
model_agnostic_replication_behavior-c52ce042273b76f7-m1,waiting,-0.8750000000000002,-1.4399890451006696
model_agnostic_replication_behavior-c53233cda738d86f-m0,foraging,-1.375,-0.830045215765021
model_agnostic_replication_behavior-c53233cda738d86f-m1,foraging,-1.0000000000000002,-1.1774624887486338
model_agnostic_replication_behavior-c56afb8b9b348d3e-m0,solvability,-0.37499999999999994,-1.018571089690575
model_agnostic_replication_behavior-c56afb8b9b348d3e-m1,solvability,-0.37499999999999994,-0.6709196925861264
model_agnostic_replication_behavior-c56f707e55c896be-m0,information_sampling,-0.25,-0.28625086122292664
model_agnostic_replication_behavior-c56f707e55c896be-m1,information_sampling,-0.37499999999999994,-0.37661599304409765
model_agnostic_replication_behavior-c57ef8ee0996c8c8-m0,bandit,0.7500000000000002,-0.5866290088097017
model_agnostic_replication_behavior-c57ef8ee0996c8c8-m1,bandit,0.8750000000000001,0.9114914717352125
model_agnostic_replication_behavior-c594c892d8a2cd42-m0,foraging,-1.0000000000000002,-1.120599686607327
model_agnostic_replication_behavior-c594c892d8a2cd42-m1,foraging,-1.5,-1.4680169595909396
model_agnostic_replication_behavior-c5aa07e198aec6a5-m0,information_sampling,0.0,-0.004691323825931071
model_agnostic_replication_behavior-c5aa07e198aec6a5-m1,information_sampling,-0.5,-0.09505645564710208
model_agnostic_replication_behavior-c5d92556e546f93f-m0,waiting,-0.5,-1.255855148097531
model_agnostic_replication_behavior-c5d92556e546f93f-m1,waiting,-1.25,-0.3720467261996938
model_agnostic_replication_behavior-c5f20d688e740d88-m0,solvability,2.5,1.2254659195050506
model_agnostic_replication_behavior-c5f20d688e740d88-m1,solvability,0.5,1.5731173166094994
model_agnostic_replication_behavior-c689d43ceffdb754-m0,foraging,0.0,-0.7472015037571833
model_agnostic_replication_behavior-c689d43ceffdb754-m1,foraging,-2.25,-1.0946187767407962
model_agnostic_replication_behavior-c6bce0660989d4fd-m0,information_sampling,0.0,-0.5279088960173397
model_agnostic_replication_behavior-c6bce0660989d4fd-m1,information_sampling,-0.7500000000000001,-0.6182740278385106
model_agnostic_replication_behavior-c6c66447b2a5d9d5-m0,foraging,-2.25,-1.1690857599617952
model_agnostic_replication_behavior-c6c66447b2a5d9d5-m1,foraging,-1.7499999999999998,-1.5165030329454083
model_agnostic_replication_behavior-c6d22a232ca5fe0d-m0,information_sampling,-0.12500000000000006,-0.5302685860934294
model_agnostic_replication_behavior-c6d22a232ca5fe0d-m1,information_sampling,-0.6249999999999999,-0.6206337179146005
model_agnostic_replication_behavior-c700812d9231729c-m0,waiting,-0.6249999999999999,-0.2848106682457426
model_agnostic_replication_behavior-c700812d9231729c-m1,waiting,0.24999999999999992,0.5989977536520947
model_agnostic_replication_behavior-c704cd2466c672b1-m0,information_sampling,-0.6249999999999999,-1.0329008584265036
model_agnostic_replication_behavior-c704cd2466c672b1-m1,information_sampling,-0.6249999999999999,-1.1232659902476745
model_agnostic_replication_behavior-c71d0123702ea0d3-m0,debugging,-0.7500000000000001,-0.20531743181034168
model_agnostic_replication_behavior-c71d0123702ea0d3-m1,debugging,0.125,0.026791220931355664
model_agnostic_replication_behavior-c77a2d01f327a961-m0,information_sampling,-0.25,-0.3993489116721629
model_agnostic_replication_behavior-c77a2d01f327a961-m1,information_sampling,-0.5,-0.48971404349333403
model_agnostic_replication_behavior-c79e612bc5ba1c99-m0,effort,-3.625,-2.757839028532571
model_agnostic_replication_behavior-c79e612bc5ba1c99-m1,effort,-1.5,-2.085807466138866
model_agnostic_replication_behavior-c7a200faf702082d-m0,debugging,-0.25,-0.6198379316106964
model_agnostic_replication_behavior-c7a200faf702082d-m1,debugging,-0.37499999999999994,-0.38772927886899944
model_agnostic_replication_behavior-c7cd31e7bf67d05d-m0,effort,1.3750000000000002,0.5516426725993004
model_agnostic_replication_behavior-c7cd31e7bf67d05d-m1,effort,0.8750000000000001,1.2236742349930054
model_agnostic_replication_behavior-c81cca142f535527-m0,solvability,0.125,-0.39992786253535784
model_agnostic_replication_behavior-c81cca142f535527-m1,solvability,0.0,-0.0522764654309088
model_agnostic_replication_behavior-c82501f20157012d-m0,bandit,-0.5,-1.0664127634474851
model_agnostic_replication_behavior-c82501f20157012d-m1,bandit,-0.25,0.4317077170974289
model_agnostic_replication_behavior-c8aeed7f4848aa5a-m0,debugging,-1.625,-2.259262388342566
model_agnostic_replication_behavior-c8aeed7f4848aa5a-m1,debugging,-3.25,-2.027153735600869
model_agnostic_replication_behavior-c8bdf07f766f2393-m0,debugging,-2.875,-2.339340141908981
model_agnostic_replication_behavior-c8bdf07f766f2393-m1,debugging,-2.5,-2.107231489167284
model_agnostic_replication_behavior-c8beb2941d51e900-m0,solvability,1.25,1.2034180527002811
model_agnostic_replication_behavior-c8beb2941d51e900-m1,solvability,2.5,1.55106944980473
model_agnostic_replication_behavior-c8fb5309f781d30d-m0,effort,-0.8750000000000002,-1.4902239270826347
model_agnostic_replication_behavior-c8fb5309f781d30d-m1,effort,-0.6249999999999999,-0.8181923646889298
model_agnostic_replication_behavior-c923f09ff9f1faab-m0,foraging,0.125,-0.010690968383521016
model_agnostic_replication_behavior-c923f09ff9f1faab-m1,foraging,-0.12500000000000006,-0.35810824136713393
model_agnostic_replication_behavior-c93152db1bbc753c-m0,information_sampling,-0.25,-0.4092657062035949
model_agnostic_replication_behavior-c93152db1bbc753c-m1,information_sampling,-0.5,-0.499630838024766
model_agnostic_replication_behavior-c94f33e3ad6bdc55-m0,bandit,-4.625,-3.7973207457676126
model_agnostic_replication_behavior-c94f33e3ad6bdc55-m1,bandit,-3.125,-2.2992002652226984
model_agnostic_replication_behavior-c95d175f468ec442-m0,information_sampling,-1.375,-0.8907146607052838
model_agnostic_replication_behavior-c95d175f468ec442-m1,information_sampling,-1.25,-0.9810797925264548
model_agnostic_replication_behavior-c9a5fda0af205348-m0,effort,-0.25,-0.10654460465642701
model_agnostic_replication_behavior-c9a5fda0af205348-m1,effort,0.0,0.5654869577372781
model_agnostic_replication_behavior-c9b8198b464855c5-m0,debugging,-0.6249999999999999,-1.3327082171293267
model_agnostic_replication_behavior-c9b8198b464855c5-m1,debugging,-1.625,-1.1005995643876296
model_agnostic_replication_behavior-c9c0b5abd58e3ba1-m0,effort,-6.75,-5.069018510058607
model_agnostic_replication_behavior-c9c0b5abd58e3ba1-m1,effort,-3.875,-4.396986947664901
model_agnostic_replication_behavior-c9e91d53079c912d-m0,information_sampling,0.0,-0.33216278869297144
model_agnostic_replication_behavior-c9e91d53079c912d-m1,information_sampling,-0.5,-0.4225279205141425
model_agnostic_replication_behavior-ca2d551c41dc051f-m0,bandit,0.7500000000000002,-1.2040798052239892
model_agnostic_replication_behavior-ca2d551c41dc051f-m1,bandit,0.625,0.29404067532092487
model_agnostic_replication_behavior-ca4247a2837ca1f5-m0,foraging,-1.7499999999999998,-0.4898842840872579
model_agnostic_replication_behavior-ca4247a2837ca1f5-m1,foraging,-0.8750000000000002,-0.8373015570708708
model_agnostic_replication_behavior-cabe2e472f682080-m0,debugging,-0.25,-0.8863835251173683
model_agnostic_replication_behavior-cabe2e472f682080-m1,debugging,-0.8750000000000002,-0.6542748723756711
model_agnostic_replication_behavior-cac2a814fd12f323-m0,foraging,-1.7499999999999998,-2.0378027228625704
model_agnostic_replication_behavior-cac2a814fd12f323-m1,foraging,-1.5,-2.385219995846183
model_agnostic_replication_behavior-caffe31504de15ed-m0,foraging,1.3750000000000002,0.8382816053338756
model_agnostic_replication_behavior-caffe31504de15ed-m1,foraging,0.24999999999999992,0.4908643323502627
model_agnostic_replication_behavior-cb264d8648dae7dc-m0,information_sampling,0.0,-0.18149622044543223
model_agnostic_replication_behavior-cb264d8648dae7dc-m1,information_sampling,-0.5,-0.27186135226660313
model_agnostic_replication_behavior-cb43b598be1f6230-m0,solvability,0.8750000000000001,0.6993185591854942
model_agnostic_replication_behavior-cb43b598be1f6230-m1,solvability,0.8750000000000001,1.046969956289943
model_agnostic_replication_behavior-cb762f52b418fdcb-m0,effort,-6.875,-4.7092219135922235
model_agnostic_replication_behavior-cb762f52b418fdcb-m1,effort,-3.0,-4.037190351198518
model_agnostic_replication_behavior-cb84535bb7ed71eb-m0,bandit,-1.375,-1.588129712839161
model_agnostic_replication_behavior-cb84535bb7ed71eb-m1,bandit,-1.625,-0.09000923229424654
model_agnostic_replication_behavior-cb8b55543380cb5e-m0,debugging,-2.25,-1.5113101299331893
model_agnostic_replication_behavior-cb8b55543380cb5e-m1,debugging,-1.125,-1.2792014771914924
model_agnostic_replication_behavior-cb8b8ac25578292d-m0,effort,-1.5,-1.7886752854056711
model_agnostic_replication_behavior-cb8b8ac25578292d-m1,effort,-1.7499999999999998,-1.1166437230119663
model_agnostic_replication_behavior-cb8ff639439d9186-m0,bandit,-3.125,-3.026042001646886
model_agnostic_replication_behavior-cb8ff639439d9186-m1,bandit,-2.375,-1.5279215211019719
model_agnostic_replication_behavior-cbd23f1e11855a01-m0,information_sampling,0.0,-0.09546229245353613
model_agnostic_replication_behavior-cbd23f1e11855a01-m1,information_sampling,-0.25,-0.185827424274707
model_agnostic_replication_behavior-cbe14fb518c32bf5-m0,solvability,0.5,0.20417145450939278
model_agnostic_replication_behavior-cbe14fb518c32bf5-m1,solvability,-0.12500000000000006,0.5518228516138418
model_agnostic_replication_behavior-cbf8f7b66dc2724d-m0,solvability,-0.37499999999999994,0.5520505160626079
model_agnostic_replication_behavior-cbf8f7b66dc2724d-m1,solvability,0.625,0.8997019131670569
model_agnostic_replication_behavior-cbfdae86726bfcbf-m0,bandit,-1.625,-1.3937561541027739
model_agnostic_replication_behavior-cbfdae86726bfcbf-m1,bandit,-0.12500000000000006,0.10436432644214017
model_agnostic_replication_behavior-cc182ab1c0348cd9-m0,information_sampling,-0.6249999999999999,-0.8195381519526281
model_agnostic_replication_behavior-cc182ab1c0348cd9-m1,information_sampling,-0.6249999999999999,-0.9099032837737994
model_agnostic_replication_behavior-cc35142bec71077b-m0,bandit,-0.12500000000000006,0.09776014107874142
model_agnostic_replication_behavior-cc35142bec71077b-m1,bandit,1.5000000000000002,1.5958806216236556
model_agnostic_replication_behavior-cc6e6f2830321d44-m0,bandit,-2.875,-2.6986060336386455
model_agnostic_replication_behavior-cc6e6f2830321d44-m1,bandit,-1.625,-1.2004855530937317
model_agnostic_replication_behavior-cca53cd8cf692fe6-m0,solvability,-0.8750000000000002,-0.7697938749111763
model_agnostic_replication_behavior-cca53cd8cf692fe6-m1,solvability,0.125,-0.4221424778067274
model_agnostic_replication_behavior-ccabd56750698ea0-m0,bandit,0.0,-0.7887252822996401
model_agnostic_replication_behavior-ccabd56750698ea0-m1,bandit,-0.5,0.709395198245274
model_agnostic_replication_behavior-cce71368e4e8cffb-m0,foraging,-2.25,-1.5333971387713432
model_agnostic_replication_behavior-cce71368e4e8cffb-m1,foraging,-0.8750000000000002,-1.880814411754956
model_agnostic_replication_behavior-cd40b520bc9993ac-m0,solvability,-1.625,-0.9481486711938727
model_agnostic_replication_behavior-cd40b520bc9993ac-m1,solvability,-0.7500000000000001,-0.6004972740894239
model_agnostic_replication_behavior-cd43b1d4a86b9a0d-m0,solvability,0.0,0.2940664018466094
model_agnostic_replication_behavior-cd43b1d4a86b9a0d-m1,solvability,0.625,0.6417177989510584
model_agnostic_replication_behavior-cd5908dcc57976b5-m0,debugging,-4.875,-3.3771374093460986
model_agnostic_replication_behavior-cd5908dcc57976b5-m1,debugging,-2.75,-3.1450287566044013
model_agnostic_replication_behavior-cdd11dc98a2797cd-m0,solvability,0.125,0.02591186076468943
model_agnostic_replication_behavior-cdd11dc98a2797cd-m1,solvability,0.5,0.3735632578691383
model_agnostic_replication_behavior-ce0012fc43349f14-m0,foraging,0.7500000000000002,-0.1818012120711543
model_agnostic_replication_behavior-ce0012fc43349f14-m1,foraging,-0.6249999999999999,-0.5292184850547672
model_agnostic_replication_behavior-ce17b45040f61325-m0,foraging,1.25,0.28492597062496217
model_agnostic_replication_behavior-ce17b45040f61325-m1,foraging,-0.25,-0.062491302358650636
model_agnostic_replication_behavior-ce51e6bdfcd15a37-m0,waiting,-0.37499999999999994,-0.6868772961578175
model_agnostic_replication_behavior-ce51e6bdfcd15a37-m1,waiting,-0.12500000000000006,0.1969311257400197
model_agnostic_replication_behavior-ce62af7a7b8cc9c3-m0,effort,-0.8750000000000002,-0.4394214499065703
model_agnostic_replication_behavior-ce62af7a7b8cc9c3-m1,effort,-0.7500000000000001,0.2326101124871348
model_agnostic_replication_behavior-ce9153e3a3965f72-m0,foraging,0.24999999999999992,-0.673157414145915
model_agnostic_replication_behavior-ce9153e3a3965f72-m1,foraging,-0.7500000000000001,-1.020574687129528
model_agnostic_replication_behavior-ce9d657b17faa465-m0,waiting,-0.8750000000000002,-0.6298153580303929
model_agnostic_replication_behavior-ce9d657b17faa465-m1,waiting,0.125,0.2539930638674446
model_agnostic_replication_behavior-cea6fe2c4907ff1d-m0,bandit,-0.12500000000000006,-0.8715715746819539
model_agnostic_replication_behavior-cea6fe2c4907ff1d-m1,bandit,0.0,0.6265489058629603
model_agnostic_replication_behavior-cefb22cac783ff92-m0,debugging,-1.7499999999999998,-1.8486961816686107
model_agnostic_replication_behavior-cefb22cac783ff92-m1,debugging,-1.0000000000000002,-1.6165875289269138
model_agnostic_replication_behavior-cf21850022eae0b3-m0,foraging,0.37499999999999994,0.028558993230079932
model_agnostic_replication_behavior-cf21850022eae0b3-m1,foraging,-1.0000000000000002,-0.31885827975353276
model_agnostic_replication_behavior-cf243683c8977583-m0,solvability,1.625,0.6275272975659472
model_agnostic_replication_behavior-cf243683c8977583-m1,solvability,-0.25,0.9751786946703961
model_agnostic_replication_behavior-cf40696b5055bb2f-m0,bandit,-1.5,-1.1641418040613793
model_agnostic_replication_behavior-cf40696b5055bb2f-m1,bandit,0.37499999999999994,0.3339786764835349
model_agnostic_replication_behavior-cf40a1994bfa02ad-m0,bandit,-1.0000000000000002,-0.25884593331479044
model_agnostic_replication_behavior-cf40a1994bfa02ad-m1,bandit,0.625,1.2392745472301234
model_agnostic_replication_behavior-cf5c1a97f41a465a-m0,waiting,0.24999999999999992,0.5706161138435777
model_agnostic_replication_behavior-cf5c1a97f41a465a-m1,waiting,0.37499999999999994,1.4544245357414152
model_agnostic_replication_behavior-cf90e68c68e657cf-m0,foraging,1.75,1.2886103184338675
model_agnostic_replication_behavior-cf90e68c68e657cf-m1,foraging,1.0,0.9411930454502547
model_agnostic_replication_behavior-cf9e2fae43640ac6-m0,bandit,-1.5,-1.5238301447025158
model_agnostic_replication_behavior-cf9e2fae43640ac6-m1,bandit,0.0,-0.02570966415760162
model_agnostic_replication_behavior-cfbe144687d0e81d-m0,information_sampling,-0.12500000000000006,-0.21116231158259835
model_agnostic_replication_behavior-cfbe144687d0e81d-m1,information_sampling,-0.5,-0.30152744340376936
model_agnostic_replication_behavior-d043ac58ac93fc53-m0,effort,0.24999999999999992,-0.5714719031774409
model_agnostic_replication_behavior-d043ac58ac93fc53-m1,effort,-0.37499999999999994,0.10055965921626431
model_agnostic_replication_behavior-d0743f409259f1d9-m0,solvability,-0.37499999999999994,-0.10752362434224094
model_agnostic_replication_behavior-d0743f409259f1d9-m1,solvability,0.7500000000000002,0.2401277727622081
model_agnostic_replication_behavior-d137e813c22657a5-m0,bandit,-3.875,-2.7154728866111513
model_agnostic_replication_behavior-d137e813c22657a5-m1,bandit,-0.8750000000000002,-1.2173524060662373
model_agnostic_replication_behavior-d16f4aaf0d4f7806-m0,effort,-1.25,-1.594961109076278
model_agnostic_replication_behavior-d16f4aaf0d4f7806-m1,effort,-0.8750000000000002,-0.922929546682573
model_agnostic_replication_behavior-d1777695acfe6211-m0,information_sampling,-1.5,-1.1363536772596923
model_agnostic_replication_behavior-d1777695acfe6211-m1,information_sampling,-0.6249999999999999,-1.2267188090808632
model_agnostic_replication_behavior-d19ca4e99f8a64f8-m0,debugging,-0.7500000000000001,-1.094633129794849
model_agnostic_replication_behavior-d19ca4e99f8a64f8-m1,debugging,-0.6249999999999999,-0.8625244770531522
model_agnostic_replication_behavior-d1b19f675cd914e4-m0,bandit,-2.375,-2.6319818832058584
model_agnostic_replication_behavior-d1b19f675cd914e4-m1,bandit,-0.5,-1.133861402660944
model_agnostic_replication_behavior-d1b3c904c14d3353-m0,waiting,-2.75,-2.5552798495958626
model_agnostic_replication_behavior-d1b3c904c14d3353-m1,waiting,-1.625,-1.6714714276980251
model_agnostic_replication_behavior-d1b4f6b57f74ab21-m0,solvability,-0.5,-0.6625721861659991
model_agnostic_replication_behavior-d1b4f6b57f74ab21-m1,solvability,-0.25,-0.3149207890615505
model_agnostic_replication_behavior-d1bb2eb6f541dd88-m0,solvability,-0.25,0.0849907386141367
model_agnostic_replication_behavior-d1bb2eb6f541dd88-m1,solvability,0.24999999999999992,0.43264213571858556
model_agnostic_replication_behavior-d1d9ff517c52bc54-m0,bandit,-3.125,-2.331785722441155
model_agnostic_replication_behavior-d1d9ff517c52bc54-m1,bandit,-0.25,-0.8336652418962409
model_agnostic_replication_behavior-d200e83676e40c72-m0,bandit,-4.125,-2.771212954764719
model_agnostic_replication_behavior-d200e83676e40c72-m1,bandit,-2.0,-1.2730924742198049
model_agnostic_replication_behavior-d213c7dbb3313688-m0,foraging,-2.0,-1.5312053959078749
model_agnostic_replication_behavior-d213c7dbb3313688-m1,foraging,-1.7499999999999998,-1.8786226688914875
model_agnostic_replication_behavior-d280bd53edce024b-m0,information_sampling,-0.6249999999999999,-0.6768014711193269
model_agnostic_replication_behavior-d280bd53edce024b-m1,information_sampling,-0.6249999999999999,-0.7671666029404979
model_agnostic_replication_behavior-d30aa84f83d8e61e-m0,bandit,-3.625,-3.4055428442519187
model_agnostic_replication_behavior-d30aa84f83d8e61e-m1,bandit,-2.75,-1.9074223637070045
model_agnostic_replication_behavior-d330ab1c17094d1d-m0,foraging,1.125,0.5890248583828744
model_agnostic_replication_behavior-d330ab1c17094d1d-m1,foraging,0.24999999999999992,0.24160758539926153
model_agnostic_replication_behavior-d346726d4f52cab9-m0,foraging,-1.125,-1.697610519967196
model_agnostic_replication_behavior-d346726d4f52cab9-m1,foraging,-1.0000000000000002,-2.045027792950809
model_agnostic_replication_behavior-d3683e1e6fa351f1-m0,waiting,-0.5,-0.26633426266282556
model_agnostic_replication_behavior-d3683e1e6fa351f1-m1,waiting,0.24999999999999992,0.6174741592350119
model_agnostic_replication_behavior-d379f367ff1090ef-m0,effort,0.24999999999999992,-0.3895719803163066
model_agnostic_replication_behavior-d379f367ff1090ef-m1,effort,-0.37499999999999994,0.2824595820773984
model_agnostic_replication_behavior-d3adb3367ff115a3-m0,information_sampling,-0.12500000000000006,-0.42228957294367775
model_agnostic_replication_behavior-d3adb3367ff115a3-m1,information_sampling,-0.6249999999999999,-0.5126547047648488
model_agnostic_replication_behavior-d3d99261a1ebf2a2-m0,solvability,1.625,1.1462969897726816
model_agnostic_replication_behavior-d3d99261a1ebf2a2-m1,solvability,0.5,1.4939483868771304
model_agnostic_replication_behavior-d3ddd630cd9985ae-m0,waiting,-3.75,-2.7843392077841913
model_agnostic_replication_behavior-d3ddd630cd9985ae-m1,waiting,-1.875,-1.900530785886354
model_agnostic_replication_behavior-d3eb406d7e72ebd3-m0,foraging,-3.625,-2.7797060934034663
model_agnostic_replication_behavior-d3eb406d7e72ebd3-m1,foraging,-2.75,-3.127123366387079
model_agnostic_replication_behavior-d3ec8d1af6196119-m0,information_sampling,-0.6249999999999999,-0.6681683269959378
model_agnostic_replication_behavior-d3ec8d1af6196119-m1,information_sampling,-0.6249999999999999,-0.7585334588171087
model_agnostic_replication_behavior-d409b89ede31fba1-m0,solvability,-0.37499999999999994,-0.6969949391713387
model_agnostic_replication_behavior-d409b89ede31fba1-m1,solvability,0.24999999999999992,-0.34934354206688967
model_agnostic_replication_behavior-d47af5b72a03f286-m0,waiting,-1.375,-0.9392499666170271
model_agnostic_replication_behavior-d47af5b72a03f286-m1,waiting,0.125,-0.05544154471918983
model_agnostic_replication_behavior-d482d6a850809cd2-m0,solvability,1.25,0.8503465714422023
model_agnostic_replication_behavior-d482d6a850809cd2-m1,solvability,0.8750000000000001,1.1979979685466513
model_agnostic_replication_behavior-d4ead682d6b06b87-m0,effort,-1.25,-1.8947203630149207
model_agnostic_replication_behavior-d4ead682d6b06b87-m1,effort,-0.7500000000000001,-1.2226888006212155
model_agnostic_replication_behavior-d4f04074de891d4f-m0,solvability,2.0,2.187758408029823
model_agnostic_replication_behavior-d4f04074de891d4f-m1,solvability,2.75,2.5354098051342717
model_agnostic_replication_behavior-d4f5918a2c38668a-m0,bandit,-4.875,-4.4097223430411265
model_agnostic_replication_behavior-d4f5918a2c38668a-m1,bandit,-3.25,-2.9116018624962132
model_agnostic_replication_behavior-d57f5aabcaa96f0e-m0,information_sampling,0.125,-0.2640446869373636
model_agnostic_replication_behavior-d57f5aabcaa96f0e-m1,information_sampling,-0.5,-0.3544098187585347
model_agnostic_replication_behavior-d5994e9ce0b18ca5-m0,bandit,-3.125,-2.1236927742200447
model_agnostic_replication_behavior-d5994e9ce0b18ca5-m1,bandit,-0.5,-0.6255722936751307
model_agnostic_replication_behavior-d59e78724a1ecd0f-m0,debugging,0.37499999999999994,-0.09509959446216465
model_agnostic_replication_behavior-d59e78724a1ecd0f-m1,debugging,0.0,0.13700905827953247
model_agnostic_replication_behavior-d59fdef08a93a9ff-m0,bandit,-2.625,-1.567852606913381
model_agnostic_replication_behavior-d59fdef08a93a9ff-m1,bandit,-0.5,-0.06973212636846673
model_agnostic_replication_behavior-d5a982c8cc426bb0-m0,debugging,-2.375,-1.688413721475551
model_agnostic_replication_behavior-d5a982c8cc426bb0-m1,debugging,-2.375,-1.4563050687338543
model_agnostic_replication_behavior-d5d50d3ba4cfcc60-m0,effort,0.0,-1.0213249394259185
model_agnostic_replication_behavior-d5d50d3ba4cfcc60-m1,effort,-0.5,-0.34929337703221347
model_agnostic_replication_behavior-d61b82ff2971c5d7-m0,effort,-0.5,-0.9328847389699393
model_agnostic_replication_behavior-d61b82ff2971c5d7-m1,effort,0.5,-0.26085317657623414
model_agnostic_replication_behavior-d667f3c1179ad7b0-m0,effort,-6.875,-4.55972497034044
model_agnostic_replication_behavior-d667f3c1179ad7b0-m1,effort,-3.125,-3.8876934079467356
model_agnostic_replication_behavior-d69eaa3c7efc08c9-m0,foraging,-0.25,-0.9487469669620118
model_agnostic_replication_behavior-d69eaa3c7efc08c9-m1,foraging,-1.125,-1.2961642399456244
model_agnostic_replication_behavior-d6a92de8271da676-m0,debugging,-2.25,-2.496547317200429
model_agnostic_replication_behavior-d6a92de8271da676-m1,debugging,-1.7499999999999998,-2.2644386644587318
model_agnostic_replication_behavior-d6f60eb286ec217f-m0,information_sampling,-0.12500000000000006,-0.505711831332915
model_agnostic_replication_behavior-d6f60eb286ec217f-m1,information_sampling,-0.5,-0.596076963154086
model_agnostic_replication_behavior-d6fbbff87b44116d-m0,information_sampling,-0.25,-0.48461838376291266
model_agnostic_replication_behavior-d6fbbff87b44116d-m1,information_sampling,-0.6249999999999999,-0.5749835155840837
model_agnostic_replication_behavior-d7086d07c6f649ab-m0,solvability,-3.375,-2.616375753496133
model_agnostic_replication_behavior-d7086d07c6f649ab-m1,solvability,-1.375,-2.2687243563916843
model_agnostic_replication_behavior-d7292bc9a2a8db0c-m0,debugging,-2.0,-1.7859402570558476
model_agnostic_replication_behavior-d7292bc9a2a8db0c-m1,debugging,-1.7499999999999998,-1.5538316043141505
model_agnostic_replication_behavior-d7329b52c1b7a1ab-m0,solvability,1.8749999999999998,1.0564772901955932
model_agnostic_replication_behavior-d7329b52c1b7a1ab-m1,solvability,0.8750000000000001,1.404128687300042
model_agnostic_replication_behavior-d7660146d6b6baa5-m0,bandit,-3.75,-3.3331771854775356
model_agnostic_replication_behavior-d7660146d6b6baa5-m1,bandit,-1.25,-1.8350567049326214
model_agnostic_replication_behavior-d78c35861e238d4b-m0,effort,-1.875,-2.492890283920281
model_agnostic_replication_behavior-d78c35861e238d4b-m1,effort,-2.5,-1.8208587215265761
model_agnostic_replication_behavior-d7d0bae43a6cfe6e-m0,debugging,-0.7500000000000001,-1.3913005030284937
model_agnostic_replication_behavior-d7d0bae43a6cfe6e-m1,debugging,-0.7500000000000001,-1.1591918502867968
model_agnostic_replication_behavior-d7db88b2c9a45970-m0,waiting,-0.8750000000000002,-0.45611907583978695
model_agnostic_replication_behavior-d7db88b2c9a45970-m1,waiting,0.0,0.4276893460580504
model_agnostic_replication_behavior-d808239d2f4631ed-m0,solvability,1.625,1.0579321630367706
model_agnostic_replication_behavior-d808239d2f4631ed-m1,solvability,2.0,1.4055835601412197
model_agnostic_replication_behavior-d80a2c499995cd62-m0,effort,-4.5,-3.0442654588846616
model_agnostic_replication_behavior-d80a2c499995cd62-m1,effort,-2.375,-2.3722338964909566
model_agnostic_replication_behavior-d827d6c47171d7d9-m0,effort,-2.625,-3.654437581299375
model_agnostic_replication_behavior-d827d6c47171d7d9-m1,effort,-1.25,-2.982406018905669
model_agnostic_replication_behavior-d8429f58f6bb708e-m0,debugging,-1.625,-1.1643673882301386
model_agnostic_replication_behavior-d8429f58f6bb708e-m1,debugging,-1.5,-0.9322587354884415
model_agnostic_replication_behavior-d84836cfe163999e-m0,bandit,-1.875,-1.453700718390065
model_agnostic_replication_behavior-d84836cfe163999e-m1,bandit,0.24999999999999992,0.04441976215484936
model_agnostic_replication_behavior-d8a4f8b8163300d1-m0,information_sampling,-0.37499999999999994,-0.5864812448108112
model_agnostic_replication_behavior-d8a4f8b8163300d1-m1,information_sampling,-0.37499999999999994,-0.6768463766319823
model_agnostic_replication_behavior-d8b62cd928a1c074-m0,foraging,1.75,0.48071814957680536
model_agnostic_replication_behavior-d8b62cd928a1c074-m1,foraging,0.24999999999999992,0.133300876593192
model_agnostic_replication_behavior-d976d70d5336adda-m0,foraging,-1.625,-0.8269057151097434
model_agnostic_replication_behavior-d976d70d5336adda-m1,foraging,-1.5,-1.1743229880933563
model_agnostic_replication_behavior-d9fcead5258f575a-m0,foraging,0.125,0.08919251000966455
model_agnostic_replication_behavior-d9fcead5258f575a-m1,foraging,-0.5,-0.2582247629739484
model_agnostic_replication_behavior-da2a70b6562b7bf5-m0,solvability,2.25,2.8826864437256985
model_agnostic_replication_behavior-da2a70b6562b7bf5-m1,solvability,3.25,3.2303378408301477
model_agnostic_replication_behavior-db0ddcf4b1354e0c-m0,solvability,1.0,0.6108085821638994
model_agnostic_replication_behavior-db0ddcf4b1354e0c-m1,solvability,0.7500000000000002,0.9584599792683484
model_agnostic_replication_behavior-db148363fbd0f843-m0,information_sampling,-0.6249999999999999,-0.6794985502012605
model_agnostic_replication_behavior-db148363fbd0f843-m1,information_sampling,-0.6249999999999999,-0.7698636820224314
model_agnostic_replication_behavior-db29048e86cb47a1-m0,foraging,-0.6249999999999999,-0.7269269174165615
model_agnostic_replication_behavior-db29048e86cb47a1-m1,foraging,-0.8750000000000002,-1.0743441904001743
model_agnostic_replication_behavior-db450846fc1b2470-m0,bandit,-0.12500000000000006,-0.5829873725792951
model_agnostic_replication_behavior-db450846fc1b2470-m1,bandit,1.3750000000000002,0.9151331079656191
model_agnostic_replication_behavior-db98741b892f2000-m0,foraging,-0.37499999999999994,-1.0198967144917375
model_agnostic_replication_behavior-db98741b892f2000-m1,foraging,-1.875,-1.3673139874753504
model_agnostic_replication_behavior-db9e1a95932f6eee-m0,debugging,-2.625,-1.441396261605941
model_agnostic_replication_behavior-db9e1a95932f6eee-m1,debugging,-2.625,-1.209287608864244
model_agnostic_replication_behavior-dbaeb0b0d4571653-m0,effort,-5.0,-3.167459344154763
model_agnostic_replication_behavior-dbaeb0b0d4571653-m1,effort,-2.5,-2.495427781761058
model_agnostic_replication_behavior-dbfc9a4bcf6cef60-m0,debugging,-0.5,-1.0691655473794592
model_agnostic_replication_behavior-dbfc9a4bcf6cef60-m1,debugging,-0.6249999999999999,-0.8370568946377619
model_agnostic_replication_behavior-dd000db3a7349dd2-m0,waiting,-2.625,-1.8812837930062403
model_agnostic_replication_behavior-dd000db3a7349dd2-m1,waiting,-0.7500000000000001,-0.9974753711084029
model_agnostic_replication_behavior-dd074cf6a0e8e39c-m0,information_sampling,-0.5,-0.6206672830362326
model_agnostic_replication_behavior-dd074cf6a0e8e39c-m1,information_sampling,-0.8750000000000002,-0.7110324148574036
model_agnostic_replication_behavior-dd0e73641d39781f-m0,foraging,0.8750000000000001,-0.05043031719756619
model_agnostic_replication_behavior-dd0e73641d39781f-m1,foraging,0.0,-0.3978475901811789
model_agnostic_replication_behavior-dd323ddf12799b49-m0,debugging,-0.6249999999999999,-1.040192466526723
model_agnostic_replication_behavior-dd323ddf12799b49-m1,debugging,-0.6249999999999999,-0.808083813785026
model_agnostic_replication_behavior-dd672c5fe7b7b5e2-m0,foraging,1.3750000000000002,0.2977598861834877
model_agnostic_replication_behavior-dd672c5fe7b7b5e2-m1,foraging,0.37499999999999994,-0.0496573868001251
model_agnostic_replication_behavior-ddd8e57dd4bc529b-m0,foraging,-1.25,-0.8380493456852128
model_agnostic_replication_behavior-ddd8e57dd4bc529b-m1,foraging,-1.875,-1.1854666186688256
model_agnostic_replication_behavior-de1c13ac9bb6a90e-m0,debugging,-2.75,-1.3641361112323775
model_agnostic_replication_behavior-de1c13ac9bb6a90e-m1,debugging,-1.875,-1.1320274584906804
model_agnostic_replication_behavior-de1dd1ee552bd522-m0,waiting,-1.375,-1.7440615975742935
model_agnostic_replication_behavior-de1dd1ee552bd522-m1,waiting,-0.37499999999999994,-0.8602531756764564
model_agnostic_replication_behavior-de57795b749e7736-m0,effort,-4.625,-3.4554336537272343
model_agnostic_replication_behavior-de57795b749e7736-m1,effort,-2.125,-2.78340209133353
model_agnostic_replication_behavior-de8205ea3bd46647-m0,foraging,-0.7500000000000001,-0.6698278270834653
model_agnostic_replication_behavior-de8205ea3bd46647-m1,foraging,-2.25,-1.0172451000670781
model_agnostic_replication_behavior-deac1b0810817793-m0,solvability,-2.375,-1.2087598410403388
model_agnostic_replication_behavior-deac1b0810817793-m1,solvability,-0.25,-0.8611084439358899
model_agnostic_replication_behavior-deb1692b41d7709e-m0,effort,0.0,-0.9464969783678819
model_agnostic_replication_behavior-deb1692b41d7709e-m1,effort,-0.25,-0.27446541597417656
model_agnostic_replication_behavior-ded62555a192642b-m0,information_sampling,-0.6249999999999999,-0.5499279558238036
model_agnostic_replication_behavior-ded62555a192642b-m1,information_sampling,-0.8750000000000002,-0.6402930876449748
model_agnostic_replication_behavior-def535cd40206981-m0,bandit,-4.75,-3.32600600607317
model_agnostic_replication_behavior-def535cd40206981-m1,bandit,-3.0,-1.8278855255282558
model_agnostic_replication_behavior-dfc0ae811cc0aac4-m0,waiting,-1.625,-1.6713306421363905
model_agnostic_replication_behavior-dfc0ae811cc0aac4-m1,waiting,-0.7500000000000001,-0.7875222202385532
model_agnostic_replication_behavior-dfcebbce010f24a8-m0,debugging,-1.125,-1.5132185823313518
model_agnostic_replication_behavior-dfcebbce010f24a8-m1,debugging,-1.375,-1.2811099295896544
model_agnostic_replication_behavior-dfd06bd2b86e9d58-m0,solvability,0.8750000000000001,0.34499728056085455
model_agnostic_replication_behavior-dfd06bd2b86e9d58-m1,solvability,0.8750000000000001,0.6926486776653037
model_agnostic_replication_behavior-dfd698f9bb3ca6ea-m0,debugging,-2.5,-2.0618681613474235
model_agnostic_replication_behavior-dfd698f9bb3ca6ea-m1,debugging,-3.75,-1.8297595086057266
model_agnostic_replication_behavior-dfd6e503c87fabe8-m0,debugging,-1.25,-1.4773597380773484
model_agnostic_replication_behavior-dfd6e503c87fabe8-m1,debugging,-0.6249999999999999,-1.2452510853356515
model_agnostic_replication_behavior-dff09a3fc5d1ea1e-m0,information_sampling,0.24999999999999992,-0.24203595951770285
model_agnostic_replication_behavior-dff09a3fc5d1ea1e-m1,information_sampling,-0.6249999999999999,-0.3324010913388735
model_agnostic_replication_behavior-e00ec49a934a4c30-m0,information_sampling,-1.375,-1.14681582391253
model_agnostic_replication_behavior-e00ec49a934a4c30-m1,information_sampling,-0.7500000000000001,-1.237180955733701
model_agnostic_replication_behavior-e0523c12fa229e16-m0,information_sampling,-0.5,-0.6814415183764456
model_agnostic_replication_behavior-e0523c12fa229e16-m1,information_sampling,-0.7500000000000001,-0.7718066501976166
model_agnostic_replication_behavior-e0c50aebcdc155c3-m0,information_sampling,-1.875,-1.071203140952866
model_agnostic_replication_behavior-e0c50aebcdc155c3-m1,information_sampling,-1.0000000000000002,-1.161568272774037
model_agnostic_replication_behavior-e13eafc7c960a917-m0,debugging,-1.0000000000000002,-0.8442474641546734
model_agnostic_replication_behavior-e13eafc7c960a917-m1,debugging,-1.375,-0.6121388114129762
model_agnostic_replication_behavior-e1627f42a381db93-m0,solvability,-1.375,-1.3253852374996944
model_agnostic_replication_behavior-e1627f42a381db93-m1,solvability,-0.12500000000000006,-0.9777338403952452
model_agnostic_replication_behavior-e1727f2f013aa6a6-m0,information_sampling,-0.7500000000000001,-0.6642320606189518
model_agnostic_replication_behavior-e1727f2f013aa6a6-m1,information_sampling,-0.7500000000000001,-0.7545971924401222
model_agnostic_replication_behavior-e18c4b7ac858962f-m0,information_sampling,-1.0000000000000002,-0.8249256641350031
model_agnostic_replication_behavior-e18c4b7ac858962f-m1,information_sampling,-0.7500000000000001,-0.9152907959561741
model_agnostic_replication_behavior-e1aa365dc4ec0bf5-m0,bandit,-3.625,-3.7233359942293154
model_agnostic_replication_behavior-e1aa365dc4ec0bf5-m1,bandit,-2.125,-2.225215513684401
model_agnostic_replication_behavior-e1b7a13161d92bc7-m0,foraging,1.125,1.208811978318201
model_agnostic_replication_behavior-e1b7a13161d92bc7-m1,foraging,0.8750000000000001,0.8613947053345882
model_agnostic_replication_behavior-e1be026f1bd13a1a-m0,information_sampling,0.0,-0.21686268143686682
model_agnostic_replication_behavior-e1be026f1bd13a1a-m1,information_sampling,-0.5,-0.3072278132580377
model_agnostic_replication_behavior-e1cfa7fa5f98613b-m0,bandit,-0.25,-0.144251888026869
model_agnostic_replication_behavior-e1cfa7fa5f98613b-m1,bandit,0.5,1.3538685925180451
model_agnostic_replication_behavior-e22a65024222f5e0-m0,waiting,-1.5,-1.5629690026504093
model_agnostic_replication_behavior-e22a65024222f5e0-m1,waiting,-0.37499999999999994,-0.6791605807525718
model_agnostic_replication_behavior-e23101e189f9e151-m0,solvability,0.24999999999999992,-0.3885208387339931
model_agnostic_replication_behavior-e23101e189f9e151-m1,solvability,0.24999999999999992,-0.0408694416295442
model_agnostic_replication_behavior-e23819863e69a4ab-m0,waiting,0.125,0.1736210910251823
model_agnostic_replication_behavior-e23819863e69a4ab-m1,waiting,1.5000000000000002,1.0574295129230196
model_agnostic_replication_behavior-e2717f197050d2c1-m0,solvability,1.5000000000000002,0.4027087647628899
model_agnostic_replication_behavior-e2717f197050d2c1-m1,solvability,0.24999999999999992,0.7503601618673388
model_agnostic_replication_behavior-e281e650e2b2e7ff-m0,solvability,0.37499999999999994,0.8326145686972504
model_agnostic_replication_behavior-e281e650e2b2e7ff-m1,solvability,1.0,1.1802659658016994
model_agnostic_replication_behavior-e28ca8a62a623b65-m0,solvability,1.125,0.8913002237826344
model_agnostic_replication_behavior-e28ca8a62a623b65-m1,solvability,0.24999999999999992,1.2389516208870832
model_agnostic_replication_behavior-e2a47e2fe0ce667a-m0,effort,-1.875,-1.5677741287341824
model_agnostic_replication_behavior-e2a47e2fe0ce667a-m1,effort,-1.0000000000000002,-0.8957425663404777
model_agnostic_replication_behavior-e2a6ab722a481aff-m0,solvability,2.25,1.2659269651876073
model_agnostic_replication_behavior-e2a6ab722a481aff-m1,solvability,0.8750000000000001,1.6135783622920563
model_agnostic_replication_behavior-e2a839652f5ae604-m0,foraging,0.125,0.12885250005244808
model_agnostic_replication_behavior-e2a839652f5ae604-m1,foraging,-0.12500000000000006,-0.21856477293116472
model_agnostic_replication_behavior-e342b2befa4c7e32-m0,effort,-0.25,0.6727261581247517
model_agnostic_replication_behavior-e342b2befa4c7e32-m1,effort,0.37499999999999994,1.3447577205184567
model_agnostic_replication_behavior-e35b05e591d8de01-m0,bandit,0.0,-0.5665726659438683
model_agnostic_replication_behavior-e35b05e591d8de01-m1,bandit,0.0,0.9315478146010455
model_agnostic_replication_behavior-e35d26b0774afc75-m0,effort,-1.7499999999999998,-2.139497122623083
model_agnostic_replication_behavior-e35d26b0774afc75-m1,effort,-0.8750000000000002,-1.4674655602293778
model_agnostic_replication_behavior-e362da27226caf34-m0,debugging,0.24999999999999992,-0.29276789888484156
model_agnostic_replication_behavior-e362da27226caf34-m1,debugging,-0.6249999999999999,-0.06065924614314455
model_agnostic_replication_behavior-e365d19d13dd5848-m0,information_sampling,-1.125,-0.8408003000243556
model_agnostic_replication_behavior-e365d19d13dd5848-m1,information_sampling,-0.6249999999999999,-0.9311654318455266
model_agnostic_replication_behavior-e3956b8eaef66d0f-m0,effort,-2.5,-2.6269898479050044
model_agnostic_replication_behavior-e3956b8eaef66d0f-m1,effort,-1.625,-1.9549582855112992
model_agnostic_replication_behavior-e3a12d33787d4cc7-m0,foraging,0.7500000000000002,0.20930092200163541
model_agnostic_replication_behavior-e3a12d33787d4cc7-m1,foraging,0.5,-0.1381163509819775
model_agnostic_replication_behavior-e3a4db8fc64bde40-m0,foraging,0.0,-0.35905524814819884
model_agnostic_replication_behavior-e3a4db8fc64bde40-m1,foraging,0.0,-0.7064725211318117
model_agnostic_replication_behavior-e3c1e572ceae6e38-m0,solvability,1.125,0.738895564600943
model_agnostic_replication_behavior-e3c1e572ceae6e38-m1,solvability,1.125,1.0865469617053916
model_agnostic_replication_behavior-e3ec028ac8bbac5c-m0,solvability,2.875,2.8881002400661364
model_agnostic_replication_behavior-e3ec028ac8bbac5c-m1,solvability,5.875,3.2357516371705852
model_agnostic_replication_behavior-e3f7b5323b571139-m0,effort,-3.125,-2.8221369717744507
model_agnostic_replication_behavior-e3f7b5323b571139-m1,effort,-0.8750000000000002,-2.1501054093807452
model_agnostic_replication_behavior-e405aacf71572021-m0,waiting,-0.8750000000000002,-1.535742924020639
model_agnostic_replication_behavior-e405aacf71572021-m1,waiting,-1.5,-0.6519345021228014
model_agnostic_replication_behavior-e4130daf18597b99-m0,information_sampling,-0.25,-0.31814104989787395
model_agnostic_replication_behavior-e4130daf18597b99-m1,information_sampling,-0.6249999999999999,-0.40850618171904496
model_agnostic_replication_behavior-e4245e55e6685add-m0,effort,0.37499999999999994,-0.0904222575461558
model_agnostic_replication_behavior-e4245e55e6685add-m1,effort,-0.12500000000000006,0.5816093048475496
model_agnostic_replication_behavior-e44567800c190745-m0,debugging,-2.125,-1.3594324234571302
model_agnostic_replication_behavior-e44567800c190745-m1,debugging,-1.875,-1.1273237707154329
model_agnostic_replication_behavior-e4475425ae2e189d-m0,waiting,-1.5,-2.0521024754684705
model_agnostic_replication_behavior-e4475425ae2e189d-m1,waiting,-1.125,-1.168294053570633
model_agnostic_replication_behavior-e450c15b42ad5e25-m0,waiting,1.3750000000000002,0.9303962440691497
model_agnostic_replication_behavior-e450c15b42ad5e25-m1,waiting,1.125,1.814204665966987
model_agnostic_replication_behavior-e45d06872af0ddb3-m0,effort,-3.75,-2.4584724462093126
model_agnostic_replication_behavior-e45d06872af0ddb3-m1,effort,-2.25,-1.7864408838156074
model_agnostic_replication_behavior-e4ecda320ff526b6-m0,bandit,-2.25,-2.616704597486682
model_agnostic_replication_behavior-e4ecda320ff526b6-m1,bandit,-1.25,-1.1185841169417676
model_agnostic_replication_behavior-e4f023bc32461ac1-m0,effort,-0.6249999999999999,-1.4951093339778128
model_agnostic_replication_behavior-e4f023bc32461ac1-m1,effort,-0.25,-0.8230777715841078
model_agnostic_replication_behavior-e5053587e367069c-m0,effort,-4.875,-3.090122315351529
model_agnostic_replication_behavior-e5053587e367069c-m1,effort,-2.625,-2.4180907529578244
model_agnostic_replication_behavior-e50e862cb495a309-m0,information_sampling,-0.6249999999999999,-0.5030750206422094
model_agnostic_replication_behavior-e50e862cb495a309-m1,information_sampling,-0.5,-0.5934401524633803
model_agnostic_replication_behavior-e5272e5d757616cb-m0,foraging,-1.375,-1.3342643763464288
model_agnostic_replication_behavior-e5272e5d757616cb-m1,foraging,-1.25,-1.6816816493300415
model_agnostic_replication_behavior-e52f819667c5b4c1-m0,debugging,-0.5,-1.114562300380869
model_agnostic_replication_behavior-e52f819667c5b4c1-m1,debugging,0.7500000000000002,-0.8824536476391718
model_agnostic_replication_behavior-e533effdeb8c2818-m0,waiting,0.125,-0.4858704692477964
model_agnostic_replication_behavior-e533effdeb8c2818-m1,waiting,-0.5,0.3979379526500407
model_agnostic_replication_behavior-e53a4764fdf6187f-m0,effort,-2.5,-2.044448915832356
model_agnostic_replication_behavior-e53a4764fdf6187f-m1,effort,-0.5,-1.3724173534386512
model_agnostic_replication_behavior-e53a7a693142c012-m0,solvability,2.25,2.8999266274280746
model_agnostic_replication_behavior-e53a7a693142c012-m1,solvability,3.5,3.247578024532523
model_agnostic_replication_behavior-e58833a19fabc4ea-m0,solvability,0.0,0.6699097958603355
model_agnostic_replication_behavior-e58833a19fabc4ea-m1,solvability,0.7500000000000002,1.0175611929647848
model_agnostic_replication_behavior-e5b07c9260de10c3-m0,effort,-1.7499999999999998,-2.262127562345322
model_agnostic_replication_behavior-e5b07c9260de10c3-m1,effort,-0.6249999999999999,-1.5900959999516164
model_agnostic_replication_behavior-e5c77b67b53b87a6-m0,debugging,-1.7499999999999998,-1.6610179163789065
model_agnostic_replication_behavior-e5c77b67b53b87a6-m1,debugging,-3.375,-1.4289092636372094
model_agnostic_replication_behavior-e6358c0dfcd3733a-m0,information_sampling,-0.7500000000000001,-0.658061641948912
model_agnostic_replication_behavior-e6358c0dfcd3733a-m1,information_sampling,-0.6249999999999999,-0.7484267737700832
model_agnostic_replication_behavior-e6567fe81472a136-m0,foraging,1.3750000000000002,0.5356601466478118
model_agnostic_replication_behavior-e6567fe81472a136-m1,foraging,0.5,0.1882428736641989
model_agnostic_replication_behavior-e66eca82214ec672-m0,foraging,-0.7500000000000001,-1.1189894559836797
model_agnostic_replication_behavior-e66eca82214ec672-m1,foraging,-1.125,-1.4664067289672928
model_agnostic_replication_behavior-e6acaca816b1e04a-m0,debugging,-0.5,-0.8199706685860699
model_agnostic_replication_behavior-e6acaca816b1e04a-m1,debugging,-1.7499999999999998,-0.5878620158443729
model_agnostic_replication_behavior-e6b7a6aa1c64ac47-m0,foraging,0.8750000000000001,0.5018859101375815
model_agnostic_replication_behavior-e6b7a6aa1c64ac47-m1,foraging,-0.6249999999999999,0.15446863715396864
model_agnostic_replication_behavior-e7131c602fb6be3b-m0,effort,-0.6249999999999999,-0.5136662183143016
model_agnostic_replication_behavior-e7131c602fb6be3b-m1,effort,0.5,0.15836534407940345
model_agnostic_replication_behavior-e71470da955830f1-m0,waiting,-6.25,-2.8930278312421844
model_agnostic_replication_behavior-e71470da955830f1-m1,waiting,-2.125,-2.0092194093443467
model_agnostic_replication_behavior-e7227d9455b43c69-m0,debugging,-1.7499999999999998,-1.470515264007192
model_agnostic_replication_behavior-e7227d9455b43c69-m1,debugging,-2.375,-1.238406611265495
model_agnostic_replication_behavior-e74d719a15693956-m0,waiting,-2.0,-1.5603194672199574
model_agnostic_replication_behavior-e74d719a15693956-m1,waiting,0.125,-0.67651104532212
model_agnostic_replication_behavior-e7e325e8f19f0aa2-m0,debugging,-1.25,-1.285958744121889
model_agnostic_replication_behavior-e7e325e8f19f0aa2-m1,debugging,-1.25,-1.0538500913801918
model_agnostic_replication_behavior-e8139c9eef6388bd-m0,foraging,-0.5,-0.8987278162274321
model_agnostic_replication_behavior-e8139c9eef6388bd-m1,foraging,-3.375,-1.246145089211045
model_agnostic_replication_behavior-e814d92f35ea39c3-m0,effort,-3.625,-3.694219710320702
model_agnostic_replication_behavior-e814d92f35ea39c3-m1,effort,-3.0,-3.0221881479269967
model_agnostic_replication_behavior-e826284d29b7f22d-m0,debugging,-3.25,-2.470521427355095
model_agnostic_replication_behavior-e826284d29b7f22d-m1,debugging,-1.7499999999999998,-2.238412774613398
model_agnostic_replication_behavior-e85036da82aaabb3-m0,effort,-7.625,-4.4581755269335925
model_agnostic_replication_behavior-e85036da82aaabb3-m1,effort,-3.25,-3.786143964539888
model_agnostic_replication_behavior-e86b74881cb83d0c-m0,debugging,-2.25,-2.7017253173519182
model_agnostic_replication_behavior-e86b74881cb83d0c-m1,debugging,-2.5,-2.469616664610221
model_agnostic_replication_behavior-e8c60c014137e4e8-m0,debugging,-0.37499999999999994,-0.7540101939959626
model_agnostic_replication_behavior-e8c60c014137e4e8-m1,debugging,0.24999999999999992,-0.5219015412542656
model_agnostic_replication_behavior-e8de54e2a8b83e6e-m0,solvability,0.5,0.08748754096640537
model_agnostic_replication_behavior-e8de54e2a8b83e6e-m1,solvability,0.5,0.43513893807085424
model_agnostic_replication_behavior-e8e2c0caefb7fd6c-m0,solvability,1.5000000000000002,1.3430960321382366
model_agnostic_replication_behavior-e8e2c0caefb7fd6c-m1,solvability,1.0,1.6907474292426854
model_agnostic_replication_behavior-e8e328bf454fc796-m0,debugging,-0.5,-0.33826600527274775
model_agnostic_replication_behavior-e8e328bf454fc796-m1,debugging,-0.25,-0.10615735253105085
model_agnostic_replication_behavior-e8e5fe3af5f5cd49-m0,effort,-3.5,-2.946148913008151
model_agnostic_replication_behavior-e8e5fe3af5f5cd49-m1,effort,-2.25,-2.274117350614446
model_agnostic_replication_behavior-e9488a428a12b7d9-m0,foraging,-0.12500000000000006,-0.45819136266036564
model_agnostic_replication_behavior-e9488a428a12b7d9-m1,foraging,-0.6249999999999999,-0.8056086356439787
model_agnostic_replication_behavior-e989b584823a1a23-m0,debugging,0.625,0.9120614612112568
model_agnostic_replication_behavior-e989b584823a1a23-m1,debugging,0.37499999999999994,1.1441701139529536
model_agnostic_replication_behavior-e9d217b7b04e9ff7-m0,waiting,-0.5,-0.9866919094057272
model_agnostic_replication_behavior-e9d217b7b04e9ff7-m1,waiting,-0.7500000000000001,-0.10288348750788978
model_agnostic_replication_behavior-e9f49c81b0507b1b-m0,waiting,-0.25,-0.13357988939815058
model_agnostic_replication_behavior-e9f49c81b0507b1b-m1,waiting,0.125,0.7502285324996867
model_agnostic_replication_behavior-ea0499b609c6983e-m0,foraging,0.37499999999999994,0.16403207275124265
model_agnostic_replication_behavior-ea0499b609c6983e-m1,foraging,0.8750000000000001,-0.18338520023237004
model_agnostic_replication_behavior-ea0a881388564910-m0,information_sampling,-0.6249999999999999,-0.5898137038588909
model_agnostic_replication_behavior-ea0a881388564910-m1,information_sampling,-0.37499999999999994,-0.6801788356800619
model_agnostic_replication_behavior-ea0ca07044755ffe-m0,information_sampling,-0.5,-0.6521691737354487
model_agnostic_replication_behavior-ea0ca07044755ffe-m1,information_sampling,-0.37499999999999994,-0.7425343055566198
model_agnostic_replication_behavior-ea20419211f96601-m0,foraging,0.8750000000000001,0.06558782707778554
model_agnostic_replication_behavior-ea20419211f96601-m1,foraging,-0.37499999999999994,-0.28182944590582715
model_agnostic_replication_behavior-ea316fb9d3036eb6-m0,foraging,0.625,-0.3448187155298534
model_agnostic_replication_behavior-ea316fb9d3036eb6-m1,foraging,-2.75,-0.6922359885134663
model_agnostic_replication_behavior-ea6d2a2d7825251a-m0,information_sampling,-0.6249999999999999,-0.6650320699327283
model_agnostic_replication_behavior-ea6d2a2d7825251a-m1,information_sampling,-0.8750000000000002,-0.7553972017538992
model_agnostic_replication_behavior-ebdb6df7f6304643-m0,effort,0.125,-1.0842882604649153
model_agnostic_replication_behavior-ebdb6df7f6304643-m1,effort,0.5,-0.41225669807121007
model_agnostic_replication_behavior-ebe23e696e3b3056-m0,solvability,0.0,0.28816578307843765
model_agnostic_replication_behavior-ebe23e696e3b3056-m1,solvability,0.7500000000000002,0.6358171801828868
model_agnostic_replication_behavior-ec09f860550c61ef-m0,bandit,-2.875,-2.8438808452615394
model_agnostic_replication_behavior-ec09f860550c61ef-m1,bandit,-1.375,-1.3457603647166252
model_agnostic_replication_behavior-ec151d90ba3337fe-m0,effort,1.125,1.1193277363810312
model_agnostic_replication_behavior-ec151d90ba3337fe-m1,effort,1.25,1.7913592987747364
model_agnostic_replication_behavior-ec72ae2382d63760-m0,information_sampling,-0.7500000000000001,-0.7731194694264676
model_agnostic_replication_behavior-ec72ae2382d63760-m1,information_sampling,-0.7500000000000001,-0.8634846012476387
model_agnostic_replication_behavior-ecb64860b5548479-m0,bandit,-0.8750000000000002,-1.6776578862746474
model_agnostic_replication_behavior-ecb64860b5548479-m1,bandit,-0.5,-0.17953740572973342
model_agnostic_replication_behavior-ed652872264f921b-m0,foraging,0.24999999999999992,-0.9319165223653998
model_agnostic_replication_behavior-ed652872264f921b-m1,foraging,-0.6249999999999999,-1.2793337953490127
model_agnostic_replication_behavior-eda8540362697624-m0,waiting,-0.8750000000000002,-0.6668318377957195
model_agnostic_replication_behavior-eda8540362697624-m1,waiting,0.625,0.21697658410211795
model_agnostic_replication_behavior-edd04f40cb3e1a55-m0,foraging,-1.25,-0.7553411482049838
model_agnostic_replication_behavior-edd04f40cb3e1a55-m1,foraging,-0.6249999999999999,-1.1027584211885966
model_agnostic_replication_behavior-edea1df6800e4144-m0,bandit,-3.125,-2.878538305226078
model_agnostic_replication_behavior-edea1df6800e4144-m1,bandit,-1.25,-1.380417824681164
model_agnostic_replication_behavior-ee3a0c454cdb2e8d-m0,debugging,0.8750000000000001,0.8215508418635933
model_agnostic_replication_behavior-ee3a0c454cdb2e8d-m1,debugging,3.0,1.0536594946052902
model_agnostic_replication_behavior-ee611f194bb5d5d3-m0,debugging,-2.0,-2.0381645565870445
model_agnostic_replication_behavior-ee611f194bb5d5d3-m1,debugging,-0.8750000000000002,-1.8060559038453472
model_agnostic_replication_behavior-ee76ddd61b5a25a6-m0,bandit,0.5,-0.6126471843607227
model_agnostic_replication_behavior-ee76ddd61b5a25a6-m1,bandit,1.5000000000000002,0.8854732961841911
model_agnostic_replication_behavior-ef0eebe9d2fe4907-m0,foraging,-0.12500000000000006,-0.16450959359033557
model_agnostic_replication_behavior-ef0eebe9d2fe4907-m1,foraging,-0.5,-0.5119268665739484
model_agnostic_replication_behavior-ef467b4e0d6de673-m0,waiting,-2.0,-1.6586054564798833
model_agnostic_replication_behavior-ef467b4e0d6de673-m1,waiting,-0.12500000000000006,-0.7747970345820459
model_agnostic_replication_behavior-efa66cb3fd9f47be-m0,waiting,-0.7500000000000001,-1.4492941440856744
model_agnostic_replication_behavior-efa66cb3fd9f47be-m1,waiting,-0.25,-0.5654857221878369
model_agnostic_replication_behavior-efd2c550f78ebd07-m0,waiting,-0.25,0.4218990537694882
model_agnostic_replication_behavior-efd2c550f78ebd07-m1,waiting,1.25,1.3057074756673257
model_agnostic_replication_behavior-f002c99b9e5fc64b-m0,bandit,-1.625,-1.0588347397514943
model_agnostic_replication_behavior-f002c99b9e5fc64b-m1,bandit,0.5,0.4392857407934197
model_agnostic_replication_behavior-f01abf92019c7512-m0,foraging,0.7500000000000002,0.2424801351380439
model_agnostic_replication_behavior-f01abf92019c7512-m1,foraging,-0.37499999999999994,-0.10493713784556902
model_agnostic_replication_behavior-f0327ba88a16a84d-m0,waiting,-1.5,-1.123045314789995
model_agnostic_replication_behavior-f0327ba88a16a84d-m1,waiting,0.5,-0.23923689289215766
model_agnostic_replication_behavior-f041f9065c0ce643-m0,foraging,-1.7499999999999998,-1.5187658057355078
model_agnostic_replication_behavior-f041f9065c0ce643-m1,foraging,-1.375,-1.866183078719121
model_agnostic_replication_behavior-f071235fd29c939e-m0,bandit,-0.7500000000000001,-0.841643955606775
model_agnostic_replication_behavior-f071235fd29c939e-m1,bandit,-0.12500000000000006,0.6564765249381388
model_agnostic_replication_behavior-f0a0279d7d9b0a22-m0,waiting,-1.125,-0.8686067378210863
model_agnostic_replication_behavior-f0a0279d7d9b0a22-m1,waiting,0.125,0.015201684076751154
model_agnostic_replication_behavior-f176b51f56811e40-m0,waiting,0.5,-0.3532404813449932
model_agnostic_replication_behavior-f176b51f56811e40-m1,waiting,1.25,0.5305679405528443
model_agnostic_replication_behavior-f189f215ce3de76e-m0,effort,1.75,-0.05588099884575265
model_agnostic_replication_behavior-f189f215ce3de76e-m1,effort,0.37499999999999994,0.6161505635479523
model_agnostic_replication_behavior-f1b264dc2e4dd38b-m0,solvability,-0.6249999999999999,-0.2680904206807375
model_agnostic_replication_behavior-f1b264dc2e4dd38b-m1,solvability,-0.7500000000000001,0.07956097642371152
model_agnostic_replication_behavior-f1b9be9195e00e6f-m0,foraging,0.8750000000000001,0.43313093275106274
model_agnostic_replication_behavior-f1b9be9195e00e6f-m1,foraging,-0.5,0.08571365976745016
model_agnostic_replication_behavior-f1c3526d0f8f84e8-m0,effort,-2.875,-3.4832590219238533
model_agnostic_replication_behavior-f1c3526d0f8f84e8-m1,effort,-1.625,-2.8112274595301483
model_agnostic_replication_behavior-f20246bbfa2469c3-m0,debugging,-1.5,-1.0293009078389725
model_agnostic_replication_behavior-f20246bbfa2469c3-m1,debugging,-1.7499999999999998,-0.7971922550972754
model_agnostic_replication_behavior-f22aa316d6d177ef-m0,information_sampling,0.0,-0.14989355199139864
model_agnostic_replication_behavior-f22aa316d6d177ef-m1,information_sampling,-0.5,-0.24025868381256965
model_agnostic_replication_behavior-f269f3d40e23f909-m0,debugging,-3.875,-2.4094587518833483
model_agnostic_replication_behavior-f269f3d40e23f909-m1,debugging,-3.125,-2.177350099141651
model_agnostic_replication_behavior-f29f8855e765dc87-m0,waiting,-0.7500000000000001,-0.6734081667023455
model_agnostic_replication_behavior-f29f8855e765dc87-m1,waiting,1.0,0.21040025519549166
model_agnostic_replication_behavior-f2a1b7f786f63c06-m0,bandit,-1.875,-1.3835077784715994
model_agnostic_replication_behavior-f2a1b7f786f63c06-m1,bandit,0.125,0.11461270207331484
model_agnostic_replication_behavior-f2a32c367268db45-m0,debugging,0.37499999999999994,-0.003639063110798757
model_agnostic_replication_behavior-f2a32c367268db45-m1,debugging,0.7500000000000002,0.22846958963089814
model_agnostic_replication_behavior-f2d555b433596f2b-m0,debugging,-0.8750000000000002,-1.338353923356228
model_agnostic_replication_behavior-f2d555b433596f2b-m1,debugging,-0.7500000000000001,-1.1062452706145307
model_agnostic_replication_behavior-f2f52e0120a3c792-m0,information_sampling,-2.25,-1.214696522924008
model_agnostic_replication_behavior-f2f52e0120a3c792-m1,information_sampling,-1.625,-1.3050616547451792
model_agnostic_replication_behavior-f2f82160bb6fe411-m0,foraging,0.24999999999999992,0.07257079279290768
model_agnostic_replication_behavior-f2f82160bb6fe411-m1,foraging,-0.8750000000000002,-0.2748464801907051
model_agnostic_replication_behavior-f3193248581a1694-m0,effort,-5.25,-4.292194955872832
model_agnostic_replication_behavior-f3193248581a1694-m1,effort,-2.875,-3.6201633934791264
model_agnostic_replication_behavior-f3a65d40ff9f8c6e-m0,information_sampling,-1.5,-1.0778130832607657
model_agnostic_replication_behavior-f3a65d40ff9f8c6e-m1,information_sampling,-1.0000000000000002,-1.1681782150819364
model_agnostic_replication_behavior-f3bc6242f9c8443e-m0,foraging,1.625,1.8178193833135072
model_agnostic_replication_behavior-f3bc6242f9c8443e-m1,foraging,0.625,1.4704021103298945
model_agnostic_replication_behavior-f3c5a22eaf02d94d-m0,information_sampling,0.0,-0.46182288427588325
model_agnostic_replication_behavior-f3c5a22eaf02d94d-m1,information_sampling,-0.7500000000000001,-0.5521880160970545
model_agnostic_replication_behavior-f3cbd2dd0ef69d53-m0,bandit,-2.375,-1.7490708329093012
model_agnostic_replication_behavior-f3cbd2dd0ef69d53-m1,bandit,-1.5,-0.25095035236438695
model_agnostic_replication_behavior-f3e2fd53dd041a9b-m0,solvability,0.125,0.4761683005250855
model_agnostic_replication_behavior-f3e2fd53dd041a9b-m1,solvability,0.625,0.8238196976295343
model_agnostic_replication_behavior-f42f51442fa0c411-m0,debugging,-1.7499999999999998,-1.782765622067549
model_agnostic_replication_behavior-f42f51442fa0c411-m1,debugging,-1.25,-1.5506569693258516
model_agnostic_replication_behavior-f43add98283e6a91-m0,waiting,-2.625,-2.1191248655198676
model_agnostic_replication_behavior-f43add98283e6a91-m1,waiting,-1.125,-1.2353164436220299
model_agnostic_replication_behavior-f43d1f5d8eb31b50-m0,solvability,1.625,1.9605190953782805
model_agnostic_replication_behavior-f43d1f5d8eb31b50-m1,solvability,2.25,2.3081704924827293
model_agnostic_replication_behavior-f47fca2a851df520-m0,solvability,2.0,1.777018692059869
model_agnostic_replication_behavior-f47fca2a851df520-m1,solvability,1.3750000000000002,2.1246700891643178
model_agnostic_replication_behavior-f4952a213860523c-m0,solvability,-0.5,-0.5523589087488657
model_agnostic_replication_behavior-f4952a213860523c-m1,solvability,-0.37499999999999994,-0.20470751164441692
model_agnostic_replication_behavior-f49cc33f4f327000-m0,effort,0.0,-0.45067059433429263
model_agnostic_replication_behavior-f49cc33f4f327000-m1,effort,-0.12500000000000006,0.2213609680594124
model_agnostic_replication_behavior-f4fc09c7b952309a-m0,solvability,0.125,0.2941944715231668
model_agnostic_replication_behavior-f4fc09c7b952309a-m1,solvability,0.37499999999999994,0.641845868627616
model_agnostic_replication_behavior-f5453b8384e7e988-m0,waiting,0.0,-0.11557651589556556
model_agnostic_replication_behavior-f5453b8384e7e988-m1,waiting,0.7500000000000002,0.7682319060022719
model_agnostic_replication_behavior-f545bbd9cf648e5a-m0,waiting,-0.6249999999999999,-0.3117719321807858
model_agnostic_replication_behavior-f545bbd9cf648e5a-m1,waiting,0.125,0.5720364897170513
model_agnostic_replication_behavior-f58c4f8cb7a919f6-m0,effort,-1.5,-1.1384216747078795
model_agnostic_replication_behavior-f58c4f8cb7a919f6-m1,effort,-1.125,-0.46639011231417443
model_agnostic_replication_behavior-f5adeed14f723cf0-m0,solvability,1.625,0.7844391563590027
model_agnostic_replication_behavior-f5adeed14f723cf0-m1,solvability,0.7500000000000002,1.1320905534634516
model_agnostic_replication_behavior-f5fccb6ef83e93e6-m0,waiting,-0.12500000000000006,0.43387470615316903
model_agnostic_replication_behavior-f5fccb6ef83e93e6-m1,waiting,1.3750000000000002,1.3176831280510064
model_agnostic_replication_behavior-f628c6d7055e2ea0-m0,effort,-3.75,-3.04602885099093
model_agnostic_replication_behavior-f628c6d7055e2ea0-m1,effort,-1.625,-2.3739972885972245
model_agnostic_replication_behavior-f664ed1192d03e0a-m0,information_sampling,0.24999999999999992,-0.220649856762398
model_agnostic_replication_behavior-f664ed1192d03e0a-m1,information_sampling,-1.0000000000000002,-0.3110149885835689
model_agnostic_replication_behavior-f6ba762afe37b348-m0,waiting,-0.25,-1.1013698377284273
model_agnostic_replication_behavior-f6ba762afe37b348-m1,waiting,-0.8750000000000002,-0.21756141583058963
model_agnostic_replication_behavior-f6fb4ae649759358-m0,solvability,1.75,1.5815384303659972
model_agnostic_replication_behavior-f6fb4ae649759358-m1,solvability,1.5000000000000002,1.929189827470446
model_agnostic_replication_behavior-f7433b33ca3971ec-m0,debugging,-1.125,-1.1175192409649397
model_agnostic_replication_behavior-f7433b33ca3971ec-m1,debugging,-0.37499999999999994,-0.8854105882232426
model_agnostic_replication_behavior-f7761178e8c3422e-m0,effort,-4.125,-2.0137058575033593
model_agnostic_replication_behavior-f7761178e8c3422e-m1,effort,-1.625,-1.3416742951096543
model_agnostic_replication_behavior-f79a094acb15446f-m0,solvability,1.3750000000000002,1.4676258188836457
model_agnostic_replication_behavior-f79a094acb15446f-m1,solvability,1.3750000000000002,1.8152772159880946
model_agnostic_replication_behavior-f7c0c6babcedba48-m0,information_sampling,-2.25,-1.3695380125532388
model_agnostic_replication_behavior-f7c0c6babcedba48-m1,information_sampling,-1.125,-1.4599031443744095
model_agnostic_replication_behavior-f7f752e9f8d8db80-m0,information_sampling,-0.25,-0.0025247436712829696
model_agnostic_replication_behavior-f7f752e9f8d8db80-m1,information_sampling,-0.37499999999999994,-0.09288987549245409
model_agnostic_replication_behavior-f806bfc2f45f4bcd-m0,bandit,-1.7499999999999998,-0.6863331874753539
model_agnostic_replication_behavior-f806bfc2f45f4bcd-m1,bandit,0.24999999999999992,0.8117872930695601
model_agnostic_replication_behavior-f80adbe1ca64cb87-m0,bandit,-4.25,-3.9113097543391304
model_agnostic_replication_behavior-f80adbe1ca64cb87-m1,bandit,-1.25,-2.4131892737942167
model_agnostic_replication_behavior-f815d987a33a71db-m0,bandit,-3.75,-3.889918651774963
model_agnostic_replication_behavior-f815d987a33a71db-m1,bandit,-1.25,-2.3917981712300493
model_agnostic_replication_behavior-f82924d69db7ecf1-m0,debugging,-1.5,-1.9677977743135742
model_agnostic_replication_behavior-f82924d69db7ecf1-m1,debugging,-1.625,-1.7356891215718768
model_agnostic_replication_behavior-f84ac6c974788968-m0,bandit,-2.125,-3.259882559692902
model_agnostic_replication_behavior-f84ac6c974788968-m1,bandit,-1.7499999999999998,-1.7617620791479882
model_agnostic_replication_behavior-f85b5c7332e501ec-m0,debugging,-2.375,-1.7910442776774378
model_agnostic_replication_behavior-f85b5c7332e501ec-m1,debugging,-2.0,-1.5589356249357407
model_agnostic_replication_behavior-f88b2d8131bd89a7-m0,bandit,-2.75,-2.7959283789706806
model_agnostic_replication_behavior-f88b2d8131bd89a7-m1,bandit,-2.125,-1.2978078984257664
model_agnostic_replication_behavior-f8b690fda64cba1d-m0,bandit,-0.25,-0.8350533826225026
model_agnostic_replication_behavior-f8b690fda64cba1d-m1,bandit,0.24999999999999992,0.6630670979224117
model_agnostic_replication_behavior-f8b966b08e955cd1-m0,bandit,-4.75,-3.444895446357217
model_agnostic_replication_behavior-f8b966b08e955cd1-m1,bandit,-2.25,-1.9467749658123028
model_agnostic_replication_behavior-f8bf0b8a86b05031-m0,information_sampling,-0.12500000000000006,-0.32007680174877684
model_agnostic_replication_behavior-f8bf0b8a86b05031-m1,information_sampling,-0.7500000000000001,-0.41044193356994785
model_agnostic_replication_behavior-f8dccf3379665c95-m0,debugging,0.24999999999999992,0.5637860502885221
model_agnostic_replication_behavior-f8dccf3379665c95-m1,debugging,0.625,0.7958947030302193
model_agnostic_replication_behavior-f8eff32af09a774c-m0,information_sampling,-1.125,-0.7546152682127891
model_agnostic_replication_behavior-f8eff32af09a774c-m1,information_sampling,-0.7500000000000001,-0.84498040003396
model_agnostic_replication_behavior-f902ccee5e180cb6-m0,debugging,0.37499999999999994,0.9862573231266767
model_agnostic_replication_behavior-f902ccee5e180cb6-m1,debugging,1.625,1.2183659758683731
model_agnostic_replication_behavior-f95feb2f45e44f36-m0,debugging,0.625,0.16092852127133206
model_agnostic_replication_behavior-f95feb2f45e44f36-m1,debugging,0.625,0.3930371740130292
model_agnostic_replication_behavior-f9bb96b5cd724b4a-m0,solvability,2.875,1.5607594462722933
model_agnostic_replication_behavior-f9bb96b5cd724b4a-m1,solvability,1.5000000000000002,1.908410843376742
model_agnostic_replication_behavior-f9c5fb4e64912232-m0,solvability,-4.125,-1.3189891230876278
model_agnostic_replication_behavior-f9c5fb4e64912232-m1,solvability,-0.6249999999999999,-0.9713377259831794
model_agnostic_replication_behavior-f9ce03cc28c8d33a-m0,waiting,-2.0,-1.9561328561769105
model_agnostic_replication_behavior-f9ce03cc28c8d33a-m1,waiting,-1.875,-1.0723244342790732
model_agnostic_replication_behavior-f9d556eafd89cfff-m0,bandit,-5.625,-4.498690014438261
model_agnostic_replication_behavior-f9d556eafd89cfff-m1,bandit,-2.875,-3.000569533893347
model_agnostic_replication_behavior-fa18548c5f4323ce-m0,effort,0.7500000000000002,-0.6272327303010674
model_agnostic_replication_behavior-fa18548c5f4323ce-m1,effort,0.37499999999999994,0.04479883209263774
model_agnostic_replication_behavior-fa1c016457dacbad-m0,effort,-1.5,-1.9046428481912696
model_agnostic_replication_behavior-fa1c016457dacbad-m1,effort,-0.7500000000000001,-1.2326112857975646
model_agnostic_replication_behavior-fa423bf72e2b4c11-m0,bandit,0.5,-0.9798413555068188
model_agnostic_replication_behavior-fa423bf72e2b4c11-m1,bandit,1.625,0.5182791250380953
model_agnostic_replication_behavior-fa45c8e9387902a7-m0,bandit,-2.125,-1.6951062645688912
model_agnostic_replication_behavior-fa45c8e9387902a7-m1,bandit,-1.5,-0.1969857840239772
model_agnostic_replication_behavior-fa65d5240da08183-m0,solvability,-0.5,-0.1587747123694626
model_agnostic_replication_behavior-fa65d5240da08183-m1,solvability,0.0,0.18887668473498626
model_agnostic_replication_behavior-fac48162faa0b666-m0,debugging,-0.6249999999999999,-1.3490415087881926
model_agnostic_replication_behavior-fac48162faa0b666-m1,debugging,-1.25,-1.1169328560464955
model_agnostic_replication_behavior-fad9acbbf7ddace8-m0,bandit,-4.5,-3.819381077349299
model_agnostic_replication_behavior-fad9acbbf7ddace8-m1,bandit,-2.125,-2.321260596804385
model_agnostic_replication_behavior-fae8d05bb6b21e84-m0,bandit,-2.0,-2.4778095333501557
model_agnostic_replication_behavior-fae8d05bb6b21e84-m1,bandit,-0.6249999999999999,-0.9796890528052418
model_agnostic_replication_behavior-fb01bd2a994bdeb3-m0,debugging,-3.0,-2.7555987127437853
model_agnostic_replication_behavior-fb01bd2a994bdeb3-m1,debugging,-1.875,-2.5234900600020884
model_agnostic_replication_behavior-fb341de23261aa70-m0,information_sampling,-1.625,-0.947359734596608
model_agnostic_replication_behavior-fb341de23261aa70-m1,information_sampling,-0.8750000000000002,-1.037724866417779
model_agnostic_replication_behavior-fb4ef5ba46c144d8-m0,debugging,-2.75,-2.4979322682490688
model_agnostic_replication_behavior-fb4ef5ba46c144d8-m1,debugging,-3.125,-2.265823615507372
model_agnostic_replication_behavior-fb66211a687da1e2-m0,information_sampling,-1.125,-0.9202033496425308
model_agnostic_replication_behavior-fb66211a687da1e2-m1,information_sampling,-1.0000000000000002,-1.0105684814637017
model_agnostic_replication_behavior-fb6f027057478610-m0,effort,-0.25,-0.5768870741223819
model_agnostic_replication_behavior-fb6f027057478610-m1,effort,0.0,0.09514448827132296
model_agnostic_replication_behavior-fb7c43bf80d876a3-m0,information_sampling,-0.12500000000000006,-0.538820442242825
model_agnostic_replication_behavior-fb7c43bf80d876a3-m1,information_sampling,-0.6249999999999999,-0.629185574063996
model_agnostic_replication_behavior-fbba50841d3c35b3-m0,solvability,2.125,2.239940683978089
model_agnostic_replication_behavior-fbba50841d3c35b3-m1,solvability,3.125,2.587592081082538
model_agnostic_replication_behavior-fbfde25c74e96bef-m0,bandit,-2.25,-2.8621946664447004
model_agnostic_replication_behavior-fbfde25c74e96bef-m1,bandit,-0.37499999999999994,-1.3640741858997865
model_agnostic_replication_behavior-fc2fe091b6867e6d-m0,effort,-3.0,-2.798795338585076
model_agnostic_replication_behavior-fc2fe091b6867e6d-m1,effort,-2.375,-2.126763776191371
model_agnostic_replication_behavior-fc5061f0e4a41ac9-m0,waiting,-0.8750000000000002,-1.302780798288391
model_agnostic_replication_behavior-fc5061f0e4a41ac9-m1,waiting,-0.37499999999999994,-0.4189723763905536
model_agnostic_replication_behavior-fc7269b28476dc47-m0,bandit,-1.7499999999999998,-2.037913802519991
model_agnostic_replication_behavior-fc7269b28476dc47-m1,bandit,0.37499999999999994,-0.539793321975077
model_agnostic_replication_behavior-fc80dab77e96c46c-m0,solvability,-1.25,-0.8091362033170545
model_agnostic_replication_behavior-fc80dab77e96c46c-m1,solvability,0.625,-0.4614848062126057
model_agnostic_replication_behavior-fc9dc423c5f0c1d3-m0,debugging,-1.7499999999999998,-1.6405081155814254
model_agnostic_replication_behavior-fc9dc423c5f0c1d3-m1,debugging,-1.125,-1.4083994628397285
model_agnostic_replication_behavior-fcda105e94e1bc61-m0,debugging,-1.25,-1.7106604315494385
model_agnostic_replication_behavior-fcda105e94e1bc61-m1,debugging,-1.7499999999999998,-1.4785517788077414
model_agnostic_replication_behavior-fce493513353cd9b-m0,waiting,-3.5,-2.558706709122956
model_agnostic_replication_behavior-fce493513353cd9b-m1,waiting,-1.375,-1.6748982872251188
model_agnostic_replication_behavior-fced5568e12b0a28-m0,debugging,-1.5,-1.350854140385728
model_agnostic_replication_behavior-fced5568e12b0a28-m1,debugging,-2.125,-1.1187454876440306
model_agnostic_replication_behavior-fd06b060dfbe091b-m0,information_sampling,0.125,0.0533729980829003
model_agnostic_replication_behavior-fd06b060dfbe091b-m1,information_sampling,-0.6249999999999999,-0.036992133738270816
model_agnostic_replication_behavior-fd1225deb24b8bb3-m0,solvability,1.625,1.7875034989335274
model_agnostic_replication_behavior-fd1225deb24b8bb3-m1,solvability,1.625,2.1351548960379767
model_agnostic_replication_behavior-fd15bf8e3253960c-m0,foraging,-2.125,-1.7929849720569506
model_agnostic_replication_behavior-fd15bf8e3253960c-m1,foraging,-2.75,-2.1404022450405633
model_agnostic_replication_behavior-fd521f111e9d8921-m0,waiting,1.3750000000000002,0.1915524468689188
model_agnostic_replication_behavior-fd521f111e9d8921-m1,waiting,0.7500000000000002,1.0753608687667562
model_agnostic_replication_behavior-fd5c0b181dd5d9fb-m0,effort,2.5,1.609755842900916
model_agnostic_replication_behavior-fd5c0b181dd5d9fb-m1,effort,2.125,2.2817874052946214
model_agnostic_replication_behavior-fdd1035b85d5f106-m0,solvability,1.25,1.4663945320242053
model_agnostic_replication_behavior-fdd1035b85d5f106-m1,solvability,1.625,1.8140459291286541
model_agnostic_replication_behavior-fe1724e48189c8c9-m0,solvability,0.37499999999999994,0.6779445217074284
model_agnostic_replication_behavior-fe1724e48189c8c9-m1,solvability,0.7500000000000002,1.0255959188118773
model_agnostic_replication_behavior-fe2cf4a7bdcc1542-m0,debugging,1.0,1.2047894926330254
model_agnostic_replication_behavior-fe2cf4a7bdcc1542-m1,debugging,1.625,1.4368981453747223
model_agnostic_replication_behavior-fe9b67afa7bd2d9e-m0,foraging,1.125,0.7804667872053815
model_agnostic_replication_behavior-fe9b67afa7bd2d9e-m1,foraging,0.125,0.43304951422176885
model_agnostic_replication_behavior-feb7dd0f3de3347f-m0,debugging,0.125,-0.29066026056697447
model_agnostic_replication_behavior-feb7dd0f3de3347f-m1,debugging,-0.7500000000000001,-0.058551607825277685
model_agnostic_replication_behavior-ff34a19dbc32bcb6-m0,effort,-1.625,-1.2999367638058281
model_agnostic_replication_behavior-ff34a19dbc32bcb6-m1,effort,-0.8750000000000002,-0.627905201412123
model_agnostic_replication_behavior-ff5e6fe23f72c0b1-m0,effort,-1.375,-0.5054436106221551
model_agnostic_replication_behavior-ff5e6fe23f72c0b1-m1,effort,-0.7500000000000001,0.16658795177155003
model_agnostic_replication_contextual_behavior-00a77272fb6d1983-m0,debugging,-1.625,-1.9385533172223925
model_agnostic_replication_contextual_behavior-00a77272fb6d1983-m1,debugging,-0.8750000000000002,-1.7064446644806954
model_agnostic_replication_contextual_behavior-02d90f207ee13eb5-m0,foraging,-0.37499999999999994,0.43181181425889703
model_agnostic_replication_contextual_behavior-02d90f207ee13eb5-m1,foraging,0.37499999999999994,0.08439454127528423
model_agnostic_replication_contextual_behavior-036bc5e83aef68bf-m0,debugging,-0.5,-0.5384480999332568
model_agnostic_replication_contextual_behavior-036bc5e83aef68bf-m1,debugging,0.24999999999999992,-0.3063394471915597
model_agnostic_replication_contextual_behavior-03c0437ca9c8c907-m0,foraging,-0.37499999999999994,-0.0006836299606601814
model_agnostic_replication_contextual_behavior-03c0437ca9c8c907-m1,foraging,0.125,-0.3481009029442731
model_agnostic_replication_contextual_behavior-03cca73fd419d155-m0,foraging,-2.25,-1.1659119713882728
model_agnostic_replication_contextual_behavior-03cca73fd419d155-m1,foraging,-0.7500000000000001,-1.5133292443718858
model_agnostic_replication_contextual_behavior-056b4667401b4fe9-m0,bandit,-2.625,-2.6577596754912944
model_agnostic_replication_contextual_behavior-056b4667401b4fe9-m1,bandit,-0.37499999999999994,-1.1596391949463805
model_agnostic_replication_contextual_behavior-058aa4e00202d167-m0,foraging,-1.25,0.09397834522288162
model_agnostic_replication_contextual_behavior-058aa4e00202d167-m1,foraging,-0.5,-0.2534389277607313
model_agnostic_replication_contextual_behavior-06afb23839d26b64-m0,bandit,-2.375,-1.8387079487407156
model_agnostic_replication_contextual_behavior-06afb23839d26b64-m1,bandit,-0.12500000000000006,-0.34058746819580166
model_agnostic_replication_contextual_behavior-06ff917144adaefc-m0,debugging,0.125,-0.742379031699104
model_agnostic_replication_contextual_behavior-06ff917144adaefc-m1,debugging,-0.25,-0.510270378957407
model_agnostic_replication_contextual_behavior-07c003758dac5312-m0,debugging,-1.5,-2.3322147956743438
model_agnostic_replication_contextual_behavior-07c003758dac5312-m1,debugging,-0.7500000000000001,-2.100106142932646
model_agnostic_replication_contextual_behavior-07e94db01dc01e0f-m0,foraging,-0.8750000000000002,-1.4590125944334535
model_agnostic_replication_contextual_behavior-07e94db01dc01e0f-m1,foraging,-1.625,-1.8064298674170662
model_agnostic_replication_contextual_behavior-0e35f2c86e50264e-m0,foraging,-3.75,-3.286125542411355
model_agnostic_replication_contextual_behavior-0e35f2c86e50264e-m1,foraging,-2.75,-3.633542815394968
model_agnostic_replication_contextual_behavior-0e8945f53b689ab6-m0,debugging,-2.75,-2.5566913239675677
model_agnostic_replication_contextual_behavior-0e8945f53b689ab6-m1,debugging,-2.0,-2.324582671225871
model_agnostic_replication_contextual_behavior-0f457fee133ebb6b-m0,debugging,-1.375,-2.7358550569270723
model_agnostic_replication_contextual_behavior-0f457fee133ebb6b-m1,debugging,-0.6249999999999999,-2.5037464041853745
model_agnostic_replication_contextual_behavior-0f98ef6568ea1247-m0,bandit,-2.125,-1.9588911479213076
model_agnostic_replication_contextual_behavior-0f98ef6568ea1247-m1,bandit,-0.37499999999999994,-0.4607706673763934
model_agnostic_replication_contextual_behavior-100847b72109f99f-m0,bandit,-3.875,-4.734469115120623
model_agnostic_replication_contextual_behavior-100847b72109f99f-m1,bandit,-1.25,-3.2363486345757093
model_agnostic_replication_contextual_behavior-13a3959ddcd444f9-m0,debugging,-3.0,-2.84196338945426
model_agnostic_replication_contextual_behavior-13a3959ddcd444f9-m1,debugging,-2.625,-2.6098547367125633
model_agnostic_replication_contextual_behavior-13b4096883b329c1-m0,bandit,0.37499999999999994,-0.3735998824412989
model_agnostic_replication_contextual_behavior-13b4096883b329c1-m1,bandit,0.5,1.1245205981036153
model_agnostic_replication_contextual_behavior-14d70a67755d4dd9-m0,foraging,-3.5,-3.1100892803989746
model_agnostic_replication_contextual_behavior-14d70a67755d4dd9-m1,foraging,-2.0,-3.4575065533825873
model_agnostic_replication_contextual_behavior-15115d96a986dda0-m0,foraging,-1.0000000000000002,-0.32903130179953116
model_agnostic_replication_contextual_behavior-15115d96a986dda0-m1,foraging,-0.6249999999999999,-0.676448574783144
model_agnostic_replication_contextual_behavior-172872ed25fe9383-m0,debugging,-0.37499999999999994,-0.7369651981689299
model_agnostic_replication_contextual_behavior-172872ed25fe9383-m1,debugging,0.37499999999999994,-0.504856545427233
model_agnostic_replication_contextual_behavior-1921e5805457c150-m0,debugging,-0.37499999999999994,-0.2943979000050899
model_agnostic_replication_contextual_behavior-1921e5805457c150-m1,debugging,-1.0000000000000002,-0.06228924726339291
model_agnostic_replication_contextual_behavior-197ced2636723bd3-m0,foraging,-1.5,-1.089983478820271
model_agnostic_replication_contextual_behavior-197ced2636723bd3-m1,foraging,-1.375,-1.4374007518038838
model_agnostic_replication_contextual_behavior-1981867b6d01fba1-m0,bandit,-1.875,-2.6203652511827586
model_agnostic_replication_contextual_behavior-1981867b6d01fba1-m1,bandit,-0.6249999999999999,-1.1222447706378442
model_agnostic_replication_contextual_behavior-19d49fb8f28b55ad-m0,bandit,-1.625,-1.7284281781941655
model_agnostic_replication_contextual_behavior-19d49fb8f28b55ad-m1,bandit,0.0,-0.2303076976492511
model_agnostic_replication_contextual_behavior-1a5f078f73339b9d-m0,bandit,-1.125,-1.5532893461281656
model_agnostic_replication_contextual_behavior-1a5f078f73339b9d-m1,bandit,-0.12500000000000006,-0.0551688655832514
model_agnostic_replication_contextual_behavior-1aef918385499a39-m0,foraging,0.0,0.41442551510389947
model_agnostic_replication_contextual_behavior-1aef918385499a39-m1,foraging,0.7500000000000002,0.06700824212028655
model_agnostic_replication_contextual_behavior-1b0904a6c6079804-m0,debugging,-0.8750000000000002,-1.2186691322423109
model_agnostic_replication_contextual_behavior-1b0904a6c6079804-m1,debugging,0.125,-0.9865604795006138
model_agnostic_replication_contextual_behavior-1c44a9121c4d7eb2-m0,debugging,-0.12500000000000006,-0.36227620339387556
model_agnostic_replication_contextual_behavior-1c44a9121c4d7eb2-m1,debugging,-0.8750000000000002,-0.13016755065217855
model_agnostic_replication_contextual_behavior-1d8227bbbc8ae46b-m0,bandit,-1.875,-2.3810601306308232
model_agnostic_replication_contextual_behavior-1d8227bbbc8ae46b-m1,bandit,-0.25,-0.882939650085909
model_agnostic_replication_contextual_behavior-1e377e01e82101cc-m0,debugging,-1.125,-1.3025866858484345
model_agnostic_replication_contextual_behavior-1e377e01e82101cc-m1,debugging,-0.8750000000000002,-1.0704780331067374
model_agnostic_replication_contextual_behavior-1e391226e84b2bb3-m0,bandit,-2.75,-1.7794585791547033
model_agnostic_replication_contextual_behavior-1e391226e84b2bb3-m1,bandit,-0.12500000000000006,-0.2813380986097893
model_agnostic_replication_contextual_behavior-20d29dad74126b64-m0,debugging,-1.0000000000000002,-1.2379422702141398
model_agnostic_replication_contextual_behavior-20d29dad74126b64-m1,debugging,-0.12500000000000006,-1.0058336174724427
model_agnostic_replication_contextual_behavior-21ad6a537ff4003a-m0,bandit,-2.625,-2.787621307460637
model_agnostic_replication_contextual_behavior-21ad6a537ff4003a-m1,bandit,-0.5,-1.2895008269157229
model_agnostic_replication_contextual_behavior-23ba08547fa1c6f7-m0,foraging,-2.125,-1.1731603703131879
model_agnostic_replication_contextual_behavior-23ba08547fa1c6f7-m1,foraging,-0.8750000000000002,-1.5205776432968006
model_agnostic_replication_contextual_behavior-257554726d22008d-m0,foraging,-2.125,-1.05116760074296
model_agnostic_replication_contextual_behavior-257554726d22008d-m1,foraging,-0.37499999999999994,-1.3985848737265725
model_agnostic_replication_contextual_behavior-25d690146689c3ae-m0,bandit,-2.0,-2.6692090873907652
model_agnostic_replication_contextual_behavior-25d690146689c3ae-m1,bandit,-0.5,-1.171088606845851
model_agnostic_replication_contextual_behavior-27c6724a5cc358bd-m0,debugging,-0.25,-0.12301822540258256
model_agnostic_replication_contextual_behavior-27c6724a5cc358bd-m1,debugging,0.0,0.10909042733911445
model_agnostic_replication_contextual_behavior-28aa2181971dd9f2-m0,debugging,-0.37499999999999994,-0.9978403361857788
model_agnostic_replication_contextual_behavior-28aa2181971dd9f2-m1,debugging,-0.5,-0.7657316834440817
model_agnostic_replication_contextual_behavior-298b24e38f0377ba-m0,debugging,-1.5,-1.6470975036488193
model_agnostic_replication_contextual_behavior-298b24e38f0377ba-m1,debugging,-2.125,-1.4149888509071222
model_agnostic_replication_contextual_behavior-2a008e9584a6f226-m0,foraging,-2.5,-1.3517279550656038
model_agnostic_replication_contextual_behavior-2a008e9584a6f226-m1,foraging,-1.0000000000000002,-1.699145228049217
model_agnostic_replication_contextual_behavior-2b41412b57e33a1b-m0,foraging,-1.0000000000000002,-0.513053030090281
model_agnostic_replication_contextual_behavior-2b41412b57e33a1b-m1,foraging,-0.7500000000000001,-0.8604703030738939
model_agnostic_replication_contextual_behavior-2bdd3ed128134634-m0,debugging,-1.875,-1.623332565565987
model_agnostic_replication_contextual_behavior-2bdd3ed128134634-m1,debugging,-0.7500000000000001,-1.39122391282429
model_agnostic_replication_contextual_behavior-2d4a2df666d885cf-m0,debugging,-1.5,-1.9257451621798416
model_agnostic_replication_contextual_behavior-2d4a2df666d885cf-m1,debugging,-0.6249999999999999,-1.6936365094381447
model_agnostic_replication_contextual_behavior-2ea887576e39600e-m0,debugging,0.24999999999999992,-0.10071475282672915
model_agnostic_replication_contextual_behavior-2ea887576e39600e-m1,debugging,0.0,0.1313938999149682
model_agnostic_replication_contextual_behavior-2fc9c8435c225097-m0,debugging,-0.7500000000000001,-0.9411436271624053
model_agnostic_replication_contextual_behavior-2fc9c8435c225097-m1,debugging,-0.6249999999999999,-0.7090349744207081
model_agnostic_replication_contextual_behavior-31fa096b68e7e600-m0,foraging,0.0,0.5934932927006221
model_agnostic_replication_contextual_behavior-31fa096b68e7e600-m1,foraging,0.625,0.246076019717009
model_agnostic_replication_contextual_behavior-35f157dfea07d33c-m0,foraging,-0.6249999999999999,-0.4225489861711843
model_agnostic_replication_contextual_behavior-35f157dfea07d33c-m1,foraging,-0.12500000000000006,-0.7699662591547974
model_agnostic_replication_contextual_behavior-369ca1e73ba968ec-m0,bandit,-0.6249999999999999,-1.8615872930717314
model_agnostic_replication_contextual_behavior-369ca1e73ba968ec-m1,bandit,0.0,-0.3634668125268177
model_agnostic_replication_contextual_behavior-36a6f497b50ccc21-m0,foraging,-0.7500000000000001,-1.0266014105521117
model_agnostic_replication_contextual_behavior-36a6f497b50ccc21-m1,foraging,-1.0000000000000002,-1.3740186835357244
model_agnostic_replication_contextual_behavior-377712564d96aeaa-m0,foraging,-1.875,-0.8545128838860953
model_agnostic_replication_contextual_behavior-377712564d96aeaa-m1,foraging,-0.7500000000000001,-1.2019301568697083
model_agnostic_replication_contextual_behavior-3897ea7fa159b467-m0,bandit,-3.0,-2.6674322911258947
model_agnostic_replication_contextual_behavior-3897ea7fa159b467-m1,bandit,-0.37499999999999994,-1.1693118105809805
model_agnostic_replication_contextual_behavior-3910e2d9d25f1632-m0,foraging,-1.7499999999999998,0.30218924789067014
model_agnostic_replication_contextual_behavior-3910e2d9d25f1632-m1,foraging,0.625,-0.04522802509294266
model_agnostic_replication_contextual_behavior-3a1c84465ad13c40-m0,debugging,-0.25,0.017455546563099444
model_agnostic_replication_contextual_behavior-3a1c84465ad13c40-m1,debugging,0.0,0.24956419930479656
model_agnostic_replication_contextual_behavior-3b0d061cf9227ecd-m0,bandit,-0.6249999999999999,-0.8949108855186805
model_agnostic_replication_contextual_behavior-3b0d061cf9227ecd-m1,bandit,-0.25,0.6032095950262336
model_agnostic_replication_contextual_behavior-3bedb4ed24eed7fc-m0,bandit,-0.37499999999999994,-2.022655309080779
model_agnostic_replication_contextual_behavior-3bedb4ed24eed7fc-m1,bandit,0.0,-0.5245348285358651
model_agnostic_replication_contextual_behavior-3ccf563b5164e8ab-m0,bandit,-0.8750000000000002,-0.9501153200751036
model_agnostic_replication_contextual_behavior-3ccf563b5164e8ab-m1,bandit,0.125,0.5480051604698106
model_agnostic_replication_contextual_behavior-3d65829edd92d6c1-m0,bandit,-1.375,-2.303741338358882
model_agnostic_replication_contextual_behavior-3d65829edd92d6c1-m1,bandit,-0.25,-0.8056208578139674
model_agnostic_replication_contextual_behavior-3d92d77b9de6f4e5-m0,debugging,-0.5,-1.6509795983340956
model_agnostic_replication_contextual_behavior-3d92d77b9de6f4e5-m1,debugging,-1.875,-1.4188709455923985
model_agnostic_replication_contextual_behavior-3dbe2368e57ac3d6-m0,bandit,-3.25,-3.9868313285060535
model_agnostic_replication_contextual_behavior-3dbe2368e57ac3d6-m1,bandit,-1.25,-2.4887108479611397
model_agnostic_replication_contextual_behavior-3dea2c61ed7e1a12-m0,debugging,0.125,-0.11464164009386457
model_agnostic_replication_contextual_behavior-3dea2c61ed7e1a12-m1,debugging,0.24999999999999992,0.11746701264783255
model_agnostic_replication_contextual_behavior-3e07adda7d7ff898-m0,foraging,-1.125,-0.17478902636471505
model_agnostic_replication_contextual_behavior-3e07adda7d7ff898-m1,foraging,0.24999999999999992,-0.522206299348328
model_agnostic_replication_contextual_behavior-3ea7d65744e0db4d-m0,bandit,-3.125,-4.312221259837463
model_agnostic_replication_contextual_behavior-3ea7d65744e0db4d-m1,bandit,-1.25,-2.814100779292549
model_agnostic_replication_contextual_behavior-3f86684de28ee855-m0,debugging,-2.0,-2.240999602217774
model_agnostic_replication_contextual_behavior-3f86684de28ee855-m1,debugging,-1.375,-2.0088909494760765
model_agnostic_replication_contextual_behavior-402a9935ddf190ef-m0,bandit,-1.625,-1.6810552368284206
model_agnostic_replication_contextual_behavior-402a9935ddf190ef-m1,bandit,-0.8750000000000002,-0.18293475628350642
model_agnostic_replication_contextual_behavior-4036675b6f1e683b-m0,foraging,0.5,1.5322201394721535
model_agnostic_replication_contextual_behavior-4036675b6f1e683b-m1,foraging,1.125,1.1848028664885408
model_agnostic_replication_contextual_behavior-41aede8ec5c05fbd-m0,bandit,-1.125,-2.0827500660524962
model_agnostic_replication_contextual_behavior-41aede8ec5c05fbd-m1,bandit,-1.125,-0.5846295855075827
model_agnostic_replication_contextual_behavior-4465021c84d5ae24-m0,foraging,-1.5,-0.7586530693839991
model_agnostic_replication_contextual_behavior-4465021c84d5ae24-m1,foraging,-0.37499999999999994,-1.106070342367612
model_agnostic_replication_contextual_behavior-4554c21af3ad9eb3-m0,debugging,-0.8750000000000002,-0.6440389150124535
model_agnostic_replication_contextual_behavior-4554c21af3ad9eb3-m1,debugging,-0.25,-0.41193026227075646
model_agnostic_replication_contextual_behavior-467dba97ae25c636-m0,debugging,-0.25,-0.05042275682568631
model_agnostic_replication_contextual_behavior-467dba97ae25c636-m1,debugging,0.125,0.18168589591601103
model_agnostic_replication_contextual_behavior-475cafb4b4aa640d-m0,bandit,-2.0,-2.606452768572497
model_agnostic_replication_contextual_behavior-475cafb4b4aa640d-m1,bandit,-0.37499999999999994,-1.108332288027583
model_agnostic_replication_contextual_behavior-4768e2dd5292c945-m0,debugging,-0.37499999999999994,-0.653137282769715
model_agnostic_replication_contextual_behavior-4768e2dd5292c945-m1,debugging,-1.0000000000000002,-0.4210286300280177
model_agnostic_replication_contextual_behavior-49e95cc9708afca2-m0,bandit,-2.25,-2.5895343822708217
model_agnostic_replication_contextual_behavior-49e95cc9708afca2-m1,bandit,-0.5,-1.0914139017259075
model_agnostic_replication_contextual_behavior-4c005713503f7bce-m0,bandit,-2.875,-3.783930487447357
model_agnostic_replication_contextual_behavior-4c005713503f7bce-m1,bandit,-0.37499999999999994,-2.2858100069024427
model_agnostic_replication_contextual_behavior-4c308abf34406c0f-m0,foraging,-1.625,-0.7380333676755009
model_agnostic_replication_contextual_behavior-4c308abf34406c0f-m1,foraging,-0.5,-1.0854506406591138
model_agnostic_replication_contextual_behavior-4c58f897b9794023-m0,debugging,-2.0,-2.1011858318335292
model_agnostic_replication_contextual_behavior-4c58f897b9794023-m1,debugging,-1.125,-1.8690771790918324
model_agnostic_replication_contextual_behavior-4c5da57e1b2b5cf9-m0,bandit,0.125,-0.5846279441770292
model_agnostic_replication_contextual_behavior-4c5da57e1b2b5cf9-m1,bandit,0.125,0.913492536367885
model_agnostic_replication_contextual_behavior-4c98db757c21f84a-m0,debugging,-1.7499999999999998,-2.951203620105373
model_agnostic_replication_contextual_behavior-4c98db757c21f84a-m1,debugging,-2.375,-2.7190949673636755
model_agnostic_replication_contextual_behavior-4cf20fd572bcdede-m0,debugging,0.125,-0.727778584871382
model_agnostic_replication_contextual_behavior-4cf20fd572bcdede-m1,debugging,-0.37499999999999994,-0.4956699321296849
model_agnostic_replication_contextual_behavior-4d16e8c457667328-m0,debugging,-2.0,-2.1595876191444177
model_agnostic_replication_contextual_behavior-4d16e8c457667328-m1,debugging,-1.125,-1.9274789664027203
model_agnostic_replication_contextual_behavior-5298bee11401c160-m0,debugging,0.125,0.5307767157195522
model_agnostic_replication_contextual_behavior-5298bee11401c160-m1,debugging,0.625,0.7628853684612489
model_agnostic_replication_contextual_behavior-53577a9279886a71-m0,bandit,-2.375,-1.6902973092168203
model_agnostic_replication_contextual_behavior-53577a9279886a71-m1,bandit,-0.12500000000000006,-0.1921768286719061
model_agnostic_replication_contextual_behavior-535e456da0b8f55b-m0,debugging,-1.5,-1.5195938902533088
model_agnostic_replication_contextual_behavior-535e456da0b8f55b-m1,debugging,-0.6249999999999999,-1.2874852375116117
model_agnostic_replication_contextual_behavior-53a9179708089345-m0,debugging,-0.8750000000000002,-1.363941370879573
model_agnostic_replication_contextual_behavior-53a9179708089345-m1,debugging,0.0,-1.1318327181378758
model_agnostic_replication_contextual_behavior-53bae59927c3119e-m0,bandit,-2.625,-3.2184519712008965
model_agnostic_replication_contextual_behavior-53bae59927c3119e-m1,bandit,-1.25,-1.7203314906559826
model_agnostic_replication_contextual_behavior-550bfff48a8fa0a4-m0,foraging,-0.25,0.4846703673995144
model_agnostic_replication_contextual_behavior-550bfff48a8fa0a4-m1,foraging,-0.12500000000000006,0.1372530944159016
model_agnostic_replication_contextual_behavior-56a3ce12c59843cc-m0,bandit,-1.5,-2.3505466188685475
model_agnostic_replication_contextual_behavior-56a3ce12c59843cc-m1,bandit,-0.7500000000000001,-0.8524261383236335
model_agnostic_replication_contextual_behavior-57902065bb31bfa3-m0,debugging,0.24999999999999992,0.028477079709477326
model_agnostic_replication_contextual_behavior-57902065bb31bfa3-m1,debugging,0.125,0.26058573245117445
model_agnostic_replication_contextual_behavior-595bccc1a0a3cff4-m0,foraging,0.125,1.6343862138490302
model_agnostic_replication_contextual_behavior-595bccc1a0a3cff4-m1,foraging,1.25,1.286968940865417
model_agnostic_replication_contextual_behavior-59a9c966a20692ec-m0,debugging,0.125,0.29698226804460126
model_agnostic_replication_contextual_behavior-59a9c966a20692ec-m1,debugging,0.625,0.5290909207862984
model_agnostic_replication_contextual_behavior-59ce31750b89e02a-m0,foraging,-2.125,-0.8500589061164503
model_agnostic_replication_contextual_behavior-59ce31750b89e02a-m1,foraging,-1.0000000000000002,-1.1974761791000632
model_agnostic_replication_contextual_behavior-5a83ab14c51cee19-m0,debugging,-1.875,-2.1427799742930946
model_agnostic_replication_contextual_behavior-5a83ab14c51cee19-m1,debugging,-0.7500000000000001,-1.9106713215513977
model_agnostic_replication_contextual_behavior-5f36832aad18e3fe-m0,foraging,-1.625,-0.6482805382949631
model_agnostic_replication_contextual_behavior-5f36832aad18e3fe-m1,foraging,0.24999999999999992,-0.995697811278576
model_agnostic_replication_contextual_behavior-6082db3e121771a3-m0,debugging,-1.0000000000000002,-0.6458848289243172
model_agnostic_replication_contextual_behavior-6082db3e121771a3-m1,debugging,-0.12500000000000006,-0.4137761761826202
model_agnostic_replication_contextual_behavior-60832ad04054dd1b-m0,debugging,-1.625,-1.3887138385764062
model_agnostic_replication_contextual_behavior-60832ad04054dd1b-m1,debugging,-2.0,-1.1566051858347093
model_agnostic_replication_contextual_behavior-60ad47e309314f3a-m0,foraging,-3.375,-2.9236645800207715
model_agnostic_replication_contextual_behavior-60ad47e309314f3a-m1,foraging,-2.125,-3.271081853004384
model_agnostic_replication_contextual_behavior-60c0f4dd0d5a425b-m0,foraging,-0.25,-0.06246205131052196
model_agnostic_replication_contextual_behavior-60c0f4dd0d5a425b-m1,foraging,0.37499999999999994,-0.4098793242941349
model_agnostic_replication_contextual_behavior-61a85dcca5791c09-m0,debugging,-0.12500000000000006,0.4942832126473877
model_agnostic_replication_contextual_behavior-61a85dcca5791c09-m1,debugging,0.625,0.7263918653890844
model_agnostic_replication_contextual_behavior-630e17b781f74c23-m0,foraging,-0.12500000000000006,-0.10359678947134632
model_agnostic_replication_contextual_behavior-630e17b781f74c23-m1,foraging,0.37499999999999994,-0.45101406245495923
model_agnostic_replication_contextual_behavior-63c6a3ea0d1dfdb9-m0,bandit,-2.375,-2.140526874316379
model_agnostic_replication_contextual_behavior-63c6a3ea0d1dfdb9-m1,bandit,-1.5,-0.642406393771465
model_agnostic_replication_contextual_behavior-64278f007515b0ba-m0,foraging,-0.6249999999999999,-0.5886443177303919
model_agnostic_replication_contextual_behavior-64278f007515b0ba-m1,foraging,-0.12500000000000006,-0.9360615907140049
model_agnostic_replication_contextual_behavior-646c0041bb336a99-m0,foraging,0.0,0.5202521394076579
model_agnostic_replication_contextual_behavior-646c0041bb336a99-m1,foraging,0.625,0.17283486642404478
model_agnostic_replication_contextual_behavior-6476f9d188e281c7-m0,debugging,-3.125,-2.9149503955985896
model_agnostic_replication_contextual_behavior-6476f9d188e281c7-m1,debugging,-2.75,-2.6828417428568923
model_agnostic_replication_contextual_behavior-64c3b4b37c15d28f-m0,debugging,-3.125,-3.2333554514477973
model_agnostic_replication_contextual_behavior-64c3b4b37c15d28f-m1,debugging,-2.25,-3.0012467987061004
model_agnostic_replication_contextual_behavior-65848bda8649384b-m0,debugging,-1.5,-1.9146865248852465
model_agnostic_replication_contextual_behavior-65848bda8649384b-m1,debugging,-0.7500000000000001,-1.6825778721435494
model_agnostic_replication_contextual_behavior-68a40a4df7d76bf4-m0,foraging,-0.25,0.5681521098323737
model_agnostic_replication_contextual_behavior-68a40a4df7d76bf4-m1,foraging,-0.37499999999999994,0.22073483684876083
model_agnostic_replication_contextual_behavior-68dae76b445ff4c5-m0,bandit,-3.0,-3.5538730181665037
model_agnostic_replication_contextual_behavior-68dae76b445ff4c5-m1,bandit,-1.125,-2.055752537621589
model_agnostic_replication_contextual_behavior-6aad3bee13d6fbac-m0,foraging,-1.5,0.4061591616037524
model_agnostic_replication_contextual_behavior-6aad3bee13d6fbac-m1,foraging,0.37499999999999994,0.058741888620139515
model_agnostic_replication_contextual_behavior-6b13cd9d64ee9544-m0,foraging,-3.75,-3.3242478441061523
model_agnostic_replication_contextual_behavior-6b13cd9d64ee9544-m1,foraging,-2.625,-3.671665117089765
model_agnostic_replication_contextual_behavior-6b29b855daf12166-m0,debugging,-0.12500000000000006,-0.404708352977332
model_agnostic_replication_contextual_behavior-6b29b855daf12166-m1,debugging,0.24999999999999992,-0.17259970023563487
model_agnostic_replication_contextual_behavior-6bdf9551a9b04bae-m0,bandit,-2.875,-3.7316408649148123
model_agnostic_replication_contextual_behavior-6bdf9551a9b04bae-m1,bandit,-1.125,-2.233520384369898
model_agnostic_replication_contextual_behavior-6d4bec07216ab1f7-m0,bandit,-1.0000000000000002,-0.8535675661705131
model_agnostic_replication_contextual_behavior-6d4bec07216ab1f7-m1,bandit,0.125,0.6445529143744008
model_agnostic_replication_contextual_behavior-6d70350a9e132c60-m0,debugging,-0.25,0.38945472387493374
model_agnostic_replication_contextual_behavior-6d70350a9e132c60-m1,debugging,0.125,0.6215633766166309
model_agnostic_replication_contextual_behavior-6e46e59b50e3be30-m0,debugging,-1.625,-1.4744426279052185
model_agnostic_replication_contextual_behavior-6e46e59b50e3be30-m1,debugging,-1.25,-1.2423339751635214
model_agnostic_replication_contextual_behavior-70a39723d6e1c0a0-m0,bandit,-2.125,-2.9153887314948257
model_agnostic_replication_contextual_behavior-70a39723d6e1c0a0-m1,bandit,-0.5,-1.4172682509499115
model_agnostic_replication_contextual_behavior-71551b2ac6405a75-m0,bandit,-2.0,-1.5455249299368519
model_agnostic_replication_contextual_behavior-71551b2ac6405a75-m1,bandit,0.0,-0.04740444939193779
model_agnostic_replication_contextual_behavior-717e2679ba09d8e8-m0,bandit,-1.375,-1.3179906215490231
model_agnostic_replication_contextual_behavior-717e2679ba09d8e8-m1,bandit,0.0,0.18012985899589073
model_agnostic_replication_contextual_behavior-719bbe39012d1e85-m0,bandit,-2.75,-2.5417807148798017
model_agnostic_replication_contextual_behavior-719bbe39012d1e85-m1,bandit,-0.5,-1.043660234334887
model_agnostic_replication_contextual_behavior-71a7a71063fe2689-m0,foraging,-1.875,-0.5748332552793949
model_agnostic_replication_contextual_behavior-71a7a71063fe2689-m1,foraging,-0.8750000000000002,-0.9222505282630078
model_agnostic_replication_contextual_behavior-72b04b1f4302c49a-m0,debugging,0.7500000000000002,1.2549899899749999
model_agnostic_replication_contextual_behavior-72b04b1f4302c49a-m1,debugging,2.0,1.4870986427166972
model_agnostic_replication_contextual_behavior-735615446b3edf33-m0,bandit,-1.375,-1.2834524804783232
model_agnostic_replication_contextual_behavior-735615446b3edf33-m1,bandit,0.0,0.21466800006659092
model_agnostic_replication_contextual_behavior-7358c860c4d99faa-m0,foraging,-1.0000000000000002,-1.439951443586055
model_agnostic_replication_contextual_behavior-7358c860c4d99faa-m1,foraging,-1.625,-1.787368716569668
model_agnostic_replication_contextual_behavior-74007db54a0a064b-m0,debugging,-2.0,-1.865516722317624
model_agnostic_replication_contextual_behavior-74007db54a0a064b-m1,debugging,-0.8750000000000002,-1.633408069575927
model_agnostic_replication_contextual_behavior-74a9c1dcfe9f58d5-m0,debugging,-1.375,-1.2984211443614027
model_agnostic_replication_contextual_behavior-74a9c1dcfe9f58d5-m1,debugging,-0.6249999999999999,-1.0663124916197055
model_agnostic_replication_contextual_behavior-7611406682cafbfb-m0,foraging,-0.12500000000000006,0.27796213186536856
model_agnostic_replication_contextual_behavior-7611406682cafbfb-m1,foraging,-0.37499999999999994,-0.06945514111824447
model_agnostic_replication_contextual_behavior-761c7220a9b2d9a6-m0,bandit,-2.125,-2.8270690321427496
model_agnostic_replication_contextual_behavior-761c7220a9b2d9a6-m1,bandit,-0.5,-1.3289485515978356
model_agnostic_replication_contextual_behavior-763280f5b79962ec-m0,debugging,-0.37499999999999994,-0.582682649111638
model_agnostic_replication_contextual_behavior-763280f5b79962ec-m1,debugging,0.24999999999999992,-0.3505739963699409
model_agnostic_replication_contextual_behavior-785a121344e44f05-m0,bandit,-2.375,-2.957689422567909
model_agnostic_replication_contextual_behavior-785a121344e44f05-m1,bandit,-0.37499999999999994,-1.4595689420229947
model_agnostic_replication_contextual_behavior-789f23b28b178bde-m0,debugging,-0.7500000000000001,-1.148657270080154
model_agnostic_replication_contextual_behavior-789f23b28b178bde-m1,debugging,-0.37499999999999994,-0.916548617338457
model_agnostic_replication_contextual_behavior-7d642cd448ae7c67-m0,debugging,-2.875,-2.343969176633911
model_agnostic_replication_contextual_behavior-7d642cd448ae7c67-m1,debugging,-2.25,-2.111860523892214
model_agnostic_replication_contextual_behavior-7d95a7eae4fbb693-m0,debugging,-2.375,-2.304068006175152
model_agnostic_replication_contextual_behavior-7d95a7eae4fbb693-m1,debugging,-1.5,-2.071959353433455
model_agnostic_replication_contextual_behavior-83b519b28056aaf0-m0,foraging,-0.8750000000000002,-0.545943657117684
model_agnostic_replication_contextual_behavior-83b519b28056aaf0-m1,foraging,0.24999999999999992,-0.8933609301012968
model_agnostic_replication_contextual_behavior-882530778f68a640-m0,debugging,0.7500000000000002,0.4171122396593605
model_agnostic_replication_contextual_behavior-882530778f68a640-m1,debugging,0.24999999999999992,0.6492208924010576
model_agnostic_replication_contextual_behavior-88a3e5071d7682e5-m0,bandit,-1.25,-1.1623264322475844
model_agnostic_replication_contextual_behavior-88a3e5071d7682e5-m1,bandit,0.0,0.3357940482973296
model_agnostic_replication_contextual_behavior-89bc6fd7bb1ad9bd-m0,foraging,-0.7500000000000001,0.3259105605157021
model_agnostic_replication_contextual_behavior-89bc6fd7bb1ad9bd-m1,foraging,-0.8750000000000002,-0.021506712467910805
model_agnostic_replication_contextual_behavior-89bd184759f6e2cd-m0,foraging,0.125,0.7313437480341315
model_agnostic_replication_contextual_behavior-89bd184759f6e2cd-m1,foraging,0.24999999999999992,0.3839264750505188
model_agnostic_replication_contextual_behavior-8a157011ee4ffc43-m0,debugging,-0.12500000000000006,-0.5374120005124757
model_agnostic_replication_contextual_behavior-8a157011ee4ffc43-m1,debugging,0.125,-0.3053033477707786
model_agnostic_replication_contextual_behavior-8b486568b6c7a03a-m0,bandit,-3.375,-2.706688448898981
model_agnostic_replication_contextual_behavior-8b486568b6c7a03a-m1,bandit,-1.125,-1.2085679683540667
model_agnostic_replication_contextual_behavior-8ce6b6ebfe154e3f-m0,bandit,-0.5,-0.3802359924085513
model_agnostic_replication_contextual_behavior-8ce6b6ebfe154e3f-m1,bandit,0.24999999999999992,1.117884488136363
model_agnostic_replication_contextual_behavior-8e0b3b44f47e7587-m0,debugging,0.7500000000000002,0.8312360120187683
model_agnostic_replication_contextual_behavior-8e0b3b44f47e7587-m1,debugging,0.7500000000000002,1.0633446647604652
model_agnostic_replication_contextual_behavior-8e74f378468881e4-m0,foraging,-1.125,-1.1351773455786234
model_agnostic_replication_contextual_behavior-8e74f378468881e4-m1,foraging,-1.5,-1.4825946185622363
model_agnostic_replication_contextual_behavior-8fbebd1d99031e9d-m0,bandit,-2.375,-1.8609483785031726
model_agnostic_replication_contextual_behavior-8fbebd1d99031e9d-m1,bandit,-0.7500000000000001,-0.36282789795825865
model_agnostic_replication_contextual_behavior-9024a3446801a4be-m0,bandit,-0.8750000000000002,-2.02948881969118
model_agnostic_replication_contextual_behavior-9024a3446801a4be-m1,bandit,-0.25,-0.531368339146266
model_agnostic_replication_contextual_behavior-9089e52c17de2ce5-m0,debugging,-0.6249999999999999,-1.527101694649562
model_agnostic_replication_contextual_behavior-9089e52c17de2ce5-m1,debugging,-1.7499999999999998,-1.294993041907865
model_agnostic_replication_contextual_behavior-92f7ec16dab4c725-m0,bandit,-1.125,-0.9128169357565257
model_agnostic_replication_contextual_behavior-92f7ec16dab4c725-m1,bandit,0.0,0.5853035447883883
model_agnostic_replication_contextual_behavior-930baf82147fd9f0-m0,debugging,-0.37499999999999994,-1.4009964818128893
model_agnostic_replication_contextual_behavior-930baf82147fd9f0-m1,debugging,-0.12500000000000006,-1.1688878290711926
model_agnostic_replication_contextual_behavior-93ce94bf53ca8c39-m0,foraging,-0.6249999999999999,-0.5337404542599331
model_agnostic_replication_contextual_behavior-93ce94bf53ca8c39-m1,foraging,0.24999999999999992,-0.881157727243546
model_agnostic_replication_contextual_behavior-93f1e071efbc212e-m0,foraging,0.125,0.27085059089946684
model_agnostic_replication_contextual_behavior-93f1e071efbc212e-m1,foraging,0.5,-0.07656668208414596
model_agnostic_replication_contextual_behavior-94e1f0824afcef8d-m0,bandit,-2.0,-1.7295534669899066
model_agnostic_replication_contextual_behavior-94e1f0824afcef8d-m1,bandit,0.0,-0.23143298644499255
model_agnostic_replication_contextual_behavior-958a13b92f2e9d8b-m0,foraging,-0.37499999999999994,0.4856733029983805
model_agnostic_replication_contextual_behavior-958a13b92f2e9d8b-m1,foraging,-0.37499999999999994,0.1382560300147676
model_agnostic_replication_contextual_behavior-95b641b906f137c5-m0,bandit,-2.0,-1.782117516863848
model_agnostic_replication_contextual_behavior-95b641b906f137c5-m1,bandit,0.125,-0.28399703631893364
model_agnostic_replication_contextual_behavior-9ae344551c8c8645-m0,bandit,-0.25,-0.19493012915660546
model_agnostic_replication_contextual_behavior-9ae344551c8c8645-m1,bandit,0.5,1.3031903513883087
model_agnostic_replication_contextual_behavior-9b2db488290b6f06-m0,debugging,-0.8750000000000002,-1.1560409257276094
model_agnostic_replication_contextual_behavior-9b2db488290b6f06-m1,debugging,-0.37499999999999994,-0.9239322729859124
model_agnostic_replication_contextual_behavior-9b40c04de6bc0b21-m0,debugging,-2.0,-2.2106582776818806
model_agnostic_replication_contextual_behavior-9b40c04de6bc0b21-m1,debugging,-0.7500000000000001,-1.9785496249401833
model_agnostic_replication_contextual_behavior-9d8c8973dea67ebe-m0,foraging,-0.37499999999999994,0.25971455658621767
model_agnostic_replication_contextual_behavior-9d8c8973dea67ebe-m1,foraging,0.5,-0.08770271639739502
model_agnostic_replication_contextual_behavior-9e73ff3ba9bb834e-m0,debugging,0.0,-0.18495717724484928
model_agnostic_replication_contextual_behavior-9e73ff3ba9bb834e-m1,debugging,0.125,0.04715147549684762
model_agnostic_replication_contextual_behavior-9e8ea3bf61e054ca-m0,bandit,-1.625,-1.9677470389765672
model_agnostic_replication_contextual_behavior-9e8ea3bf61e054ca-m1,bandit,-0.25,-0.4696265584316532
model_agnostic_replication_contextual_behavior-9f974b93fbf5a2ed-m0,foraging,-1.7499999999999998,-1.3065827866851523
model_agnostic_replication_contextual_behavior-9f974b93fbf5a2ed-m1,foraging,-0.5,-1.654000059668765
model_agnostic_replication_contextual_behavior-a01d02fa2544bdde-m0,foraging,-1.7499999999999998,-0.5639935269340397
model_agnostic_replication_contextual_behavior-a01d02fa2544bdde-m1,foraging,0.0,-0.9114107999176526
model_agnostic_replication_contextual_behavior-a0d374aa828419bb-m0,foraging,-0.7500000000000001,-0.12134642008996743
model_agnostic_replication_contextual_behavior-a0d374aa828419bb-m1,foraging,0.125,-0.46876369307358023
model_agnostic_replication_contextual_behavior-a1674a0d45fdc93c-m0,bandit,-3.25,-2.6915561094419096
model_agnostic_replication_contextual_behavior-a1674a0d45fdc93c-m1,bandit,-1.125,-1.1934356288969954
model_agnostic_replication_contextual_behavior-a167a9aeb55fd73c-m0,bandit,-3.375,-3.7908704965105535
model_agnostic_replication_contextual_behavior-a167a9aeb55fd73c-m1,bandit,-1.0000000000000002,-2.2927500159656393
model_agnostic_replication_contextual_behavior-a175a3131d5ec1e6-m0,foraging,-2.375,-1.3756476715178234
model_agnostic_replication_contextual_behavior-a175a3131d5ec1e6-m1,foraging,-1.0000000000000002,-1.7230649445014363
model_agnostic_replication_contextual_behavior-a1c18d5d4bc8db88-m0,bandit,-2.5,-1.6960788978879002
model_agnostic_replication_contextual_behavior-a1c18d5d4bc8db88-m1,bandit,0.0,-0.19795841734298586
model_agnostic_replication_contextual_behavior-a243f9d55e5307a4-m0,bandit,-0.7500000000000001,-0.43429779281093495
model_agnostic_replication_contextual_behavior-a243f9d55e5307a4-m1,bandit,0.8750000000000001,1.063822687733979
model_agnostic_replication_contextual_behavior-a258cd550018437b-m0,bandit,-4.125,-4.264043261905302
model_agnostic_replication_contextual_behavior-a258cd550018437b-m1,bandit,-1.7499999999999998,-2.7659227813603886
model_agnostic_replication_contextual_behavior-a400f769b01fcae2-m0,debugging,0.7500000000000002,0.4900992458036897
model_agnostic_replication_contextual_behavior-a400f769b01fcae2-m1,debugging,0.37499999999999994,0.7222078985453866
model_agnostic_replication_contextual_behavior-a4c63f0e03403d3f-m0,bandit,-2.5,-3.317896689500933
model_agnostic_replication_contextual_behavior-a4c63f0e03403d3f-m1,bandit,-1.5,-1.8197762089560194
model_agnostic_replication_contextual_behavior-a4fabcd7d1f7abe0-m0,bandit,-0.37499999999999994,0.13045980217480346
model_agnostic_replication_contextual_behavior-a4fabcd7d1f7abe0-m1,bandit,0.7500000000000002,1.6285802827197176
model_agnostic_replication_contextual_behavior-a86511be5a45787d-m0,debugging,-1.875,-3.072673486743257
model_agnostic_replication_contextual_behavior-a86511be5a45787d-m1,debugging,-1.7499999999999998,-2.84056483400156
model_agnostic_replication_contextual_behavior-a9cbf4cb092cc936-m0,debugging,-0.25,-1.01569048145913
model_agnostic_replication_contextual_behavior-a9cbf4cb092cc936-m1,debugging,0.24999999999999992,-0.7835818287174333
model_agnostic_replication_contextual_behavior-ab25c2db1ed2fbd5-m0,bandit,-2.5,-3.015249900359506
model_agnostic_replication_contextual_behavior-ab25c2db1ed2fbd5-m1,bandit,-1.25,-1.517129419814592
model_agnostic_replication_contextual_behavior-ac0cf4293bb093f6-m0,bandit,0.125,-0.19303261215263856
model_agnostic_replication_contextual_behavior-ac0cf4293bb093f6-m1,bandit,0.625,1.3050878683922758
model_agnostic_replication_contextual_behavior-ac5884bc17ebdade-m0,bandit,-2.625,-2.6798216871522373
model_agnostic_replication_contextual_behavior-ac5884bc17ebdade-m1,bandit,-0.37499999999999994,-1.181701206607323
model_agnostic_replication_contextual_behavior-aec4bc5a1a3e3516-m0,debugging,0.625,0.844711183575374
model_agnostic_replication_contextual_behavior-aec4bc5a1a3e3516-m1,debugging,0.625,1.0768198363170711
model_agnostic_replication_contextual_behavior-b03e3e801c0d1dfb-m0,debugging,-2.875,-3.3428359606642903
model_agnostic_replication_contextual_behavior-b03e3e801c0d1dfb-m1,debugging,-2.25,-3.1107273079225934
model_agnostic_replication_contextual_behavior-b073c5f4f72c8e9b-m0,foraging,0.0,0.23579655574839642
model_agnostic_replication_contextual_behavior-b073c5f4f72c8e9b-m1,foraging,-0.5,-0.11162071723521672
model_agnostic_replication_contextual_behavior-b0a71b2a55d20644-m0,foraging,-1.375,-0.28688779611906945
model_agnostic_replication_contextual_behavior-b0a71b2a55d20644-m1,foraging,-0.5,-0.6343050691026824
model_agnostic_replication_contextual_behavior-b4b235ee3232c772-m0,debugging,-0.8750000000000002,-1.5043124728336041
model_agnostic_replication_contextual_behavior-b4b235ee3232c772-m1,debugging,-0.25,-1.272203820091907
model_agnostic_replication_contextual_behavior-b4bff01305d9d874-m0,debugging,-0.37499999999999994,0.10563019035773236
model_agnostic_replication_contextual_behavior-b4bff01305d9d874-m1,debugging,-0.6249999999999999,0.3377388430994295
model_agnostic_replication_contextual_behavior-b5168dc01dec3d41-m0,bandit,-1.5,-1.1908203986309123
model_agnostic_replication_contextual_behavior-b5168dc01dec3d41-m1,bandit,0.0,0.30730008191400193
model_agnostic_replication_contextual_behavior-b52779f55d4eef4b-m0,debugging,-0.8750000000000002,-1.4673941945963276
model_agnostic_replication_contextual_behavior-b52779f55d4eef4b-m1,debugging,-0.37499999999999994,-1.2352855418546305
model_agnostic_replication_contextual_behavior-b5a5dde4f1b4ed7a-m0,debugging,-0.8750000000000002,-1.021871679412951
model_agnostic_replication_contextual_behavior-b5a5dde4f1b4ed7a-m1,debugging,-0.7500000000000001,-0.7897630266712536
model_agnostic_replication_contextual_behavior-b752b297e09124cf-m0,foraging,-0.5,-0.4431686878796828
model_agnostic_replication_contextual_behavior-b752b297e09124cf-m1,foraging,-0.37499999999999994,-0.7905859608632957
model_agnostic_replication_contextual_behavior-b8dcdbc711ce48bb-m0,debugging,-0.37499999999999994,-1.0913017226015558
model_agnostic_replication_contextual_behavior-b8dcdbc711ce48bb-m1,debugging,-0.25,-0.8591930698598587
model_agnostic_replication_contextual_behavior-babe698253061141-m0,foraging,-0.12500000000000006,0.1441924302383486
model_agnostic_replication_contextual_behavior-babe698253061141-m1,foraging,0.37499999999999994,-0.2032248427452642
model_agnostic_replication_contextual_behavior-bb4376c1204a4efa-m0,bandit,-1.875,-2.969078070164508
model_agnostic_replication_contextual_behavior-bb4376c1204a4efa-m1,bandit,-0.5,-1.4709575896195939
model_agnostic_replication_contextual_behavior-bb5deb4b812d43fa-m0,bandit,-4.0,-4.394199234437866
model_agnostic_replication_contextual_behavior-bb5deb4b812d43fa-m1,bandit,-1.7499999999999998,-2.8960787538929518
model_agnostic_replication_contextual_behavior-bdd8fd724268b8a5-m0,bandit,-2.25,-2.4902092786501946
model_agnostic_replication_contextual_behavior-bdd8fd724268b8a5-m1,bandit,-0.5,-0.9920887981052805
model_agnostic_replication_contextual_behavior-bebd3188861651b2-m0,debugging,-2.875,-2.6296783301118967
model_agnostic_replication_contextual_behavior-bebd3188861651b2-m1,debugging,-1.875,-2.3975696773701998
model_agnostic_replication_contextual_behavior-bee496043c24d90b-m0,foraging,-0.6249999999999999,-0.5592618806294286
model_agnostic_replication_contextual_behavior-bee496043c24d90b-m1,foraging,-0.8750000000000002,-0.9066791536130415
model_agnostic_replication_contextual_behavior-bf0681eacca0e31c-m0,debugging,-0.25,0.11263014039470076
model_agnostic_replication_contextual_behavior-bf0681eacca0e31c-m1,debugging,-0.5,0.3447387931363979
model_agnostic_replication_contextual_behavior-bf36bbd360d6535f-m0,debugging,-0.8750000000000002,-1.320486587325489
model_agnostic_replication_contextual_behavior-bf36bbd360d6535f-m1,debugging,0.0,-1.088377934583792
model_agnostic_replication_contextual_behavior-c0084d44a28896c1-m0,foraging,0.125,0.9421716286189922
model_agnostic_replication_contextual_behavior-c0084d44a28896c1-m1,foraging,0.24999999999999992,0.5947543556353795
model_agnostic_replication_contextual_behavior-c01ea1e228c6f42d-m0,debugging,-1.5,-1.4762885418170824
model_agnostic_replication_contextual_behavior-c01ea1e228c6f42d-m1,debugging,-1.25,-1.2441798890753852
model_agnostic_replication_contextual_behavior-c2979408d06f274c-m0,foraging,-0.37499999999999994,0.6001924937473834
model_agnostic_replication_contextual_behavior-c2979408d06f274c-m1,foraging,-0.12500000000000006,0.25277522076377046
model_agnostic_replication_contextual_behavior-c4e34a04c5bf6d0d-m0,foraging,-1.5,-0.898367413717944
model_agnostic_replication_contextual_behavior-c4e34a04c5bf6d0d-m1,foraging,-1.875,-1.245784686701557
model_agnostic_replication_contextual_behavior-c509889dc0abb847-m0,foraging,-0.12500000000000006,-0.045877496719012756
model_agnostic_replication_contextual_behavior-c509889dc0abb847-m1,foraging,0.0,-0.39329476970262567
model_agnostic_replication_contextual_behavior-c537c8e5d34a892f-m0,debugging,0.625,1.0691731344481998
model_agnostic_replication_contextual_behavior-c537c8e5d34a892f-m1,debugging,1.75,1.3012817871898972
model_agnostic_replication_contextual_behavior-c594d80a695c5284-m0,bandit,-3.625,-4.164589787454071
model_agnostic_replication_contextual_behavior-c594d80a695c5284-m1,bandit,-1.125,-2.666469306909157
model_agnostic_replication_contextual_behavior-c6427efc4c38c895-m0,foraging,-0.37499999999999994,0.48979900565821677
model_agnostic_replication_contextual_behavior-c6427efc4c38c895-m1,foraging,0.625,0.14238173267460397
model_agnostic_replication_contextual_behavior-ccc07e77bc0b304f-m0,bandit,-2.75,-3.3037110600963624
model_agnostic_replication_contextual_behavior-ccc07e77bc0b304f-m1,bandit,-0.6249999999999999,-1.8055905795514482
model_agnostic_replication_contextual_behavior-ce8c28bf08b47de6-m0,bandit,-1.7499999999999998,-2.400762394042353
model_agnostic_replication_contextual_behavior-ce8c28bf08b47de6-m1,bandit,-0.6249999999999999,-0.9026419134974387
model_agnostic_replication_contextual_behavior-cecf591daa50fe6b-m0,debugging,-3.0,-2.345492055611199
model_agnostic_replication_contextual_behavior-cecf591daa50fe6b-m1,debugging,-2.25,-2.1133834028695015
model_agnostic_replication_contextual_behavior-cf7591f432a28996-m0,bandit,-2.375,-1.9856751095149845
model_agnostic_replication_contextual_behavior-cf7591f432a28996-m1,bandit,-0.25,-0.48755462897007007
model_agnostic_replication_contextual_behavior-cf938f657aea4217-m0,bandit,-1.875,-2.122153264874025
model_agnostic_replication_contextual_behavior-cf938f657aea4217-m1,bandit,-0.25,-0.6240327843291109
model_agnostic_replication_contextual_behavior-d02465dba04b17df-m0,debugging,-1.625,-1.9540380551829593
model_agnostic_replication_contextual_behavior-d02465dba04b17df-m1,debugging,-0.7500000000000001,-1.721929402441262
model_agnostic_replication_contextual_behavior-d08e90764fcd7941-m0,debugging,-0.37499999999999994,-0.8145933872708064
model_agnostic_replication_contextual_behavior-d08e90764fcd7941-m1,debugging,-0.7500000000000001,-0.5824847345291093
model_agnostic_replication_contextual_behavior-d09c29aed88217ad-m0,bandit,-2.75,-3.3581951125398977
model_agnostic_replication_contextual_behavior-d09c29aed88217ad-m1,bandit,-0.5,-1.8600746319949837
model_agnostic_replication_contextual_behavior-d45cf736e7c26b6b-m0,debugging,-1.25,-1.282404672785798
model_agnostic_replication_contextual_behavior-d45cf736e7c26b6b-m1,debugging,-1.0000000000000002,-1.050296020044101
model_agnostic_replication_contextual_behavior-d582a849cbd5b32f-m0,foraging,-2.25,-1.316191620460951
model_agnostic_replication_contextual_behavior-d582a849cbd5b32f-m1,foraging,-1.25,-1.6636088934445636
model_agnostic_replication_contextual_behavior-d5cd9f28c330783e-m0,bandit,-1.25,-2.022220708224211
model_agnostic_replication_contextual_behavior-d5cd9f28c330783e-m1,bandit,-1.25,-0.5241002276792971
model_agnostic_replication_contextual_behavior-d72fe28bac605d80-m0,bandit,-2.25,-2.601387447760016
model_agnostic_replication_contextual_behavior-d72fe28bac605d80-m1,bandit,-0.37499999999999994,-1.1032669672151019
model_agnostic_replication_contextual_behavior-d75d97e566ebec90-m0,foraging,-1.5,-0.9089088077471871
model_agnostic_replication_contextual_behavior-d75d97e566ebec90-m1,foraging,-1.875,-1.2563260807307999
model_agnostic_replication_contextual_behavior-d8f307639915e1f0-m0,foraging,0.0,-0.1196455038527171
model_agnostic_replication_contextual_behavior-d8f307639915e1f0-m1,foraging,0.24999999999999992,-0.4670627768363301
model_agnostic_replication_contextual_behavior-d93bb2122a40c06a-m0,bandit,-2.375,-3.491079549249089
model_agnostic_replication_contextual_behavior-d93bb2122a40c06a-m1,bandit,-0.37499999999999994,-1.9929590687041747
model_agnostic_replication_contextual_behavior-d93c312a9d96584c-m0,foraging,-1.375,-1.1435310544049508
model_agnostic_replication_contextual_behavior-d93c312a9d96584c-m1,foraging,-0.7500000000000001,-1.4909483273885635
model_agnostic_replication_contextual_behavior-d9438cf8fff1d0b5-m0,bandit,-1.125,-1.4622932176217094
model_agnostic_replication_contextual_behavior-d9438cf8fff1d0b5-m1,bandit,0.0,0.035827262923204706
model_agnostic_replication_contextual_behavior-d9559e5aa4dc4c81-m0,bandit,-0.12500000000000006,-0.331185176435439
model_agnostic_replication_contextual_behavior-d9559e5aa4dc4c81-m1,bandit,0.625,1.1669353041094754
model_agnostic_replication_contextual_behavior-db9c634627803d8e-m0,debugging,-2.0,-2.402455706718865
model_agnostic_replication_contextual_behavior-db9c634627803d8e-m1,debugging,-1.375,-2.170347053977168
model_agnostic_replication_contextual_behavior-dcb39551ab53167b-m0,bandit,-2.375,-1.4073723656540515
model_agnostic_replication_contextual_behavior-dcb39551ab53167b-m1,bandit,0.125,0.09074811489086272
model_agnostic_replication_contextual_behavior-dd98cb9d7ee2367c-m0,foraging,-2.375,-2.1695743313759226
model_agnostic_replication_contextual_behavior-dd98cb9d7ee2367c-m1,foraging,-1.5,-2.5169916043595357
model_agnostic_replication_contextual_behavior-de2bc1e1f578fce5-m0,foraging,-0.6249999999999999,-1.191559024220098
model_agnostic_replication_contextual_behavior-de2bc1e1f578fce5-m1,foraging,-1.125,-1.5389762972037109
model_agnostic_replication_contextual_behavior-dfbb707d1c0809f3-m0,bandit,-2.0,-1.3064924579240114
model_agnostic_replication_contextual_behavior-dfbb707d1c0809f3-m1,bandit,0.125,0.1916280226209029
model_agnostic_replication_contextual_behavior-e0b02849ca01eedd-m0,bandit,-2.75,-2.709874435416541
model_agnostic_replication_contextual_behavior-e0b02849ca01eedd-m1,bandit,-0.5,-1.211753954871627
model_agnostic_replication_contextual_behavior-e1f394d5137ab593-m0,bandit,0.24999999999999992,-1.1299851718896323
model_agnostic_replication_contextual_behavior-e1f394d5137ab593-m1,bandit,0.37499999999999994,0.368135308655282
model_agnostic_replication_contextual_behavior-e2766d3560ddb62f-m0,foraging,-2.625,-2.1582758646863343
model_agnostic_replication_contextual_behavior-e2766d3560ddb62f-m1,foraging,-1.5,-2.5056931376699474
model_agnostic_replication_contextual_behavior-e3fe2399ad9921fc-m0,bandit,-1.7499999999999998,-1.543489936268061
model_agnostic_replication_contextual_behavior-e3fe2399ad9921fc-m1,bandit,0.24999999999999992,-0.04536945572314699
model_agnostic_replication_contextual_behavior-e4d760395acd9b10-m0,foraging,0.0,-0.21123551350633363
model_agnostic_replication_contextual_behavior-e4d760395acd9b10-m1,foraging,0.24999999999999992,-0.5586527864899464
model_agnostic_replication_contextual_behavior-e58b15f069847c0d-m0,bandit,-2.75,-3.3688665979172585
model_agnostic_replication_contextual_behavior-e58b15f069847c0d-m1,bandit,-0.6249999999999999,-1.8707461173723448
model_agnostic_replication_contextual_behavior-e6cd88e1fb04f123-m0,debugging,-1.7499999999999998,-2.9147101170332084
model_agnostic_replication_contextual_behavior-e6cd88e1fb04f123-m1,debugging,-2.375,-2.682601464291511
model_agnostic_replication_contextual_behavior-e7157a3dffea1983-m0,bandit,-2.125,-2.8141628251070863
model_agnostic_replication_contextual_behavior-e7157a3dffea1983-m1,bandit,-0.5,-1.3160423445621716
model_agnostic_replication_contextual_behavior-e7468f1f07d54582-m0,foraging,-1.0000000000000002,0.0999582743359364
model_agnostic_replication_contextual_behavior-e7468f1f07d54582-m1,foraging,-0.6249999999999999,-0.24745899864767634
model_agnostic_replication_contextual_behavior-e77b56185629a13b-m0,debugging,0.125,0.06782587526695782
model_agnostic_replication_contextual_behavior-e77b56185629a13b-m1,debugging,0.24999999999999992,0.29993452800865494
model_agnostic_replication_contextual_behavior-e78b6f2777a62818-m0,bandit,-0.5,-0.20634606174431414
model_agnostic_replication_contextual_behavior-e78b6f2777a62818-m1,bandit,0.5,1.2917744188006
model_agnostic_replication_contextual_behavior-eaaacc007c8e3f23-m0,bandit,-2.25,-2.0799975164880937
model_agnostic_replication_contextual_behavior-eaaacc007c8e3f23-m1,bandit,-1.5,-0.5818770359431795
model_agnostic_replication_contextual_behavior-eb6f24b20bfb76e6-m0,foraging,-0.12500000000000006,0.11760147933415177
model_agnostic_replication_contextual_behavior-eb6f24b20bfb76e6-m1,foraging,0.8750000000000001,-0.22981579364946114
model_agnostic_replication_contextual_behavior-ec2c68ae395dec72-m0,foraging,-1.375,-1.0906177422530714
model_agnostic_replication_contextual_behavior-ec2c68ae395dec72-m1,foraging,-0.7500000000000001,-1.438035015236684
model_agnostic_replication_contextual_behavior-ece13e3d4b2bb287-m0,bandit,-2.375,-3.64517172648286
model_agnostic_replication_contextual_behavior-ece13e3d4b2bb287-m1,bandit,-0.6249999999999999,-2.147051245937946
model_agnostic_replication_contextual_behavior-edaec4a83f8436b4-m0,bandit,-2.75,-3.83877671128952
model_agnostic_replication_contextual_behavior-edaec4a83f8436b4-m1,bandit,-1.0000000000000002,-2.3406562307446057
model_agnostic_replication_contextual_behavior-ee4b2cfb96355bfd-m0,foraging,-0.25,-0.29094756730672844
model_agnostic_replication_contextual_behavior-ee4b2cfb96355bfd-m1,foraging,0.0,-0.6383648402903414
model_agnostic_replication_contextual_behavior-ef00974a41948441-m0,foraging,0.0,0.40704020696282195
model_agnostic_replication_contextual_behavior-ef00974a41948441-m1,foraging,0.5,0.059622933979208814
model_agnostic_replication_contextual_behavior-eff6c3617ba0cc48-m0,bandit,-2.75,-3.337219296136861
model_agnostic_replication_contextual_behavior-eff6c3617ba0cc48-m1,bandit,-1.25,-1.8390988155919468
model_agnostic_replication_contextual_behavior-f0858a570bb183c1-m0,debugging,-0.5,-0.9655423780517273
model_agnostic_replication_contextual_behavior-f0858a570bb183c1-m1,debugging,-0.5,-0.7334337253100301
model_agnostic_replication_contextual_behavior-f1ca1de8cd449e76-m0,bandit,0.0,-0.4706520786437186
model_agnostic_replication_contextual_behavior-f1ca1de8cd449e76-m1,bandit,0.0,1.0274684019011953
model_agnostic_replication_contextual_behavior-f4e0510fd9a9be2c-m0,debugging,-0.37499999999999994,0.47792382223169594
model_agnostic_replication_contextual_behavior-f4e0510fd9a9be2c-m1,debugging,-0.12500000000000006,0.7100324749733931
model_agnostic_replication_contextual_behavior-f63c99a5c4384a2d-m0,debugging,-1.875,-3.100673286891131
model_agnostic_replication_contextual_behavior-f63c99a5c4384a2d-m1,debugging,-1.625,-2.8685646341494335
model_agnostic_replication_contextual_behavior-f789615c6783c65d-m0,foraging,-0.5,0.3052908588072035
model_agnostic_replication_contextual_behavior-f789615c6783c65d-m1,foraging,-1.0000000000000002,-0.04212641417640939
model_agnostic_replication_contextual_behavior-f9d165eb275beeb6-m0,debugging,-2.5,-2.2717700480411
model_agnostic_replication_contextual_behavior-f9d165eb275beeb6-m1,debugging,-1.5,-2.0396613952994036
model_agnostic_replication_contextual_behavior-fbf3c9e556af3a38-m0,debugging,0.125,0.330921419738994
model_agnostic_replication_contextual_behavior-fbf3c9e556af3a38-m1,debugging,0.5,0.5630300724806911
model_agnostic_replication_contextual_behavior-fd26b8f9ccd00495-m0,bandit,-1.375,-1.3889242990419692
model_agnostic_replication_contextual_behavior-fd26b8f9ccd00495-m1,bandit,0.125,0.10919618150294463
model_agnostic_replication_contextual_behavior-fe698cbf58ad7be5-m0,foraging,-0.7500000000000001,-0.5306571263310722
model_agnostic_replication_contextual_behavior-fe698cbf58ad7be5-m1,foraging,-0.12500000000000006,-0.8780743993146851
model_agnostic_replication_contextual_behavior-ff5326be867651cb-m0,bandit,-2.25,-2.5517111999171758
model_agnostic_replication_contextual_behavior-ff5326be867651cb-m1,bandit,-0.6249999999999999,-1.0535907193722616
model_agnostic_replication_contextual_behavior-ffdaa3f8226212bc-m0,foraging,-0.37499999999999994,-0.31486728375894746
model_agnostic_replication_contextual_behavior-ffdaa3f8226212bc-m1,foraging,0.24999999999999992,-0.6622845567425604
