condition_id,task_family,observed,prediction
model_agnostic_replication_behavior-0050cfc7755baca2-m0,information_sampling,-1.625,-1.39942727239456
model_agnostic_replication_behavior-0050cfc7755baca2-m1,information_sampling,-0.5,-0.749345909917365
model_agnostic_replication_behavior-0071e4817624dff4-m0,bandit,-1.875,-1.8113715464126807
model_agnostic_replication_behavior-0071e4817624dff4-m1,bandit,-1.875,-1.3609317600312787
model_agnostic_replication_behavior-007509e33e3072d8-m0,foraging,-0.5,0.020536552593791932
model_agnostic_replication_behavior-007509e33e3072d8-m1,foraging,0.37499999999999994,0.4524299989275845
model_agnostic_replication_behavior-00c14c748739b545-m0,information_sampling,-2.0,-1.5997691763917752
model_agnostic_replication_behavior-00c14c748739b545-m1,information_sampling,-0.5,-0.9496878139145801
model_agnostic_replication_behavior-00d42e915c3c3072-m0,debugging,0.125,0.3204610152643331
model_agnostic_replication_behavior-00d42e915c3c3072-m1,debugging,0.625,0.9380515327017758
model_agnostic_replication_behavior-00ec3f53fddddcfc-m0,waiting,0.125,-0.4272133602770185
model_agnostic_replication_behavior-00ec3f53fddddcfc-m1,waiting,-1.0000000000000002,-1.1717600969733775
model_agnostic_replication_behavior-011fbc6e8510d3c3-m0,effort,0.625,0.4004592917305499
model_agnostic_replication_behavior-011fbc6e8510d3c3-m1,effort,1.3750000000000002,0.9622142079267528
model_agnostic_replication_behavior-01361a5958199d8f-m0,bandit,0.24999999999999992,-0.00025978124594783214
model_agnostic_replication_behavior-01361a5958199d8f-m1,bandit,0.5,0.4501800051354538
model_agnostic_replication_behavior-015bfbbae88e016e-m0,bandit,-0.12500000000000006,0.13923504978498702
model_agnostic_replication_behavior-015bfbbae88e016e-m1,bandit,0.0,0.5896748361663888
model_agnostic_replication_behavior-017b6c1a4ed3124e-m0,foraging,-0.37499999999999994,-0.286182110108405
model_agnostic_replication_behavior-017b6c1a4ed3124e-m1,foraging,0.24999999999999992,0.1457113362253874
model_agnostic_replication_behavior-01862465da34abbd-m0,foraging,0.0,0.748674061449776
model_agnostic_replication_behavior-01862465da34abbd-m1,foraging,0.625,1.1805675077835684
model_agnostic_replication_behavior-019c4ef79f769a5f-m0,foraging,3.125,1.4781436641257617
model_agnostic_replication_behavior-019c4ef79f769a5f-m1,foraging,1.5000000000000002,1.9100371104595542
model_agnostic_replication_behavior-025fb5009c8d26ad-m0,solvability,-1.625,-1.9285272173920884
model_agnostic_replication_behavior-025fb5009c8d26ad-m1,solvability,-1.25,-1.8306152764024968
model_agnostic_replication_behavior-0286968f25c9a77b-m0,information_sampling,-3.125,-2.6952059545531126
model_agnostic_replication_behavior-0286968f25c9a77b-m1,information_sampling,-2.75,-2.0451245920759176
model_agnostic_replication_behavior-029a867656f57c26-m0,debugging,1.75,1.1052718279863734
model_agnostic_replication_behavior-029a867656f57c26-m1,debugging,1.8749999999999998,1.7228623454238159
model_agnostic_replication_behavior-02aa91033d05dec6-m0,bandit,1.0,1.0107872445351271
model_agnostic_replication_behavior-02aa91033d05dec6-m1,bandit,0.7500000000000002,1.4612270309165287
model_agnostic_replication_behavior-02c56a3cd3ae4884-m0,solvability,1.8749999999999998,2.689932562375055
model_agnostic_replication_behavior-02c56a3cd3ae4884-m1,solvability,1.25,2.787844503364647
model_agnostic_replication_behavior-02e2fffae35b62a3-m0,foraging,0.125,-0.23898834906461414
model_agnostic_replication_behavior-02e2fffae35b62a3-m1,foraging,0.625,0.19290509726917854
model_agnostic_replication_behavior-02f73df8b09b2dd0-m0,foraging,-2.625,-1.5182728773889176
model_agnostic_replication_behavior-02f73df8b09b2dd0-m1,foraging,-1.875,-1.0863794310551251
model_agnostic_replication_behavior-030e8f5e0bb93c3b-m0,information_sampling,-1.5,-2.0605660128158156
model_agnostic_replication_behavior-030e8f5e0bb93c3b-m1,information_sampling,-1.0000000000000002,-1.4104846503386208
model_agnostic_replication_behavior-031700c7a587c792-m0,solvability,1.0,1.1179048943990844
model_agnostic_replication_behavior-031700c7a587c792-m1,solvability,0.8750000000000001,1.2158168353886758
model_agnostic_replication_behavior-0323d5cda2c66cc2-m0,debugging,-2.5,-1.8148547309387753
model_agnostic_replication_behavior-0323d5cda2c66cc2-m1,debugging,-2.125,-1.1972642135013327
model_agnostic_replication_behavior-0337f6ebd32ead7a-m0,bandit,-2.25,-1.8258734016404072
model_agnostic_replication_behavior-0337f6ebd32ead7a-m1,bandit,-1.125,-1.3754336152590056
model_agnostic_replication_behavior-033e0f696640ed6d-m0,debugging,-0.7500000000000001,-0.8873675711810056
model_agnostic_replication_behavior-033e0f696640ed6d-m1,debugging,-0.6249999999999999,-0.2697770537435629
model_agnostic_replication_behavior-03c39f5d62e89d2c-m0,bandit,-0.7500000000000001,-0.3526449650582509
model_agnostic_replication_behavior-03c39f5d62e89d2c-m1,bandit,-0.25,0.09779482132315087
model_agnostic_replication_behavior-03dc6c876b2d6e0a-m0,waiting,-1.5,-1.898662816991215
model_agnostic_replication_behavior-03dc6c876b2d6e0a-m1,waiting,-1.7499999999999998,-2.643209553687574
model_agnostic_replication_behavior-03dcef28814e50f3-m0,debugging,2.875,2.092452941607815
model_agnostic_replication_behavior-03dcef28814e50f3-m1,debugging,3.125,2.7100434590452576
model_agnostic_replication_behavior-03eaa7cb8f7ad60e-m0,foraging,0.24999999999999992,0.3587313667473619
model_agnostic_replication_behavior-03eaa7cb8f7ad60e-m1,foraging,0.7500000000000002,0.7906248130811544
model_agnostic_replication_behavior-04585da69985ea91-m0,debugging,2.375,1.3372764319459933
model_agnostic_replication_behavior-04585da69985ea91-m1,debugging,2.375,1.954866949383436
model_agnostic_replication_behavior-04656918b8484ba4-m0,foraging,2.25,1.6082686776849031
model_agnostic_replication_behavior-04656918b8484ba4-m1,foraging,1.0,2.0401621240186953
model_agnostic_replication_behavior-0485677a759124ae-m0,information_sampling,-2.875,-2.5480244411564636
model_agnostic_replication_behavior-0485677a759124ae-m1,information_sampling,-2.0,-1.8979430786792688
model_agnostic_replication_behavior-048fdf3fcd83c15c-m0,debugging,0.24999999999999992,0.17115290671681072
model_agnostic_replication_behavior-048fdf3fcd83c15c-m1,debugging,0.8750000000000001,0.7887434241542531
model_agnostic_replication_behavior-04f53d33a27828fc-m0,waiting,1.0,0.9651840779270666
model_agnostic_replication_behavior-04f53d33a27828fc-m1,waiting,-0.37499999999999994,0.22063734123070766
model_agnostic_replication_behavior-052503d9084f8135-m0,information_sampling,-2.25,-1.9175145906528543
model_agnostic_replication_behavior-052503d9084f8135-m1,information_sampling,-2.75,-1.2674332281756593
model_agnostic_replication_behavior-054058bf9bb26fb9-m0,effort,-0.25,-0.3102353302565414
model_agnostic_replication_behavior-054058bf9bb26fb9-m1,effort,0.5,0.25151958593966167
model_agnostic_replication_behavior-056872f0a134fa57-m0,foraging,-2.375,-2.35657447866564
model_agnostic_replication_behavior-056872f0a134fa57-m1,foraging,-2.0,-1.9246810323318475
model_agnostic_replication_behavior-059852d8cf8165fc-m0,information_sampling,-2.875,-2.0873084391203673
model_agnostic_replication_behavior-059852d8cf8165fc-m1,information_sampling,-1.7499999999999998,-1.4372270766431723
model_agnostic_replication_behavior-059c4085dceb27a9-m0,bandit,0.0,-0.024715212481338983
model_agnostic_replication_behavior-059c4085dceb27a9-m1,bandit,0.24999999999999992,0.4257245739000628
model_agnostic_replication_behavior-05dff844d310d05c-m0,waiting,-0.7500000000000001,-0.5496060366818777
model_agnostic_replication_behavior-05dff844d310d05c-m1,waiting,-2.875,-1.2941527733782368
model_agnostic_replication_behavior-0602f7acc92204c6-m0,bandit,-1.0000000000000002,-0.6655886918850422
model_agnostic_replication_behavior-0602f7acc92204c6-m1,bandit,-1.0000000000000002,-0.2151489055036404
model_agnostic_replication_behavior-062b738b3ab476aa-m0,foraging,-1.875,-1.6586525944073194
model_agnostic_replication_behavior-062b738b3ab476aa-m1,foraging,-2.125,-1.226759148073527
model_agnostic_replication_behavior-06690661f553d63f-m0,information_sampling,-2.125,-1.6249455286556524
model_agnostic_replication_behavior-06690661f553d63f-m1,information_sampling,-1.25,-0.9748641661784574
model_agnostic_replication_behavior-068ed2c8a2b40816-m0,waiting,3.125,1.4591870692614473
model_agnostic_replication_behavior-068ed2c8a2b40816-m1,waiting,0.7500000000000002,0.7146403325650885
model_agnostic_replication_behavior-06b9d7481d7635de-m0,solvability,3.625,1.5151187285828671
model_agnostic_replication_behavior-06b9d7481d7635de-m1,solvability,2.125,1.6130306695724588
model_agnostic_replication_behavior-06d955a0c84e3719-m0,foraging,-1.25,-0.5094478914825259
model_agnostic_replication_behavior-06d955a0c84e3719-m1,foraging,-0.37499999999999994,-0.07755444514873347
model_agnostic_replication_behavior-06e272f7b6f04c46-m0,waiting,-0.8750000000000002,0.1660847903431617
model_agnostic_replication_behavior-06e272f7b6f04c46-m1,waiting,-1.0000000000000002,-0.5784619463531973
model_agnostic_replication_behavior-06ea07c8e930fc7e-m0,bandit,-0.6249999999999999,-0.9163171276393195
model_agnostic_replication_behavior-06ea07c8e930fc7e-m1,bandit,-0.5,-0.4658773412579178
model_agnostic_replication_behavior-06ecdb5710860469-m0,waiting,-1.375,-0.4777909747575855
model_agnostic_replication_behavior-06ecdb5710860469-m1,waiting,-1.5,-1.2223377114539444
model_agnostic_replication_behavior-06f696107af30257-m0,bandit,-1.125,-0.9259479235995509
model_agnostic_replication_behavior-06f696107af30257-m1,bandit,-0.8750000000000002,-0.47550813721814916
model_agnostic_replication_behavior-072cde5a1a17fbb9-m0,waiting,-1.375,-1.0378748081719051
model_agnostic_replication_behavior-072cde5a1a17fbb9-m1,waiting,-1.625,-1.782421544868264
model_agnostic_replication_behavior-074a1a46115cf27c-m0,information_sampling,-1.625,-1.7708847286230602
model_agnostic_replication_behavior-074a1a46115cf27c-m1,information_sampling,-1.375,-1.1208033661458652
model_agnostic_replication_behavior-07626394b7de8fb6-m0,debugging,-0.6249999999999999,-0.2827951520592664
model_agnostic_replication_behavior-07626394b7de8fb6-m1,debugging,-0.37499999999999994,0.3347953653781761
model_agnostic_replication_behavior-0763957148b0f985-m0,waiting,1.625,0.4999518131449485
model_agnostic_replication_behavior-0763957148b0f985-m1,waiting,0.0,-0.2445949235514105
model_agnostic_replication_behavior-079471429f6d1052-m0,bandit,3.25,1.6121260097838632
model_agnostic_replication_behavior-079471429f6d1052-m1,bandit,2.125,2.062565796165265
model_agnostic_replication_behavior-07a252f3b1c5ad23-m0,waiting,-0.5,-0.026191972254934692
model_agnostic_replication_behavior-07a252f3b1c5ad23-m1,waiting,-0.8750000000000002,-0.7707387089512936
model_agnostic_replication_behavior-07ccd61babdf8856-m0,solvability,-1.875,-1.4984542355696517
model_agnostic_replication_behavior-07ccd61babdf8856-m1,solvability,-1.375,-1.40054229458006
model_agnostic_replication_behavior-07d5ffc8a5992390-m0,waiting,2.875,1.1294005005886536
model_agnostic_replication_behavior-07d5ffc8a5992390-m1,waiting,0.5,0.3848537638922949
model_agnostic_replication_behavior-08405b542766690e-m0,waiting,0.625,0.29950272021066526
model_agnostic_replication_behavior-08405b542766690e-m1,waiting,-1.25,-0.44504401648569375
model_agnostic_replication_behavior-087e7c205111c305-m0,solvability,1.125,0.771847046389628
model_agnostic_replication_behavior-087e7c205111c305-m1,solvability,0.625,0.8697589873792196
model_agnostic_replication_behavior-088c0e7096097b55-m0,foraging,0.24999999999999992,-0.32804252923368316
model_agnostic_replication_behavior-088c0e7096097b55-m1,foraging,0.625,0.10385091710010931
model_agnostic_replication_behavior-08b1036ea587d97f-m0,bandit,0.625,-0.1913633413737632
model_agnostic_replication_behavior-08b1036ea587d97f-m1,bandit,0.37499999999999994,0.25907644500763855
model_agnostic_replication_behavior-08cacdc084421d32-m0,information_sampling,-1.5,-1.332708795478486
model_agnostic_replication_behavior-08cacdc084421d32-m1,information_sampling,-0.8750000000000002,-0.6826274330012911
model_agnostic_replication_behavior-08ee6ec98acc7452-m0,bandit,-1.5,-1.5460772038623878
model_agnostic_replication_behavior-08ee6ec98acc7452-m1,bandit,-0.6249999999999999,-1.0956374174809862
model_agnostic_replication_behavior-08f1ca140501fdad-m0,debugging,-0.25,-0.05863847395833954
model_agnostic_replication_behavior-08f1ca140501fdad-m1,debugging,0.37499999999999994,0.558952043479103
model_agnostic_replication_behavior-094d12e781ed2e0f-m0,foraging,0.0,-0.39919522066543445
model_agnostic_replication_behavior-094d12e781ed2e0f-m1,foraging,0.625,0.03269822566835801
model_agnostic_replication_behavior-094d1f2707fea04f-m0,information_sampling,-1.625,-1.8800095891643478
model_agnostic_replication_behavior-094d1f2707fea04f-m1,information_sampling,-1.375,-1.229928226687153
model_agnostic_replication_behavior-0951602759c738d1-m0,solvability,0.0,-0.19191396049688084
model_agnostic_replication_behavior-0951602759c738d1-m1,solvability,0.625,-0.09400201950728929
model_agnostic_replication_behavior-0987b9345baa3c3c-m0,solvability,-0.5,-1.528604696451591
model_agnostic_replication_behavior-0987b9345baa3c3c-m1,solvability,0.0,-1.4306927554619995
model_agnostic_replication_behavior-09960a3772844636-m0,effort,-1.125,-1.2836369358635935
model_agnostic_replication_behavior-09960a3772844636-m1,effort,-0.25,-0.7218820196673907
model_agnostic_replication_behavior-099a576227c847ab-m0,waiting,-1.875,-1.7922681056420735
model_agnostic_replication_behavior-099a576227c847ab-m1,waiting,-1.875,-2.5368148423384325
model_agnostic_replication_behavior-09cf03d0d232fa14-m0,debugging,-1.7499999999999998,-1.4490742781220276
model_agnostic_replication_behavior-09cf03d0d232fa14-m1,debugging,-1.7499999999999998,-0.8314837606845854
model_agnostic_replication_behavior-0a0c409a718ec477-m0,waiting,1.8749999999999998,1.313048684400942
model_agnostic_replication_behavior-0a0c409a718ec477-m1,waiting,0.0,0.5685019477045831
model_agnostic_replication_behavior-0a80b7298971085d-m0,information_sampling,-2.375,-1.7831342938971704
model_agnostic_replication_behavior-0a80b7298971085d-m1,information_sampling,-1.125,-1.133052931419976
model_agnostic_replication_behavior-0a9fd2d815015066-m0,foraging,-1.625,-1.166035645656281
model_agnostic_replication_behavior-0a9fd2d815015066-m1,foraging,-0.5,-0.7341421993224886
model_agnostic_replication_behavior-0ac3432b25a9459b-m0,waiting,-2.625,-2.1778041949892115
model_agnostic_replication_behavior-0ac3432b25a9459b-m1,waiting,-3.0,-2.9223509316855703
model_agnostic_replication_behavior-0ae2856ad79f960c-m0,foraging,-2.0,-1.1720216423683472
model_agnostic_replication_behavior-0ae2856ad79f960c-m1,foraging,-1.125,-0.7401281960345546
model_agnostic_replication_behavior-0b0f1bdffc1ebf50-m0,solvability,2.75,1.680849197234659
model_agnostic_replication_behavior-0b0f1bdffc1ebf50-m1,solvability,2.0,1.7787611382242507
model_agnostic_replication_behavior-0b3156e884d7f638-m0,waiting,-1.7499999999999998,-1.9014843853709906
model_agnostic_replication_behavior-0b3156e884d7f638-m1,waiting,-2.25,-2.64603112206735
model_agnostic_replication_behavior-0b478ebbbe661010-m0,solvability,-2.25,-2.1920888457339776
model_agnostic_replication_behavior-0b478ebbbe661010-m1,solvability,-1.7499999999999998,-2.094176904744386
model_agnostic_replication_behavior-0b4ce0680f5ae1c8-m0,bandit,-1.25,-1.101293570115671
model_agnostic_replication_behavior-0b4ce0680f5ae1c8-m1,bandit,-0.7500000000000001,-0.6508537837342694
model_agnostic_replication_behavior-0bae14c84e354aea-m0,waiting,-1.0000000000000002,-1.0335661418601179
model_agnostic_replication_behavior-0bae14c84e354aea-m1,waiting,-1.0000000000000002,-1.7781128785564766
model_agnostic_replication_behavior-0c57fd67cf191001-m0,solvability,0.0,0.6172310915273959
model_agnostic_replication_behavior-0c57fd67cf191001-m1,solvability,0.125,0.7151430325169874
model_agnostic_replication_behavior-0c74ad677faf5ae3-m0,solvability,2.125,1.5878452672977816
model_agnostic_replication_behavior-0c74ad677faf5ae3-m1,solvability,0.8750000000000001,1.6857572082873733
model_agnostic_replication_behavior-0cf2076cba3fb7e2-m0,information_sampling,-1.7499999999999998,-1.9470116529471306
model_agnostic_replication_behavior-0cf2076cba3fb7e2-m1,information_sampling,-1.125,-1.2969302904699356
model_agnostic_replication_behavior-0d034bfd64b78c09-m0,waiting,2.375,1.3198044274962304
model_agnostic_replication_behavior-0d034bfd64b78c09-m1,waiting,0.37499999999999994,0.5752576907998714
model_agnostic_replication_behavior-0d38472e7e58da22-m0,foraging,0.0,-0.663843039041804
model_agnostic_replication_behavior-0d38472e7e58da22-m1,foraging,0.24999999999999992,-0.23194959270801135
model_agnostic_replication_behavior-0d71f4fbafe773ce-m0,bandit,-1.5,-1.0268096452612314
model_agnostic_replication_behavior-0d71f4fbafe773ce-m1,bandit,-1.375,-0.5763698588798296
model_agnostic_replication_behavior-0dc1173498b5f248-m0,solvability,1.75,1.3661980379877967
model_agnostic_replication_behavior-0dc1173498b5f248-m1,solvability,1.3750000000000002,1.4641099789773884
model_agnostic_replication_behavior-0dc13aed263aad6e-m0,debugging,-0.12500000000000006,-0.2043812409676486
model_agnostic_replication_behavior-0dc13aed263aad6e-m1,debugging,0.7500000000000002,0.413209276469794
model_agnostic_replication_behavior-0de1efe3650167be-m0,bandit,1.125,0.5069077224751988
model_agnostic_replication_behavior-0de1efe3650167be-m1,bandit,1.0,0.9573475088566007
model_agnostic_replication_behavior-0e0a27ca3a061ff4-m0,waiting,0.37499999999999994,0.7501612649076516
model_agnostic_replication_behavior-0e0a27ca3a061ff4-m1,waiting,-0.37499999999999994,0.005614528211292713
model_agnostic_replication_behavior-0e0c312ca2dd6a24-m0,solvability,-0.12500000000000006,-0.31291547338786213
model_agnostic_replication_behavior-0e0c312ca2dd6a24-m1,solvability,0.5,-0.2150035323982705
model_agnostic_replication_behavior-0e1b6ebe07b5ec4e-m0,bandit,1.5000000000000002,0.6994105971953121
model_agnostic_replication_behavior-0e1b6ebe07b5ec4e-m1,bandit,1.125,1.149850383576714
model_agnostic_replication_behavior-0e3c5924a905d9ec-m0,effort,-1.25,-1.2840491476921099
model_agnostic_replication_behavior-0e3c5924a905d9ec-m1,effort,-0.8750000000000002,-0.7222942314959067
model_agnostic_replication_behavior-0e69fc60a12b9c31-m0,effort,-1.5,-1.3410249175859088
model_agnostic_replication_behavior-0e69fc60a12b9c31-m1,effort,-1.125,-0.7792700013897056
model_agnostic_replication_behavior-0eb8124104774511-m0,bandit,-0.25,-0.6717297990557802
model_agnostic_replication_behavior-0eb8124104774511-m1,bandit,-0.6249999999999999,-0.22129001267437848
model_agnostic_replication_behavior-0ef260a7b9dee6db-m0,bandit,0.7500000000000002,0.08342727236163039
model_agnostic_replication_behavior-0ef260a7b9dee6db-m1,bandit,0.625,0.5338670587430322
model_agnostic_replication_behavior-0f4056662f77dde7-m0,solvability,1.3750000000000002,2.1361091271152253
model_agnostic_replication_behavior-0f4056662f77dde7-m1,solvability,1.0,2.2340210681048167
model_agnostic_replication_behavior-0fd4913ccc94d32d-m0,effort,-1.25,-0.5169663767083535
model_agnostic_replication_behavior-0fd4913ccc94d32d-m1,effort,0.0,0.04478853948784964
model_agnostic_replication_behavior-0ff52b10f0aacabc-m0,information_sampling,-1.7499999999999998,-1.967212171670313
model_agnostic_replication_behavior-0ff52b10f0aacabc-m1,information_sampling,-1.875,-1.3171308091931182
model_agnostic_replication_behavior-100bf82681bf3cb4-m0,debugging,-0.8750000000000002,-0.8490495737566858
model_agnostic_replication_behavior-100bf82681bf3cb4-m1,debugging,-0.25,-0.23145905631924313
model_agnostic_replication_behavior-1075d6808005ad16-m0,effort,-0.5,-0.547778128871431
model_agnostic_replication_behavior-1075d6808005ad16-m1,effort,0.5,0.013976787324772144
model_agnostic_replication_behavior-10894231d9c32028-m0,bandit,0.625,0.12866871943299218
model_agnostic_replication_behavior-10894231d9c32028-m1,bandit,0.7500000000000002,0.579108505814394
model_agnostic_replication_behavior-10a4039044d9a058-m0,foraging,-0.8750000000000002,-1.164283992211332
model_agnostic_replication_behavior-10a4039044d9a058-m1,foraging,-0.5,-0.7323905458775393
model_agnostic_replication_behavior-10c008101b38f686-m0,effort,-0.25,-0.31254419783009335
model_agnostic_replication_behavior-10c008101b38f686-m1,effort,0.625,0.24921071836610978
model_agnostic_replication_behavior-10c60f6e98c359a5-m0,waiting,-0.37499999999999994,-0.5941198022798008
model_agnostic_replication_behavior-10c60f6e98c359a5-m1,waiting,-1.25,-1.3386665389761596
model_agnostic_replication_behavior-10caa96ee184bb61-m0,waiting,-2.125,-2.199159333416956
model_agnostic_replication_behavior-10caa96ee184bb61-m1,waiting,-2.0,-2.943706070113315
model_agnostic_replication_behavior-11217f8111fb34ae-m0,information_sampling,-1.875,-1.6464205574557176
model_agnostic_replication_behavior-11217f8111fb34ae-m1,information_sampling,-1.375,-0.9963391949785229
model_agnostic_replication_behavior-114a0a17408ce26f-m0,solvability,-1.625,-1.5512010195059356
model_agnostic_replication_behavior-114a0a17408ce26f-m1,solvability,-0.25,-1.453289078516344
model_agnostic_replication_behavior-11503254de9574ef-m0,information_sampling,-2.625,-2.095414548180231
model_agnostic_replication_behavior-11503254de9574ef-m1,information_sampling,-2.125,-1.4453331857030365
model_agnostic_replication_behavior-117699da7b075021-m0,effort,0.24999999999999992,0.2062161545383311
model_agnostic_replication_behavior-117699da7b075021-m1,effort,1.0,0.7679710707345342
model_agnostic_replication_behavior-1196ebb5edb1419b-m0,effort,2.875,1.5810621972588597
model_agnostic_replication_behavior-1196ebb5edb1419b-m1,effort,1.75,2.142817113455063
model_agnostic_replication_behavior-11c8fab992fd3bfb-m0,debugging,-1.25,-0.7644971655791131
model_agnostic_replication_behavior-11c8fab992fd3bfb-m1,debugging,-0.7500000000000001,-0.14690664814167048
model_agnostic_replication_behavior-11d283044a41ce52-m0,effort,-2.125,-1.6403701275305176
model_agnostic_replication_behavior-11d283044a41ce52-m1,effort,-1.125,-1.0786152113343144
model_agnostic_replication_behavior-11fa9eef50102843-m0,solvability,-4.25,-3.6820114224878804
model_agnostic_replication_behavior-11fa9eef50102843-m1,solvability,-3.625,-3.5840994814982885
model_agnostic_replication_behavior-120b39b17444e343-m0,effort,-1.125,-1.100271115868306
model_agnostic_replication_behavior-120b39b17444e343-m1,effort,-0.7500000000000001,-0.538516199672103
model_agnostic_replication_behavior-121eec5254aa83c9-m0,foraging,-2.0,-1.6354594712702522
model_agnostic_replication_behavior-121eec5254aa83c9-m1,foraging,-1.875,-1.2035660249364597
model_agnostic_replication_behavior-122c74b0503d8133-m0,effort,-0.7500000000000001,-0.5195894551979922
model_agnostic_replication_behavior-122c74b0503d8133-m1,effort,0.24999999999999992,0.04216546099821106
model_agnostic_replication_behavior-1231ae746de2ab09-m0,waiting,0.0,-0.2658652876279411
model_agnostic_replication_behavior-1231ae746de2ab09-m1,waiting,-0.6249999999999999,-1.0104120243243
model_agnostic_replication_behavior-1244cd698473756e-m0,solvability,-0.7500000000000001,-0.1010914696906248
model_agnostic_replication_behavior-1244cd698473756e-m1,solvability,-0.25,-0.00317952870103317
model_agnostic_replication_behavior-124b2ed73a78d4ee-m0,waiting,-1.7499999999999998,-1.5748487965306253
model_agnostic_replication_behavior-124b2ed73a78d4ee-m1,waiting,-1.7499999999999998,-2.319395533226984
model_agnostic_replication_behavior-12623c3df9a5d3d9-m0,effort,-1.0000000000000002,-1.2003709854822313
model_agnostic_replication_behavior-12623c3df9a5d3d9-m1,effort,-0.25,-0.6386160692860283
model_agnostic_replication_behavior-12840b535a74c58d-m0,effort,2.125,1.336175766174126
model_agnostic_replication_behavior-12840b535a74c58d-m1,effort,1.8749999999999998,1.8979306823703288
model_agnostic_replication_behavior-12d20b6fec07b4d0-m0,solvability,0.7500000000000002,1.3986842179390704
model_agnostic_replication_behavior-12d20b6fec07b4d0-m1,solvability,1.125,1.4965961589286618
model_agnostic_replication_behavior-1315088b2464bc0a-m0,solvability,1.3750000000000002,1.5091336896489294
model_agnostic_replication_behavior-1315088b2464bc0a-m1,solvability,1.625,1.6070456306385208
model_agnostic_replication_behavior-1356b1784a0d43c3-m0,bandit,-0.7500000000000001,-0.18645608312975598
model_agnostic_replication_behavior-1356b1784a0d43c3-m1,bandit,-1.25,0.2639837032516457
model_agnostic_replication_behavior-13963679df0c4254-m0,effort,-1.0000000000000002,0.40304998600349606
model_agnostic_replication_behavior-13963679df0c4254-m1,effort,0.37499999999999994,0.9648049021996993
model_agnostic_replication_behavior-13bd58c211a6ad8f-m0,debugging,0.24999999999999992,0.09408687537106736
model_agnostic_replication_behavior-13bd58c211a6ad8f-m1,debugging,0.625,0.71167739280851
model_agnostic_replication_behavior-13bff8f274963dc8-m0,waiting,0.37499999999999994,0.08721885569476301
model_agnostic_replication_behavior-13bff8f274963dc8-m1,waiting,-1.25,-0.657327881001596
model_agnostic_replication_behavior-13c8c3d6275057e5-m0,bandit,-1.875,-1.1039617341422825
model_agnostic_replication_behavior-13c8c3d6275057e5-m1,bandit,-0.8750000000000002,-0.6535219477608809
model_agnostic_replication_behavior-13dcd6634925821e-m0,foraging,-2.5,-1.7730511182841886
model_agnostic_replication_behavior-13dcd6634925821e-m1,foraging,-2.0,-1.341157671950396
model_agnostic_replication_behavior-13f8c14a1ddd6e3b-m0,information_sampling,-1.375,-1.398303592895057
model_agnostic_replication_behavior-13f8c14a1ddd6e3b-m1,information_sampling,-0.7500000000000001,-0.7482222304178621
model_agnostic_replication_behavior-1464dad6b232a396-m0,bandit,-0.6249999999999999,0.1550434310734966
model_agnostic_replication_behavior-1464dad6b232a396-m1,bandit,-0.6249999999999999,0.6054832174548984
model_agnostic_replication_behavior-147b87d2cb9fcae9-m0,foraging,2.125,1.3558430007001518
model_agnostic_replication_behavior-147b87d2cb9fcae9-m1,foraging,1.3750000000000002,1.7877364470339445
model_agnostic_replication_behavior-149c53f564134a1a-m0,information_sampling,-2.0,-1.2331200223728096
model_agnostic_replication_behavior-149c53f564134a1a-m1,information_sampling,-1.125,-0.5830386598956145
model_agnostic_replication_behavior-14c5507f170f7bb6-m0,foraging,-0.37499999999999994,-0.27461097142557983
model_agnostic_replication_behavior-14c5507f170f7bb6-m1,foraging,0.125,0.15728247490821262
model_agnostic_replication_behavior-14e4552aa7aab6ac-m0,effort,2.375,2.0700685717210585
model_agnostic_replication_behavior-14e4552aa7aab6ac-m1,effort,2.125,2.631823487917262
model_agnostic_replication_behavior-14ea1ac3724140ab-m0,foraging,-0.6249999999999999,-0.6661688335851828
model_agnostic_replication_behavior-14ea1ac3724140ab-m1,foraging,0.0,-0.23427538725139013
model_agnostic_replication_behavior-14eb198e931af131-m0,foraging,-1.875,-1.584404893541574
model_agnostic_replication_behavior-14eb198e931af131-m1,foraging,-1.25,-1.1525114472077815
model_agnostic_replication_behavior-14eb72851d740086-m0,information_sampling,-1.875,-2.239763743431753
model_agnostic_replication_behavior-14eb72851d740086-m1,information_sampling,-0.8750000000000002,-1.589682380954558
model_agnostic_replication_behavior-150c2afcd11dd9db-m0,foraging,-0.7500000000000001,-0.4760751786048723
model_agnostic_replication_behavior-150c2afcd11dd9db-m1,foraging,-1.0000000000000002,-0.044181732271079854
model_agnostic_replication_behavior-151ff4f6e453aa29-m0,debugging,-0.5,-0.26023557620939697
model_agnostic_replication_behavior-151ff4f6e453aa29-m1,debugging,0.0,0.35735494122804545
model_agnostic_replication_behavior-153f6843c649512f-m0,foraging,-1.7499999999999998,-1.2309887994629398
model_agnostic_replication_behavior-153f6843c649512f-m1,foraging,-1.625,-0.7990953531291474
model_agnostic_replication_behavior-15586adf66bb1a30-m0,foraging,-1.0000000000000002,-0.8665527485664124
model_agnostic_replication_behavior-15586adf66bb1a30-m1,foraging,-0.7500000000000001,-0.43465930223261967
model_agnostic_replication_behavior-159675032395db54-m0,waiting,-1.125,-1.3812141456590994
model_agnostic_replication_behavior-159675032395db54-m1,waiting,-1.625,-2.125760882355458
model_agnostic_replication_behavior-15a7e78dc1275515-m0,solvability,3.75,2.483876850156772
model_agnostic_replication_behavior-15a7e78dc1275515-m1,solvability,2.25,2.581788791146363
model_agnostic_replication_behavior-15b3fcd5f915f158-m0,debugging,-2.0,-1.7159481813431232
model_agnostic_replication_behavior-15b3fcd5f915f158-m1,debugging,-1.625,-1.0983576639056805
model_agnostic_replication_behavior-15bc9bb5b3d2d805-m0,foraging,-1.875,-2.078602431613392
model_agnostic_replication_behavior-15bc9bb5b3d2d805-m1,foraging,-1.0000000000000002,-1.6467089852796
model_agnostic_replication_behavior-15db9ba7c8b28363-m0,waiting,-0.12500000000000006,0.36802256073345396
model_agnostic_replication_behavior-15db9ba7c8b28363-m1,waiting,-1.0000000000000002,-0.376524175962905
model_agnostic_replication_behavior-15ee8f4cf39cf018-m0,effort,-1.7499999999999998,-1.2195243895081846
model_agnostic_replication_behavior-15ee8f4cf39cf018-m1,effort,-1.375,-0.6577694733119814
model_agnostic_replication_behavior-15f6aedd3bd4eace-m0,effort,-0.37499999999999994,-0.42664974749404355
model_agnostic_replication_behavior-15f6aedd3bd4eace-m1,effort,0.24999999999999992,0.13510516870215983
model_agnostic_replication_behavior-15fbb074b2f4abda-m0,waiting,-1.5,-1.0757264042560948
model_agnostic_replication_behavior-15fbb074b2f4abda-m1,waiting,-1.5,-1.8202731409524537
model_agnostic_replication_behavior-160021f7c560d795-m0,debugging,-0.5,-0.587349118505017
model_agnostic_replication_behavior-160021f7c560d795-m1,debugging,-0.37499999999999994,0.03024139893242561
model_agnostic_replication_behavior-16106a4eef772409-m0,waiting,0.125,0.5219811901131325
model_agnostic_replication_behavior-16106a4eef772409-m1,waiting,-0.25,-0.22256554658322647
model_agnostic_replication_behavior-1641727d9252d994-m0,foraging,-2.625,-2.3216293769654803
model_agnostic_replication_behavior-1641727d9252d994-m1,foraging,-2.125,-1.8897359306316877
model_agnostic_replication_behavior-1649848ed48a5223-m0,foraging,1.75,1.1974901233167328
model_agnostic_replication_behavior-1649848ed48a5223-m1,foraging,1.25,1.6293835696505254
model_agnostic_replication_behavior-1655839b73270fa0-m0,solvability,-3.125,-2.0245911690470386
model_agnostic_replication_behavior-1655839b73270fa0-m1,solvability,-1.875,-1.9266792280574472
model_agnostic_replication_behavior-16fba24bc1a53cd3-m0,effort,-0.7500000000000001,-0.8243113373298632
model_agnostic_replication_behavior-16fba24bc1a53cd3-m1,effort,0.24999999999999992,-0.26255642113366007
model_agnostic_replication_behavior-16fc2f44eb9d0e07-m0,debugging,-0.25,0.3083726330730435
model_agnostic_replication_behavior-16fc2f44eb9d0e07-m1,debugging,1.0,0.9259631505104859
model_agnostic_replication_behavior-17444bc2ccc2d6ac-m0,information_sampling,-2.375,-1.858608578007508
model_agnostic_replication_behavior-17444bc2ccc2d6ac-m1,information_sampling,-0.8750000000000002,-1.2085272155303133
model_agnostic_replication_behavior-174541495df7879c-m0,foraging,-1.5,-1.3285860778652483
model_agnostic_replication_behavior-174541495df7879c-m1,foraging,-0.25,-0.8966926315314556
model_agnostic_replication_behavior-176c4eb47fb9df78-m0,bandit,-0.37499999999999994,-0.18675368116417831
model_agnostic_replication_behavior-176c4eb47fb9df78-m1,bandit,0.24999999999999992,0.26368610521722347
model_agnostic_replication_behavior-17848d5aed4042cc-m0,foraging,-1.125,-0.5970238057098618
model_agnostic_replication_behavior-17848d5aed4042cc-m1,foraging,-0.25,-0.1651303593760694
model_agnostic_replication_behavior-178dfa4c882e1bd7-m0,information_sampling,-2.375,-2.419281327316202
model_agnostic_replication_behavior-178dfa4c882e1bd7-m1,information_sampling,-1.7499999999999998,-1.7691999648390069
model_agnostic_replication_behavior-1827dac5786a8321-m0,information_sampling,-2.5,-2.3421293348760153
model_agnostic_replication_behavior-1827dac5786a8321-m1,information_sampling,-1.25,-1.6920479723988204
model_agnostic_replication_behavior-18762ee26a1e6157-m0,information_sampling,-2.75,-2.41782745264098
model_agnostic_replication_behavior-18762ee26a1e6157-m1,information_sampling,-3.375,-1.7677460901637854
model_agnostic_replication_behavior-189946aa60798f9e-m0,effort,0.5,0.12249648331046636
model_agnostic_replication_behavior-189946aa60798f9e-m1,effort,1.0,0.6842513995066694
model_agnostic_replication_behavior-18a23114fa6ad47a-m0,bandit,-1.375,-1.1221870682660922
model_agnostic_replication_behavior-18a23114fa6ad47a-m1,bandit,-0.37499999999999994,-0.6717472818846906
model_agnostic_replication_behavior-18c026b1ee13b55a-m0,waiting,-1.125,-0.9583837432975153
model_agnostic_replication_behavior-18c026b1ee13b55a-m1,waiting,-1.125,-1.7029304799938743
model_agnostic_replication_behavior-18d005c34de11231-m0,debugging,-1.375,-1.548067213476152
model_agnostic_replication_behavior-18d005c34de11231-m1,debugging,-1.5,-0.9304766960387093
model_agnostic_replication_behavior-18e0a1d50757454d-m0,effort,-1.375,-1.0340679401796617
model_agnostic_replication_behavior-18e0a1d50757454d-m1,effort,-0.12500000000000006,-0.4723130239834584
model_agnostic_replication_behavior-19027c25d45f801b-m0,foraging,-2.375,-1.9305053092641153
model_agnostic_replication_behavior-19027c25d45f801b-m1,foraging,-1.25,-1.4986118629303227
model_agnostic_replication_behavior-1905010b5aea7c55-m0,waiting,-1.7499999999999998,-1.3323059897219436
model_agnostic_replication_behavior-1905010b5aea7c55-m1,waiting,-2.5,-2.0768527264183025
model_agnostic_replication_behavior-196a5bf0f0a9fc18-m0,debugging,0.125,0.3744839264742798
model_agnostic_replication_behavior-196a5bf0f0a9fc18-m1,debugging,0.37499999999999994,0.9920744439117223
model_agnostic_replication_behavior-197698cf6e2f0b52-m0,solvability,-1.5,-1.9624574214562183
model_agnostic_replication_behavior-197698cf6e2f0b52-m1,solvability,-0.7500000000000001,-1.8645454804666266
model_agnostic_replication_behavior-199ffc3578095b0f-m0,debugging,0.24999999999999992,0.40629408925599586
model_agnostic_replication_behavior-199ffc3578095b0f-m1,debugging,0.125,1.0238846066934384
model_agnostic_replication_behavior-19b0fde0ec24f796-m0,solvability,-1.0000000000000002,-0.2652163874161018
model_agnostic_replication_behavior-19b0fde0ec24f796-m1,solvability,-0.5,-0.16730444642651024
model_agnostic_replication_behavior-19f6bfefcdd57284-m0,foraging,-2.0,-1.0931881370051586
model_agnostic_replication_behavior-19f6bfefcdd57284-m1,foraging,-1.5,-0.6612946906713661
model_agnostic_replication_behavior-1a07a1404fb72f5a-m0,bandit,-1.125,-0.9005344742325703
model_agnostic_replication_behavior-1a07a1404fb72f5a-m1,bandit,-1.125,-0.4500946878511686
model_agnostic_replication_behavior-1a4c3ca2f74827b3-m0,debugging,0.0,0.0965976756858899
model_agnostic_replication_behavior-1a4c3ca2f74827b3-m1,debugging,0.625,0.7141881931233327
model_agnostic_replication_behavior-1a5e1084ff750610-m0,information_sampling,-1.25,-1.5048392551881338
model_agnostic_replication_behavior-1a5e1084ff750610-m1,information_sampling,-0.6249999999999999,-0.8547578927109388
model_agnostic_replication_behavior-1aae20b30857e147-m0,effort,3.25,1.6446826994737653
model_agnostic_replication_behavior-1aae20b30857e147-m1,effort,1.8749999999999998,2.206437615669968
model_agnostic_replication_behavior-1acd56a0fe40e4aa-m0,effort,-0.5,-0.18196961810367546
model_agnostic_replication_behavior-1acd56a0fe40e4aa-m1,effort,0.625,0.37978529809252765
model_agnostic_replication_behavior-1ad6a9cd608df066-m0,debugging,0.37499999999999994,0.48219371457804466
model_agnostic_replication_behavior-1ad6a9cd608df066-m1,debugging,0.8750000000000001,1.0997842320154874
model_agnostic_replication_behavior-1b081458a02515be-m0,solvability,-0.6249999999999999,-0.7461780170355229
model_agnostic_replication_behavior-1b081458a02515be-m1,solvability,-0.12500000000000006,-0.6482660760459313
model_agnostic_replication_behavior-1b32582cd087cd77-m0,debugging,-1.625,-1.1328201853502624
model_agnostic_replication_behavior-1b32582cd087cd77-m1,debugging,-1.125,-0.5152296679128202
model_agnostic_replication_behavior-1bac638296bff45c-m0,solvability,-0.6249999999999999,-0.30577552482570736
model_agnostic_replication_behavior-1bac638296bff45c-m1,solvability,0.0,-0.20786358383611583
model_agnostic_replication_behavior-1bb5b6523bf3343c-m0,foraging,-2.75,-2.959954151867941
model_agnostic_replication_behavior-1bb5b6523bf3343c-m1,foraging,-2.625,-2.5280607055341484
model_agnostic_replication_behavior-1bcaa2b09bb0aa9d-m0,effort,-1.0000000000000002,-0.9657471189950508
model_agnostic_replication_behavior-1bcaa2b09bb0aa9d-m1,effort,-0.25,-0.4039922027988479
model_agnostic_replication_behavior-1c3ed8c18c457e34-m0,foraging,0.8750000000000001,0.32859307899157597
model_agnostic_replication_behavior-1c3ed8c18c457e34-m1,foraging,1.125,0.7604865253253684
model_agnostic_replication_behavior-1c8bde91b848cb71-m0,solvability,4.75,3.6163165632275476
model_agnostic_replication_behavior-1c8bde91b848cb71-m1,solvability,3.0,3.7142285042171395
model_agnostic_replication_behavior-1ca78c5e302ae9cb-m0,waiting,-0.6249999999999999,-0.4005942840127684
model_agnostic_replication_behavior-1ca78c5e302ae9cb-m1,waiting,-1.125,-1.145141020709127
model_agnostic_replication_behavior-1cbf2cf61f5d2963-m0,effort,0.5,0.5389419708228559
model_agnostic_replication_behavior-1cbf2cf61f5d2963-m1,effort,0.625,1.100696887019059
model_agnostic_replication_behavior-1ceb9068824dab50-m0,information_sampling,-2.0,-1.60219087043157
model_agnostic_replication_behavior-1ceb9068824dab50-m1,information_sampling,-1.25,-0.9521095079543751
model_agnostic_replication_behavior-1d0074b0718a8fdd-m0,information_sampling,-2.25,-1.781061729311149
model_agnostic_replication_behavior-1d0074b0718a8fdd-m1,information_sampling,-1.625,-1.130980366833954
model_agnostic_replication_behavior-1d2d844cd486855b-m0,debugging,-0.7500000000000001,-0.15320341080872835
model_agnostic_replication_behavior-1d2d844cd486855b-m1,debugging,-0.8750000000000002,0.4643871066287143
model_agnostic_replication_behavior-1d51630b8e0283f8-m0,debugging,0.125,-0.4422192131058835
model_agnostic_replication_behavior-1d51630b8e0283f8-m1,debugging,0.24999999999999992,0.175371304331559
model_agnostic_replication_behavior-1d58a58aeeb48a1f-m0,waiting,-1.625,-1.719218957337912
model_agnostic_replication_behavior-1d58a58aeeb48a1f-m1,waiting,-1.5,-2.463765694034271
model_agnostic_replication_behavior-1d5931a2a6e09703-m0,foraging,-1.125,-0.5117189598647405
model_agnostic_replication_behavior-1d5931a2a6e09703-m1,foraging,-0.5,-0.07982551353094805
model_agnostic_replication_behavior-1d5a91ed00eabedb-m0,effort,0.625,0.729924641330916
model_agnostic_replication_behavior-1d5a91ed00eabedb-m1,effort,0.8750000000000001,1.2916795575271187
model_agnostic_replication_behavior-1d5aae418e416561-m0,information_sampling,-1.875,-2.1938641619573818
model_agnostic_replication_behavior-1d5aae418e416561-m1,information_sampling,-1.375,-1.5437827994801867
model_agnostic_replication_behavior-1d9b6ca07da828b2-m0,information_sampling,-2.25,-1.859470165401801
model_agnostic_replication_behavior-1d9b6ca07da828b2-m1,information_sampling,-1.625,-1.209388802924606
model_agnostic_replication_behavior-1dbdf3e261c7125b-m0,debugging,-0.5,-0.20366737684036057
model_agnostic_replication_behavior-1dbdf3e261c7125b-m1,debugging,0.0,0.41392314059708196
model_agnostic_replication_behavior-1dc1173eb070a673-m0,foraging,0.125,1.0870741789227572
model_agnostic_replication_behavior-1dc1173eb070a673-m1,foraging,0.8750000000000001,1.5189676252565498
model_agnostic_replication_behavior-1dca92149cba94e6-m0,bandit,-1.375,-1.4679701305433335
model_agnostic_replication_behavior-1dca92149cba94e6-m1,bandit,-1.125,-1.0175303441619317
model_agnostic_replication_behavior-1de14e9b46638981-m0,information_sampling,-2.0,-1.9261055059181997
model_agnostic_replication_behavior-1de14e9b46638981-m1,information_sampling,-0.8750000000000002,-1.276024143441005
model_agnostic_replication_behavior-1dfdeb8278104d58-m0,bandit,-1.125,-1.018538191609298
model_agnostic_replication_behavior-1dfdeb8278104d58-m1,bandit,-0.6249999999999999,-0.5680984052278961
model_agnostic_replication_behavior-1e5afb43f8159fa4-m0,waiting,-0.37499999999999994,0.13276523432148327
model_agnostic_replication_behavior-1e5afb43f8159fa4-m1,waiting,-1.5,-0.6117815023748756
model_agnostic_replication_behavior-1e66097bdfeebc01-m0,effort,-0.8750000000000002,-0.742288303002708
model_agnostic_replication_behavior-1e66097bdfeebc01-m1,effort,-0.5,-0.18053338680650494
model_agnostic_replication_behavior-1e8104c36db013ae-m0,effort,2.125,1.6355792522318255
model_agnostic_replication_behavior-1e8104c36db013ae-m1,effort,1.75,2.1973341684280285
model_agnostic_replication_behavior-1e8a720a327753b1-m0,foraging,-1.7499999999999998,-1.5117082103729091
model_agnostic_replication_behavior-1e8a720a327753b1-m1,foraging,-0.8750000000000002,-1.0798147640391167
model_agnostic_replication_behavior-1ef59a0601725c30-m0,information_sampling,-3.0,-2.3401314326567215
model_agnostic_replication_behavior-1ef59a0601725c30-m1,information_sampling,-2.5,-1.6900500701795267
model_agnostic_replication_behavior-1ef66aab7b6a5a42-m0,solvability,2.0,1.6311625706164063
model_agnostic_replication_behavior-1ef66aab7b6a5a42-m1,solvability,1.125,1.729074511605998
model_agnostic_replication_behavior-1f884fbb8ec917bd-m0,waiting,-0.25,-0.41128823126185854
model_agnostic_replication_behavior-1f884fbb8ec917bd-m1,waiting,-0.6249999999999999,-1.1558349679582172
model_agnostic_replication_behavior-1f95b82ce366cfac-m0,information_sampling,-1.875,-2.059275125880741
model_agnostic_replication_behavior-1f95b82ce366cfac-m1,information_sampling,-1.125,-1.4091937634035459
model_agnostic_replication_behavior-1f9d8f3f012cfd7e-m0,foraging,-2.375,-2.3449946903066796
model_agnostic_replication_behavior-1f9d8f3f012cfd7e-m1,foraging,-1.375,-1.913101243972887
model_agnostic_replication_behavior-1fa97a3e8e317010-m0,solvability,4.0,2.3227189751019592
model_agnostic_replication_behavior-1fa97a3e8e317010-m1,solvability,2.625,2.420630916091551
model_agnostic_replication_behavior-1fd4a78bb0b3034b-m0,bandit,-2.0,-1.2904160440280474
model_agnostic_replication_behavior-1fd4a78bb0b3034b-m1,bandit,-1.375,-0.8399762576466456
model_agnostic_replication_behavior-1fd6c06875417407-m0,information_sampling,-2.375,-2.627558855573639
model_agnostic_replication_behavior-1fd6c06875417407-m1,information_sampling,-1.5,-1.977477493096444
model_agnostic_replication_behavior-20366cb1453628c0-m0,solvability,-0.12500000000000006,0.1569173264504502
model_agnostic_replication_behavior-20366cb1453628c0-m1,solvability,-0.25,0.25482926744004175
model_agnostic_replication_behavior-20392ca1446374e9-m0,effort,0.625,0.45955758161151605
model_agnostic_replication_behavior-20392ca1446374e9-m1,effort,1.125,1.021312497807719
model_agnostic_replication_behavior-2039949aa53eb667-m0,waiting,0.5,0.22788008789222097
model_agnostic_replication_behavior-2039949aa53eb667-m1,waiting,-0.7500000000000001,-0.516666648804138
model_agnostic_replication_behavior-20e265cfc8aa2792-m0,waiting,-0.8750000000000002,-0.35298723463071247
model_agnostic_replication_behavior-20e265cfc8aa2792-m1,waiting,-1.125,-1.0975339713270713
model_agnostic_replication_behavior-20f3233e96f8f5d0-m0,bandit,0.37499999999999994,-0.005455223796206769
model_agnostic_replication_behavior-20f3233e96f8f5d0-m1,bandit,0.37499999999999994,0.44498456258519503
model_agnostic_replication_behavior-21620cbe4bc7a619-m0,solvability,3.375,1.4517485809095418
model_agnostic_replication_behavior-21620cbe4bc7a619-m1,solvability,1.625,1.5496605218991333
model_agnostic_replication_behavior-2189646ac74dd3c6-m0,bandit,-1.5,-1.978234235409043
model_agnostic_replication_behavior-2189646ac74dd3c6-m1,bandit,-1.25,-1.5277944490276414
model_agnostic_replication_behavior-219bfe28a41484e7-m0,debugging,-1.0000000000000002,-0.672233485345031
model_agnostic_replication_behavior-219bfe28a41484e7-m1,debugging,-0.6249999999999999,-0.05464296790758849
model_agnostic_replication_behavior-21aeb70e58204e18-m0,bandit,0.8750000000000001,1.4947897699917723
model_agnostic_replication_behavior-21aeb70e58204e18-m1,bandit,0.8750000000000001,1.9452295563731736
model_agnostic_replication_behavior-21e5a7d625933c7f-m0,bandit,0.125,-0.258235445801407
model_agnostic_replication_behavior-21e5a7d625933c7f-m1,bandit,0.0,0.1922043405799947
model_agnostic_replication_behavior-220dcc3acc18d9b1-m0,effort,-0.8750000000000002,-0.37093800250876574
model_agnostic_replication_behavior-220dcc3acc18d9b1-m1,effort,0.37499999999999994,0.19081691368743725
model_agnostic_replication_behavior-2212ee15b2da8a18-m0,bandit,1.125,1.1273792710124673
model_agnostic_replication_behavior-2212ee15b2da8a18-m1,bandit,0.625,1.5778190573938689
model_agnostic_replication_behavior-223a6af4b3c71b1a-m0,solvability,-1.5,-0.2639990159108958
model_agnostic_replication_behavior-223a6af4b3c71b1a-m1,solvability,-0.6249999999999999,-0.16608707492130437
model_agnostic_replication_behavior-2270e5a827cd6037-m0,foraging,-2.125,-1.9043455217680842
model_agnostic_replication_behavior-2270e5a827cd6037-m1,foraging,-2.625,-1.472452075434292
model_agnostic_replication_behavior-22bcc9fd91019e1d-m0,waiting,0.37499999999999994,0.7516647691022724
model_agnostic_replication_behavior-22bcc9fd91019e1d-m1,waiting,-0.12500000000000006,0.007118032405913577
model_agnostic_replication_behavior-22d2a7152d0c93f0-m0,solvability,-0.25,-1.1733690932853615
model_agnostic_replication_behavior-22d2a7152d0c93f0-m1,solvability,-0.25,-1.0754571522957699
model_agnostic_replication_behavior-22fd3e7103175c25-m0,debugging,-0.8750000000000002,-1.455695797761189
model_agnostic_replication_behavior-22fd3e7103175c25-m1,debugging,-0.7500000000000001,-0.8381052803237465
model_agnostic_replication_behavior-230c8ab66d78d959-m0,information_sampling,-1.625,-1.8003813474999018
model_agnostic_replication_behavior-230c8ab66d78d959-m1,information_sampling,-0.7500000000000001,-1.1502999850227067
model_agnostic_replication_behavior-230eb2565e157697-m0,debugging,-1.25,-0.9868352949798326
model_agnostic_replication_behavior-230eb2565e157697-m1,debugging,-1.125,-0.36924477754239005
model_agnostic_replication_behavior-234fbb3342894de6-m0,foraging,0.8750000000000001,0.7177984757079755
model_agnostic_replication_behavior-234fbb3342894de6-m1,foraging,1.0,1.1496919220417676
model_agnostic_replication_behavior-23b4d83317cf9ace-m0,information_sampling,-1.625,-1.71237057400637
model_agnostic_replication_behavior-23b4d83317cf9ace-m1,information_sampling,-0.7500000000000001,-1.0622892115291753
model_agnostic_replication_behavior-23bd78873456759f-m0,information_sampling,-1.875,-2.2492503316527612
model_agnostic_replication_behavior-23bd78873456759f-m1,information_sampling,-1.375,-1.5991689691755662
model_agnostic_replication_behavior-23f7858bf310652e-m0,waiting,1.75,1.2026367791316432
model_agnostic_replication_behavior-23f7858bf310652e-m1,waiting,0.125,0.45809004243528434
model_agnostic_replication_behavior-2425a583606f6355-m0,waiting,1.8749999999999998,1.131048721736192
model_agnostic_replication_behavior-2425a583606f6355-m1,waiting,0.625,0.38650198503983313
model_agnostic_replication_behavior-2489c1411cfa00c8-m0,information_sampling,-2.125,-1.973853068239158
model_agnostic_replication_behavior-2489c1411cfa00c8-m1,information_sampling,-2.0,-1.3237717057619633
model_agnostic_replication_behavior-248aa339c21cd181-m0,waiting,-0.25,-0.20915038826577365
model_agnostic_replication_behavior-248aa339c21cd181-m1,waiting,-0.6249999999999999,-0.9536971249621325
model_agnostic_replication_behavior-248ceb9b361bc830-m0,bandit,-1.25,-0.883406464042304
model_agnostic_replication_behavior-248ceb9b361bc830-m1,bandit,-1.125,-0.43296667766090213
model_agnostic_replication_behavior-24aeb433b08609bd-m0,foraging,0.7500000000000002,0.5538093878574538
model_agnostic_replication_behavior-24aeb433b08609bd-m1,foraging,0.8750000000000001,0.9857028341912463
model_agnostic_replication_behavior-24d93fd6baf667cb-m0,information_sampling,-2.5,-2.21442706130116
model_agnostic_replication_behavior-24d93fd6baf667cb-m1,information_sampling,-2.125,-1.564345698823965
model_agnostic_replication_behavior-24f51ceafbff51f2-m0,effort,-0.5,-0.3018892397849101
model_agnostic_replication_behavior-24f51ceafbff51f2-m1,effort,0.37499999999999994,0.259865676411293
model_agnostic_replication_behavior-24f9f8313aa0ece3-m0,waiting,2.125,0.8495705624431615
model_agnostic_replication_behavior-24f9f8313aa0ece3-m1,waiting,0.37499999999999994,0.10502382574680258
model_agnostic_replication_behavior-24fcc8fa9baac468-m0,waiting,-1.25,-0.9932353533401278
model_agnostic_replication_behavior-24fcc8fa9baac468-m1,waiting,-1.875,-1.7377820900364869
model_agnostic_replication_behavior-252b47d506849edf-m0,waiting,-0.6249999999999999,-0.6961437266258403
model_agnostic_replication_behavior-252b47d506849edf-m1,waiting,-1.375,-1.4406904633221993
model_agnostic_replication_behavior-253670869b6c84e6-m0,debugging,0.0,0.5816782126027653
model_agnostic_replication_behavior-253670869b6c84e6-m1,debugging,0.7500000000000002,1.1992687300402078
model_agnostic_replication_behavior-253db232a41a509b-m0,solvability,-1.375,-0.9798560769167022
model_agnostic_replication_behavior-253db232a41a509b-m1,solvability,-0.5,-0.8819441359271105
model_agnostic_replication_behavior-25c4f1f9c14e23af-m0,effort,2.0,1.5712515271844143
model_agnostic_replication_behavior-25c4f1f9c14e23af-m1,effort,2.0,2.1330064433806175
model_agnostic_replication_behavior-264ceae46565e8aa-m0,solvability,-1.375,0.9839957420138379
model_agnostic_replication_behavior-264ceae46565e8aa-m1,solvability,0.37499999999999994,1.0819076830034293
model_agnostic_replication_behavior-26576e9ebf7368f0-m0,effort,-0.8750000000000002,-1.0591188747220102
model_agnostic_replication_behavior-26576e9ebf7368f0-m1,effort,0.0,-0.497363958525807
model_agnostic_replication_behavior-2699935cd9fe2203-m0,waiting,0.0,-0.38767772145779833
model_agnostic_replication_behavior-2699935cd9fe2203-m1,waiting,-0.7500000000000001,-1.1322244581541572
model_agnostic_replication_behavior-26b4a96d6c3b42e3-m0,debugging,-0.7500000000000001,-0.3442912702342278
model_agnostic_replication_behavior-26b4a96d6c3b42e3-m1,debugging,-0.25,0.27329924720321475
model_agnostic_replication_behavior-270b65656a02a9aa-m0,waiting,-1.5,-1.2102804414099215
model_agnostic_replication_behavior-270b65656a02a9aa-m1,waiting,-0.8750000000000002,-1.9548271781062803
model_agnostic_replication_behavior-272ca08028e479cb-m0,solvability,5.125,2.9197817780970947
model_agnostic_replication_behavior-272ca08028e479cb-m1,solvability,3.625,3.0176937190866857
model_agnostic_replication_behavior-2764b2f4fcf7ed0b-m0,solvability,-0.37499999999999994,-0.6299244275351135
model_agnostic_replication_behavior-2764b2f4fcf7ed0b-m1,solvability,-0.12500000000000006,-0.532012486545522
model_agnostic_replication_behavior-2768884a0f1c8979-m0,bandit,-0.37499999999999994,-0.31746812465019525
model_agnostic_replication_behavior-2768884a0f1c8979-m1,bandit,-0.12500000000000006,0.13297166173120648
model_agnostic_replication_behavior-27a131bd319a1f1e-m0,waiting,-0.6249999999999999,-0.9230283561747601
model_agnostic_replication_behavior-27a131bd319a1f1e-m1,waiting,-1.125,-1.667575092871119
model_agnostic_replication_behavior-28013a07f13bfc32-m0,foraging,-1.375,-0.33157611277796334
model_agnostic_replication_behavior-28013a07f13bfc32-m1,foraging,-1.375,0.100317333555829
model_agnostic_replication_behavior-281952f98366b59e-m0,waiting,-1.0000000000000002,-0.837640327786713
model_agnostic_replication_behavior-281952f98366b59e-m1,waiting,-1.25,-1.5821870644830718
model_agnostic_replication_behavior-2862bdc45eb6d24d-m0,solvability,2.25,2.2971993737480276
model_agnostic_replication_behavior-2862bdc45eb6d24d-m1,solvability,1.625,2.395111314737619
model_agnostic_replication_behavior-28715e418e56a469-m0,solvability,-1.7499999999999998,-1.6727759059188358
model_agnostic_replication_behavior-28715e418e56a469-m1,solvability,-0.8750000000000002,-1.5748639649292444
model_agnostic_replication_behavior-28daaa846d4f852a-m0,foraging,-0.8750000000000002,-0.8352002594055998
model_agnostic_replication_behavior-28daaa846d4f852a-m1,foraging,-0.6249999999999999,-0.4033068130718073
model_agnostic_replication_behavior-28e1ca6f0fd761a4-m0,foraging,-1.875,-1.378014948866437
model_agnostic_replication_behavior-28e1ca6f0fd761a4-m1,foraging,-0.8750000000000002,-0.9461215025326445
model_agnostic_replication_behavior-28ec801d5c018dd4-m0,foraging,-0.7500000000000001,-0.5327798569262927
model_agnostic_replication_behavior-28ec801d5c018dd4-m1,foraging,0.0,-0.1008864105925002
model_agnostic_replication_behavior-28ed4f948cf4119d-m0,information_sampling,-1.7499999999999998,-1.7970226736196415
model_agnostic_replication_behavior-28ed4f948cf4119d-m1,information_sampling,-0.8750000000000002,-1.1469413111424467
model_agnostic_replication_behavior-28ef00a2b5b3cf6f-m0,solvability,-3.25,-1.2264958043686185
model_agnostic_replication_behavior-28ef00a2b5b3cf6f-m1,solvability,-2.375,-1.128583863379027
model_agnostic_replication_behavior-29121b3f21ef53a0-m0,effort,0.7500000000000002,0.23711322410348593
model_agnostic_replication_behavior-29121b3f21ef53a0-m1,effort,1.25,0.7988681402996891
model_agnostic_replication_behavior-292e1ea1438b4350-m0,debugging,0.37499999999999994,0.015162643420756572
model_agnostic_replication_behavior-292e1ea1438b4350-m1,debugging,0.5,0.6327531608581991
model_agnostic_replication_behavior-293b91fc8c9f730b-m0,waiting,-0.5,-0.5387627911910629
model_agnostic_replication_behavior-293b91fc8c9f730b-m1,waiting,-0.8750000000000002,-1.2833095278874218
model_agnostic_replication_behavior-295fccabb249ffb9-m0,waiting,0.0,0.05292852184641095
model_agnostic_replication_behavior-295fccabb249ffb9-m1,waiting,-1.0000000000000002,-0.691618214849948
model_agnostic_replication_behavior-2a093e5dd9ec8011-m0,effort,-1.125,-1.3219571780513657
model_agnostic_replication_behavior-2a093e5dd9ec8011-m1,effort,0.0,-0.7602022618551626
model_agnostic_replication_behavior-2a16bf103e5fba63-m0,debugging,-0.7500000000000001,-0.862024473762513
model_agnostic_replication_behavior-2a16bf103e5fba63-m1,debugging,-0.7500000000000001,-0.2444339563250706
model_agnostic_replication_behavior-2a3574e5c495b06d-m0,effort,-0.5,0.15224397140010026
model_agnostic_replication_behavior-2a3574e5c495b06d-m1,effort,0.5,0.7139988875963033
model_agnostic_replication_behavior-2a5af74f33f7730c-m0,debugging,0.5,0.3855968081495985
model_agnostic_replication_behavior-2a5af74f33f7730c-m1,debugging,1.3750000000000002,1.003187325587041
model_agnostic_replication_behavior-2a9e2043d06dff1c-m0,solvability,1.8749999999999998,1.2387297304724347
model_agnostic_replication_behavior-2a9e2043d06dff1c-m1,solvability,1.25,1.3366416714620266
model_agnostic_replication_behavior-2aa2c040f767ac07-m0,bandit,-2.375,-1.9506275800541455
model_agnostic_replication_behavior-2aa2c040f767ac07-m1,bandit,-2.5,-1.5001877936727435
model_agnostic_replication_behavior-2aa8397dfb20ffaf-m0,bandit,-0.7500000000000001,-1.054255473857198
model_agnostic_replication_behavior-2aa8397dfb20ffaf-m1,bandit,0.125,-0.6038156874757965
model_agnostic_replication_behavior-2aba4fe55422de36-m0,debugging,0.625,-0.41813138613657364
model_agnostic_replication_behavior-2aba4fe55422de36-m1,debugging,0.7500000000000002,0.1994591313008689
model_agnostic_replication_behavior-2abc4d9bccf438dc-m0,waiting,0.37499999999999994,0.5191747187783806
model_agnostic_replication_behavior-2abc4d9bccf438dc-m1,waiting,-0.25,-0.22537201791797845
model_agnostic_replication_behavior-2aeff75df03557d8-m0,waiting,-1.0000000000000002,-0.9967174614435249
model_agnostic_replication_behavior-2aeff75df03557d8-m1,waiting,-1.125,-1.7412641981398838
model_agnostic_replication_behavior-2afb5bc6eae83d18-m0,bandit,-2.375,-2.360342676470864
model_agnostic_replication_behavior-2afb5bc6eae83d18-m1,bandit,-1.875,-1.909902890089462
model_agnostic_replication_behavior-2afdfc095ddc8a2a-m0,waiting,2.125,1.6465718982346753
model_agnostic_replication_behavior-2afdfc095ddc8a2a-m1,waiting,0.37499999999999994,0.9020251615383165
model_agnostic_replication_behavior-2bda1916c817aaa0-m0,effort,-0.6249999999999999,-0.09355509402117113
model_agnostic_replication_behavior-2bda1916c817aaa0-m1,effort,0.0,0.468199822175032
model_agnostic_replication_behavior-2c01864fe0b94c92-m0,waiting,-1.375,-1.23172087797647
model_agnostic_replication_behavior-2c01864fe0b94c92-m1,waiting,-1.5,-1.9762676146728289
model_agnostic_replication_behavior-2c21e9f1bd85962d-m0,effort,-0.12500000000000006,0.1897747370728975
model_agnostic_replication_behavior-2c21e9f1bd85962d-m1,effort,0.8750000000000001,0.7515296532691007
model_agnostic_replication_behavior-2c26de6566a9e1ac-m0,bandit,-0.25,-0.6368841343263411
model_agnostic_replication_behavior-2c26de6566a9e1ac-m1,bandit,-0.12500000000000006,-0.18644434794493928
model_agnostic_replication_behavior-2c57b5d186ae0a71-m0,foraging,-1.125,-0.6877945460637951
model_agnostic_replication_behavior-2c57b5d186ae0a71-m1,foraging,-0.25,-0.2559010997300026
model_agnostic_replication_behavior-2c5e3fd0a27647f9-m0,debugging,-1.125,-0.02897658957251692
model_agnostic_replication_behavior-2c5e3fd0a27647f9-m1,debugging,-0.12500000000000006,0.5886139278649258
model_agnostic_replication_behavior-2c5ff4528f913746-m0,foraging,0.7500000000000002,0.6364267581436396
model_agnostic_replication_behavior-2c5ff4528f913746-m1,foraging,0.8750000000000001,1.0683202044774318
model_agnostic_replication_behavior-2c9dff8ccc665424-m0,effort,-1.125,-0.43339285869472716
model_agnostic_replication_behavior-2c9dff8ccc665424-m1,effort,-0.12500000000000006,0.12836205750147606
model_agnostic_replication_behavior-2cbc0ab24e87c14f-m0,solvability,-1.7499999999999998,-2.003485872606666
model_agnostic_replication_behavior-2cbc0ab24e87c14f-m1,solvability,-1.375,-1.9055739316170746
model_agnostic_replication_behavior-2cda2838f5cc7ecc-m0,effort,2.125,1.220246577240371
model_agnostic_replication_behavior-2cda2838f5cc7ecc-m1,effort,1.5000000000000002,1.7820014934365742
model_agnostic_replication_behavior-2cf1d3ce817afe61-m0,information_sampling,-1.5,-1.797762618418603
model_agnostic_replication_behavior-2cf1d3ce817afe61-m1,information_sampling,-1.25,-1.1476812559414082
model_agnostic_replication_behavior-2d6e1136e4873d9f-m0,debugging,-1.25,-0.436926611648613
model_agnostic_replication_behavior-2d6e1136e4873d9f-m1,debugging,-1.7499999999999998,0.18066390578882952
model_agnostic_replication_behavior-2e16fef3f9938466-m0,bandit,0.0,-0.2943725033837891
model_agnostic_replication_behavior-2e16fef3f9938466-m1,bandit,0.625,0.15606728299761263
model_agnostic_replication_behavior-2e226d5b08a3eee6-m0,bandit,-0.12500000000000006,0.4006382237672188
model_agnostic_replication_behavior-2e226d5b08a3eee6-m1,bandit,0.125,0.8510780101486204
model_agnostic_replication_behavior-2e5b51c2360f80f9-m0,waiting,-1.0000000000000002,-0.64386880951638
model_agnostic_replication_behavior-2e5b51c2360f80f9-m1,waiting,-1.125,-1.3884155462127388
model_agnostic_replication_behavior-2e9dce6bfdb4f9cf-m0,solvability,-0.5,0.45535030635149076
model_agnostic_replication_behavior-2e9dce6bfdb4f9cf-m1,solvability,0.0,0.5532622473410822
model_agnostic_replication_behavior-2eb53f9af7d0e765-m0,debugging,-0.7500000000000001,-0.5154386839695239
model_agnostic_replication_behavior-2eb53f9af7d0e765-m1,debugging,-0.12500000000000006,0.10215183346791867
model_agnostic_replication_behavior-2ee332d2e1c284d3-m0,bandit,1.3750000000000002,0.6226809848473336
model_agnostic_replication_behavior-2ee332d2e1c284d3-m1,bandit,1.125,1.0731207712287352
model_agnostic_replication_behavior-2f02e564f8edc5b2-m0,waiting,2.5,1.4854814413998167
model_agnostic_replication_behavior-2f02e564f8edc5b2-m1,waiting,0.24999999999999992,0.7409347047034578
model_agnostic_replication_behavior-2f21eeba3fe77b5d-m0,debugging,-1.625,-0.837768069814184
model_agnostic_replication_behavior-2f21eeba3fe77b5d-m1,debugging,-0.7500000000000001,-0.2201775523767413
model_agnostic_replication_behavior-2f26850815a35fc8-m0,bandit,1.25,1.3581952183686639
model_agnostic_replication_behavior-2f26850815a35fc8-m1,bandit,1.5000000000000002,1.8086350047500657
model_agnostic_replication_behavior-2f3084e147e32f4b-m0,effort,-0.7500000000000001,-0.8717600511709793
model_agnostic_replication_behavior-2f3084e147e32f4b-m1,effort,-0.37499999999999994,-0.3100051349747761
model_agnostic_replication_behavior-2f7a1051379aa91c-m0,solvability,-1.5,-0.475875237100315
model_agnostic_replication_behavior-2f7a1051379aa91c-m1,solvability,-0.6249999999999999,-0.3779632961107233
model_agnostic_replication_behavior-2fc78efb8492c9f6-m0,information_sampling,-2.125,-2.344347480029499
model_agnostic_replication_behavior-2fc78efb8492c9f6-m1,information_sampling,-2.0,-1.6942661175523046
model_agnostic_replication_behavior-2fd51e0ef430bf2d-m0,information_sampling,-3.375,-2.6870461987444343
model_agnostic_replication_behavior-2fd51e0ef430bf2d-m1,information_sampling,-3.5,-2.0369648362672392
model_agnostic_replication_behavior-2fe2f26c4691beb8-m0,bandit,-1.125,-0.6458682815587204
model_agnostic_replication_behavior-2fe2f26c4691beb8-m1,bandit,-0.6249999999999999,-0.19542849517731875
model_agnostic_replication_behavior-2feab7cb131d997b-m0,effort,-1.125,-0.9933974547532423
model_agnostic_replication_behavior-2feab7cb131d997b-m1,effort,0.125,-0.43164253855703916
model_agnostic_replication_behavior-2ff3cb13aa1a962a-m0,bandit,-0.5,-0.8875233322449654
model_agnostic_replication_behavior-2ff3cb13aa1a962a-m1,bandit,0.125,-0.43708354586356357
model_agnostic_replication_behavior-3020fbe466715153-m0,bandit,0.37499999999999994,0.766099713779788
model_agnostic_replication_behavior-3020fbe466715153-m1,bandit,0.5,1.2165395001611898
model_agnostic_replication_behavior-3060013985ac5deb-m0,effort,-0.37499999999999994,-0.1938022022970308
model_agnostic_replication_behavior-3060013985ac5deb-m1,effort,0.125,0.3679527138991723
model_agnostic_replication_behavior-30aabd7fbd883e12-m0,foraging,-2.25,-2.3697396635800403
model_agnostic_replication_behavior-30aabd7fbd883e12-m1,foraging,-2.0,-1.9378462172462476
model_agnostic_replication_behavior-30c7c0d958a92813-m0,bandit,-0.37499999999999994,0.24468560217519528
model_agnostic_replication_behavior-30c7c0d958a92813-m1,bandit,0.37499999999999994,0.695125388556597
model_agnostic_replication_behavior-30e2ef843e2346d7-m0,information_sampling,-1.625,-2.0723600385826457
model_agnostic_replication_behavior-30e2ef843e2346d7-m1,information_sampling,-1.0000000000000002,-1.4222786761054511
model_agnostic_replication_behavior-3106ef35910d12f0-m0,debugging,0.5,0.469405046631479
model_agnostic_replication_behavior-3106ef35910d12f0-m1,debugging,0.7500000000000002,1.0869955640689217
model_agnostic_replication_behavior-312edf261bf7687a-m0,foraging,-2.125,-1.2154992847976847
model_agnostic_replication_behavior-312edf261bf7687a-m1,foraging,-2.375,-0.7836058384638922
model_agnostic_replication_behavior-314248a5d3ebbf82-m0,solvability,5.25,3.1119510221106745
model_agnostic_replication_behavior-314248a5d3ebbf82-m1,solvability,3.5,3.2098629631002664
model_agnostic_replication_behavior-31b1d290a8b79d86-m0,solvability,1.3750000000000002,1.641222218377364
model_agnostic_replication_behavior-31b1d290a8b79d86-m1,solvability,1.8749999999999998,1.7391341593669556
model_agnostic_replication_behavior-31b3c57c79c11340-m0,bandit,0.24999999999999992,0.1416258974900229
model_agnostic_replication_behavior-31b3c57c79c11340-m1,bandit,0.37499999999999994,0.5920656838714247
model_agnostic_replication_behavior-31b4ed647c54a91f-m0,bandit,0.7500000000000002,0.1864133227132999
model_agnostic_replication_behavior-31b4ed647c54a91f-m1,bandit,0.7500000000000002,0.6368531090947016
model_agnostic_replication_behavior-31bc9f65b0d3b13b-m0,debugging,-0.8750000000000002,-1.0178925072905884
model_agnostic_replication_behavior-31bc9f65b0d3b13b-m1,debugging,-0.37499999999999994,-0.4003019898531458
model_agnostic_replication_behavior-31fc704bc45f8259-m0,debugging,-0.12500000000000006,-0.14780040458387245
model_agnostic_replication_behavior-31fc704bc45f8259-m1,debugging,0.5,0.4697901128535701
model_agnostic_replication_behavior-32019cbe9d2af2c7-m0,effort,-0.37499999999999994,-0.48130519507787767
model_agnostic_replication_behavior-32019cbe9d2af2c7-m1,effort,0.24999999999999992,0.08044972111832539
model_agnostic_replication_behavior-32166c073db17ba2-m0,information_sampling,-2.0,-1.9613402719340522
model_agnostic_replication_behavior-32166c073db17ba2-m1,information_sampling,-0.8750000000000002,-1.3112589094568572
model_agnostic_replication_behavior-32204b629e130534-m0,waiting,-1.5,-1.504992656599844
model_agnostic_replication_behavior-32204b629e130534-m1,waiting,-1.5,-2.2495393932962027
model_agnostic_replication_behavior-3227831cea0aaea5-m0,effort,-1.125,-0.7707879441855665
model_agnostic_replication_behavior-3227831cea0aaea5-m1,effort,-0.12500000000000006,-0.2090330279893633
model_agnostic_replication_behavior-325a58838a519821-m0,solvability,-1.875,-1.5438235747519262
model_agnostic_replication_behavior-325a58838a519821-m1,solvability,-0.7500000000000001,-1.4459116337623348
model_agnostic_replication_behavior-32652937ee81c79b-m0,foraging,-0.25,0.6771202942568821
model_agnostic_replication_behavior-32652937ee81c79b-m1,foraging,0.37499999999999994,1.1090137405906746
model_agnostic_replication_behavior-329cde008f3595c1-m0,effort,-0.8750000000000002,-0.6319100428004765
model_agnostic_replication_behavior-329cde008f3595c1-m1,effort,0.125,-0.0701551266042734
model_agnostic_replication_behavior-32aff6eac214317b-m0,solvability,0.24999999999999992,0.5006635634094243
model_agnostic_replication_behavior-32aff6eac214317b-m1,solvability,-0.12500000000000006,0.598575504399016
model_agnostic_replication_behavior-32e3d4237315b80c-m0,waiting,-0.5,-0.2906725618342989
model_agnostic_replication_behavior-32e3d4237315b80c-m1,waiting,-0.37499999999999994,-1.0352192985306579
model_agnostic_replication_behavior-32f1d31e83c1f6d4-m0,foraging,-0.25,0.10669317249202809
model_agnostic_replication_behavior-32f1d31e83c1f6d4-m1,foraging,0.625,0.5385866188258206
model_agnostic_replication_behavior-32f414fb1bc864e7-m0,bandit,1.75,0.7740910904524699
model_agnostic_replication_behavior-32f414fb1bc864e7-m1,bandit,1.125,1.2245308768338716
model_agnostic_replication_behavior-3378cbde33bbf401-m0,solvability,-0.6249999999999999,-1.066423617854976
model_agnostic_replication_behavior-3378cbde33bbf401-m1,solvability,-0.12500000000000006,-0.9685116768653843
model_agnostic_replication_behavior-338e34d8fb1f3e5e-m0,debugging,-0.5,0.012385990362762778
model_agnostic_replication_behavior-338e34d8fb1f3e5e-m1,debugging,-0.12500000000000006,0.6299765078002054
model_agnostic_replication_behavior-33d33991ef25818e-m0,information_sampling,-2.5,-2.561951641254473
model_agnostic_replication_behavior-33d33991ef25818e-m1,information_sampling,-1.5,-1.9118702787772786
model_agnostic_replication_behavior-33e3a9424dc4d0eb-m0,waiting,-1.25,-0.816569698741295
model_agnostic_replication_behavior-33e3a9424dc4d0eb-m1,waiting,-1.7499999999999998,-1.5611164354376539
model_agnostic_replication_behavior-33e6758a7689ad1b-m0,bandit,-0.25,-0.6592634789406602
model_agnostic_replication_behavior-33e6758a7689ad1b-m1,bandit,-0.37499999999999994,-0.20882369255925837
model_agnostic_replication_behavior-33f7e382ee70c03a-m0,foraging,1.8749999999999998,1.0776857259243515
model_agnostic_replication_behavior-33f7e382ee70c03a-m1,foraging,1.625,1.5095791722581442
model_agnostic_replication_behavior-3417497abe181e00-m0,foraging,-1.7499999999999998,-1.5336359272359652
model_agnostic_replication_behavior-3417497abe181e00-m1,foraging,-0.8750000000000002,-1.1017424809021725
model_agnostic_replication_behavior-34657ac0a87412d3-m0,waiting,-1.625,-1.3549160675855365
model_agnostic_replication_behavior-34657ac0a87412d3-m1,waiting,-1.7499999999999998,-2.0994628042818957
model_agnostic_replication_behavior-346c4a2e93eb4511-m0,foraging,-0.7500000000000001,-0.42158867281712625
model_agnostic_replication_behavior-346c4a2e93eb4511-m1,foraging,-0.25,0.010304773516666088
model_agnostic_replication_behavior-346ca124a92b6ca1-m0,bandit,-1.375,-1.5167489361336681
model_agnostic_replication_behavior-346ca124a92b6ca1-m1,bandit,-0.12500000000000006,-1.0663091497522665
model_agnostic_replication_behavior-347876a4b4751de2-m0,information_sampling,-2.0,-1.6828394962624977
model_agnostic_replication_behavior-347876a4b4751de2-m1,information_sampling,-0.5,-1.0327581337853027
model_agnostic_replication_behavior-347f0a0457cbd410-m0,debugging,-1.875,-2.004920434063721
model_agnostic_replication_behavior-347f0a0457cbd410-m1,debugging,-1.5,-1.3873299166262782
model_agnostic_replication_behavior-34a990226981f294-m0,waiting,-0.25,-0.059277614499407494
model_agnostic_replication_behavior-34a990226981f294-m1,waiting,-1.125,-0.8038243511957665
model_agnostic_replication_behavior-34b332777d67dc52-m0,debugging,0.625,0.2907164824123603
model_agnostic_replication_behavior-34b332777d67dc52-m1,debugging,1.0,0.9083069998498028
model_agnostic_replication_behavior-34baa2779e183111-m0,information_sampling,-1.7499999999999998,-1.8369777601433355
model_agnostic_replication_behavior-34baa2779e183111-m1,information_sampling,-1.5,-1.1868963976661404
model_agnostic_replication_behavior-34c616819a854651-m0,foraging,1.5000000000000002,1.0684880503343188
model_agnostic_replication_behavior-34c616819a854651-m1,foraging,1.5000000000000002,1.5003814966681113
model_agnostic_replication_behavior-34c970faac204d64-m0,effort,0.625,1.2353683384463172
model_agnostic_replication_behavior-34c970faac204d64-m1,effort,1.125,1.7971232546425204
model_agnostic_replication_behavior-34ec5616f6136c52-m0,foraging,-0.8750000000000002,-1.0832000754191613
model_agnostic_replication_behavior-34ec5616f6136c52-m1,foraging,-1.0000000000000002,-0.6513066290853686
model_agnostic_replication_behavior-350ae2da019adadd-m0,foraging,2.75,1.7417529103909193
model_agnostic_replication_behavior-350ae2da019adadd-m1,foraging,1.625,2.1736463567247113
model_agnostic_replication_behavior-35b8f420f672cb43-m0,bandit,0.0,0.2195775340521225
model_agnostic_replication_behavior-35b8f420f672cb43-m1,bandit,-0.12500000000000006,0.6700173204335242
model_agnostic_replication_behavior-35d31dbda2ad98d6-m0,bandit,0.0,-0.10419372737195742
model_agnostic_replication_behavior-35d31dbda2ad98d6-m1,bandit,0.625,0.3462460590094444
model_agnostic_replication_behavior-35f0d4b438098135-m0,effort,-0.37499999999999994,-0.018410233125719114
model_agnostic_replication_behavior-35f0d4b438098135-m1,effort,0.24999999999999992,0.5433446830704839
model_agnostic_replication_behavior-360727f4b585154e-m0,waiting,-0.8750000000000002,-0.22120216976969673
model_agnostic_replication_behavior-360727f4b585154e-m1,waiting,-1.0000000000000002,-0.9657489064660556
model_agnostic_replication_behavior-363bd9ae88cb6482-m0,debugging,-2.0,-1.4286990950483993
model_agnostic_replication_behavior-363bd9ae88cb6482-m1,debugging,-1.0000000000000002,-0.8111085776109568
model_agnostic_replication_behavior-368020fb45e0fce1-m0,solvability,-0.25,-0.53189210324303
model_agnostic_replication_behavior-368020fb45e0fce1-m1,solvability,0.5,-0.4339801622534384
model_agnostic_replication_behavior-36807433cfec4567-m0,effort,1.0,-0.03809669384579019
model_agnostic_replication_behavior-36807433cfec4567-m1,effort,1.0,0.5236582223504129
model_agnostic_replication_behavior-368994e9f5ea14e9-m0,foraging,1.25,0.7769892239007401
model_agnostic_replication_behavior-368994e9f5ea14e9-m1,foraging,0.7500000000000002,1.2088826702345326
model_agnostic_replication_behavior-369306a735ff1e4c-m0,information_sampling,-1.7499999999999998,-1.855035718123335
model_agnostic_replication_behavior-369306a735ff1e4c-m1,information_sampling,-1.625,-1.2049543556461404
model_agnostic_replication_behavior-3699d110a9abbb01-m0,bandit,-1.125,-0.6858724398095173
model_agnostic_replication_behavior-3699d110a9abbb01-m1,bandit,-0.5,-0.23543265342811553
model_agnostic_replication_behavior-36be1168ae25d425-m0,foraging,-0.7500000000000001,-0.4520446549594836
model_agnostic_replication_behavior-36be1168ae25d425-m1,foraging,-0.25,-0.020151208625691086
model_agnostic_replication_behavior-36dd3f915d6c0798-m0,information_sampling,-2.875,-2.394952329956556
model_agnostic_replication_behavior-36dd3f915d6c0798-m1,information_sampling,-3.375,-1.7448709674793608
model_agnostic_replication_behavior-36f6ca53e4ebdd76-m0,solvability,1.125,0.9065354519767659
model_agnostic_replication_behavior-36f6ca53e4ebdd76-m1,solvability,0.5,1.0044473929663573
model_agnostic_replication_behavior-37125ef1736ba0ac-m0,foraging,-0.5,-0.5888856693816562
model_agnostic_replication_behavior-37125ef1736ba0ac-m1,foraging,0.0,-0.15699222304786387
model_agnostic_replication_behavior-3713b6a9184e4b46-m0,debugging,-0.37499999999999994,-0.2956096981668772
model_agnostic_replication_behavior-3713b6a9184e4b46-m1,debugging,0.0,0.32198081927056554
model_agnostic_replication_behavior-371d5a5c51cfeaa7-m0,effort,0.0,0.5852040465878013
model_agnostic_replication_behavior-371d5a5c51cfeaa7-m1,effort,1.125,1.1469589627840044
model_agnostic_replication_behavior-37232894c21103a7-m0,debugging,1.3750000000000002,0.5648357115900934
model_agnostic_replication_behavior-37232894c21103a7-m1,debugging,1.625,1.182426229027536
model_agnostic_replication_behavior-373e938e7cce88b4-m0,bandit,-2.25,-1.6368304763107173
model_agnostic_replication_behavior-373e938e7cce88b4-m1,bandit,-2.375,-1.1863906899293155
model_agnostic_replication_behavior-3761c0f0d1fd4f46-m0,information_sampling,-2.0,-2.1078145133348385
model_agnostic_replication_behavior-3761c0f0d1fd4f46-m1,information_sampling,-1.375,-1.4577331508576434
model_agnostic_replication_behavior-37975376e280141e-m0,waiting,-0.25,0.06253481933044974
model_agnostic_replication_behavior-37975376e280141e-m1,waiting,-1.625,-0.6820119173659094
model_agnostic_replication_behavior-37bd1ec8f9bcd92e-m0,debugging,-0.7500000000000001,-1.4256377383115466
model_agnostic_replication_behavior-37bd1ec8f9bcd92e-m1,debugging,-0.6249999999999999,-0.8080472208741037
model_agnostic_replication_behavior-3808bd01a40d613b-m0,foraging,-0.8750000000000002,-0.568067460634663
model_agnostic_replication_behavior-3808bd01a40d613b-m1,foraging,0.0,-0.13617401430087078
model_agnostic_replication_behavior-38123c42805a1a47-m0,solvability,-0.37499999999999994,0.3874489957141599
model_agnostic_replication_behavior-38123c42805a1a47-m1,solvability,0.0,0.4853609367037515
model_agnostic_replication_behavior-3819b613dac8b124-m0,foraging,-0.8750000000000002,-0.00810354217174264
model_agnostic_replication_behavior-3819b613dac8b124-m1,foraging,-0.12500000000000006,0.4237899041620498
model_agnostic_replication_behavior-384cb3bf9b3931c6-m0,foraging,-0.25,0.21847318583784367
model_agnostic_replication_behavior-384cb3bf9b3931c6-m1,foraging,0.37499999999999994,0.6503666321716363
model_agnostic_replication_behavior-389536591550721c-m0,debugging,0.37499999999999994,0.6020055305107296
model_agnostic_replication_behavior-389536591550721c-m1,debugging,0.625,1.2195960479481718
model_agnostic_replication_behavior-38aab0fd9fc14be1-m0,foraging,-2.375,-2.4264133896228435
model_agnostic_replication_behavior-38aab0fd9fc14be1-m1,foraging,-2.5,-1.994519943289051
model_agnostic_replication_behavior-38af44c71c8a47b6-m0,effort,-1.25,-0.9658758248102454
model_agnostic_replication_behavior-38af44c71c8a47b6-m1,effort,0.24999999999999992,-0.4041209086140422
model_agnostic_replication_behavior-38da9964ff405890-m0,debugging,-1.625,-0.935242419916361
model_agnostic_replication_behavior-38da9964ff405890-m1,debugging,-2.25,-0.3176519024789186
model_agnostic_replication_behavior-38edc479bb5223d8-m0,foraging,-2.125,-1.1215186048652936
model_agnostic_replication_behavior-38edc479bb5223d8-m1,foraging,-1.7499999999999998,-0.689625158531501
model_agnostic_replication_behavior-38f31abd4cd10187-m0,waiting,0.125,0.06537980553589096
model_agnostic_replication_behavior-38f31abd4cd10187-m1,waiting,-0.8750000000000002,-0.679166931160468
model_agnostic_replication_behavior-39593c2d93df3fe2-m0,effort,-0.7500000000000001,-0.5361135832622533
model_agnostic_replication_behavior-39593c2d93df3fe2-m1,effort,0.37499999999999994,0.02564133293394988
model_agnostic_replication_behavior-3981bea604e19a3e-m0,bandit,0.8750000000000001,0.9253392850823952
model_agnostic_replication_behavior-3981bea604e19a3e-m1,bandit,1.0,1.3757790714637972
model_agnostic_replication_behavior-39962819bdfafc16-m0,bandit,-2.5,-2.025295291663787
model_agnostic_replication_behavior-39962819bdfafc16-m1,bandit,-2.375,-1.5748555052823852
model_agnostic_replication_behavior-39b5a1b214082403-m0,bandit,2.625,1.507105691555505
model_agnostic_replication_behavior-39b5a1b214082403-m1,bandit,1.3750000000000002,1.9575454779369068
model_agnostic_replication_behavior-39bf204366d5758c-m0,debugging,1.125,1.068174068961084
model_agnostic_replication_behavior-39bf204366d5758c-m1,debugging,1.625,1.6857645863985269
model_agnostic_replication_behavior-39ed3fe24c36da51-m0,debugging,1.5000000000000002,0.8150282642339397
model_agnostic_replication_behavior-39ed3fe24c36da51-m1,debugging,1.5000000000000002,1.4326187816713825
model_agnostic_replication_behavior-3a087443f81cf706-m0,debugging,0.0,0.2005323580109818
model_agnostic_replication_behavior-3a087443f81cf706-m1,debugging,0.24999999999999992,0.8181228754484243
model_agnostic_replication_behavior-3a2799b52abe3433-m0,effort,-0.5,-0.40902189272625483
model_agnostic_replication_behavior-3a2799b52abe3433-m1,effort,0.24999999999999992,0.15273302346994827
model_agnostic_replication_behavior-3a3b5c4df0ad1421-m0,debugging,-1.375,-0.996055479977389
model_agnostic_replication_behavior-3a3b5c4df0ad1421-m1,debugging,-0.6249999999999999,-0.37846496253994677
model_agnostic_replication_behavior-3a4d8be6e10d0330-m0,waiting,1.3750000000000002,1.3550262443883558
model_agnostic_replication_behavior-3a4d8be6e10d0330-m1,waiting,-0.12500000000000006,0.6104795076919971
model_agnostic_replication_behavior-3a83d79673e3b933-m0,information_sampling,-1.7499999999999998,-1.5183866071144698
model_agnostic_replication_behavior-3a83d79673e3b933-m1,information_sampling,-0.5,-0.8683052446372748
model_agnostic_replication_behavior-3a927ff833ba238c-m0,effort,-0.37499999999999994,-0.09803179334441936
model_agnostic_replication_behavior-3a927ff833ba238c-m1,effort,0.24999999999999992,0.46372312285178363
model_agnostic_replication_behavior-3abb0718b6fd2981-m0,information_sampling,-2.25,-1.7346565071837037
model_agnostic_replication_behavior-3abb0718b6fd2981-m1,information_sampling,-2.125,-1.0845751447065086
model_agnostic_replication_behavior-3ad63a65d2f7ccf9-m0,foraging,-1.7499999999999998,-1.1854345117340719
model_agnostic_replication_behavior-3ad63a65d2f7ccf9-m1,foraging,-1.375,-0.7535410654002793
model_agnostic_replication_behavior-3aecce0cacbf3278-m0,waiting,-1.0000000000000002,-0.5875905758181804
model_agnostic_replication_behavior-3aecce0cacbf3278-m1,waiting,-1.375,-1.332137312514539
model_agnostic_replication_behavior-3b098e4de07da968-m0,foraging,-1.0000000000000002,-0.9162718055802691
model_agnostic_replication_behavior-3b098e4de07da968-m1,foraging,-0.5,-0.48437835924647676
model_agnostic_replication_behavior-3b0c58fb2e4360da-m0,solvability,3.75,2.4708855948369646
model_agnostic_replication_behavior-3b0c58fb2e4360da-m1,solvability,2.5,2.5687975358265565
model_agnostic_replication_behavior-3b66b5a311e0aa51-m0,waiting,-0.37499999999999994,-0.739542745913718
model_agnostic_replication_behavior-3b66b5a311e0aa51-m1,waiting,-1.0000000000000002,-1.484089482610077
model_agnostic_replication_behavior-3b6d1fe5ec4e82a6-m0,bandit,-1.875,-1.766429951668366
model_agnostic_replication_behavior-3b6d1fe5ec4e82a6-m1,bandit,-2.5,-1.315990165286964
model_agnostic_replication_behavior-3b8054907b519ea5-m0,foraging,0.24999999999999992,0.952729862413936
model_agnostic_replication_behavior-3b8054907b519ea5-m1,foraging,0.8750000000000001,1.3846233087477284
model_agnostic_replication_behavior-3b8b35478d724b88-m0,debugging,1.0,0.8268283244707632
model_agnostic_replication_behavior-3b8b35478d724b88-m1,debugging,1.625,1.4444188419082056
model_agnostic_replication_behavior-3be1bc4a64a8782d-m0,foraging,1.3750000000000002,1.1005240636914861
model_agnostic_replication_behavior-3be1bc4a64a8782d-m1,foraging,1.3750000000000002,1.5324175100252784
model_agnostic_replication_behavior-3cc647d20c11e750-m0,bandit,0.125,-0.5228154370031792
model_agnostic_replication_behavior-3cc647d20c11e750-m1,bandit,-0.5,-0.07237565062177756
model_agnostic_replication_behavior-3cf1ab8764f4b682-m0,solvability,2.375,2.4333772854326057
model_agnostic_replication_behavior-3cf1ab8764f4b682-m1,solvability,1.0,2.5312892264221976
model_agnostic_replication_behavior-3cf72f04474a0b1d-m0,effort,1.125,0.8052212443483359
model_agnostic_replication_behavior-3cf72f04474a0b1d-m1,effort,0.8750000000000001,1.366976160544539
model_agnostic_replication_behavior-3cf9ad49798eaf7a-m0,bandit,3.125,1.4878858730401363
model_agnostic_replication_behavior-3cf9ad49798eaf7a-m1,bandit,2.375,1.9383256594215381
model_agnostic_replication_behavior-3cfd3da02bdcae6c-m0,waiting,0.0,-0.42520252652560486
model_agnostic_replication_behavior-3cfd3da02bdcae6c-m1,waiting,-1.625,-1.1697492632219637
model_agnostic_replication_behavior-3d4abe0e0718a842-m0,information_sampling,-1.7499999999999998,-1.529770339641442
model_agnostic_replication_behavior-3d4abe0e0718a842-m1,information_sampling,-0.7500000000000001,-0.8796889771642472
model_agnostic_replication_behavior-3d51e2f29a93d3af-m0,information_sampling,-2.0,-2.646409510274844
model_agnostic_replication_behavior-3d51e2f29a93d3af-m1,information_sampling,-1.375,-1.9963281477976489
model_agnostic_replication_behavior-3d9ad93527a7fbf8-m0,waiting,-1.25,-0.6086925112539198
model_agnostic_replication_behavior-3d9ad93527a7fbf8-m1,waiting,-3.875,-1.3532392479502786
model_agnostic_replication_behavior-3dc7ea711fd5372b-m0,debugging,0.625,0.733088924085955
model_agnostic_replication_behavior-3dc7ea711fd5372b-m1,debugging,1.3750000000000002,1.3506794415233978
model_agnostic_replication_behavior-3e028dbe9d5ffefa-m0,debugging,-0.37499999999999994,-0.055843543448727356
model_agnostic_replication_behavior-3e028dbe9d5ffefa-m1,debugging,-0.12500000000000006,0.5617469739887152
model_agnostic_replication_behavior-3e3f0372649b62b5-m0,debugging,-1.7499999999999998,-1.3657735580843693
model_agnostic_replication_behavior-3e3f0372649b62b5-m1,debugging,-2.125,-0.748183040646927
model_agnostic_replication_behavior-3e5f7ab90ec2d24c-m0,information_sampling,-2.375,-2.2405587176809494
model_agnostic_replication_behavior-3e5f7ab90ec2d24c-m1,information_sampling,-1.375,-1.5904773552037548
model_agnostic_replication_behavior-3e74442fdb6ca520-m0,effort,0.0,0.5846357118320904
model_agnostic_replication_behavior-3e74442fdb6ca520-m1,effort,0.8750000000000001,1.1463906280282934
model_agnostic_replication_behavior-3ec425db95155e19-m0,effort,-0.12500000000000006,0.19422801113322866
model_agnostic_replication_behavior-3ec425db95155e19-m1,effort,0.7500000000000002,0.7559829273294316
model_agnostic_replication_behavior-3ef7aeb023b118f6-m0,bandit,-0.37499999999999994,0.06717877001219813
model_agnostic_replication_behavior-3ef7aeb023b118f6-m1,bandit,-0.5,0.5176185563936
model_agnostic_replication_behavior-3f00f39f255f6f8c-m0,foraging,4.125,2.109476135874411
model_agnostic_replication_behavior-3f00f39f255f6f8c-m1,foraging,2.375,2.541369582208203
model_agnostic_replication_behavior-3f2ba35b5c08ad6f-m0,effort,2.375,1.71632975747288
model_agnostic_replication_behavior-3f2ba35b5c08ad6f-m1,effort,2.125,2.278084673669083
model_agnostic_replication_behavior-3f410f1619d9c83b-m0,solvability,-0.7500000000000001,-0.6193840363788798
model_agnostic_replication_behavior-3f410f1619d9c83b-m1,solvability,-0.25,-0.5214720953892882
model_agnostic_replication_behavior-3f76b3bf4c7d2da4-m0,debugging,-0.7500000000000001,-0.18564042776033313
model_agnostic_replication_behavior-3f76b3bf4c7d2da4-m1,debugging,-0.5,0.43195008967710935
model_agnostic_replication_behavior-3f9d284164db3b9d-m0,information_sampling,-2.25,-2.3228237960957543
model_agnostic_replication_behavior-3f9d284164db3b9d-m1,information_sampling,-1.625,-1.6727424336185597
model_agnostic_replication_behavior-3fb2de2b9129719f-m0,information_sampling,-1.875,-2.104896364621017
model_agnostic_replication_behavior-3fb2de2b9129719f-m1,information_sampling,-1.625,-1.454815002143822
model_agnostic_replication_behavior-3fc6c940d0a25441-m0,waiting,-1.625,-1.74266834327084
model_agnostic_replication_behavior-3fc6c940d0a25441-m1,waiting,-1.625,-2.487215079967199
model_agnostic_replication_behavior-3fd4e6e5620fa1f2-m0,waiting,0.625,0.1470077709373327
model_agnostic_replication_behavior-3fd4e6e5620fa1f2-m1,waiting,-0.37499999999999994,-0.5975389657590262
model_agnostic_replication_behavior-3fdcdf37a3d72da9-m0,effort,-0.12500000000000006,0.002815345865267549
model_agnostic_replication_behavior-3fdcdf37a3d72da9-m1,effort,0.37499999999999994,0.5645702620614708
model_agnostic_replication_behavior-3fe7d5491c3ad9c5-m0,debugging,-0.5,-0.22410317120119783
model_agnostic_replication_behavior-3fe7d5491c3ad9c5-m1,debugging,0.0,0.3934873462362446
model_agnostic_replication_behavior-3ff4ad9434e96b49-m0,debugging,-0.7500000000000001,-0.3850916712011466
model_agnostic_replication_behavior-3ff4ad9434e96b49-m1,debugging,-0.6249999999999999,0.23249884623629588
model_agnostic_replication_behavior-4001afa53065e156-m0,information_sampling,-1.625,-1.9747479532765642
model_agnostic_replication_behavior-4001afa53065e156-m1,information_sampling,-1.0000000000000002,-1.3246665907993695
model_agnostic_replication_behavior-400ec26c08a340ec-m0,information_sampling,-2.375,-2.2872323316838954
model_agnostic_replication_behavior-400ec26c08a340ec-m1,information_sampling,-0.8750000000000002,-1.6371509692067006
model_agnostic_replication_behavior-40121b3e707f2fff-m0,waiting,-1.375,-1.1445703575327257
model_agnostic_replication_behavior-40121b3e707f2fff-m1,waiting,-1.25,-1.8891170942290847
model_agnostic_replication_behavior-40129a5673b3d68a-m0,effort,-0.5,-0.46828117668405767
model_agnostic_replication_behavior-40129a5673b3d68a-m1,effort,-0.6249999999999999,0.09347373951214533
model_agnostic_replication_behavior-4055ae4dfb07116f-m0,foraging,2.25,0.5337439390319043
model_agnostic_replication_behavior-4055ae4dfb07116f-m1,foraging,1.25,0.9656373853656965
model_agnostic_replication_behavior-407b303a78ef3d8c-m0,debugging,-0.12500000000000006,0.07844675224234854
model_agnostic_replication_behavior-407b303a78ef3d8c-m1,debugging,0.0,0.6960372696797911
model_agnostic_replication_behavior-40a3ddce92741e05-m0,bandit,-0.37499999999999994,-0.05962103115186057
model_agnostic_replication_behavior-40a3ddce92741e05-m1,bandit,0.0,0.3908187552295412
model_agnostic_replication_behavior-40c3d5939d6a6fde-m0,effort,-1.375,-1.200433623708301
model_agnostic_replication_behavior-40c3d5939d6a6fde-m1,effort,-0.25,-0.6386787075120981
model_agnostic_replication_behavior-41113d1da15472df-m0,bandit,0.0,0.05643979272975619
model_agnostic_replication_behavior-41113d1da15472df-m1,bandit,0.37499999999999994,0.506879579111158
model_agnostic_replication_behavior-4122428eac3c0abf-m0,effort,-1.375,-1.1288931338334853
model_agnostic_replication_behavior-4122428eac3c0abf-m1,effort,-0.37499999999999994,-0.5671382176372821
model_agnostic_replication_behavior-415f7410d8ae0f39-m0,bandit,0.5,0.4407316494288702
model_agnostic_replication_behavior-415f7410d8ae0f39-m1,bandit,0.7500000000000002,0.891171435810272
model_agnostic_replication_behavior-4169167df74afa58-m0,bandit,3.0,1.967103960841535
model_agnostic_replication_behavior-4169167df74afa58-m1,bandit,2.0,2.417543747222937
model_agnostic_replication_behavior-417da2de94b6ac91-m0,waiting,0.5,0.47169027839676747
model_agnostic_replication_behavior-417da2de94b6ac91-m1,waiting,-0.25,-0.2728564582995915
model_agnostic_replication_behavior-41b844ea38cdf123-m0,debugging,-0.37499999999999994,-0.3791286409640027
model_agnostic_replication_behavior-41b844ea38cdf123-m1,debugging,0.0,0.2384618764734399
model_agnostic_replication_behavior-41fbe20576b79ba0-m0,waiting,-0.25,0.003209631280893299
model_agnostic_replication_behavior-41fbe20576b79ba0-m1,waiting,-1.25,-0.7413371054154656
model_agnostic_replication_behavior-422d1cc9bbd937c5-m0,solvability,0.5,0.5060067123477283
model_agnostic_replication_behavior-422d1cc9bbd937c5-m1,solvability,1.25,0.6039186533373198
model_agnostic_replication_behavior-4261508a5f90395d-m0,information_sampling,-1.7499999999999998,-1.7549201793999911
model_agnostic_replication_behavior-4261508a5f90395d-m1,information_sampling,-0.7500000000000001,-1.1048388169227963
model_agnostic_replication_behavior-429755b2bc8be225-m0,debugging,-0.25,-0.28581587331322794
model_agnostic_replication_behavior-429755b2bc8be225-m1,debugging,0.24999999999999992,0.33177464412421453
model_agnostic_replication_behavior-435eabe83e061f49-m0,foraging,-1.125,-0.5924309551640825
model_agnostic_replication_behavior-435eabe83e061f49-m1,foraging,-0.37499999999999994,-0.16053750883029022
model_agnostic_replication_behavior-436a11e19cb56f8f-m0,information_sampling,-2.25,-2.342778498354207
model_agnostic_replication_behavior-436a11e19cb56f8f-m1,information_sampling,-1.625,-1.6926971358770124
model_agnostic_replication_behavior-438038cf39a92aee-m0,effort,-0.25,-0.6327369985862017
model_agnostic_replication_behavior-438038cf39a92aee-m1,effort,0.625,-0.0709820823899985
model_agnostic_replication_behavior-43908fc217e4aa4e-m0,information_sampling,-1.25,-1.5444726903328077
model_agnostic_replication_behavior-43908fc217e4aa4e-m1,information_sampling,-1.0000000000000002,-0.8943913278556128
model_agnostic_replication_behavior-43c690cc39fa343b-m0,waiting,0.0,-0.004902960341305995
model_agnostic_replication_behavior-43c690cc39fa343b-m1,waiting,-1.25,-0.749449697037665
model_agnostic_replication_behavior-43d53f23a598e80a-m0,solvability,-1.0000000000000002,-0.9918718464738157
model_agnostic_replication_behavior-43d53f23a598e80a-m1,solvability,-0.5,-0.893959905484224
model_agnostic_replication_behavior-43e2296fc0ab9dbd-m0,effort,1.25,0.14809684507358933
model_agnostic_replication_behavior-43e2296fc0ab9dbd-m1,effort,1.125,0.7098517612697925
model_agnostic_replication_behavior-44071681811add4a-m0,effort,-0.25,-1.0750104812053558
model_agnostic_replication_behavior-44071681811add4a-m1,effort,-0.25,-0.5132555650091526
model_agnostic_replication_behavior-441936621d27debf-m0,foraging,0.7500000000000002,1.5587667352265695
model_agnostic_replication_behavior-441936621d27debf-m1,foraging,0.625,1.9906601815603622
model_agnostic_replication_behavior-4429a771ace4b099-m0,solvability,-0.25,-0.03080371305816163
model_agnostic_replication_behavior-4429a771ace4b099-m1,solvability,0.7500000000000002,0.06710822793142995
model_agnostic_replication_behavior-44349dae1dd68fcb-m0,information_sampling,-1.0000000000000002,-1.7316649131677062
model_agnostic_replication_behavior-44349dae1dd68fcb-m1,information_sampling,-1.0000000000000002,-1.0815835506905112
model_agnostic_replication_behavior-44457fbfce177a7b-m0,waiting,-1.5,-1.167385700324374
model_agnostic_replication_behavior-44457fbfce177a7b-m1,waiting,-1.7499999999999998,-1.911932437020733
model_agnostic_replication_behavior-445d70836c190b50-m0,information_sampling,-2.0,-2.2096995988882986
model_agnostic_replication_behavior-445d70836c190b50-m1,information_sampling,-1.125,-1.5596182364111035
model_agnostic_replication_behavior-44a01d3134259f96-m0,information_sampling,-1.7499999999999998,-2.0138566494407044
model_agnostic_replication_behavior-44a01d3134259f96-m1,information_sampling,-1.5,-1.3637752869635096
model_agnostic_replication_behavior-44bc2e7a5cc3eb3c-m0,waiting,1.125,0.800637539000226
model_agnostic_replication_behavior-44bc2e7a5cc3eb3c-m1,waiting,0.0,0.05609080230386709
model_agnostic_replication_behavior-44ed84140cf0eca6-m0,effort,1.125,1.0919059073783481
model_agnostic_replication_behavior-44ed84140cf0eca6-m1,effort,1.125,1.6536608235745516
model_agnostic_replication_behavior-44efb09f649b8daf-m0,information_sampling,-2.375,-2.0392273246180688
model_agnostic_replication_behavior-44efb09f649b8daf-m1,information_sampling,-0.5,-1.3891459621408735
model_agnostic_replication_behavior-451d1feccd57ea68-m0,foraging,-0.12500000000000006,-0.010789204165403937
model_agnostic_replication_behavior-451d1feccd57ea68-m1,foraging,0.5,0.4211042421683885
model_agnostic_replication_behavior-458a67123178d28d-m0,solvability,-1.875,-3.150624963692497
model_agnostic_replication_behavior-458a67123178d28d-m1,solvability,-1.7499999999999998,-3.052713022702905
model_agnostic_replication_behavior-459683604851eadd-m0,foraging,-2.25,-2.393919500449335
model_agnostic_replication_behavior-459683604851eadd-m1,foraging,-1.7499999999999998,-1.9620260541155428
model_agnostic_replication_behavior-45c02c84e0d8a231-m0,foraging,-1.25,-0.5351241010685522
model_agnostic_replication_behavior-45c02c84e0d8a231-m1,foraging,0.125,-0.10323065473476004
model_agnostic_replication_behavior-45d25567b3d8185a-m0,solvability,3.375,1.8487869207667618
model_agnostic_replication_behavior-45d25567b3d8185a-m1,solvability,2.25,1.9466988617563532
model_agnostic_replication_behavior-45f1d4e0684c78bf-m0,effort,0.24999999999999992,0.09328712941364897
model_agnostic_replication_behavior-45f1d4e0684c78bf-m1,effort,1.125,0.6550420456098521
model_agnostic_replication_behavior-460cbc7b41ebcb49-m0,foraging,0.5,0.24436681721729486
model_agnostic_replication_behavior-460cbc7b41ebcb49-m1,foraging,0.24999999999999992,0.6762602635510873
model_agnostic_replication_behavior-460fa98801833e43-m0,solvability,0.125,1.0086262644703745
model_agnostic_replication_behavior-460fa98801833e43-m1,solvability,1.3750000000000002,1.1065382054599662
model_agnostic_replication_behavior-46280498a1c8f592-m0,debugging,-0.37499999999999994,-0.21453532321333993
model_agnostic_replication_behavior-46280498a1c8f592-m1,debugging,0.0,0.4030551942241027
model_agnostic_replication_behavior-46582f4c674c4be4-m0,waiting,-0.5,-0.4013109837372658
model_agnostic_replication_behavior-46582f4c674c4be4-m1,waiting,-0.6249999999999999,-1.1458577204336247
model_agnostic_replication_behavior-469d23a5a73b138c-m0,debugging,-0.7500000000000001,-0.3506924686493927
model_agnostic_replication_behavior-469d23a5a73b138c-m1,debugging,-0.25,0.2668980487880499
model_agnostic_replication_behavior-46dc7e910f9443a9-m0,bandit,-1.375,-1.541292766207142
model_agnostic_replication_behavior-46dc7e910f9443a9-m1,bandit,-1.25,-1.0908529798257403
model_agnostic_replication_behavior-46e5b6ca82a3b07d-m0,waiting,3.75,2.129177093289636
model_agnostic_replication_behavior-46e5b6ca82a3b07d-m1,waiting,0.625,1.3846303565932772
model_agnostic_replication_behavior-46ed10d3dff14252-m0,information_sampling,-2.75,-1.8373795248999687
model_agnostic_replication_behavior-46ed10d3dff14252-m1,information_sampling,-1.5,-1.1872981624227739
model_agnostic_replication_behavior-471fad0e4db6f108-m0,solvability,-2.5,-1.8886398414932484
model_agnostic_replication_behavior-471fad0e4db6f108-m1,solvability,-1.375,-1.7907279005036567
model_agnostic_replication_behavior-473a8050c87b6ae1-m0,debugging,-1.25,-1.0165123016212503
model_agnostic_replication_behavior-473a8050c87b6ae1-m1,debugging,-2.0,-0.3989217841838081
model_agnostic_replication_behavior-4758528d91e62af8-m0,waiting,0.8750000000000001,0.9275979472112056
model_agnostic_replication_behavior-4758528d91e62af8-m1,waiting,-0.12500000000000006,0.18305121051484652
model_agnostic_replication_behavior-4761651ee044b406-m0,foraging,-1.5,-1.4224025775718132
model_agnostic_replication_behavior-4761651ee044b406-m1,foraging,-0.6249999999999999,-0.9905091312380205
model_agnostic_replication_behavior-4775fdbbdf6eb681-m0,solvability,-1.7499999999999998,-2.9078971011547665
model_agnostic_replication_behavior-4775fdbbdf6eb681-m1,solvability,-1.375,-2.8099851601651746
model_agnostic_replication_behavior-479e70be2d880f91-m0,solvability,-2.25,0.8694113326562876
model_agnostic_replication_behavior-479e70be2d880f91-m1,solvability,0.125,0.967323273645879
model_agnostic_replication_behavior-47c88213afeb2101-m0,effort,-1.625,-0.9746183536436193
model_agnostic_replication_behavior-47c88213afeb2101-m1,effort,-0.25,-0.4128634374474164
model_agnostic_replication_behavior-4807f0f85615f2df-m0,foraging,-1.375,-1.343008286027018
model_agnostic_replication_behavior-4807f0f85615f2df-m1,foraging,-0.6249999999999999,-0.9111148396932258
model_agnostic_replication_behavior-486b1fc51df05a4b-m0,bandit,-1.0000000000000002,-1.2461003889616697
model_agnostic_replication_behavior-486b1fc51df05a4b-m1,bandit,-0.6249999999999999,-0.7956606025802682
model_agnostic_replication_behavior-4879da7392bfdd38-m0,solvability,4.375,1.7718521442517097
model_agnostic_replication_behavior-4879da7392bfdd38-m1,solvability,2.75,1.8697640852413013
model_agnostic_replication_behavior-487cd40c964881e9-m0,effort,-1.25,-1.0653619688556202
model_agnostic_replication_behavior-487cd40c964881e9-m1,effort,-0.37499999999999994,-0.5036070526594173
model_agnostic_replication_behavior-488bf6b801f4b7eb-m0,foraging,2.125,0.7597470249733118
model_agnostic_replication_behavior-488bf6b801f4b7eb-m1,foraging,1.3750000000000002,1.1916404713071043
model_agnostic_replication_behavior-488f4fb06e037962-m0,bandit,0.625,0.5519138662835507
model_agnostic_replication_behavior-488f4fb06e037962-m1,bandit,1.3750000000000002,1.0023536526649526
model_agnostic_replication_behavior-48b6bb28f063be9e-m0,solvability,0.5,0.9087154473412
model_agnostic_replication_behavior-48b6bb28f063be9e-m1,solvability,0.625,1.0066273883307917
model_agnostic_replication_behavior-4904753911c41b3c-m0,waiting,-2.0,-1.3184596129603108
model_agnostic_replication_behavior-4904753911c41b3c-m1,waiting,-1.875,-2.0630063496566695
model_agnostic_replication_behavior-49821e568be01095-m0,effort,2.25,1.5496264251835903
model_agnostic_replication_behavior-49821e568be01095-m1,effort,1.75,2.1113813413797935
model_agnostic_replication_behavior-498bb4a71080fc92-m0,bandit,-1.25,-0.7206782259900989
model_agnostic_replication_behavior-498bb4a71080fc92-m1,bandit,-1.0000000000000002,-0.2702384396086972
model_agnostic_replication_behavior-49b22ef9afd95aeb-m0,effort,0.125,-0.13601432819249099
model_agnostic_replication_behavior-49b22ef9afd95aeb-m1,effort,1.0,0.4257405880037122
model_agnostic_replication_behavior-49b3b15146155329-m0,bandit,-0.5,-0.30257127990167065
model_agnostic_replication_behavior-49b3b15146155329-m1,bandit,0.125,0.1478685064797311
model_agnostic_replication_behavior-49bcc15a0b913295-m0,effort,-0.37499999999999994,0.031098641994740425
model_agnostic_replication_behavior-49bcc15a0b913295-m1,effort,0.625,0.5928535581909435
model_agnostic_replication_behavior-49d071ff1f813f62-m0,solvability,-2.25,-1.38441024212283
model_agnostic_replication_behavior-49d071ff1f813f62-m1,solvability,-1.0000000000000002,-1.2864983011332387
model_agnostic_replication_behavior-4a7b5ad56680bca1-m0,waiting,-1.625,-1.9914798920201762
model_agnostic_replication_behavior-4a7b5ad56680bca1-m1,waiting,-2.375,-2.7360266287165347
model_agnostic_replication_behavior-4aa1014849392967-m0,information_sampling,-3.0,-2.5613998869384624
model_agnostic_replication_behavior-4aa1014849392967-m1,information_sampling,-2.25,-1.9113185244612678
model_agnostic_replication_behavior-4ad1270e05dda426-m0,effort,-0.37499999999999994,-0.10258283217669739
model_agnostic_replication_behavior-4ad1270e05dda426-m1,effort,0.125,0.4591720840195058
model_agnostic_replication_behavior-4b2cf155a98f6e01-m0,waiting,-1.375,-0.8154018294608809
model_agnostic_replication_behavior-4b2cf155a98f6e01-m1,waiting,-1.5,-1.5599485661572396
model_agnostic_replication_behavior-4b58bb0986b54e04-m0,waiting,-0.7500000000000001,-0.9711057019892284
model_agnostic_replication_behavior-4b58bb0986b54e04-m1,waiting,-2.5,-1.7156524386855871
model_agnostic_replication_behavior-4b5ac132f41add9c-m0,information_sampling,-1.7499999999999998,-1.7822911987495647
model_agnostic_replication_behavior-4b5ac132f41add9c-m1,information_sampling,-1.125,-1.1322098362723698
model_agnostic_replication_behavior-4b6356612e087bae-m0,effort,-1.375,-1.0653078401698193
model_agnostic_replication_behavior-4b6356612e087bae-m1,effort,-0.12500000000000006,-0.5035529239736163
model_agnostic_replication_behavior-4bd7e2326d6486ca-m0,information_sampling,-1.875,-2.2399838311648725
model_agnostic_replication_behavior-4bd7e2326d6486ca-m1,information_sampling,-0.6249999999999999,-1.589902468687678
model_agnostic_replication_behavior-4bde13d3b570cbc3-m0,solvability,1.75,1.1227799559452663
model_agnostic_replication_behavior-4bde13d3b570cbc3-m1,solvability,1.8749999999999998,1.2206918969348577
model_agnostic_replication_behavior-4bfb098c98fbc34b-m0,solvability,-1.125,-1.335681861439898
model_agnostic_replication_behavior-4bfb098c98fbc34b-m1,solvability,-0.6249999999999999,-1.2377699204503065
model_agnostic_replication_behavior-4bfff062252264eb-m0,waiting,-1.5,-0.7712373099503541
model_agnostic_replication_behavior-4bfff062252264eb-m1,waiting,-1.5,-1.5157840466467132
model_agnostic_replication_behavior-4cbad93157baede0-m0,solvability,-1.375,0.006090841673947973
model_agnostic_replication_behavior-4cbad93157baede0-m1,solvability,-0.6249999999999999,0.10400278266353957
model_agnostic_replication_behavior-4cc6e7164db99b0d-m0,foraging,-0.37499999999999994,-0.3168439043816869
model_agnostic_replication_behavior-4cc6e7164db99b0d-m1,foraging,0.0,0.11504954195210554
model_agnostic_replication_behavior-4ccd56a8da1c763f-m0,bandit,-1.375,-1.3616549327487295
model_agnostic_replication_behavior-4ccd56a8da1c763f-m1,bandit,-1.0000000000000002,-0.9112151463673277
model_agnostic_replication_behavior-4d389fdb50712472-m0,bandit,0.37499999999999994,-0.10661418156153057
model_agnostic_replication_behavior-4d389fdb50712472-m1,bandit,0.37499999999999994,0.3438256048198711
model_agnostic_replication_behavior-4df164ea7824161f-m0,waiting,-0.7500000000000001,-0.2514382099708996
model_agnostic_replication_behavior-4df164ea7824161f-m1,waiting,-1.5,-0.9959849466672586
model_agnostic_replication_behavior-4e091662b3ecfce4-m0,effort,1.8749999999999998,1.7923145531148426
model_agnostic_replication_behavior-4e091662b3ecfce4-m1,effort,1.0,2.3540694693110455
model_agnostic_replication_behavior-4e882a59836b6e2a-m0,solvability,-1.7499999999999998,-0.15281961647821785
model_agnostic_replication_behavior-4e882a59836b6e2a-m1,solvability,-1.125,-0.054907675488626295
model_agnostic_replication_behavior-4ed999c6211875b1-m0,debugging,1.125,0.7355109703715212
model_agnostic_replication_behavior-4ed999c6211875b1-m1,debugging,1.625,1.3531014878089636
model_agnostic_replication_behavior-4eef65831fb8a9a2-m0,waiting,-1.375,-0.9819942524459699
model_agnostic_replication_behavior-4eef65831fb8a9a2-m1,waiting,-2.125,-1.7265409891423287
model_agnostic_replication_behavior-4ef704fc6226cf0e-m0,effort,1.0,0.34504582859608984
model_agnostic_replication_behavior-4ef704fc6226cf0e-m1,effort,0.8750000000000001,0.9068007447922928
model_agnostic_replication_behavior-4f0fd88970b12988-m0,effort,1.75,1.0930277747656527
model_agnostic_replication_behavior-4f0fd88970b12988-m1,effort,1.25,1.6547826909618555
model_agnostic_replication_behavior-4f43ba3e37d5cfe6-m0,solvability,0.625,0.7459108151200665
model_agnostic_replication_behavior-4f43ba3e37d5cfe6-m1,solvability,0.24999999999999992,0.843822756109658
model_agnostic_replication_behavior-4f627e1686710571-m0,effort,3.875,1.3520096031836604
model_agnostic_replication_behavior-4f627e1686710571-m1,effort,2.375,1.9137645193798638
model_agnostic_replication_behavior-4f6a3e04f93c00c5-m0,waiting,3.0,1.178494647247116
model_agnostic_replication_behavior-4f6a3e04f93c00c5-m1,waiting,1.125,0.43394791055075704
model_agnostic_replication_behavior-4f905fd9204b7b49-m0,bandit,2.125,0.5684613442615978
model_agnostic_replication_behavior-4f905fd9204b7b49-m1,bandit,1.5000000000000002,1.0189011306429996
model_agnostic_replication_behavior-4ffced0392759a83-m0,effort,-0.37499999999999994,0.433269519791325
model_agnostic_replication_behavior-4ffced0392759a83-m1,effort,0.37499999999999994,0.995024435987528
model_agnostic_replication_behavior-509fc0192da2022d-m0,waiting,1.8749999999999998,0.6461301632118627
model_agnostic_replication_behavior-509fc0192da2022d-m1,waiting,-0.12500000000000006,-0.09841657348449628
model_agnostic_replication_behavior-50e234967447e8a7-m0,effort,-0.5,0.188753425399874
model_agnostic_replication_behavior-50e234967447e8a7-m1,effort,0.125,0.7505083415960772
model_agnostic_replication_behavior-50e43c8d119440a9-m0,waiting,-0.8750000000000002,-0.2585375233818052
model_agnostic_replication_behavior-50e43c8d119440a9-m1,waiting,-1.125,-1.003084260078164
model_agnostic_replication_behavior-51620b8355d53665-m0,bandit,0.8750000000000001,0.5840470203059049
model_agnostic_replication_behavior-51620b8355d53665-m1,bandit,0.625,1.0344868066873067
model_agnostic_replication_behavior-51b6d4b4b1319432-m0,solvability,-1.7499999999999998,-1.6120582466469748
model_agnostic_replication_behavior-51b6d4b4b1319432-m1,solvability,-1.25,-1.5141463056573834
model_agnostic_replication_behavior-51f61c105fb3584d-m0,foraging,-1.375,-0.8186008892518054
model_agnostic_replication_behavior-51f61c105fb3584d-m1,foraging,-1.25,-0.38670744291801296
model_agnostic_replication_behavior-5221b4e7ed9fd987-m0,effort,0.24999999999999992,-0.27741802828138556
model_agnostic_replication_behavior-5221b4e7ed9fd987-m1,effort,0.7500000000000002,0.2843368879148176
model_agnostic_replication_behavior-522537fcd588bc98-m0,information_sampling,-2.25,-2.019001693183721
model_agnostic_replication_behavior-522537fcd588bc98-m1,information_sampling,-1.25,-1.368920330706526
model_agnostic_replication_behavior-523c4ef283595988-m0,information_sampling,-2.75,-2.4803853784601655
model_agnostic_replication_behavior-523c4ef283595988-m1,information_sampling,-3.625,-1.8303040159829707
model_agnostic_replication_behavior-525787ad169b4b4f-m0,debugging,-1.0000000000000002,-0.618712709229107
model_agnostic_replication_behavior-525787ad169b4b4f-m1,debugging,-1.0000000000000002,-0.0011221917916645063
model_agnostic_replication_behavior-526d048d618540ab-m0,solvability,-1.5,-0.9536125165679141
model_agnostic_replication_behavior-526d048d618540ab-m1,solvability,-0.6249999999999999,-0.8557005755783224
model_agnostic_replication_behavior-529abcc99037b0c5-m0,bandit,2.625,1.4588966529316296
model_agnostic_replication_behavior-529abcc99037b0c5-m1,bandit,1.8749999999999998,1.9093364393130317
model_agnostic_replication_behavior-52a114999f345020-m0,bandit,-1.625,-1.072310938742214
model_agnostic_replication_behavior-52a114999f345020-m1,bandit,-0.7500000000000001,-0.6218711523608126
model_agnostic_replication_behavior-52c8688663bff0ad-m0,debugging,-0.25,-0.6245967273249923
model_agnostic_replication_behavior-52c8688663bff0ad-m1,debugging,0.125,-0.007006209887549741
model_agnostic_replication_behavior-52f00f8c236224e0-m0,debugging,-0.12500000000000006,0.23093429396544587
model_agnostic_replication_behavior-52f00f8c236224e0-m1,debugging,0.0,0.8485248114028884
model_agnostic_replication_behavior-531112c61f78fe8d-m0,foraging,-2.0,-1.8961325631952957
model_agnostic_replication_behavior-531112c61f78fe8d-m1,foraging,-1.5,-1.4642391168615032
model_agnostic_replication_behavior-532ccb12f35d6253-m0,information_sampling,-1.7499999999999998,-2.0620581088178622
model_agnostic_replication_behavior-532ccb12f35d6253-m1,information_sampling,-0.8750000000000002,-1.4119767463406676
model_agnostic_replication_behavior-5362105bbcbe0b90-m0,foraging,-1.25,-0.5666704962907047
model_agnostic_replication_behavior-5362105bbcbe0b90-m1,foraging,-0.25,-0.13477704995691217
model_agnostic_replication_behavior-5393a1c349454d35-m0,debugging,-0.12500000000000006,-0.669277343595929
model_agnostic_replication_behavior-5393a1c349454d35-m1,debugging,0.24999999999999992,-0.05168682615848652
model_agnostic_replication_behavior-53c7fd6e11f67252-m0,solvability,0.7500000000000002,0.3555976482615956
model_agnostic_replication_behavior-53c7fd6e11f67252-m1,solvability,0.625,0.4535095892511872
model_agnostic_replication_behavior-53cccb4c2339b1d4-m0,information_sampling,-1.7499999999999998,-1.669331995866187
model_agnostic_replication_behavior-53cccb4c2339b1d4-m1,information_sampling,-1.5,-1.0192506333889921
model_agnostic_replication_behavior-544ea603a750e186-m0,bandit,0.24999999999999992,0.16933422755155836
model_agnostic_replication_behavior-544ea603a750e186-m1,bandit,0.24999999999999992,0.61977401393296
model_agnostic_replication_behavior-5454fa682cb71c20-m0,waiting,-0.6249999999999999,-0.4155977182530578
model_agnostic_replication_behavior-5454fa682cb71c20-m1,waiting,-0.7500000000000001,-1.1601444549494166
model_agnostic_replication_behavior-54e2895ef72fc300-m0,effort,-1.875,-1.7176462306959022
model_agnostic_replication_behavior-54e2895ef72fc300-m1,effort,-1.125,-1.1558913144996987
model_agnostic_replication_behavior-552da6de29b9cec7-m0,waiting,-0.5,-0.7491319190695391
model_agnostic_replication_behavior-552da6de29b9cec7-m1,waiting,-0.6249999999999999,-1.493678655765898
model_agnostic_replication_behavior-5534a49a0bfd2a49-m0,effort,0.625,0.12018840745697801
model_agnostic_replication_behavior-5534a49a0bfd2a49-m1,effort,0.7500000000000002,0.6819433236531811
model_agnostic_replication_behavior-55a3f6925a08c7dc-m0,effort,1.25,0.8148171827324686
model_agnostic_replication_behavior-55a3f6925a08c7dc-m1,effort,1.3750000000000002,1.3765720989286718
model_agnostic_replication_behavior-55d4d622e6a5f777-m0,information_sampling,-1.25,-2.033217409698482
model_agnostic_replication_behavior-55d4d622e6a5f777-m1,information_sampling,-1.125,-1.3831360472212868
model_agnostic_replication_behavior-55dde14d27c256b9-m0,bandit,-0.6249999999999999,-0.2926582554024717
model_agnostic_replication_behavior-55dde14d27c256b9-m1,bandit,0.125,0.15778153097893
model_agnostic_replication_behavior-55ec41ba10aaa29b-m0,waiting,0.0,0.15253032597963506
model_agnostic_replication_behavior-55ec41ba10aaa29b-m1,waiting,-1.0000000000000002,-0.592016410716724
model_agnostic_replication_behavior-56166a66cf1d3d0b-m0,foraging,-1.7499999999999998,-1.1110137437446566
model_agnostic_replication_behavior-56166a66cf1d3d0b-m1,foraging,-1.5,-0.6791202974108641
model_agnostic_replication_behavior-561e4bcc970d2512-m0,solvability,4.5,1.8782629337057355
model_agnostic_replication_behavior-561e4bcc970d2512-m1,solvability,1.625,1.9761748746953274
model_agnostic_replication_behavior-5626f51e4982a764-m0,foraging,-0.8750000000000002,0.30433091475623203
model_agnostic_replication_behavior-5626f51e4982a764-m1,foraging,-0.5,0.7362243610900245
model_agnostic_replication_behavior-5665233533bc698c-m0,foraging,-0.6249999999999999,-0.622689384152864
model_agnostic_replication_behavior-5665233533bc698c-m1,foraging,-0.8750000000000002,-0.1907959378190715
model_agnostic_replication_behavior-5673fc97d3eb09d8-m0,information_sampling,-1.375,-1.8774290874500905
model_agnostic_replication_behavior-5673fc97d3eb09d8-m1,information_sampling,-0.7500000000000001,-1.2273477249728955
model_agnostic_replication_behavior-56ae6336b1a0322f-m0,solvability,-1.875,-1.0122522733407144
model_agnostic_replication_behavior-56ae6336b1a0322f-m1,solvability,-1.0000000000000002,-0.9143403323511228
model_agnostic_replication_behavior-5725174159c27cdf-m0,information_sampling,-1.375,-1.6697477963295384
model_agnostic_replication_behavior-5725174159c27cdf-m1,information_sampling,-0.8750000000000002,-1.0196664338523433
model_agnostic_replication_behavior-572bc99f9e6a6f14-m0,effort,-1.625,-1.4055103507378757
model_agnostic_replication_behavior-572bc99f9e6a6f14-m1,effort,-2.75,-0.8437554345416725
model_agnostic_replication_behavior-573f5b34875115a1-m0,solvability,3.75,1.0742842617478594
model_agnostic_replication_behavior-573f5b34875115a1-m1,solvability,1.625,1.1721962027374508
model_agnostic_replication_behavior-5752dd5eb8701349-m0,effort,-1.5,-0.8432096485650651
model_agnostic_replication_behavior-5752dd5eb8701349-m1,effort,0.0,-0.2814547323688621
model_agnostic_replication_behavior-5758f6e5429daad8-m0,bandit,1.25,0.35260220464179476
model_agnostic_replication_behavior-5758f6e5429daad8-m1,bandit,1.25,0.8030419910231965
model_agnostic_replication_behavior-57851d72e088e3d0-m0,effort,1.5000000000000002,0.816028135174721
model_agnostic_replication_behavior-57851d72e088e3d0-m1,effort,1.25,1.3777830513709237
model_agnostic_replication_behavior-57891464a4d40415-m0,debugging,-0.6249999999999999,0.07545033362170589
model_agnostic_replication_behavior-57891464a4d40415-m1,debugging,-0.25,0.6930408510591485
model_agnostic_replication_behavior-578fb89988e5862f-m0,debugging,-0.8750000000000002,-0.18765371067267667
model_agnostic_replication_behavior-578fb89988e5862f-m1,debugging,-1.125,0.4299368067647659
model_agnostic_replication_behavior-5790c57e72b6df0b-m0,waiting,0.5,0.5913850468957758
model_agnostic_replication_behavior-5790c57e72b6df0b-m1,waiting,-0.37499999999999994,-0.15316168980058315
model_agnostic_replication_behavior-581192d82e188dee-m0,debugging,1.8749999999999998,1.546200362888278
model_agnostic_replication_behavior-581192d82e188dee-m1,debugging,2.25,2.1637908803257204
model_agnostic_replication_behavior-58401eaf774a31f3-m0,effort,2.375,1.4590930615845856
model_agnostic_replication_behavior-58401eaf774a31f3-m1,effort,1.625,2.020847977780788
model_agnostic_replication_behavior-5878cabd96cf26d6-m0,information_sampling,-2.625,-2.391327507369243
model_agnostic_replication_behavior-5878cabd96cf26d6-m1,information_sampling,-2.25,-1.7412461448920482
model_agnostic_replication_behavior-58c6daab1c11174e-m0,foraging,-1.0000000000000002,-0.8321045316331361
model_agnostic_replication_behavior-58c6daab1c11174e-m1,foraging,-0.5,-0.4002110852993436
model_agnostic_replication_behavior-58d8026566606166-m0,waiting,1.75,1.5246027150009591
model_agnostic_replication_behavior-58d8026566606166-m1,waiting,0.0,0.7800559783046003
model_agnostic_replication_behavior-58fbd6f086765ff8-m0,debugging,-1.7499999999999998,-1.6562297524124565
model_agnostic_replication_behavior-58fbd6f086765ff8-m1,debugging,-1.5,-1.0386392349750144
model_agnostic_replication_behavior-592e9140ff981b73-m0,waiting,0.8750000000000001,0.9536414882272252
model_agnostic_replication_behavior-592e9140ff981b73-m1,waiting,0.0,0.2090947515308662
model_agnostic_replication_behavior-596f7e9576156026-m0,effort,-0.12500000000000006,-0.2295772524203261
model_agnostic_replication_behavior-596f7e9576156026-m1,effort,0.37499999999999994,0.332177663775877
model_agnostic_replication_behavior-599a19dbc03d60a7-m0,bandit,-1.0000000000000002,-0.3820417397309351
model_agnostic_replication_behavior-599a19dbc03d60a7-m1,bandit,-0.25,0.06839804665046667
model_agnostic_replication_behavior-59ad83ddf97e0143-m0,bandit,0.8750000000000001,0.2923178969515931
model_agnostic_replication_behavior-59ad83ddf97e0143-m1,bandit,0.5,0.742757683332995
model_agnostic_replication_behavior-59bcff70b9e24a74-m0,bandit,-1.5,-0.9443518647892807
model_agnostic_replication_behavior-59bcff70b9e24a74-m1,bandit,-0.5,-0.4939120784078789
model_agnostic_replication_behavior-59e08ff161cd25a6-m0,bandit,-1.375,-0.9878384823090138
model_agnostic_replication_behavior-59e08ff161cd25a6-m1,bandit,-1.125,-0.537398695927612
model_agnostic_replication_behavior-59f06017e63ffe50-m0,effort,-0.5,0.08861498296914927
model_agnostic_replication_behavior-59f06017e63ffe50-m1,effort,0.125,0.6503698991653525
model_agnostic_replication_behavior-59fb9259f8bbca66-m0,effort,-0.7500000000000001,-0.3514551652873593
model_agnostic_replication_behavior-59fb9259f8bbca66-m1,effort,0.5,0.21029975090884379
model_agnostic_replication_behavior-5a1d1cb1b8d78270-m0,bandit,1.3750000000000002,0.8277550755300666
model_agnostic_replication_behavior-5a1d1cb1b8d78270-m1,bandit,1.5000000000000002,1.2781948619114685
model_agnostic_replication_behavior-5a3b0b7aab65e085-m0,foraging,0.7500000000000002,-0.16536062691376563
model_agnostic_replication_behavior-5a3b0b7aab65e085-m1,foraging,0.8750000000000001,0.26653281942002677
model_agnostic_replication_behavior-5a3c3f6d0d3ad32e-m0,solvability,-0.25,0.9837151780125969
model_agnostic_replication_behavior-5a3c3f6d0d3ad32e-m1,solvability,0.625,1.0816271190021884
model_agnostic_replication_behavior-5a3dd96da89ab6b5-m0,bandit,-0.8750000000000002,-0.9518133299623708
model_agnostic_replication_behavior-5a3dd96da89ab6b5-m1,bandit,-1.0000000000000002,-0.501373543580969
model_agnostic_replication_behavior-5a62589b143e1e6b-m0,foraging,-0.12500000000000006,0.266539275016943
model_agnostic_replication_behavior-5a62589b143e1e6b-m1,foraging,0.625,0.6984327213507355
model_agnostic_replication_behavior-5a701d7b3d8f25e7-m0,information_sampling,-2.375,-2.463705281425522
model_agnostic_replication_behavior-5a701d7b3d8f25e7-m1,information_sampling,-2.625,-1.8136239189483272
model_agnostic_replication_behavior-5aa4ed07227965f1-m0,effort,-0.5,0.02952890392297519
model_agnostic_replication_behavior-5aa4ed07227965f1-m1,effort,0.5,0.5912838201191783
model_agnostic_replication_behavior-5ab9a5e47f89bb17-m0,foraging,1.0,0.05979413397802924
model_agnostic_replication_behavior-5ab9a5e47f89bb17-m1,foraging,1.0,0.49168758031182164
model_agnostic_replication_behavior-5ac4a33618114d61-m0,debugging,0.125,0.023540314126831774
model_agnostic_replication_behavior-5ac4a33618114d61-m1,debugging,0.0,0.6411308315642739
model_agnostic_replication_behavior-5b26e9ef4c4c7858-m0,effort,-1.7499999999999998,-0.953814242141359
model_agnostic_replication_behavior-5b26e9ef4c4c7858-m1,effort,-1.7499999999999998,-0.39205932594515597
model_agnostic_replication_behavior-5b6a4a0c617f15cb-m0,foraging,-2.375,-1.6309979809040618
model_agnostic_replication_behavior-5b6a4a0c617f15cb-m1,foraging,-2.0,-1.1991045345702696
model_agnostic_replication_behavior-5b831714becd5fb3-m0,information_sampling,-1.7499999999999998,-2.009940558799099
model_agnostic_replication_behavior-5b831714becd5fb3-m1,information_sampling,-1.875,-1.3598591963219038
model_agnostic_replication_behavior-5b92fe60d8cdee6e-m0,solvability,-1.7499999999999998,-1.5718975330432854
model_agnostic_replication_behavior-5b92fe60d8cdee6e-m1,solvability,-0.8750000000000002,-1.4739855920536937
model_agnostic_replication_behavior-5bd991ed2f424c0f-m0,bandit,0.0,-0.0835189478066114
model_agnostic_replication_behavior-5bd991ed2f424c0f-m1,bandit,1.25,0.3669208385747904
model_agnostic_replication_behavior-5c04c6e103c60551-m0,effort,1.25,0.4675781395693782
model_agnostic_replication_behavior-5c04c6e103c60551-m1,effort,1.5000000000000002,1.0293330557655813
model_agnostic_replication_behavior-5c57cdc846e8fbc4-m0,effort,0.7500000000000002,0.5829156969681957
model_agnostic_replication_behavior-5c57cdc846e8fbc4-m1,effort,0.8750000000000001,1.1446706131643989
model_agnostic_replication_behavior-5c67701dc8178d46-m0,waiting,-0.5,-0.11690904032285337
model_agnostic_replication_behavior-5c67701dc8178d46-m1,waiting,-2.375,-0.8614557770192124
model_agnostic_replication_behavior-5cadcf5d320db151-m0,effort,0.125,0.19079848354833634
model_agnostic_replication_behavior-5cadcf5d320db151-m1,effort,0.8750000000000001,0.7525533997445396
model_agnostic_replication_behavior-5cf4e3a862d5fbe3-m0,waiting,0.0,-0.28486484342842056
model_agnostic_replication_behavior-5cf4e3a862d5fbe3-m1,waiting,-1.125,-1.0294115801247794
model_agnostic_replication_behavior-5d2d175d608c0315-m0,bandit,-1.7499999999999998,-1.3442504766146979
model_agnostic_replication_behavior-5d2d175d608c0315-m1,bandit,-2.25,-0.8938106902332961
model_agnostic_replication_behavior-5d7ed85be537a981-m0,information_sampling,-1.5,-1.063026317994328
model_agnostic_replication_behavior-5d7ed85be537a981-m1,information_sampling,0.125,-0.41294495551713295
model_agnostic_replication_behavior-5d7f871382944780-m0,solvability,1.625,1.9330996020475195
model_agnostic_replication_behavior-5d7f871382944780-m1,solvability,1.3750000000000002,2.031011543037111
model_agnostic_replication_behavior-5dc18e2e9cdc73f3-m0,bandit,0.0,-0.27876109945772143
model_agnostic_replication_behavior-5dc18e2e9cdc73f3-m1,bandit,0.8750000000000001,0.17167868692368043
model_agnostic_replication_behavior-5dc26b78f9ddaaaa-m0,bandit,-0.6249999999999999,-0.3855069189256621
model_agnostic_replication_behavior-5dc26b78f9ddaaaa-m1,bandit,0.625,0.06493286745573973
model_agnostic_replication_behavior-5e203daf0a1b254b-m0,solvability,3.25,1.5474231103012355
model_agnostic_replication_behavior-5e203daf0a1b254b-m1,solvability,1.75,1.6453350512908271
model_agnostic_replication_behavior-5e387e966bb45636-m0,waiting,-0.7500000000000001,-0.09401505307463437
model_agnostic_replication_behavior-5e387e966bb45636-m1,waiting,-0.7500000000000001,-0.8385617897709933
model_agnostic_replication_behavior-5e7080e026c16251-m0,waiting,-1.375,-1.0350532397921295
model_agnostic_replication_behavior-5e7080e026c16251-m1,waiting,-1.7499999999999998,-1.7795999764884884
model_agnostic_replication_behavior-5e902921682207f7-m0,effort,1.8749999999999998,0.9068964799628112
model_agnostic_replication_behavior-5e902921682207f7-m1,effort,1.3750000000000002,1.468651396159014
model_agnostic_replication_behavior-5e947401a0fff6ac-m0,effort,0.24999999999999992,0.07087909549390554
model_agnostic_replication_behavior-5e947401a0fff6ac-m1,effort,0.8750000000000001,0.6326340116901087
model_agnostic_replication_behavior-5ec406c92ca5c045-m0,effort,1.5000000000000002,1.231678295056725
model_agnostic_replication_behavior-5ec406c92ca5c045-m1,effort,1.625,1.793433211252928
model_agnostic_replication_behavior-5ecd6d7f5851d726-m0,effort,-1.0000000000000002,-1.232983506676185
model_agnostic_replication_behavior-5ecd6d7f5851d726-m1,effort,-0.6249999999999999,-0.671228590479982
model_agnostic_replication_behavior-5ee12bc856f177c9-m0,foraging,-0.6249999999999999,-0.7315754120769873
model_agnostic_replication_behavior-5ee12bc856f177c9-m1,foraging,0.125,-0.29968196574319467
model_agnostic_replication_behavior-5f50067ffc620625-m0,information_sampling,-1.875,-2.0334816295393425
model_agnostic_replication_behavior-5f50067ffc620625-m1,information_sampling,-1.25,-1.3834002670621477
model_agnostic_replication_behavior-5f86a4ca3f52f34a-m0,information_sampling,-2.125,-1.5012173279787462
model_agnostic_replication_behavior-5f86a4ca3f52f34a-m1,information_sampling,-1.375,-0.8511359655015514
model_agnostic_replication_behavior-5f883cd2252175ee-m0,waiting,3.25,1.4755862739614032
model_agnostic_replication_behavior-5f883cd2252175ee-m1,waiting,1.125,0.7310395372650444
model_agnostic_replication_behavior-5fadc4c19efb4006-m0,effort,-0.6249999999999999,-0.5783746168059426
model_agnostic_replication_behavior-5fadc4c19efb4006-m1,effort,-0.12500000000000006,-0.016619700609739496
model_agnostic_replication_behavior-5fbfa38b7cbda6d3-m0,foraging,0.0,-0.24053877895812595
model_agnostic_replication_behavior-5fbfa38b7cbda6d3-m1,foraging,0.5,0.19135466737566673
model_agnostic_replication_behavior-5fe46460c07cb043-m0,foraging,-1.0000000000000002,-0.7709647855628814
model_agnostic_replication_behavior-5fe46460c07cb043-m1,foraging,0.0,-0.33907133922908916
model_agnostic_replication_behavior-600e7a249b36d3e8-m0,information_sampling,-2.0,-2.0606960557154426
model_agnostic_replication_behavior-600e7a249b36d3e8-m1,information_sampling,-1.125,-1.4106146932382475
model_agnostic_replication_behavior-601be9f746c020cb-m0,information_sampling,-2.25,-1.4635676381124947
model_agnostic_replication_behavior-601be9f746c020cb-m1,information_sampling,-1.5,-0.8134862756352996
model_agnostic_replication_behavior-601e36bc8bfe9339-m0,information_sampling,-1.875,-1.9885852644430844
model_agnostic_replication_behavior-601e36bc8bfe9339-m1,information_sampling,-1.125,-1.3385039019658893
model_agnostic_replication_behavior-6043cd20517c2ec9-m0,foraging,-0.25,-0.28169022506430186
model_agnostic_replication_behavior-6043cd20517c2ec9-m1,foraging,0.24999999999999992,0.15020322126949062
model_agnostic_replication_behavior-60659f01d55f9143-m0,solvability,-1.0000000000000002,-0.27579514223103874
model_agnostic_replication_behavior-60659f01d55f9143-m1,solvability,-0.6249999999999999,-0.1778832012414472
model_agnostic_replication_behavior-607f31ffadb918f0-m0,bandit,2.25,0.9107975473113172
model_agnostic_replication_behavior-607f31ffadb918f0-m1,bandit,1.3750000000000002,1.3612373336927193
model_agnostic_replication_behavior-6092c4d532df81de-m0,effort,-0.12500000000000006,-0.2852281043820231
model_agnostic_replication_behavior-6092c4d532df81de-m1,effort,0.7500000000000002,0.2765268118141801
model_agnostic_replication_behavior-60d5ea62c3b4b9f4-m0,bandit,0.7500000000000002,1.1104957827774442
model_agnostic_replication_behavior-60d5ea62c3b4b9f4-m1,bandit,0.8750000000000001,1.5609355691588462
model_agnostic_replication_behavior-60f375b587cbc923-m0,waiting,-1.7499999999999998,-1.2368602209998423
model_agnostic_replication_behavior-60f375b587cbc923-m1,waiting,-2.75,-1.9814069576962012
model_agnostic_replication_behavior-6101077c5854b4c6-m0,waiting,2.625,1.3592963951738486
model_agnostic_replication_behavior-6101077c5854b4c6-m1,waiting,1.0,0.6147496584774899
model_agnostic_replication_behavior-6106e25d27e35a5f-m0,information_sampling,-1.625,-1.7620237800469267
model_agnostic_replication_behavior-6106e25d27e35a5f-m1,information_sampling,-0.7500000000000001,-1.1119424175697317
model_agnostic_replication_behavior-610b89fca2df76a2-m0,waiting,2.75,1.4684711369704695
model_agnostic_replication_behavior-610b89fca2df76a2-m1,waiting,0.7500000000000002,0.7239244002741108
model_agnostic_replication_behavior-6113f91ac737dddc-m0,information_sampling,-1.875,-1.9226239721215181
model_agnostic_replication_behavior-6113f91ac737dddc-m1,information_sampling,-1.0000000000000002,-1.2725426096443233
model_agnostic_replication_behavior-612146e7111a9040-m0,debugging,0.125,-0.1349508059643008
model_agnostic_replication_behavior-612146e7111a9040-m1,debugging,0.625,0.4826397114731418
model_agnostic_replication_behavior-615c5894bd696b1d-m0,effort,0.37499999999999994,0.09175930401025512
model_agnostic_replication_behavior-615c5894bd696b1d-m1,effort,0.7500000000000002,0.6535142202064581
model_agnostic_replication_behavior-61bab03b7877e229-m0,foraging,2.125,0.868327412230103
model_agnostic_replication_behavior-61bab03b7877e229-m1,foraging,1.5000000000000002,1.3002208585638952
model_agnostic_replication_behavior-622576f8901553d2-m0,bandit,1.75,0.47631796970467
model_agnostic_replication_behavior-622576f8901553d2-m1,bandit,1.3750000000000002,0.9267577560860719
model_agnostic_replication_behavior-6230a439f569f8db-m0,debugging,0.625,0.9388671246509065
model_agnostic_replication_behavior-6230a439f569f8db-m1,debugging,0.625,1.5564576420883491
model_agnostic_replication_behavior-6233c09337b6442f-m0,foraging,-0.5,-0.9120869708700492
model_agnostic_replication_behavior-6233c09337b6442f-m1,foraging,-0.5,-0.48019352453625697
model_agnostic_replication_behavior-62376fe3aa0921db-m0,debugging,0.0,0.6835497436597362
model_agnostic_replication_behavior-62376fe3aa0921db-m1,debugging,0.8750000000000001,1.3011402610971787
model_agnostic_replication_behavior-62397028b568bcca-m0,solvability,0.24999999999999992,-0.27757772489109195
model_agnostic_replication_behavior-62397028b568bcca-m1,solvability,0.5,-0.17966578390150037
model_agnostic_replication_behavior-623f7b5c5ad391f2-m0,waiting,-0.12500000000000006,0.6388587640440326
model_agnostic_replication_behavior-623f7b5c5ad391f2-m1,waiting,-0.25,-0.10568797265232621
model_agnostic_replication_behavior-629136a9efe1146e-m0,waiting,0.37499999999999994,0.19697481576886733
model_agnostic_replication_behavior-629136a9efe1146e-m1,waiting,-0.8750000000000002,-0.5475719209274914
model_agnostic_replication_behavior-6324fb4c5137a3d7-m0,effort,1.75,1.4185279058778326
model_agnostic_replication_behavior-6324fb4c5137a3d7-m1,effort,1.25,1.9802828220740358
model_agnostic_replication_behavior-633803ec801a8361-m0,effort,-0.12500000000000006,-0.11135952236639074
model_agnostic_replication_behavior-633803ec801a8361-m1,effort,0.625,0.45039539382981236
model_agnostic_replication_behavior-6368b11428cbab5a-m0,solvability,-2.375,-3.6275006428451935
model_agnostic_replication_behavior-6368b11428cbab5a-m1,solvability,-1.625,-3.5295887018556016
model_agnostic_replication_behavior-638ddc873eda256d-m0,bandit,-1.125,-0.44813494374602136
model_agnostic_replication_behavior-638ddc873eda256d-m1,bandit,-0.8750000000000002,0.002304842635380222
model_agnostic_replication_behavior-639c04c6902fca5b-m0,information_sampling,-2.5,-2.1623585975332364
model_agnostic_replication_behavior-639c04c6902fca5b-m1,information_sampling,-2.625,-1.5122772350560416
model_agnostic_replication_behavior-639de2d52f328eb7-m0,solvability,-1.25,-2.333263266909796
model_agnostic_replication_behavior-639de2d52f328eb7-m1,solvability,-0.7500000000000001,-2.2353513259202042
model_agnostic_replication_behavior-63df0b182805f065-m0,information_sampling,-2.125,-2.2323578821620167
model_agnostic_replication_behavior-63df0b182805f065-m1,information_sampling,-2.125,-1.5822765196848223
model_agnostic_replication_behavior-63e18f66a844a52d-m0,effort,0.24999999999999992,-0.11240535053628434
model_agnostic_replication_behavior-63e18f66a844a52d-m1,effort,0.8750000000000001,0.4493495656599188
model_agnostic_replication_behavior-63f036aa6f1d6831-m0,effort,-0.12500000000000006,0.09564790200110329
model_agnostic_replication_behavior-63f036aa6f1d6831-m1,effort,0.5,0.6574028181973065
model_agnostic_replication_behavior-6405d99c270c2755-m0,bandit,-0.5,-0.4669409105830684
model_agnostic_replication_behavior-6405d99c270c2755-m1,bandit,0.125,-0.01650112420166669
model_agnostic_replication_behavior-64212767e757765c-m0,debugging,-0.37499999999999994,-0.3641444840632261
model_agnostic_replication_behavior-64212767e757765c-m1,debugging,0.125,0.25344603337421656
model_agnostic_replication_behavior-643f42843117f083-m0,bandit,-0.12500000000000006,0.26748431520458626
model_agnostic_replication_behavior-643f42843117f083-m1,bandit,-1.0000000000000002,0.717924101585988
model_agnostic_replication_behavior-64aa2192710e7d42-m0,solvability,1.3750000000000002,0.3709975181671045
model_agnostic_replication_behavior-64aa2192710e7d42-m1,solvability,0.7500000000000002,0.46890945915669613
model_agnostic_replication_behavior-64fce967120fa695-m0,solvability,-2.0,-2.4736650855252855
model_agnostic_replication_behavior-64fce967120fa695-m1,solvability,-1.875,-2.375753144535694
model_agnostic_replication_behavior-65162e39c38e5db8-m0,effort,-0.25,-0.125037558868761
model_agnostic_replication_behavior-65162e39c38e5db8-m1,effort,0.37499999999999994,0.43671735732744227
model_agnostic_replication_behavior-656095579b43eb28-m0,information_sampling,-1.625,-1.179175586794752
model_agnostic_replication_behavior-656095579b43eb28-m1,information_sampling,-0.37499999999999994,-0.5290942243175573
model_agnostic_replication_behavior-656a809a3dbcd6bd-m0,effort,-2.5,-2.0146329944362917
model_agnostic_replication_behavior-656a809a3dbcd6bd-m1,effort,-2.0,-1.4528780782400885
model_agnostic_replication_behavior-65958bdac7f6c8a3-m0,solvability,-2.125,-0.9670537353579036
model_agnostic_replication_behavior-65958bdac7f6c8a3-m1,solvability,-0.5,-0.8691417943683121
model_agnostic_replication_behavior-65f11026cc892904-m0,solvability,0.5,0.4378789181578612
model_agnostic_replication_behavior-65f11026cc892904-m1,solvability,1.125,0.5357908591474527
model_agnostic_replication_behavior-65fab96187d772ae-m0,information_sampling,-1.875,-2.072910588772561
model_agnostic_replication_behavior-65fab96187d772ae-m1,information_sampling,-1.375,-1.422829226295367
model_agnostic_replication_behavior-6618e4557e8cc921-m0,waiting,0.0,0.4083751736598869
model_agnostic_replication_behavior-6618e4557e8cc921-m1,waiting,-0.5,-0.3361715630364719
model_agnostic_replication_behavior-668b650574d3ac22-m0,foraging,-0.37499999999999994,-0.6703639943790333
model_agnostic_replication_behavior-668b650574d3ac22-m1,foraging,0.37499999999999994,-0.2384705480452408
model_agnostic_replication_behavior-669bcbf6893e526f-m0,effort,1.25,0.934599505651595
model_agnostic_replication_behavior-669bcbf6893e526f-m1,effort,1.25,1.4963544218477982
model_agnostic_replication_behavior-66c640a6c48d9703-m0,waiting,-0.12500000000000006,-0.3020369005705015
model_agnostic_replication_behavior-66c640a6c48d9703-m1,waiting,-1.5,-1.0465836372668607
model_agnostic_replication_behavior-66e1bc980339f284-m0,waiting,0.125,-0.011793174117794403
model_agnostic_replication_behavior-66e1bc980339f284-m1,waiting,-1.0000000000000002,-0.7563399108141534
model_agnostic_replication_behavior-66f3d132267e77a9-m0,solvability,-1.5,-0.5733965075809364
model_agnostic_replication_behavior-66f3d132267e77a9-m1,solvability,-0.5,-0.4754845665913448
model_agnostic_replication_behavior-67008621f5409878-m0,waiting,-1.125,-0.3465632469849099
model_agnostic_replication_behavior-67008621f5409878-m1,waiting,-1.25,-1.0911099836812688
model_agnostic_replication_behavior-67095842611af360-m0,waiting,3.0,1.6989141852007321
model_agnostic_replication_behavior-67095842611af360-m1,waiting,1.0,0.9543674485043732
model_agnostic_replication_behavior-6730abb08d10a71a-m0,foraging,-0.37499999999999994,0.1073413111086669
model_agnostic_replication_behavior-6730abb08d10a71a-m1,foraging,0.0,0.5392347574424594
model_agnostic_replication_behavior-67ab4dc5f29d1a3e-m0,bandit,-0.12500000000000006,-0.6532274407179453
model_agnostic_replication_behavior-67ab4dc5f29d1a3e-m1,bandit,0.24999999999999992,-0.20278765433654344
model_agnostic_replication_behavior-67c15091b8b02790-m0,information_sampling,-2.0,-1.9862450894311743
model_agnostic_replication_behavior-67c15091b8b02790-m1,information_sampling,-0.8750000000000002,-1.3361637269539794
model_agnostic_replication_behavior-67f1f43fd372a5e6-m0,debugging,2.75,1.3768138930076632
model_agnostic_replication_behavior-67f1f43fd372a5e6-m1,debugging,2.875,1.9944044104451053
model_agnostic_replication_behavior-681f45967e5099d4-m0,information_sampling,-1.25,-1.5089653347364123
model_agnostic_replication_behavior-681f45967e5099d4-m1,information_sampling,-0.37499999999999994,-0.8588839722592174
model_agnostic_replication_behavior-6835cdf4e8e9ee72-m0,waiting,-1.0000000000000002,-0.7039641142285165
model_agnostic_replication_behavior-6835cdf4e8e9ee72-m1,waiting,-2.0,-1.4485108509248752
model_agnostic_replication_behavior-68380dc32add63fe-m0,debugging,-1.375,-1.0516124291722049
model_agnostic_replication_behavior-68380dc32add63fe-m1,debugging,-1.375,-0.43402191173476223
model_agnostic_replication_behavior-68a80c858c865a6f-m0,information_sampling,-1.0000000000000002,-1.6017655406080054
model_agnostic_replication_behavior-68a80c858c865a6f-m1,information_sampling,-0.8750000000000002,-0.9516841781308107
model_agnostic_replication_behavior-68ae11c4abe9a4ae-m0,debugging,-0.25,-0.18320480768781972
model_agnostic_replication_behavior-68ae11c4abe9a4ae-m1,debugging,0.24999999999999992,0.4343857097496225
model_agnostic_replication_behavior-68e05cead3863265-m0,solvability,-0.6249999999999999,-0.43084714196113
model_agnostic_replication_behavior-68e05cead3863265-m1,solvability,0.5,-0.33293520097153845
model_agnostic_replication_behavior-68f3cef6eeb9d4af-m0,information_sampling,-1.875,-2.3379149299543185
model_agnostic_replication_behavior-68f3cef6eeb9d4af-m1,information_sampling,-1.875,-1.6878335674771239
model_agnostic_replication_behavior-690f7412fdbe91e6-m0,waiting,-0.37499999999999994,-0.8565701045000471
model_agnostic_replication_behavior-690f7412fdbe91e6-m1,waiting,-1.125,-1.601116841196406
model_agnostic_replication_behavior-695669daa810eccd-m0,foraging,-0.25,-0.13207799339747234
model_agnostic_replication_behavior-695669daa810eccd-m1,foraging,0.37499999999999994,0.2998154529363199
model_agnostic_replication_behavior-697a7ee2c95a6893-m0,debugging,-0.8750000000000002,-0.7154103328773674
model_agnostic_replication_behavior-697a7ee2c95a6893-m1,debugging,-0.6249999999999999,-0.0978198154399249
model_agnostic_replication_behavior-6982fb17e6f789a6-m0,debugging,-0.5,-0.37700771011376344
model_agnostic_replication_behavior-6982fb17e6f789a6-m1,debugging,-0.25,0.24058280732367898
model_agnostic_replication_behavior-699a3744eeb18eea-m0,solvability,1.0,1.4087560327110686
model_agnostic_replication_behavior-699a3744eeb18eea-m1,solvability,0.37499999999999994,1.50666797370066
model_agnostic_replication_behavior-69c2cbef7ef58b34-m0,foraging,-1.875,-1.6019796354526141
model_agnostic_replication_behavior-69c2cbef7ef58b34-m1,foraging,-1.625,-1.1700861891188217
model_agnostic_replication_behavior-69cdfdb613f3baee-m0,debugging,0.625,0.15536047228818717
model_agnostic_replication_behavior-69cdfdb613f3baee-m1,debugging,1.25,0.7729509897256298
model_agnostic_replication_behavior-6a2a854c9bad0604-m0,solvability,2.75,1.628152155351175
model_agnostic_replication_behavior-6a2a854c9bad0604-m1,solvability,1.8749999999999998,1.7260640963407667
model_agnostic_replication_behavior-6a7dc93c98330b64-m0,waiting,2.125,1.4910039964421193
model_agnostic_replication_behavior-6a7dc93c98330b64-m1,waiting,0.125,0.7464572597457604
model_agnostic_replication_behavior-6aa1e4048aaae233-m0,information_sampling,-2.5,-2.6403012811361415
model_agnostic_replication_behavior-6aa1e4048aaae233-m1,information_sampling,-2.75,-1.9902199186589464
model_agnostic_replication_behavior-6ae0e9e21bbadc66-m0,solvability,4.25,2.914291287435933
model_agnostic_replication_behavior-6ae0e9e21bbadc66-m1,solvability,2.0,3.0122032284255242
model_agnostic_replication_behavior-6af75d8bbbf61838-m0,solvability,0.125,1.323168232233197
model_agnostic_replication_behavior-6af75d8bbbf61838-m1,solvability,0.625,1.4210801732227885
model_agnostic_replication_behavior-6b4297883be6b3be-m0,waiting,-0.8750000000000002,-0.13890984385006444
model_agnostic_replication_behavior-6b4297883be6b3be-m1,waiting,-2.0,-0.8834565805464234
model_agnostic_replication_behavior-6b4b41c156dddea1-m0,foraging,-0.7500000000000001,-1.0184109858480537
model_agnostic_replication_behavior-6b4b41c156dddea1-m1,foraging,-0.25,-0.5865175395142612
model_agnostic_replication_behavior-6b66aa88504d8bf5-m0,waiting,0.125,0.5313310882915128
model_agnostic_replication_behavior-6b66aa88504d8bf5-m1,waiting,-0.5,-0.2132156484048462
model_agnostic_replication_behavior-6b7c9af601f7199e-m0,information_sampling,-2.125,-1.8335079222097588
model_agnostic_replication_behavior-6b7c9af601f7199e-m1,information_sampling,-2.125,-1.183426559732564
model_agnostic_replication_behavior-6b8a967cb60c76bb-m0,effort,-1.375,-0.5103460757285441
model_agnostic_replication_behavior-6b8a967cb60c76bb-m1,effort,-0.12500000000000006,0.051408840467659034
model_agnostic_replication_behavior-6bcd450ab65c4467-m0,bandit,0.125,0.09999532859400145
model_agnostic_replication_behavior-6bcd450ab65c4467-m1,bandit,-0.12500000000000006,0.5504351149754032
model_agnostic_replication_behavior-6d002a6ab68a87ee-m0,effort,2.25,0.98251478600147
model_agnostic_replication_behavior-6d002a6ab68a87ee-m1,effort,1.625,1.544269702197673
model_agnostic_replication_behavior-6d054a3455b4641b-m0,bandit,2.0,0.7732502327343096
model_agnostic_replication_behavior-6d054a3455b4641b-m1,bandit,1.3750000000000002,1.2236900191157114
model_agnostic_replication_behavior-6d4ab805ecfeb044-m0,information_sampling,-2.5,-2.436674476598824
model_agnostic_replication_behavior-6d4ab805ecfeb044-m1,information_sampling,-2.5,-1.786593114121629
model_agnostic_replication_behavior-6d69775e991d03a2-m0,foraging,0.37499999999999994,0.9221457608488961
model_agnostic_replication_behavior-6d69775e991d03a2-m1,foraging,0.625,1.3540392071826886
model_agnostic_replication_behavior-6d6a2bb6b670c069-m0,foraging,3.125,1.8068133744108914
model_agnostic_replication_behavior-6d6a2bb6b670c069-m1,foraging,1.75,2.2387068207446834
model_agnostic_replication_behavior-6d7eaf9e7cb4a57a-m0,waiting,-2.0,-1.4992613608870435
model_agnostic_replication_behavior-6d7eaf9e7cb4a57a-m1,waiting,-1.875,-2.2438080975834023
model_agnostic_replication_behavior-6dc5f2c0dc0f6bcb-m0,foraging,-0.7500000000000001,-0.4817269278709107
model_agnostic_replication_behavior-6dc5f2c0dc0f6bcb-m1,foraging,-0.12500000000000006,-0.04983348153711825
model_agnostic_replication_behavior-6dcdc8d20becda58-m0,bandit,-0.37499999999999994,0.007161364794081249
model_agnostic_replication_behavior-6dcdc8d20becda58-m1,bandit,0.37499999999999994,0.45760115117548295
model_agnostic_replication_behavior-6dd51328705067d4-m0,bandit,1.0,0.6558037645605945
model_agnostic_replication_behavior-6dd51328705067d4-m1,bandit,1.0,1.1062435509419963
model_agnostic_replication_behavior-6deca607ec107625-m0,debugging,0.24999999999999992,0.7405364236509214
model_agnostic_replication_behavior-6deca607ec107625-m1,debugging,1.25,1.358126941088364
model_agnostic_replication_behavior-6df0b3c85670584b-m0,information_sampling,-2.125,-2.1080737608472027
model_agnostic_replication_behavior-6df0b3c85670584b-m1,information_sampling,-0.8750000000000002,-1.4579923983700076
model_agnostic_replication_behavior-6e3e60f63e2eaf0f-m0,bandit,2.0,1.5932875104018198
model_agnostic_replication_behavior-6e3e60f63e2eaf0f-m1,bandit,1.3750000000000002,2.0437272967832216
model_agnostic_replication_behavior-6e46d5eec1c01df4-m0,information_sampling,-1.625,-1.678907219104491
model_agnostic_replication_behavior-6e46d5eec1c01df4-m1,information_sampling,-1.5,-1.028825856627296
model_agnostic_replication_behavior-6e7878cd0f6c37f1-m0,information_sampling,-1.7499999999999998,-1.5862292288431186
model_agnostic_replication_behavior-6e7878cd0f6c37f1-m1,information_sampling,-0.6249999999999999,-0.9361478663659238
model_agnostic_replication_behavior-6e7eb2b66e2e83fa-m0,bandit,-2.0,-1.4806985185521786
model_agnostic_replication_behavior-6e7eb2b66e2e83fa-m1,bandit,-2.25,-1.0302587321707768
model_agnostic_replication_behavior-6e9ada5e6500a6bb-m0,effort,0.625,0.3354996910675109
model_agnostic_replication_behavior-6e9ada5e6500a6bb-m1,effort,0.7500000000000002,0.897254607263714
model_agnostic_replication_behavior-6ed66e9695a6e84f-m0,foraging,1.5000000000000002,0.9118054341622954
model_agnostic_replication_behavior-6ed66e9695a6e84f-m1,foraging,1.3750000000000002,1.343698880496088
model_agnostic_replication_behavior-6ef112de7fbbfc90-m0,foraging,1.25,0.5132618433032454
model_agnostic_replication_behavior-6ef112de7fbbfc90-m1,foraging,1.125,0.9451552896370381
model_agnostic_replication_behavior-6f01e9f7e043397c-m0,effort,-0.5,-0.5628307729118176
model_agnostic_replication_behavior-6f01e9f7e043397c-m1,effort,0.625,-0.0010758567156143872
model_agnostic_replication_behavior-6f179bd00659e78a-m0,information_sampling,-1.7499999999999998,-2.2650220176968485
model_agnostic_replication_behavior-6f179bd00659e78a-m1,information_sampling,-1.25,-1.6149406552196535
model_agnostic_replication_behavior-6f2ea93c3ebdf802-m0,waiting,0.8750000000000001,0.7408745546246148
model_agnostic_replication_behavior-6f2ea93c3ebdf802-m1,waiting,-0.37499999999999994,-0.0036721820717441483
model_agnostic_replication_behavior-6f881c536bb24932-m0,debugging,-1.5,-1.485107459898749
model_agnostic_replication_behavior-6f881c536bb24932-m1,debugging,-1.375,-0.8675169424613064
model_agnostic_replication_behavior-6f927f56a9d7b000-m0,information_sampling,-1.7499999999999998,-1.995880686316331
model_agnostic_replication_behavior-6f927f56a9d7b000-m1,information_sampling,-1.7499999999999998,-1.3457993238391361
model_agnostic_replication_behavior-6f98f7647ee9f359-m0,solvability,4.5,3.6490613603869786
model_agnostic_replication_behavior-6f98f7647ee9f359-m1,solvability,2.625,3.7469733013765705
model_agnostic_replication_behavior-6fef82dba41a32a3-m0,bandit,0.24999999999999992,0.04498166582541391
model_agnostic_replication_behavior-6fef82dba41a32a3-m1,bandit,0.24999999999999992,0.49542145220681577
model_agnostic_replication_behavior-6ff3891b9f53fbe5-m0,solvability,0.0,0.6423735377933153
model_agnostic_replication_behavior-6ff3891b9f53fbe5-m1,solvability,0.0,0.7402854787829067
model_agnostic_replication_behavior-703bc4b6bbaefa7b-m0,debugging,-0.7500000000000001,-0.6437209398924603
model_agnostic_replication_behavior-703bc4b6bbaefa7b-m1,debugging,-0.5,-0.026130422455017732
model_agnostic_replication_behavior-70413389cfe39833-m0,foraging,-2.125,-1.7427552919401397
model_agnostic_replication_behavior-70413389cfe39833-m1,foraging,-1.7499999999999998,-1.310861845606347
model_agnostic_replication_behavior-70515f7c0123fdbd-m0,effort,0.37499999999999994,-0.26888141385455544
model_agnostic_replication_behavior-70515f7c0123fdbd-m1,effort,0.8750000000000001,0.2928735023416476
model_agnostic_replication_behavior-70525641e6968be1-m0,foraging,0.625,-0.30001170646143754
model_agnostic_replication_behavior-70525641e6968be1-m1,foraging,0.7500000000000002,0.13188173987235502
model_agnostic_replication_behavior-70633c2081c44b77-m0,debugging,-1.7499999999999998,-1.753878150604696
model_agnostic_replication_behavior-70633c2081c44b77-m1,debugging,-1.125,-1.1362876331672536
model_agnostic_replication_behavior-708a25e5ba44ab0c-m0,effort,-0.25,-0.48041732245760504
model_agnostic_replication_behavior-708a25e5ba44ab0c-m1,effort,0.625,0.08133759373859809
model_agnostic_replication_behavior-709c0c359a3eec19-m0,information_sampling,-2.0,-1.9964747759289962
model_agnostic_replication_behavior-709c0c359a3eec19-m1,information_sampling,-0.25,-1.3463934134518012
model_agnostic_replication_behavior-70af5584e5dbbaf7-m0,bandit,0.8750000000000001,0.6339806151146304
model_agnostic_replication_behavior-70af5584e5dbbaf7-m1,bandit,1.25,1.0844204014960321
model_agnostic_replication_behavior-70d4910bf009b7f9-m0,information_sampling,-2.5,-2.32603474275332
model_agnostic_replication_behavior-70d4910bf009b7f9-m1,information_sampling,-1.125,-1.675953380276125
model_agnostic_replication_behavior-714ec829bf72b976-m0,waiting,0.625,-0.1872107018892929
model_agnostic_replication_behavior-714ec829bf72b976-m1,waiting,-0.6249999999999999,-0.9317574385856517
model_agnostic_replication_behavior-71818a7d1ff10a9f-m0,information_sampling,-2.75,-2.5106114451815995
model_agnostic_replication_behavior-71818a7d1ff10a9f-m1,information_sampling,-2.0,-1.8605300827044047
model_agnostic_replication_behavior-7191a05d0261b544-m0,solvability,-1.375,-1.2164146263886855
model_agnostic_replication_behavior-7191a05d0261b544-m1,solvability,-1.125,-1.1185026853990938
model_agnostic_replication_behavior-719b7374f2225e22-m0,foraging,-1.125,-1.2115444232402524
model_agnostic_replication_behavior-719b7374f2225e22-m1,foraging,-0.5,-0.7796509769064597
model_agnostic_replication_behavior-71bc468f8b29f4b8-m0,solvability,2.0,1.661522055789996
model_agnostic_replication_behavior-71bc468f8b29f4b8-m1,solvability,0.7500000000000002,1.7594339967795876
model_agnostic_replication_behavior-7226fb9c631eb04b-m0,bandit,-1.0000000000000002,-0.9376626238321637
model_agnostic_replication_behavior-7226fb9c631eb04b-m1,bandit,-1.5,-0.4872228374507619
model_agnostic_replication_behavior-72397753399a4614-m0,debugging,0.37499999999999994,0.2502435678451962
model_agnostic_replication_behavior-72397753399a4614-m1,debugging,0.8750000000000001,0.867834085282639
model_agnostic_replication_behavior-726fd19082e38d44-m0,debugging,-0.12500000000000006,0.08789855111397266
model_agnostic_replication_behavior-726fd19082e38d44-m1,debugging,0.5,0.705489068551415
model_agnostic_replication_behavior-72cc88f8be62876a-m0,waiting,-1.875,-1.4079079659644287
model_agnostic_replication_behavior-72cc88f8be62876a-m1,waiting,-2.25,-2.152454702660788
model_agnostic_replication_behavior-735c214b04f60c3e-m0,foraging,-1.375,-1.2184400289107247
model_agnostic_replication_behavior-735c214b04f60c3e-m1,foraging,-0.6249999999999999,-0.786546582576932
model_agnostic_replication_behavior-73b3cacec30c4000-m0,information_sampling,-2.625,-2.164804763110464
model_agnostic_replication_behavior-73b3cacec30c4000-m1,information_sampling,-2.25,-1.5147234006332688
model_agnostic_replication_behavior-73c35347d8d5a350-m0,effort,-0.12500000000000006,0.39445366442133517
model_agnostic_replication_behavior-73c35347d8d5a350-m1,effort,0.625,0.9562085806175382
model_agnostic_replication_behavior-73c59758d674fe12-m0,foraging,-1.7499999999999998,-1.6016437835688335
model_agnostic_replication_behavior-73c59758d674fe12-m1,foraging,-1.5,-1.169750337235041
model_agnostic_replication_behavior-742ec92aac30b4e2-m0,solvability,2.875,2.1905034727508848
model_agnostic_replication_behavior-742ec92aac30b4e2-m1,solvability,1.5000000000000002,2.288415413740476
model_agnostic_replication_behavior-74555c28b57ba636-m0,bandit,0.7500000000000002,-0.027834568410525826
model_agnostic_replication_behavior-74555c28b57ba636-m1,bandit,0.37499999999999994,0.4226052179708759
model_agnostic_replication_behavior-74645aa8acc90291-m0,solvability,-1.5,-1.030046471099714
model_agnostic_replication_behavior-74645aa8acc90291-m1,solvability,-1.25,-0.9321345301101225
model_agnostic_replication_behavior-74888b6e3e76c540-m0,foraging,1.125,0.4933263755547224
model_agnostic_replication_behavior-74888b6e3e76c540-m1,foraging,0.8750000000000001,0.9252198218885148
model_agnostic_replication_behavior-7496270f0e7afee1-m0,solvability,-0.7500000000000001,-0.22666549395214866
model_agnostic_replication_behavior-7496270f0e7afee1-m1,solvability,-0.6249999999999999,-0.12875355296255714
model_agnostic_replication_behavior-74a511f72ea3129d-m0,foraging,1.25,0.40619241406576195
model_agnostic_replication_behavior-74a511f72ea3129d-m1,foraging,1.0,0.8380858603995545
model_agnostic_replication_behavior-74c75964d1b6d986-m0,information_sampling,-1.5,-1.4766214839034408
model_agnostic_replication_behavior-74c75964d1b6d986-m1,information_sampling,-0.25,-0.8265401214262459
model_agnostic_replication_behavior-74cb4f2cedb8dec0-m0,effort,-0.37499999999999994,-0.10896127987976045
model_agnostic_replication_behavior-74cb4f2cedb8dec0-m1,effort,0.625,0.4527936363164426
model_agnostic_replication_behavior-74ced97f7105da89-m0,bandit,-1.625,-0.94229371884599
model_agnostic_replication_behavior-74ced97f7105da89-m1,bandit,-1.25,-0.4918539324645883
model_agnostic_replication_behavior-74e0731ed1a12134-m0,information_sampling,-2.125,-1.9409922678249287
model_agnostic_replication_behavior-74e0731ed1a12134-m1,information_sampling,-0.5,-1.290910905347734
model_agnostic_replication_behavior-74f46216bd20583e-m0,bandit,-1.125,-0.8526853199377786
model_agnostic_replication_behavior-74f46216bd20583e-m1,bandit,-1.5,-0.4022455335563767
model_agnostic_replication_behavior-74fe28e0cae0feaf-m0,solvability,-2.5,-2.1247043473695593
model_agnostic_replication_behavior-74fe28e0cae0feaf-m1,solvability,-1.875,-2.026792406379968
model_agnostic_replication_behavior-758acbf8c8f9b684-m0,foraging,-1.0000000000000002,-0.7751409089542822
model_agnostic_replication_behavior-758acbf8c8f9b684-m1,foraging,-1.375,-0.3432474626204895
model_agnostic_replication_behavior-759e54209fe55287-m0,information_sampling,-1.625,-1.7091836710358939
model_agnostic_replication_behavior-759e54209fe55287-m1,information_sampling,-1.625,-1.059102308558699
model_agnostic_replication_behavior-75a5ee70f66766eb-m0,solvability,-2.375,-1.7246061458956208
model_agnostic_replication_behavior-75a5ee70f66766eb-m1,solvability,-0.8750000000000002,-1.6266942049060293
model_agnostic_replication_behavior-75d774094d13ace3-m0,information_sampling,-2.25,-2.365601424301006
model_agnostic_replication_behavior-75d774094d13ace3-m1,information_sampling,-1.7499999999999998,-1.7155200618238111
model_agnostic_replication_behavior-75ed5500b28a95a7-m0,waiting,-1.25,-0.33445761089611226
model_agnostic_replication_behavior-75ed5500b28a95a7-m1,waiting,-1.7499999999999998,-1.079004347592471
model_agnostic_replication_behavior-75f1cc3cd9e8c552-m0,debugging,-0.5,0.12878593004674416
model_agnostic_replication_behavior-75f1cc3cd9e8c552-m1,debugging,-0.37499999999999994,0.7463764474841865
model_agnostic_replication_behavior-7642ee97577164ad-m0,debugging,0.0,0.10342216217551635
model_agnostic_replication_behavior-7642ee97577164ad-m1,debugging,0.5,0.7210126796129589
model_agnostic_replication_behavior-76525a13599f894c-m0,waiting,4.375,2.0452833445112364
model_agnostic_replication_behavior-76525a13599f894c-m1,waiting,1.125,1.3007366078148777
model_agnostic_replication_behavior-7660b6e84eef795d-m0,debugging,0.5,0.8974394792605188
model_agnostic_replication_behavior-7660b6e84eef795d-m1,debugging,0.7500000000000002,1.5150299966979617
model_agnostic_replication_behavior-76976291cf2d7022-m0,bandit,1.125,1.098901487100195
model_agnostic_replication_behavior-76976291cf2d7022-m1,bandit,1.3750000000000002,1.5493412734815968
model_agnostic_replication_behavior-769889e4e584e252-m0,debugging,0.0,0.8412441598979482
model_agnostic_replication_behavior-769889e4e584e252-m1,debugging,0.5,1.4588346773353909
model_agnostic_replication_behavior-76cbfacca857ca73-m0,waiting,-0.6249999999999999,0.06026040459574178
model_agnostic_replication_behavior-76cbfacca857ca73-m1,waiting,-2.125,-0.6842863321006174
model_agnostic_replication_behavior-76dd71127faaf927-m0,bandit,-0.7500000000000001,-0.3911993746963709
model_agnostic_replication_behavior-76dd71127faaf927-m1,bandit,-0.5,0.059240411685030914
model_agnostic_replication_behavior-76e23148a15230da-m0,waiting,-1.25,-0.7591235957626812
model_agnostic_replication_behavior-76e23148a15230da-m1,waiting,-1.5,-1.5036703324590401
model_agnostic_replication_behavior-7703e77b4876a93e-m0,foraging,2.375,1.5024981004654467
model_agnostic_replication_behavior-7703e77b4876a93e-m1,foraging,2.125,1.934391546799239
model_agnostic_replication_behavior-771c255db282bf26-m0,bandit,1.25,0.7888574709514273
model_agnostic_replication_behavior-771c255db282bf26-m1,bandit,1.125,1.2392972573328291
model_agnostic_replication_behavior-774195ac6ba642c3-m0,effort,-0.8750000000000002,-1.0824400521477087
model_agnostic_replication_behavior-774195ac6ba642c3-m1,effort,-0.5,-0.5206851359515056
model_agnostic_replication_behavior-781cc9cb1cac7859-m0,waiting,3.125,2.073363626530968
model_agnostic_replication_behavior-781cc9cb1cac7859-m1,waiting,0.625,1.3288168898346093
model_agnostic_replication_behavior-784518d0e0abffb1-m0,solvability,-2.0,-1.450720964255132
model_agnostic_replication_behavior-784518d0e0abffb1-m1,solvability,-1.0000000000000002,-1.3528090232655403
model_agnostic_replication_behavior-786ea72c31000155-m0,information_sampling,-1.375,-1.3271638570344595
model_agnostic_replication_behavior-786ea72c31000155-m1,information_sampling,0.0,-0.6770824945572645
model_agnostic_replication_behavior-7870dd6110c94643-m0,debugging,-0.5,-0.19019716147522275
model_agnostic_replication_behavior-7870dd6110c94643-m1,debugging,0.125,0.42739335596221983
model_agnostic_replication_behavior-7881606d081faa6b-m0,foraging,2.375,1.5282994016982976
model_agnostic_replication_behavior-7881606d081faa6b-m1,foraging,1.75,1.96019284803209
model_agnostic_replication_behavior-788b9ffd554cfb7e-m0,solvability,3.25,1.9285155561834075
model_agnostic_replication_behavior-788b9ffd554cfb7e-m1,solvability,2.375,2.0264274971729987
model_agnostic_replication_behavior-78acf52aaa4402ae-m0,foraging,2.0,1.470098932701902
model_agnostic_replication_behavior-78acf52aaa4402ae-m1,foraging,1.8749999999999998,1.9019923790356943
model_agnostic_replication_behavior-78e3742259f81fff-m0,waiting,-0.5,-0.3648831025530135
model_agnostic_replication_behavior-78e3742259f81fff-m1,waiting,-0.8750000000000002,-1.1094298392493722
model_agnostic_replication_behavior-78f81eda495447f4-m0,solvability,3.375,1.995041266604723
model_agnostic_replication_behavior-78f81eda495447f4-m1,solvability,2.25,2.0929532075943147
model_agnostic_replication_behavior-79167a66bced6b04-m0,solvability,-2.5,-3.2095854425666213
model_agnostic_replication_behavior-79167a66bced6b04-m1,solvability,-2.25,-3.1116735015770294
model_agnostic_replication_behavior-791d74339a396d9f-m0,bandit,1.625,0.5784081409542837
model_agnostic_replication_behavior-791d74339a396d9f-m1,bandit,1.5000000000000002,1.0288479273356856
model_agnostic_replication_behavior-79453832fbffe56a-m0,foraging,-0.12500000000000006,0.4771050974644276
model_agnostic_replication_behavior-79453832fbffe56a-m1,foraging,0.5,0.9089985437982202
model_agnostic_replication_behavior-794beeef699c75ee-m0,debugging,1.8749999999999998,1.0174499437431115
model_agnostic_replication_behavior-794beeef699c75ee-m1,debugging,2.625,1.6350404611805538
model_agnostic_replication_behavior-79731a12d5c66808-m0,bandit,-2.25,-2.0053591964963315
model_agnostic_replication_behavior-79731a12d5c66808-m1,bandit,-2.0,-1.55491941011493
model_agnostic_replication_behavior-79827561e3e53b33-m0,effort,-0.7500000000000001,-0.8706573328283135
model_agnostic_replication_behavior-79827561e3e53b33-m1,effort,-0.25,-0.30890241663211054
model_agnostic_replication_behavior-798b01f4dfefeb0d-m0,information_sampling,-2.375,-1.9998342882836004
model_agnostic_replication_behavior-798b01f4dfefeb0d-m1,information_sampling,-1.7499999999999998,-1.3497529258064056
model_agnostic_replication_behavior-79901642ccf793fe-m0,solvability,-0.5,-0.8457108188737003
model_agnostic_replication_behavior-79901642ccf793fe-m1,solvability,0.0,-0.7477988778841089
model_agnostic_replication_behavior-799815895dc6063a-m0,waiting,-0.37499999999999994,0.393667321458988
model_agnostic_replication_behavior-799815895dc6063a-m1,waiting,-0.6249999999999999,-0.350879415237371
model_agnostic_replication_behavior-79cc2dfa25aadc09-m0,bandit,-0.8750000000000002,-0.9074169363799649
model_agnostic_replication_behavior-79cc2dfa25aadc09-m1,bandit,-1.5,-0.4569771499985631
model_agnostic_replication_behavior-79ee07967bb968d4-m0,waiting,-1.875,-1.547076663057029
model_agnostic_replication_behavior-79ee07967bb968d4-m1,waiting,-1.5,-2.2916233997533877
model_agnostic_replication_behavior-7a8540ee95e56321-m0,effort,2.375,1.7032353532302476
model_agnostic_replication_behavior-7a8540ee95e56321-m1,effort,2.375,2.2649902694264505
model_agnostic_replication_behavior-7acc359bd1e07957-m0,bandit,-2.25,-1.9763699763878249
model_agnostic_replication_behavior-7acc359bd1e07957-m1,bandit,-2.0,-1.5259301900064233
model_agnostic_replication_behavior-7acd44fd40579e33-m0,solvability,0.8750000000000001,1.0238885005678082
model_agnostic_replication_behavior-7acd44fd40579e33-m1,solvability,1.25,1.1218004415573999
model_agnostic_replication_behavior-7afb8917fa0ac065-m0,effort,0.625,0.47500979006942334
model_agnostic_replication_behavior-7afb8917fa0ac065-m1,effort,1.125,1.0367647062656267
model_agnostic_replication_behavior-7b49749f87342d28-m0,foraging,-0.12500000000000006,0.6416266266234929
model_agnostic_replication_behavior-7b49749f87342d28-m1,foraging,0.0,1.0735200729572854
model_agnostic_replication_behavior-7b4fb1c62bf60381-m0,waiting,-0.6249999999999999,0.129080940046707
model_agnostic_replication_behavior-7b4fb1c62bf60381-m1,waiting,-1.7499999999999998,-0.6154657966496522
model_agnostic_replication_behavior-7b7a9ae860f90cca-m0,information_sampling,-1.375,-1.4438449839980163
model_agnostic_replication_behavior-7b7a9ae860f90cca-m1,information_sampling,-0.25,-0.7937636215208217
model_agnostic_replication_behavior-7b9d3cdaa0b4f064-m0,effort,-1.0000000000000002,-0.2612957273329205
model_agnostic_replication_behavior-7b9d3cdaa0b4f064-m1,effort,-0.25,0.30045918886328254
model_agnostic_replication_behavior-7bc40abccc68e49e-m0,information_sampling,-2.0,-1.456205490449891
model_agnostic_replication_behavior-7bc40abccc68e49e-m1,information_sampling,-0.5,-0.8061241279726962
model_agnostic_replication_behavior-7bfd4e47d3ef958b-m0,waiting,-1.375,-1.6590968242674569
model_agnostic_replication_behavior-7bfd4e47d3ef958b-m1,waiting,-2.125,-2.403643560963816
model_agnostic_replication_behavior-7c0375f282de432f-m0,waiting,0.37499999999999994,0.5403213623920345
model_agnostic_replication_behavior-7c0375f282de432f-m1,waiting,-0.7500000000000001,-0.2042253743043243
model_agnostic_replication_behavior-7c14256780502976-m0,debugging,-0.8750000000000002,-0.6178391647271052
model_agnostic_replication_behavior-7c14256780502976-m1,debugging,-1.25,-0.00024864728966267347
model_agnostic_replication_behavior-7c3d6a57e7f11931-m0,waiting,0.625,0.9374140708646661
model_agnostic_replication_behavior-7c3d6a57e7f11931-m1,waiting,0.0,0.19286733416830715
model_agnostic_replication_behavior-7c4d6c7fc7d3acc8-m0,bandit,-2.125,-1.5427624232190489
model_agnostic_replication_behavior-7c4d6c7fc7d3acc8-m1,bandit,-1.7499999999999998,-1.092322636837647
model_agnostic_replication_behavior-7c8b5907141725bf-m0,information_sampling,-2.375,-2.4738814212162334
model_agnostic_replication_behavior-7c8b5907141725bf-m1,information_sampling,-1.375,-1.8238000587390384
model_agnostic_replication_behavior-7ca3f10ed4e06ba2-m0,solvability,0.125,0.2777421625238008
model_agnostic_replication_behavior-7ca3f10ed4e06ba2-m1,solvability,-0.12500000000000006,0.37565410351339246
model_agnostic_replication_behavior-7d1fa84dd9f18db7-m0,solvability,-0.37499999999999994,0.0957915128505511
model_agnostic_replication_behavior-7d1fa84dd9f18db7-m1,solvability,-0.12500000000000006,0.19370345384014276
model_agnostic_replication_behavior-7d26082739b06856-m0,foraging,-1.625,-1.06538484743565
model_agnostic_replication_behavior-7d26082739b06856-m1,foraging,-0.7500000000000001,-0.6334914011018575
model_agnostic_replication_behavior-7d3a3544d083c511-m0,bandit,-0.7500000000000001,-0.08563644354080802
model_agnostic_replication_behavior-7d3a3544d083c511-m1,bandit,-0.6249999999999999,0.3648033428405937
model_agnostic_replication_behavior-7d5408bf2bbb7799-m0,effort,0.0,0.053040570783414176
model_agnostic_replication_behavior-7d5408bf2bbb7799-m1,effort,0.24999999999999992,0.6147954869796173
model_agnostic_replication_behavior-7d72ca8587601c1a-m0,foraging,-0.6249999999999999,-1.0387861250745818
model_agnostic_replication_behavior-7d72ca8587601c1a-m1,foraging,-0.37499999999999994,-0.6068926787407893
model_agnostic_replication_behavior-7d9260937c45a046-m0,foraging,-0.25,0.031290291830345596
model_agnostic_replication_behavior-7d9260937c45a046-m1,foraging,0.24999999999999992,0.4631837381641381
model_agnostic_replication_behavior-7db34c314e436ad3-m0,foraging,-1.625,-0.9479601821086802
model_agnostic_replication_behavior-7db34c314e436ad3-m1,foraging,-0.7500000000000001,-0.5160667357748877
model_agnostic_replication_behavior-7dbf0c8bb94232ca-m0,solvability,-1.125,-0.8159000985026479
model_agnostic_replication_behavior-7dbf0c8bb94232ca-m1,solvability,-0.6249999999999999,-0.7179881575130562
model_agnostic_replication_behavior-7dc9e0188615299e-m0,information_sampling,-2.0,-2.126622557706036
model_agnostic_replication_behavior-7dc9e0188615299e-m1,information_sampling,-1.375,-1.4765411952288412
model_agnostic_replication_behavior-7deddac5862f6699-m0,bandit,-0.37499999999999994,-0.47108366781531297
model_agnostic_replication_behavior-7deddac5862f6699-m1,bandit,0.0,-0.020643881433911326
model_agnostic_replication_behavior-7e0ef4bff9e5f7ab-m0,solvability,4.625,3.3437910482927826
model_agnostic_replication_behavior-7e0ef4bff9e5f7ab-m1,solvability,2.875,3.4417029892823745
model_agnostic_replication_behavior-7e19d256b2019902-m0,effort,0.7500000000000002,0.9076084084518734
model_agnostic_replication_behavior-7e19d256b2019902-m1,effort,1.0,1.4693633246480766
model_agnostic_replication_behavior-7e20c1a0154e2a17-m0,information_sampling,-1.7499999999999998,-2.0930184719247413
model_agnostic_replication_behavior-7e20c1a0154e2a17-m1,information_sampling,-1.0000000000000002,-1.4429371094475463
model_agnostic_replication_behavior-7e4eae92565179de-m0,waiting,-1.0000000000000002,-1.1292903237858345
model_agnostic_replication_behavior-7e4eae92565179de-m1,waiting,-1.5,-1.8738370604821935
model_agnostic_replication_behavior-7e547d438d17fb8a-m0,information_sampling,-2.5,-1.9893905841301405
model_agnostic_replication_behavior-7e547d438d17fb8a-m1,information_sampling,-2.25,-1.3393092216529459
model_agnostic_replication_behavior-7e69952e9173a51d-m0,information_sampling,-1.7499999999999998,-1.8241624834299208
model_agnostic_replication_behavior-7e69952e9173a51d-m1,information_sampling,-0.6249999999999999,-1.1740811209527262
model_agnostic_replication_behavior-7e809fe4ff9dcadf-m0,foraging,-0.37499999999999994,-1.1670174511646692
model_agnostic_replication_behavior-7e809fe4ff9dcadf-m1,foraging,0.125,-0.7351240048308767
model_agnostic_replication_behavior-7ee9e868a144ae58-m0,debugging,0.0,-0.09506343793066735
model_agnostic_replication_behavior-7ee9e868a144ae58-m1,debugging,0.5,0.5225270795067749
model_agnostic_replication_behavior-7efdd54072ab02af-m0,bandit,1.125,1.0358907733452687
model_agnostic_replication_behavior-7efdd54072ab02af-m1,bandit,0.8750000000000001,1.4863305597266707
model_agnostic_replication_behavior-7f0a4c460e7cbfeb-m0,information_sampling,-2.0,-1.7750828822843858
model_agnostic_replication_behavior-7f0a4c460e7cbfeb-m1,information_sampling,-0.8750000000000002,-1.1250015198071908
model_agnostic_replication_behavior-7f2bc4ad955fd580-m0,foraging,-1.375,-1.3144020364528355
model_agnostic_replication_behavior-7f2bc4ad955fd580-m1,foraging,-1.375,-0.8825085901190433
model_agnostic_replication_behavior-7f538d0359a497ba-m0,information_sampling,-2.375,-2.032051901209226
model_agnostic_replication_behavior-7f538d0359a497ba-m1,information_sampling,-1.375,-1.3819705387320311
model_agnostic_replication_behavior-7f6d95201f29366b-m0,information_sampling,-1.125,-1.7105843891662655
model_agnostic_replication_behavior-7f6d95201f29366b-m1,information_sampling,-1.375,-1.0605030266890707
model_agnostic_replication_behavior-7f78717e1f41f59f-m0,debugging,0.8750000000000001,0.2011858089915154
model_agnostic_replication_behavior-7f78717e1f41f59f-m1,debugging,0.8750000000000001,0.8187763264289578
model_agnostic_replication_behavior-7f9de09928c9ab9a-m0,waiting,-0.7500000000000001,-0.7103862632416899
model_agnostic_replication_behavior-7f9de09928c9ab9a-m1,waiting,-2.0,-1.454932999938049
model_agnostic_replication_behavior-7f9fc634cc419e6f-m0,foraging,0.7500000000000002,0.1617400865008653
model_agnostic_replication_behavior-7f9fc634cc419e6f-m1,foraging,0.7500000000000002,0.5936335328346578
model_agnostic_replication_behavior-7fb61efa6ace05a1-m0,information_sampling,-1.7499999999999998,-1.6573402379200113
model_agnostic_replication_behavior-7fb61efa6ace05a1-m1,information_sampling,-0.7500000000000001,-1.0072588754428167
model_agnostic_replication_behavior-7ffbbc51ef21c0e2-m0,effort,0.125,0.7218399893524216
model_agnostic_replication_behavior-7ffbbc51ef21c0e2-m1,effort,0.625,1.2835949055486247
model_agnostic_replication_behavior-7ffe8ab5d72a9663-m0,foraging,-2.375,-1.9660977856236375
model_agnostic_replication_behavior-7ffe8ab5d72a9663-m1,foraging,-1.7499999999999998,-1.534204339289845
model_agnostic_replication_behavior-8015471af614ded2-m0,effort,-1.25,-0.36255199847211916
model_agnostic_replication_behavior-8015471af614ded2-m1,effort,0.0,0.19920291772408394
model_agnostic_replication_behavior-802cd8e4c12e20d0-m0,waiting,1.5000000000000002,0.6198357910734933
model_agnostic_replication_behavior-802cd8e4c12e20d0-m1,waiting,-0.12500000000000006,-0.12471094562286555
model_agnostic_replication_behavior-802f4215ee9852f5-m0,foraging,-2.375,-2.0903111223438633
model_agnostic_replication_behavior-802f4215ee9852f5-m1,foraging,-1.625,-1.6584176760100708
model_agnostic_replication_behavior-8040a5718e387bb6-m0,waiting,-0.37499999999999994,-0.10848435219316355
model_agnostic_replication_behavior-8040a5718e387bb6-m1,waiting,-0.6249999999999999,-0.8530310888895225
model_agnostic_replication_behavior-804a60e016a9b3b7-m0,waiting,-1.5,-1.183321168975883
model_agnostic_replication_behavior-804a60e016a9b3b7-m1,waiting,-2.625,-1.9278679056722416
model_agnostic_replication_behavior-8070f6a22f3150cf-m0,waiting,-0.25,-0.41679360795734655
model_agnostic_replication_behavior-8070f6a22f3150cf-m1,waiting,-0.8750000000000002,-1.1613403446537054
model_agnostic_replication_behavior-80f3d96955e7bd42-m0,solvability,-2.5,-0.9296562057615527
model_agnostic_replication_behavior-80f3d96955e7bd42-m1,solvability,-2.125,-0.8317442647719611
model_agnostic_replication_behavior-810ee0ae0d727854-m0,foraging,-1.125,-1.3966330290946198
model_agnostic_replication_behavior-810ee0ae0d727854-m1,foraging,-0.37499999999999994,-0.9647395827608274
model_agnostic_replication_behavior-811f4b237f731762-m0,information_sampling,-2.0,-1.7208212317084208
model_agnostic_replication_behavior-811f4b237f731762-m1,information_sampling,-2.25,-1.0707398692312262
model_agnostic_replication_behavior-814161f3264a510b-m0,debugging,-0.8750000000000002,-0.5654849404689323
model_agnostic_replication_behavior-814161f3264a510b-m1,debugging,-0.25,0.05210557696851016
model_agnostic_replication_behavior-816f02164d924430-m0,effort,-0.37499999999999994,0.2068441945740658
model_agnostic_replication_behavior-816f02164d924430-m1,effort,0.7500000000000002,0.7685991107702688
model_agnostic_replication_behavior-81974d01c7d53eaa-m0,debugging,0.37499999999999994,-0.07677967790576001
model_agnostic_replication_behavior-81974d01c7d53eaa-m1,debugging,0.5,0.5408108395316825
model_agnostic_replication_behavior-81a6d0572e913dbc-m0,debugging,0.7500000000000002,0.6185946119851835
model_agnostic_replication_behavior-81a6d0572e913dbc-m1,debugging,1.0,1.2361851294226258
model_agnostic_replication_behavior-8239e1788181f16a-m0,information_sampling,-2.125,-1.7737531562520399
model_agnostic_replication_behavior-8239e1788181f16a-m1,information_sampling,-2.0,-1.1236717937748448
model_agnostic_replication_behavior-8257ef4c1a5afa5b-m0,effort,-0.6249999999999999,-0.09597185401451924
model_agnostic_replication_behavior-8257ef4c1a5afa5b-m1,effort,0.5,0.46578306218168375
model_agnostic_replication_behavior-827ae680f21a264f-m0,waiting,-2.125,-1.8228477262665645
model_agnostic_replication_behavior-827ae680f21a264f-m1,waiting,-2.125,-2.5673944629629237
model_agnostic_replication_behavior-82841f3749c3e09d-m0,waiting,0.7500000000000002,0.714954404598021
model_agnostic_replication_behavior-82841f3749c3e09d-m1,waiting,-0.5,-0.029592332098337892
model_agnostic_replication_behavior-829e61f0b159d79b-m0,foraging,-1.375,-1.1280933178151247
model_agnostic_replication_behavior-829e61f0b159d79b-m1,foraging,-0.6249999999999999,-0.696199871481332
model_agnostic_replication_behavior-82e430d00fb538df-m0,foraging,0.5,0.37841380487093784
model_agnostic_replication_behavior-82e430d00fb538df-m1,foraging,0.7500000000000002,0.8103072512047305
model_agnostic_replication_behavior-8308e81e1cc52194-m0,waiting,-1.625,-0.7542550259448815
model_agnostic_replication_behavior-8308e81e1cc52194-m1,waiting,-1.875,-1.4988017626412404
model_agnostic_replication_behavior-83606d5a5f38aac1-m0,solvability,1.625,1.17322757536001
model_agnostic_replication_behavior-83606d5a5f38aac1-m1,solvability,2.0,1.2711395163496018
model_agnostic_replication_behavior-8371628625152169-m0,effort,-0.6249999999999999,-0.7359751382192605
model_agnostic_replication_behavior-8371628625152169-m1,effort,0.5,-0.1742202220230572
model_agnostic_replication_behavior-838f03c8120b6e6f-m0,debugging,0.0,-0.29685323281164944
model_agnostic_replication_behavior-838f03c8120b6e6f-m1,debugging,0.37499999999999994,0.3207372846257931
model_agnostic_replication_behavior-83a576f449544cd8-m0,debugging,-0.5,-0.5859920575810789
model_agnostic_replication_behavior-83a576f449544cd8-m1,debugging,0.24999999999999992,0.03159845985636367
model_agnostic_replication_behavior-843f04738d811d99-m0,information_sampling,-1.625,-1.3173153277792125
model_agnostic_replication_behavior-843f04738d811d99-m1,information_sampling,-1.7499999999999998,-0.6672339653020174
model_agnostic_replication_behavior-8496712c74c14d04-m0,bandit,2.0,0.5827157489041044
model_agnostic_replication_behavior-8496712c74c14d04-m1,bandit,1.5000000000000002,1.0331555352855064
model_agnostic_replication_behavior-8499f9b6854dd434-m0,solvability,-0.37499999999999994,0.9971056969211514
model_agnostic_replication_behavior-8499f9b6854dd434-m1,solvability,0.7500000000000002,1.095017637910743
model_agnostic_replication_behavior-84c6e36d6754b188-m0,solvability,-1.875,-1.456426104014869
model_agnostic_replication_behavior-84c6e36d6754b188-m1,solvability,-0.8750000000000002,-1.3585141630252775
model_agnostic_replication_behavior-84e9cbbd3ae6a00d-m0,solvability,-2.25,0.23353411722544593
model_agnostic_replication_behavior-84e9cbbd3ae6a00d-m1,solvability,-0.7500000000000001,0.33144605821503736
model_agnostic_replication_behavior-84f9d32d082ac8b0-m0,solvability,2.375,1.7009601208862823
model_agnostic_replication_behavior-84f9d32d082ac8b0-m1,solvability,1.3750000000000002,1.7988720618758738
model_agnostic_replication_behavior-852e97c84771f307-m0,solvability,2.75,1.254293768981645
model_agnostic_replication_behavior-852e97c84771f307-m1,solvability,1.625,1.3522057099712366
model_agnostic_replication_behavior-8563a12cab96a6c3-m0,debugging,-1.25,-1.1770923378371423
model_agnostic_replication_behavior-8563a12cab96a6c3-m1,debugging,-1.0000000000000002,-0.5595018203996999
model_agnostic_replication_behavior-85a056b891976ef1-m0,foraging,-0.6249999999999999,-0.26086766152426866
model_agnostic_replication_behavior-85a056b891976ef1-m1,foraging,-0.12500000000000006,0.17102578480952355
model_agnostic_replication_behavior-85a63dd95821a309-m0,debugging,-1.625,-1.2876741934762794
model_agnostic_replication_behavior-85a63dd95821a309-m1,debugging,-1.125,-0.6700836760388371
model_agnostic_replication_behavior-85c452708cc1168a-m0,solvability,0.7500000000000002,1.5381874851428399
model_agnostic_replication_behavior-85c452708cc1168a-m1,solvability,1.0,1.6360994261324313
model_agnostic_replication_behavior-85c7134ec7e7d6d4-m0,information_sampling,-2.0,-2.2390630167643266
model_agnostic_replication_behavior-85c7134ec7e7d6d4-m1,information_sampling,-1.25,-1.5889816542871313
model_agnostic_replication_behavior-85c815fea8fe9546-m0,debugging,0.24999999999999992,0.30715755153439267
model_agnostic_replication_behavior-85c815fea8fe9546-m1,debugging,0.7500000000000002,0.9247480689718351
model_agnostic_replication_behavior-85e0bb57a7d1b2f7-m0,debugging,-1.625,-1.3236620520047824
model_agnostic_replication_behavior-85e0bb57a7d1b2f7-m1,debugging,-1.375,-0.7060715345673397
model_agnostic_replication_behavior-85f0eb2913c070ff-m0,solvability,-3.0,-1.9530137824208793
model_agnostic_replication_behavior-85f0eb2913c070ff-m1,solvability,-2.25,-1.8551018414312879
model_agnostic_replication_behavior-8614db787e50735a-m0,debugging,-1.7499999999999998,-1.543710685017639
model_agnostic_replication_behavior-8614db787e50735a-m1,debugging,-1.125,-0.9261201675801964
model_agnostic_replication_behavior-86a258624a866343-m0,information_sampling,-1.875,-1.9263821014794287
model_agnostic_replication_behavior-86a258624a866343-m1,information_sampling,-1.875,-1.2763007390022338
model_agnostic_replication_behavior-86a79ffa565c8eb1-m0,bandit,1.75,1.3345757776718743
model_agnostic_replication_behavior-86a79ffa565c8eb1-m1,bandit,1.25,1.785015564053276
model_agnostic_replication_behavior-86c1a3e477b7e561-m0,solvability,-0.8750000000000002,0.33213470947716606
model_agnostic_replication_behavior-86c1a3e477b7e561-m1,solvability,1.0,0.4300466504667576
model_agnostic_replication_behavior-86ddbf5b4d870681-m0,solvability,-0.25,0.27012608047327635
model_agnostic_replication_behavior-86ddbf5b4d870681-m1,solvability,0.24999999999999992,0.3680380214628679
model_agnostic_replication_behavior-86fe1c960bed3975-m0,information_sampling,-1.5,-1.6679020564692668
model_agnostic_replication_behavior-86fe1c960bed3975-m1,information_sampling,-1.125,-1.0178206939920718
model_agnostic_replication_behavior-871f0867f35cba3e-m0,foraging,0.125,0.27542800846402915
model_agnostic_replication_behavior-871f0867f35cba3e-m1,foraging,0.5,0.7073214547978216
model_agnostic_replication_behavior-872139abf35ae56a-m0,debugging,-1.625,-1.6395209646953313
model_agnostic_replication_behavior-872139abf35ae56a-m1,debugging,-1.0000000000000002,-1.0219304472578883
model_agnostic_replication_behavior-87223f7a49720ff8-m0,information_sampling,-1.875,-1.7015076019850666
model_agnostic_replication_behavior-87223f7a49720ff8-m1,information_sampling,-0.7500000000000001,-1.051426239507872
model_agnostic_replication_behavior-872e56689b4820e1-m0,bandit,-0.7500000000000001,-0.6334015739321135
model_agnostic_replication_behavior-872e56689b4820e1-m1,bandit,0.125,-0.1829617875507118
model_agnostic_replication_behavior-873057abea8bad95-m0,effort,-0.37499999999999994,0.17601319476192273
model_agnostic_replication_behavior-873057abea8bad95-m1,effort,0.5,0.7377681109581258
model_agnostic_replication_behavior-8741239493e254c4-m0,waiting,3.625,1.8601729302727166
model_agnostic_replication_behavior-8741239493e254c4-m1,waiting,1.0,1.1156261935763574
model_agnostic_replication_behavior-8762ccc6e18ef2d1-m0,information_sampling,-2.25,-2.258457828381888
model_agnostic_replication_behavior-8762ccc6e18ef2d1-m1,information_sampling,-1.625,-1.6083764659046929
model_agnostic_replication_behavior-8770501f99955137-m0,waiting,-2.25,-1.567534742692941
model_agnostic_replication_behavior-8770501f99955137-m1,waiting,-2.375,-2.3120814793893
model_agnostic_replication_behavior-87745bcdd9c550ad-m0,waiting,-1.875,-1.2748157283747648
model_agnostic_replication_behavior-87745bcdd9c550ad-m1,waiting,-1.5,-2.019362465071124
model_agnostic_replication_behavior-87a1f5ea44ef8e5e-m0,waiting,-1.375,-0.5855435743801563
model_agnostic_replication_behavior-87a1f5ea44ef8e5e-m1,waiting,-0.8750000000000002,-1.3300903110765152
model_agnostic_replication_behavior-87db99314b46e261-m0,debugging,0.0,-0.30523090351772425
model_agnostic_replication_behavior-87db99314b46e261-m1,debugging,0.24999999999999992,0.3123596139197183
model_agnostic_replication_behavior-87fd885692ec56e4-m0,effort,-0.37499999999999994,-0.5472033772765397
model_agnostic_replication_behavior-87fd885692ec56e4-m1,effort,0.625,0.014551538919663543
model_agnostic_replication_behavior-88273fdf42d16f91-m0,solvability,-4.5,-4.033461561589796
model_agnostic_replication_behavior-88273fdf42d16f91-m1,solvability,-4.0,-3.935549620600204
model_agnostic_replication_behavior-88383952cacec0e1-m0,debugging,-0.37499999999999994,-0.6494652791874073
model_agnostic_replication_behavior-88383952cacec0e1-m1,debugging,-0.5,-0.0318747617499647
model_agnostic_replication_behavior-88645b74ac98537a-m0,solvability,-2.125,-2.1502239487234913
model_agnostic_replication_behavior-88645b74ac98537a-m1,solvability,-1.875,-2.0523120077338994
model_agnostic_replication_behavior-887cae22809dac85-m0,debugging,0.0,0.7683263750188697
model_agnostic_replication_behavior-887cae22809dac85-m1,debugging,0.5,1.3859168924563123
model_agnostic_replication_behavior-88dd8f0c7bd7c43b-m0,debugging,-0.8750000000000002,-1.089229931574066
model_agnostic_replication_behavior-88dd8f0c7bd7c43b-m1,debugging,-0.6249999999999999,-0.4716394141366233
model_agnostic_replication_behavior-88efc09b6a7bf3fc-m0,bandit,2.25,1.212069241778281
model_agnostic_replication_behavior-88efc09b6a7bf3fc-m1,bandit,1.625,1.6625090281596826
model_agnostic_replication_behavior-8941fe31ec1b5be5-m0,foraging,-0.8750000000000002,-0.6492736780242991
model_agnostic_replication_behavior-8941fe31ec1b5be5-m1,foraging,-0.37499999999999994,-0.21738023169050671
model_agnostic_replication_behavior-895c4af500f38224-m0,foraging,0.125,0.06231837128388409
model_agnostic_replication_behavior-895c4af500f38224-m1,foraging,0.8750000000000001,0.49421181761767663
model_agnostic_replication_behavior-896c2869bd9b341f-m0,bandit,-1.0000000000000002,-0.26410786736480824
model_agnostic_replication_behavior-896c2869bd9b341f-m1,bandit,0.125,0.18633191901659363
model_agnostic_replication_behavior-89c924b46d169021-m0,bandit,-1.25,-2.0283079205656236
model_agnostic_replication_behavior-89c924b46d169021-m1,bandit,-0.7500000000000001,-1.5778681341842216
model_agnostic_replication_behavior-8a17b75061a9d5bd-m0,foraging,-2.25,-1.6355106548125116
model_agnostic_replication_behavior-8a17b75061a9d5bd-m1,foraging,-1.0000000000000002,-1.2036172084787191
model_agnostic_replication_behavior-8a6a66876f15098b-m0,foraging,0.37499999999999994,0.299995008360945
model_agnostic_replication_behavior-8a6a66876f15098b-m1,foraging,0.37499999999999994,0.7318884546947375
model_agnostic_replication_behavior-8a7dbe7400604d2a-m0,foraging,-1.375,-0.6785326024333393
model_agnostic_replication_behavior-8a7dbe7400604d2a-m1,foraging,-0.25,-0.24663915609954684
model_agnostic_replication_behavior-8aa677ad78c5e042-m0,information_sampling,-2.25,-2.6098834740793104
model_agnostic_replication_behavior-8aa677ad78c5e042-m1,information_sampling,-2.0,-1.9598021116021158
model_agnostic_replication_behavior-8b6e712cfcb99475-m0,solvability,-1.875,-0.8114224109263231
model_agnostic_replication_behavior-8b6e712cfcb99475-m1,solvability,-0.5,-0.7135104699367314
model_agnostic_replication_behavior-8b9d1ff9ca72f0a9-m0,bandit,0.125,0.7871837913163748
model_agnostic_replication_behavior-8b9d1ff9ca72f0a9-m1,bandit,0.7500000000000002,1.2376235776977764
model_agnostic_replication_behavior-8c0ed3ebc30ac5f6-m0,effort,-0.6249999999999999,-0.05754806066447277
model_agnostic_replication_behavior-8c0ed3ebc30ac5f6-m1,effort,0.5,0.5042068555317303
model_agnostic_replication_behavior-8c25a45d0853a34e-m0,waiting,-1.125,-0.48335253255314525
model_agnostic_replication_behavior-8c25a45d0853a34e-m1,waiting,-1.0000000000000002,-1.2278992692495043
model_agnostic_replication_behavior-8c2e836fa92de8e0-m0,information_sampling,-1.7499999999999998,-1.8761983363906194
model_agnostic_replication_behavior-8c2e836fa92de8e0-m1,information_sampling,-1.125,-1.2261169739134243
model_agnostic_replication_behavior-8c58c22e1df795ab-m0,effort,0.24999999999999992,-0.07771586496106286
model_agnostic_replication_behavior-8c58c22e1df795ab-m1,effort,1.0,0.48403905123514035
model_agnostic_replication_behavior-8ca12c7a545cc141-m0,information_sampling,-1.5,-1.936716249224145
model_agnostic_replication_behavior-8ca12c7a545cc141-m1,information_sampling,-1.5,-1.2866348867469501
model_agnostic_replication_behavior-8cba254b8aaab3be-m0,waiting,-0.12500000000000006,0.03787525060219957
model_agnostic_replication_behavior-8cba254b8aaab3be-m1,waiting,-0.6249999999999999,-0.7066714860941593
model_agnostic_replication_behavior-8cc3a7e2ce460e4b-m0,foraging,0.37499999999999994,-0.06287257093818815
model_agnostic_replication_behavior-8cc3a7e2ce460e4b-m1,foraging,0.625,0.3690208753956042
model_agnostic_replication_behavior-8cd01411a98f37d0-m0,effort,-0.7500000000000001,-0.49964978248941
model_agnostic_replication_behavior-8cd01411a98f37d0-m1,effort,-0.37499999999999994,0.062105133706793096
model_agnostic_replication_behavior-8cdc19ba85f41421-m0,debugging,-0.6249999999999999,0.17950082018252767
model_agnostic_replication_behavior-8cdc19ba85f41421-m1,debugging,0.125,0.7970913376199704
model_agnostic_replication_behavior-8cdca88468181c6b-m0,solvability,0.125,0.36863664621411185
model_agnostic_replication_behavior-8cdca88468181c6b-m1,solvability,0.37499999999999994,0.4665485872037034
model_agnostic_replication_behavior-8cfd7c6039f9b231-m0,information_sampling,-2.75,-2.514487200536542
model_agnostic_replication_behavior-8cfd7c6039f9b231-m1,information_sampling,-2.625,-1.8644058380593473
model_agnostic_replication_behavior-8d3afb06ca5dd287-m0,debugging,0.625,0.7552458441611293
model_agnostic_replication_behavior-8d3afb06ca5dd287-m1,debugging,1.0,1.372836361598572
model_agnostic_replication_behavior-8da7d4f7221253e4-m0,waiting,1.5000000000000002,1.25865849867824
model_agnostic_replication_behavior-8da7d4f7221253e4-m1,waiting,0.0,0.5141117619818812
model_agnostic_replication_behavior-8e048d5d9cbb5392-m0,foraging,-2.875,-2.6008898800740043
model_agnostic_replication_behavior-8e048d5d9cbb5392-m1,foraging,-3.5,-2.1689964337402117
model_agnostic_replication_behavior-8e3ed71ecd2baf83-m0,effort,-1.0000000000000002,-0.9115379307395698
model_agnostic_replication_behavior-8e3ed71ecd2baf83-m1,effort,0.125,-0.34978301454336647
model_agnostic_replication_behavior-8eca6891b5053ee0-m0,solvability,2.875,3.1344562321932887
model_agnostic_replication_behavior-8eca6891b5053ee0-m1,solvability,1.3750000000000002,3.2323681731828806
model_agnostic_replication_behavior-8f03ea675e166621-m0,debugging,-1.375,-0.8888555438398283
model_agnostic_replication_behavior-8f03ea675e166621-m1,debugging,-0.37499999999999994,-0.2712650264023858
model_agnostic_replication_behavior-8f7f8b18db70814f-m0,bandit,0.125,0.024374854030460358
model_agnostic_replication_behavior-8f7f8b18db70814f-m1,bandit,0.37499999999999994,0.47481464041186217
model_agnostic_replication_behavior-8fa36f874d5b0734-m0,foraging,-1.5,-1.5132522021098225
model_agnostic_replication_behavior-8fa36f874d5b0734-m1,foraging,-1.125,-1.0813587557760302
model_agnostic_replication_behavior-8fb4200075fe0ca0-m0,waiting,1.0,0.707237142639587
model_agnostic_replication_behavior-8fb4200075fe0ca0-m1,waiting,-0.37499999999999994,-0.037309594056771866
model_agnostic_replication_behavior-8fde63d1a4551c6c-m0,bandit,0.0,0.219431674813666
model_agnostic_replication_behavior-8fde63d1a4551c6c-m1,bandit,0.24999999999999992,0.6698714611950678
model_agnostic_replication_behavior-9057e940f679976c-m0,waiting,-1.375,-0.29834711510428247
model_agnostic_replication_behavior-9057e940f679976c-m1,waiting,-1.375,-1.0428938518006414
model_agnostic_replication_behavior-90791564e411c004-m0,waiting,-0.12500000000000006,0.29281674434518556
model_agnostic_replication_behavior-90791564e411c004-m1,waiting,-1.375,-0.4517299923511732
model_agnostic_replication_behavior-907c8f0bd5be6667-m0,solvability,-1.125,-0.4203144520672624
model_agnostic_replication_behavior-907c8f0bd5be6667-m1,solvability,0.125,-0.32240251107767093
model_agnostic_replication_behavior-909660514f3153a5-m0,bandit,0.8750000000000001,0.5224314412139031
model_agnostic_replication_behavior-909660514f3153a5-m1,bandit,0.7500000000000002,0.9728712275953048
model_agnostic_replication_behavior-909af838dcffe1b6-m0,information_sampling,-1.375,-1.5603960680619466
model_agnostic_replication_behavior-909af838dcffe1b6-m1,information_sampling,-0.5,-0.9103147055847518
model_agnostic_replication_behavior-90e1492ac577f394-m0,information_sampling,-2.125,-2.01895735469909
model_agnostic_replication_behavior-90e1492ac577f394-m1,information_sampling,-1.375,-1.368875992221895
model_agnostic_replication_behavior-9109c64cd8fe773d-m0,information_sampling,-2.25,-2.2242784371335826
model_agnostic_replication_behavior-9109c64cd8fe773d-m1,information_sampling,-1.7499999999999998,-1.574197074656388
model_agnostic_replication_behavior-9130cafb11c03530-m0,effort,0.0,-0.07014944677182522
model_agnostic_replication_behavior-9130cafb11c03530-m1,effort,0.7500000000000002,0.49160546942437794
model_agnostic_replication_behavior-9132f46398eaa9b5-m0,debugging,0.5,0.15885075885422978
model_agnostic_replication_behavior-9132f46398eaa9b5-m1,debugging,0.7500000000000002,0.7764412762916724
model_agnostic_replication_behavior-91910af602b31227-m0,solvability,-2.875,-1.8712365710514933
model_agnostic_replication_behavior-91910af602b31227-m1,solvability,-1.5,-1.7733246300619019
model_agnostic_replication_behavior-91b0d75dc4c13ada-m0,debugging,-2.5,-1.9637719394869917
model_agnostic_replication_behavior-91b0d75dc4c13ada-m1,debugging,-2.0,-1.3461814220495496
model_agnostic_replication_behavior-91c1aef5e447ce11-m0,solvability,-0.6249999999999999,-0.4254526529800582
model_agnostic_replication_behavior-91c1aef5e447ce11-m1,solvability,0.0,-0.3275407119904665
model_agnostic_replication_behavior-91c6e602b0c01804-m0,bandit,1.625,0.9845252776145761
model_agnostic_replication_behavior-91c6e602b0c01804-m1,bandit,1.5000000000000002,1.434965063995978
model_agnostic_replication_behavior-91f59b669041a2e2-m0,foraging,-2.0,-0.9844853150236502
model_agnostic_replication_behavior-91f59b669041a2e2-m1,foraging,-0.8750000000000002,-0.5525918686898578
model_agnostic_replication_behavior-921010f9ad03cf66-m0,effort,1.75,1.6056274820601097
model_agnostic_replication_behavior-921010f9ad03cf66-m1,effort,1.625,2.167382398256313
model_agnostic_replication_behavior-92949dfabd4a95d3-m0,foraging,-1.25,-1.6425266517432646
model_agnostic_replication_behavior-92949dfabd4a95d3-m1,foraging,-0.7500000000000001,-1.210633205409472
model_agnostic_replication_behavior-929e5774568dea1e-m0,waiting,0.7500000000000002,0.20446945884353845
model_agnostic_replication_behavior-929e5774568dea1e-m1,waiting,0.0,-0.5400772778528203
model_agnostic_replication_behavior-92c878938a91436d-m0,foraging,-1.7499999999999998,-1.357791709065587
model_agnostic_replication_behavior-92c878938a91436d-m1,foraging,-2.0,-0.9258982627317942
model_agnostic_replication_behavior-92dd0c4db7516cde-m0,bandit,2.125,1.2932321426839866
model_agnostic_replication_behavior-92dd0c4db7516cde-m1,bandit,1.75,1.743671929065388
model_agnostic_replication_behavior-92f029d7f7220a24-m0,solvability,1.25,0.3131595696245776
model_agnostic_replication_behavior-92f029d7f7220a24-m1,solvability,1.0,0.411071510614169
model_agnostic_replication_behavior-93143c7a2ed4d153-m0,foraging,-0.12500000000000006,-0.14110770331090056
model_agnostic_replication_behavior-93143c7a2ed4d153-m1,foraging,-0.12500000000000006,0.2907857430228919
model_agnostic_replication_behavior-932bbe9f5d3af2f6-m0,solvability,-0.12500000000000006,1.3047758005416652
model_agnostic_replication_behavior-932bbe9f5d3af2f6-m1,solvability,0.5,1.4026877415312569
model_agnostic_replication_behavior-932fe3d68830cb04-m0,debugging,-0.37499999999999994,-0.7625798270959525
model_agnostic_replication_behavior-932fe3d68830cb04-m1,debugging,0.0,-0.14498930965851015
model_agnostic_replication_behavior-93801b0bb9ba2537-m0,effort,-1.7499999999999998,-1.2227278222371127
model_agnostic_replication_behavior-93801b0bb9ba2537-m1,effort,-1.0000000000000002,-0.6609729060409096
model_agnostic_replication_behavior-939645d368133f1d-m0,solvability,1.25,1.3255999327284793
model_agnostic_replication_behavior-939645d368133f1d-m1,solvability,0.8750000000000001,1.423511873718071
model_agnostic_replication_behavior-93b9f402dda225b8-m0,debugging,1.125,0.8322214030791335
model_agnostic_replication_behavior-93b9f402dda225b8-m1,debugging,1.8749999999999998,1.449811920516576
model_agnostic_replication_behavior-93ce1981bf9aa5e4-m0,debugging,-0.5,-0.27107151626157966
model_agnostic_replication_behavior-93ce1981bf9aa5e4-m1,debugging,0.0,0.346519001175863
model_agnostic_replication_behavior-940216dadcef438f-m0,solvability,4.125,3.0897275148687084
model_agnostic_replication_behavior-940216dadcef438f-m1,solvability,2.375,3.1876394558583
model_agnostic_replication_behavior-943e06a2e433449d-m0,debugging,-0.12500000000000006,-0.23284499617398496
model_agnostic_replication_behavior-943e06a2e433449d-m1,debugging,0.24999999999999992,0.3847455212634575
model_agnostic_replication_behavior-94d5189ecf9f261e-m0,effort,0.24999999999999992,0.17762758848266746
model_agnostic_replication_behavior-94d5189ecf9f261e-m1,effort,0.8750000000000001,0.7393825046788707
model_agnostic_replication_behavior-94fdc15e7d111af0-m0,information_sampling,-2.0,-2.27116097848563
model_agnostic_replication_behavior-94fdc15e7d111af0-m1,information_sampling,-1.375,-1.6210796160084349
model_agnostic_replication_behavior-953123a0db7ca236-m0,solvability,-2.0,-1.5560022636501445
model_agnostic_replication_behavior-953123a0db7ca236-m1,solvability,-1.5,-1.458090322660553
model_agnostic_replication_behavior-95412ce9ae65716b-m0,information_sampling,-1.875,-1.4355981858350244
model_agnostic_replication_behavior-95412ce9ae65716b-m1,information_sampling,-2.375,-0.7855168233578294
model_agnostic_replication_behavior-95873de7cd3d23de-m0,bandit,-2.125,-1.5319773742819789
model_agnostic_replication_behavior-95873de7cd3d23de-m1,bandit,-2.0,-1.081537587900577
model_agnostic_replication_behavior-95b680d128a853a9-m0,information_sampling,-2.125,-1.9101100720123503
model_agnostic_replication_behavior-95b680d128a853a9-m1,information_sampling,-0.8750000000000002,-1.2600287095351552
model_agnostic_replication_behavior-95da16659b84d784-m0,foraging,-0.8750000000000002,-1.1459701968307316
model_agnostic_replication_behavior-95da16659b84d784-m1,foraging,-0.5,-0.7140767504969391
model_agnostic_replication_behavior-95e440023b1ebb1f-m0,effort,0.8750000000000001,0.42048047131389066
model_agnostic_replication_behavior-95e440023b1ebb1f-m1,effort,1.0,0.9822353875100938
model_agnostic_replication_behavior-95e617c92e56e841-m0,debugging,-0.6249999999999999,-0.4677984941057857
model_agnostic_replication_behavior-95e617c92e56e841-m1,debugging,0.37499999999999994,0.14979202333165703
model_agnostic_replication_behavior-96095fa185c5c1c0-m0,information_sampling,-1.7499999999999998,-1.2125399701197113
model_agnostic_replication_behavior-96095fa185c5c1c0-m1,information_sampling,-0.5,-0.5624586076425164
model_agnostic_replication_behavior-961abfe551bb6108-m0,solvability,1.75,0.9657323000749177
model_agnostic_replication_behavior-961abfe551bb6108-m1,solvability,1.3750000000000002,1.0636442410645093
model_agnostic_replication_behavior-962029f791192c33-m0,debugging,0.5,0.8564688164840213
model_agnostic_replication_behavior-962029f791192c33-m1,debugging,1.125,1.474059333921464
model_agnostic_replication_behavior-962db6b812456f5d-m0,information_sampling,-2.75,-2.3658180218749587
model_agnostic_replication_behavior-962db6b812456f5d-m1,information_sampling,-2.375,-1.7157366593977637
model_agnostic_replication_behavior-964dac0b013bf256-m0,effort,-2.25,-1.747817900390041
model_agnostic_replication_behavior-964dac0b013bf256-m1,effort,-1.5,-1.1860629841938375
model_agnostic_replication_behavior-96f1e769eb5b8372-m0,waiting,0.37499999999999994,0.7997880976633647
model_agnostic_replication_behavior-96f1e769eb5b8372-m1,waiting,0.0,0.05524136096700594
model_agnostic_replication_behavior-972b66ffefbc58ac-m0,effort,-0.6249999999999999,-0.7259611992249595
model_agnostic_replication_behavior-972b66ffefbc58ac-m1,effort,0.5,-0.1642062830287564
model_agnostic_replication_behavior-97ac23df9331762d-m0,bandit,0.37499999999999994,-0.019216423477572464
model_agnostic_replication_behavior-97ac23df9331762d-m1,bandit,0.0,0.4312233629038293
model_agnostic_replication_behavior-97cb3c12a9e70a5d-m0,bandit,-0.37499999999999994,0.8399157425494104
model_agnostic_replication_behavior-97cb3c12a9e70a5d-m1,bandit,0.37499999999999994,1.2903555289308122
model_agnostic_replication_behavior-97e1c464d9f2e8a2-m0,solvability,3.75,2.3711057176458947
model_agnostic_replication_behavior-97e1c464d9f2e8a2-m1,solvability,2.25,2.4690176586354866
model_agnostic_replication_behavior-983b5f4ff11deda5-m0,waiting,-1.625,-1.4163040806531457
model_agnostic_replication_behavior-983b5f4ff11deda5-m1,waiting,-2.75,-2.1608508173495045
model_agnostic_replication_behavior-985158d05210a378-m0,solvability,1.0,1.0156609878639535
model_agnostic_replication_behavior-985158d05210a378-m1,solvability,1.3750000000000002,1.1135729288535452
model_agnostic_replication_behavior-98ac3a18dd836478-m0,effort,-1.7499999999999998,-1.7681953573437792
model_agnostic_replication_behavior-98ac3a18dd836478-m1,effort,-0.5,-1.206440441147576
model_agnostic_replication_behavior-98bf3931bb091378-m0,effort,1.0,1.2843321180101128
model_agnostic_replication_behavior-98bf3931bb091378-m1,effort,1.25,1.8460870342063156
model_agnostic_replication_behavior-98d8a6a4cc352c8c-m0,effort,0.625,1.1107131366290794
model_agnostic_replication_behavior-98d8a6a4cc352c8c-m1,effort,1.3750000000000002,1.6724680528252822
model_agnostic_replication_behavior-98fbbadb3babd210-m0,solvability,-1.125,-1.1961216627875724
model_agnostic_replication_behavior-98fbbadb3babd210-m1,solvability,-1.0000000000000002,-1.098209721797981
model_agnostic_replication_behavior-991f73eafb590c66-m0,information_sampling,-1.625,-1.920790571668882
model_agnostic_replication_behavior-991f73eafb590c66-m1,information_sampling,-1.0000000000000002,-1.2707092091916872
model_agnostic_replication_behavior-9962edd9c458d9a2-m0,effort,0.625,0.12981341920969888
model_agnostic_replication_behavior-9962edd9c458d9a2-m1,effort,0.8750000000000001,0.6915683354059019
model_agnostic_replication_behavior-99f2daa110117c04-m0,foraging,1.3750000000000002,0.41828328243409196
model_agnostic_replication_behavior-99f2daa110117c04-m1,foraging,1.625,0.8501767287678846
model_agnostic_replication_behavior-9a1596ca31abdd1c-m0,debugging,2.0,1.5912140601431577
model_agnostic_replication_behavior-9a1596ca31abdd1c-m1,debugging,2.875,2.2088045775806
model_agnostic_replication_behavior-9a70bea2c4823d6a-m0,debugging,-0.5,-0.005788495839121333
model_agnostic_replication_behavior-9a70bea2c4823d6a-m1,debugging,0.0,0.6118020215983213
model_agnostic_replication_behavior-9acfa11177e7197c-m0,bandit,0.125,0.4566875276329909
model_agnostic_replication_behavior-9acfa11177e7197c-m1,bandit,0.0,0.9071273140143926
model_agnostic_replication_behavior-9aff574db7ef5326-m0,effort,1.3750000000000002,1.2370312836594752
model_agnostic_replication_behavior-9aff574db7ef5326-m1,effort,1.25,1.7987861998556784
model_agnostic_replication_behavior-9b7a7d2eb83bfc0d-m0,effort,-0.6249999999999999,-0.6368311183265298
model_agnostic_replication_behavior-9b7a7d2eb83bfc0d-m1,effort,0.24999999999999992,-0.07507620213032673
model_agnostic_replication_behavior-9b88ae29f5fdb0b9-m0,information_sampling,-1.875,-1.9476905027100866
model_agnostic_replication_behavior-9b88ae29f5fdb0b9-m1,information_sampling,-1.0000000000000002,-1.2976091402328918
model_agnostic_replication_behavior-9bb5425203a908c0-m0,information_sampling,-2.625,-2.3450341100828016
model_agnostic_replication_behavior-9bb5425203a908c0-m1,information_sampling,-2.125,-1.6949527476056068
model_agnostic_replication_behavior-9bbf7d96242c0cea-m0,waiting,2.25,1.2806597360694227
model_agnostic_replication_behavior-9bbf7d96242c0cea-m1,waiting,0.37499999999999994,0.5361129993730637
model_agnostic_replication_behavior-9c6a917136a18bfd-m0,foraging,-2.75,-3.248893531604808
model_agnostic_replication_behavior-9c6a917136a18bfd-m1,foraging,-3.125,-2.8170000852710153
model_agnostic_replication_behavior-9c8b8e260b68c5e5-m0,information_sampling,-2.0,-2.203198028519038
model_agnostic_replication_behavior-9c8b8e260b68c5e5-m1,information_sampling,-1.25,-1.553116666041843
model_agnostic_replication_behavior-9c943d622162c74b-m0,bandit,0.625,1.3139009981065284
model_agnostic_replication_behavior-9c943d622162c74b-m1,bandit,0.37499999999999994,1.76434078448793
model_agnostic_replication_behavior-9c9d58145cda3fb9-m0,debugging,0.5,0.38423974722566034
model_agnostic_replication_behavior-9c9d58145cda3fb9-m1,debugging,1.125,1.001830264663103
model_agnostic_replication_behavior-9ca849977a72c42c-m0,foraging,-2.875,-2.306920093151585
model_agnostic_replication_behavior-9ca849977a72c42c-m1,foraging,-3.25,-1.8750266468177923
model_agnostic_replication_behavior-9cd00b1dbe5b6f3a-m0,waiting,-1.25,-0.9663652541157178
model_agnostic_replication_behavior-9cd00b1dbe5b6f3a-m1,waiting,-1.0000000000000002,-1.7109119908120767
model_agnostic_replication_behavior-9cd2e9af61da6148-m0,bandit,-1.0000000000000002,-1.8281286923024962
model_agnostic_replication_behavior-9cd2e9af61da6148-m1,bandit,-0.8750000000000002,-1.3776889059210946
model_agnostic_replication_behavior-9cfb4e82e10d17f2-m0,effort,1.8749999999999998,1.691374056544573
model_agnostic_replication_behavior-9cfb4e82e10d17f2-m1,effort,1.125,2.2531289727407757
model_agnostic_replication_behavior-9d936d7ce8fd8248-m0,solvability,1.3750000000000002,1.3888409585959292
model_agnostic_replication_behavior-9d936d7ce8fd8248-m1,solvability,1.125,1.4867528995855206
model_agnostic_replication_behavior-9da819f437196ebd-m0,bandit,-0.12500000000000006,-0.46469494491703833
model_agnostic_replication_behavior-9da819f437196ebd-m1,bandit,0.37499999999999994,-0.014255158535636636
model_agnostic_replication_behavior-9dbe0bb02f11a68a-m0,bandit,-0.12500000000000006,-0.2880003241168657
model_agnostic_replication_behavior-9dbe0bb02f11a68a-m1,bandit,0.24999999999999992,0.162439462264536
model_agnostic_replication_behavior-9ddb551eee3445fe-m0,foraging,-0.6249999999999999,-0.3560518836265487
model_agnostic_replication_behavior-9ddb551eee3445fe-m1,foraging,0.24999999999999992,0.07584156270724379
model_agnostic_replication_behavior-9e2867fdf9c03a91-m0,foraging,-2.75,-1.8759470662976845
model_agnostic_replication_behavior-9e2867fdf9c03a91-m1,foraging,-2.5,-1.444053619963892
model_agnostic_replication_behavior-9e5b10b6c844f2d6-m0,waiting,0.0,0.6006178492175582
model_agnostic_replication_behavior-9e5b10b6c844f2d6-m1,waiting,-0.37499999999999994,-0.14392888747880045
model_agnostic_replication_behavior-9e73d89a206ad669-m0,solvability,0.625,0.6106891713348146
model_agnostic_replication_behavior-9e73d89a206ad669-m1,solvability,0.24999999999999992,0.7086011123244061
model_agnostic_replication_behavior-9e97352117542735-m0,effort,-0.7500000000000001,-0.06369662863393297
model_agnostic_replication_behavior-9e97352117542735-m1,effort,0.625,0.49805828756227016
model_agnostic_replication_behavior-9ead76575469d6e8-m0,bandit,-0.7500000000000001,-0.33342514654288224
model_agnostic_replication_behavior-9ead76575469d6e8-m1,bandit,-0.37499999999999994,0.11701463983851956
model_agnostic_replication_behavior-9f1d78f5eb0ec35b-m0,solvability,-0.8750000000000002,-0.2937356736660567
model_agnostic_replication_behavior-9f1d78f5eb0ec35b-m1,solvability,-0.12500000000000006,-0.1958237326764651
model_agnostic_replication_behavior-9f62e32d4455892b-m0,waiting,0.125,-0.22331570648967963
model_agnostic_replication_behavior-9f62e32d4455892b-m1,waiting,-0.5,-0.9678624431860384
model_agnostic_replication_behavior-9f6397cb681673b4-m0,effort,0.5,-0.13517361683661577
model_agnostic_replication_behavior-9f6397cb681673b4-m1,effort,0.5,0.42658129935958733
model_agnostic_replication_behavior-9f919fcbeaf46708-m0,debugging,-0.5,0.006888967795053436
model_agnostic_replication_behavior-9f919fcbeaf46708-m1,debugging,0.5,0.6244794852324962
model_agnostic_replication_behavior-9ff975f1cc400fc2-m0,foraging,1.125,0.5635258294733921
model_agnostic_replication_behavior-9ff975f1cc400fc2-m1,foraging,1.25,0.9954192758071846
model_agnostic_replication_behavior-a0033973ccb4233d-m0,solvability,-0.8750000000000002,-0.39608754463933044
model_agnostic_replication_behavior-a0033973ccb4233d-m1,solvability,0.125,-0.29817560364973894
model_agnostic_replication_behavior-a00dba40d5edb6e1-m0,debugging,-0.5,-0.2089636076387757
model_agnostic_replication_behavior-a00dba40d5edb6e1-m1,debugging,0.37499999999999994,0.4086269097986669
model_agnostic_replication_behavior-a015e265c1b07c99-m0,information_sampling,-1.625,-1.985777352088034
model_agnostic_replication_behavior-a015e265c1b07c99-m1,information_sampling,-0.8750000000000002,-1.3356959896108391
model_agnostic_replication_behavior-a01d1c9bb5374f11-m0,information_sampling,-3.125,-3.0844845965522625
model_agnostic_replication_behavior-a01d1c9bb5374f11-m1,information_sampling,-2.375,-2.434403234075068
model_agnostic_replication_behavior-a0205177286385ca-m0,foraging,-2.625,-2.1591272556498904
model_agnostic_replication_behavior-a0205177286385ca-m1,foraging,-2.75,-1.7272338093160977
model_agnostic_replication_behavior-a0238357b16d73f4-m0,effort,-1.875,-1.7529278386172464
model_agnostic_replication_behavior-a0238357b16d73f4-m1,effort,-1.125,-1.1911729224210432
model_agnostic_replication_behavior-a02cd2dd4809b113-m0,information_sampling,-2.625,-2.7725222238168046
model_agnostic_replication_behavior-a02cd2dd4809b113-m1,information_sampling,-2.5,-2.1224408613396095
model_agnostic_replication_behavior-a03911b6efb1a567-m0,effort,1.75,1.0976409226924004
model_agnostic_replication_behavior-a03911b6efb1a567-m1,effort,1.625,1.6593958388886034
model_agnostic_replication_behavior-a0614c4eed4fc20f-m0,foraging,0.37499999999999994,-0.10589538343320204
model_agnostic_replication_behavior-a0614c4eed4fc20f-m1,foraging,1.0,0.32599806290059036
model_agnostic_replication_behavior-a07f0ac9de5a69dd-m0,debugging,-0.6249999999999999,-0.30005045229649413
model_agnostic_replication_behavior-a07f0ac9de5a69dd-m1,debugging,0.125,0.3175400651409484
model_agnostic_replication_behavior-a0e421a8a8bb7800-m0,debugging,-1.625,-1.2962800468779
model_agnostic_replication_behavior-a0e421a8a8bb7800-m1,debugging,-2.125,-0.6786895294404576
model_agnostic_replication_behavior-a0fcd1f9e1a4e0ba-m0,debugging,0.625,-0.236867180870317
model_agnostic_replication_behavior-a0fcd1f9e1a4e0ba-m1,debugging,0.625,0.3807233365671256
model_agnostic_replication_behavior-a1117ec1dbda2a69-m0,waiting,-1.125,-0.58894846409161
model_agnostic_replication_behavior-a1117ec1dbda2a69-m1,waiting,-1.375,-1.3334952007879688
model_agnostic_replication_behavior-a12f808134e721d4-m0,effort,-1.7499999999999998,-1.0405569347228825
model_agnostic_replication_behavior-a12f808134e721d4-m1,effort,-0.12500000000000006,-0.4788020185266796
model_agnostic_replication_behavior-a15aa4c14e33ca93-m0,solvability,2.875,2.0842322080527023
model_agnostic_replication_behavior-a15aa4c14e33ca93-m1,solvability,1.125,2.182144149042294
model_agnostic_replication_behavior-a174e27c2c3bead6-m0,solvability,3.375,2.1952318581372916
model_agnostic_replication_behavior-a174e27c2c3bead6-m1,solvability,2.25,2.2931437991268826
model_agnostic_replication_behavior-a175f8adb410af7b-m0,foraging,-0.8750000000000002,-0.9476636700176952
model_agnostic_replication_behavior-a175f8adb410af7b-m1,foraging,-0.12500000000000006,-0.515770223683903
model_agnostic_replication_behavior-a17642a3c59fe982-m0,foraging,-1.625,-1.2703798542463673
model_agnostic_replication_behavior-a17642a3c59fe982-m1,foraging,-1.25,-0.8384864079125749
model_agnostic_replication_behavior-a1a371ca0205f3b5-m0,solvability,4.5,2.930577383360056
model_agnostic_replication_behavior-a1a371ca0205f3b5-m1,solvability,2.875,3.028489324349648
model_agnostic_replication_behavior-a1a540ac216b53e9-m0,information_sampling,-2.375,-2.4141302269232803
model_agnostic_replication_behavior-a1a540ac216b53e9-m1,information_sampling,-2.125,-1.7640488644460854
model_agnostic_replication_behavior-a27d12ee74eb009d-m0,effort,-0.25,0.07121196855917167
model_agnostic_replication_behavior-a27d12ee74eb009d-m1,effort,0.7500000000000002,0.6329668847553749
model_agnostic_replication_behavior-a2852f751614d7a1-m0,waiting,2.0,1.6499603816835196
model_agnostic_replication_behavior-a2852f751614d7a1-m1,waiting,-0.12500000000000006,0.9054136449871607
model_agnostic_replication_behavior-a308d567384b758e-m0,waiting,-0.8750000000000002,-0.9562317450698343
model_agnostic_replication_behavior-a308d567384b758e-m1,waiting,-1.125,-1.7007784817661935
model_agnostic_replication_behavior-a31319d2f11fc6a4-m0,information_sampling,-2.875,-2.6794436725952995
model_agnostic_replication_behavior-a31319d2f11fc6a4-m1,information_sampling,-2.0,-2.029362310118105
model_agnostic_replication_behavior-a32a2569c8a971ff-m0,foraging,1.25,0.5195794632855
model_agnostic_replication_behavior-a32a2569c8a971ff-m1,foraging,0.7500000000000002,0.9514729096192924
model_agnostic_replication_behavior-a377c64c042c97fa-m0,bandit,-0.5,0.3011632900862025
model_agnostic_replication_behavior-a377c64c042c97fa-m1,bandit,0.7500000000000002,0.7516030764676043
model_agnostic_replication_behavior-a3a86d0cdc3cad93-m0,solvability,2.75,1.7883096207726945
model_agnostic_replication_behavior-a3a86d0cdc3cad93-m1,solvability,1.125,1.8862215617622862
model_agnostic_replication_behavior-a3a93cc6e9169fa3-m0,information_sampling,-1.5,-1.795214472513854
model_agnostic_replication_behavior-a3a93cc6e9169fa3-m1,information_sampling,-1.0000000000000002,-1.145133110036659
model_agnostic_replication_behavior-a3c0f6578ab20b83-m0,information_sampling,-1.25,-1.7435447667482753
model_agnostic_replication_behavior-a3c0f6578ab20b83-m1,information_sampling,-0.6249999999999999,-1.0934634042710805
model_agnostic_replication_behavior-a3cfb7159fafdec6-m0,debugging,1.25,1.0587001909317442
model_agnostic_replication_behavior-a3cfb7159fafdec6-m1,debugging,1.25,1.6762907083691867
model_agnostic_replication_behavior-a42ca42c513b241a-m0,solvability,-1.875,-0.8585040560252408
model_agnostic_replication_behavior-a42ca42c513b241a-m1,solvability,-0.6249999999999999,-0.7605921150356492
model_agnostic_replication_behavior-a451b64017f24c80-m0,waiting,2.375,1.7897438443039448
model_agnostic_replication_behavior-a451b64017f24c80-m1,waiting,0.625,1.0451971076075859
model_agnostic_replication_behavior-a4613ac8506c78c0-m0,debugging,0.125,-0.1408631388159094
model_agnostic_replication_behavior-a4613ac8506c78c0-m1,debugging,0.625,0.47672737862153314
model_agnostic_replication_behavior-a46f5360fc23da31-m0,debugging,-0.37499999999999994,0.25649915704646875
model_agnostic_replication_behavior-a46f5360fc23da31-m1,debugging,-0.37499999999999994,0.8740896744839112
model_agnostic_replication_behavior-a47fbfe4b3b204ba-m0,solvability,-2.375,-1.9952022186156493
model_agnostic_replication_behavior-a47fbfe4b3b204ba-m1,solvability,-1.875,-1.8972902776260574
model_agnostic_replication_behavior-a487512d9591d2b5-m0,bandit,-1.7499999999999998,-1.3031587095859147
model_agnostic_replication_behavior-a487512d9591d2b5-m1,bandit,-2.25,-0.8527189232045129
model_agnostic_replication_behavior-a4c54bc3ec62e053-m0,information_sampling,-1.7499999999999998,-1.5899097399104454
model_agnostic_replication_behavior-a4c54bc3ec62e053-m1,information_sampling,-0.6249999999999999,-0.9398283774332505
model_agnostic_replication_behavior-a4e37f63ffad0136-m0,waiting,1.3750000000000002,0.7730234824555745
model_agnostic_replication_behavior-a4e37f63ffad0136-m1,waiting,0.0,0.02847674575921566
model_agnostic_replication_behavior-a4fbc588f4f2f1c1-m0,bandit,0.37499999999999994,0.301131466598699
model_agnostic_replication_behavior-a4fbc588f4f2f1c1-m1,bandit,0.625,0.7515712529801006
model_agnostic_replication_behavior-a528e71ab9d6cfb9-m0,information_sampling,-2.0,-2.0384151386197447
model_agnostic_replication_behavior-a528e71ab9d6cfb9-m1,information_sampling,-1.625,-1.3883337761425496
model_agnostic_replication_behavior-a52df98b57929acf-m0,bandit,0.37499999999999994,0.09308975478825077
model_agnostic_replication_behavior-a52df98b57929acf-m1,bandit,0.125,0.5435295411696525
model_agnostic_replication_behavior-a543d323f11e92dd-m0,waiting,-0.6249999999999999,-0.5124814615846712
model_agnostic_replication_behavior-a543d323f11e92dd-m1,waiting,-0.7500000000000001,-1.2570281982810303
model_agnostic_replication_behavior-a5a6f09268e89b34-m0,information_sampling,-2.25,-1.9299701636156785
model_agnostic_replication_behavior-a5a6f09268e89b34-m1,information_sampling,-1.375,-1.2798888011384837
model_agnostic_replication_behavior-a5c3d29c9fb7e4dc-m0,foraging,-2.125,-1.279807556286446
model_agnostic_replication_behavior-a5c3d29c9fb7e4dc-m1,foraging,-0.7500000000000001,-0.8479141099526537
model_agnostic_replication_behavior-a5ce8bd5b16bf8f7-m0,information_sampling,-2.25,-2.243647480639648
model_agnostic_replication_behavior-a5ce8bd5b16bf8f7-m1,information_sampling,-1.7499999999999998,-1.5935661181624527
model_agnostic_replication_behavior-a5e146830253c8b8-m0,debugging,-0.5,-0.27589047299774383
model_agnostic_replication_behavior-a5e146830253c8b8-m1,debugging,-0.37499999999999994,0.3417000444396987
model_agnostic_replication_behavior-a646ebd939cd594b-m0,waiting,-0.12500000000000006,0.4125543086321818
model_agnostic_replication_behavior-a646ebd939cd594b-m1,waiting,-0.37499999999999994,-0.33199242806417717
model_agnostic_replication_behavior-a68d3e0aa669146a-m0,solvability,0.125,0.47958723589878327
model_agnostic_replication_behavior-a68d3e0aa669146a-m1,solvability,0.0,0.5774991768883748
model_agnostic_replication_behavior-a69e531dd13ba571-m0,waiting,-0.12500000000000006,0.5771684632846302
model_agnostic_replication_behavior-a69e531dd13ba571-m1,waiting,-0.6249999999999999,-0.16737827341172856
model_agnostic_replication_behavior-a6c9a1b963478f89-m0,information_sampling,-1.875,-2.107018933494782
model_agnostic_replication_behavior-a6c9a1b963478f89-m1,information_sampling,-0.8750000000000002,-1.456937571017587
model_agnostic_replication_behavior-a6d80956f32032cf-m0,debugging,-1.125,-0.46475092457440126
model_agnostic_replication_behavior-a6d80956f32032cf-m1,debugging,-0.6249999999999999,0.15283959286304138
model_agnostic_replication_behavior-a6ed1397d814db82-m0,waiting,3.375,1.4924676765484652
model_agnostic_replication_behavior-a6ed1397d814db82-m1,waiting,1.0,0.7479209398521065
model_agnostic_replication_behavior-a74f835b98d84c09-m0,effort,-2.5,-2.205798543329784
model_agnostic_replication_behavior-a74f835b98d84c09-m1,effort,-1.375,-1.644043627133581
model_agnostic_replication_behavior-a76dcd9640ae67bf-m0,information_sampling,-1.875,-1.9629253968680385
model_agnostic_replication_behavior-a76dcd9640ae67bf-m1,information_sampling,-1.7499999999999998,-1.312844034390844
model_agnostic_replication_behavior-a7ab7a2e0d8545a1-m0,foraging,-0.37499999999999994,0.48304664435399475
model_agnostic_replication_behavior-a7ab7a2e0d8545a1-m1,foraging,-0.25,0.9149400906877874
model_agnostic_replication_behavior-a7c97b3af4ca8c64-m0,information_sampling,-1.125,-1.420745991166694
model_agnostic_replication_behavior-a7c97b3af4ca8c64-m1,information_sampling,-0.5,-0.7706646286894991
model_agnostic_replication_behavior-a7d9dee50aa7b775-m0,bandit,-0.37499999999999994,-0.32270851814051804
model_agnostic_replication_behavior-a7d9dee50aa7b775-m1,bandit,0.24999999999999992,0.12773126824088366
model_agnostic_replication_behavior-a7ded166a44d2eec-m0,solvability,3.25,2.9070676502813457
model_agnostic_replication_behavior-a7ded166a44d2eec-m1,solvability,2.75,3.0049795912709367
model_agnostic_replication_behavior-a7eb61b60ddd0e1c-m0,foraging,3.75,1.9529113946932142
model_agnostic_replication_behavior-a7eb61b60ddd0e1c-m1,foraging,2.375,2.3848048410270066
model_agnostic_replication_behavior-a7f63c768d2b931c-m0,solvability,0.0,-0.12782110422631762
model_agnostic_replication_behavior-a7f63c768d2b931c-m1,solvability,0.625,-0.02990916323672608
model_agnostic_replication_behavior-a830c826b0ed4264-m0,effort,-1.5,-1.1397993093132277
model_agnostic_replication_behavior-a830c826b0ed4264-m1,effort,-0.37499999999999994,-0.5780443931170244
model_agnostic_replication_behavior-a849749b5020b267-m0,debugging,-3.125,-2.038590662113334
model_agnostic_replication_behavior-a849749b5020b267-m1,debugging,-2.375,-1.4210001446758915
model_agnostic_replication_behavior-a8e1a5f78fe34455-m0,information_sampling,-1.0000000000000002,-1.4766238624110288
model_agnostic_replication_behavior-a8e1a5f78fe34455-m1,information_sampling,-0.37499999999999994,-0.8265424999338338
model_agnostic_replication_behavior-a8fe42ca48c26324-m0,debugging,1.625,0.7270977134994615
model_agnostic_replication_behavior-a8fe42ca48c26324-m1,debugging,1.625,1.344688230936904
model_agnostic_replication_behavior-a902c9fdbad01d0a-m0,foraging,1.25,0.7020874293345667
model_agnostic_replication_behavior-a902c9fdbad01d0a-m1,foraging,1.0,1.1339808756683591
model_agnostic_replication_behavior-a90dea3553dfce28-m0,waiting,-0.6249999999999999,-0.37643662056364074
model_agnostic_replication_behavior-a90dea3553dfce28-m1,waiting,-1.375,-1.1209833572599994
model_agnostic_replication_behavior-a94220409f3387ce-m0,effort,1.0,1.0926453520791106
model_agnostic_replication_behavior-a94220409f3387ce-m1,effort,1.5000000000000002,1.6544002682753138
model_agnostic_replication_behavior-a94b591a2bff9baa-m0,information_sampling,-1.7499999999999998,-1.8938779994612056
model_agnostic_replication_behavior-a94b591a2bff9baa-m1,information_sampling,-0.8750000000000002,-1.2437966369840108
model_agnostic_replication_behavior-a96bd9980f147e39-m0,foraging,-2.25,-2.4607164320284
model_agnostic_replication_behavior-a96bd9980f147e39-m1,foraging,-2.25,-2.028822985694607
model_agnostic_replication_behavior-a96c2bd43fa2e9bd-m0,effort,-0.25,-0.1564009429840748
model_agnostic_replication_behavior-a96c2bd43fa2e9bd-m1,effort,0.625,0.40535397321212807
model_agnostic_replication_behavior-a980e77008cda552-m0,foraging,-1.5,-1.5806986187296541
model_agnostic_replication_behavior-a980e77008cda552-m1,foraging,-0.37499999999999994,-1.1488051723958617
model_agnostic_replication_behavior-a9c746969fb565bb-m0,solvability,-3.5,-3.097762242348642
model_agnostic_replication_behavior-a9c746969fb565bb-m1,solvability,-2.125,-2.99985030135905
model_agnostic_replication_behavior-aa288658934d6f08-m0,foraging,-0.25,0.2221241843636323
model_agnostic_replication_behavior-aa288658934d6f08-m1,foraging,0.5,0.6540176306974247
model_agnostic_replication_behavior-aa3e1e1aafce3bed-m0,solvability,-1.0000000000000002,0.2794023736631157
model_agnostic_replication_behavior-aa3e1e1aafce3bed-m1,solvability,0.5,0.37731431465270726
model_agnostic_replication_behavior-aa57df58cdba4ce5-m0,debugging,0.5,0.4261809154739465
model_agnostic_replication_behavior-aa57df58cdba4ce5-m1,debugging,0.5,1.043771432911389
model_agnostic_replication_behavior-aad187a47ece8336-m0,debugging,-0.7500000000000001,-0.28151879209576225
model_agnostic_replication_behavior-aad187a47ece8336-m1,debugging,-0.37499999999999994,0.33607172534168006
model_agnostic_replication_behavior-aaef65062abf2819-m0,bandit,-0.25,-0.3555687140607191
model_agnostic_replication_behavior-aaef65062abf2819-m1,bandit,0.625,0.09487107232068268
model_agnostic_replication_behavior-aaf8aa5de0fc6b93-m0,debugging,-0.12500000000000006,-0.1716099348359732
model_agnostic_replication_behavior-aaf8aa5de0fc6b93-m1,debugging,0.125,0.44598058260146956
model_agnostic_replication_behavior-ab1aa6db35ae8557-m0,debugging,-1.375,-1.1260029948379637
model_agnostic_replication_behavior-ab1aa6db35ae8557-m1,debugging,-1.0000000000000002,-0.5084124774005213
model_agnostic_replication_behavior-ab1afbf27364f180-m0,foraging,2.25,0.9333411637078572
model_agnostic_replication_behavior-ab1afbf27364f180-m1,foraging,1.3750000000000002,1.3652346100416497
model_agnostic_replication_behavior-ab54dec61ded46a8-m0,bandit,-1.125,-0.9893287865894117
model_agnostic_replication_behavior-ab54dec61ded46a8-m1,bandit,-0.8750000000000002,-0.5388890002080099
model_agnostic_replication_behavior-aba2d544304c5912-m0,debugging,-0.6249999999999999,-0.04292217026687162
model_agnostic_replication_behavior-aba2d544304c5912-m1,debugging,0.37499999999999994,0.574668347170571
model_agnostic_replication_behavior-abb5317ab5b4a015-m0,waiting,-2.0,-1.5536197788971151
model_agnostic_replication_behavior-abb5317ab5b4a015-m1,waiting,-1.7499999999999998,-2.298166515593474
model_agnostic_replication_behavior-ac38923080b383a6-m0,debugging,-1.25,-2.0324543916189457
model_agnostic_replication_behavior-ac38923080b383a6-m1,debugging,-0.5,-1.4148638741815027
model_agnostic_replication_behavior-ac890acb50f7ec0e-m0,information_sampling,-1.7499999999999998,-1.7610444443704654
model_agnostic_replication_behavior-ac890acb50f7ec0e-m1,information_sampling,-1.375,-1.1109630818932705
model_agnostic_replication_behavior-acbaebba4c74cb02-m0,bandit,-0.25,-0.7866627542718507
model_agnostic_replication_behavior-acbaebba4c74cb02-m1,bandit,-0.25,-0.3362229678904489
model_agnostic_replication_behavior-accd5275ffc2344c-m0,effort,0.5,0.9557255651439411
model_agnostic_replication_behavior-accd5275ffc2344c-m1,effort,1.125,1.5174804813401441
model_agnostic_replication_behavior-acf7c0f8f0de4cdd-m0,information_sampling,-2.125,-2.057355833922857
model_agnostic_replication_behavior-acf7c0f8f0de4cdd-m1,information_sampling,-1.5,-1.4072744714456618
model_agnostic_replication_behavior-ad17b7f6e94b25c2-m0,effort,-0.6249999999999999,-0.2412233325546055
model_agnostic_replication_behavior-ad17b7f6e94b25c2-m1,effort,0.5,0.32053158364159756
model_agnostic_replication_behavior-ad58471ff39d62b3-m0,information_sampling,-1.625,-1.7244277369294894
model_agnostic_replication_behavior-ad58471ff39d62b3-m1,information_sampling,-0.6249999999999999,-1.0743463744522945
model_agnostic_replication_behavior-ad86cbf40f63c41b-m0,waiting,-1.0000000000000002,-0.334113801928059
model_agnostic_replication_behavior-ad86cbf40f63c41b-m1,waiting,-1.125,-1.078660538624418
model_agnostic_replication_behavior-ad9239f863ee41f7-m0,solvability,0.7500000000000002,0.413964532551865
model_agnostic_replication_behavior-ad9239f863ee41f7-m1,solvability,0.7500000000000002,0.5118764735414565
model_agnostic_replication_behavior-adf66d1532af3585-m0,debugging,-0.25,0.07005036231876166
model_agnostic_replication_behavior-adf66d1532af3585-m1,debugging,0.125,0.6876408797562041
model_agnostic_replication_behavior-ae29143e83f51d84-m0,bandit,-0.6249999999999999,-0.26291741541145763
model_agnostic_replication_behavior-ae29143e83f51d84-m1,bandit,0.37499999999999994,0.18752237096994423
model_agnostic_replication_behavior-ae3f93b7a5b07031-m0,waiting,-0.7500000000000001,-1.0606309122060011
model_agnostic_replication_behavior-ae3f93b7a5b07031-m1,waiting,-1.125,-1.80517764890236
model_agnostic_replication_behavior-ae993fc3f92cbf0d-m0,solvability,-1.25,-0.8936649209429982
model_agnostic_replication_behavior-ae993fc3f92cbf0d-m1,solvability,-0.25,-0.7957529799534068
model_agnostic_replication_behavior-ae9d6a62b9996a52-m0,effort,-0.25,-0.23199822812312976
model_agnostic_replication_behavior-ae9d6a62b9996a52-m1,effort,0.37499999999999994,0.3297566880730731
model_agnostic_replication_behavior-aecc506b9efb42c7-m0,foraging,-2.125,-1.441064024880186
model_agnostic_replication_behavior-aecc506b9efb42c7-m1,foraging,-1.875,-1.0091705785463936
model_agnostic_replication_behavior-af0b27cc9c3c3c61-m0,foraging,0.125,0.7394016305975519
model_agnostic_replication_behavior-af0b27cc9c3c3c61-m1,foraging,1.0,1.1712950769313444
model_agnostic_replication_behavior-af0b84099a005ab1-m0,bandit,2.0,1.0732270476350276
model_agnostic_replication_behavior-af0b84099a005ab1-m1,bandit,1.5000000000000002,1.5236668340164297
model_agnostic_replication_behavior-af77d164614b1d66-m0,debugging,2.5,1.4781489612957648
model_agnostic_replication_behavior-af77d164614b1d66-m1,debugging,2.125,2.0957394787332078
model_agnostic_replication_behavior-af77e1e8d4a048b0-m0,debugging,-0.7500000000000001,-0.10386467264075427
model_agnostic_replication_behavior-af77e1e8d4a048b0-m1,debugging,0.37499999999999994,0.5137258447966881
model_agnostic_replication_behavior-af7a3776375cf5d8-m0,foraging,1.625,1.0860042118025326
model_agnostic_replication_behavior-af7a3776375cf5d8-m1,foraging,1.3750000000000002,1.517897658136325
model_agnostic_replication_behavior-af9b04e92981df21-m0,foraging,0.625,0.2652922965483922
model_agnostic_replication_behavior-af9b04e92981df21-m1,foraging,0.5,0.6971857428821846
model_agnostic_replication_behavior-afb3467b7db67954-m0,debugging,0.125,-0.03692116289780217
model_agnostic_replication_behavior-afb3467b7db67954-m1,debugging,0.625,0.5806693545396404
model_agnostic_replication_behavior-afd29f0454e4c837-m0,information_sampling,-2.625,-1.97062731215681
model_agnostic_replication_behavior-afd29f0454e4c837-m1,information_sampling,-1.625,-1.3205459496796152
model_agnostic_replication_behavior-b0278a57ed64cc5b-m0,waiting,-0.25,-0.3060783294973298
model_agnostic_replication_behavior-b0278a57ed64cc5b-m1,waiting,-1.7499999999999998,-1.0506250661936887
model_agnostic_replication_behavior-b0363d1497b21cd4-m0,information_sampling,-2.625,-2.6526770510677866
model_agnostic_replication_behavior-b0363d1497b21cd4-m1,information_sampling,-1.875,-2.0025956885905916
model_agnostic_replication_behavior-b059e762ede61b75-m0,bandit,0.37499999999999994,-0.11400305335885663
model_agnostic_replication_behavior-b059e762ede61b75-m1,bandit,0.5,0.33643673302254523
model_agnostic_replication_behavior-b0799ff589d12830-m0,solvability,0.0,1.2032847933036304
model_agnostic_replication_behavior-b0799ff589d12830-m1,solvability,1.0,1.301196734293222
model_agnostic_replication_behavior-b079d0c7150c5026-m0,solvability,1.5000000000000002,1.0416786034066343
model_agnostic_replication_behavior-b079d0c7150c5026-m1,solvability,1.125,1.1395905443962262
model_agnostic_replication_behavior-b08ce482cad5e8d8-m0,solvability,-0.5,0.11077666193234428
model_agnostic_replication_behavior-b08ce482cad5e8d8-m1,solvability,0.125,0.2086886029219359
model_agnostic_replication_behavior-b08dda7e86b74f39-m0,waiting,-0.5,-0.5420395589582272
model_agnostic_replication_behavior-b08dda7e86b74f39-m1,waiting,-1.625,-1.2865862956545862
model_agnostic_replication_behavior-b091f89781ed3b2b-m0,waiting,-2.0,-1.961127684692369
model_agnostic_replication_behavior-b091f89781ed3b2b-m1,waiting,-1.7499999999999998,-2.705674421388728
model_agnostic_replication_behavior-b0e8eab1286e0495-m0,effort,-0.37499999999999994,0.39733607899218043
model_agnostic_replication_behavior-b0e8eab1286e0495-m1,effort,0.625,0.9590909951883835
model_agnostic_replication_behavior-b104e976596e9b41-m0,waiting,0.24999999999999992,0.6856658020310828
model_agnostic_replication_behavior-b104e976596e9b41-m1,waiting,-0.12500000000000006,-0.05888093466527611
model_agnostic_replication_behavior-b11901307bf86676-m0,waiting,-0.7500000000000001,-0.6131578729509691
model_agnostic_replication_behavior-b11901307bf86676-m1,waiting,-1.0000000000000002,-1.3577046096473282
model_agnostic_replication_behavior-b13bb523a16cd0b6-m0,effort,2.75,1.7247097957521749
model_agnostic_replication_behavior-b13bb523a16cd0b6-m1,effort,2.125,2.286464711948378
model_agnostic_replication_behavior-b154cc31684d8f3f-m0,bandit,-2.0,-1.6025535259481092
model_agnostic_replication_behavior-b154cc31684d8f3f-m1,bandit,-0.7500000000000001,-1.1521137395667074
model_agnostic_replication_behavior-b16568e0116fc1e7-m0,information_sampling,-2.25,-2.1744718018813534
model_agnostic_replication_behavior-b16568e0116fc1e7-m1,information_sampling,-1.5,-1.5243904394041587
model_agnostic_replication_behavior-b1732c0d94b9cc23-m0,effort,0.5,0.4404741835519941
model_agnostic_replication_behavior-b1732c0d94b9cc23-m1,effort,1.125,1.002229099748197
model_agnostic_replication_behavior-b1815e9392c1084d-m0,effort,0.0,1.1404845381932627
model_agnostic_replication_behavior-b1815e9392c1084d-m1,effort,0.7500000000000002,1.7022394543894654
model_agnostic_replication_behavior-b198af7ba8d1b526-m0,debugging,2.125,1.6356823359225472
model_agnostic_replication_behavior-b198af7ba8d1b526-m1,debugging,2.0,2.2532728533599897
model_agnostic_replication_behavior-b1ab096de809d49a-m0,information_sampling,-1.625,-1.9774301173790048
model_agnostic_replication_behavior-b1ab096de809d49a-m1,information_sampling,-1.0000000000000002,-1.3273487549018097
model_agnostic_replication_behavior-b221a40bc1ed3b52-m0,waiting,-1.375,-0.9117251345892877
model_agnostic_replication_behavior-b221a40bc1ed3b52-m1,waiting,-1.125,-1.6562718712856466
model_agnostic_replication_behavior-b240fb3e40f52959-m0,effort,-1.875,-2.1563078288517143
model_agnostic_replication_behavior-b240fb3e40f52959-m1,effort,-0.7500000000000001,-1.594552912655511
model_agnostic_replication_behavior-b2485125974a9402-m0,effort,-0.37499999999999994,-0.20278736632024005
model_agnostic_replication_behavior-b2485125974a9402-m1,effort,0.37499999999999994,0.35896754987596324
model_agnostic_replication_behavior-b24b3b34b3c76553-m0,effort,-1.25,-0.7030268330252805
model_agnostic_replication_behavior-b24b3b34b3c76553-m1,effort,-0.5,-0.14127191682907736
model_agnostic_replication_behavior-b2a35d25bbfe0347-m0,effort,-0.37499999999999994,-0.06820733107292049
model_agnostic_replication_behavior-b2a35d25bbfe0347-m1,effort,0.5,0.4935475851232826
model_agnostic_replication_behavior-b2affe67e7dad167-m0,foraging,0.7500000000000002,0.7314505991231681
model_agnostic_replication_behavior-b2affe67e7dad167-m1,foraging,0.5,1.1633440454569606
model_agnostic_replication_behavior-b2da15a4060b4ae3-m0,solvability,4.125,2.5592595583336637
model_agnostic_replication_behavior-b2da15a4060b4ae3-m1,solvability,2.375,2.6571714993232556
model_agnostic_replication_behavior-b310632467f80f9f-m0,information_sampling,-2.25,-2.4107589503989995
model_agnostic_replication_behavior-b310632467f80f9f-m1,information_sampling,-1.625,-1.7606775879218046
model_agnostic_replication_behavior-b329f57d6f2aca28-m0,solvability,0.0,-0.26795159424800635
model_agnostic_replication_behavior-b329f57d6f2aca28-m1,solvability,1.0,-0.17003965325841489
model_agnostic_replication_behavior-b33806b03d34fa75-m0,effort,1.75,0.47676391749845837
model_agnostic_replication_behavior-b33806b03d34fa75-m1,effort,1.5000000000000002,1.0385188336946614
model_agnostic_replication_behavior-b39655be6ad67a0e-m0,foraging,0.625,0.035475126540566115
model_agnostic_replication_behavior-b39655be6ad67a0e-m1,foraging,0.8750000000000001,0.46736857287435857
model_agnostic_replication_behavior-b3c5d4dd465aa910-m0,information_sampling,-1.7499999999999998,-1.9926471919793352
model_agnostic_replication_behavior-b3c5d4dd465aa910-m1,information_sampling,-1.0000000000000002,-1.3425658295021403
model_agnostic_replication_behavior-b3fc63e98c34e0c1-m0,debugging,1.25,0.8151099028041726
model_agnostic_replication_behavior-b3fc63e98c34e0c1-m1,debugging,1.75,1.432700420241615
model_agnostic_replication_behavior-b4091cd5acefef50-m0,bandit,-0.5,-0.24803508817363676
model_agnostic_replication_behavior-b4091cd5acefef50-m1,bandit,0.0,0.20240469820776497
model_agnostic_replication_behavior-b417cb54ca5cb0a9-m0,waiting,-1.375,-0.8556093801388264
model_agnostic_replication_behavior-b417cb54ca5cb0a9-m1,waiting,-1.375,-1.6001561168351854
model_agnostic_replication_behavior-b43d0c4c83424957-m0,debugging,0.125,-0.036438060738515354
model_agnostic_replication_behavior-b43d0c4c83424957-m1,debugging,0.625,0.5811524566989272
model_agnostic_replication_behavior-b43fa222450ee229-m0,bandit,0.5,0.8124500753764377
model_agnostic_replication_behavior-b43fa222450ee229-m1,bandit,0.125,1.2628898617578392
model_agnostic_replication_behavior-b45b8c56007b8889-m0,foraging,-0.5,-0.5511713329379024
model_agnostic_replication_behavior-b45b8c56007b8889-m1,foraging,0.0,-0.11927788660411007
model_agnostic_replication_behavior-b4a89c1245e5e084-m0,debugging,0.5,0.37456778530160645
model_agnostic_replication_behavior-b4a89c1245e5e084-m1,debugging,0.8750000000000001,0.992158302739049
model_agnostic_replication_behavior-b4da18abc05a36e8-m0,information_sampling,-1.625,-1.799346512016899
model_agnostic_replication_behavior-b4da18abc05a36e8-m1,information_sampling,-0.6249999999999999,-1.149265149539704
model_agnostic_replication_behavior-b4e46402e04034da-m0,effort,-1.7499999999999998,-1.3840977929262481
model_agnostic_replication_behavior-b4e46402e04034da-m1,effort,-1.0000000000000002,-0.8223428767300448
model_agnostic_replication_behavior-b4ff5e2b0e8e2429-m0,effort,-2.125,-2.1023291040330627
model_agnostic_replication_behavior-b4ff5e2b0e8e2429-m1,effort,-1.375,-1.5405741878368595
model_agnostic_replication_behavior-b50e040cfda7d970-m0,waiting,-0.25,0.18398651170184624
model_agnostic_replication_behavior-b50e040cfda7d970-m1,waiting,-1.5,-0.5605602249945127
model_agnostic_replication_behavior-b51078f008173cf6-m0,debugging,1.0,0.855469033810335
model_agnostic_replication_behavior-b51078f008173cf6-m1,debugging,1.8749999999999998,1.4730595512477775
model_agnostic_replication_behavior-b51ff999e101524f-m0,bandit,-1.0000000000000002,-0.46405355341615506
model_agnostic_replication_behavior-b51ff999e101524f-m1,bandit,-0.37499999999999994,-0.01361376703475331
model_agnostic_replication_behavior-b525271a90d40279-m0,foraging,1.8749999999999998,1.589301385589501
model_agnostic_replication_behavior-b525271a90d40279-m1,foraging,1.25,2.0211948319232933
model_agnostic_replication_behavior-b56a3286ab9ef41d-m0,bandit,-1.7499999999999998,-1.276902271582224
model_agnostic_replication_behavior-b56a3286ab9ef41d-m1,bandit,-2.375,-0.8264624852008222
model_agnostic_replication_behavior-b5701f791aa8997e-m0,effort,0.37499999999999994,0.6517047594834404
model_agnostic_replication_behavior-b5701f791aa8997e-m1,effort,1.25,1.2134596756796436
model_agnostic_replication_behavior-b570dad4c65811ca-m0,bandit,-0.7500000000000001,-0.4525283497603966
model_agnostic_replication_behavior-b570dad4c65811ca-m1,bandit,-0.25,-0.0020885633789947677
model_agnostic_replication_behavior-b58943e20a8f8a92-m0,debugging,-1.25,-1.2780803164413164
model_agnostic_replication_behavior-b58943e20a8f8a92-m1,debugging,-1.125,-0.6604897990038737
model_agnostic_replication_behavior-b5fad042cb63ff87-m0,solvability,-1.25,-1.0002767507201182
model_agnostic_replication_behavior-b5fad042cb63ff87-m1,solvability,-0.37499999999999994,-0.9023648097305268
model_agnostic_replication_behavior-b6005f5c6416b8fb-m0,information_sampling,-1.625,-2.0883044542278304
model_agnostic_replication_behavior-b6005f5c6416b8fb-m1,information_sampling,-0.7500000000000001,-1.4382230917506358
model_agnostic_replication_behavior-b64609b7c3f2c495-m0,debugging,-0.12500000000000006,-0.2788025064261804
model_agnostic_replication_behavior-b64609b7c3f2c495-m1,debugging,0.37499999999999994,0.3387880110112622
model_agnostic_replication_behavior-b648a50a1d57f2be-m0,information_sampling,-2.0,-1.8931353441515018
model_agnostic_replication_behavior-b648a50a1d57f2be-m1,information_sampling,-1.125,-1.243053981674307
model_agnostic_replication_behavior-b6f9e05fb713ae7f-m0,waiting,-1.125,-0.36662049691018006
model_agnostic_replication_behavior-b6f9e05fb713ae7f-m1,waiting,-1.375,-1.111167233606539
model_agnostic_replication_behavior-b73b2563d7792a62-m0,bandit,-0.7500000000000001,-0.708105274738209
model_agnostic_replication_behavior-b73b2563d7792a62-m1,bandit,0.24999999999999992,-0.25766548835680714
model_agnostic_replication_behavior-b74224d6692de83a-m0,debugging,-0.37499999999999994,-0.5636928928481146
model_agnostic_replication_behavior-b74224d6692de83a-m1,debugging,-0.6249999999999999,0.05389762458932784
model_agnostic_replication_behavior-b7665e01c153d5bf-m0,bandit,0.0,0.342530036732447
model_agnostic_replication_behavior-b7665e01c153d5bf-m1,bandit,0.24999999999999992,0.7929698231138489
model_agnostic_replication_behavior-b778e44eb05ef619-m0,information_sampling,-2.125,-2.4586102062890016
model_agnostic_replication_behavior-b778e44eb05ef619-m1,information_sampling,-1.25,-1.8085288438118068
model_agnostic_replication_behavior-b7904579c72898ad-m0,foraging,-0.7500000000000001,-0.9149836806349793
model_agnostic_replication_behavior-b7904579c72898ad-m1,foraging,-0.37499999999999994,-0.483090234301187
model_agnostic_replication_behavior-b7ba091b56cafce6-m0,solvability,-0.12500000000000006,0.7760461221073779
model_agnostic_replication_behavior-b7ba091b56cafce6-m1,solvability,0.625,0.8739580630969694
model_agnostic_replication_behavior-b7c870124e39f0e2-m0,foraging,1.25,1.530330536852931
model_agnostic_replication_behavior-b7c870124e39f0e2-m1,foraging,1.0,1.9622239831867236
model_agnostic_replication_behavior-b7d2a31795727d16-m0,bandit,0.7500000000000002,0.5232321287623001
model_agnostic_replication_behavior-b7d2a31795727d16-m1,bandit,0.7500000000000002,0.9736719151437017
model_agnostic_replication_behavior-b7eacd4b42bd6e95-m0,information_sampling,-2.5,-2.096421838427122
model_agnostic_replication_behavior-b7eacd4b42bd6e95-m1,information_sampling,-1.375,-1.4463404759499272
model_agnostic_replication_behavior-b81630c7a11a2e05-m0,information_sampling,-2.125,-1.8305492354004984
model_agnostic_replication_behavior-b81630c7a11a2e05-m1,information_sampling,-0.12500000000000006,-1.1804678729233036
model_agnostic_replication_behavior-b839ec3c500cdc8f-m0,debugging,0.24999999999999992,-0.23525664407965668
model_agnostic_replication_behavior-b839ec3c500cdc8f-m1,debugging,0.125,0.38233387335778585
model_agnostic_replication_behavior-b84c0a4044355c3d-m0,waiting,2.125,1.7111071851995188
model_agnostic_replication_behavior-b84c0a4044355c3d-m1,waiting,0.0,0.96656044850316
model_agnostic_replication_behavior-b88c71389f6e1f78-m0,waiting,-0.8750000000000002,-0.5556961850447634
model_agnostic_replication_behavior-b88c71389f6e1f78-m1,waiting,-1.375,-1.3002429217411222
model_agnostic_replication_behavior-b8d58994135da0d4-m0,foraging,0.24999999999999992,0.1441752928236381
model_agnostic_replication_behavior-b8d58994135da0d4-m1,foraging,0.625,0.5760687391574306
model_agnostic_replication_behavior-b8d6336ea6666d04-m0,debugging,2.625,1.4547150416619306
model_agnostic_replication_behavior-b8d6336ea6666d04-m1,debugging,2.625,2.0723055590993735
model_agnostic_replication_behavior-b8d97a1220a37322-m0,solvability,4.125,2.4298668768180596
model_agnostic_replication_behavior-b8d97a1220a37322-m1,solvability,1.625,2.5277788178076515
model_agnostic_replication_behavior-b8ee4bfaaff3b78c-m0,solvability,-0.6249999999999999,-0.23951869549373603
model_agnostic_replication_behavior-b8ee4bfaaff3b78c-m1,solvability,0.125,-0.14160675450414448
model_agnostic_replication_behavior-b90bb133e5583170-m0,debugging,-0.12500000000000006,-0.1749297222466455
model_agnostic_replication_behavior-b90bb133e5583170-m1,debugging,0.24999999999999992,0.44266079519079715
model_agnostic_replication_behavior-b9754b6451a053c1-m0,information_sampling,-2.25,-1.9137690431534142
model_agnostic_replication_behavior-b9754b6451a053c1-m1,information_sampling,-1.0000000000000002,-1.2636876806762194
model_agnostic_replication_behavior-b98c3405de39105f-m0,bandit,1.625,0.7972220549492968
model_agnostic_replication_behavior-b98c3405de39105f-m1,bandit,1.25,1.2476618413306986
model_agnostic_replication_behavior-b9a8a30169f814d2-m0,solvability,-2.125,-1.5894853204690638
model_agnostic_replication_behavior-b9a8a30169f814d2-m1,solvability,-0.8750000000000002,-1.4915733794794723
model_agnostic_replication_behavior-b9c0b53ee3475117-m0,foraging,0.24999999999999992,0.8630410538473077
model_agnostic_replication_behavior-b9c0b53ee3475117-m1,foraging,0.625,1.2949345001811001
model_agnostic_replication_behavior-b9e603424cb92b55-m0,bandit,-0.25,0.6851359901692414
model_agnostic_replication_behavior-b9e603424cb92b55-m1,bandit,0.7500000000000002,1.1355757765506433
model_agnostic_replication_behavior-b9f5341d75b1714a-m0,solvability,1.75,1.6878264323170382
model_agnostic_replication_behavior-b9f5341d75b1714a-m1,solvability,1.125,1.7857383733066297
model_agnostic_replication_behavior-ba1cc96811478777-m0,foraging,1.75,0.9920709003708479
model_agnostic_replication_behavior-ba1cc96811478777-m1,foraging,1.25,1.4239643467046403
model_agnostic_replication_behavior-ba48ed3f91a389fa-m0,foraging,0.125,-0.2525067034226479
model_agnostic_replication_behavior-ba48ed3f91a389fa-m1,foraging,0.5,0.1793867429111443
model_agnostic_replication_behavior-ba4f4292ecdca8d8-m0,debugging,0.625,0.25264770037229084
model_agnostic_replication_behavior-ba4f4292ecdca8d8-m1,debugging,1.0,0.8702382178097334
model_agnostic_replication_behavior-ba63ed3e3a0cb812-m0,foraging,2.375,1.322716987480831
model_agnostic_replication_behavior-ba63ed3e3a0cb812-m1,foraging,1.5000000000000002,1.7546104338146236
model_agnostic_replication_behavior-ba9da87bdb54ea7a-m0,waiting,-0.5,0.03206382560552251
model_agnostic_replication_behavior-ba9da87bdb54ea7a-m1,waiting,-0.6249999999999999,-0.7124829110908364
model_agnostic_replication_behavior-baa256dd183aed71-m0,effort,-1.0000000000000002,-0.880980381125241
model_agnostic_replication_behavior-baa256dd183aed71-m1,effort,-0.25,-0.31922546492903797
model_agnostic_replication_behavior-baa496fd4db96050-m0,solvability,0.125,0.3176473359719362
model_agnostic_replication_behavior-baa496fd4db96050-m1,solvability,0.625,0.4155592769615277
model_agnostic_replication_behavior-bab38f8f58566df2-m0,debugging,-1.25,-1.5743824019902948
model_agnostic_replication_behavior-bab38f8f58566df2-m1,debugging,-1.0000000000000002,-0.9567918845528525
model_agnostic_replication_behavior-bac2d3a7617c8d0c-m0,debugging,-1.625,-1.3118214805130028
model_agnostic_replication_behavior-bac2d3a7617c8d0c-m1,debugging,-0.5,-0.6942309630755603
model_agnostic_replication_behavior-badd7b79148c6bfd-m0,solvability,0.125,1.87794736393022
model_agnostic_replication_behavior-badd7b79148c6bfd-m1,solvability,0.5,1.9758593049198117
model_agnostic_replication_behavior-baeb231352f2635a-m0,information_sampling,-1.625,-1.8592975865683985
model_agnostic_replication_behavior-baeb231352f2635a-m1,information_sampling,-0.7500000000000001,-1.2092162240912034
model_agnostic_replication_behavior-bafad9172aacd027-m0,debugging,-1.125,-1.1979416574477515
model_agnostic_replication_behavior-bafad9172aacd027-m1,debugging,-1.25,-0.5803511400103087
model_agnostic_replication_behavior-bb37dc6f4fa12254-m0,information_sampling,-1.875,-2.0139718969301494
model_agnostic_replication_behavior-bb37dc6f4fa12254-m1,information_sampling,-2.0,-1.3638905344529544
model_agnostic_replication_behavior-bb5ef1f5dda71a93-m0,debugging,0.0,-0.21186006839122717
model_agnostic_replication_behavior-bb5ef1f5dda71a93-m1,debugging,0.5,0.4057304490462153
model_agnostic_replication_behavior-bb7a8ea0c028b603-m0,information_sampling,-2.0,-1.7664375907042598
model_agnostic_replication_behavior-bb7a8ea0c028b603-m1,information_sampling,-0.8750000000000002,-1.116356228227065
model_agnostic_replication_behavior-bb87c93639906c63-m0,solvability,3.875,2.9626119473184733
model_agnostic_replication_behavior-bb87c93639906c63-m1,solvability,2.5,3.060523888308065
model_agnostic_replication_behavior-bb88a55018de43ae-m0,debugging,-0.7500000000000001,-0.9398476557183378
model_agnostic_replication_behavior-bb88a55018de43ae-m1,debugging,-0.6249999999999999,-0.3222571382808951
model_agnostic_replication_behavior-bb99c351ec7b289a-m0,information_sampling,-1.625,-2.0266609689860293
model_agnostic_replication_behavior-bb99c351ec7b289a-m1,information_sampling,-0.8750000000000002,-1.3765796065088343
model_agnostic_replication_behavior-bbbaf0ba27873635-m0,waiting,-1.875,-1.8285397253050357
model_agnostic_replication_behavior-bbbaf0ba27873635-m1,waiting,-1.7499999999999998,-2.5730864620013945
model_agnostic_replication_behavior-bbcdce3e2656fce4-m0,waiting,0.125,-0.13661201128969092
model_agnostic_replication_behavior-bbcdce3e2656fce4-m1,waiting,-0.37499999999999994,-0.8811587479860499
model_agnostic_replication_behavior-bbdb6f8f60a2de7e-m0,debugging,1.0,0.6592617881937204
model_agnostic_replication_behavior-bbdb6f8f60a2de7e-m1,debugging,1.25,1.276852305631163
model_agnostic_replication_behavior-bc07e1b9ff659bcf-m0,bandit,-2.25,-1.9143060717209548
model_agnostic_replication_behavior-bc07e1b9ff659bcf-m1,bandit,-2.25,-1.463866285339553
model_agnostic_replication_behavior-bc6da548cf59ada3-m0,debugging,-0.25,-0.3300561945265629
model_agnostic_replication_behavior-bc6da548cf59ada3-m1,debugging,0.24999999999999992,0.2875343229108796
model_agnostic_replication_behavior-bcbb140dd0081a7a-m0,bandit,0.7500000000000002,1.0393376325727905
model_agnostic_replication_behavior-bcbb140dd0081a7a-m1,bandit,0.7500000000000002,1.4897774189541921
model_agnostic_replication_behavior-bcc49133072a63da-m0,bandit,0.125,0.28407020540518674
model_agnostic_replication_behavior-bcc49133072a63da-m1,bandit,0.24999999999999992,0.7345099917865885
model_agnostic_replication_behavior-bcdf1f82ff44f91c-m0,waiting,2.0,1.5317691173791321
model_agnostic_replication_behavior-bcdf1f82ff44f91c-m1,waiting,0.24999999999999992,0.7872223806827732
model_agnostic_replication_behavior-bcf4b4a3a5249fc0-m0,waiting,-0.5,-0.11984319973792301
model_agnostic_replication_behavior-bcf4b4a3a5249fc0-m1,waiting,-0.5,-0.864389936434282
model_agnostic_replication_behavior-bd30676addecf07f-m0,effort,0.7500000000000002,0.21356057606147155
model_agnostic_replication_behavior-bd30676addecf07f-m1,effort,0.8750000000000001,0.7753154922576746
model_agnostic_replication_behavior-bd52a33882335d5f-m0,effort,-0.8750000000000002,-0.8267051252806349
model_agnostic_replication_behavior-bd52a33882335d5f-m1,effort,0.125,-0.2649502090844318
model_agnostic_replication_behavior-bd55a30fe94771cf-m0,bandit,-1.375,-1.0550364188663202
model_agnostic_replication_behavior-bd55a30fe94771cf-m1,bandit,0.0,-0.6045966324849185
model_agnostic_replication_behavior-bd59a00e0cf17cdf-m0,bandit,0.0,0.49918007216171284
model_agnostic_replication_behavior-bd59a00e0cf17cdf-m1,bandit,0.7500000000000002,0.9496198585431146
model_agnostic_replication_behavior-bd622ae2f696cddc-m0,solvability,1.125,1.3951961942284339
model_agnostic_replication_behavior-bd622ae2f696cddc-m1,solvability,0.625,1.4931081352180255
model_agnostic_replication_behavior-bd704a50a13f5f4b-m0,bandit,-1.375,-0.5713551805409639
model_agnostic_replication_behavior-bd704a50a13f5f4b-m1,bandit,-0.37499999999999994,-0.1209153941595621
model_agnostic_replication_behavior-bdda94db37d4119f-m0,bandit,-1.875,-1.0590655508581797
model_agnostic_replication_behavior-bdda94db37d4119f-m1,bandit,-1.25,-0.6086257644767781
model_agnostic_replication_behavior-bdf79d99d9d486f5-m0,solvability,2.625,1.141392735199268
model_agnostic_replication_behavior-bdf79d99d9d486f5-m1,solvability,2.0,1.2393046761888595
model_agnostic_replication_behavior-bdf8aed1c52641de-m0,solvability,4.375,2.9599888998564037
model_agnostic_replication_behavior-bdf8aed1c52641de-m1,solvability,2.75,3.0579008408459956
model_agnostic_replication_behavior-be0ddae0fa5cdbda-m0,foraging,-1.375,-1.0965850202239427
model_agnostic_replication_behavior-be0ddae0fa5cdbda-m1,foraging,-0.7500000000000001,-0.6646915738901502
model_agnostic_replication_behavior-be10bcfe89cdfc9d-m0,effort,-1.375,-1.5729630480252794
model_agnostic_replication_behavior-be10bcfe89cdfc9d-m1,effort,-0.25,-1.0112081318290764
model_agnostic_replication_behavior-be134d29547c1298-m0,bandit,-1.375,-0.5991960307688526
model_agnostic_replication_behavior-be134d29547c1298-m1,bandit,-0.5,-0.14875624438745083
model_agnostic_replication_behavior-be26a6e3031b520b-m0,debugging,2.625,0.8403740410316345
model_agnostic_replication_behavior-be26a6e3031b520b-m1,debugging,2.0,1.4579645584690768
model_agnostic_replication_behavior-be3397744df99a47-m0,solvability,0.8750000000000001,0.6530584868428524
model_agnostic_replication_behavior-be3397744df99a47-m1,solvability,0.8750000000000001,0.7509704278324438
model_agnostic_replication_behavior-be6990a4a2661e4f-m0,solvability,0.7500000000000002,0.1417880308911119
model_agnostic_replication_behavior-be6990a4a2661e4f-m1,solvability,1.25,0.23969997188070338
model_agnostic_replication_behavior-be871ad777b27cd4-m0,information_sampling,-2.25,-1.848075335217365
model_agnostic_replication_behavior-be871ad777b27cd4-m1,information_sampling,-0.37499999999999994,-1.19799397274017
model_agnostic_replication_behavior-be8dcc195906f315-m0,bandit,-0.5,-0.05923129632210844
model_agnostic_replication_behavior-be8dcc195906f315-m1,bandit,-0.5,0.39120849005929326
model_agnostic_replication_behavior-be9e69f382943446-m0,bandit,-0.25,-0.44372070825058874
model_agnostic_replication_behavior-be9e69f382943446-m1,bandit,0.37499999999999994,0.006719078130812961
model_agnostic_replication_behavior-bea19bb2e6baac3a-m0,bandit,0.24999999999999992,0.03329865205919025
model_agnostic_replication_behavior-bea19bb2e6baac3a-m1,bandit,0.625,0.48373843844059194
model_agnostic_replication_behavior-bebd679553652e69-m0,foraging,1.125,1.2800068376610385
model_agnostic_replication_behavior-bebd679553652e69-m1,foraging,1.125,1.711900283994831
model_agnostic_replication_behavior-bec7c0b1fdaf1462-m0,waiting,0.125,-0.02261996506250974
model_agnostic_replication_behavior-bec7c0b1fdaf1462-m1,waiting,-0.6249999999999999,-0.7671667017588686
model_agnostic_replication_behavior-becaedb27f1a68db-m0,effort,0.125,0.5310354188345412
model_agnostic_replication_behavior-becaedb27f1a68db-m1,effort,1.0,1.092790335030744
model_agnostic_replication_behavior-bedb344c2e19160f-m0,bandit,-0.12500000000000006,-0.5426050224850074
model_agnostic_replication_behavior-bedb344c2e19160f-m1,bandit,-0.6249999999999999,-0.09216523610360561
model_agnostic_replication_behavior-befa0bc4bf2ebcfe-m0,waiting,0.5,-0.2983811797366984
model_agnostic_replication_behavior-befa0bc4bf2ebcfe-m1,waiting,-0.8750000000000002,-1.0429279164330572
model_agnostic_replication_behavior-bf4aaa25cfc5fb45-m0,bandit,1.0,0.8869764112926677
model_agnostic_replication_behavior-bf4aaa25cfc5fb45-m1,bandit,0.625,1.3374161976740695
model_agnostic_replication_behavior-bf9e010a4566f2fc-m0,debugging,-0.37499999999999994,-0.7581146692647315
model_agnostic_replication_behavior-bf9e010a4566f2fc-m1,debugging,0.0,-0.14052415182728906
model_agnostic_replication_behavior-bfb5bc64c0c6e59b-m0,solvability,0.8750000000000001,1.1477882283140197
model_agnostic_replication_behavior-bfb5bc64c0c6e59b-m1,solvability,0.7500000000000002,1.2457001693036114
model_agnostic_replication_behavior-bfdd6cdef9c52b79-m0,waiting,-1.5,-1.4350803528806322
model_agnostic_replication_behavior-bfdd6cdef9c52b79-m1,waiting,-2.0,-2.179627089576991
model_agnostic_replication_behavior-bfe5a3b63d29177c-m0,information_sampling,-1.125,-1.439344199330402
model_agnostic_replication_behavior-bfe5a3b63d29177c-m1,information_sampling,-0.6249999999999999,-0.7892628368532071
model_agnostic_replication_behavior-c008354569d01d76-m0,effort,1.125,0.46647542122671215
model_agnostic_replication_behavior-c008354569d01d76-m1,effort,1.125,1.0282303374229151
model_agnostic_replication_behavior-c018b51a9119c42c-m0,debugging,-0.7500000000000001,-0.9402663452712262
model_agnostic_replication_behavior-c018b51a9119c42c-m1,debugging,0.125,-0.3226758278337838
model_agnostic_replication_behavior-c01a2ae7c693eb91-m0,foraging,-0.6249999999999999,-1.619857088845965
model_agnostic_replication_behavior-c01a2ae7c693eb91-m1,foraging,-0.25,-1.1879636425121727
model_agnostic_replication_behavior-c0299cc241485c10-m0,waiting,0.0,-0.34512814031953676
model_agnostic_replication_behavior-c0299cc241485c10-m1,waiting,-0.5,-1.0896748770158957
model_agnostic_replication_behavior-c03b6a5f701f068d-m0,foraging,-1.875,-1.275004391534625
model_agnostic_replication_behavior-c03b6a5f701f068d-m1,foraging,-1.125,-0.8431109452008325
model_agnostic_replication_behavior-c057edc9349e010a-m0,foraging,0.8750000000000001,0.5579942225676741
model_agnostic_replication_behavior-c057edc9349e010a-m1,foraging,1.0,0.9898876689014665
model_agnostic_replication_behavior-c063cec4e5090f77-m0,waiting,-2.0,-2.002838739564935
model_agnostic_replication_behavior-c063cec4e5090f77-m1,waiting,-2.25,-2.747385476261295
model_agnostic_replication_behavior-c06567bf7e7758e1-m0,effort,-1.875,-1.4026958452505274
model_agnostic_replication_behavior-c06567bf7e7758e1-m1,effort,-0.7500000000000001,-0.8409409290543242
model_agnostic_replication_behavior-c0ba18a3ebdb66ff-m0,solvability,-2.25,-2.4116899843681487
model_agnostic_replication_behavior-c0ba18a3ebdb66ff-m1,solvability,-1.375,-2.313778043378557
model_agnostic_replication_behavior-c0e291fdb21b4a83-m0,debugging,-0.5,-0.4398589878035253
model_agnostic_replication_behavior-c0e291fdb21b4a83-m1,debugging,-0.25,0.17773152963391747
model_agnostic_replication_behavior-c0f06ff0ec605420-m0,waiting,-0.25,0.5933958806471895
model_agnostic_replication_behavior-c0f06ff0ec605420-m1,waiting,-0.5,-0.15115085604916945
model_agnostic_replication_behavior-c136d381d6db3e31-m0,waiting,-1.125,-0.20699372018166734
model_agnostic_replication_behavior-c136d381d6db3e31-m1,waiting,-1.0000000000000002,-0.9515404568780261
model_agnostic_replication_behavior-c164f963bf1aa6ad-m0,solvability,0.0,0.3858069795537671
model_agnostic_replication_behavior-c164f963bf1aa6ad-m1,solvability,0.24999999999999992,0.48371892054335874
model_agnostic_replication_behavior-c16b5414daa837f8-m0,debugging,-0.8750000000000002,0.21203073043585485
model_agnostic_replication_behavior-c16b5414daa837f8-m1,debugging,-1.0000000000000002,0.8296212478732974
model_agnostic_replication_behavior-c203456d9c5f5066-m0,bandit,-1.7499999999999998,-1.2745482895462148
model_agnostic_replication_behavior-c203456d9c5f5066-m1,bandit,-0.8750000000000002,-0.824108503164813
model_agnostic_replication_behavior-c2266333d456e1f4-m0,foraging,-1.125,-0.8022674141695425
model_agnostic_replication_behavior-c2266333d456e1f4-m1,foraging,-0.37499999999999994,-0.37037396783575
model_agnostic_replication_behavior-c23d47ac4ddfaac4-m0,bandit,1.75,0.70090090147571
model_agnostic_replication_behavior-c23d47ac4ddfaac4-m1,bandit,1.125,1.151340687857112
model_agnostic_replication_behavior-c23f0d42404d89e1-m0,waiting,-0.5,-0.22890535049924987
model_agnostic_replication_behavior-c23f0d42404d89e1-m1,waiting,-1.625,-0.9734520871956087
model_agnostic_replication_behavior-c28919b8c4221886-m0,foraging,-1.875,-1.2700693504214302
model_agnostic_replication_behavior-c28919b8c4221886-m1,foraging,-1.7499999999999998,-0.8381759040876378
model_agnostic_replication_behavior-c29ed161586b3b99-m0,effort,-0.25,-0.6286217367719461
model_agnostic_replication_behavior-c29ed161586b3b99-m1,effort,0.0,-0.06686682057574289
model_agnostic_replication_behavior-c2bbd90728dcc361-m0,solvability,-1.625,0.08857068785452382
model_agnostic_replication_behavior-c2bbd90728dcc361-m1,solvability,0.125,0.18648262884411526
model_agnostic_replication_behavior-c2cb13c2d0c06975-m0,effort,-0.5,-0.30900177514410027
model_agnostic_replication_behavior-c2cb13c2d0c06975-m1,effort,0.125,0.25275314105210267
model_agnostic_replication_behavior-c321f631c67e1809-m0,bandit,-0.6249999999999999,0.14720542500981781
model_agnostic_replication_behavior-c321f631c67e1809-m1,bandit,-0.12500000000000006,0.5976452113912196
model_agnostic_replication_behavior-c32219fca0562523-m0,waiting,-1.625,-1.474610836084545
model_agnostic_replication_behavior-c32219fca0562523-m1,waiting,-1.25,-2.2191575727809036
model_agnostic_replication_behavior-c32fff763fd32449-m0,bandit,0.5,0.7320903193966348
model_agnostic_replication_behavior-c32fff763fd32449-m1,bandit,0.625,1.1825301057780364
model_agnostic_replication_behavior-c3398bf2199d9061-m0,bandit,0.625,0.30259412591583235
model_agnostic_replication_behavior-c3398bf2199d9061-m1,bandit,1.0,0.7530339122972343
model_agnostic_replication_behavior-c360ee68819ca005-m0,bandit,-2.125,-1.6515595797401001
model_agnostic_replication_behavior-c360ee68819ca005-m1,bandit,-1.7499999999999998,-1.2011197933586983
model_agnostic_replication_behavior-c3cf0d5f198e7f23-m0,bandit,-1.5,-1.42144603547779
model_agnostic_replication_behavior-c3cf0d5f198e7f23-m1,bandit,-1.5,-0.9710062490963883
model_agnostic_replication_behavior-c3d44bda5169c5e1-m0,effort,1.25,0.7331160545762655
model_agnostic_replication_behavior-c3d44bda5169c5e1-m1,effort,1.75,1.2948709707724686
model_agnostic_replication_behavior-c3e9aa5a58311f8e-m0,foraging,-1.7499999999999998,-1.4385450654882892
model_agnostic_replication_behavior-c3e9aa5a58311f8e-m1,foraging,-2.25,-1.0066516191544967
model_agnostic_replication_behavior-c3ed288c8bfdd427-m0,foraging,-0.7500000000000001,-0.4324275889307587
model_agnostic_replication_behavior-c3ed288c8bfdd427-m1,foraging,0.5,-0.0005341425969662972
model_agnostic_replication_behavior-c414a0cd0412e5df-m0,debugging,-0.25,-0.43290374147443844
model_agnostic_replication_behavior-c414a0cd0412e5df-m1,debugging,0.37499999999999994,0.18468677596300404
model_agnostic_replication_behavior-c41c3d9e3a6298a0-m0,effort,-0.37499999999999994,-0.03379642905516739
model_agnostic_replication_behavior-c41c3d9e3a6298a0-m1,effort,0.7500000000000002,0.5279584871410357
model_agnostic_replication_behavior-c4343a144a26adbe-m0,waiting,-0.8750000000000002,-1.0222072943153582
model_agnostic_replication_behavior-c4343a144a26adbe-m1,waiting,-1.125,-1.7667540310117174
model_agnostic_replication_behavior-c44f3e7c85290ac6-m0,foraging,-1.375,-0.35136015621400535
model_agnostic_replication_behavior-c44f3e7c85290ac6-m1,foraging,-0.12500000000000006,0.0805332901197871
model_agnostic_replication_behavior-c4535f8079628f88-m0,effort,0.24999999999999992,0.3624028239619291
model_agnostic_replication_behavior-c4535f8079628f88-m1,effort,1.0,0.9241577401581322
model_agnostic_replication_behavior-c46060afa1805eec-m0,solvability,-3.875,-2.6944345391573785
model_agnostic_replication_behavior-c46060afa1805eec-m1,solvability,-3.125,-2.596522598167787
model_agnostic_replication_behavior-c465d4c2d2ec5bb9-m0,waiting,-1.125,-1.1335388960338961
model_agnostic_replication_behavior-c465d4c2d2ec5bb9-m1,waiting,-1.375,-1.8780856327302549
model_agnostic_replication_behavior-c4675b2d0c7bdf5c-m0,debugging,1.125,0.8977751539915526
model_agnostic_replication_behavior-c4675b2d0c7bdf5c-m1,debugging,0.8750000000000001,1.5153656714289951
model_agnostic_replication_behavior-c46b342791a2e464-m0,waiting,0.24999999999999992,0.06818627621503759
model_agnostic_replication_behavior-c46b342791a2e464-m1,waiting,-0.7500000000000001,-0.6763604604813214
model_agnostic_replication_behavior-c4a363a82102e62d-m0,waiting,-0.6249999999999999,-0.9834813503779815
model_agnostic_replication_behavior-c4a363a82102e62d-m1,waiting,-1.5,-1.7280280870743403
model_agnostic_replication_behavior-c4a49743f4c13887-m0,information_sampling,-1.875,-1.7313654543812462
model_agnostic_replication_behavior-c4a49743f4c13887-m1,information_sampling,-1.375,-1.0812840919040516
model_agnostic_replication_behavior-c52c513fa5a127ba-m0,information_sampling,-2.125,-2.2777190845058324
model_agnostic_replication_behavior-c52c513fa5a127ba-m1,information_sampling,-1.375,-1.6276377220286373
model_agnostic_replication_behavior-c52ce042273b76f7-m0,waiting,-1.375,-1.6845570439517987
model_agnostic_replication_behavior-c52ce042273b76f7-m1,waiting,-2.125,-2.4291037806481572
model_agnostic_replication_behavior-c53233cda738d86f-m0,foraging,-1.25,-0.9072611562521555
model_agnostic_replication_behavior-c53233cda738d86f-m1,foraging,-1.0000000000000002,-0.4753677099183629
model_agnostic_replication_behavior-c56afb8b9b348d3e-m0,solvability,-2.125,-2.4176305224115273
model_agnostic_replication_behavior-c56afb8b9b348d3e-m1,solvability,-1.5,-2.319718581421936
model_agnostic_replication_behavior-c56f707e55c896be-m0,information_sampling,-2.75,-2.2311923736727612
model_agnostic_replication_behavior-c56f707e55c896be-m1,information_sampling,-2.0,-1.5811110111955664
model_agnostic_replication_behavior-c57ef8ee0996c8c8-m0,bandit,2.25,1.179777054877329
model_agnostic_replication_behavior-c57ef8ee0996c8c8-m1,bandit,1.3750000000000002,1.630216841258731
model_agnostic_replication_behavior-c594c892d8a2cd42-m0,foraging,-1.25,-0.9844711264710587
model_agnostic_replication_behavior-c594c892d8a2cd42-m1,foraging,-0.6249999999999999,-0.5525776801372663
model_agnostic_replication_behavior-c5aa07e198aec6a5-m0,information_sampling,-1.7499999999999998,-1.5491268912736391
model_agnostic_replication_behavior-c5aa07e198aec6a5-m1,information_sampling,-0.5,-0.8990455287964442
model_agnostic_replication_behavior-c5d92556e546f93f-m0,waiting,-1.125,-0.22952657965331724
model_agnostic_replication_behavior-c5d92556e546f93f-m1,waiting,-1.25,-0.9740733163496762
model_agnostic_replication_behavior-c5f20d688e740d88-m0,solvability,-1.0000000000000002,0.45798549036962694
model_agnostic_replication_behavior-c5f20d688e740d88-m1,solvability,0.0,0.5558974313592187
model_agnostic_replication_behavior-c689d43ceffdb754-m0,foraging,-1.25,-1.1146882212059974
model_agnostic_replication_behavior-c689d43ceffdb754-m1,foraging,-0.12500000000000006,-0.682794774872205
model_agnostic_replication_behavior-c6bce0660989d4fd-m0,information_sampling,-1.375,-1.6466797126474975
model_agnostic_replication_behavior-c6bce0660989d4fd-m1,information_sampling,-1.125,-0.9965983501703025
model_agnostic_replication_behavior-c6c66447b2a5d9d5-m0,foraging,-1.375,-0.7972374929344652
model_agnostic_replication_behavior-c6c66447b2a5d9d5-m1,foraging,-1.25,-0.3653440466006728
model_agnostic_replication_behavior-c6d22a232ca5fe0d-m0,information_sampling,-1.875,-2.044450982919711
model_agnostic_replication_behavior-c6d22a232ca5fe0d-m1,information_sampling,-1.25,-1.394369620442516
model_agnostic_replication_behavior-c700812d9231729c-m0,waiting,0.0,-0.20242176893134378
model_agnostic_replication_behavior-c700812d9231729c-m1,waiting,-1.5,-0.9469685056277029
model_agnostic_replication_behavior-c704cd2466c672b1-m0,information_sampling,-2.125,-2.381053538215104
model_agnostic_replication_behavior-c704cd2466c672b1-m1,information_sampling,-1.0000000000000002,-1.7309721757379093
model_agnostic_replication_behavior-c71d0123702ea0d3-m0,debugging,1.25,1.0697298733541802
model_agnostic_replication_behavior-c71d0123702ea0d3-m1,debugging,1.625,1.6873203907916223
model_agnostic_replication_behavior-c77a2d01f327a961-m0,information_sampling,-1.625,-1.877612134592663
model_agnostic_replication_behavior-c77a2d01f327a961-m1,information_sampling,-1.125,-1.227530772115468
model_agnostic_replication_behavior-c79e612bc5ba1c99-m0,effort,-1.25,-1.4241402671042196
model_agnostic_replication_behavior-c79e612bc5ba1c99-m1,effort,-0.25,-0.8623853509080164
model_agnostic_replication_behavior-c7a200faf702082d-m0,debugging,1.125,0.8784108940491736
model_agnostic_replication_behavior-c7a200faf702082d-m1,debugging,1.8749999999999998,1.4960014114866163
model_agnostic_replication_behavior-c7cd31e7bf67d05d-m0,effort,2.625,1.424475182232697
model_agnostic_replication_behavior-c7cd31e7bf67d05d-m1,effort,1.75,1.9862300984288999
model_agnostic_replication_behavior-c81cca142f535527-m0,solvability,0.0,-0.7453077784204396
model_agnostic_replication_behavior-c81cca142f535527-m1,solvability,-0.12500000000000006,-0.6473958374308479
model_agnostic_replication_behavior-c82501f20157012d-m0,bandit,1.125,0.8431497846767213
model_agnostic_replication_behavior-c82501f20157012d-m1,bandit,1.0,1.2935895710581231
model_agnostic_replication_behavior-c8aeed7f4848aa5a-m0,debugging,-1.0000000000000002,-0.973740518188191
model_agnostic_replication_behavior-c8aeed7f4848aa5a-m1,debugging,-0.7500000000000001,-0.35615000075074854
model_agnostic_replication_behavior-c8bdf07f766f2393-m0,debugging,0.125,-0.3206363655816607
model_agnostic_replication_behavior-c8bdf07f766f2393-m1,debugging,0.625,0.29695415185578183
model_agnostic_replication_behavior-c8beb2941d51e900-m0,solvability,1.625,0.8509440166534077
model_agnostic_replication_behavior-c8beb2941d51e900-m1,solvability,1.25,0.9488559576429991
model_agnostic_replication_behavior-c8fb5309f781d30d-m0,effort,0.0,0.09698281299626127
model_agnostic_replication_behavior-c8fb5309f781d30d-m1,effort,0.37499999999999994,0.6587377291924644
model_agnostic_replication_behavior-c923f09ff9f1faab-m0,foraging,-0.5,-0.4930020712066783
model_agnostic_replication_behavior-c923f09ff9f1faab-m1,foraging,0.125,-0.061108624872885764
model_agnostic_replication_behavior-c93152db1bbc753c-m0,information_sampling,-2.0,-2.4164537809512967
model_agnostic_replication_behavior-c93152db1bbc753c-m1,information_sampling,-1.125,-1.766372418474102
model_agnostic_replication_behavior-c94f33e3ad6bdc55-m0,bandit,-1.625,-1.0651926685096436
model_agnostic_replication_behavior-c94f33e3ad6bdc55-m1,bandit,-0.5,-0.6147528821282418
model_agnostic_replication_behavior-c95d175f468ec442-m0,information_sampling,-2.0,-2.122863743044672
model_agnostic_replication_behavior-c95d175f468ec442-m1,information_sampling,-1.875,-1.4727823805674773
model_agnostic_replication_behavior-c9a5fda0af205348-m0,effort,0.7500000000000002,0.21066000922364936
model_agnostic_replication_behavior-c9a5fda0af205348-m1,effort,1.0,0.7724149254198525
model_agnostic_replication_behavior-c9b8198b464855c5-m0,debugging,-0.37499999999999994,0.009886667731210802
model_agnostic_replication_behavior-c9b8198b464855c5-m1,debugging,0.125,0.6274771851686534
model_agnostic_replication_behavior-c9c0b5abd58e3ba1-m0,effort,-1.875,-2.4968164431145574
model_agnostic_replication_behavior-c9c0b5abd58e3ba1-m1,effort,-1.125,-1.935061526918354
model_agnostic_replication_behavior-c9e91d53079c912d-m0,information_sampling,-2.25,-1.7799629755387638
model_agnostic_replication_behavior-c9e91d53079c912d-m1,information_sampling,-0.5,-1.129881613061569
model_agnostic_replication_behavior-ca2d551c41dc051f-m0,bandit,1.5000000000000002,0.8053469949211086
model_agnostic_replication_behavior-ca2d551c41dc051f-m1,bandit,1.0,1.2557867813025105
model_agnostic_replication_behavior-ca4247a2837ca1f5-m0,foraging,-0.8750000000000002,-0.8679430094964402
model_agnostic_replication_behavior-ca4247a2837ca1f5-m1,foraging,-0.25,-0.43604956316264776
model_agnostic_replication_behavior-cabe2e472f682080-m0,debugging,0.7500000000000002,0.4467223350703377
model_agnostic_replication_behavior-cabe2e472f682080-m1,debugging,0.8750000000000001,1.06431285250778
model_agnostic_replication_behavior-cac2a814fd12f323-m0,foraging,-2.0,-2.184719805470998
model_agnostic_replication_behavior-cac2a814fd12f323-m1,foraging,-1.5,-1.7528263591372057
model_agnostic_replication_behavior-caffe31504de15ed-m0,foraging,1.3750000000000002,1.2006109376992877
model_agnostic_replication_behavior-caffe31504de15ed-m1,foraging,1.125,1.6325043840330804
model_agnostic_replication_behavior-cb264d8648dae7dc-m0,information_sampling,-1.5,-1.4278926607029754
model_agnostic_replication_behavior-cb264d8648dae7dc-m1,information_sampling,-0.5,-0.7778112982257802
model_agnostic_replication_behavior-cb43b598be1f6230-m0,solvability,1.5000000000000002,0.7552467018953577
model_agnostic_replication_behavior-cb43b598be1f6230-m1,solvability,1.625,0.8531586428849492
model_agnostic_replication_behavior-cb762f52b418fdcb-m0,effort,-2.375,-1.9564358002096243
model_agnostic_replication_behavior-cb762f52b418fdcb-m1,effort,-1.5,-1.3946808840134213
model_agnostic_replication_behavior-cb84535bb7ed71eb-m0,bandit,0.24999999999999992,0.5044663320950165
model_agnostic_replication_behavior-cb84535bb7ed71eb-m1,bandit,1.0,0.954906118476418
model_agnostic_replication_behavior-cb8b55543380cb5e-m0,debugging,-0.25,-0.08849531874376088
model_agnostic_replication_behavior-cb8b55543380cb5e-m1,debugging,0.625,0.5290951986936816
model_agnostic_replication_behavior-cb8b8ac25578292d-m0,effort,-0.37499999999999994,-0.39005918744365425
model_agnostic_replication_behavior-cb8b8ac25578292d-m1,effort,0.625,0.17169572875254885
model_agnostic_replication_behavior-cb8ff639439d9186-m0,bandit,-0.6249999999999999,-0.37595689359258305
model_agnostic_replication_behavior-cb8ff639439d9186-m1,bandit,-0.5,0.07448289278881873
model_agnostic_replication_behavior-cbd23f1e11855a01-m0,information_sampling,-1.7499999999999998,-2.150180593996858
model_agnostic_replication_behavior-cbd23f1e11855a01-m1,information_sampling,-1.0000000000000002,-1.500099231519663
model_agnostic_replication_behavior-cbe14fb518c32bf5-m0,solvability,0.625,1.126638071883584
model_agnostic_replication_behavior-cbe14fb518c32bf5-m1,solvability,0.625,1.2245500128731757
model_agnostic_replication_behavior-cbf8f7b66dc2724d-m0,solvability,0.125,0.9602587698051356
model_agnostic_replication_behavior-cbf8f7b66dc2724d-m1,solvability,0.37499999999999994,1.0581707107947271
model_agnostic_replication_behavior-cbfdae86726bfcbf-m0,bandit,-0.5,0.021414892738155444
model_agnostic_replication_behavior-cbfdae86726bfcbf-m1,bandit,0.0,0.47185467911955714
model_agnostic_replication_behavior-cc182ab1c0348cd9-m0,information_sampling,-1.625,-2.051393207649748
model_agnostic_replication_behavior-cc182ab1c0348cd9-m1,information_sampling,-1.625,-1.401311845172553
model_agnostic_replication_behavior-cc35142bec71077b-m0,bandit,1.75,1.38380055004894
model_agnostic_replication_behavior-cc35142bec71077b-m1,bandit,0.7500000000000002,1.8342403364303417
model_agnostic_replication_behavior-cc6e6f2830321d44-m0,bandit,-1.125,-0.5814636297543152
model_agnostic_replication_behavior-cc6e6f2830321d44-m1,bandit,0.0,-0.1310238433729134
model_agnostic_replication_behavior-cca53cd8cf692fe6-m0,solvability,0.0,0.14149193742958266
model_agnostic_replication_behavior-cca53cd8cf692fe6-m1,solvability,0.5,0.2394038784191741
model_agnostic_replication_behavior-ccabd56750698ea0-m0,bandit,-0.25,0.6004060678459092
model_agnostic_replication_behavior-ccabd56750698ea0-m1,bandit,0.37499999999999994,1.050845854227311
model_agnostic_replication_behavior-cce71368e4e8cffb-m0,foraging,-1.7499999999999998,-1.781195478500191
model_agnostic_replication_behavior-cce71368e4e8cffb-m1,foraging,-1.0000000000000002,-1.3493020321663984
model_agnostic_replication_behavior-cd40b520bc9993ac-m0,solvability,-2.625,-0.9933730605995732
model_agnostic_replication_behavior-cd40b520bc9993ac-m1,solvability,-1.625,-0.8954611196099818
model_agnostic_replication_behavior-cd43b1d4a86b9a0d-m0,solvability,-1.625,-0.7805032325717989
model_agnostic_replication_behavior-cd43b1d4a86b9a0d-m1,solvability,-1.0000000000000002,-0.6825912915822074
model_agnostic_replication_behavior-cd5908dcc57976b5-m0,debugging,-1.7499999999999998,-2.2458221935918936
model_agnostic_replication_behavior-cd5908dcc57976b5-m1,debugging,-1.375,-1.628231676154451
model_agnostic_replication_behavior-cdd11dc98a2797cd-m0,solvability,-0.5,-0.22538049402493207
model_agnostic_replication_behavior-cdd11dc98a2797cd-m1,solvability,0.5,-0.12746855303534055
model_agnostic_replication_behavior-ce0012fc43349f14-m0,foraging,0.7500000000000002,0.36825588477401355
model_agnostic_replication_behavior-ce0012fc43349f14-m1,foraging,0.7500000000000002,0.8001493311078061
model_agnostic_replication_behavior-ce17b45040f61325-m0,foraging,2.25,0.7244510329705747
model_agnostic_replication_behavior-ce17b45040f61325-m1,foraging,1.625,1.1563444793043671
model_agnostic_replication_behavior-ce51e6bdfcd15a37-m0,waiting,-0.5,-0.24022052690240725
model_agnostic_replication_behavior-ce51e6bdfcd15a37-m1,waiting,-0.5,-0.984767263598766
model_agnostic_replication_behavior-ce62af7a7b8cc9c3-m0,effort,-0.37499999999999994,0.5410671612460186
model_agnostic_replication_behavior-ce62af7a7b8cc9c3-m1,effort,0.5,1.102822077442222
model_agnostic_replication_behavior-ce9153e3a3965f72-m0,foraging,-1.125,-0.454125007941477
model_agnostic_replication_behavior-ce9153e3a3965f72-m1,foraging,-0.25,-0.022231561607684525
model_agnostic_replication_behavior-ce9d657b17faa465-m0,waiting,-0.6249999999999999,-0.3288451567647819
model_agnostic_replication_behavior-ce9d657b17faa465-m1,waiting,-0.7500000000000001,-1.073391893461141
model_agnostic_replication_behavior-cea6fe2c4907ff1d-m0,bandit,0.0,0.2166590101654986
model_agnostic_replication_behavior-cea6fe2c4907ff1d-m1,bandit,-0.6249999999999999,0.6670987965469004
model_agnostic_replication_behavior-cefb22cac783ff92-m0,debugging,0.24999999999999992,-0.1927692775082545
model_agnostic_replication_behavior-cefb22cac783ff92-m1,debugging,0.8750000000000001,0.42482123992918797
model_agnostic_replication_behavior-cf21850022eae0b3-m0,foraging,0.37499999999999994,0.08979929415837468
model_agnostic_replication_behavior-cf21850022eae0b3-m1,foraging,1.0,0.5216927404921672
model_agnostic_replication_behavior-cf243683c8977583-m0,solvability,-0.5,-0.0926478043559919
model_agnostic_replication_behavior-cf243683c8977583-m1,solvability,0.125,0.005264136633599703
model_agnostic_replication_behavior-cf40696b5055bb2f-m0,bandit,1.125,0.8430771115371631
model_agnostic_replication_behavior-cf40696b5055bb2f-m1,bandit,1.25,1.2935168979185647
model_agnostic_replication_behavior-cf40a1994bfa02ad-m0,bandit,1.25,1.1594210980534068
model_agnostic_replication_behavior-cf40a1994bfa02ad-m1,bandit,0.625,1.6098608844348086
model_agnostic_replication_behavior-cf5c1a97f41a465a-m0,waiting,0.5,1.3202076356169805
model_agnostic_replication_behavior-cf5c1a97f41a465a-m1,waiting,-1.125,0.5756608989206218
model_agnostic_replication_behavior-cf90e68c68e657cf-m0,foraging,1.625,1.4444450900090813
model_agnostic_replication_behavior-cf90e68c68e657cf-m1,foraging,1.5000000000000002,1.8763385363428735
model_agnostic_replication_behavior-cf9e2fae43640ac6-m0,bandit,0.8750000000000001,0.25319351872652474
model_agnostic_replication_behavior-cf9e2fae43640ac6-m1,bandit,1.25,0.7036333051079264
model_agnostic_replication_behavior-cfbe144687d0e81d-m0,information_sampling,-1.875,-1.9319110123442758
model_agnostic_replication_behavior-cfbe144687d0e81d-m1,information_sampling,-0.8750000000000002,-1.281829649867081
model_agnostic_replication_behavior-d043ac58ac93fc53-m0,effort,0.0,0.34539969837899676
model_agnostic_replication_behavior-d043ac58ac93fc53-m1,effort,0.5,0.9071546145752
model_agnostic_replication_behavior-d0743f409259f1d9-m0,solvability,0.125,0.27383362545436996
model_agnostic_replication_behavior-d0743f409259f1d9-m1,solvability,0.125,0.3717455664439616
model_agnostic_replication_behavior-d137e813c22657a5-m0,bandit,-0.6249999999999999,-0.34868997652674794
model_agnostic_replication_behavior-d137e813c22657a5-m1,bandit,0.37499999999999994,0.10174980985465382
model_agnostic_replication_behavior-d16f4aaf0d4f7806-m0,effort,-0.12500000000000006,-0.2706931031846459
model_agnostic_replication_behavior-d16f4aaf0d4f7806-m1,effort,0.8750000000000001,0.2910618130115572
model_agnostic_replication_behavior-d1777695acfe6211-m0,information_sampling,-2.125,-2.5223809571403053
model_agnostic_replication_behavior-d1777695acfe6211-m1,information_sampling,-1.375,-1.8722995946631105
model_agnostic_replication_behavior-d19ca4e99f8a64f8-m0,debugging,0.5,-0.18227373990275897
model_agnostic_replication_behavior-d19ca4e99f8a64f8-m1,debugging,0.8750000000000001,0.43531677753468356
model_agnostic_replication_behavior-d1b19f675cd914e4-m0,bandit,-0.25,-0.8479078799773054
model_agnostic_replication_behavior-d1b19f675cd914e4-m1,bandit,0.37499999999999994,-0.39746809359590374
model_agnostic_replication_behavior-d1b3c904c14d3353-m0,waiting,-2.25,-1.9364522923840903
model_agnostic_replication_behavior-d1b3c904c14d3353-m1,waiting,-2.25,-2.680999029080449
model_agnostic_replication_behavior-d1b4f6b57f74ab21-m0,solvability,-0.8750000000000002,-0.07630322416029725
model_agnostic_replication_behavior-d1b4f6b57f74ab21-m1,solvability,-0.37499999999999994,0.021608716829294168
model_agnostic_replication_behavior-d1bb2eb6f541dd88-m0,solvability,1.0,0.31736579693818606
model_agnostic_replication_behavior-d1bb2eb6f541dd88-m1,solvability,0.625,0.41527773792777767
model_agnostic_replication_behavior-d1d9ff517c52bc54-m0,bandit,-0.37499999999999994,-0.13213860998679722
model_agnostic_replication_behavior-d1d9ff517c52bc54-m1,bandit,0.37499999999999994,0.3183011763946046
model_agnostic_replication_behavior-d200e83676e40c72-m0,bandit,-1.5,-0.7806649356458781
model_agnostic_replication_behavior-d200e83676e40c72-m1,bandit,-1.0000000000000002,-0.33022514926447644
model_agnostic_replication_behavior-d213c7dbb3313688-m0,foraging,-1.625,-1.3536084342948134
model_agnostic_replication_behavior-d213c7dbb3313688-m1,foraging,-1.375,-0.9217149879610208
model_agnostic_replication_behavior-d280bd53edce024b-m0,information_sampling,-2.5,-2.6246639495324895
model_agnostic_replication_behavior-d280bd53edce024b-m1,information_sampling,-1.375,-1.9745825870552947
model_agnostic_replication_behavior-d30aa84f83d8e61e-m0,bandit,-1.7499999999999998,-1.3950147510142705
model_agnostic_replication_behavior-d30aa84f83d8e61e-m1,bandit,-1.125,-0.9445749646328689
model_agnostic_replication_behavior-d330ab1c17094d1d-m0,foraging,1.25,1.0693254508426402
model_agnostic_replication_behavior-d330ab1c17094d1d-m1,foraging,1.25,1.5012188971764329
model_agnostic_replication_behavior-d346726d4f52cab9-m0,foraging,-1.25,-1.5630698384354706
model_agnostic_replication_behavior-d346726d4f52cab9-m1,foraging,-0.7500000000000001,-1.1311763921016782
model_agnostic_replication_behavior-d3683e1e6fa351f1-m0,waiting,0.37499999999999994,0.3198992321723617
model_agnostic_replication_behavior-d3683e1e6fa351f1-m1,waiting,-0.25,-0.42464750452399724
model_agnostic_replication_behavior-d379f367ff1090ef-m0,effort,1.0,0.6947776348237794
model_agnostic_replication_behavior-d379f367ff1090ef-m1,effort,1.25,1.2565325510199825
model_agnostic_replication_behavior-d3adb3367ff115a3-m0,information_sampling,-1.5,-1.6741791324456172
model_agnostic_replication_behavior-d3adb3367ff115a3-m1,information_sampling,-1.125,-1.0240977699684226
model_agnostic_replication_behavior-d3d99261a1ebf2a2-m0,solvability,1.5000000000000002,1.8131205475765246
model_agnostic_replication_behavior-d3d99261a1ebf2a2-m1,solvability,1.3750000000000002,1.911032488566116
model_agnostic_replication_behavior-d3ddd630cd9985ae-m0,waiting,-2.625,-2.249639454562858
model_agnostic_replication_behavior-d3ddd630cd9985ae-m1,waiting,-2.25,-2.994186191259217
model_agnostic_replication_behavior-d3eb406d7e72ebd3-m0,foraging,-2.125,-2.254153441078015
model_agnostic_replication_behavior-d3eb406d7e72ebd3-m1,foraging,-2.375,-1.8222599947442226
model_agnostic_replication_behavior-d3ec8d1af6196119-m0,information_sampling,-1.875,-2.4088041340951465
model_agnostic_replication_behavior-d3ec8d1af6196119-m1,information_sampling,-1.5,-1.7587227716179517
model_agnostic_replication_behavior-d409b89ede31fba1-m0,solvability,-1.125,-1.09031789268404
model_agnostic_replication_behavior-d409b89ede31fba1-m1,solvability,0.125,-0.9924059516944485
model_agnostic_replication_behavior-d47af5b72a03f286-m0,waiting,-0.25,-0.4891544921587706
model_agnostic_replication_behavior-d47af5b72a03f286-m1,waiting,-2.125,-1.2337012288551295
model_agnostic_replication_behavior-d482d6a850809cd2-m0,solvability,-0.37499999999999994,-0.02901841278375731
model_agnostic_replication_behavior-d482d6a850809cd2-m1,solvability,-0.12500000000000006,0.06889352820583422
model_agnostic_replication_behavior-d4ead682d6b06b87-m0,effort,-0.8750000000000002,-0.6747380080667228
model_agnostic_replication_behavior-d4ead682d6b06b87-m1,effort,0.125,-0.11298309187051986
model_agnostic_replication_behavior-d4f04074de891d4f-m0,solvability,3.125,1.6510140033416583
model_agnostic_replication_behavior-d4f04074de891d4f-m1,solvability,1.125,1.7489259443312497
model_agnostic_replication_behavior-d4f5918a2c38668a-m0,bandit,-2.75,-1.9936444962637185
model_agnostic_replication_behavior-d4f5918a2c38668a-m1,bandit,-3.375,-1.5432047098823167
model_agnostic_replication_behavior-d57f5aabcaa96f0e-m0,information_sampling,-1.5,-1.635698097822142
model_agnostic_replication_behavior-d57f5aabcaa96f0e-m1,information_sampling,-1.7499999999999998,-0.985616735344947
model_agnostic_replication_behavior-d5994e9ce0b18ca5-m0,bandit,0.37499999999999994,0.5353909662901642
model_agnostic_replication_behavior-d5994e9ce0b18ca5-m1,bandit,0.625,0.985830752671566
model_agnostic_replication_behavior-d59e78724a1ecd0f-m0,debugging,1.25,1.104256901373986
model_agnostic_replication_behavior-d59e78724a1ecd0f-m1,debugging,1.5000000000000002,1.7218474188114286
model_agnostic_replication_behavior-d59fdef08a93a9ff-m0,bandit,0.24999999999999992,0.41239330737085533
model_agnostic_replication_behavior-d59fdef08a93a9ff-m1,bandit,-0.5,0.8628330937522571
model_agnostic_replication_behavior-d5a982c8cc426bb0-m0,debugging,-0.7500000000000001,-0.23784983532915405
model_agnostic_replication_behavior-d5a982c8cc426bb0-m1,debugging,0.37499999999999994,0.3797406821082885
model_agnostic_replication_behavior-d5d50d3ba4cfcc60-m0,effort,-0.25,0.2714453755636021
model_agnostic_replication_behavior-d5d50d3ba4cfcc60-m1,effort,0.37499999999999994,0.8332002917598053
model_agnostic_replication_behavior-d61b82ff2971c5d7-m0,effort,1.0,0.6933244868964829
model_agnostic_replication_behavior-d61b82ff2971c5d7-m1,effort,1.125,1.2550794030926857
model_agnostic_replication_behavior-d667f3c1179ad7b0-m0,effort,-2.0,-1.9158706445028721
model_agnostic_replication_behavior-d667f3c1179ad7b0-m1,effort,-1.25,-1.354115728306669
model_agnostic_replication_behavior-d69eaa3c7efc08c9-m0,foraging,-0.8750000000000002,-1.0868631013742325
model_agnostic_replication_behavior-d69eaa3c7efc08c9-m1,foraging,-0.37499999999999994,-0.6549696550404402
model_agnostic_replication_behavior-d6a92de8271da676-m0,debugging,-0.8750000000000002,-0.8804669654835401
model_agnostic_replication_behavior-d6a92de8271da676-m1,debugging,-1.125,-0.26287644804609744
model_agnostic_replication_behavior-d6f60eb286ec217f-m0,information_sampling,-1.875,-2.123001908776574
model_agnostic_replication_behavior-d6f60eb286ec217f-m1,information_sampling,-0.8750000000000002,-1.472920546299379
model_agnostic_replication_behavior-d6fbbff87b44116d-m0,information_sampling,-2.625,-2.5014303706471477
model_agnostic_replication_behavior-d6fbbff87b44116d-m1,information_sampling,-1.625,-1.8513490081699533
model_agnostic_replication_behavior-d7086d07c6f649ab-m0,solvability,-2.125,-1.9416264371500394
model_agnostic_replication_behavior-d7086d07c6f649ab-m1,solvability,-1.625,-1.8437144961604475
model_agnostic_replication_behavior-d7292bc9a2a8db0c-m0,debugging,-0.12500000000000006,-0.33668412779829454
model_agnostic_replication_behavior-d7292bc9a2a8db0c-m1,debugging,0.0,0.2809063896391479
model_agnostic_replication_behavior-d7329b52c1b7a1ab-m0,solvability,-1.5,-0.3153320101293988
model_agnostic_replication_behavior-d7329b52c1b7a1ab-m1,solvability,-0.7500000000000001,-0.21742006913980733
model_agnostic_replication_behavior-d7660146d6b6baa5-m0,bandit,-0.8750000000000002,-0.8677630718897518
model_agnostic_replication_behavior-d7660146d6b6baa5-m1,bandit,-0.25,-0.41732328550834996
model_agnostic_replication_behavior-d78c35861e238d4b-m0,effort,-0.8750000000000002,-1.203988381129127
model_agnostic_replication_behavior-d78c35861e238d4b-m1,effort,0.24999999999999992,-0.642233464932924
model_agnostic_replication_behavior-d7d0bae43a6cfe6e-m0,debugging,0.625,0.30724141036171926
model_agnostic_replication_behavior-d7d0bae43a6cfe6e-m1,debugging,1.125,0.924831927799162
model_agnostic_replication_behavior-d7db88b2c9a45970-m0,waiting,-0.6249999999999999,-0.038243807777454286
model_agnostic_replication_behavior-d7db88b2c9a45970-m1,waiting,-0.7500000000000001,-0.7827905444738132
model_agnostic_replication_behavior-d808239d2f4631ed-m0,solvability,1.75,0.89194206185426
model_agnostic_replication_behavior-d808239d2f4631ed-m1,solvability,1.125,0.9898540028438516
model_agnostic_replication_behavior-d80a2c499995cd62-m0,effort,-1.125,-0.7588580222303851
model_agnostic_replication_behavior-d80a2c499995cd62-m1,effort,0.125,-0.1971031060341819
model_agnostic_replication_behavior-d827d6c47171d7d9-m0,effort,-1.625,-1.6791359510494996
model_agnostic_replication_behavior-d827d6c47171d7d9-m1,effort,-1.0000000000000002,-1.1173810348532967
model_agnostic_replication_behavior-d8429f58f6bb708e-m0,debugging,-0.12500000000000006,0.19728281574156054
model_agnostic_replication_behavior-d8429f58f6bb708e-m1,debugging,0.625,0.814873333179003
model_agnostic_replication_behavior-d84836cfe163999e-m0,bandit,1.125,0.10410205192697652
model_agnostic_replication_behavior-d84836cfe163999e-m1,bandit,1.0,0.5545418383083784
model_agnostic_replication_behavior-d8a4f8b8163300d1-m0,information_sampling,-1.875,-2.1178311002139245
model_agnostic_replication_behavior-d8a4f8b8163300d1-m1,information_sampling,-1.375,-1.46774973773673
model_agnostic_replication_behavior-d8b62cd928a1c074-m0,foraging,2.375,1.2718799202794269
model_agnostic_replication_behavior-d8b62cd928a1c074-m1,foraging,1.5000000000000002,1.703773366613219
model_agnostic_replication_behavior-d976d70d5336adda-m0,foraging,-2.375,-1.384812307472599
model_agnostic_replication_behavior-d976d70d5336adda-m1,foraging,-2.5,-0.9529188611388069
model_agnostic_replication_behavior-d9fcead5258f575a-m0,foraging,-0.6249999999999999,0.04404543332244332
model_agnostic_replication_behavior-d9fcead5258f575a-m1,foraging,0.0,0.47593887965623577
model_agnostic_replication_behavior-da2a70b6562b7bf5-m0,solvability,3.5,2.3552961404664248
model_agnostic_replication_behavior-da2a70b6562b7bf5-m1,solvability,2.5,2.453208081456016
model_agnostic_replication_behavior-db0ddcf4b1354e0c-m0,solvability,0.8750000000000001,0.40381849729522284
model_agnostic_replication_behavior-db0ddcf4b1354e0c-m1,solvability,0.8750000000000001,0.5017304382848145
model_agnostic_replication_behavior-db148363fbd0f843-m0,information_sampling,-1.5,-1.7749579319302244
model_agnostic_replication_behavior-db148363fbd0f843-m1,information_sampling,-0.7500000000000001,-1.1248765694530296
model_agnostic_replication_behavior-db29048e86cb47a1-m0,foraging,-0.25,-0.4576549233958812
model_agnostic_replication_behavior-db29048e86cb47a1-m1,foraging,0.24999999999999992,-0.025761477062088672
model_agnostic_replication_behavior-db450846fc1b2470-m0,bandit,0.8750000000000001,0.6025709408165507
model_agnostic_replication_behavior-db450846fc1b2470-m1,bandit,0.625,1.0530107271979525
model_agnostic_replication_behavior-db98741b892f2000-m0,foraging,-0.12500000000000006,-0.08288919267983563
model_agnostic_replication_behavior-db98741b892f2000-m1,foraging,0.24999999999999992,0.3490042536539567
model_agnostic_replication_behavior-db9e1a95932f6eee-m0,debugging,-0.12500000000000006,0.3042694848968252
model_agnostic_replication_behavior-db9e1a95932f6eee-m1,debugging,0.7500000000000002,0.9218600023342677
model_agnostic_replication_behavior-dbaeb0b0d4571653-m0,effort,-2.0,-1.6550017996732305
model_agnostic_replication_behavior-dbaeb0b0d4571653-m1,effort,-1.7499999999999998,-1.093246883477027
model_agnostic_replication_behavior-dbfc9a4bcf6cef60-m0,debugging,0.0,0.05215205945681728
model_agnostic_replication_behavior-dbfc9a4bcf6cef60-m1,debugging,0.5,0.6697425768942599
model_agnostic_replication_behavior-dd000db3a7349dd2-m0,waiting,-2.0,-1.3072083826414773
model_agnostic_replication_behavior-dd000db3a7349dd2-m1,waiting,-2.0,-2.051755119337836
model_agnostic_replication_behavior-dd074cf6a0e8e39c-m0,information_sampling,-2.25,-2.0047356568790304
model_agnostic_replication_behavior-dd074cf6a0e8e39c-m1,information_sampling,-1.25,-1.3546542944018354
model_agnostic_replication_behavior-dd0e73641d39781f-m0,foraging,1.25,0.6978986773300211
model_agnostic_replication_behavior-dd0e73641d39781f-m1,foraging,1.125,1.1297921236638138
model_agnostic_replication_behavior-dd323ddf12799b49-m0,debugging,-1.125,-0.4007931017246278
model_agnostic_replication_behavior-dd323ddf12799b49-m1,debugging,-0.8750000000000002,0.2167974157128148
model_agnostic_replication_behavior-dd672c5fe7b7b5e2-m0,foraging,2.375,0.9195528380530602
model_agnostic_replication_behavior-dd672c5fe7b7b5e2-m1,foraging,1.625,1.3514462843868527
model_agnostic_replication_behavior-ddd8e57dd4bc529b-m0,foraging,-1.0000000000000002,-0.6635442625280253
model_agnostic_replication_behavior-ddd8e57dd4bc529b-m1,foraging,-0.5,-0.23165081619423297
model_agnostic_replication_behavior-de1c13ac9bb6a90e-m0,debugging,-1.5,-1.1347866420163082
model_agnostic_replication_behavior-de1c13ac9bb6a90e-m1,debugging,-1.375,-0.5171961245788655
model_agnostic_replication_behavior-de1dd1ee552bd522-m0,waiting,-0.6249999999999999,-1.1452656165256179
model_agnostic_replication_behavior-de1dd1ee552bd522-m1,waiting,-0.8750000000000002,-1.8898123532219766
model_agnostic_replication_behavior-de57795b749e7736-m0,effort,-1.0000000000000002,-1.4091672639157509
model_agnostic_replication_behavior-de57795b749e7736-m1,effort,-0.6249999999999999,-0.8474123477195478
model_agnostic_replication_behavior-de8205ea3bd46647-m0,foraging,-1.625,-0.5229717230743318
model_agnostic_replication_behavior-de8205ea3bd46647-m1,foraging,-0.5,-0.09107827674053928
model_agnostic_replication_behavior-deac1b0810817793-m0,solvability,-1.875,-1.6066429182301207
model_agnostic_replication_behavior-deac1b0810817793-m1,solvability,-1.25,-1.508730977240529
model_agnostic_replication_behavior-deb1692b41d7709e-m0,effort,0.125,0.12391027533313986
model_agnostic_replication_behavior-deb1692b41d7709e-m1,effort,0.7500000000000002,0.6856651915293428
model_agnostic_replication_behavior-ded62555a192642b-m0,information_sampling,-1.375,-1.7190049479293719
model_agnostic_replication_behavior-ded62555a192642b-m1,information_sampling,-1.25,-1.068923585452177
model_agnostic_replication_behavior-def535cd40206981-m0,bandit,-1.875,-0.9500401503699013
model_agnostic_replication_behavior-def535cd40206981-m1,bandit,-1.7499999999999998,-0.4996003639884997
model_agnostic_replication_behavior-dfc0ae811cc0aac4-m0,waiting,-1.625,-1.172654345487651
model_agnostic_replication_behavior-dfc0ae811cc0aac4-m1,waiting,-1.875,-1.9172010821840098
model_agnostic_replication_behavior-dfcebbce010f24a8-m0,debugging,-1.0000000000000002,-0.5131834800208249
model_agnostic_replication_behavior-dfcebbce010f24a8-m1,debugging,-0.25,0.10440703741661761
model_agnostic_replication_behavior-dfd06bd2b86e9d58-m0,solvability,0.7500000000000002,0.4842255278118852
model_agnostic_replication_behavior-dfd06bd2b86e9d58-m1,solvability,0.5,0.5821374688014771
model_agnostic_replication_behavior-dfd698f9bb3ca6ea-m0,debugging,-1.25,-1.0489779667899524
model_agnostic_replication_behavior-dfd698f9bb3ca6ea-m1,debugging,-1.25,-0.43138744935250983
model_agnostic_replication_behavior-dfd6e503c87fabe8-m0,debugging,0.0,-0.049571935347906826
model_agnostic_replication_behavior-dfd6e503c87fabe8-m1,debugging,0.625,0.5680185820895356
model_agnostic_replication_behavior-dff09a3fc5d1ea1e-m0,information_sampling,-1.375,-1.1972335447747517
model_agnostic_replication_behavior-dff09a3fc5d1ea1e-m1,information_sampling,0.24999999999999992,-0.5471521822975569
model_agnostic_replication_behavior-e00ec49a934a4c30-m0,information_sampling,-2.125,-2.3891453409428243
model_agnostic_replication_behavior-e00ec49a934a4c30-m1,information_sampling,-2.0,-1.7390639784656297
model_agnostic_replication_behavior-e0523c12fa229e16-m0,information_sampling,-1.875,-1.8731875502948407
model_agnostic_replication_behavior-e0523c12fa229e16-m1,information_sampling,-1.125,-1.223106187817646
model_agnostic_replication_behavior-e0c50aebcdc155c3-m0,information_sampling,-2.375,-2.1875686242410604
model_agnostic_replication_behavior-e0c50aebcdc155c3-m1,information_sampling,-1.7499999999999998,-1.5374872617638657
model_agnostic_replication_behavior-e13eafc7c960a917-m0,debugging,-1.0000000000000002,0.08708546825605659
model_agnostic_replication_behavior-e13eafc7c960a917-m1,debugging,-0.7500000000000001,0.704675985693499
model_agnostic_replication_behavior-e1627f42a381db93-m0,solvability,-0.37499999999999994,-0.7832984596162336
model_agnostic_replication_behavior-e1627f42a381db93-m1,solvability,0.0,-0.6853865186266422
model_agnostic_replication_behavior-e1727f2f013aa6a6-m0,information_sampling,-2.25,-2.00758773807288
model_agnostic_replication_behavior-e1727f2f013aa6a6-m1,information_sampling,-1.0000000000000002,-1.3575063755956853
model_agnostic_replication_behavior-e18c4b7ac858962f-m0,information_sampling,-2.5,-2.419777781990228
model_agnostic_replication_behavior-e18c4b7ac858962f-m1,information_sampling,-2.625,-1.7696964195130334
model_agnostic_replication_behavior-e1aa365dc4ec0bf5-m0,bandit,-1.5,-1.103656081046506
model_agnostic_replication_behavior-e1aa365dc4ec0bf5-m1,bandit,-0.8750000000000002,-0.6532162946651043
model_agnostic_replication_behavior-e1b7a13161d92bc7-m0,foraging,2.75,1.4145136447979156
model_agnostic_replication_behavior-e1b7a13161d92bc7-m1,foraging,1.75,1.8464070911317083
model_agnostic_replication_behavior-e1be026f1bd13a1a-m0,information_sampling,-1.5,-1.546175518758787
model_agnostic_replication_behavior-e1be026f1bd13a1a-m1,information_sampling,-1.0000000000000002,-0.8960941562815921
model_agnostic_replication_behavior-e1cfa7fa5f98613b-m0,bandit,1.125,0.9825145089077302
model_agnostic_replication_behavior-e1cfa7fa5f98613b-m1,bandit,1.125,1.432954295289132
model_agnostic_replication_behavior-e22a65024222f5e0-m0,waiting,-0.37499999999999994,-0.9593444676587362
model_agnostic_replication_behavior-e22a65024222f5e0-m1,waiting,-1.125,-1.703891204355095
model_agnostic_replication_behavior-e23101e189f9e151-m0,solvability,-2.0,-1.7273918554795002
model_agnostic_replication_behavior-e23101e189f9e151-m1,solvability,-1.5,-1.6294799144899088
model_agnostic_replication_behavior-e23819863e69a4ab-m0,waiting,2.5,0.8283955912449413
model_agnostic_replication_behavior-e23819863e69a4ab-m1,waiting,0.5,0.08384885454858249
model_agnostic_replication_behavior-e2717f197050d2c1-m0,solvability,-1.5,0.6693445827669755
model_agnostic_replication_behavior-e2717f197050d2c1-m1,solvability,0.125,0.7672565237565672
model_agnostic_replication_behavior-e281e650e2b2e7ff-m0,solvability,-0.12500000000000006,-0.028581383277154697
model_agnostic_replication_behavior-e281e650e2b2e7ff-m1,solvability,0.5,0.06933055771243682
model_agnostic_replication_behavior-e28ca8a62a623b65-m0,solvability,2.75,2.179093103936026
model_agnostic_replication_behavior-e28ca8a62a623b65-m1,solvability,1.625,2.2770050449256174
model_agnostic_replication_behavior-e2a47e2fe0ce667a-m0,effort,-0.25,-0.03797795749499426
model_agnostic_replication_behavior-e2a47e2fe0ce667a-m1,effort,0.125,0.5237769587012089
model_agnostic_replication_behavior-e2a6ab722a481aff-m0,solvability,1.5000000000000002,1.181599856958578
model_agnostic_replication_behavior-e2a6ab722a481aff-m1,solvability,1.625,1.2795117979481694
model_agnostic_replication_behavior-e2a839652f5ae604-m0,foraging,-0.12500000000000006,-0.03588876890906942
model_agnostic_replication_behavior-e2a839652f5ae604-m1,foraging,0.5,0.3960046774247232
model_agnostic_replication_behavior-e342b2befa4c7e32-m0,effort,0.0,0.8937126073103872
model_agnostic_replication_behavior-e342b2befa4c7e32-m1,effort,1.125,1.4554675235065901
model_agnostic_replication_behavior-e35b05e591d8de01-m0,bandit,0.8750000000000001,1.1104957827774442
model_agnostic_replication_behavior-e35b05e591d8de01-m1,bandit,0.8750000000000001,1.5609355691588462
model_agnostic_replication_behavior-e35d26b0774afc75-m0,effort,-1.125,-0.6454077706666144
model_agnostic_replication_behavior-e35d26b0774afc75-m1,effort,0.0,-0.08365285447041138
model_agnostic_replication_behavior-e362da27226caf34-m0,debugging,0.5,-0.03820572085316443
model_agnostic_replication_behavior-e362da27226caf34-m1,debugging,0.625,0.5793847965842781
model_agnostic_replication_behavior-e365d19d13dd5848-m0,information_sampling,-2.0,-2.4626834095961665
model_agnostic_replication_behavior-e365d19d13dd5848-m1,information_sampling,-1.625,-1.8126020471189719
model_agnostic_replication_behavior-e3956b8eaef66d0f-m0,effort,-0.7500000000000001,-1.0524003193390112
model_agnostic_replication_behavior-e3956b8eaef66d0f-m1,effort,0.125,-0.4906454031428083
model_agnostic_replication_behavior-e3a12d33787d4cc7-m0,foraging,0.625,0.34590176690017777
model_agnostic_replication_behavior-e3a12d33787d4cc7-m1,foraging,1.125,0.7777952132339705
model_agnostic_replication_behavior-e3a4db8fc64bde40-m0,foraging,-0.37499999999999994,-0.4218665350473529
model_agnostic_replication_behavior-e3a4db8fc64bde40-m1,foraging,-0.12500000000000006,0.010026911286439566
model_agnostic_replication_behavior-e3c1e572ceae6e38-m0,solvability,0.5,-0.39245275197860346
model_agnostic_replication_behavior-e3c1e572ceae6e38-m1,solvability,0.625,-0.29454081098901175
model_agnostic_replication_behavior-e3ec028ac8bbac5c-m0,solvability,5.375,3.9816003948087166
model_agnostic_replication_behavior-e3ec028ac8bbac5c-m1,solvability,3.25,4.079512335798308
model_agnostic_replication_behavior-e3f7b5323b571139-m0,effort,-0.7500000000000001,-0.6874859747290556
model_agnostic_replication_behavior-e3f7b5323b571139-m1,effort,0.37499999999999994,-0.12573105853285238
model_agnostic_replication_behavior-e405aacf71572021-m0,waiting,-1.5,-0.9080928315811501
model_agnostic_replication_behavior-e405aacf71572021-m1,waiting,-1.25,-1.652639568277509
model_agnostic_replication_behavior-e4130daf18597b99-m0,information_sampling,-1.7499999999999998,-2.074357681078802
model_agnostic_replication_behavior-e4130daf18597b99-m1,information_sampling,-1.25,-1.424276318601607
model_agnostic_replication_behavior-e4245e55e6685add-m0,effort,0.625,1.1019327527472196
model_agnostic_replication_behavior-e4245e55e6685add-m1,effort,1.0,1.6636876689434226
model_agnostic_replication_behavior-e44567800c190745-m0,debugging,-1.25,-0.4677950103609614
model_agnostic_replication_behavior-e44567800c190745-m1,debugging,-1.625,0.14979550707648093
model_agnostic_replication_behavior-e4475425ae2e189d-m0,waiting,-1.25,-1.2345424463562455
model_agnostic_replication_behavior-e4475425ae2e189d-m1,waiting,-1.25,-1.9790891830526045
model_agnostic_replication_behavior-e450c15b42ad5e25-m0,waiting,1.625,1.4926522175896575
model_agnostic_replication_behavior-e450c15b42ad5e25-m1,waiting,0.37499999999999994,0.7481054808932985
model_agnostic_replication_behavior-e45d06872af0ddb3-m0,effort,-1.875,-1.2624240456912856
model_agnostic_replication_behavior-e45d06872af0ddb3-m1,effort,-0.12500000000000006,-0.7006691294950825
model_agnostic_replication_behavior-e4ecda320ff526b6-m0,bandit,-0.6249999999999999,0.045020487007690846
model_agnostic_replication_behavior-e4ecda320ff526b6-m1,bandit,-0.25,0.49546027338909265
model_agnostic_replication_behavior-e4f023bc32461ac1-m0,effort,0.0,-0.18927176157580383
model_agnostic_replication_behavior-e4f023bc32461ac1-m1,effort,0.37499999999999994,0.37248315462039927
model_agnostic_replication_behavior-e5053587e367069c-m0,effort,-0.6249999999999999,-0.7966091500107301
model_agnostic_replication_behavior-e5053587e367069c-m1,effort,-0.12500000000000006,-0.23485423381452686
model_agnostic_replication_behavior-e50e862cb495a309-m0,information_sampling,-0.7500000000000001,-1.7073673872568447
model_agnostic_replication_behavior-e50e862cb495a309-m1,information_sampling,-1.375,-1.0572860247796498
model_agnostic_replication_behavior-e5272e5d757616cb-m0,foraging,-0.7500000000000001,-0.9000765741820869
model_agnostic_replication_behavior-e5272e5d757616cb-m1,foraging,0.24999999999999992,-0.4681831278482944
model_agnostic_replication_behavior-e52f819667c5b4c1-m0,debugging,-0.12500000000000006,0.06050923443428036
model_agnostic_replication_behavior-e52f819667c5b4c1-m1,debugging,0.37499999999999994,0.678099751871723
model_agnostic_replication_behavior-e533effdeb8c2818-m0,waiting,-0.5,0.28007683657034294
model_agnostic_replication_behavior-e533effdeb8c2818-m1,waiting,-0.8750000000000002,-0.46446990012601597
model_agnostic_replication_behavior-e53a4764fdf6187f-m0,effort,-0.6249999999999999,-0.4363235048166299
model_agnostic_replication_behavior-e53a4764fdf6187f-m1,effort,-0.12500000000000006,0.12543141137957337
model_agnostic_replication_behavior-e53a7a693142c012-m0,solvability,2.875,2.492429389956944
model_agnostic_replication_behavior-e53a7a693142c012-m1,solvability,1.0,2.5903413309465355
model_agnostic_replication_behavior-e58833a19fabc4ea-m0,solvability,-0.12500000000000006,0.3918246411354398
model_agnostic_replication_behavior-e58833a19fabc4ea-m1,solvability,0.125,0.48973658212503146
model_agnostic_replication_behavior-e5b07c9260de10c3-m0,effort,0.125,-0.17668185872039982
model_agnostic_replication_behavior-e5b07c9260de10c3-m1,effort,0.37499999999999994,0.38507305747580334
model_agnostic_replication_behavior-e5c77b67b53b87a6-m0,debugging,-1.125,-0.522357170217674
model_agnostic_replication_behavior-e5c77b67b53b87a6-m1,debugging,-0.6249999999999999,0.09523334721976828
model_agnostic_replication_behavior-e6358c0dfcd3733a-m0,information_sampling,-1.875,-2.2521137229537684
model_agnostic_replication_behavior-e6358c0dfcd3733a-m1,information_sampling,-1.375,-1.6020323604765738
model_agnostic_replication_behavior-e6567fe81472a136-m0,foraging,1.3750000000000002,1.0792118820164383
model_agnostic_replication_behavior-e6567fe81472a136-m1,foraging,1.75,1.5111053283502307
model_agnostic_replication_behavior-e66eca82214ec672-m0,foraging,-1.125,-1.100768294994716
model_agnostic_replication_behavior-e66eca82214ec672-m1,foraging,-0.37499999999999994,-0.6688748486609235
model_agnostic_replication_behavior-e6acaca816b1e04a-m0,debugging,-0.5,0.11043204531773981
model_agnostic_replication_behavior-e6acaca816b1e04a-m1,debugging,0.625,0.7280225627551824
model_agnostic_replication_behavior-e6b7a6aa1c64ac47-m0,foraging,0.625,0.9418466243345882
model_agnostic_replication_behavior-e6b7a6aa1c64ac47-m1,foraging,1.75,1.3737400706683804
model_agnostic_replication_behavior-e7131c602fb6be3b-m0,effort,0.5,0.45331190330298415
model_agnostic_replication_behavior-e7131c602fb6be3b-m1,effort,1.3750000000000002,1.0150668194991872
model_agnostic_replication_behavior-e71470da955830f1-m0,waiting,-2.25,-1.9940999543555664
model_agnostic_replication_behavior-e71470da955830f1-m1,waiting,-2.625,-2.738646691051925
model_agnostic_replication_behavior-e7227d9455b43c69-m0,debugging,-1.875,-0.6335013757980997
model_agnostic_replication_behavior-e7227d9455b43c69-m1,debugging,-1.5,-0.015910858360657087
model_agnostic_replication_behavior-e74d719a15693956-m0,waiting,-0.8750000000000002,-1.1521980511079888
model_agnostic_replication_behavior-e74d719a15693956-m1,waiting,-1.5,-1.8967447878043473
model_agnostic_replication_behavior-e7e325e8f19f0aa2-m0,debugging,0.37499999999999994,-0.0626578107754959
model_agnostic_replication_behavior-e7e325e8f19f0aa2-m1,debugging,0.7500000000000002,0.5549327066619467
model_agnostic_replication_behavior-e8139c9eef6388bd-m0,foraging,-0.7500000000000001,-0.2781296368609092
model_agnostic_replication_behavior-e8139c9eef6388bd-m1,foraging,0.24999999999999992,0.15376380947288326
model_agnostic_replication_behavior-e814d92f35ea39c3-m0,effort,-0.8750000000000002,-1.3741702994625986
model_agnostic_replication_behavior-e814d92f35ea39c3-m1,effort,-0.12500000000000006,-0.8124153832663954
model_agnostic_replication_behavior-e826284d29b7f22d-m0,debugging,-1.125,-0.8070245466810727
model_agnostic_replication_behavior-e826284d29b7f22d-m1,debugging,-0.37499999999999994,-0.18943402924363018
model_agnostic_replication_behavior-e85036da82aaabb3-m0,effort,-2.5,-1.8256789424345914
model_agnostic_replication_behavior-e85036da82aaabb3-m1,effort,-1.875,-1.2639240262383882
model_agnostic_replication_behavior-e86b74881cb83d0c-m0,debugging,-1.375,-1.3730161711133246
model_agnostic_replication_behavior-e86b74881cb83d0c-m1,debugging,-1.5,-0.7554256536758823
model_agnostic_replication_behavior-e8c60c014137e4e8-m0,debugging,1.5000000000000002,0.7166720522302317
model_agnostic_replication_behavior-e8c60c014137e4e8-m1,debugging,1.75,1.3342625696676742
model_agnostic_replication_behavior-e8de54e2a8b83e6e-m0,solvability,-0.5,-0.26736226253014495
model_agnostic_replication_behavior-e8de54e2a8b83e6e-m1,solvability,-0.25,-0.16945032154055342
model_agnostic_replication_behavior-e8e2c0caefb7fd6c-m0,solvability,-0.7500000000000001,0.6478978276585748
model_agnostic_replication_behavior-e8e2c0caefb7fd6c-m1,solvability,0.5,0.7458097686481665
model_agnostic_replication_behavior-e8e328bf454fc796-m0,debugging,0.8750000000000001,-0.04013968821295799
model_agnostic_replication_behavior-e8e328bf454fc796-m1,debugging,1.25,0.5774508292244845
model_agnostic_replication_behavior-e8e5fe3af5f5cd49-m0,effort,-1.5,-0.9641944117725416
model_agnostic_replication_behavior-e8e5fe3af5f5cd49-m1,effort,-0.37499999999999994,-0.4024394955763386
model_agnostic_replication_behavior-e9488a428a12b7d9-m0,foraging,0.125,-0.30497707463422785
model_agnostic_replication_behavior-e9488a428a12b7d9-m1,foraging,0.37499999999999994,0.1269163716995646
model_agnostic_replication_behavior-e989b584823a1a23-m0,debugging,2.0,1.753803802804481
model_agnostic_replication_behavior-e989b584823a1a23-m1,debugging,2.25,2.3713943202419236
model_agnostic_replication_behavior-e9d217b7b04e9ff7-m0,waiting,-0.6249999999999999,-0.2850211049497112
model_agnostic_replication_behavior-e9d217b7b04e9ff7-m1,waiting,-0.8750000000000002,-1.02956784164607
model_agnostic_replication_behavior-e9f49c81b0507b1b-m0,waiting,0.24999999999999992,0.629042640390572
model_agnostic_replication_behavior-e9f49c81b0507b1b-m1,waiting,-0.37499999999999994,-0.11550409630578684
model_agnostic_replication_behavior-ea0499b609c6983e-m0,foraging,0.8750000000000001,0.21032523970661016
model_agnostic_replication_behavior-ea0499b609c6983e-m1,foraging,1.125,0.6422186860404029
model_agnostic_replication_behavior-ea0a881388564910-m0,information_sampling,-2.0,-2.2814543235496965
model_agnostic_replication_behavior-ea0a881388564910-m1,information_sampling,-2.0,-1.6313729610725014
model_agnostic_replication_behavior-ea0ca07044755ffe-m0,information_sampling,-2.5,-2.612591547865023
model_agnostic_replication_behavior-ea0ca07044755ffe-m1,information_sampling,-1.25,-1.9625101853878277
model_agnostic_replication_behavior-ea20419211f96601-m0,foraging,1.625,0.4682473583491261
model_agnostic_replication_behavior-ea20419211f96601-m1,foraging,1.5000000000000002,0.9001408046829187
model_agnostic_replication_behavior-ea316fb9d3036eb6-m0,foraging,-0.5,-0.21263853341190264
model_agnostic_replication_behavior-ea316fb9d3036eb6-m1,foraging,0.625,0.21925491292188976
model_agnostic_replication_behavior-ea6d2a2d7825251a-m0,information_sampling,-2.375,-2.44419204486411
model_agnostic_replication_behavior-ea6d2a2d7825251a-m1,information_sampling,-2.125,-1.794110682386915
model_agnostic_replication_behavior-ebdb6df7f6304643-m0,effort,-0.12500000000000006,-0.08511051392112456
model_agnostic_replication_behavior-ebdb6df7f6304643-m1,effort,0.8750000000000001,0.4766444022750783
model_agnostic_replication_behavior-ebe23e696e3b3056-m0,solvability,-0.25,0.5285747588678439
model_agnostic_replication_behavior-ebe23e696e3b3056-m1,solvability,0.625,0.6264866998574355
model_agnostic_replication_behavior-ec09f860550c61ef-m0,bandit,-1.0000000000000002,-0.7394048201364037
model_agnostic_replication_behavior-ec09f860550c61ef-m1,bandit,-0.37499999999999994,-0.28896503375500193
model_agnostic_replication_behavior-ec151d90ba3337fe-m0,effort,2.25,1.44520804774808
model_agnostic_replication_behavior-ec151d90ba3337fe-m1,effort,1.8749999999999998,2.0069629639442828
model_agnostic_replication_behavior-ec72ae2382d63760-m0,information_sampling,-1.875,-2.0913845500621497
model_agnostic_replication_behavior-ec72ae2382d63760-m1,information_sampling,-1.0000000000000002,-1.4413031875849547
model_agnostic_replication_behavior-ecb64860b5548479-m0,bandit,1.125,0.2508623567279663
model_agnostic_replication_behavior-ecb64860b5548479-m1,bandit,0.5,0.701302143109368
model_agnostic_replication_behavior-ed652872264f921b-m0,foraging,-0.8750000000000002,-0.8485641206370677
model_agnostic_replication_behavior-ed652872264f921b-m1,foraging,-0.25,-0.4166706743032752
model_agnostic_replication_behavior-eda8540362697624-m0,waiting,0.24999999999999992,-0.043101654361897807
model_agnostic_replication_behavior-eda8540362697624-m1,waiting,-0.5,-0.7876483910582568
model_agnostic_replication_behavior-edd04f40cb3e1a55-m0,foraging,-0.7500000000000001,-0.7488682015826982
model_agnostic_replication_behavior-edd04f40cb3e1a55-m1,foraging,-0.7500000000000001,-0.31697475524890567
model_agnostic_replication_behavior-edea1df6800e4144-m0,bandit,-0.7500000000000001,-0.7529837793902346
model_agnostic_replication_behavior-edea1df6800e4144-m1,bandit,0.0,-0.3025439930088329
model_agnostic_replication_behavior-ee3a0c454cdb2e8d-m0,debugging,3.875,1.8440288456158238
model_agnostic_replication_behavior-ee3a0c454cdb2e8d-m1,debugging,3.375,2.461619363053266
model_agnostic_replication_behavior-ee611f194bb5d5d3-m0,debugging,-0.25,-0.5442509978166408
model_agnostic_replication_behavior-ee611f194bb5d5d3-m1,debugging,0.37499999999999994,0.07333951962080182
model_agnostic_replication_behavior-ee76ddd61b5a25a6-m0,bandit,1.625,0.9684601582588146
model_agnostic_replication_behavior-ee76ddd61b5a25a6-m1,bandit,1.8749999999999998,1.4188999446402166
model_agnostic_replication_behavior-ef0eebe9d2fe4907-m0,foraging,-0.7500000000000001,-0.3644687407321475
model_agnostic_replication_behavior-ef0eebe9d2fe4907-m1,foraging,0.125,0.06742470560164493
model_agnostic_replication_behavior-ef467b4e0d6de673-m0,waiting,-1.25,-1.218676556098638
model_agnostic_replication_behavior-ef467b4e0d6de673-m1,waiting,-1.125,-1.9632232927949969
model_agnostic_replication_behavior-efa66cb3fd9f47be-m0,waiting,-0.6249999999999999,-0.8570293891035704
model_agnostic_replication_behavior-efa66cb3fd9f47be-m1,waiting,-0.7500000000000001,-1.6015761257999295
model_agnostic_replication_behavior-efd2c550f78ebd07-m0,waiting,1.625,1.0869965117569238
model_agnostic_replication_behavior-efd2c550f78ebd07-m1,waiting,-0.12500000000000006,0.34244977506056484
model_agnostic_replication_behavior-f002c99b9e5fc64b-m0,bandit,1.125,0.5929607921248105
model_agnostic_replication_behavior-f002c99b9e5fc64b-m1,bandit,1.125,1.0434005785062122
model_agnostic_replication_behavior-f01abf92019c7512-m0,foraging,-0.25,0.1824759082546729
model_agnostic_replication_behavior-f01abf92019c7512-m1,foraging,0.24999999999999992,0.6143693545884654
model_agnostic_replication_behavior-f0327ba88a16a84d-m0,waiting,-0.25,-0.5986885738324397
model_agnostic_replication_behavior-f0327ba88a16a84d-m1,waiting,-0.7500000000000001,-1.3432353105287986
model_agnostic_replication_behavior-f041f9065c0ce643-m0,foraging,-1.5,-1.3048561898748894
model_agnostic_replication_behavior-f041f9065c0ce643-m1,foraging,-0.7500000000000001,-0.8729627435410969
model_agnostic_replication_behavior-f071235fd29c939e-m0,bandit,0.5,0.6899204278244879
model_agnostic_replication_behavior-f071235fd29c939e-m1,bandit,0.8750000000000001,1.1403602142058897
model_agnostic_replication_behavior-f0a0279d7d9b0a22-m0,waiting,0.0,-0.3162794371863507
model_agnostic_replication_behavior-f0a0279d7d9b0a22-m1,waiting,-0.5,-1.0608261738827096
model_agnostic_replication_behavior-f176b51f56811e40-m0,waiting,0.625,0.044842682115025845
model_agnostic_replication_behavior-f176b51f56811e40-m1,waiting,-0.25,-0.699704054581333
model_agnostic_replication_behavior-f189f215ce3de76e-m0,effort,2.125,0.821454839212991
model_agnostic_replication_behavior-f189f215ce3de76e-m1,effort,1.25,1.3832097554091942
model_agnostic_replication_behavior-f1b264dc2e4dd38b-m0,solvability,-1.625,-1.0001859822651766
model_agnostic_replication_behavior-f1b264dc2e4dd38b-m1,solvability,-1.0000000000000002,-0.9022740412755852
model_agnostic_replication_behavior-f1b9be9195e00e6f-m0,foraging,2.0,0.9207773056294434
model_agnostic_replication_behavior-f1b9be9195e00e6f-m1,foraging,1.625,1.3526707519632357
model_agnostic_replication_behavior-f1c3526d0f8f84e8-m0,effort,-1.625,-1.5540894312440687
model_agnostic_replication_behavior-f1c3526d0f8f84e8-m1,effort,-1.5,-0.9923345150478654
model_agnostic_replication_behavior-f20246bbfa2469c3-m0,debugging,-0.7500000000000001,-0.4752886779705352
model_agnostic_replication_behavior-f20246bbfa2469c3-m1,debugging,-1.125,0.14230183946690733
model_agnostic_replication_behavior-f22aa316d6d177ef-m0,information_sampling,-1.0000000000000002,-1.5126409120357438
model_agnostic_replication_behavior-f22aa316d6d177ef-m1,information_sampling,-0.8750000000000002,-0.8625595495585489
model_agnostic_replication_behavior-f269f3d40e23f909-m0,debugging,-1.5,-1.2110221883054915
model_agnostic_replication_behavior-f269f3d40e23f909-m1,debugging,-1.5,-0.5934316708680488
model_agnostic_replication_behavior-f29f8855e765dc87-m0,waiting,0.125,-0.19125213081612114
model_agnostic_replication_behavior-f29f8855e765dc87-m1,waiting,-1.0000000000000002,-0.93579886751248
model_agnostic_replication_behavior-f2a1b7f786f63c06-m0,bandit,1.5000000000000002,0.7374309522202362
model_agnostic_replication_behavior-f2a1b7f786f63c06-m1,bandit,1.25,1.1878707386016378
model_agnostic_replication_behavior-f2a32c367268db45-m0,debugging,0.24999999999999992,0.9346187399913309
model_agnostic_replication_behavior-f2a32c367268db45-m1,debugging,0.7500000000000002,1.5522092574287734
model_agnostic_replication_behavior-f2d555b433596f2b-m0,debugging,-0.5,-0.10941961182437632
model_agnostic_replication_behavior-f2d555b433596f2b-m1,debugging,-0.5,0.508170905613066
model_agnostic_replication_behavior-f2f52e0120a3c792-m0,information_sampling,-3.125,-2.2393581457544682
model_agnostic_replication_behavior-f2f52e0120a3c792-m1,information_sampling,-2.5,-1.5892767832772734
model_agnostic_replication_behavior-f2f82160bb6fe411-m0,foraging,0.24999999999999992,0.5156857190725229
model_agnostic_replication_behavior-f2f82160bb6fe411-m1,foraging,0.7500000000000002,0.9475791654063154
model_agnostic_replication_behavior-f3193248581a1694-m0,effort,-2.375,-2.160606021504214
model_agnostic_replication_behavior-f3193248581a1694-m1,effort,-1.0000000000000002,-1.598851105308011
model_agnostic_replication_behavior-f3a65d40ff9f8c6e-m0,information_sampling,-2.25,-2.191038462174637
model_agnostic_replication_behavior-f3a65d40ff9f8c6e-m1,information_sampling,-1.375,-1.5409570996974424
model_agnostic_replication_behavior-f3bc6242f9c8443e-m0,foraging,3.875,2.1085567376547596
model_agnostic_replication_behavior-f3bc6242f9c8443e-m1,foraging,2.125,2.5404501839885514
model_agnostic_replication_behavior-f3c5a22eaf02d94d-m0,information_sampling,-1.625,-1.8938636931290618
model_agnostic_replication_behavior-f3c5a22eaf02d94d-m1,information_sampling,-1.25,-1.243782330651867
model_agnostic_replication_behavior-f3cbd2dd0ef69d53-m0,bandit,-0.8750000000000002,-0.07892678769060457
model_agnostic_replication_behavior-f3cbd2dd0ef69d53-m1,bandit,-0.25,0.3715129986907971
model_agnostic_replication_behavior-f3e2fd53dd041a9b-m0,solvability,3.0,1.2633602529289718
model_agnostic_replication_behavior-f3e2fd53dd041a9b-m1,solvability,1.5000000000000002,1.3612721939185635
model_agnostic_replication_behavior-f42f51442fa0c411-m0,debugging,-0.25,-0.31723924574639506
model_agnostic_replication_behavior-f42f51442fa0c411-m1,debugging,0.125,0.30035127169104736
model_agnostic_replication_behavior-f43add98283e6a91-m0,waiting,-1.7499999999999998,-1.7560786200838878
model_agnostic_replication_behavior-f43add98283e6a91-m1,waiting,-2.0,-2.5006253567802466
model_agnostic_replication_behavior-f43d1f5d8eb31b50-m0,solvability,0.5,1.212909861844085
model_agnostic_replication_behavior-f43d1f5d8eb31b50-m1,solvability,1.8749999999999998,1.3108218028336764
model_agnostic_replication_behavior-f47fca2a851df520-m0,solvability,-1.125,0.3735204832767918
model_agnostic_replication_behavior-f47fca2a851df520-m1,solvability,0.0,0.47143242426638343
model_agnostic_replication_behavior-f4952a213860523c-m0,solvability,-0.7500000000000001,-0.9448338818339403
model_agnostic_replication_behavior-f4952a213860523c-m1,solvability,-0.5,-0.8469219408443489
model_agnostic_replication_behavior-f49cc33f4f327000-m0,effort,-0.6249999999999999,-0.010427124724344705
model_agnostic_replication_behavior-f49cc33f4f327000-m1,effort,0.24999999999999992,0.5513277914718583
model_agnostic_replication_behavior-f4fc09c7b952309a-m0,solvability,-1.125,-0.6512043252142197
model_agnostic_replication_behavior-f4fc09c7b952309a-m1,solvability,-0.8750000000000002,-0.5532923842246282
model_agnostic_replication_behavior-f5453b8384e7e988-m0,waiting,0.8750000000000001,0.37858249862365334
model_agnostic_replication_behavior-f5453b8384e7e988-m1,waiting,-0.37499999999999994,-0.36596423807270556
model_agnostic_replication_behavior-f545bbd9cf648e5a-m0,waiting,0.37499999999999994,0.13259251825409313
model_agnostic_replication_behavior-f545bbd9cf648e5a-m1,waiting,-0.8750000000000002,-0.6119542184422658
model_agnostic_replication_behavior-f58c4f8cb7a919f6-m0,effort,0.125,0.11695684658694186
model_agnostic_replication_behavior-f58c4f8cb7a919f6-m1,effort,0.24999999999999992,0.6787117627831449
model_agnostic_replication_behavior-f5adeed14f723cf0-m0,solvability,4.125,2.181497306992035
model_agnostic_replication_behavior-f5adeed14f723cf0-m1,solvability,1.8749999999999998,2.2794092479816266
model_agnostic_replication_behavior-f5fccb6ef83e93e6-m0,waiting,1.5000000000000002,0.9480505356556748
model_agnostic_replication_behavior-f5fccb6ef83e93e6-m1,waiting,-0.12500000000000006,0.20350379895931586
model_agnostic_replication_behavior-f628c6d7055e2ea0-m0,effort,-0.7500000000000001,-1.2483875531840993
model_agnostic_replication_behavior-f628c6d7055e2ea0-m1,effort,-0.12500000000000006,-0.6866326369878961
model_agnostic_replication_behavior-f664ed1192d03e0a-m0,information_sampling,-1.25,-1.0119679899620053
model_agnostic_replication_behavior-f664ed1192d03e0a-m1,information_sampling,-0.37499999999999994,-0.3618866274848105
model_agnostic_replication_behavior-f6ba762afe37b348-m0,waiting,-0.25,0.03962245377506307
model_agnostic_replication_behavior-f6ba762afe37b348-m1,waiting,-0.7500000000000001,-0.7049242829212959
model_agnostic_replication_behavior-f6fb4ae649759358-m0,solvability,1.8749999999999998,1.47875589434988
model_agnostic_replication_behavior-f6fb4ae649759358-m1,solvability,1.625,1.5766678353394716
model_agnostic_replication_behavior-f7433b33ca3971ec-m0,debugging,-0.6249999999999999,-0.35221749670043623
model_agnostic_replication_behavior-f7433b33ca3971ec-m1,debugging,-0.12500000000000006,0.2653730207370063
model_agnostic_replication_behavior-f7761178e8c3422e-m0,effort,-0.7500000000000001,-0.40466846590839095
model_agnostic_replication_behavior-f7761178e8c3422e-m1,effort,0.37499999999999994,0.15708645028781193
model_agnostic_replication_behavior-f79a094acb15446f-m0,solvability,1.3750000000000002,1.313761795635276
model_agnostic_replication_behavior-f79a094acb15446f-m1,solvability,1.25,1.4116737366248677
model_agnostic_replication_behavior-f7c0c6babcedba48-m0,information_sampling,-2.75,-2.584470925199356
model_agnostic_replication_behavior-f7c0c6babcedba48-m1,information_sampling,-1.5,-1.934389562722161
model_agnostic_replication_behavior-f7f752e9f8d8db80-m0,information_sampling,-1.875,-1.471079306326995
model_agnostic_replication_behavior-f7f752e9f8d8db80-m1,information_sampling,-1.375,-0.8209979438497998
model_agnostic_replication_behavior-f806bfc2f45f4bcd-m0,bandit,0.625,0.549301557748265
model_agnostic_replication_behavior-f806bfc2f45f4bcd-m1,bandit,0.625,0.999741344129667
model_agnostic_replication_behavior-f80adbe1ca64cb87-m0,bandit,-1.125,-1.1576677188811222
model_agnostic_replication_behavior-f80adbe1ca64cb87-m1,bandit,-0.7500000000000001,-0.7072279324997204
model_agnostic_replication_behavior-f815d987a33a71db-m0,bandit,-0.8750000000000002,-1.043176147021663
model_agnostic_replication_behavior-f815d987a33a71db-m1,bandit,-0.25,-0.5927363606402613
model_agnostic_replication_behavior-f82924d69db7ecf1-m0,debugging,-0.37499999999999994,-0.33103237728800866
model_agnostic_replication_behavior-f82924d69db7ecf1-m1,debugging,0.125,0.28655814014943387
model_agnostic_replication_behavior-f84ac6c974788968-m0,bandit,-1.125,-1.1790387879571718
model_agnostic_replication_behavior-f84ac6c974788968-m1,bandit,-0.37499999999999994,-0.72859900157577
model_agnostic_replication_behavior-f85b5c7332e501ec-m0,debugging,-0.5,-0.47636444187841565
model_agnostic_replication_behavior-f85b5c7332e501ec-m1,debugging,-0.37499999999999994,0.14122607555902678
model_agnostic_replication_behavior-f88b2d8131bd89a7-m0,bandit,-1.25,-0.34656564783675914
model_agnostic_replication_behavior-f88b2d8131bd89a7-m1,bandit,-0.37499999999999994,0.10387413854464267
model_agnostic_replication_behavior-f8b690fda64cba1d-m0,bandit,0.7500000000000002,0.44422120751787086
model_agnostic_replication_behavior-f8b690fda64cba1d-m1,bandit,0.7500000000000002,0.8946609938992726
model_agnostic_replication_behavior-f8b966b08e955cd1-m0,bandit,-1.875,-0.8234688516276158
model_agnostic_replication_behavior-f8b966b08e955cd1-m1,bandit,-2.25,-0.37302906524621426
model_agnostic_replication_behavior-f8bf0b8a86b05031-m0,information_sampling,-2.0,-1.8142173437955553
model_agnostic_replication_behavior-f8bf0b8a86b05031-m1,information_sampling,-2.375,-1.1641359813183603
model_agnostic_replication_behavior-f8dccf3379665c95-m0,debugging,0.8750000000000001,1.623053075950549
model_agnostic_replication_behavior-f8dccf3379665c95-m1,debugging,0.8750000000000001,2.2406435933879916
model_agnostic_replication_behavior-f8eff32af09a774c-m0,information_sampling,-2.75,-2.5744099998356385
model_agnostic_replication_behavior-f8eff32af09a774c-m1,information_sampling,-1.625,-1.9243286373584434
model_agnostic_replication_behavior-f902ccee5e180cb6-m0,debugging,2.75,1.6500304411849798
model_agnostic_replication_behavior-f902ccee5e180cb6-m1,debugging,3.0,2.267620958622422
model_agnostic_replication_behavior-f95feb2f45e44f36-m0,debugging,1.0,1.0744718097987922
model_agnostic_replication_behavior-f95feb2f45e44f36-m1,debugging,1.3750000000000002,1.692062327236235
model_agnostic_replication_behavior-f9bb96b5cd724b4a-m0,solvability,1.625,1.9926723574792802
model_agnostic_replication_behavior-f9bb96b5cd724b4a-m1,solvability,2.0,2.0905842984688716
model_agnostic_replication_behavior-f9c5fb4e64912232-m0,solvability,-2.5,-1.8458102126358806
model_agnostic_replication_behavior-f9c5fb4e64912232-m1,solvability,-1.125,-1.747898271646289
model_agnostic_replication_behavior-f9ce03cc28c8d33a-m0,waiting,-1.5,-1.159989529693556
model_agnostic_replication_behavior-f9ce03cc28c8d33a-m1,waiting,-1.625,-1.9045362663899148
model_agnostic_replication_behavior-f9d556eafd89cfff-m0,bandit,-2.375,-1.582051059438559
model_agnostic_replication_behavior-f9d556eafd89cfff-m1,bandit,-2.625,-1.1316112730571573
model_agnostic_replication_behavior-fa18548c5f4323ce-m0,effort,0.24999999999999992,0.024996873454840335
model_agnostic_replication_behavior-fa18548c5f4323ce-m1,effort,0.625,0.5867517896510432
model_agnostic_replication_behavior-fa1c016457dacbad-m0,effort,-1.125,-0.6759036540956668
model_agnostic_replication_behavior-fa1c016457dacbad-m1,effort,-0.12500000000000006,-0.11414873789946364
model_agnostic_replication_behavior-fa423bf72e2b4c11-m0,bandit,1.25,0.9422777947013135
model_agnostic_replication_behavior-fa423bf72e2b4c11-m1,bandit,1.125,1.392717581082715
model_agnostic_replication_behavior-fa45c8e9387902a7-m0,bandit,-0.7500000000000001,-0.4421769077783253
model_agnostic_replication_behavior-fa45c8e9387902a7-m1,bandit,-0.37499999999999994,0.008262878603076396
model_agnostic_replication_behavior-fa65d5240da08183-m0,solvability,-2.0,-1.0474607658745656
model_agnostic_replication_behavior-fa65d5240da08183-m1,solvability,-1.0000000000000002,-0.9495488248849739
model_agnostic_replication_behavior-fac48162faa0b666-m0,debugging,0.0,-0.00013567362083649614
model_agnostic_replication_behavior-fac48162faa0b666-m1,debugging,0.5,0.6174548438166061
model_agnostic_replication_behavior-fad9acbbf7ddace8-m0,bandit,-1.7499999999999998,-1.1023612014802606
model_agnostic_replication_behavior-fad9acbbf7ddace8-m1,bandit,-0.37499999999999994,-0.6519214150988587
model_agnostic_replication_behavior-fae8d05bb6b21e84-m0,bandit,-0.5,-0.17976904569651406
model_agnostic_replication_behavior-fae8d05bb6b21e84-m1,bandit,0.24999999999999992,0.2706707406848878
model_agnostic_replication_behavior-fb01bd2a994bdeb3-m0,debugging,-0.8750000000000002,-1.1509540181862565
model_agnostic_replication_behavior-fb01bd2a994bdeb3-m1,debugging,-1.0000000000000002,-0.5333635007488141
model_agnostic_replication_behavior-fb341de23261aa70-m0,information_sampling,-2.75,-2.3093504564630036
model_agnostic_replication_behavior-fb341de23261aa70-m1,information_sampling,-1.25,-1.6592690939858088
model_agnostic_replication_behavior-fb4ef5ba46c144d8-m0,debugging,-1.875,-1.1754096348715373
model_agnostic_replication_behavior-fb4ef5ba46c144d8-m1,debugging,-2.25,-0.5578191174340945
model_agnostic_replication_behavior-fb66211a687da1e2-m0,information_sampling,-2.5,-2.1510778575418517
model_agnostic_replication_behavior-fb66211a687da1e2-m1,information_sampling,-2.375,-1.5009964950646568
model_agnostic_replication_behavior-fb6f027057478610-m0,effort,0.625,0.5043252301360471
model_agnostic_replication_behavior-fb6f027057478610-m1,effort,1.3750000000000002,1.0660801463322502
model_agnostic_replication_behavior-fb7c43bf80d876a3-m0,information_sampling,-1.625,-1.7407590229435725
model_agnostic_replication_behavior-fb7c43bf80d876a3-m1,information_sampling,-0.5,-1.0906776604663775
model_agnostic_replication_behavior-fbba50841d3c35b3-m0,solvability,5.5,2.3573760461584343
model_agnostic_replication_behavior-fbba50841d3c35b3-m1,solvability,3.625,2.4552879871480258
model_agnostic_replication_behavior-fbfde25c74e96bef-m0,bandit,-0.12500000000000006,-0.8664388671968918
model_agnostic_replication_behavior-fbfde25c74e96bef-m1,bandit,0.24999999999999992,-0.41599908081549003
model_agnostic_replication_behavior-fc2fe091b6867e6d-m0,effort,-1.25,-0.9936162983501239
model_agnostic_replication_behavior-fc2fe091b6867e6d-m1,effort,0.0,-0.4318613821539208
model_agnostic_replication_behavior-fc5061f0e4a41ac9-m0,waiting,-0.6249999999999999,-0.7535620379671212
model_agnostic_replication_behavior-fc5061f0e4a41ac9-m1,waiting,-0.8750000000000002,-1.4981087746634802
model_agnostic_replication_behavior-fc7269b28476dc47-m0,bandit,-0.25,-0.01619247230330456
model_agnostic_replication_behavior-fc7269b28476dc47-m1,bandit,0.125,0.43424731407809714
model_agnostic_replication_behavior-fc80dab77e96c46c-m0,solvability,-0.5,-0.8335321299754819
model_agnostic_replication_behavior-fc80dab77e96c46c-m1,solvability,0.24999999999999992,-0.7356201889858904
model_agnostic_replication_behavior-fc9dc423c5f0c1d3-m0,debugging,-0.8750000000000002,-0.3558457009608257
model_agnostic_replication_behavior-fc9dc423c5f0c1d3-m1,debugging,0.125,0.2617448164766168
model_agnostic_replication_behavior-fcda105e94e1bc61-m0,debugging,-1.25,-0.8252740461537703
model_agnostic_replication_behavior-fcda105e94e1bc61-m1,debugging,-1.25,-0.20768352871632778
model_agnostic_replication_behavior-fce493513353cd9b-m0,waiting,-2.625,-2.0021857940869516
model_agnostic_replication_behavior-fce493513353cd9b-m1,waiting,-2.375,-2.7467325307833104
model_agnostic_replication_behavior-fced5568e12b0a28-m0,debugging,0.24999999999999992,0.4038383167901657
model_agnostic_replication_behavior-fced5568e12b0a28-m1,debugging,0.7500000000000002,1.021428834227608
model_agnostic_replication_behavior-fd06b060dfbe091b-m0,information_sampling,-1.875,-1.6099740734128256
model_agnostic_replication_behavior-fd06b060dfbe091b-m1,information_sampling,-0.8750000000000002,-0.9598927109356306
model_agnostic_replication_behavior-fd1225deb24b8bb3-m0,solvability,2.625,1.9958355632825018
model_agnostic_replication_behavior-fd1225deb24b8bb3-m1,solvability,1.3750000000000002,2.0937475042720934
model_agnostic_replication_behavior-fd15bf8e3253960c-m0,foraging,-2.0,-1.5019350768809072
model_agnostic_replication_behavior-fd15bf8e3253960c-m1,foraging,-1.5,-1.0700416305471148
model_agnostic_replication_behavior-fd521f111e9d8921-m0,waiting,1.125,0.9750542480158169
model_agnostic_replication_behavior-fd521f111e9d8921-m1,waiting,-0.12500000000000006,0.23050751131945812
model_agnostic_replication_behavior-fd5c0b181dd5d9fb-m0,effort,3.25,1.7939470300624012
model_agnostic_replication_behavior-fd5c0b181dd5d9fb-m1,effort,1.75,2.3557019462586046
model_agnostic_replication_behavior-fdd1035b85d5f106-m0,solvability,1.125,1.3968922720710824
model_agnostic_replication_behavior-fdd1035b85d5f106-m1,solvability,2.25,1.494804213060674
model_agnostic_replication_behavior-fe1724e48189c8c9-m0,solvability,-1.125,0.8266368549175342
model_agnostic_replication_behavior-fe1724e48189c8c9-m1,solvability,1.3750000000000002,0.9245487959071258
model_agnostic_replication_behavior-fe2cf4a7bdcc1542-m0,debugging,0.625,1.3647073827190952
model_agnostic_replication_behavior-fe2cf4a7bdcc1542-m1,debugging,0.7500000000000002,1.9822979001565382
model_agnostic_replication_behavior-fe9b67afa7bd2d9e-m0,foraging,0.37499999999999994,1.0794455468112034
model_agnostic_replication_behavior-fe9b67afa7bd2d9e-m1,foraging,1.0,1.511338993144996
model_agnostic_replication_behavior-feb7dd0f3de3347f-m0,debugging,0.5,0.7495489786744585
model_agnostic_replication_behavior-feb7dd0f3de3347f-m1,debugging,1.125,1.3671394961119008
model_agnostic_replication_behavior-ff34a19dbc32bcb6-m0,effort,0.37499999999999994,0.27211322981795405
model_agnostic_replication_behavior-ff34a19dbc32bcb6-m1,effort,0.8750000000000001,0.8338681460141572
model_agnostic_replication_behavior-ff5e6fe23f72c0b1-m0,effort,-0.37499999999999994,0.6031179520799778
model_agnostic_replication_behavior-ff5e6fe23f72c0b1-m1,effort,0.24999999999999992,1.1648728682761806
model_agnostic_replication_contextual_behavior-00a77272fb6d1983-m0,debugging,-0.7500000000000001,-0.9294406527408489
model_agnostic_replication_contextual_behavior-00a77272fb6d1983-m1,debugging,0.7500000000000002,-0.3118501353034062
model_agnostic_replication_contextual_behavior-02d90f207ee13eb5-m0,foraging,-0.6249999999999999,0.762059212890039
model_agnostic_replication_contextual_behavior-02d90f207ee13eb5-m1,foraging,1.3750000000000002,1.1939526592238314
model_agnostic_replication_contextual_behavior-036bc5e83aef68bf-m0,debugging,0.0,0.6326015083977474
model_agnostic_replication_contextual_behavior-036bc5e83aef68bf-m1,debugging,1.3750000000000002,1.2501920258351897
model_agnostic_replication_contextual_behavior-03c0437ca9c8c907-m0,foraging,0.625,0.3049617116479381
model_agnostic_replication_contextual_behavior-03c0437ca9c8c907-m1,foraging,1.3750000000000002,0.7368551579817308
model_agnostic_replication_contextual_behavior-03cca73fd419d155-m0,foraging,-1.625,-0.8047885101330663
model_agnostic_replication_contextual_behavior-03cca73fd419d155-m1,foraging,-0.6249999999999999,-0.372895063799274
model_agnostic_replication_contextual_behavior-056b4667401b4fe9-m0,bandit,-0.8750000000000002,-0.06894871389458868
model_agnostic_replication_contextual_behavior-056b4667401b4fe9-m1,bandit,0.8750000000000001,0.381491072486813
model_agnostic_replication_contextual_behavior-058aa4e00202d167-m0,foraging,0.125,0.20744304333235747
model_agnostic_replication_contextual_behavior-058aa4e00202d167-m1,foraging,0.7500000000000002,0.63933648966615
model_agnostic_replication_contextual_behavior-06afb23839d26b64-m0,bandit,0.125,-0.05022490071066915
model_agnostic_replication_contextual_behavior-06afb23839d26b64-m1,bandit,1.125,0.40021488567073255
model_agnostic_replication_contextual_behavior-06ff917144adaefc-m0,debugging,0.0,0.23423965724922757
model_agnostic_replication_contextual_behavior-06ff917144adaefc-m1,debugging,1.3750000000000002,0.8518301746866702
model_agnostic_replication_contextual_behavior-07c003758dac5312-m0,debugging,-0.12500000000000006,-0.6170022106468874
model_agnostic_replication_contextual_behavior-07c003758dac5312-m1,debugging,1.3750000000000002,0.0005883067905551043
model_agnostic_replication_contextual_behavior-07e94db01dc01e0f-m0,foraging,-0.6249999999999999,-1.067636330284234
model_agnostic_replication_contextual_behavior-07e94db01dc01e0f-m1,foraging,0.24999999999999992,-0.6357428839504415
model_agnostic_replication_contextual_behavior-0e35f2c86e50264e-m0,foraging,-2.375,-3.2273386570683127
model_agnostic_replication_contextual_behavior-0e35f2c86e50264e-m1,foraging,-1.875,-2.7954452107345205
model_agnostic_replication_contextual_behavior-0e8945f53b689ab6-m0,debugging,-0.5,-0.8479665072392731
model_agnostic_replication_contextual_behavior-0e8945f53b689ab6-m1,debugging,0.24999999999999992,-0.23037598980183083
model_agnostic_replication_contextual_behavior-0f457fee133ebb6b-m0,debugging,-0.25,-1.2791936253941687
model_agnostic_replication_contextual_behavior-0f457fee133ebb6b-m1,debugging,1.125,-0.6616031079567259
model_agnostic_replication_contextual_behavior-0f98ef6568ea1247-m0,bandit,-0.8750000000000002,-0.028467325584199288
model_agnostic_replication_contextual_behavior-0f98ef6568ea1247-m1,bandit,0.5,0.4219724607972024
model_agnostic_replication_contextual_behavior-100847b72109f99f-m0,bandit,-1.375,-1.6914440771673003
model_agnostic_replication_contextual_behavior-100847b72109f99f-m1,bandit,0.24999999999999992,-1.2410042907858985
model_agnostic_replication_contextual_behavior-13a3959ddcd444f9-m0,debugging,-0.7500000000000001,-1.015599664406734
model_agnostic_replication_contextual_behavior-13a3959ddcd444f9-m1,debugging,0.5,-0.39800914696929146
model_agnostic_replication_contextual_behavior-13b4096883b329c1-m0,bandit,0.8750000000000001,0.31662401861769274
model_agnostic_replication_contextual_behavior-13b4096883b329c1-m1,bandit,1.8749999999999998,0.7670638049990945
model_agnostic_replication_contextual_behavior-14d70a67755d4dd9-m0,foraging,-2.0,-3.174574063020082
model_agnostic_replication_contextual_behavior-14d70a67755d4dd9-m1,foraging,-0.37499999999999994,-2.742680616686289
model_agnostic_replication_contextual_behavior-15115d96a986dda0-m0,foraging,0.125,-0.1110849625880993
model_agnostic_replication_contextual_behavior-15115d96a986dda0-m1,foraging,0.7500000000000002,0.32080848374569343
model_agnostic_replication_contextual_behavior-172872ed25fe9383-m0,debugging,0.625,-0.6653713041673094
model_agnostic_replication_contextual_behavior-172872ed25fe9383-m1,debugging,2.0,-0.04778078672986691
model_agnostic_replication_contextual_behavior-1921e5805457c150-m0,debugging,-0.25,0.5078451938809877
model_agnostic_replication_contextual_behavior-1921e5805457c150-m1,debugging,0.625,1.1254357113184301
model_agnostic_replication_contextual_behavior-197ced2636723bd3-m0,foraging,-1.7499999999999998,-0.8718912031331227
model_agnostic_replication_contextual_behavior-197ced2636723bd3-m1,foraging,-0.37499999999999994,-0.43999775679933034
model_agnostic_replication_contextual_behavior-1981867b6d01fba1-m0,bandit,-0.5,-0.5875469048557339
model_agnostic_replication_contextual_behavior-1981867b6d01fba1-m1,bandit,0.5,-0.13710711847433218
model_agnostic_replication_contextual_behavior-19d49fb8f28b55ad-m0,bandit,0.5,0.4161162434192991
model_agnostic_replication_contextual_behavior-19d49fb8f28b55ad-m1,bandit,1.3750000000000002,0.8665560298007009
model_agnostic_replication_contextual_behavior-1a5f078f73339b9d-m0,bandit,0.24999999999999992,-0.07432238217206572
model_agnostic_replication_contextual_behavior-1a5f078f73339b9d-m1,bandit,1.3750000000000002,0.376117404209336
model_agnostic_replication_contextual_behavior-1aef918385499a39-m0,foraging,0.5,0.6051810618538382
model_agnostic_replication_contextual_behavior-1aef918385499a39-m1,foraging,1.25,1.037074508187631
model_agnostic_replication_contextual_behavior-1b0904a6c6079804-m0,debugging,0.125,-0.49183396764338205
model_agnostic_replication_contextual_behavior-1b0904a6c6079804-m1,debugging,1.625,0.12575654979406053
model_agnostic_replication_contextual_behavior-1c44a9121c4d7eb2-m0,debugging,-0.37499999999999994,0.19030547963397237
model_agnostic_replication_contextual_behavior-1c44a9121c4d7eb2-m1,debugging,0.625,0.8078959970714149
model_agnostic_replication_contextual_behavior-1d8227bbbc8ae46b-m0,bandit,-0.8750000000000002,-0.5079299353408417
model_agnostic_replication_contextual_behavior-1d8227bbbc8ae46b-m1,bandit,1.0,-0.05749014895944016
model_agnostic_replication_contextual_behavior-1e377e01e82101cc-m0,debugging,-0.25,-0.4729129454673239
model_agnostic_replication_contextual_behavior-1e377e01e82101cc-m1,debugging,1.125,0.14467757197011874
model_agnostic_replication_contextual_behavior-1e391226e84b2bb3-m0,bandit,0.125,0.587783290252333
model_agnostic_replication_contextual_behavior-1e391226e84b2bb3-m1,bandit,1.125,1.0382230766337348
model_agnostic_replication_contextual_behavior-20d29dad74126b64-m0,debugging,0.125,-1.0334334813598258
model_agnostic_replication_contextual_behavior-20d29dad74126b64-m1,debugging,1.5000000000000002,-0.4158429639223834
model_agnostic_replication_contextual_behavior-21ad6a537ff4003a-m0,bandit,-1.0000000000000002,-0.3898174559087948
model_agnostic_replication_contextual_behavior-21ad6a537ff4003a-m1,bandit,0.5,0.060622330472606845
model_agnostic_replication_contextual_behavior-23ba08547fa1c6f7-m0,foraging,-1.625,-1.013190820827933
model_agnostic_replication_contextual_behavior-23ba08547fa1c6f7-m1,foraging,-0.25,-0.5812973744941405
model_agnostic_replication_contextual_behavior-257554726d22008d-m0,foraging,-0.6249999999999999,-0.9878318723060109
model_agnostic_replication_contextual_behavior-257554726d22008d-m1,foraging,0.7500000000000002,-0.5559384259722184
model_agnostic_replication_contextual_behavior-25d690146689c3ae-m0,bandit,-0.37499999999999994,-0.600490910335098
model_agnostic_replication_contextual_behavior-25d690146689c3ae-m1,bandit,0.625,-0.15005112395369646
model_agnostic_replication_contextual_behavior-27c6724a5cc358bd-m0,debugging,0.37499999999999994,0.930636082478118
model_agnostic_replication_contextual_behavior-27c6724a5cc358bd-m1,debugging,2.25,1.5482265999155604
model_agnostic_replication_contextual_behavior-28aa2181971dd9f2-m0,debugging,-0.25,0.19515594859677057
model_agnostic_replication_contextual_behavior-28aa2181971dd9f2-m1,debugging,1.25,0.8127464660342131
model_agnostic_replication_contextual_behavior-298b24e38f0377ba-m0,debugging,-0.7500000000000001,-0.4669515453853622
model_agnostic_replication_contextual_behavior-298b24e38f0377ba-m1,debugging,0.8750000000000001,0.15063897205208043
model_agnostic_replication_contextual_behavior-2a008e9584a6f226-m0,foraging,-2.0,-1.2226494594822896
model_agnostic_replication_contextual_behavior-2a008e9584a6f226-m1,foraging,-0.37499999999999994,-0.7907560131484972
model_agnostic_replication_contextual_behavior-2b41412b57e33a1b-m0,foraging,0.0,-0.15895082168999466
model_agnostic_replication_contextual_behavior-2b41412b57e33a1b-m1,foraging,1.0,0.27294262464379776
model_agnostic_replication_contextual_behavior-2bdd3ed128134634-m0,debugging,-0.25,-0.9420384521117656
model_agnostic_replication_contextual_behavior-2bdd3ed128134634-m1,debugging,1.25,-0.3244479346743231
model_agnostic_replication_contextual_behavior-2d4a2df666d885cf-m0,debugging,0.24999999999999992,-0.08564365270373603
model_agnostic_replication_contextual_behavior-2d4a2df666d885cf-m1,debugging,1.625,0.5319468647337064
model_agnostic_replication_contextual_behavior-2ea887576e39600e-m0,debugging,1.0,1.1358740244445018
model_agnostic_replication_contextual_behavior-2ea887576e39600e-m1,debugging,2.25,1.7534645418819443
model_agnostic_replication_contextual_behavior-2fc9c8435c225097-m0,debugging,0.37499999999999994,-0.04156602407563989
model_agnostic_replication_contextual_behavior-2fc9c8435c225097-m1,debugging,1.75,0.5760244933618028
model_agnostic_replication_contextual_behavior-31fa096b68e7e600-m0,foraging,0.7500000000000002,0.8753228249841343
model_agnostic_replication_contextual_behavior-31fa096b68e7e600-m1,foraging,0.7500000000000002,1.307216271317927
model_agnostic_replication_contextual_behavior-35f157dfea07d33c-m0,foraging,0.37499999999999994,-0.5336071078063227
model_agnostic_replication_contextual_behavior-35f157dfea07d33c-m1,foraging,0.5,-0.10171366147253053
model_agnostic_replication_contextual_behavior-369ca1e73ba968ec-m0,bandit,0.625,-0.4712742253499065
model_agnostic_replication_contextual_behavior-369ca1e73ba968ec-m1,bandit,1.25,-0.02083443896850473
model_agnostic_replication_contextual_behavior-36a6f497b50ccc21-m0,foraging,-1.375,-0.9411182287197732
model_agnostic_replication_contextual_behavior-36a6f497b50ccc21-m1,foraging,-0.37499999999999994,-0.5092247823859808
model_agnostic_replication_contextual_behavior-377712564d96aeaa-m0,foraging,0.37499999999999994,-0.5122241099148666
model_agnostic_replication_contextual_behavior-377712564d96aeaa-m1,foraging,0.5,-0.08033066358107405
model_agnostic_replication_contextual_behavior-3897ea7fa159b467-m0,bandit,-0.5,-0.4577058516328741
model_agnostic_replication_contextual_behavior-3897ea7fa159b467-m1,bandit,0.8750000000000001,-0.007266065251472303
model_agnostic_replication_contextual_behavior-3910e2d9d25f1632-m0,foraging,1.3750000000000002,0.4384839646459065
model_agnostic_replication_contextual_behavior-3910e2d9d25f1632-m1,foraging,1.5000000000000002,0.8703774109796993
model_agnostic_replication_contextual_behavior-3a1c84465ad13c40-m0,debugging,-0.12500000000000006,0.7125645950971113
model_agnostic_replication_contextual_behavior-3a1c84465ad13c40-m1,debugging,1.3750000000000002,1.3301551125345537
model_agnostic_replication_contextual_behavior-3b0d061cf9227ecd-m0,bandit,0.125,-0.09871637317243259
model_agnostic_replication_contextual_behavior-3b0d061cf9227ecd-m1,bandit,1.25,0.35172341320896916
model_agnostic_replication_contextual_behavior-3bedb4ed24eed7fc-m0,bandit,0.7500000000000002,-0.1541347764011104
model_agnostic_replication_contextual_behavior-3bedb4ed24eed7fc-m1,bandit,1.25,0.2963050099802916
model_agnostic_replication_contextual_behavior-3ccf563b5164e8ab-m0,bandit,0.24999999999999992,0.646493901552292
model_agnostic_replication_contextual_behavior-3ccf563b5164e8ab-m1,bandit,1.625,1.0969336879336937
model_agnostic_replication_contextual_behavior-3d65829edd92d6c1-m0,bandit,0.125,-0.24795960434865438
model_agnostic_replication_contextual_behavior-3d65829edd92d6c1-m1,bandit,1.25,0.20248018203274737
model_agnostic_replication_contextual_behavior-3d92d77b9de6f4e5-m0,debugging,-0.7500000000000001,-0.7042112608486806
model_agnostic_replication_contextual_behavior-3d92d77b9de6f4e5-m1,debugging,1.0,-0.0866207434112381
model_agnostic_replication_contextual_behavior-3dbe2368e57ac3d6-m0,bandit,-1.0000000000000002,-1.202673862689474
model_agnostic_replication_contextual_behavior-3dbe2368e57ac3d6-m1,bandit,0.37499999999999994,-0.7522340763080723
model_agnostic_replication_contextual_behavior-3dea2c61ed7e1a12-m0,debugging,1.0,0.5707210266932422
model_agnostic_replication_contextual_behavior-3dea2c61ed7e1a12-m1,debugging,2.25,1.1883115441306846
model_agnostic_replication_contextual_behavior-3e07adda7d7ff898-m0,foraging,1.0,-0.6236804007029568
model_agnostic_replication_contextual_behavior-3e07adda7d7ff898-m1,foraging,1.25,-0.19178695436916432
model_agnostic_replication_contextual_behavior-3ea7d65744e0db4d-m0,bandit,-1.0000000000000002,-1.52354260470368
model_agnostic_replication_contextual_behavior-3ea7d65744e0db4d-m1,bandit,0.37499999999999994,-1.0731028183222784
model_agnostic_replication_contextual_behavior-3f86684de28ee855-m0,debugging,-0.7500000000000001,-0.9403621834852213
model_agnostic_replication_contextual_behavior-3f86684de28ee855-m1,debugging,0.625,-0.32277166604777874
model_agnostic_replication_contextual_behavior-402a9935ddf190ef-m0,bandit,-0.6249999999999999,-0.1745029647970967
model_agnostic_replication_contextual_behavior-402a9935ddf190ef-m1,bandit,0.8750000000000001,0.275936821584305
model_agnostic_replication_contextual_behavior-4036675b6f1e683b-m0,foraging,0.7500000000000002,1.5666274311404873
model_agnostic_replication_contextual_behavior-4036675b6f1e683b-m1,foraging,1.3750000000000002,1.9985208774742798
model_agnostic_replication_contextual_behavior-41aede8ec5c05fbd-m0,bandit,-0.7500000000000001,-0.8125111557600988
model_agnostic_replication_contextual_behavior-41aede8ec5c05fbd-m1,bandit,0.7500000000000002,-0.3620713693786971
model_agnostic_replication_contextual_behavior-4465021c84d5ae24-m0,foraging,-1.375,-0.9809318768590078
model_agnostic_replication_contextual_behavior-4465021c84d5ae24-m1,foraging,-0.12500000000000006,-0.5490384305252156
model_agnostic_replication_contextual_behavior-4554c21af3ad9eb3-m0,debugging,-0.5,0.1761954568987461
model_agnostic_replication_contextual_behavior-4554c21af3ad9eb3-m1,debugging,1.3750000000000002,0.7937859743361887
model_agnostic_replication_contextual_behavior-467dba97ae25c636-m0,debugging,0.0,0.3950248808500958
model_agnostic_replication_contextual_behavior-467dba97ae25c636-m1,debugging,1.25,1.0126153982875383
model_agnostic_replication_contextual_behavior-475cafb4b4aa640d-m0,bandit,-0.12500000000000006,-0.8268238024407187
model_agnostic_replication_contextual_behavior-475cafb4b4aa640d-m1,bandit,1.125,-0.3763840160593171
model_agnostic_replication_contextual_behavior-4768e2dd5292c945-m0,debugging,0.37499999999999994,0.8674571388022365
model_agnostic_replication_contextual_behavior-4768e2dd5292c945-m1,debugging,1.3750000000000002,1.4850476562396788
model_agnostic_replication_contextual_behavior-49e95cc9708afca2-m0,bandit,0.0,-0.11196295952539634
model_agnostic_replication_contextual_behavior-49e95cc9708afca2-m1,bandit,1.0,0.33847682685600544
model_agnostic_replication_contextual_behavior-4c005713503f7bce-m0,bandit,0.125,-0.7134938353603512
model_agnostic_replication_contextual_behavior-4c005713503f7bce-m1,bandit,0.8750000000000001,-0.2630540489789495
model_agnostic_replication_contextual_behavior-4c308abf34406c0f-m0,foraging,-1.375,-0.5204898119693611
model_agnostic_replication_contextual_behavior-4c308abf34406c0f-m1,foraging,-0.25,-0.08859636563556866
model_agnostic_replication_contextual_behavior-4c58f897b9794023-m0,debugging,-1.25,-0.7148569313346056
model_agnostic_replication_contextual_behavior-4c58f897b9794023-m1,debugging,0.625,-0.09726641389716284
model_agnostic_replication_contextual_behavior-4c5da57e1b2b5cf9-m0,bandit,0.625,1.1739210279775663
model_agnostic_replication_contextual_behavior-4c5da57e1b2b5cf9-m1,bandit,1.625,1.624360814358968
model_agnostic_replication_contextual_behavior-4c98db757c21f84a-m0,debugging,-0.5,-1.1458631298718442
model_agnostic_replication_contextual_behavior-4c98db757c21f84a-m1,debugging,0.37499999999999994,-0.5282726124344016
model_agnostic_replication_contextual_behavior-4cf20fd572bcdede-m0,debugging,0.0,0.5788913577494933
model_agnostic_replication_contextual_behavior-4cf20fd572bcdede-m1,debugging,1.125,1.1964818751869357
model_agnostic_replication_contextual_behavior-4d16e8c457667328-m0,debugging,-1.375,-1.0595086318348712
model_agnostic_replication_contextual_behavior-4d16e8c457667328-m1,debugging,0.7500000000000002,-0.44191811439742845
model_agnostic_replication_contextual_behavior-5298bee11401c160-m0,debugging,1.5000000000000002,1.3996900290000363
model_agnostic_replication_contextual_behavior-5298bee11401c160-m1,debugging,2.125,2.017280546437479
model_agnostic_replication_contextual_behavior-53577a9279886a71-m0,bandit,-0.37499999999999994,-0.1870611933266358
model_agnostic_replication_contextual_behavior-53577a9279886a71-m1,bandit,1.25,0.26337859305476596
model_agnostic_replication_contextual_behavior-535e456da0b8f55b-m0,debugging,-0.37499999999999994,-0.42816124658264365
model_agnostic_replication_contextual_behavior-535e456da0b8f55b-m1,debugging,1.0,0.18942927085479883
model_agnostic_replication_contextual_behavior-53a9179708089345-m0,debugging,0.125,-0.6887817808595601
model_agnostic_replication_contextual_behavior-53a9179708089345-m1,debugging,1.25,-0.07119126342211762
model_agnostic_replication_contextual_behavior-53bae59927c3119e-m0,bandit,-0.5,-1.290128710899476
model_agnostic_replication_contextual_behavior-53bae59927c3119e-m1,bandit,1.0,-0.8396889245180743
model_agnostic_replication_contextual_behavior-550bfff48a8fa0a4-m0,foraging,-0.37499999999999994,0.4758420002606058
model_agnostic_replication_contextual_behavior-550bfff48a8fa0a4-m1,foraging,1.25,0.9077354465943983
model_agnostic_replication_contextual_behavior-56a3ce12c59843cc-m0,bandit,-0.6249999999999999,-0.8125111557600988
model_agnostic_replication_contextual_behavior-56a3ce12c59843cc-m1,bandit,1.0,-0.3620713693786971
model_agnostic_replication_contextual_behavior-57902065bb31bfa3-m0,debugging,1.0,0.47368260969722087
model_agnostic_replication_contextual_behavior-57902065bb31bfa3-m1,debugging,2.25,1.0912731271346634
model_agnostic_replication_contextual_behavior-595bccc1a0a3cff4-m0,foraging,0.625,1.7750297418353538
model_agnostic_replication_contextual_behavior-595bccc1a0a3cff4-m1,foraging,1.3750000000000002,2.2069231881691462
model_agnostic_replication_contextual_behavior-59a9c966a20692ec-m0,debugging,1.125,1.1940482874928433
model_agnostic_replication_contextual_behavior-59a9c966a20692ec-m1,debugging,2.25,1.8116388049302858
model_agnostic_replication_contextual_behavior-59ce31750b89e02a-m0,foraging,-1.125,-0.6603212322641436
model_agnostic_replication_contextual_behavior-59ce31750b89e02a-m1,foraging,0.0,-0.22842778593035112
model_agnostic_replication_contextual_behavior-5a83ab14c51cee19-m0,debugging,0.0,-0.3713633655521237
model_agnostic_replication_contextual_behavior-5a83ab14c51cee19-m1,debugging,1.3750000000000002,0.2462271518853188
model_agnostic_replication_contextual_behavior-5f36832aad18e3fe-m0,foraging,-0.8750000000000002,-0.7159012619337195
model_agnostic_replication_contextual_behavior-5f36832aad18e3fe-m1,foraging,0.5,-0.28400781559992705
model_agnostic_replication_contextual_behavior-6082db3e121771a3-m0,debugging,-1.0000000000000002,-0.14134425734826928
model_agnostic_replication_contextual_behavior-6082db3e121771a3-m1,debugging,0.8750000000000001,0.47624626008917337
model_agnostic_replication_contextual_behavior-60832ad04054dd1b-m0,debugging,-0.6249999999999999,0.19523986936191884
model_agnostic_replication_contextual_behavior-60832ad04054dd1b-m1,debugging,1.0,0.8128303867993614
model_agnostic_replication_contextual_behavior-60ad47e309314f3a-m0,foraging,-2.125,-2.9225343088253015
model_agnostic_replication_contextual_behavior-60ad47e309314f3a-m1,foraging,-0.6249999999999999,-2.490640862491509
model_agnostic_replication_contextual_behavior-60c0f4dd0d5a425b-m0,foraging,1.25,-0.1810597891542459
model_agnostic_replication_contextual_behavior-60c0f4dd0d5a425b-m1,foraging,1.3750000000000002,0.2508336571795467
model_agnostic_replication_contextual_behavior-61a85dcca5791c09-m0,debugging,1.25,1.0550383284997706
model_agnostic_replication_contextual_behavior-61a85dcca5791c09-m1,debugging,2.375,1.6726288459372132
model_agnostic_replication_contextual_behavior-630e17b781f74c23-m0,foraging,1.625,0.16126323593055109
model_agnostic_replication_contextual_behavior-630e17b781f74c23-m1,foraging,1.625,0.5931566822643435
model_agnostic_replication_contextual_behavior-63c6a3ea0d1dfdb9-m0,bandit,-1.25,-0.627897917748788
model_agnostic_replication_contextual_behavior-63c6a3ea0d1dfdb9-m1,bandit,0.24999999999999992,-0.1774581313673862
model_agnostic_replication_contextual_behavior-64278f007515b0ba-m0,foraging,-0.25,0.04276616662437255
model_agnostic_replication_contextual_behavior-64278f007515b0ba-m1,foraging,0.8750000000000001,0.4746596129581649
model_agnostic_replication_contextual_behavior-646c0041bb336a99-m0,foraging,0.125,1.0656231267434852
model_agnostic_replication_contextual_behavior-646c0041bb336a99-m1,foraging,0.625,1.497516573077278
model_agnostic_replication_contextual_behavior-6476f9d188e281c7-m0,debugging,-0.7500000000000001,-1.3602513649069996
model_agnostic_replication_contextual_behavior-6476f9d188e281c7-m1,debugging,0.5,-0.7426608474695571
model_agnostic_replication_contextual_behavior-64c3b4b37c15d28f-m0,debugging,-0.37499999999999994,-1.593270895479007
model_agnostic_replication_contextual_behavior-64c3b4b37c15d28f-m1,debugging,1.125,-0.9756803780415643
model_agnostic_replication_contextual_behavior-65848bda8649384b-m0,debugging,0.37499999999999994,0.23189606154327927
model_agnostic_replication_contextual_behavior-65848bda8649384b-m1,debugging,1.75,0.8494865789807218
model_agnostic_replication_contextual_behavior-68a40a4df7d76bf4-m0,foraging,0.0,0.2544023572574572
model_agnostic_replication_contextual_behavior-68a40a4df7d76bf4-m1,foraging,0.8750000000000001,0.6862958035912496
model_agnostic_replication_contextual_behavior-68dae76b445ff4c5-m0,bandit,-0.7500000000000001,-1.311500509076121
model_agnostic_replication_contextual_behavior-68dae76b445ff4c5-m1,bandit,0.5,-0.8610607226947191
model_agnostic_replication_contextual_behavior-6aad3bee13d6fbac-m0,foraging,1.125,0.2300816539510399
model_agnostic_replication_contextual_behavior-6aad3bee13d6fbac-m1,foraging,1.3750000000000002,0.6619751002848324
model_agnostic_replication_contextual_behavior-6b13cd9d64ee9544-m0,foraging,-2.25,-3.4793784112630934
model_agnostic_replication_contextual_behavior-6b13cd9d64ee9544-m1,foraging,-1.7499999999999998,-3.0474849649293008
model_agnostic_replication_contextual_behavior-6b29b855daf12166-m0,debugging,0.8750000000000001,0.4299373411612457
model_agnostic_replication_contextual_behavior-6b29b855daf12166-m1,debugging,1.75,1.0475278585986882
model_agnostic_replication_contextual_behavior-6bdf9551a9b04bae-m0,bandit,-1.0000000000000002,-1.2088673661725169
model_agnostic_replication_contextual_behavior-6bdf9551a9b04bae-m1,bandit,-0.12500000000000006,-0.7584275797911151
model_agnostic_replication_contextual_behavior-6d4bec07216ab1f7-m0,bandit,-0.5,0.9790264886108094
model_agnostic_replication_contextual_behavior-6d4bec07216ab1f7-m1,bandit,0.7500000000000002,1.4294662749922113
model_agnostic_replication_contextual_behavior-6d70350a9e132c60-m0,debugging,-0.37499999999999994,0.942236566148772
model_agnostic_replication_contextual_behavior-6d70350a9e132c60-m1,debugging,1.125,1.5598270835862147
model_agnostic_replication_contextual_behavior-6e46e59b50e3be30-m0,debugging,-0.7500000000000001,-0.3956116606487935
model_agnostic_replication_contextual_behavior-6e46e59b50e3be30-m1,debugging,0.5,0.22197885678864895
model_agnostic_replication_contextual_behavior-70a39723d6e1c0a0-m0,bandit,0.125,-0.5535365811077048
model_agnostic_replication_contextual_behavior-70a39723d6e1c0a0-m1,bandit,1.25,-0.10309679472630304
model_agnostic_replication_contextual_behavior-71551b2ac6405a75-m0,bandit,0.24999999999999992,0.41485764515705725
model_agnostic_replication_contextual_behavior-71551b2ac6405a75-m1,bandit,1.25,0.865297431538459
model_agnostic_replication_contextual_behavior-717e2679ba09d8e8-m0,bandit,0.125,0.2782141785054241
model_agnostic_replication_contextual_behavior-717e2679ba09d8e8-m1,bandit,1.25,0.7286539648868258
model_agnostic_replication_contextual_behavior-719bbe39012d1e85-m0,bandit,0.125,-0.33353148605874616
model_agnostic_replication_contextual_behavior-719bbe39012d1e85-m1,bandit,1.25,0.1169083003226555
model_agnostic_replication_contextual_behavior-71a7a71063fe2689-m0,foraging,0.37499999999999994,-0.9726661748045136
model_agnostic_replication_contextual_behavior-71a7a71063fe2689-m1,foraging,0.7500000000000002,-0.5407727284707211
model_agnostic_replication_contextual_behavior-72b04b1f4302c49a-m0,debugging,2.5,1.0274373247948616
model_agnostic_replication_contextual_behavior-72b04b1f4302c49a-m1,debugging,3.25,1.6450278422323037
model_agnostic_replication_contextual_behavior-735615446b3edf33-m0,bandit,0.125,0.5990829205196302
model_agnostic_replication_contextual_behavior-735615446b3edf33-m1,bandit,1.3750000000000002,1.0495227069010318
model_agnostic_replication_contextual_behavior-7358c860c4d99faa-m0,foraging,-0.25,-1.3196760844790145
model_agnostic_replication_contextual_behavior-7358c860c4d99faa-m1,foraging,0.7500000000000002,-0.8877826381452218
model_agnostic_replication_contextual_behavior-74007db54a0a064b-m0,debugging,-0.25,-0.2798470373644847
model_agnostic_replication_contextual_behavior-74007db54a0a064b-m1,debugging,0.8750000000000001,0.33774348007295785
model_agnostic_replication_contextual_behavior-74a9c1dcfe9f58d5-m0,debugging,-0.12500000000000006,-0.11062153233562844
model_agnostic_replication_contextual_behavior-74a9c1dcfe9f58d5-m1,debugging,1.25,0.5069689851018141
model_agnostic_replication_contextual_behavior-7611406682cafbfb-m0,foraging,-0.8750000000000002,0.799482714325517
model_agnostic_replication_contextual_behavior-7611406682cafbfb-m1,foraging,0.37499999999999994,1.2313761606593092
model_agnostic_replication_contextual_behavior-761c7220a9b2d9a6-m0,bandit,0.0,-0.7499711504883986
model_agnostic_replication_contextual_behavior-761c7220a9b2d9a6-m1,bandit,1.125,-0.2995313641069968
model_agnostic_replication_contextual_behavior-763280f5b79962ec-m0,debugging,0.0,0.3150617941507321
model_agnostic_replication_contextual_behavior-763280f5b79962ec-m1,debugging,1.25,0.9326523115881744
model_agnostic_replication_contextual_behavior-785a121344e44f05-m0,bandit,0.24999999999999992,0.08447160985529734
model_agnostic_replication_contextual_behavior-785a121344e44f05-m1,bandit,1.125,0.534911396236699
model_agnostic_replication_contextual_behavior-789f23b28b178bde-m0,debugging,0.37499999999999994,-0.10539383893201881
model_agnostic_replication_contextual_behavior-789f23b28b178bde-m1,debugging,1.3750000000000002,0.5121966785054237
model_agnostic_replication_contextual_behavior-7d642cd448ae7c67-m0,debugging,-1.0000000000000002,-1.0039723598972508
model_agnostic_replication_contextual_behavior-7d642cd448ae7c67-m1,debugging,0.7500000000000002,-0.38638184245980833
model_agnostic_replication_contextual_behavior-7d95a7eae4fbb693-m0,debugging,-1.25,-1.4885965952449962
model_agnostic_replication_contextual_behavior-7d95a7eae4fbb693-m1,debugging,0.24999999999999992,-0.8710060778075538
model_agnostic_replication_contextual_behavior-83b519b28056aaf0-m0,foraging,1.3750000000000002,-0.16323833581330977
model_agnostic_replication_contextual_behavior-83b519b28056aaf0-m1,foraging,0.8750000000000001,0.2686551105204827
model_agnostic_replication_contextual_behavior-882530778f68a640-m0,debugging,1.0,1.075478745579049
model_agnostic_replication_contextual_behavior-882530778f68a640-m1,debugging,2.125,1.6930692630164916
model_agnostic_replication_contextual_behavior-88a3e5071d7682e5-m0,bandit,0.625,0.9163085678871477
model_agnostic_replication_contextual_behavior-88a3e5071d7682e5-m1,bandit,1.5000000000000002,1.3667483542685495
model_agnostic_replication_contextual_behavior-89bc6fd7bb1ad9bd-m0,foraging,-0.6249999999999999,0.5670515846454098
model_agnostic_replication_contextual_behavior-89bc6fd7bb1ad9bd-m1,foraging,-0.12500000000000006,0.9989450309792023
model_agnostic_replication_contextual_behavior-89bd184759f6e2cd-m0,foraging,-0.25,0.5807636259268856
model_agnostic_replication_contextual_behavior-89bd184759f6e2cd-m1,foraging,1.125,1.012657072260678
model_agnostic_replication_contextual_behavior-8a157011ee4ffc43-m0,debugging,0.7500000000000002,0.747477055408261
model_agnostic_replication_contextual_behavior-8a157011ee4ffc43-m1,debugging,1.8749999999999998,1.3650675728457036
model_agnostic_replication_contextual_behavior-8b486568b6c7a03a-m0,bandit,-0.5,-0.3722381237397331
model_agnostic_replication_contextual_behavior-8b486568b6c7a03a-m1,bandit,0.8750000000000001,0.07820166264166861
model_agnostic_replication_contextual_behavior-8ce6b6ebfe154e3f-m0,bandit,0.37499999999999994,0.9636333505010881
model_agnostic_replication_contextual_behavior-8ce6b6ebfe154e3f-m1,bandit,1.75,1.41407313688249
model_agnostic_replication_contextual_behavior-8e0b3b44f47e7587-m0,debugging,1.3750000000000002,0.9789721311288897
model_agnostic_replication_contextual_behavior-8e0b3b44f47e7587-m1,debugging,2.375,1.5965626485663322
model_agnostic_replication_contextual_behavior-8e74f378468881e4-m0,foraging,-1.875,-1.0802935138279894
model_agnostic_replication_contextual_behavior-8e74f378468881e4-m1,foraging,-0.25,-0.648400067494197
model_agnostic_replication_contextual_behavior-8fbebd1d99031e9d-m0,bandit,-0.25,0.15105638115436965
model_agnostic_replication_contextual_behavior-8fbebd1d99031e9d-m1,bandit,1.3750000000000002,0.6014961675357715
model_agnostic_replication_contextual_behavior-9024a3446801a4be-m0,bandit,0.0,0.5392918177905697
model_agnostic_replication_contextual_behavior-9024a3446801a4be-m1,bandit,1.0,0.9897316041719714
model_agnostic_replication_contextual_behavior-9089e52c17de2ce5-m0,debugging,-0.37499999999999994,-0.04201984610139964
model_agnostic_replication_contextual_behavior-9089e52c17de2ce5-m1,debugging,1.25,0.5755706713360429
model_agnostic_replication_contextual_behavior-92f7ec16dab4c725-m0,bandit,-0.8750000000000002,0.3410182976478072
model_agnostic_replication_contextual_behavior-92f7ec16dab4c725-m1,bandit,0.625,0.7914580840292091
model_agnostic_replication_contextual_behavior-930baf82147fd9f0-m0,debugging,-0.12500000000000006,-0.505109925567932
model_agnostic_replication_contextual_behavior-930baf82147fd9f0-m1,debugging,1.75,0.11248059186951076
model_agnostic_replication_contextual_behavior-93ce94bf53ca8c39-m0,foraging,-0.8750000000000002,-0.6278652354131771
model_agnostic_replication_contextual_behavior-93ce94bf53ca8c39-m1,foraging,0.5,-0.19597178907938462
model_agnostic_replication_contextual_behavior-93f1e071efbc212e-m0,foraging,1.8749999999999998,0.5186836194164959
model_agnostic_replication_contextual_behavior-93f1e071efbc212e-m1,foraging,1.8749999999999998,0.9505770657502883
model_agnostic_replication_contextual_behavior-94e1f0824afcef8d-m0,bandit,0.0,-0.10159346543349496
model_agnostic_replication_contextual_behavior-94e1f0824afcef8d-m1,bandit,0.7500000000000002,0.34884632094790674
model_agnostic_replication_contextual_behavior-958a13b92f2e9d8b-m0,foraging,0.37499999999999994,0.7148444221471044
model_agnostic_replication_contextual_behavior-958a13b92f2e9d8b-m1,foraging,0.7500000000000002,1.1467378684808969
model_agnostic_replication_contextual_behavior-95b641b906f137c5-m0,bandit,0.37499999999999994,0.098976794470503
model_agnostic_replication_contextual_behavior-95b641b906f137c5-m1,bandit,1.25,0.5494165808519047
model_agnostic_replication_contextual_behavior-9ae344551c8c8645-m0,bandit,0.625,1.0633896891733774
model_agnostic_replication_contextual_behavior-9ae344551c8c8645-m1,bandit,1.75,1.5138294755547792
model_agnostic_replication_contextual_behavior-9b2db488290b6f06-m0,debugging,0.5,0.21214587531499646
model_agnostic_replication_contextual_behavior-9b2db488290b6f06-m1,debugging,1.3750000000000002,0.8297363927524389
model_agnostic_replication_contextual_behavior-9b40c04de6bc0b21-m0,debugging,-0.12500000000000006,-0.688903079799139
model_agnostic_replication_contextual_behavior-9b40c04de6bc0b21-m1,debugging,1.3750000000000002,-0.07131256236169656
model_agnostic_replication_contextual_behavior-9d8c8973dea67ebe-m0,foraging,0.0,0.3748481637415633
model_agnostic_replication_contextual_behavior-9d8c8973dea67ebe-m1,foraging,0.8750000000000001,0.8067416100753559
model_agnostic_replication_contextual_behavior-9e73ff3ba9bb834e-m0,debugging,-0.12500000000000006,0.26844466773083697
model_agnostic_replication_contextual_behavior-9e73ff3ba9bb834e-m1,debugging,1.8749999999999998,0.8860351851682796
model_agnostic_replication_contextual_behavior-9e8ea3bf61e054ca-m0,bandit,0.125,0.24654635984214035
model_agnostic_replication_contextual_behavior-9e8ea3bf61e054ca-m1,bandit,1.625,0.6969861462235423
model_agnostic_replication_contextual_behavior-9f974b93fbf5a2ed-m0,foraging,-0.7500000000000001,-1.1962341830008778
model_agnostic_replication_contextual_behavior-9f974b93fbf5a2ed-m1,foraging,0.7500000000000002,-0.7643407366670854
model_agnostic_replication_contextual_behavior-a01d02fa2544bdde-m0,foraging,-1.0000000000000002,-0.4638615077389391
model_agnostic_replication_contextual_behavior-a01d02fa2544bdde-m1,foraging,0.7500000000000002,-0.03196806140514666
model_agnostic_replication_contextual_behavior-a0d374aa828419bb-m0,foraging,-0.8750000000000002,-0.16742317052352998
model_agnostic_replication_contextual_behavior-a0d374aa828419bb-m1,foraging,0.24999999999999992,0.26447027581026245
model_agnostic_replication_contextual_behavior-a1674a0d45fdc93c-m0,bandit,-0.37499999999999994,-0.05509867479093705
model_agnostic_replication_contextual_behavior-a1674a0d45fdc93c-m1,bandit,0.8750000000000001,0.39534111159046453
model_agnostic_replication_contextual_behavior-a167a9aeb55fd73c-m0,bandit,-0.8750000000000002,-0.6734923181131187
model_agnostic_replication_contextual_behavior-a167a9aeb55fd73c-m1,bandit,0.0,-0.22305253173171694
model_agnostic_replication_contextual_behavior-a175a3131d5ec1e6-m0,foraging,-2.125,-1.4746892136770702
model_agnostic_replication_contextual_behavior-a175a3131d5ec1e6-m1,foraging,-0.8750000000000002,-1.0427957673432777
model_agnostic_replication_contextual_behavior-a1c18d5d4bc8db88-m0,bandit,0.24999999999999992,0.5364147255295072
model_agnostic_replication_contextual_behavior-a1c18d5d4bc8db88-m1,bandit,0.7500000000000002,0.9868545119109089
model_agnostic_replication_contextual_behavior-a243f9d55e5307a4-m0,bandit,0.24999999999999992,0.8698137772445899
model_agnostic_replication_contextual_behavior-a243f9d55e5307a4-m1,bandit,0.8750000000000001,1.3202535636259916
model_agnostic_replication_contextual_behavior-a258cd550018437b-m0,bandit,-1.7499999999999998,-1.283549430466608
model_agnostic_replication_contextual_behavior-a258cd550018437b-m1,bandit,0.0,-0.8331096440852064
model_agnostic_replication_contextual_behavior-a400f769b01fcae2-m0,debugging,1.0,1.4201304460793147
model_agnostic_replication_contextual_behavior-a400f769b01fcae2-m1,debugging,2.0,2.0377209635167572
model_agnostic_replication_contextual_behavior-a4c63f0e03403d3f-m0,bandit,-1.0000000000000002,-1.2206201905979353
model_agnostic_replication_contextual_behavior-a4c63f0e03403d3f-m1,bandit,0.5,-0.7701804042165336
model_agnostic_replication_contextual_behavior-a4fabcd7d1f7abe0-m0,bandit,1.0,1.3842584311875834
model_agnostic_replication_contextual_behavior-a4fabcd7d1f7abe0-m1,bandit,2.0,1.834698217568985
model_agnostic_replication_contextual_behavior-a86511be5a45787d-m0,debugging,-0.6249999999999999,-2.1240372702083268
model_agnostic_replication_contextual_behavior-a86511be5a45787d-m1,debugging,0.5,-1.5064467527708847
model_agnostic_replication_contextual_behavior-a9cbf4cb092cc936-m0,debugging,0.5,-0.00317988942002867
model_agnostic_replication_contextual_behavior-a9cbf4cb092cc936-m1,debugging,1.75,0.6144106280174139
model_agnostic_replication_contextual_behavior-ab25c2db1ed2fbd5-m0,bandit,-0.6249999999999999,-0.903480741649139
model_agnostic_replication_contextual_behavior-ab25c2db1ed2fbd5-m1,bandit,0.625,-0.45304095526773736
model_agnostic_replication_contextual_behavior-ac0cf4293bb093f6-m0,bandit,1.25,0.7445321033775041
model_agnostic_replication_contextual_behavior-ac0cf4293bb093f6-m1,bandit,1.75,1.194971889758906
model_agnostic_replication_contextual_behavior-ac5884bc17ebdade-m0,bandit,-0.25,-0.5059550604265128
model_agnostic_replication_contextual_behavior-ac5884bc17ebdade-m1,bandit,1.0,-0.055515274045111085
model_agnostic_replication_contextual_behavior-aec4bc5a1a3e3516-m0,debugging,1.5000000000000002,1.6411635458761706
model_agnostic_replication_contextual_behavior-aec4bc5a1a3e3516-m1,debugging,2.375,2.258754063313613
model_agnostic_replication_contextual_behavior-b03e3e801c0d1dfb-m0,debugging,-0.37499999999999994,-1.2486191949787413
model_agnostic_replication_contextual_behavior-b03e3e801c0d1dfb-m1,debugging,1.0,-0.6310286775412988
model_agnostic_replication_contextual_behavior-b073c5f4f72c8e9b-m0,foraging,-0.7500000000000001,0.3390406494358699
model_agnostic_replication_contextual_behavior-b073c5f4f72c8e9b-m1,foraging,0.7500000000000002,0.7709340957696622
model_agnostic_replication_contextual_behavior-b0a71b2a55d20644-m0,foraging,0.7500000000000002,-0.3631247167828797
model_agnostic_replication_contextual_behavior-b0a71b2a55d20644-m1,foraging,1.125,0.0687687295509129
model_agnostic_replication_contextual_behavior-b4b235ee3232c772-m0,debugging,-0.37499999999999994,-0.8229744232816404
model_agnostic_replication_contextual_behavior-b4b235ee3232c772-m1,debugging,0.7500000000000002,-0.20538390584419774
model_agnostic_replication_contextual_behavior-b4bff01305d9d874-m0,debugging,0.0,0.6076320641382318
model_agnostic_replication_contextual_behavior-b4bff01305d9d874-m1,debugging,2.0,1.2252225815756743
model_agnostic_replication_contextual_behavior-b5168dc01dec3d41-m0,bandit,0.5,0.5991691189383517
model_agnostic_replication_contextual_behavior-b5168dc01dec3d41-m1,bandit,1.625,1.0496089053197535
model_agnostic_replication_contextual_behavior-b52779f55d4eef4b-m0,debugging,-0.25,-0.5054347090346251
model_agnostic_replication_contextual_behavior-b52779f55d4eef4b-m1,debugging,0.8750000000000001,0.11215580840281758
model_agnostic_replication_contextual_behavior-b5a5dde4f1b4ed7a-m0,debugging,0.5,0.620625390671641
model_agnostic_replication_contextual_behavior-b5a5dde4f1b4ed7a-m1,debugging,1.8749999999999998,1.2382159081090833
model_agnostic_replication_contextual_behavior-b752b297e09124cf-m0,foraging,0.0,-0.9940491726959699
model_agnostic_replication_contextual_behavior-b752b297e09124cf-m1,foraging,0.625,-0.5621557263621775
model_agnostic_replication_contextual_behavior-b8dcdbc711ce48bb-m0,debugging,0.125,0.15708148917934917
model_agnostic_replication_contextual_behavior-b8dcdbc711ce48bb-m1,debugging,2.125,0.7746720066167916
model_agnostic_replication_contextual_behavior-babe698253061141-m0,foraging,0.0,0.16644585304669685
model_agnostic_replication_contextual_behavior-babe698253061141-m1,foraging,1.3750000000000002,0.5983392993804892
model_agnostic_replication_contextual_behavior-bb4376c1204a4efa-m0,bandit,0.125,-0.23639713215890867
model_agnostic_replication_contextual_behavior-bb4376c1204a4efa-m1,bandit,1.125,0.21404265422249294
model_agnostic_replication_contextual_behavior-bb5deb4b812d43fa-m0,bandit,-1.7499999999999998,-1.604418172480814
model_agnostic_replication_contextual_behavior-bb5deb4b812d43fa-m1,bandit,-0.25,-1.1539783860994124
model_agnostic_replication_contextual_behavior-bdd8fd724268b8a5-m0,bandit,-0.37499999999999994,-0.2666781628415279
model_agnostic_replication_contextual_behavior-bdd8fd724268b8a5-m1,bandit,0.8750000000000001,0.18376162353987385
model_agnostic_replication_contextual_behavior-bebd3188861651b2-m0,debugging,-0.7500000000000001,-1.1926182077395389
model_agnostic_replication_contextual_behavior-bebd3188861651b2-m1,debugging,0.37499999999999994,-0.5750276903020964
model_agnostic_replication_contextual_behavior-bee496043c24d90b-m0,foraging,-0.12500000000000006,-0.3673531323848614
model_agnostic_replication_contextual_behavior-bee496043c24d90b-m1,foraging,1.0,0.06454031394893117
model_agnostic_replication_contextual_behavior-bf0681eacca0e31c-m0,debugging,0.0,0.9522837646384975
model_agnostic_replication_contextual_behavior-bf0681eacca0e31c-m1,debugging,1.8749999999999998,1.56987428207594
model_agnostic_replication_contextual_behavior-bf36bbd360d6535f-m0,debugging,0.5,-0.17429425339636667
model_agnostic_replication_contextual_behavior-bf36bbd360d6535f-m1,debugging,1.75,0.44329626404107586
model_agnostic_replication_contextual_behavior-c0084d44a28896c1-m0,foraging,-0.37499999999999994,1.0412056908165326
model_agnostic_replication_contextual_behavior-c0084d44a28896c1-m1,foraging,0.5,1.4730991371503248
model_agnostic_replication_contextual_behavior-c01ea1e228c6f42d-m0,debugging,-0.6249999999999999,-0.7131513748958089
model_agnostic_replication_contextual_behavior-c01ea1e228c6f42d-m1,debugging,0.37499999999999994,-0.09556085745836634
model_agnostic_replication_contextual_behavior-c2979408d06f274c-m0,foraging,-0.5,0.6842443109554726
model_agnostic_replication_contextual_behavior-c2979408d06f274c-m1,foraging,1.0,1.1161377572892652
model_agnostic_replication_contextual_behavior-c4e34a04c5bf6d0d-m0,foraging,-1.25,-0.47755247889321883
model_agnostic_replication_contextual_behavior-c4e34a04c5bf6d0d-m1,foraging,-0.37499999999999994,-0.0456590325594263
model_agnostic_replication_contextual_behavior-c509889dc0abb847-m0,foraging,0.5,0.09655940095307142
model_agnostic_replication_contextual_behavior-c509889dc0abb847-m1,foraging,1.5000000000000002,0.5284528472868641
model_agnostic_replication_contextual_behavior-c537c8e5d34a892f-m0,debugging,2.375,1.689628739542142
model_agnostic_replication_contextual_behavior-c537c8e5d34a892f-m1,debugging,3.125,2.3072192569795846
model_agnostic_replication_contextual_behavior-c594d80a695c5284-m0,bandit,-1.125,-1.3743046282185043
model_agnostic_replication_contextual_behavior-c594d80a695c5284-m1,bandit,0.37499999999999994,-0.9238648418371025
model_agnostic_replication_contextual_behavior-c6427efc4c38c895-m0,foraging,-0.8750000000000002,0.9704615235849059
model_agnostic_replication_contextual_behavior-c6427efc4c38c895-m1,foraging,0.8750000000000001,1.4023549699186981
model_agnostic_replication_contextual_behavior-ccc07e77bc0b304f-m0,bandit,-0.6249999999999999,-0.7726378282312889
model_agnostic_replication_contextual_behavior-ccc07e77bc0b304f-m1,bandit,1.0,-0.3221980418498872
model_agnostic_replication_contextual_behavior-ce8c28bf08b47de6-m0,bandit,-0.5,-0.283351461386302
model_agnostic_replication_contextual_behavior-ce8c28bf08b47de6-m1,bandit,0.8750000000000001,0.16708832499509974
model_agnostic_replication_contextual_behavior-cecf591daa50fe6b-m0,debugging,-1.0000000000000002,-1.3486240603975164
model_agnostic_replication_contextual_behavior-cecf591daa50fe6b-m1,debugging,0.8750000000000001,-0.7310335429600741
model_agnostic_replication_contextual_behavior-cf7591f432a28996-m0,bandit,-1.0000000000000002,-0.3456067745329954
model_agnostic_replication_contextual_behavior-cf7591f432a28996-m1,bandit,0.625,0.10483301184840635
model_agnostic_replication_contextual_behavior-cf938f657aea4217-m0,bandit,0.0,-0.5650990532974505
model_agnostic_replication_contextual_behavior-cf938f657aea4217-m1,bandit,1.25,-0.11465926691604877
model_agnostic_replication_contextual_behavior-d02465dba04b17df-m0,debugging,-0.7500000000000001,-1.5916320674881295
model_agnostic_replication_contextual_behavior-d02465dba04b17df-m1,debugging,0.7500000000000002,-0.9740415500506873
model_agnostic_replication_contextual_behavior-d08e90764fcd7941-m0,debugging,0.125,0.2052657240549556
model_agnostic_replication_contextual_behavior-d08e90764fcd7941-m1,debugging,1.5000000000000002,0.8228562414923981
model_agnostic_replication_contextual_behavior-d09c29aed88217ad-m0,bandit,-0.8750000000000002,-0.77857459364708
model_agnostic_replication_contextual_behavior-d09c29aed88217ad-m1,bandit,0.7500000000000002,-0.32813480726567845
model_agnostic_replication_contextual_behavior-d45cf736e7c26b6b-m0,debugging,-0.25,0.18927846927995717
model_agnostic_replication_contextual_behavior-d45cf736e7c26b6b-m1,debugging,1.0,0.8068689867173998
model_agnostic_replication_contextual_behavior-d582a849cbd5b32f-m0,foraging,-1.125,-1.1207632971537909
model_agnostic_replication_contextual_behavior-d582a849cbd5b32f-m1,foraging,0.125,-0.6888698508199984
model_agnostic_replication_contextual_behavior-d5cd9f28c330783e-m0,bandit,-0.6249999999999999,-0.4953717068113027
model_agnostic_replication_contextual_behavior-d5cd9f28c330783e-m1,bandit,0.7500000000000002,-0.044931920429901046
model_agnostic_replication_contextual_behavior-d72fe28bac605d80-m0,bandit,0.37499999999999994,-0.5535365811077048
model_agnostic_replication_contextual_behavior-d72fe28bac605d80-m1,bandit,1.625,-0.10309679472630304
model_agnostic_replication_contextual_behavior-d75d97e566ebec90-m0,foraging,-1.375,-0.9379945437828656
model_agnostic_replication_contextual_behavior-d75d97e566ebec90-m1,foraging,0.125,-0.5061010974490733
model_agnostic_replication_contextual_behavior-d8f307639915e1f0-m0,foraging,0.625,0.07097996504053461
model_agnostic_replication_contextual_behavior-d8f307639915e1f0-m1,foraging,1.0,0.502873411374327
model_agnostic_replication_contextual_behavior-d93bb2122a40c06a-m0,bandit,0.5,-1.034362577374557
model_agnostic_replication_contextual_behavior-d93bb2122a40c06a-m1,bandit,1.0,-0.5839227909931555
model_agnostic_replication_contextual_behavior-d93c312a9d96584c-m0,foraging,-0.5,-1.25752957806523
model_agnostic_replication_contextual_behavior-d93c312a9d96584c-m1,foraging,0.37499999999999994,-0.8256361317314376
model_agnostic_replication_contextual_behavior-d9438cf8fff1d0b5-m0,bandit,0.0,0.20831462656301214
model_agnostic_replication_contextual_behavior-d9438cf8fff1d0b5-m1,bandit,0.8750000000000001,0.6587544129444138
model_agnostic_replication_contextual_behavior-d9559e5aa4dc4c81-m0,bandit,1.25,1.06540084539171
model_agnostic_replication_contextual_behavior-d9559e5aa4dc4c81-m1,bandit,1.75,1.515840631773112
model_agnostic_replication_contextual_behavior-db9c634627803d8e-m0,debugging,-0.6249999999999999,-1.602553598232502
model_agnostic_replication_contextual_behavior-db9c634627803d8e-m1,debugging,0.625,-0.9849630807950597
model_agnostic_replication_contextual_behavior-dcb39551ab53167b-m0,bandit,0.37499999999999994,0.7357263871712632
model_agnostic_replication_contextual_behavior-dcb39551ab53167b-m1,bandit,1.5000000000000002,1.1861661735526647
model_agnostic_replication_contextual_behavior-dd98cb9d7ee2367c-m0,foraging,-1.625,-2.287122293293855
model_agnostic_replication_contextual_behavior-dd98cb9d7ee2367c-m1,foraging,-0.7500000000000001,-1.8552288469600622
model_agnostic_replication_contextual_behavior-de2bc1e1f578fce5-m0,foraging,-1.375,-1.4015602936094202
model_agnostic_replication_contextual_behavior-de2bc1e1f578fce5-m1,foraging,0.125,-0.969666847275628
model_agnostic_replication_contextual_behavior-dfbb707d1c0809f3-m0,bandit,0.0,0.70314686714174
model_agnostic_replication_contextual_behavior-dfbb707d1c0809f3-m1,bandit,0.8750000000000001,1.153586653523142
model_agnostic_replication_contextual_behavior-e0b02849ca01eedd-m0,bandit,-0.37499999999999994,-0.1346296372682868
model_agnostic_replication_contextual_behavior-e0b02849ca01eedd-m1,bandit,1.125,0.315810149113115
model_agnostic_replication_contextual_behavior-e1f394d5137ab593-m0,bandit,0.625,0.9546322095806948
model_agnostic_replication_contextual_behavior-e1f394d5137ab593-m1,bandit,1.625,1.4050719959620965
model_agnostic_replication_contextual_behavior-e2766d3560ddb62f-m0,foraging,-1.375,-2.078719982598988
model_agnostic_replication_contextual_behavior-e2766d3560ddb62f-m1,foraging,-0.6249999999999999,-1.6468265362651955
model_agnostic_replication_contextual_behavior-e3fe2399ad9921fc-m0,bandit,0.0,0.06513867617873792
model_agnostic_replication_contextual_behavior-e3fe2399ad9921fc-m1,bandit,1.0,0.5155784625601396
model_agnostic_replication_contextual_behavior-e4d760395acd9b10-m0,foraging,0.7500000000000002,0.4133029901253315
model_agnostic_replication_contextual_behavior-e4d760395acd9b10-m1,foraging,1.125,0.845196436459124
model_agnostic_replication_contextual_behavior-e58b15f069847c0d-m0,bandit,-0.37499999999999994,-0.8571967415377569
model_agnostic_replication_contextual_behavior-e58b15f069847c0d-m1,bandit,0.625,-0.4067569551563552
model_agnostic_replication_contextual_behavior-e6cd88e1fb04f123-m0,debugging,-0.5,-1.4905148303721099
model_agnostic_replication_contextual_behavior-e6cd88e1fb04f123-m1,debugging,0.7500000000000002,-0.872924312934667
model_agnostic_replication_contextual_behavior-e7157a3dffea1983-m0,bandit,0.37499999999999994,-0.01639203710995013
model_agnostic_replication_contextual_behavior-e7157a3dffea1983-m1,bandit,1.3750000000000002,0.4340477492714516
model_agnostic_replication_contextual_behavior-e7468f1f07d54582-m0,foraging,-0.37499999999999994,0.4594827975271379
model_agnostic_replication_contextual_behavior-e7468f1f07d54582-m1,foraging,0.24999999999999992,0.8913762438609305
model_agnostic_replication_contextual_behavior-e77b56185629a13b-m0,debugging,1.125,0.9153727271935078
model_agnostic_replication_contextual_behavior-e77b56185629a13b-m1,debugging,2.25,1.5329632446309502
model_agnostic_replication_contextual_behavior-e78b6f2777a62818-m0,bandit,0.0,1.186953226193386
model_agnostic_replication_contextual_behavior-e78b6f2777a62818-m1,bandit,0.625,1.6373930125747878
model_agnostic_replication_contextual_behavior-eaaacc007c8e3f23-m0,bandit,-1.25,-0.3107584687999919
model_agnostic_replication_contextual_behavior-eaaacc007c8e3f23-m1,bandit,0.37499999999999994,0.13968131758140984
model_agnostic_replication_contextual_behavior-eb6f24b20bfb76e6-m0,foraging,1.625,0.7270859301113626
model_agnostic_replication_contextual_behavior-eb6f24b20bfb76e6-m1,foraging,1.625,1.1589793764451553
model_agnostic_replication_contextual_behavior-ec2c68ae395dec72-m0,foraging,-0.6249999999999999,-0.7970875131755828
model_agnostic_replication_contextual_behavior-ec2c68ae395dec72-m1,foraging,0.24999999999999992,-0.3651940668417906
model_agnostic_replication_contextual_behavior-ece13e3d4b2bb287-m0,bandit,-0.37499999999999994,-1.178065483551963
model_agnostic_replication_contextual_behavior-ece13e3d4b2bb287-m1,bandit,0.625,-0.7276256971705612
model_agnostic_replication_contextual_behavior-edaec4a83f8436b4-m0,bandit,-1.125,-1.526006815121313
model_agnostic_replication_contextual_behavior-edaec4a83f8436b4-m1,bandit,0.125,-1.075567028739911
model_agnostic_replication_contextual_behavior-ee4b2cfb96355bfd-m0,foraging,-0.12500000000000006,0.18513878795226363
model_agnostic_replication_contextual_behavior-ee4b2cfb96355bfd-m1,foraging,0.8750000000000001,0.6170322342860561
model_agnostic_replication_contextual_behavior-ef00974a41948441-m0,foraging,0.7500000000000002,0.4148807600944872
model_agnostic_replication_contextual_behavior-ef00974a41948441-m1,foraging,1.0,0.8467742064282799
model_agnostic_replication_contextual_behavior-eff6c3617ba0cc48-m0,bandit,-0.6249999999999999,-0.6521205199364739
model_agnostic_replication_contextual_behavior-eff6c3617ba0cc48-m1,bandit,0.7500000000000002,-0.20168073355507216
model_agnostic_replication_contextual_behavior-f0858a570bb183c1-m0,debugging,0.125,0.8573473633440515
model_agnostic_replication_contextual_behavior-f0858a570bb183c1-m1,debugging,1.625,1.4749378807814941
model_agnostic_replication_contextual_behavior-f1ca1de8cd449e76-m0,bandit,0.5,0.8567815790287701
model_agnostic_replication_contextual_behavior-f1ca1de8cd449e76-m1,bandit,1.5000000000000002,1.307221365410172
model_agnostic_replication_contextual_behavior-f4e0510fd9a9be2c-m0,debugging,-0.25,1.2597762803957875
model_agnostic_replication_contextual_behavior-f4e0510fd9a9be2c-m1,debugging,1.5000000000000002,1.8773667978332305
model_agnostic_replication_contextual_behavior-f63c99a5c4384a2d-m0,debugging,-0.5,-1.7793855697080612
model_agnostic_replication_contextual_behavior-f63c99a5c4384a2d-m1,debugging,0.37499999999999994,-1.161795052270619
model_agnostic_replication_contextual_behavior-f789615c6783c65d-m0,foraging,-0.8750000000000002,0.10660951975576255
model_agnostic_replication_contextual_behavior-f789615c6783c65d-m1,foraging,0.5,0.5385029660895551
model_agnostic_replication_contextual_behavior-f9d165eb275beeb6-m0,debugging,-1.25,-0.8264051804977154
model_agnostic_replication_contextual_behavior-f9d165eb275beeb6-m1,debugging,0.24999999999999992,-0.20881466306027285
model_agnostic_replication_contextual_behavior-fbf3c9e556af3a38-m0,debugging,0.8750000000000001,0.8765085732458279
model_agnostic_replication_contextual_behavior-fbf3c9e556af3a38-m1,debugging,2.375,1.4940990906832705
model_agnostic_replication_contextual_behavior-fd26b8f9ccd00495-m0,bandit,0.0,0.5291833685772181
model_agnostic_replication_contextual_behavior-fd26b8f9ccd00495-m1,bandit,1.125,0.9796231549586198
model_agnostic_replication_contextual_behavior-fe698cbf58ad7be5-m0,foraging,-0.25,0.25116847731923914
model_agnostic_replication_contextual_behavior-fe698cbf58ad7be5-m1,foraging,0.7500000000000002,0.6830619236530315
model_agnostic_replication_contextual_behavior-ff5326be867651cb-m0,bandit,-0.5,-0.1698123608598362
model_agnostic_replication_contextual_behavior-ff5326be867651cb-m1,bandit,1.25,0.2806274255215655
model_agnostic_replication_contextual_behavior-ffdaa3f8226212bc-m0,foraging,0.37499999999999994,-0.06690096624251707
model_agnostic_replication_contextual_behavior-ffdaa3f8226212bc-m1,foraging,1.125,0.36499248009127544
