paired_condition_id,semantic_hash,task_family,coverage_marginal,coverage_pairwise,coverage_task_factor,coverage_score,information_variance,information_score,prediction_dual_history,prediction_latent_context,disagreement_raw,disagreement_score,active_score,sampling_strategy
active_round2_candidates-85192c1da6ac09a8,85192c1da6ac09a80b9dd569d3f6fd49b29daaa8eb286abc69a0a281073d0ec3,bandit,0.011885225580351244,0.01891784193654831,0.02903091352189967,0.2815714285714286,0.0025688130050874605,0.3335714285714286,0.3725672775543154,0.5208462946880966,0.14827901713378122,0.7952142857142858,0.4051,coverage
active_round2_candidates-fe9362999d1fd8a1,fe9362999d1fd8a1cf68111d3576f9bcbd86b244c0ffcfbed5a227605a5bbc0a,bandit,0.011917647939687321,0.018966165822195128,0.028947136514443483,0.2815,0.006159662585888542,0.8120714285714286,-0.8582238756387466,-0.8081827239224064,0.05004115171634016,0.4496428571428571,0.5273571428571429,coverage
active_round2_candidates-b5bf8c426e28dc52,b5bf8c426e28dc52f251ebf4d983a42497bb8ab7ad916ac9054735192219821a,bandit,0.011901738105138015,0.01888934420685875,0.029038693962551397,0.28139285714285717,0.004600445681314524,0.6600714285714285,-0.5778651026373332,-0.42090989538970974,0.1569552072476234,0.8120714285714286,0.539,coverage
active_round2_candidates-aac29079e46fe8ff,aac29079e46fe8ff44a5b1b704c81ab4cc38a2a1fad65e38d7897841c6293e45,bandit,0.011901738105138015,0.01888934420685875,0.029038693962551397,0.28139285714285717,0.0029469491409309656,0.40414285714285714,0.5192718378753082,0.40798289728362186,0.11128894059168631,0.7002857142857143,0.4142714285714286,coverage
active_round2_candidates-59b814241fabaccc,59b814241fabaccc101678b1d5fae8465443d61e9eb95aeb292ae57eac01a50c,bandit,0.011909840758410773,0.018919903605174596,0.02899362329631091,0.28125,0.005201781801961655,0.7305714285714285,0.919843263259646,1.004459127925726,0.08461586466607995,0.5914285714285714,0.5230142857142858,coverage
active_round2_candidates-b7b83fb90bdc8698,b7b83fb90bdc8698ef33825ca092c1d21bf11439bd11c971079ba3ad75f7d277,bandit,0.011909840758410773,0.018919903605174596,0.02899362329631091,0.28125,0.003772907095756334,0.5446428571428571,0.9025130538017199,0.6487624623596575,0.25375059144206236,0.9595714285714285,0.5222714285714285,coverage
active_round2_candidates-334ce119ff109fd9,334ce119ff109fd9ff42576d337c61e714adfcb60d07f10a40a8b7e488d9689e,bandit,0.011860372970827301,0.01885272113954326,0.02907025106497676,0.28114285714285714,0.003923751538113517,0.5674285714285714,-0.9447300567484982,-0.665647136961675,0.2790829197868232,0.9764285714285714,0.5347142857142857,coverage
active_round2_candidates-bb866b1734164feb,bb866b1734164febcfc38144fcd61b73835d2e7ed4e0e6ec697d22668efc5ed5,bandit,0.011873515215251412,0.01888452541623966,0.029001350446157103,0.28067857142857144,0.004873097020366745,0.6935,0.14012534201686522,0.45515576798991975,0.31503042597305453,0.9877142857142858,0.5872142857142858,coverage
active_round2_candidates-f46759be6f31ff91,f46759be6f31ff91f6f049eba4b5cf9e5826dc1414ad7ccd1fdc9d6e9e226f04,bandit,0.011873515215251412,0.01888452541623966,0.029001350446157103,0.28067857142857144,0.001595988308025994,0.1565,0.9296296018355852,0.9167005740190571,0.01292902781652805,0.21364285714285713,0.2176,coverage
active_round2_candidates-c0e7422162ef4edc,c0e7422162ef4edcb1dc49f3fb6978a0fa6f10c1796633c51360e438f93aa007,bandit,0.01187628280537661,0.018901828307449787,0.028978693616868844,0.2805714285714286,0.002062183308145661,0.2372857142857143,-0.26598079126442786,-0.24868599008183134,0.01729480118259652,0.2664285714285714,0.26042857142857145,coverage
active_round2_candidates-3385047efdb3af7b,3385047efdb3af7b765bb44152184ffa2ffa1569a0cec8a990c1b100aa69ce67,bandit,0.011856469787004017,0.018899278549177025,0.028994201207366767,0.2804285714285714,0.0039516552919240545,0.5719285714285715,-1.0786921890934922,-1.2612241218486713,0.1825319327551791,0.8669285714285714,0.5143285714285715,coverage
active_round2_candidates-75ddb896c2759b08,75ddb896c2759b0829d50c4c00b3114dfaa0b81f5819fa4d50dada1d74278dc2,bandit,0.011856469787004017,0.018899278549177025,0.028994201207366767,0.2804285714285714,0.0018341689272051785,0.19914285714285715,-0.42656727572497655,-0.552144124745872,0.1255768490208955,0.7439285714285714,0.34061428571428576,coverage
active_round2_candidates-e31219e6092b6780,e31219e6092b678092988d9ebe332187ccf4dbab4df0b6a564fa35b541702ec8,bandit,0.011856469787004017,0.018899278549177025,0.028994201207366767,0.2804285714285714,0.0018535731896939592,0.20264285714285715,-0.15693905740151445,-0.13582259267735672,0.021116464724157735,0.30507142857142855,0.25424285714285716,coverage
active_round2_candidates-777b5eb3fe6f8626,777b5eb3fe6f8626d1af9274c946df27c18320de71268f0d59702803c9d4ae44,bandit,0.011890305219118814,0.018868944900589713,0.028983323762389858,0.2802857142857143,0.006498280166555133,0.8365,0.8457169349366938,0.7997826967339635,0.04593423820273024,0.43407142857142855,0.5335285714285715,coverage
active_round2_candidates-5d525ef7538ba58e,5d525ef7538ba58e39c52ce6068fc0cfee02147fba1f5223fd8cc5a21b9f366b,bandit,0.011905937574587489,0.01891507550578519,0.028917573438700918,0.2800357142857143,0.004400258715548924,0.6344285714285715,-0.597418428826276,-0.5446240444871177,0.052794384339158396,0.4625,0.45828571428571435,coverage
active_round2_candidates-bd7e50edf85895be,bd7e50edf85895be148f2de4dcea4dc39bf2779dad028f21426665e3b6d64102,bandit,0.011905937574587489,0.01891507550578519,0.028917573438700918,0.2800357142857143,0.002304866943559516,0.2837142857142857,0.5949142112226905,0.5807774846841968,0.014136726538493738,0.23014285714285715,0.27152857142857145,coverage
active_round2_candidates-b476291b1c669258,b476291b1c669258f21f4cc0f2f0d8e141395ff032db9d3de139e22c6633453d,bandit,0.011867339310204797,0.018873980661992033,0.028996695631744184,0.2799285714285714,0.005460562635904665,0.7570714285714286,0.8302272207634753,0.8495130533242498,0.01928583256077443,0.2885,0.47250000000000003,coverage
active_round2_candidates-1202323336f461f4,1202323336f461f43d23feb041cde96ef3e267648c0020b97bc5553372991634,bandit,0.01184386044604053,0.018826120841291163,0.029062470624325033,0.27975,0.005816438105890102,0.7863571428571429,-0.5829968630095999,-0.3743077067761086,0.20868915623349127,0.9157857142857143,0.6096,coverage
active_round2_candidates-d4040cf3d9e65378,d4040cf3d9e6537897f665e1b3f449efa18b49353ae365c2a83e6202a242d19a,bandit,0.01184386044604053,0.018826120841291163,0.029062470624325033,0.27975,0.006356490583146294,0.8258571428571428,0.5413437377986949,0.5750138140960207,0.03367007629732577,0.37985714285714284,0.5182142857142857,coverage
active_round2_candidates-bb5ef7c92fc9bab5,bb5ef7c92fc9bab57dce144447999a8c5c731e8e008471ca8ecbfbf01a114389,bandit,0.01184386044604053,0.018826120841291163,0.029062470624325033,0.27975,0.003636564944421635,0.5251428571428571,-0.48523654729731497,-0.25387897857731107,0.2313575687200039,0.9416428571428571,0.5102857142857142,coverage
active_round2_candidates-db246e7ad25d1970,db246e7ad25d1970c410d573b7254dda1a33e35d2025d3de208f1ea0cabb6971,bandit,0.01184386044604053,0.018826120841291163,0.029062470624325033,0.27975,0.002210445517275048,0.265,0.0687345993484672,0.0872370992530288,0.018502499904561598,0.28,0.27390000000000003,coverage
active_round2_candidates-befd5888cdec381e,befd5888cdec381e5329890abadd17d0662d1e5f569b2b27220d0a3d7c4ed554,bandit,0.01188132239652796,0.018884943994192983,0.028954863664289676,0.27939285714285716,0.003028307233057874,0.41864285714285715,0.9389200298087483,0.768771210820165,0.17014881898858336,0.8419285714285715,0.44760000000000005,coverage
active_round2_candidates-48ea78f128fda51e,48ea78f128fda51e264055c4c4f2b22dd1e641a4e60eebbe63d4b713e1867a40,bandit,0.01188132239652796,0.018884943994192983,0.028954863664289676,0.27939285714285716,0.0015926110721394774,0.156,0.7479531101167867,0.7517660779925254,0.003812967875738704,0.06707142857142857,0.18757142857142858,coverage
active_round2_candidates-3cd21d304bfefb57,3cd21d304bfefb577cf38bee410c8a48c44a55a37bd218fc6ff5d8e6e828b9c9,bandit,0.011868475624100061,0.01882577494238624,0.02902518039873627,0.2792857142857143,0.0017083526082066328,0.17835714285714285,0.10666262014633221,-0.1259628109057499,0.2326254310520821,0.9425714285714286,0.3715714285714286,coverage
active_round2_candidates-9302f8ef9ba16aa6,9302f8ef9ba16aa651548e139e13006144005a5dfda13e6410ac54f457922865,bandit,0.011883249144754105,0.01892278321283147,0.028905138183636277,0.27917857142857144,0.002678207313211916,0.35314285714285715,-0.08949382152928442,-0.20243943127946734,0.11294560975018292,0.7047857142857142,0.3938857142857143,coverage
active_round2_candidates-0b55b8dd6bc1bdbb,0b55b8dd6bc1bdbba052dd7bc87e19794f0363f65f7f82ac996d6ca8f7a02c6a,bandit,0.011883249144754105,0.01892278321283147,0.028905138183636277,0.27917857142857144,0.0026938085032576923,0.35564285714285715,0.6108210630701421,0.5818460200615073,0.028975043008634738,0.35585714285714287,0.32510000000000006,coverage
active_round2_candidates-40839197b47ef976,40839197b47ef9764d13f194da5eae8694255215a14fef600a96622a92a43b3b,bandit,0.011875593992913899,0.01890666213387293,0.02892364676200902,0.2790357142857143,0.002607200576437439,0.34035714285714286,0.410299126078538,0.22644165147301004,0.18385747460552798,0.8696428571428572,0.42168571428571433,coverage
active_round2_candidates-977c61d2d192e258,977c61d2d192e258c1be790b0a59c5dead3bcff94547bbbd21e3afa473a2b798,bandit,0.011875593992913899,0.01890666213387293,0.02892364676200902,0.2790357142857143,0.002874967178425429,0.39157142857142857,0.21933220638657658,0.2272549721112969,0.00792276572472031,0.13664285714285715,0.2955714285714286,coverage
active_round2_candidates-82509951297572ba,82509951297572ba491b8300e15b4112b11411dc84d8f83c58f95f10dbd56633,bandit,0.011886124556214897,0.018884968681194204,0.028933081029198837,0.27889285714285716,0.004374867065594182,0.6314285714285715,-0.31668528109359284,-0.43176064708264317,0.11507536598905033,0.7126428571428571,0.5066571428571429,coverage
active_round2_candidates-4e4b968f620045cc,4e4b968f620045cc84d01093f69935b28bf8ea5fcbec58b330b1c69776db2d79,bandit,0.011886124556214897,0.018884968681194204,0.028933081029198837,0.27889285714285716,0.002684023239732782,0.35428571428571426,0.8949228647775656,0.7106460149163114,0.18427684986125414,0.8707857142857143,0.4274285714285715,coverage
active_round2_candidates-0882add4591ac048,0882add4591ac04803861b6a8f6aad05227f903535abd12cb5769d6155bf5dd0,bandit,0.011850826785418026,0.01886071106124171,0.02898891519109246,0.2787857142857143,0.0014390869766317666,0.13092857142857142,0.4666598161761613,0.47459973588573223,0.00793991970957092,0.137,0.1912857142857143,coverage
active_round2_candidates-470bd91ac200ada6,470bd91ac200ada69a69343a158d1809da5b9d31e8f7c638e5703e94745b1ab0,bandit,0.01188640203529553,0.018903371570805044,0.028907273904779863,0.27867857142857144,0.0048777637779666904,0.6945,0.777274983280537,0.7523564020138293,0.024918581266707762,0.33264285714285713,0.45580000000000004,coverage
active_round2_candidates-618b4b4669d896e9,618b4b4669d896e947beea0c9c5fbd4db61b59358364bfa329884f864b3dd463,bandit,0.01188640203529553,0.018903371570805044,0.028907273904779863,0.27867857142857144,0.0043862123903704,0.6325714285714286,1.5764779623671825,1.5366418533548043,0.03983610901237822,0.40835714285714286,0.4461714285714286,coverage
active_round2_candidates-7b0f914964ec63a4,7b0f914964ec63a4582957490499877febfc1fbb0d24907e53b763ed2d810f31,bandit,0.011863436126381513,0.018907603477172522,0.028920645774134196,0.2785714285714286,0.004257220915011314,0.6155,-1.147107358603527,-1.0826819631506353,0.06442539545289172,0.5081428571428571,0.4592571428571429,coverage
active_round2_candidates-bad8570d7eb0acd5,bad8570d7eb0acd5890bf810128346c1be137372ca04de6ebfb1e3a60fcd5f6b,bandit,0.011875441963477557,0.018860731995436305,0.028951624965503697,0.2785,0.0024035253867844605,0.30414285714285716,0.5045878369740262,0.26139982572695386,0.24318801124707234,0.9516428571428571,0.4233857142857143,coverage
active_round2_candidates-9568d7ef790bc8cb,9568d7ef790bc8cbeba899512522cf45f3638fa06fb9e0fb057156594dfc7f55,bandit,0.011878594854018983,0.01885163905693307,0.02895376068664729,0.2784285714285714,0.00363505405872965,0.5249285714285714,1.2792778165791054,1.2584069758707006,0.020870840708404836,0.3032142857142857,0.3819857142857143,coverage
active_round2_candidates-5ede1fdc26c95a50,5ede1fdc26c95a5025cca0c5cca85a65c2b7e89f48de1ecffbdc2d92f56e6fd7,bandit,0.01184866260572747,0.018794107935869362,0.029040687989234194,0.27832142857142855,0.003774379152676055,0.5449285714285714,-0.8796854879167677,-0.6109089354610541,0.26877655245571364,0.9694285714285714,0.5231857142857144,coverage
active_round2_candidates-f277a617be782df7,f277a617be782df749c86ff4b2406d2258ffc466e6176f47d2147db65ca88e52,bandit,0.01184866260572747,0.018794107935869362,0.029040687989234194,0.27832142857142855,0.002569774307004178,0.3339285714285714,0.5036140718241602,0.3425972520647931,0.1610168197593671,0.8212857142857143,0.4091571428571429,coverage
active_round2_candidates-9de195a3827dba12,9de195a3827dba1287efa4c69c481f5d77f8cb83da4cde7a1a241a928b95ff9d,bandit,0.01188063358406525,0.01889788161472007,0.02889981680942985,0.27814285714285714,0.002370643475077784,0.2970714285714286,0.8647497949571102,0.8151273833449828,0.04962241161212744,0.44771428571428573,0.3196285714285715,coverage
active_round2_candidates-fe594bc3976f97cb,fe594bc3976f97cb1826aa0690c0d15859e25b4d587965e97d81e3e1a5e9fb7c,bandit,0.011905937574587489,0.01894386856413966,0.028820054549469915,0.2780714285714286,0.004301289188852161,0.6225,0.13365133508240928,0.002776793766137653,0.13087454131627163,0.7586428571428572,0.5119571428571429,coverage
active_round2_candidates-505cb5cb6cd477ca,505cb5cb6cd477ca20af204b3384f964fdd682d3fc9182540483efc377e68837,bandit,0.011905248762124778,0.018897471658343823,0.028862526583841093,0.2777857142857143,0.005847935785410614,0.7889285714285714,1.3603784336118367,1.6592959450162668,0.29891751140443,0.9839285714285714,0.6234714285714287,coverage
active_round2_candidates-4f5c84db3b8d446f,4f5c84db3b8d446f7b5d4c987ddaca442014cc5f0d1bcaa5f56895217b707f70,bandit,0.011905248762124778,0.018897471658343823,0.028862526583841093,0.2777857142857143,0.0032595087892302774,0.4617857142857143,0.8105989905502327,0.6441387900366542,0.16646020051357846,0.8336428571428571,0.4625571428571429,coverage
active_round2_candidates-19229c9148c5c6a5,19229c9148c5c6a535f46128d48b0fe4c06ba8f732eeb08ea12c01b50d527852,bandit,0.011905248762124778,0.018897471658343823,0.028862526583841093,0.2777857142857143,0.002264407917431121,0.27564285714285713,1.0802272088736948,1.056718446877325,0.023508761996369865,0.3221428571428571,0.2858,coverage
active_round2_candidates-e3514c1b2c3a53c4,e3514c1b2c3a53c47091bb10bda38271787950fb0aef22d99b379f3948abf21e,bandit,0.011887425629776266,0.018855831029755857,0.0289112581849059,0.27760714285714283,0.003404183066026752,0.48728571428571427,0.26973680250064325,0.026591064198443648,0.2431457383021996,0.9515714285714286,0.4962714285714286,coverage
active_round2_candidates-ec09f860550c61ef,ec09f860550c61ef77b20ba84b08139e922b39a70b165d55c877b7c738a8a3c9,bandit,0.011887425629776266,0.018855831029755857,0.0289112581849059,0.27760714285714283,0.005763869014306778,0.7824285714285715,-0.584739959414547,-0.5712184577613355,0.013521501653211532,0.22157142857142856,0.4683285714285715,coverage
active_round2_candidates-f21c815489476154,f21c815489476154523c99246394ad4a159b5f081be549eab814f61d3324d14f,bandit,0.011882560332291394,0.01892061435931645,0.028850091328776452,0.2775,0.0029659162459979723,0.40785714285714286,0.12523966776473083,0.273501530913661,0.14826186314893014,0.7951428571428572,0.43317142857142854,coverage
active_round2_candidates-a914501e8dba3cb6,a914501e8dba3cb62a3f7f56a02832307fc2ae2c2d73a8cda47a8f99690b392e,bandit,0.011913055943401326,0.018918584186139138,0.028816039801973663,0.27739285714285716,0.0033546720994873324,0.47785714285714287,0.5300344043442149,0.46676883957772364,0.06326556476649126,0.5036428571428572,0.4028285714285715,coverage
active_round2_candidates-909660514f3153a5,909660514f3153a521588bdc524052f6d4660366816fe3115250745f2a7dfb4c,bandit,0.011913055943401326,0.018918584186139138,0.028816039801973663,0.27739285714285716,0.0022762715275304155,0.278,0.8985507171548962,0.8917839508507932,0.006766766304103,0.11728571428571428,0.24561428571428573,coverage
active_round2_candidates-58a9eb737a0cdedc,58a9eb737a0cdedcd6a7178a7e965c77a4935d72f9995bad3e3f22fcfbad128c,bandit,0.011897834921314729,0.018883813188222517,0.028865125215710396,0.27710714285714283,0.005339639675744829,0.7452857142857143,-0.3755842984394947,-0.05952673852880602,0.3160575599106887,0.9880714285714286,0.6065714285714285,coverage
active_round2_candidates-a41397ad07479c6e,a41397ad07479c6e0ff6462c5af8156a2757726887acddcc8a66eb4dba7e5ae2,bandit,0.011897834921314729,0.018883813188222517,0.028865125215710396,0.27710714285714283,0.0034126867311430565,0.48842857142857143,0.3639738010603641,0.35980675064988105,0.004167050410483042,0.07214285714285715,0.3206428571428571,coverage
active_round2_candidates-474e0dc2e488cd30,474e0dc2e488cd308ca1f0da3ef6af27afdc1930b27609a73d315c0eca653c2c,bandit,0.011913744755864035,0.018956862257678248,0.02877356776760249,0.27667857142857144,0.003877235920633102,0.5604285714285714,-0.18027000818143704,-0.2373631564985697,0.057093148317132664,0.47935714285714287,0.4307142857142857,coverage
active_round2_candidates-67cf085130631649,67cf085130631649b30e35d23947f7941de40f0c7bf1a89ae88e2081b3355f14,bandit,0.011913744755864035,0.018956862257678248,0.02877356776760249,0.27667857142857144,0.0028713340799705065,0.3906428571428571,-0.3037714508202956,-0.16215770226039397,0.14161374855990164,0.7812142857142857,0.42317142857142864,coverage
active_round2_candidates-b5257224227e9a17,b5257224227e9a17b5cb2df59b4f0607f17e1d98e63d9160ed4d2057f0dbb0e6,bandit,0.011913744755864035,0.018956862257678248,0.02877356776760249,0.27667857142857144,0.003887688966311983,0.5622857142857143,-0.1320800369505254,-0.16215770226039397,0.03007766530986858,0.362,0.40798571428571434,coverage
active_round2_candidates-08b1036ea587d97f,08b1036ea587d97ffd75392e3a153d0f0b2f00514b9998f223e083e710394f7f,bandit,0.011913744755864035,0.018956862257678248,0.02877356776760249,0.27667857142857144,0.0024352674015015907,0.3092142857142857,0.1882463046292442,0.1789583755699457,0.009287929059298483,0.15914285714285714,0.2661857142857143,coverage
active_round2_candidates-112524ac70d4bf1d,112524ac70d4bf1d98e1e71e172e10777e9d5d5941fa00be2a27a4f9c12500a3,bandit,0.011855780974541309,0.018848453431042068,0.028939154352506942,0.2764642857142857,0.00844542684015083,0.9264285714285714,-0.867261664068131,-0.9446912842838501,0.07742962021571909,0.5630714285714286,0.5937714285714286,coverage
active_round2_candidates-0978fe2034e9c690,0978fe2034e9c6905124aac121162a35d95c6d1c1b758403d0ecb55e9a580cf3,bandit,0.011855780974541309,0.018848453431042068,0.028939154352506942,0.2764642857142857,0.0036244118895553145,0.5234285714285715,-0.1709120901448603,-0.0009977083145682464,0.16991438183029206,0.8411428571428572,0.48818571428571433,coverage
active_round2_candidates-19ebb509da940b9b,19ebb509da940b9bb72329fd175653d976cc1fd10dca7904bba310115cb7c1ac,bandit,0.011881322396527958,0.018900993305351343,0.02885734477505867,0.2759642857142857,0.00536540445978953,0.7477142857142857,-0.32122768082801334,0.05333665887566874,0.3745643397036821,0.9962142857142857,0.6087142857142858,coverage
active_round2_candidates-f7578605e9883e35,f7578605e9883e35b4e250edc05dbedd18dbdc9c50df5dbe7e65d65a0e7da0b8,bandit,0.011881322396527958,0.018900993305351343,0.02885734477505867,0.2759642857142857,0.0049634434908259325,0.7036428571428571,-0.6726739090754819,-0.6551274055988657,0.017546503476616127,0.2695714285714286,0.44575714285714285,coverage
active_round2_candidates-cb5f6efed3391ecf,cb5f6efed3391ecf93d782b684801525c5610066303336382a66e2246235531f,bandit,0.011855628945104965,0.018816435011533243,0.02896713255600162,0.27585714285714286,0.004309339848982397,0.6236428571428572,-0.9654308668847285,-0.7535343305217926,0.21189653636293582,0.9214285714285714,0.5440857142857143,coverage
active_round2_candidates-790db25d14df0320,790db25d14df0320aac2355243e57df5d9222331845d82cfd7f7c13676d00bbf,bandit,0.011864572440276777,0.01882148049227374,0.02894913054112628,0.2757142857142857,0.001603714047113482,0.15864285714285714,-0.20093622243269743,-0.19394778858121048,0.006988433851486953,0.12178571428571429,0.1981,coverage
active_round2_candidates-a08d6c327acffc5e,a08d6c327acffc5e5054a994028fd6f11290aa1156c585ad3929e3110d0eac7c,bandit,0.011870492200746225,0.018763285215669313,0.02899883135288777,0.2752142857142857,0.005800875523310335,0.785,0.4790856055401356,0.8549873657454172,0.37590176020528165,0.9964285714285714,0.6233714285714287,coverage
active_round2_candidates-56c18afe2c1a936d,56c18afe2c1a936d84909f8ee12fdcdcccef6c9f8c8199460029d69d80976140,bandit,0.011870492200746225,0.018763285215669313,0.02899883135288777,0.2752142857142857,0.005551986158397018,0.7651428571428571,-0.010133420167986573,0.1465233012708832,0.15665672143886977,0.8114285714285714,0.5784285714285714,coverage
active_round2_candidates-f480ff23c322b66c,f480ff23c322b66c772a49297e569553a05705f7be7c28da8f9839c01c36aef6,bandit,0.011870492200746225,0.018763285215669313,0.02899883135288777,0.2752142857142857,0.0033086807790225405,0.46914285714285714,0.8460904403338313,0.975416093944215,0.12932565361038373,0.7540714285714286,0.4485571428571429,coverage
active_round2_candidates-cfacaf08a8154183,cfacaf08a81541836b358e31ff4df38a64caf4229fe43d52cd36a839b85844d1,bandit,0.011855906424185597,0.018833210645492572,0.02894132543158264,0.275,0.007280411933901077,0.8819285714285714,-0.5717854871100261,-0.35370273276629477,0.2180827543437313,0.9292857142857143,0.6486285714285714,coverage
active_round2_candidates-aaf737e538082b8c,aaf737e538082b8cb60b198ba0c464e11ad1101dddbe1a4dec425e3ff683ad79,bandit,0.011855906424185597,0.018833210645492572,0.02894132543158264,0.275,0.003967197086387058,0.5743571428571429,1.0072749506116425,0.7740948208869263,0.23318012972471625,0.943,0.5283428571428572,coverage
active_round2_candidates-b13f77dd593701c9,b13f77dd593701c97366a3b94fc25adb24f396cd6809337f2c3cd27141563d67,bandit,0.011855906424185597,0.018833210645492572,0.02894132543158264,0.275,0.0030174559400956685,0.41664285714285715,0.8163080309196808,0.8163061377373765,1.8931823043688567e-06,7.142857142857143e-05,0.27667142857142857,coverage
active_round2_candidates-b9bcbab6fb8599b8,b9bcbab6fb8599b8d0c5d5a1a7eb3e857e0c53b49e717332cb4e64a2441d1066,bandit,0.011832150080940698,0.018763546822216405,0.029032907548582464,0.2747857142857143,0.005448574411543516,0.7552857142857143,-0.6557250916385227,-0.31956950527548766,0.336155586363035,0.9907142857142858,0.6101714285714287,coverage
active_round2_candidates-48e4ab839ba73d56,48e4ab839ba73d569191230c923cd33cbf76753882e1c0260428ffab68f3fac3,bandit,0.011832150080940698,0.018763546822216405,0.029032907548582464,0.2747857142857143,0.0029267983505837977,0.40085714285714286,-0.7879739635117802,-0.8537422036226483,0.06576824011086813,0.5130714285714286,0.3728714285714286,coverage
active_round2_candidates-714865d1b948ef16,714865d1b948ef16333dd2114be486d5c482fbae188cdd6f80e3590d01b69f58,bandit,0.011832150080940698,0.018763546822216405,0.029032907548582464,0.2747857142857143,0.002868293180464953,0.3894285714285714,-0.2277340647534989,-0.19914077707669026,0.028593287676808632,0.35364285714285715,0.3364142857142857,coverage
active_round2_candidates-f5174c16fa341db0,f5174c16fa341db0cbf682e169a162d9323704902599ef63d8ad64a1fef779b2,bandit,0.011839268449754536,0.01885787379323143,0.028931373911855213,0.27464285714285713,0.006863874053975268,0.8583571428571428,0.6457128032622906,0.8571287273405022,0.21141592407821153,0.9205,0.6373000000000001,coverage
active_round2_candidates-73cc0a9b1e35871e,73cc0a9b1e35871e8dfce53ac515c2d59b4af26d33b5be149229ee42cc0c9698,bandit,0.011869612031428127,0.01883058389277072,0.028925300588547108,0.2744285714285714,0.005120396616804536,0.722,1.285606817398745,1.458494130938449,0.172887313539704,0.8472857142857143,0.5680285714285714,coverage
active_round2_candidates-388792163b934b56,388792163b934b56d743709205a0bb0c258c385357efa22694381640e831e700,bandit,0.011869612031428127,0.01883058389277072,0.028925300588547108,0.2744285714285714,0.002981605643716349,0.4105714285714286,1.0039645986404788,0.8235094123207858,0.18045518631969304,0.8624285714285714,0.4464857142857143,coverage
active_round2_candidates-7f05db6682402f3e,7f05db6682402f3ec4190e58a7e62db9d0f9e3685070201de17060cf75d9e63f,bandit,0.011869612031428127,0.01883058389277072,0.028925300588547108,0.2744285714285714,0.002454669013497485,0.31314285714285717,0.14948783672528854,0.10726699100482706,0.042220845720461475,0.41814285714285715,0.31865714285714286,coverage
active_round2_candidates-f2f103838099cb36,f2f103838099cb36bfbd7dbba0f0c83ff4ecab9292a8e2791c53981c410503c0,bandit,0.011871690809090615,0.018905959945162296,0.028847596904399024,0.2742142857142857,0.005463200618367642,0.7575714285714286,0.4375366244890822,0.8838493123266393,0.4463126878375571,0.999,0.6125142857142857,coverage
active_round2_candidates-9a7d8d9730714180,9a7d8d973071418028700748df56b77fe09e8c956e49cef9e014ea9560510121,bandit,0.011871690809090615,0.018905959945162296,0.028847596904399024,0.2742142857142857,0.005309848571081469,0.7415,-0.7414890925706445,-0.38502368869293435,0.3564654038777102,0.9937142857142857,0.6050285714285715,coverage
active_round2_candidates-9bba21c05cdb399c,9bba21c05cdb399cc78aecb2f8381cbe5899c0dd2745dff9744a7e86e120faf5,bandit,0.011871690809090615,0.018905959945162296,0.028847596904399024,0.2742142857142857,0.0031378695537181435,0.43864285714285717,0.10270028349950841,0.11705867758538596,0.014358394085877552,0.2327857142857143,0.3317,coverage
active_round2_candidates-19bf96f82b286e4e,19bf96f82b286e4eea227ffc3a21795f608fe3a9a73d43f7f6a1b95998e1a64b,bandit,0.011839957262217246,0.01879375654821274,0.028986420766715038,0.2739285714285714,0.007674112995012085,0.8993571428571429,0.2869390174509727,0.6290306561724206,0.3420916387214479,0.9921428571428571,0.6677428571428571,coverage
active_round2_candidates-622608d25ad88da1,622608d25ad88da115a50eff60de4e0fde7514bcf94a9fa56a22ce3da7af7952,bandit,0.011839957262217246,0.01879375654821274,0.028986420766715038,0.2739285714285714,0.00310695183434163,0.43314285714285716,-0.547183353932951,-0.36407527310322185,0.18310808082972918,0.8682857142857143,0.4564857142857143,coverage
active_round2_candidates-8c49ec082b2e3adb,8c49ec082b2e3adb7631b39409b1a1a2130db9020181d7a891f48971e3bd820a,bandit,0.011839957262217246,0.01879375654821274,0.028986420766715038,0.2739285714285714,0.0020812126058613323,0.24042857142857144,-0.31752554186206333,-0.43928072734139745,0.12175518547933412,0.7345,0.35264285714285715,coverage
active_round2_candidates-03c39f5d62e89d2c,03c39f5d62e89d2cdac720bfe2dbed1d263c35f3dbda14fb6c22c5dc05b18b92,bandit,0.011839957262217246,0.01879375654821274,0.028986420766715038,0.2739285714285714,0.0020006601132780432,0.22678571428571428,-0.2841687848042347,-0.36407527310322185,0.07990648829898717,0.5722142857142857,0.3147285714285714,coverage
active_round2_candidates-8533ffd35fa8de53,8533ffd35fa8de53dd819f3d4952dbe2476bca66d6fc64715a505ebe4a91befb,bandit,0.011797261351154362,0.018626006240670314,0.028536810692790425,0.07542857142857143,0.012014456441691803,0.9818571428571429,-1.3846336433431021,-1.1669224733922032,0.2177111699508989,0.9290714285714285,0.6087285714285715,information
active_round2_candidates-1e70fce871a5acf4,1e70fce871a5acf4a52bf641d666b312af65f215f6e04433f8bc90f01708ce76,bandit,0.011784022145322747,0.018534001729695597,0.02822654561373547,0.006107142857142857,0.01182001491456701,0.98,-0.6696147058068098,-0.19025934221931123,0.4793553635874986,0.9993571428571428,0.5943142857142858,information
active_round2_candidates-ebfdcfba1ab14c3e,ebfdcfba1ab14c3e83d5fad82e481298bae04ee3e0f49361726dcd4adf2e7a53,bandit,0.011800324506708574,0.018587452417055356,0.028387205401947863,0.02992857142857143,0.011166856607744429,0.9735,-1.0486552331510446,-0.7255429946830996,0.323112238467945,0.9893571428571428,0.5992428571428572,information
active_round2_candidates-512db97de6cd71ff,512db97de6cd71ffdb31e6aa2dd32e335f7fca1eb68580d4fb673976457d2455,bandit,0.011835486537693788,0.018757599866728366,0.028715853512168526,0.21614285714285714,0.011041290788910295,0.972,0.35511092259409704,0.48996318458782534,0.1348522619937283,0.768,0.6288571428571429,information
active_round2_candidates-1ca4bb57ae308924,1ca4bb57ae3089242a8a45b9f3df37001bfd0c9dfbb273cd8a8a96ebad3e6c77,bandit,0.011795732510422579,0.018580917214026195,0.02825610868947804,0.012107142857142858,0.010983514795592992,0.9712857142857143,-0.6799741583871083,-0.244997543719932,0.4349766146671763,0.9987142857142857,0.5931000000000001,information
active_round2_candidates-105d39a37559f3a8,105d39a37559f3a865af79ec977b2ae202f94c38e3b8b52d37e9a76f6209d5b9,bandit,0.011772941094111894,0.018523759478161865,0.028083169424614984,0.0005,0.010867865350442485,0.9702142857142857,0.5157444029310635,1.0224841860753653,0.5067397831443018,0.9999285714285714,0.5882714285714286,information
active_round2_candidates-6659b63adc415533,6659b63adc4155335cc14b0d7ecee7bf6a386858633e951b41291e603b6b211a,bandit,0.011791645760387633,0.01859114377037178,0.028401729700194566,0.031642857142857146,0.010846230622860114,0.9699285714285715,0.0028788734724581877,0.5025062129685502,0.49962733949609206,0.9998571428571429,0.6006,information
active_round2_candidates-8095e37366d52cab,8095e37366d52cabdbdc78e9bd1723e8bc07f21f8e10a86aa42f8c3a01c446f3,bandit,0.011845216537166392,0.018788111959430184,0.028341124003674452,0.07925,0.010728569997316539,0.9680714285714286,1.7470070522620924,1.8848185644624194,0.13781151220032695,0.7741428571428571,0.5737571428571429,information
active_round2_candidates-9eafd42acbb71e0f,9eafd42acbb71e0fb8e342d9f8e431b010addc5f9f4583bbfa8e16015b806f8f,bandit,0.01179149373095129,0.018633735389469035,0.02842970790368925,0.046714285714285715,0.010559223439412206,0.9654285714285714,0.09716758436794659,0.46406160013870723,0.36689401577076064,0.9953571428571428,0.6039285714285715,information
active_round2_candidates-bbe65195067ea85d,bbe65195067ea85d4cafecab52cb044922b8fa709cf27ae07bc425d0e1b68a88,bandit,0.011786901734665296,0.0186054319981118,0.028298611191219424,0.017392857142857144,0.010532901827466863,0.9650714285714286,0.5205337753833151,0.9446070511018747,0.4240732757185596,0.9983571428571428,0.5926571428571429,information
active_round2_candidates-a270d6b94a260d52,a270d6b94a260d526ad48fd3afa8a647534a4095024a90e0863f25197af6e18c,bandit,0.011785550986054532,0.01852850792547137,0.028604766506278863,0.06260714285714286,0.01005132105096928,0.9585714285714285,-1.0945976596367242,-0.7110865222015521,0.38351113743517207,0.9972142857142857,0.6079142857142857,information
active_round2_candidates-3d605416bd872035,3d605416bd8720357327f3c76a267c7987a3895be42ea8aa9af509ecef086a29,bandit,0.01183618900457564,0.018830671802936343,0.028626956244847162,0.21092857142857144,0.010025691892150643,0.9582142857142857,-0.8608991259049384,-0.6576144726354642,0.2032846532694742,0.9076428571428572,0.6491857142857144,information
active_round2_candidates-833f24b63fb3d9ba,833f24b63fb3d9baf80818234cb42a15ebafdc63e7c7f1b50fb32f84c0b09652,bandit,0.01179309780890234,0.01857789324181999,0.028743426334467848,0.13564285714285715,0.010020622779022813,0.9580714285714286,0.5234068147389026,0.9041211467200039,0.3807143319811013,0.9970714285714286,0.6369000000000001,information
active_round2_candidates-3d799093546c58bd,3d799093546c58bd2f23a86e8e474a0b4d84f505f01431d55f94878703c9c691,bandit,0.01183446294321305,0.018767219876016844,0.028711869232042487,0.21817857142857142,0.010000768479372545,0.9576428571428571,1.3739423646457225,1.6788464199854114,0.3049040553396889,0.9854285714285714,0.6674142857142857,information
active_round2_candidates-cfe2a27b9002f57c,cfe2a27b9002f57ca9aec8b7ebc209840a08ffa37f79736edcabeb0b0f3f8499,bandit,0.011826718056385629,0.018688253137564788,0.02857863679842908,0.12903571428571428,0.009966897434737014,0.9570714285714286,0.7222814238611857,1.2045960376552822,0.48231461379409657,0.9995,0.6343428571428572,information
active_round2_candidates-022098c93762dc38,022098c93762dc38d87821f32a414c239cc15abc5fb6b27bbbcbee1de7a5d060,bandit,0.01183605407839396,0.018755693961247353,0.02881285201987404,0.24185714285714285,0.00980355648558255,0.9551428571428572,-0.054684320310742995,0.2819497485587902,0.3366340688695332,0.9907857142857143,0.6769571428571428,information
active_round2_candidates-4ca2bbeef66eb507,4ca2bbeef66eb507b2619310c6a7a34a6be736d3cffcfa9cad5c51228ba87766,bandit,0.011774979841555391,0.0186072405287089,0.028128166350733792,0.003857142857142857,0.009690641452506303,0.9537142857142857,2.2308094764162485,2.545434575453476,0.3146250990372277,0.9875714285714285,0.5805428571428571,information
active_round2_candidates-cf5f81472e15efe1,cf5f81472e15efe1ffde9f69a9ef8c819e5662f5ec7297b91ac7b9a9ef06bc51,bandit,0.011874691670195697,0.018865022146034787,0.028877710829037295,0.2735714285714286,0.009684620871513729,0.9535,-0.03298971062558376,-0.18601132576119273,0.15302161513560897,0.8042142857142857,0.6516714285714286,information
active_round2_candidates-c1c0bd3b91867557,c1c0bd3b918675579cc11c8d9c6b7d58a0760c595484f289c1384a9ea2abac69,bandit,0.011847899369675473,0.018858335888172158,0.02865651932058973,0.23232142857142857,0.009647702624649349,0.9528571428571428,-0.9259436947366693,-0.7123526741360848,0.21359102060058444,0.9235,0.6587714285714286,information
active_round2_candidates-df9a29939b70ac74,df9a29939b70ac74c09287a656231283980536df60112551d684e8e3cb6d2f8b,bandit,0.011820740215318629,0.018734428557198295,0.02847103570020958,0.10317857142857143,0.009509941797698273,0.9509285714285715,-1.095750160378322,-0.8924232341639742,0.20332692621434778,0.9077142857142857,0.6031857142857143,information
active_round2_candidates-a8db8a5978e9032a,a8db8a5978e9032a5dcd11507b0330cb2e7fd7de007b7b3cf9cb2294635147f6,bandit,0.011830698032425991,0.018841591541791713,0.028691210914309186,0.2327857142857143,0.009408300060354792,0.9491428571428572,-0.051912432096671624,0.22813708184518755,0.2800495139418592,0.9767857142857143,0.6681285714285715,information
active_round2_candidates-ab92a53de46fdb3f,ab92a53de46fdb3f31d6d469bfd0aafb4b6699d2547eeaa5426e7e69a961562a,bandit,0.011775668654018101,0.018609483505954514,0.02818321320559362,0.008,0.00939835663606023,0.9489285714285715,1.8001815950166766,2.1189059665667083,0.31872437155003164,0.9885,0.5804714285714286,information
active_round2_candidates-c44a1f293a5d5f67,c44a1f293a5d5f678d8ec2fc09e6ecf75968e648fc2902f2e441f1bbd381e83d,bandit,0.011844456417514505,0.018753997775387093,0.028629096856552662,0.18596428571428572,0.009363201755217718,0.9481428571428572,-2.338955385535283,-2.315991309301481,0.022964076233802366,0.3181428571428571,0.5172714285714286,information
active_round2_candidates-85fdc914a7295137,85fdc914a729513728525eaff467df32587c2afee34dd4e76606cb4e0dd81512,bandit,0.011846923601594742,0.018839707958360215,0.02881534644425146,0.2602857142857143,0.009192563459212046,0.9445714285714286,0.4598728194040195,0.6152955431150942,0.15542272371107468,0.8092142857142857,0.6437857142857143,information
active_round2_candidates-2a4a9f6fa6f209ed,2a4a9f6fa6f209ed28e805a9f92744b5f098b78ad89a67f71ce50d2533a30e41,bandit,0.01186590020446023,0.018716096703735755,0.028867734640417954,0.2521785714285714,0.009109160396617742,0.9425714285714286,0.4963204520566034,0.39746718564215033,0.09885326641445308,0.6504285714285715,0.6079857142857144,information
active_round2_candidates-f806bfc2f45f4bcd,f806bfc2f45f4bcd76e2bc8acb7800ba3d32eadc80dd9fb5bf4db1ae31904cd0,bandit,0.011822528107333008,0.018714655234726797,0.028328688748609804,0.04925,0.009052688639932669,0.9415714285714286,1.2840372666026683,1.4427177263290947,0.15868045972642641,0.8162857142857143,0.5595857142857144,information
active_round2_candidates-37da2136e177c935,37da2136e177c935bde87784dddb7498ef6c861f7d48707275241c01712990ab,bandit,0.011823011571932832,0.018640732452750254,0.02810587954470878,0.00842857142857143,0.008961538737428236,0.9392142857142857,1.3842295944423368,1.6850674213605192,0.3008378269181824,0.9843571428571428,0.5759285714285715,information
active_round2_candidates-abae5f9c5ce0c03f,abae5f9c5ce0c03f8c077632ef3a1f300efc9df0e76bfb350311993d06a6bed3,bandit,0.011837413285919932,0.018740019842165574,0.02866612803151512,0.19221428571428573,0.008933717840667828,0.9382857142857143,-0.31558287821085623,-0.12312624685382728,0.19245663135702895,0.8870714285714286,0.6296142857142857,information
active_round2_candidates-04a5a5235b7a8986,04a5a5235b7a89860e4b898d3f29fd822ba028834b0e8439d1f64155e19e608f,bandit,0.01177684427793518,0.01862381216181393,0.02825673817145598,0.013821428571428571,0.00883376032618423,0.9361428571428572,0.9120528569442113,1.3695650936889956,0.45751223674478425,0.9991428571428571,0.5798142857142857,information
active_round2_candidates-3532f0ce0baba1e1,3532f0ce0baba1e105411fa1fa6018e01bdb3373b3e99a0c0911b85152a2f8aa,bandit,0.011889264503986184,0.01888451356342456,0.02862496221816437,0.24042857142857144,0.008784961540746003,0.935,-0.07540814482984903,0.06237259912932236,0.1377807439591714,0.774,0.6249714285714286,information
active_round2_candidates-42b235aef8f01818,42b235aef8f01818456b21348f8afed85c25e237b1fcbac9517623d27edbf776,bandit,0.011840369667479558,0.018742161125659847,0.028774717867269185,0.2304642857142857,0.008764822294119389,0.9340714285714286,-1.4264228592858585,-1.394196186485626,0.0322266728002325,0.37235714285714283,0.5402857142857143,information
active_round2_candidates-204b343e903bde6c,204b343e903bde6c5b3a469a968ed5e7505466cb2ae4484771f812e4ffcd91dc,bandit,0.011805831768482909,0.018637656600707198,0.028776973690336455,0.18303571428571427,0.008752950014936076,0.9337857142857143,-0.3680112824323676,-0.33950029017820277,0.028510992254164813,0.3527142857142857,0.5172714285714286,information
active_round2_candidates-72c752459d56e25b,72c752459d56e25b7802854c9fcf876b231cd9e8d26b6dc8d2b944e774333abe,bandit,0.011839313933318657,0.018697542921666702,0.028266539332921163,0.03482142857142857,0.00871681556444192,0.933,1.0051890670981023,1.149783768896731,0.14459470179862866,0.7882142857142858,0.5447714285714287,information
active_round2_candidates-0d4cb621eca94567,0d4cb621eca94567a301cb2d3399142d60fdad217a1769e7dc5c9291d4ad4e95,bandit,0.011788612776999614,0.01859976218161084,0.028063881213901565,0.002214285714285714,0.008652330282574285,0.9317142857142857,1.0409894938660749,1.2977047847278158,0.25671529086174094,0.9618571428571429,0.5659428571428571,information
active_round2_candidates-ac9852a5f37b4bca,ac9852a5f37b4bca2db8498d8b165ff7f98bfa8ecc65388098aed22e0c6fd0de,bandit,0.011794708102311867,0.01873314077683098,0.02854822979567042,0.12225,0.008642254914274658,0.9312142857142857,0.978789036032099,1.2376711166391052,0.25888208060700624,0.9632857142857143,0.6140428571428571,information
active_round2_candidates-0987a1109b17675e,0987a1109b17675ee3dbe984b096eaf2cc3181f8358fe73a5b659ded699d473f,bandit,0.011808022545362748,0.018729436436106993,0.028891511302191586,0.24714285714285714,0.008621918283970399,0.9307142857142857,1.2852985813198918,1.6229924617197813,0.33769388039988946,0.9912142857142857,0.6693857142857144,information
active_round2_candidates-c9da70f7ac92e400,c9da70f7ac92e400657a2313f1b1935eec195014cc0754939b0036424f702265,bandit,0.011870849967191562,0.0188700760479826,0.028820528253033884,0.26832142857142854,0.008605004828256027,0.93,-0.5133336122716199,-0.6154538435550003,0.10212023128338044,0.6646428571428571,0.6122571428571429,information
active_round2_candidates-f03ef12ca577fd96,f03ef12ca577fd96c4d0c7582c7043752902bdbfa4c74c0686b11feeb3ee26f1,bandit,0.0118408562380809,0.01882471607799225,0.0287910693847832,0.25407142857142856,0.008599979594772333,0.9298571428571428,-0.09868148534192556,0.22382455265493645,0.322506037996862,0.9892142857142857,0.6714142857142857,information
active_round2_candidates-a3ee0eb37322f770,a3ee0eb37322f770378b11770978fe7376e535c34641c0df29b5fde217c26d44,bandit,0.011826916120365242,0.0187148292247652,0.0284756905146225,0.09757142857142857,0.008598668516304617,0.9297142857142857,-0.3312807271438982,-0.3374589986261753,0.006178271482277065,0.10728571428571429,0.4323714285714286,information
active_round2_candidates-b3c73a03e5fe4fc6,b3c73a03e5fe4fc68fb1056a1deb519f7d2d980258b5695b0046d2a9a887d301,bandit,0.011838563347667143,0.018796720841946557,0.028422304099144775,0.11625,0.008517066286071653,0.9282857142857143,-0.0942928343133087,0.210293614960407,0.3045864492737157,0.9852857142857143,0.6148714285714285,information
active_round2_candidates-04a036e43c1121f3,04a036e43c1121f3b06de6d15026e34284de434bf0a6521a3272327a97b99ab5,bandit,0.011837813054385284,0.018703279832968853,0.028348389962678366,0.054642857142857146,0.008460596859146593,0.9269285714285714,0.8094172583480961,1.219106290330104,0.4096890319820079,0.9980714285714286,0.5922428571428572,information
active_round2_candidates-0975aebfe3a0cc3b,0975aebfe3a0cc3bfa24274483572e53d397ec7e800e8c773dc0a95f1233d7bb,bandit,0.01185713706566717,0.01869467721187929,0.028217807731856358,0.02917857142857143,0.008421201811128506,0.9257857142857143,2.0066463931631158,2.252500618021112,0.24585422485799624,0.9532857142857143,0.5726428571428572,information
active_round2_candidates-e5342861eab329ff,e5342861eab329fff312e304077623c965e2571705b7a15815a2f52c6d5767d9,bandit,0.011812061468997688,0.018762924929867444,0.02858307888768729,0.15685714285714286,0.00838283313865345,0.9240714285714285,-1.4327842653965877,-1.47908970196548,0.04630543656889241,0.43514285714285716,0.5194,information
active_round2_candidates-02ac326ce7b073a4,02ac326ce7b073a4a65d2c078a19c7b44017d896089ca6b67c43598ac8f29eda,bandit,0.011863241663524603,0.01878702096295702,0.028467963364776305,0.13875,0.008346361326764272,0.9228571428571428,-0.5493641948697252,-0.5631857934351245,0.013821598565399329,0.22535714285714287,0.46971428571428575,information
active_round2_candidates-62b76a432f2e0d4b,62b76a432f2e0d4be2b65d76f76a9175dc6800dcc0ce330cb00c4b181bc52605,bandit,0.011816148219032634,0.018709324013439426,0.02833993898773976,0.04882142857142857,0.008323340762414732,0.9220714285714285,-0.7270690856143855,-0.4118777832008066,0.31519130241357896,0.9877857142857143,0.5859142857142858,information
active_round2_candidates-2897417cb3d45636,2897417cb3d45636d8dbbde5306f22bc6b0ce5baee16d39444817731c4497635,bandit,0.011842943815943063,0.01876488141497866,0.028510037936102534,0.13860714285714285,0.00827437240131408,0.9205,-0.013853074805724286,0.01914965119158729,0.03300272599731158,0.3765,0.49894285714285713,information
active_round2_candidates-c04ebe2455443414,c04ebe24554434142072a28adcb7b621053e2ae7fd743ba521cdf4842fddfc7f,bandit,0.01182472815675803,0.018658384304396432,0.02820903341161603,0.01757142857142857,0.008262932613434516,0.9202142857142858,0.4435370001560626,0.6495577348595528,0.2060207347034902,0.9116428571428571,0.5574428571428572,information
active_round2_candidates-5839fd9b5f2a1e83,5839fd9b5f2a1e837fec342a47239fa998931512879bc21eee1dcbb316ddd6c6,bandit,0.011787925329146033,0.018579908742095638,0.028400114360576472,0.028785714285714286,0.008214647852632125,0.9191428571428572,-0.3998454636333487,-0.07613808413166129,0.32370737950168743,0.9895714285714285,0.5770857142857143,information
active_round2_candidates-e8673623d4116e3a,e8673623d4116e3aefe71f8040ee7bc40211ea1aa215c440988413af99ec10f7,bandit,0.01181096977166952,0.0186853481044566,0.02836866635860356,0.048607142857142856,0.0081831502355601,0.9182142857142858,1.4250994231621257,1.9369982903495888,0.5118988671874631,1.0,0.5867285714285715,information
active_round2_candidates-0500eee2236fd39f,0500eee2236fd39f85c426aebbf3b9893d76381a19c11b0cd771cf523291307e,bandit,0.011826794848602707,0.018777159737924324,0.02861516105669919,0.18203571428571427,0.008165205469323271,0.9172857142857143,-1.8367890977515884,-1.9336595012215985,0.09687040347001008,0.6406428571428572,0.567857142857143,information
active_round2_candidates-f9ec98c26053301e,f9ec98c26053301ecf2485795c6fe079c4497a52ec529e420fd67f0dffc2c938,bandit,0.011874002857732989,0.01883799958043844,0.028822663974177466,0.2655,0.008159585362929687,0.9168571428571428,0.259865373313335,0.33934198973829643,0.07947661642496145,0.5705714285714286,0.5870571428571429,information
active_round2_candidates-7f081e4a4e7e564c,7f081e4a4e7e564cebb2d09b472a1708edc283c83c01e6ab51d3b9a48db3772b,bandit,0.01188571322283282,0.01884760705458161,0.02885222704992003,0.2712857142857143,0.008152404375243862,0.9166428571428571,0.6611611908193336,0.48303432595636175,0.1781268648629718,0.8587857142857143,0.6469285714285714,information
active_round2_candidates-f727286e645ad960,f727286e645ad960b80469d90346a7ed4bfd5b87f75a6a126840a06c2597c7d0,bandit,0.011830698032425991,0.018841591541791713,0.028691210914309186,0.2327857142857143,0.008134079831915888,0.9160714285714285,-1.5823843774038668,-1.6592500700933766,0.07686569268950971,0.5597142857142857,0.5714857142857143,information
active_round2_candidates-fb30dbdcbd16a826,fb30dbdcbd16a8268a2db7a3a176d7eb520f2d0232f51420487d7fbb3b04eb7e,bandit,0.01181096977166952,0.0186853481044566,0.02836866635860356,0.048607142857142856,0.008133418203539121,0.916,1.4797845394135576,1.9369982903495888,0.4572137509360312,0.9990714285714286,0.5856571428571429,information
active_round2_candidates-5f22d642de35c55b,5f22d642de35c55b20e43730fcdb4ad6f49d53b768a43a223d8cee32a4a98655,bandit,0.011870775543602273,0.01886536692415149,0.028491406439249245,0.18578571428571428,0.008132878190080996,0.9159285714285714,-0.7536921346589568,-0.38383659283145577,0.369855541827501,0.9956428571428572,0.6398142857142857,information
active_round2_candidates-e278f4e8813f4281,e278f4e8813f42819f69142bdb76e5ab9212b9477f00006c6a963cc86fb19292,bandit,0.011778883025378679,0.018659997415645658,0.028301735097574793,0.024857142857142855,0.008107833716201242,0.915,2.572432814177964,2.8925154830671063,0.32008266888914205,0.9888571428571429,0.5737142857142858,information
active_round2_candidates-168351c42394e65d,168351c42394e65de7dd85be798749b4b409636f2c66b68fbdd35c2624728856,bandit,0.011830894541407793,0.018716489343795724,0.02868227568892971,0.18685714285714286,0.008072353999603094,0.9138571428571428,0.8940982959812488,1.371606385241023,0.47750808925977417,0.9992142857142857,0.6401285714285715,information
active_round2_candidates-cb712eef2e645f3e,cb712eef2e645f3e70216882cf86a6492f84827a8a2adecf3121ec8c00770d3f,bandit,0.01184330737338948,0.018891887505912704,0.028622941497350916,0.23092857142857143,0.007987553404252336,0.9110714285714285,-2.000515947865934,-2.0465228986260726,0.04600695076013883,0.43435714285714283,0.5436714285714286,information
active_round2_candidates-5ca9d3673c181a77,5ca9d3673c181a776ccf0a51bf75c3ec25d9bbb15887d568685202bc477b4768,bandit,0.011815773295965584,0.018674113348513297,0.028543125946585444,0.107,0.007980996579775376,0.911,-0.6760314012170079,-0.4907342331545895,0.18529716806241836,0.8727142857142857,0.5817428571428572,information
active_round2_candidates-a37a1d9efb5d05de,a37a1d9efb5d05dea0483472e4350fc36ec9bbbb4c016106d841408962e237dc,bandit,0.01180145945599471,0.018667799713544833,0.028219447945867226,0.016714285714285713,0.007970728538012516,0.9107857142857143,-0.7714579872570806,-1.0172369247625181,0.24577893750543756,0.9530714285714286,0.5616142857142858,information
active_round2_candidates-7472400b5083325f,7472400b5083325f6da717b098a8f441bddc10eb55366288f3704ee1317ab96a,bandit,0.011861529256581158,0.018792299312203862,0.02850645111902144,0.15782142857142858,0.007952276692454484,0.9098571428571428,-0.6262458805209506,-0.7624896246039263,0.13624374408297568,0.7711428571428571,0.5812999999999999,information
active_round2_candidates-9d8ff642234fdc28,9d8ff642234fdc28f5c64ef2a93c2ef69eef246a2763fb2dcd96793525c3b31a,bandit,0.011842193522661203,0.018681022846613753,0.02833860491040512,0.048107142857142855,0.007936695290478238,0.9091428571428571,0.6101804867296006,0.6268645768712537,0.016684090141653174,0.2596428571428571,0.43482857142857145,information
active_round2_candidates-3f640eaf69801060,3f640eaf698010602ff1f850db0bdaad6b7a160a1ef6579ac6c82063bf515004,bandit,0.011797000992725624,0.018603861200694596,0.02891699508130885,0.21928571428571428,0.007915659542701235,0.9086428571428572,0.9197152687520501,1.2512020543336344,0.3314867855815843,0.9903571428571428,0.6492428571428572,information
active_round2_candidates-3cbe13e955fe0cba,3cbe13e955fe0cbaa07a9b06e5439d3644d9ad02ead8a32263663ca38341c09d,bandit,0.011800828388350493,0.01857434585407928,0.02837016201283048,0.02557142857142857,0.007910009582116297,0.9085714285714286,1.3448019983814075,1.5099248889525094,0.16512289057110197,0.8313571428571429,0.5399285714285714,information
active_round2_candidates-52386cfd2b8bfb12,52386cfd2b8bfb12e5ba99b8ac353e7a2b94e5f49fa0af3bd1d41848d487c451,bandit,0.011815964652820973,0.018730223842531535,0.028659128745297285,0.17682142857142857,0.00787323131303771,0.907,-1.2614672262580873,-1.2046802708372577,0.056786955420829566,0.47814285714285715,0.5291571428571429,information
active_round2_candidates-d10fea9473798715,d10fea9473798715a1aed80265e26c8308273affb4c2752b188c053cd5661359,bandit,0.011840369667479558,0.018742161125659847,0.028774717867269185,0.2304642857142857,0.007850900439251476,0.9055,-0.12563040836852069,0.08929803273366399,0.21492844110218468,0.9255,0.6394857142857143,information
active_round2_candidates-d076e0f7dd4703fc,d076e0f7dd4703fcf93f696e1a84e87bbfd62ed79e5034da59d38e5f9bf040bd,bandit,0.011824250872305393,0.01872087768274463,0.028294868321499272,0.04332142857142857,0.00779524263254911,0.9039285714285714,-0.7163811343941368,-0.4700029791046604,0.24637815528947637,0.9537857142857142,0.5696571428571429,information
active_round2_candidates-e3334928c65e4656,e3334928c65e465671669810134d0330b5416637a3915d2415d30a7848babe5b,bandit,0.01179266935486837,0.01868550935807411,0.028503232869551608,0.08185714285714285,0.0077501350668359335,0.9026428571428572,-1.860616638261381,-1.5541522737585787,0.30646436450280223,0.9857857142857143,0.590957142857143,information
active_round2_candidates-3f68b8e1d9a8082d,3f68b8e1d9a8082dd7784cc0858b4ac1621f292dcb7c0bb08498203647593b31,bandit,0.011856238089803517,0.01875635032794568,0.028413159113788194,0.10285714285714286,0.007721257391866446,0.9012857142857142,0.8617949506488194,0.7703195696000324,0.09147538104878694,0.6181428571428571,0.5252857142857144,information
active_round2_candidates-1af65057b8d51a6f,1af65057b8d51a6f0e34668abfb99412d41f388d5b74c38ba06bf02419d5a558,bandit,0.011840624540880399,0.018693191802113977,0.028307546180435635,0.04360714285714286,0.007714518516098724,0.9005714285714286,2.3406795419006765,2.7664617651156167,0.4257822232149402,0.9985,0.5773714285714286,information
active_round2_candidates-3f4e24d536a930aa,3f4e24d536a930aa985289cfc0878a7db6734d5e44709ed20184bdfc0c65d18a,bandit,0.011846923601594742,0.018839707958360215,0.02881534644425146,0.2602857142857143,0.0076925952562450365,0.9001428571428571,0.5976456168646729,0.6152955431150942,0.017649926250421277,0.27121428571428574,0.5184142857142857,information
active_round2_candidates-dd58fe0624052d91,dd58fe0624052d91fbdb7560c5eba7415cbf768485bc5fcd9de89fc70c8c79e7,bandit,0.011811220627098638,0.01872165082712077,0.02855601023632215,0.12671428571428572,0.007688399658686335,0.8999285714285714,-0.660724643138009,-0.7625794327039332,0.1018547895659242,0.6633571428571429,0.5433285714285715,information
active_round2_candidates-91227d19be6807b9,91227d19be6807b98b3adbe8c52e7ba2718161f9c642f705d148563fc3beba27,bandit,0.011858376366039734,0.01882049571524854,0.028406796508646852,0.12467857142857143,0.007667603977308628,0.8989285714285714,-0.20333456817622242,0.09743021755593256,0.300764785732155,0.9842857142857143,0.6063000000000001,information
active_round2_candidates-c875eb2318c098be,c875eb2318c098beb1ca929c451535ed24153405761c9222c1bdd1b9c68d92f5,bandit,0.011812109295397694,0.01876477545050936,0.028745890291475062,0.2215,0.00765904588067078,0.8985714285714286,0.5477604332088926,0.8754887050312986,0.32772827182240605,0.9898571428571429,0.646,information
active_round2_candidates-d91b0ca31a9d7ed1,d91b0ca31a9d7ed12bbdb1f818d5af8f001e7140bbb20eef6b4e19ebdd88c1fa,bandit,0.011841800995824684,0.018706534747319557,0.028086387674084817,0.012535714285714285,0.0076586509685551574,0.8984285714285715,0.8182324735752854,0.5452738342104447,0.27295863936484066,0.9726428571428571,0.5589142857142857,information
active_round2_candidates-56cf5ecadec0fd05,56cf5ecadec0fd05811438208b9225f83625c6bbb628fe0fcca0097de0355d4e,bandit,0.011893252445425587,0.018829912730157904,0.028460478818801833,0.16842857142857143,0.007607293005435295,0.8970714285714285,0.3333928634104121,0.22805993722626217,0.10533292618414991,0.6771428571428572,0.5616285714285715,information
active_round2_candidates-89676933596119d0,89676933596119d0943da73c8cbe9ea5255b79b00b4bffa705e84c283ea3a06d,bandit,0.011761230729012062,0.018490525631771417,0.02805360634887242,0.00025,0.0075728539869804904,0.8950714285714285,0.2506915867057907,0.36883488187453606,0.11814329516874533,0.7232142857142857,0.5027714285714285,information
active_round2_candidates-f6a407949c38abec,f6a407949c38abec30e9ee3acd0054ddd74efbd7f793fc583ee16e13be2e41d1,bandit,0.011868159982913419,0.018786403797779093,0.02858360395427383,0.19035714285714286,0.007563187064425809,0.8943571428571429,0.6273060786716482,1.0568791971869953,0.4295731185153471,0.9985714285714286,0.6336,information
active_round2_candidates-d4c6fbfe86187e1f,d4c6fbfe86187e1fbc8f8bf144387ee7fbd6f6e6cf5381c6a2e0572b24b3a525,bandit,0.0117799353952878,0.01855891454977465,0.028372166624452,0.02085714285714286,0.007560368761760495,0.8941428571428571,-0.26217394275281414,-0.1511430912322792,0.11103085152053493,0.6989285714285715,0.5057857142857143,information
active_round2_candidates-31351103398a6698,31351103398a6698e6488be992a39e41a834ddfecbe424138d2f07fbc1c83886,bandit,0.011850296175933963,0.018765794807055123,0.02829353424416463,0.06046428571428571,0.007512198856048676,0.8921428571428571,2.2406955635229138,2.05223360018669,0.1884619633362239,0.8787142857142857,0.5567857142857143,information
active_round2_candidates-786aa5980cbdb6f8,786aa5980cbdb6f81bd81080aae02688d0604985c2383c6583c116ed7fb6a5dd,bandit,0.0118305454520105,0.01871784033863093,0.028129322619181718,0.015678571428571427,0.006828292485294508,0.8565,1.3723595683651908,1.8644166219641876,0.49205705359899676,0.9997857142857143,0.5488285714285714,disagreement
active_round2_candidates-f7aa57ef9093d60c,f7aa57ef9093d60cd9484540894e8be44fed7997ce38ffa85aae480720d60642,bandit,0.01182108900158844,0.018704958027015398,0.028297246646514573,0.03825,0.0064066838470958135,0.8297857142857142,2.7886815392868596,3.279156760275589,0.49047522098872953,0.9997142857142857,0.5471571428571429,disagreement
active_round2_candidates-1a9592ba8ddefb91,1a9592ba8ddefb91b5f7ee656e24dcfaddd1fec66821fff3a9a3e2aabf4d497e,bandit,0.011868847430767002,0.01876858155566586,0.02834488969682993,0.08225,0.005110722573597868,0.7205714285714285,2.1119081229546,2.5988601662105215,0.48695204325592156,0.9996428571428572,0.5210571428571429,disagreement
active_round2_candidates-e8faf90cdb905fdf,e8faf90cdb905fdf01883bd32f7f4cbb3173a6a7495ecec4a49a188dec1aee42,bandit,0.011842551289106544,0.018709174127285545,0.02825782069978223,0.03603571428571429,0.005137303556179305,0.7235,1.6699857410957233,2.153372333673964,0.4833865925782408,0.9995714285714286,0.5037285714285715,disagreement
active_round2_candidates-0ac222b603eb9b11,0ac222b603eb9b116cd07940e249fb8f7f9ec0fd6a32fd74b450fdd43df5ba33,bandit,0.011807317443275352,0.01872037373888979,0.028479960378712154,0.09196428571428572,0.007018107928179656,0.8671428571428571,0.6984302630306857,1.1788245613110304,0.48039429828034474,0.9994285714285714,0.5835285714285715,disagreement
active_round2_candidates-67cf5381d88e2ac5,67cf5381d88e2ac5397bffa035736d04babfcd9571155dd1e7e2764312527c23,bandit,0.011884757265316306,0.018725141219898288,0.02815581335949101,0.028142857142857143,0.006109032844325717,0.8084285714285714,1.6612430513299712,2.138915861192416,0.47767280986244476,0.9992857142857143,0.5344857142857143,disagreement
active_round2_candidates-523a32a6ef79886b,523a32a6ef79886bd8bab3ef93040da2fef8bfd3075a9bfaefdc756fb186c3cb,bandit,0.011834448635833786,0.018772803476572283,0.02830289136602272,0.060714285714285714,0.005254242706625333,0.7357857142857143,1.7686680223783382,2.2114975295778176,0.44282950719947944,0.9989285714285714,0.5183857142857142,disagreement
active_round2_candidates-b42979ff8d85299c,b42979ff8d85299c74a5dc86e4991721d53cca0534895a2a136fb537f0a5ccaf,bandit,0.0118089215212264,0.018670189695810916,0.028793678809490752,0.20289285714285715,0.007055109177937788,0.8686428571428572,1.179354609653073,1.618884107892328,0.439529498239255,0.9988571428571429,0.6283857142857143,disagreement
active_round2_candidates-3051b08fa65bbf34,3051b08fa65bbf348dcd0aecdae011c776e3d8f5e2760dcbeece998ed0ed15ae,bandit,0.011852334905980231,0.018725994512436818,0.0283371092561782,0.06182142857142857,0.006554637565452338,0.8402142857142857,2.2756349730689456,2.7117235636149957,0.4360885905460501,0.9987857142857143,0.5605714285714286,disagreement
active_round2_candidates-bbae7ac8c6b6f7c7,bbae7ac8c6b6f7c77b1da9ced02261f17067f21e1815df65550836a245b9a839,bandit,0.011868847430767002,0.01876858155566586,0.02834488969682993,0.08225,0.0050977288677873,0.7188571428571429,2.166593239206032,2.5988601662105215,0.43226692700448943,0.9986428571428572,0.5201714285714286,disagreement
active_round2_candidates-bcfcbc37a072205b,bcfcbc37a072205b1f1ff3a469063685fb4ca3bb8eb8370c21e8b9590a935b9c,bandit,0.0118534266033084,0.018766167930937185,0.028551521785261928,0.1629642857142857,0.006211096846792734,0.8157142857142857,1.085996027278081,1.5114489964431133,0.42545296916503217,0.9984285714285714,0.5911571428571429,disagreement
active_round2_candidates-8bf49d3787da305a,8bf49d3787da305a7a51b545a79cafdb54c62e7a105613b71371c6d6a65c884f,bandit,0.01187323962168099,0.018823840537029964,0.02853601419476401,0.18810714285714286,0.00578744205264422,0.7837857142857143,0.9769542934151673,1.3985855990386389,0.4216313056234716,0.9982857142857143,0.5884142857142858,disagreement
active_round2_candidates-b570dad4c65811ca,b570dad4c65811cae2e76b84f2b92fcd41abae44353e6b19edc49278acdd5589,bandit,0.011900582342249496,0.018812176750582717,0.028402308057586638,0.13635714285714284,0.0067127662864634565,0.8497142857142858,0.06759927318410486,0.48407149476441536,0.4164722215803105,0.9982142857142857,0.5940714285714286,disagreement
active_round2_candidates-1ccffe6729ccffcd,1ccffe6729ccffcd169ac1f5115d56ae9b0d07c7b96095674825ddaf308551e6,bandit,0.011870099673909704,0.01883393134982841,0.02874661411656747,0.2527857142857143,0.005805933833026712,0.7855714285714286,1.8661633094455468,2.2807459837532598,0.414582674307713,0.9981428571428571,0.6149714285714286,disagreement
active_round2_candidates-271028c8ab665589,271028c8ab66558949f32f19a7ec16b58c454cc12f7559acabdf5029890cb50d,bandit,0.011815561767955512,0.018675084369768783,0.02849976307107338,0.08635714285714285,0.007124926645746913,0.873,1.0564183483981897,1.4564528393864213,0.40003449098823163,0.998,0.5833428571428572,disagreement
active_round2_candidates-a358430189370c75,a358430189370c755bfc9a346cc1ad95b662d4c326e6f8a612897b88120ba943,bandit,0.01182166500120382,0.01865337350036661,0.028456157591689606,0.0665,0.0058672759983721245,0.7904285714285715,-0.7371054797182097,-0.34004551503165004,0.3970599646865597,0.9979285714285714,0.5423571428571429,disagreement
active_round2_candidates-b8c4def050455853,b8c4def050455853f8039c3d67325ff9ecadd6f999d4e7faa7aa763f94fbadd9,bandit,0.011848940084808102,0.018754976767410836,0.02901488086481522,0.27367857142857144,0.007229260971381426,0.8792142857142857,-0.425806561978166,-0.03260130492446478,0.39320525705370124,0.9978571428571429,0.6607285714285716,disagreement
active_round2_candidates-99b3b6693259c8f6,99b3b6693259c8f6643f6a984394c1d915de37117db75f1a9e63f35e750c44f6,bandit,0.011817761817380536,0.018691250294580856,0.02838010773407961,0.054214285714285715,0.005183711929088326,0.7286428571428571,0.27060319820301626,0.663292847916879,0.3926896497138628,0.9977857142857143,0.5127,disagreement
active_round2_candidates-c721a4d6099b963e,c721a4d6099b963e017ac9afd86c62414f72905acbf45d676f6fdacf9dee59a5,bandit,0.011851887311114874,0.01871223160677637,0.028394517031996185,0.07482142857142857,0.006357434542323188,0.8260714285714286,-0.5109971350105792,-0.11969322598468718,0.391303909025892,0.9977142857142857,0.5599000000000001,disagreement
active_round2_candidates-28bed56013dd5c94,28bed56013dd5c9408a2bee20ae3ccfdf4fc75e58aa117ca0438199e75e27796,bandit,0.01179802458720636,0.01862684469235502,0.028920979361434885,0.22753571428571429,0.005903777083919054,0.7924285714285715,-1.2781418903593016,-0.8870027019360807,0.39113918842322093,0.9976428571428572,0.6075142857142858,disagreement
active_round2_candidates-a26649bc04095302,a26649bc04095302acd15302674734f62713bb6290a8dc46b2d5fe9359872723,bandit,0.011816701291683687,0.018714700744782837,0.028876987003944882,0.24307142857142858,0.0049690050106109785,0.7041428571428572,-0.9452612423633382,-0.554378266803998,0.39088297555934015,0.9975714285714286,0.5784,disagreement
active_round2_candidates-cfc2a732e8e97ae5,cfc2a732e8e97ae5908bb1afb3c700bfd6703ea74a8c9fc8a3548597ccd7eabb,bandit,0.01183749007813701,0.018748672470298447,0.02870265228978523,0.20957142857142858,0.007335598649248544,0.8844285714285715,-2.3854343741155075,-1.9948898814596512,0.39054449265585633,0.9975,0.6371,disagreement
active_round2_candidates-58efa74b8f40e922,58efa74b8f40e922a0140bbbab308bb79cb2f372714331637f1bf0a1ba6fcd74,bandit,0.011791282202941216,0.01864211783965165,0.028288826138946177,0.022285714285714287,0.005324815170497067,0.7434285714285714,0.6727432320122884,1.0608294021175588,0.38808617010527047,0.9974285714285714,0.5057714285714285,disagreement
active_round2_candidates-39c3d86f49d67151,39c3d86f49d6715128ab6eda4b529fd319713485b071d043a3c416367c64a948,bandit,0.011844080129838327,0.018682215189608265,0.028538522703094614,0.11907142857142858,0.005958597173086177,0.7977857142857143,-0.10432922841713277,0.2821258831295639,0.38645511154669665,0.9973571428571428,0.5662142857142858,disagreement
active_round2_candidates-f02c1c6f6a235362,f02c1c6f6a235362aba9c0dfbce4f272ee0f1368ea4a5911f6f412983aae26c9,bandit,0.011783627051101014,0.01862682562761939,0.02840485360654993,0.03728571428571428,0.006262743783762828,0.8192142857142857,0.985122427710246,1.3696130880918225,0.3844906603815764,0.9972857142857143,0.5420571428571429,disagreement
active_round2_candidates-3180a3cfe885ae5c,3180a3cfe885ae5c2ed27cd7f5a88db302cb695bb5ea06b37be041eb100220ba,bandit,0.01183722971970827,0.018708413424988083,0.02898531778907265,0.2652857142857143,0.006925692207486862,0.8620714285714286,-0.36076199314643553,0.02213689657615625,0.3828988897225918,0.9971428571428571,0.6503714285714286,disagreement
active_round2_candidates-eeac1c55a71ce1ac,eeac1c55a71ce1ac5ddde14093c70018e209821a9dfda038369bf62cdf192048,bandit,0.011817761817380536,0.018691250294580856,0.02838010773407961,0.054214285714285715,0.0043934686165783355,0.6336428571428572,-0.853737402605278,-0.4741001171328635,0.3796372854724145,0.997,0.4745428571428572,disagreement
active_round2_candidates-43874a2ce7431ac5,43874a2ce7431ac5959a01b938cac494fc7b6a77a36eb053f5d8a12bcb4fe81f,bandit,0.011830446946542438,0.01871255486482441,0.028837202353978703,0.23632142857142857,0.005826627681723147,0.7873571428571429,-0.4885166801639024,-0.1093911337965009,0.3791255463674015,0.9969285714285714,0.6088571428571429,disagreement
active_round2_candidates-18b477831efa0367,18b477831efa036736044f79d000fd848836d65f7317d79ec3e1d66007ac6f38,bandit,0.011820641406723084,0.018692604473152637,0.028452173311563567,0.07667857142857143,0.0048162414849580205,0.6856428571428571,0.28172596233341474,0.6607662761883225,0.3790403138549078,0.9968571428571429,0.5043,disagreement
active_round2_candidates-29290058d717c147,29290058d717c1478322b271d326b8c8da8fa3ace292e91fb8a39fe1d1e1186b,bandit,0.011802063510841301,0.018695425970341774,0.028515028057699586,0.09571428571428571,0.0074827115835092405,0.8910714285714286,-2.5529714091825797,-2.174369190168186,0.3786022190143936,0.9967857142857143,0.5940714285714287,disagreement
active_round2_candidates-e3b3372fbabac6d7,e3b3372fbabac6d76a1b6cf30f236922f2a34e67dea516f99e76f3b6277b7885,bandit,0.011830698032425991,0.018841591541791713,0.028691210914309186,0.2327857142857143,0.007434163822402679,0.8889285714285714,-1.2309381491563982,-0.8526644749967723,0.3782736741596259,0.9967142857142857,0.6480285714285714,disagreement
active_round2_candidates-1122f19b21b581a5,1122f19b21b581a5de7c49d1fcadaad015781c8b8f806a7959c7fb401b11227a,bandit,0.01179404561518466,0.018693291127580912,0.028222046577736533,0.020142857142857143,0.004911670590759759,0.6984285714285714,-1.0863190065040804,-0.7083176273420191,0.37800137916206134,0.9966428571428572,0.4867571428571429,disagreement
active_round2_candidates-2e5e6ec67c71fcc4,2e5e6ec67c71fcc41b19080fc3297901460e6f0c9017cc0b1ed26b1c5a04a3fc,bandit,0.01179642050925531,0.01860249135250505,0.028607260930656287,0.09157142857142857,0.00593224172751421,0.7950714285714285,-1.7043811207302564,-1.3270622485173778,0.37731887221287863,0.9965714285714286,0.5539714285714286,disagreement
active_round2_candidates-6dfa559849b3d701,6dfa559849b3d701b972e7b36a60b74c457826bac676e4b0a0ddb665cb90c8f2,bandit,0.011863030135514532,0.018732344508237627,0.028424600489264245,0.09907142857142857,0.006144695559255374,0.8108571428571428,0.0587449539371781,0.4346797582337576,0.3759348042965795,0.9965,0.5632714285714286,disagreement
active_round2_candidates-f8f003c8e03453e2,f8f003c8e03453e2cf5cf273d1551be64f0abe6e1db78ccc3c5c7aa705756b7b,bandit,0.011847196902793618,0.01876209002433851,0.028745416587911094,0.23,0.005737140734253741,0.7805,-0.8889593632973599,-0.5140965377849249,0.374862825512435,0.9963571428571428,0.6034714285714287,disagreement
active_round2_candidates-5b736e939d048719,5b736e939d0487199212d6356888e8ca355f1972364ee63a1d42b2aa624a5345,bandit,0.011796237756673626,0.018607208256851054,0.028532826412664386,0.06735714285714285,0.006679027092067354,0.8476428571428571,-1.4901428020997722,-1.1154322030443597,0.3747105990554125,0.9962857142857143,0.5652571428571429,disagreement
active_round2_candidates-eb5c21798a836140,eb5c21798a83614076b7fbdba13631e625f53424a71cdc087702294c694d71b1,bandit,0.011821320698788943,0.0186958441430008,0.028780769850862142,0.212,0.0048818947346960595,0.695,-0.7750200887640368,-0.40087341723483394,0.3741466715292029,0.9961428571428571,0.5620285714285713,disagreement
active_round2_candidates-ee3322287628a789,ee3322287628a789764fa5bb768c8f7bc496b9465d9e04000ebe0a7c75d0f6f3,bandit,0.011826794848602707,0.01876778591279011,0.02851764216746818,0.13460714285714287,0.007266053467716811,0.8808571428571429,-1.572561486918114,-1.1997453826104028,0.37281610430771117,0.996,0.6053857142857143,disagreement
active_round2_candidates-ebace293314e72d6,ebace293314e72d6db1fb2b2a1e6ccc4e38f2bbdeae7d5dc8e65fff55712df75,bandit,0.011866589016922939,0.01882752016451729,0.028922781495277782,0.2735,0.0058897486774656845,0.7916428571428571,1.4867942834613614,1.8583257286939463,0.37153144523258486,0.9959285714285714,0.6252428571428572,disagreement
active_round2_candidates-bbc4738a425d1f65,bbc4738a425d1f6568f2614a57fc23b80dedc343d605a713cf90082277c40ae4,bandit,0.011862006541033795,0.018807211192823085,0.028420616209138206,0.12721428571428572,0.005834718424776952,0.7880714285714285,2.2019169967970957,2.572884514503472,0.37096751770637626,0.9958571428571429,0.5652857142857143,disagreement
active_round2_candidates-3eb5fe3afb0f387e,3eb5fe3afb0f387ed43648a98daf9dcdfef154337c1da4372b9a36d83b462058,debugging,0.012335973485748084,0.02046829929174418,0.03129777095186305,0.9975357142857143,0.004347898061363748,0.6282142857142857,-0.3071778348707699,-0.07164122363921188,0.235536611231558,0.9455,0.8394000000000001,coverage
active_round2_candidates-f2fc42731584abf2,f2fc42731584abf2d56d2f2a06ee6493e0c84d06084541a3192672f36534d38e,debugging,0.012335973485748084,0.02046829929174418,0.03129777095186305,0.9975357142857143,0.003318958150162891,0.4712857142857143,0.7217550912761787,0.7214053014858397,0.0003497897903389502,0.005642857142857143,0.588657142857143,coverage
active_round2_candidates-a0fcf0c2a8389531,a0fcf0c2a83895311e75925c91483bf62dd74906a2ce78e43c9a57c3ba8cc066,debugging,0.012312439525367248,0.020418843391969865,0.031325003690481246,0.9965714285714286,0.00880957244709914,0.9354285714285714,-1.5572210393043895,-1.7506408914729858,0.19341985216859636,0.8892142857142857,0.9506428571428572,coverage
active_round2_candidates-87b3d4aba04a4755,87b3d4aba04a475564ee038d10b87b7158fbd2c38e78c440623473502ea9255c,debugging,0.0123320703019248,0.02045720678718365,0.03125732314920835,0.9963571428571428,0.004086206020476606,0.5927857142857142,-0.8102125130948454,-0.5474994918083181,0.2627130212865273,0.9655714285714285,0.8287714285714286,coverage
active_round2_candidates-de54b1674b6cf27e,de54b1674b6cf27e3e78b9fd3da817ae44cc86fcbe3647c1b5e974ebbd836656,debugging,0.012328741886753073,0.020518830053325617,0.031197274540275283,0.9962857142857143,0.002539386213673096,0.329,-1.3772572595302703,-1.4302688397911645,0.05301158026089414,0.46335714285714286,0.6227857142857143,coverage
active_round2_candidates-0b19d850bc50329f,0b19d850bc50329f4d8198e3ac4f1460dba702d4c19772c1112c0b327f3cf434,debugging,0.012305416393819001,0.020435926375328664,0.03130245523661741,0.9961785714285715,0.008775847740676765,0.9344285714285714,-0.3232648572993735,-0.6124459467310546,0.2891810894316811,0.9809285714285715,0.9684285714285715,coverage
active_round2_candidates-5b96c97c6fa76577,5b96c97c6fa76577a37c66da25d1cbbcaa7a5c41bd8965e1255c772a95f4539c,debugging,0.012305416393819001,0.020435926375328664,0.03130245523661741,0.9961785714285715,0.007739136655769606,0.902,0.29181824099562714,0.01523832328807706,0.2765799177075501,0.9748571428571429,0.9542428571428572,coverage
active_round2_candidates-c1e67701f732a4f4,c1e67701f732a4f44d3d1ac1f84c2e6a192598accda166493ef43f43abb684e5,debugging,0.012292547308167028,0.02039185560355142,0.03134884603947974,0.996,0.004550431562451569,0.6541428571428571,-1.113844212510771,-1.32361195055928,0.209767738048509,0.9176428571428571,0.8435857142857144,coverage
active_round2_candidates-9d56f9326835f669,9d56f9326835f669856fa64f7ca09175bb0586419f37249b774ab559d0595e79,debugging,0.012282217215456193,0.020376832900092436,0.031368776907823255,0.9958571428571429,0.006742065733562007,0.8517142857142858,-0.6040423608261823,-0.9694330220623362,0.3653906612361538,0.9951428571428571,0.9380571428571429,coverage
active_round2_candidates-31f76ba870977555,31f76ba870977555f83ad1073e61e29554f0d99fd14813a2c8ba872b317bdd5d,debugging,0.012305416393819001,0.020481431849025157,0.03123859235731024,0.9957142857142857,0.0016873117936613215,0.1747857142857143,0.028709610257139917,-0.029648224546052315,0.05835783480319223,0.48364285714285715,0.5649285714285714,coverage
active_round2_candidates-32c673dccbb46371,32c673dccbb4637188d2e39c5d9a082f3695f0ded444c427e4b7cf29a4f3cf8c,debugging,0.012269107771421808,0.020393502097822275,0.03136204808135358,0.9955714285714286,0.005501005986925928,0.7610714285714286,-0.07497055143592102,-0.3488100932659921,0.2738395418300711,0.9730714285714286,0.8972714285714286,coverage
active_round2_candidates-d755bee20dd9a95c,d755bee20dd9a95c8f9fbf90822d48751208927a923e3f91cc5c7f6cb69d0141,debugging,0.012308160857090144,0.020432765985600024,0.03127646479969821,0.9952857142857143,0.002343881397728483,0.29078571428571426,-1.2406614175843944,-1.3145953847259433,0.07393396714154887,0.5475714285714286,0.6239428571428571,coverage
active_round2_candidates-38fd02800b24bb92,38fd02800b24bb924dae999e6e87f61fb0d28a5f41f7c0b67b04f211334d8f58,debugging,0.012320246706643794,0.02045991735841929,0.031235589724697487,0.9951428571428571,0.004053320204555948,0.588,-1.6575286925128099,-1.497953048971715,0.15957564354109488,0.8180714285714286,0.7968714285714286,coverage
active_round2_candidates-8241f2a9bfd3b1d2,8241f2a9bfd3b1d2d09cedd9a982c6f895df84b23405ae4ea310e53c8f1920da,debugging,0.012317126758918833,0.02043966388504661,0.03125348907348835,0.9950714285714286,0.003162276463304607,0.44357142857142856,0.06840074381572159,-0.002189044145834429,0.07058978796155602,0.5326428571428572,0.6819857142857143,coverage
active_round2_candidates-2d13333aa3077521,2d13333aa30775218da15222a10849e1a087fcfa95b80f977b40ddd31499030d,debugging,0.01229794480819046,0.02031582267059285,0.03138837432251001,0.9947857142857143,0.0033304408185769185,0.47335714285714287,-0.9983850680655937,-0.970546404137354,0.027838663928239638,0.34985714285714287,0.6572285714285715,coverage
active_round2_candidates-1bbe83ef674a7605,1bbe83ef674a760561333a6f412b35e9b1b56bb2b1c0d285b8199b7e55ee7fd0,debugging,0.012282906027918903,0.020337168398974908,0.031377291876706,0.9947142857142857,0.004971062179072239,0.7047142857142857,-1.4338438457121723,-1.461069324630014,0.02722547891784166,0.34714285714285714,0.7492,coverage
active_round2_candidates-9b911553e9d76b7c,9b911553e9d76b7ca74d8b956a8338afe1287bafed0483dd309c1b3824da981b,debugging,0.012279002844095615,0.020378678689341883,0.0313368440740513,0.9941428571428571,0.004663852805898157,0.6689285714285714,-2.7429734060342943,-2.812013887581979,0.0690404815476846,0.5262857142857142,0.7704857142857143,coverage
active_round2_candidates-38c5355ab09c711f,38c5355ab09c711fe0e9791afcd35764a4c997af22cf6dfa333491d2e3141cea,debugging,0.012261301403775238,0.020386114087411568,0.031345015355351356,0.994,0.0025711556605254532,0.33414285714285713,-0.8005797688009972,-0.8536233681099716,0.0530435993089744,0.46364285714285713,0.6239857142857144,coverage
active_round2_candidates-0012ad43076336d6,0012ad43076336d6adf077e7aff351ab38155b36806b359a466c2a5ba3b2c75b,debugging,0.012298633620653168,0.020360577165664098,0.03133302641208558,0.9939285714285714,0.004382706127141339,0.6321428571428571,-1.2587066062150007,-1.1758222647767893,0.08288434143821144,0.5845,0.7673285714285714,coverage
active_round2_candidates-fb781bb655c260e2,fb781bb655c260e2fb7e13227627ebe5f92a9b868914380dd9510ba955c8e18a,debugging,0.01231815035339957,0.020370950613454838,0.03130109297495874,0.9938571428571429,0.004110850781408726,0.5965,-0.47942112734540654,-0.7359693337123338,0.2565482063669272,0.9616428571428571,0.8284714285714286,coverage
active_round2_candidates-b3ec706683a2f77b,b3ec706683a2f77be1408d0fced27b452886fa71cd94385451fd039e9621c6af,debugging,0.012321029942742121,0.02043888427593277,0.03123007399683587,0.9937142857142857,0.00817981480066053,0.9178571428571428,-0.14955064283293673,-0.4262787491578264,0.27672810632488964,0.9749285714285715,0.9596142857142858,coverage
active_round2_candidates-46ad19f9c4f6cbd4,46ad19f9c4f6cbd468f5e81716a5030a0ba1d13da8e48d83065b886a339ca33e,debugging,0.012321029942742121,0.02043888427593277,0.03123007399683587,0.9937142857142857,0.004613492321226329,0.6615,-0.030470066983948274,0.15627778832008277,0.18674785530403104,0.876,0.8372857142857143,coverage
active_round2_candidates-bab9b3d8154a4878,bab9b3d8154a4878c71546943df81769209988507a89fe7ed505bb2e5c5828a4,debugging,0.012321029942742121,0.02043888427593277,0.03123007399683587,0.9937142857142857,0.0029142880084100107,0.3985714285714286,0.192367977064954,0.15627778832008277,0.03609018874487124,0.3906428571428571,0.6350428571428571,coverage
active_round2_candidates-03a05ff483797ad0,03a05ff483797ad02bc0717b5f5d9392252a1de24a5e859f8104880dcf5171b9,debugging,0.012274035363355806,0.020352839040024426,0.031343653093692685,0.9927142857142857,0.004047700958829566,0.5875,-0.8821644249685051,-1.0595418874458113,0.17737746247730624,0.8573571428571428,0.8035571428571429,coverage
active_round2_candidates-348584d254c4bece,348584d254c4bece0b5e5e154fa6bfaf11b84f9554ac1ee10e8ed9405c4057a8,debugging,0.012278314031632908,0.020363693759760083,0.031328329105168556,0.9926428571428572,0.003797587098139608,0.5480714285714285,-1.1322332972505602,-1.1401572879020916,0.007923990651531376,0.1367142857142857,0.6436285714285714,coverage
active_round2_candidates-93aaf7171acd7cf4,93aaf7171acd7cf459cbf9086749eb0f6f324aa3e1029e0378017758ac71d0bc,debugging,0.012253829818146694,0.020280254150540394,0.03143093444124395,0.9920714285714286,0.003747036071357889,0.5417142857142857,-1.5237756826088689,-1.56821698447027,0.04444130186140116,0.42778571428571427,0.6990714285714287,coverage
active_round2_candidates-c6de49d295e914ff,c6de49d295e914ff466e8c972a55b79ebdedb9a529cf31bb209de54d906a81a7,debugging,0.01231253476263284,0.020383159704218494,0.031268389181258086,0.992,0.0046047361528372514,0.6607857142857143,0.13711740056980903,0.32414045781865464,0.1870230572488456,0.8763571428571428,0.8363857142857143,coverage
active_round2_candidates-b8fd7d05b57aeb65,b8fd7d05b57aeb650504944ed68b174d492c47e817c2cc3b4e514ecd619725e0,debugging,0.012316849279838202,0.02040998431909372,0.031229862015228087,0.9913571428571428,0.0050174330977230935,0.7097142857142857,-0.38157732474942174,-0.3049062477676632,0.07667107698175857,0.5587142857142857,0.7921714285714285,coverage
active_round2_candidates-4069e0a5fbfe7fd5,4069e0a5fbfe7fd5b81f8a8d767ccbec743ef3f11ceadb753f4996ce02751b00,debugging,0.012316849279838202,0.020465980672971413,0.03116599913592092,0.991,0.0013462040582963178,0.11528571428571428,-0.0832290448719708,-0.12250687719130904,0.039277832319338235,0.40535714285714286,0.5235857142857143,coverage
active_round2_candidates-bcacec21ce210085,bcacec21ce210085cb5cf649f0ad33c125cf774dbb450b5055e4b8576fce2272,debugging,0.012300824397533008,0.020393998691248385,0.03125349246507997,0.9909285714285714,0.0031339754343303605,0.4377857142857143,0.6046274629916435,0.5250367843881487,0.07959067860349478,0.5711428571428572,0.6857142857142858,coverage
active_round2_candidates-400163fdcf379cda,400163fdcf379cdac11830ba2f5b36ffd741d94a9bc4305f8c8f49b8c445b181,debugging,0.012256709407489245,0.02032685173078857,0.03135991546312109,0.9904285714285714,0.009673649544353582,0.9533571428571429,0.4507445487368116,0.08090682589912124,0.36983772283769034,0.9955714285714286,0.9766285714285715,coverage
active_round2_candidates-92ea6a61f7829d50,92ea6a61f7829d50958f54945075c600d69450f83f706a72203bcc5547fafe69,debugging,0.012310343985753,0.020348229204323227,0.03128406024895652,0.9903571428571428,0.0024791658380327306,0.3182142857142857,-0.5880182387667233,-0.5890895314577987,0.0010712926910754206,0.018,0.5270285714285715,coverage
active_round2_candidates-6569bfaf7ce7ca9e,6569bfaf7ce7ca9ec0206096b222993a20879f772317195f7d3d987c473794e9,debugging,0.012314247169576287,0.02036595580252014,0.03126064517230404,0.9900714285714286,0.0023780144572413263,0.29892857142857143,-0.9380190313758342,-0.9870527568785818,0.04903372550274765,0.4455,0.6047,coverage
active_round2_candidates-c29be1dc84302d92,c29be1dc84302d929290ba8cb69aae960a0ae9f5a240869f599386f54cd68c26,debugging,0.012328559644938033,0.020425771690062818,0.031180895852099027,0.9896785714285714,0.0057627593255225006,0.7823571428571429,0.36175364892862205,0.17336742383124004,0.188386225097382,0.8785,0.8845142857142858,coverage
active_round2_candidates-8a7bfa6e55147d09,8a7bfa6e55147d096706e6013fbbe76eb432e53488b1478a0657ae0de2382bb8,debugging,0.012328559644938033,0.020425771690062818,0.031180895852099027,0.9896785714285714,0.0048451868680199645,0.6901428571428572,-0.020296742814241098,0.17336742383124004,0.19366416664548114,0.8895,0.8498285714285714,coverage
active_round2_candidates-f0cd7a72f210bf29,f0cd7a72f210bf29867a1dadefcf0b24595c0a72eb9aba042502712736335a99,debugging,0.012296921213709724,0.020354854164062314,0.03127690754173244,0.9893214285714286,0.005965249226739943,0.7981428571428572,0.8144297499417148,0.5415596317727442,0.27287011816897055,0.9725,0.9094857142857143,coverage
active_round2_candidates-55713abf748d6b42,55713abf748d6b427d895db02d4061eb5253eb2cb5f8ca114bfe586b76ac8c1c,debugging,0.012296921213709724,0.020354854164062314,0.03127690754173244,0.9893214285714286,0.005754174339701949,0.7816428571428572,0.5763623874584078,0.6511521177853092,0.0747897303269014,0.5512142857142858,0.8186285714285716,coverage
active_round2_candidates-d311a58e2dc69b8e,d311a58e2dc69b8eba02f6597117738f6d2d44fa3a3d6208a62b94009e6dcd89,debugging,0.012305025684557196,0.020472927245748472,0.031144265711410053,0.9888928571428571,0.00473003488289666,0.6757142857142857,-1.8507317322140056,-1.9402551285478755,0.08952339633386996,0.6117142857142858,0.7881857142857144,coverage
active_round2_candidates-4cf184314166e9a2,4cf184314166e9a28cf5661d2ca03760c9308f508e44aaa9ef01a062a4ce244c,debugging,0.012305025684557196,0.020472927245748472,0.031144265711410053,0.9888928571428571,0.003513083531834943,0.5055714285714286,-1.7094126603679072,-1.7614405984858097,0.05202793811790252,0.4592857142857143,0.6896428571428572,coverage
active_round2_candidates-c660ad8fb91f66e9,c660ad8fb91f66e991ed24b66ef8c247a73a181eda0a3482da87c8c118ede490,debugging,0.01232465646111475,0.020439832638600306,0.03114044804944433,0.9868571428571429,0.005477075599157073,0.7589285714285714,-1.3634353758207127,-1.2011013083869542,0.16233406743375856,0.8245,0.8632142857142858,coverage
active_round2_candidates-0e947b0ef746cab5,0e947b0ef746cab5942c6f7c0ace1076c5a0e467348021828b4b02546bda9d98,debugging,0.012296807169898574,0.020355202433690937,0.031248791766571325,0.9867857142857143,0.004647290627742733,0.6658571428571428,-0.7443092696966149,-0.5706841680240393,0.1736251016725756,0.8495,0.830957142857143,coverage
active_round2_candidates-38009d32a6757457,38009d32a675745743d10063a1b42c10aed7d764f148c6e9b5bff27945600c2b,debugging,0.012277452497752011,0.020275269098385396,0.03134358699857681,0.9866428571428572,0.003734061367594377,0.5398571428571428,0.9216260563361859,0.9174504338106082,0.004175622525577682,0.07221428571428572,0.6250428571428571,coverage
active_round2_candidates-5c2193901a490e84,5c2193901a490e84cc0f28577a9f4ad15ce2d41c9f5ae0a552ae848fca1c0555,debugging,0.012268419772589075,0.02031261632953233,0.03131094929999203,0.9859285714285714,0.007610642918869734,0.8972142857142857,0.08035369118417668,0.06347945846521019,0.016874232718966486,0.262,0.8056571428571428,coverage
active_round2_candidates-3aa14a8e48f1db57,3aa14a8e48f1db5733390d4dcef09be730a17d38573f0cd09cc29876e4d49f20,debugging,0.012240120280874081,0.020292491726771774,0.03135557594184259,0.9855714285714285,0.006194593645538498,0.8149285714285714,1.138876817166628,1.2068231494965445,0.06794633232991654,0.5215714285714286,0.8245142857142856,coverage
active_round2_candidates-503733e3f67ab3d3,503733e3f67ab3d318e13e4409caf1d62b6d7ffe75677edce6bfcef1e305b7c0,debugging,0.012301399166184567,0.020351487830644034,0.0312338916588016,0.9853571428571428,0.0022723148596639473,0.2772142857142857,-0.31517604843826463,-0.332322651833189,0.017146603394924353,0.265,0.5580285714285714,coverage
active_round2_candidates-cd5442fe83211857,cd5442fe832118578838fcfcc832a67328dbda53794b2e24e110580640a29bf9,debugging,0.012304239938874717,0.020425769967671897,0.031149559223980976,0.9847142857142858,0.0053636351847233775,0.7474285714285714,-0.3048583266395337,-0.5791519413860857,0.274293614746552,0.9734285714285714,0.8875428571428572,coverage
active_round2_candidates-834df536e24557c2,834df536e24557c294d09537c0eef4daf158076b2e9fa08bd6b130332aee7058,debugging,0.012305751989467007,0.020265112915162784,0.03129896035672625,0.9840714285714286,0.0026971246066895696,0.3560714285714286,-0.22494149792102597,-0.22329094689574724,0.0016505510252787237,0.027857142857142858,0.5416285714285715,coverage
active_round2_candidates-0f0ccfffbc3a8a14,0f0ccfffbc3a8a143eb5b2ca03ed1923560e370a1a0b8a4be6d0ffd652ce8f5c,debugging,0.012268151813905294,0.02027274648730977,0.03132747379219901,0.9837142857142858,0.0035003048886603823,0.5027142857142857,-0.5869474001665657,-0.38369775303191356,0.2032496471346521,0.9074285714285715,0.776057142857143,coverage
active_round2_candidates-92d0df97ef7b9252,92d0df97ef7b9252219476ec9b2dc5f8fa6ca79bada766caeb70e0b74572710c,debugging,0.012241832687817525,0.020214339156442284,0.031411694812195724,0.9836428571428572,0.0035003240093723236,0.5027857142857143,-0.347576377779649,-0.6227535433905337,0.2751771656108847,0.9740714285714286,0.7893857142857144,coverage
active_round2_candidates-6ae266281bc1fcac,6ae266281bc1fcacc6e9fb759d9e6fe6dfa8224f1f2b4f843e3e2de61e5ed698,debugging,0.012244712277160074,0.020282261995049847,0.031340675834072865,0.9835714285714285,0.007113837755817446,0.8717857142857143,0.8638445045956908,0.9475102018521951,0.0836656972565043,0.5872857142857143,0.8596000000000001,coverage
active_round2_candidates-10ae885ffbd81fac,10ae885ffbd81fac40733c6a1d719bf899c0384390ce639be74b749c25a36132,debugging,0.01223792950399424,0.02025832329020957,0.031371247009541026,0.9835,0.002261035525035964,0.2749285714285714,-0.7184839741588231,-0.9215670094229833,0.20308303526416016,0.9072142857142858,0.6848142857142857,coverage
active_round2_candidates-b3f7f1419e6f8f05,b3f7f1419e6f8f0557636f43f35d4638075d9ed34ae98989f2a2e42a06f9e676,debugging,0.012270211378360148,0.020329467654700478,0.031266801915828965,0.98325,0.004398444379297519,0.6341428571428571,-1.7253529938547025,-1.567014196861206,0.15833879699349662,0.8156428571428571,0.8100857142857142,coverage
active_round2_candidates-b29b3b7a37b7629c,b29b3b7a37b7629ccc843db55d7594822e425e463ec8fe3f655586c239af5060,debugging,0.012270211378360148,0.020329467654700478,0.031266801915828965,0.98325,0.0030638470994119532,0.4255,-0.9448451393061607,-0.9628540961083044,0.01800895680214376,0.2750714285714286,0.6185142857142857,coverage
active_round2_candidates-f7ea14b6e8fdeede,f7ea14b6e8fdeede70fbe144139fe27d4435e648ce924aef783f0241adaeb1ea,debugging,0.012312832052203768,0.020391838576066433,0.031161298437412277,0.9830714285714286,0.0016682103541707884,0.1712857142857143,-1.185445881357234,-1.2566273236418306,0.07118144228459666,0.5351428571428571,0.5687714285714287,coverage
active_round2_candidates-303cc86d2da44cfa,303cc86d2da44cfacb9a7f75fcb1750c9f9bef0a7a2b06dc34ebf27da676210f,debugging,0.012277290437152172,0.020304316290947106,0.031280725203698165,0.9825714285714285,0.0043454948131905445,0.6277857142857143,-0.3827689877350294,-0.4063769983355932,0.023608010600563833,0.32307142857142856,0.7087571428571429,coverage
active_round2_candidates-3ebeccad4ac9d65d,3ebeccad4ac9d65d83f7e1db2cb398d6798d8811c9a2c040bfb4654a8fb9442c,debugging,0.012254607349833881,0.02028359762511015,0.03131547182677058,0.9814285714285714,0.005711578709864606,0.7790714285714285,-1.4286111252856393,-1.6502791337750868,0.22166800848944757,0.9331428571428572,0.8908285714285714,coverage
active_round2_candidates-d481c38851c6e842,d481c38851c6e842f0eb9f60534c078d8fcff9b0e3f1f63a9c1fc3b19ae9b219,debugging,0.012234026320170954,0.020223700850157404,0.0313946620861935,0.9809642857142857,0.007565660222711859,0.8945,-1.2260210931335949,-1.171229252220554,0.05479184091304079,0.4707857142857143,0.8443428571428572,coverage
active_round2_candidates-691afcb7cd16e0ca,691afcb7cd16e0ca5d84012c413062de2ddb44108ef13110f128f809f59cef1d,debugging,0.012234026320170954,0.020223700850157404,0.0313946620861935,0.9809642857142857,0.0041983689101419575,0.6077857142857143,-0.456173489200966,-0.47587374113599845,0.019700251935032442,0.29214285714285715,0.6939285714285715,coverage
active_round2_candidates-518666caeb742ba6,518666caeb742ba6b012fe47860948d90890b32dac007e78fa5d28b18a0a7f9b,debugging,0.012289000802252004,0.020329076057023106,0.03123175904056911,0.9805,0.008287485939964352,0.921,-0.48192437453931214,-0.5067658334209768,0.02484145888166467,0.3319285714285714,0.8269857142857144,coverage
active_round2_candidates-247a9beac6a53c72,247a9beac6a53c726fa09e4b4f820c21c7fddfb34c80bad470c3db9dcf5ecc6f,debugging,0.012288828080833817,0.020366026301025065,0.031191669023552932,0.9800714285714286,0.00564613101365911,0.7737142857142857,0.6191235301433069,0.4127612474619944,0.20636228268131251,0.9122142857142858,0.8839571428571429,coverage
active_round2_candidates-174de2f5ce30be42,174de2f5ce30be4299396196dac0a335d0376d15dae3b4ffccb097603ac86293,debugging,0.012282723786103863,0.02026548526614799,0.03129705030922257,0.9798571428571429,0.005249765726370776,0.7352142857142857,-1.55718164272292,-1.4025791002361032,0.1546025424868167,0.8076428571428571,0.8475571428571429,coverage
active_round2_candidates-eb287396d3461438,eb287396d346143897b59e134b71cbb1055a4523aac4f23a7061fbf49f0724ce,debugging,0.012285259679028559,0.020238404216962998,0.03131803591210023,0.9793571428571428,0.0033083943994695786,0.469,0.37171277020649773,0.27761410266102116,0.09409866754547658,0.6297142857142857,0.7052857142857143,coverage
active_round2_candidates-859d02769d798281,859d02769d798281135e872e144aab957050838c2d5e71e2bc8f138a48c0dfb3,debugging,0.01230365758002863,0.02030654856263998,0.031231250203418985,0.9792857142857143,0.004336561603041108,0.6266428571428572,0.32041426369720716,0.03902223367573654,0.2813920300214706,0.9772857142857143,0.8378285714285715,coverage
active_round2_candidates-e95ecb37f223fd91,e95ecb37f223fd91175d7a5559c49441f3b96ddd6c4bd514370a2b8befdf0c77,debugging,0.01231595030397455,0.020424474572928238,0.031100593060851917,0.9791428571428571,0.00428680957247413,0.6204285714285714,0.029046638007277914,0.26099318993459675,0.23194655192731883,0.9422142857142857,0.8282714285714285,coverage
active_round2_candidates-49d685c1363d410b,49d685c1363d410b1cc63e6a0b09345a73a403db2a30f07567fc6cbf6f14f6a8,debugging,0.012247927462150626,0.02026266903948383,0.031330024855366,0.9790714285714286,0.0035218890299556116,0.5073571428571428,0.03486314665662815,0.04779181621524142,0.01292866955861327,0.21357142857142858,0.6372857142857142,coverage
active_round2_candidates-0ed047524771d34d,0ed047524771d34d9a95d68d7ee1fb8033f6ad8fb631fcbf2be4aadc35215cee,debugging,0.012312257283552208,0.020343904378933037,0.031180899243690646,0.9785,0.004574911014363281,0.6574285714285715,-0.245395382221419,-0.06009655141927994,0.18529883080213905,0.8727857142857143,0.8289285714285715,coverage
active_round2_candidates-c274b3410b86d2a9,c274b3410b86d2a9f4a4b0fff0f9cca7e98e126cf897b2d32fbb82fc309cd427,debugging,0.012276637473617721,0.020310668686808673,0.03124900705730956,0.978,0.0018794492439544923,0.20657142857142857,-0.3128581565832156,-0.3158779867350778,0.0030198301518621906,0.053214285714285714,0.48447142857142855,coverage
active_round2_candidates-3c9ff22e4ba3dc0a,3c9ff22e4ba3dc0a3462027b8b18bf56921581fd9c08c3c28288df8b2c381e21,debugging,0.012296529690817942,0.02031330470863079,0.031225164708311066,0.9779285714285715,0.001948435052058037,0.2185,-0.5877529697972264,-0.6845149472737178,0.0967619774764914,0.64,0.6065714285714287,coverage
active_round2_candidates-c3f470ad06243f8b,c3f470ad06243f8b72407393d08d2c301661cb154f5fb9baddee1c17182cb664,debugging,0.01228662696992715,0.02027301793135132,0.031273635232570096,0.9777142857142858,0.0012711104951582408,0.10242857142857142,-0.29875037059968157,-0.34141203647436996,0.04266166587468839,0.42042857142857143,0.5161428571428572,coverage
active_round2_candidates-5dbba6161f16ccc3,5dbba6161f16ccc35ea333b47513e18d259a09edcb949fb0c39e1cc6949baac4,debugging,0.012236217097050795,0.0202787942189892,0.03131512813918789,0.9770714285714286,0.0030985142969706804,0.43142857142857144,0.2890149299542848,0.2430523585317378,0.045962571422547005,0.4342857142857143,0.650257142857143,coverage
active_round2_candidates-edf450f0421fdba5,edf450f0421fdba5c5285f8caf8878647f20d336769e8037e6b577ae64060d7d,debugging,0.012278820602280579,0.020293243818152243,0.03125660250656788,0.9767142857142858,0.0037194367497690273,0.5381428571428571,-1.2346379698135441,-1.0259782533832198,0.20865971643032433,0.9157142857142857,0.7890857142857143,coverage
active_round2_candidates-11450b85d149aaae,11450b85d149aaae260c9f37135d2c2eee492830b42c4b61b36a656b8d696d10,debugging,0.012288723323171371,0.020331659099320994,0.031208131982308845,0.9766428571428571,0.0031419194546043793,0.43985714285714284,-1.2769206728080922,-1.3306816701442346,0.05376099733614237,0.4669285714285714,0.6599857142857143,coverage
active_round2_candidates-10f395077c53b92a,10f395077c53b92a46b7ca212a06dd9fd02108de64c1f9722fc38b4a90ce78a7,debugging,0.012300433688271203,0.02036846872664815,0.031159165819179786,0.9765714285714285,0.006688403498693207,0.8482142857142857,-0.8947485698319908,-0.8269104044767163,0.06783816535527454,0.5209285714285714,0.8341000000000001,coverage
active_round2_candidates-2f50fb61a5fd4a82,2f50fb61a5fd4a82f14eb8b236be2f25d40af109e6511873180cc6ed9e507ad9,debugging,0.012250015353547888,0.020246909272085747,0.031330371934540316,0.9765,0.004046680938275926,0.5873571428571429,-1.2586255164480933,-1.0965325368436905,0.16209297960440283,0.8235,0.7902428571428572,coverage
active_round2_candidates-730197a32de093e7,730197a32de093e78abaae432fc26ea3ad45a27f547dc2046dd79a8f0ecc4cbd,debugging,0.012294434151203695,0.020284285562425987,0.031248084146093515,0.9763928571428572,0.0071659861676529124,0.8758571428571429,-0.2607460766836598,-0.16463792763175145,0.09610814905190834,0.6375714285714286,0.8684142857142858,coverage
active_round2_candidates-249bd5d9e8135499,249bd5d9e8135499e3cbc685d31daa8f28ea11e0faea8e7d9a409731b107ed3d,debugging,0.012294434151203695,0.020284285562425987,0.031248084146093515,0.9763928571428572,0.00196199765785934,0.22085714285714286,-0.18336574870488032,-0.18816209689798122,0.004796348193100902,0.082,0.4953000000000001,coverage
active_round2_candidates-c6c9887d80cef85c,c6c9887d80cef85cb0a7b21e19fe6c0f566a91c976c3dcefd8938fd27ff35d77,debugging,0.012281700191623127,0.020357041626550092,0.031185583528445016,0.9762857142857143,0.0025772227557231634,0.3352857142857143,0.526407427252069,0.5181590122683004,0.008248414983768604,0.1427857142857143,0.5531857142857143,coverage
active_round2_candidates-3885070d6e0102fd,3885070d6e0102fdb0d28602044c2f751cf667a7b30e16210ccc92d521532b39,debugging,0.012291727531131003,0.020409286840672145,0.03111931083058737,0.9753571428571428,0.004555507648497198,0.6551428571428571,-0.7324327525940026,-0.5520983033140593,0.18033444927994335,0.8621428571428571,0.8246285714285715,coverage
active_round2_candidates-c78ab5d3179951fb,c78ab5d3179951fb3d6a3343cc65bae89e923f0925d03053a850b1d06e534682,debugging,0.012288044031105514,0.02028934401785257,0.031239768563893357,0.975,0.006049930598128846,0.8044285714285714,-0.40864055458857873,-0.6843974318111475,0.2757568772225688,0.9746428571428571,0.9067000000000001,coverage
active_round2_candidates-0c814e6a9205d8b9,0c814e6a9205d8b9ccb6741f2e610b3fe189a15e1a87e0634e600ad4f9cbf200,debugging,0.012282034973641155,0.020245279331664517,0.03128853534033983,0.9746428571428571,0.002410126254310812,0.30528571428571427,0.06432637024601617,-0.014012945950652056,0.07833931619666823,0.5662142857142857,0.6252142857142857,coverage
active_round2_candidates-c0e9cdc9efea105a,c0e9cdc9efea105a3d6b70700addfd2278ac43d370dabd64881f50051d119ef5,debugging,0.012232871761116901,0.02016542863822158,0.031062175065406317,0.8811785714285715,0.01203692393304594,0.982,0.47135648857750057,0.1996429564958897,0.27171353208161086,0.9715714285714285,0.9395857142857142,information
active_round2_candidates-08fe86f90a0f4d39,08fe86f90a0f4d3970c9589ae19ec61d9fa45fddb055e3c6d1a05c7f48bd8144,debugging,0.012285022381209453,0.020365624163936884,0.030922168644656085,0.9203571428571429,0.010868890468919713,0.9702857142857143,-2.398899269711624,-2.687481035877666,0.28858176616604236,0.9808571428571429,0.9524285714285715,information
active_round2_candidates-778f785776f76472,778f785776f76472bd18ebd5e1acd74159e255a02e0c52db4733632d49e6a5ae,debugging,0.012183883011741305,0.019817191532306645,0.030868943509766433,0.5805,0.010654626863371002,0.9666428571428571,-1.0215707216572407,-0.9371706147307451,0.08440010692649558,0.5906428571428571,0.7369857142857144,information
active_round2_candidates-2201bbd4326328d2,2201bbd4326328d2ccf1b8966960aa238c35a55a62214c8fad07043e0fd082a2,debugging,0.01226754356487934,0.02023470631604243,0.030897001782225614,0.857,0.010384689700789589,0.9634285714285714,-1.3964758263603443,-1.6715122045421027,0.2750363781817584,0.9738571428571429,0.9229428571428572,information
active_round2_candidates-db340723f3622d9e,db340723f3622d9eed55b00b89e0a9a17e9c4b4de975f42fa11d97b7278e685f,debugging,0.012250346107195604,0.02018812818477547,0.030585324889504016,0.6697857142857143,0.01028170622347396,0.9621428571428572,-2.385337944793527,-2.667973153573945,0.28263520878041826,0.9779285714285715,0.8483571428571428,information
active_round2_candidates-ba6f6982da02e887,ba6f6982da02e88793e26419b9568d9483ca6d6a6854cec1a594fcb1fc5b9580,debugging,0.012265972598888859,0.020214222192109884,0.031229848993065433,0.9562857142857143,0.010241911982649163,0.9616428571428571,-1.3001239643605342,-1.603092519109861,0.3029685547493268,0.9848571428571429,0.9641428571428572,information
active_round2_candidates-c707b4293efb1df2,c707b4293efb1df20bfe5692a8d690a1bd44d77f121367a9205516d125346c2a,debugging,0.01228474490212882,0.02041910154406047,0.030898541586395822,0.9270357142857143,0.010037045973542515,0.9584285714285714,-1.820353580041167,-1.7348296994612307,0.08552388057993632,0.5962142857142857,0.8734285714285714,information
active_round2_candidates-4effd5c4aea0f266,4effd5c4aea0f26641b4c363eddbf8687c9bd4d6a879e8ca3e84b762abaee880,debugging,0.012284333568746742,0.020341833108755276,0.03097751655508051,0.9272857142857143,0.009801113399291031,0.9550714285714286,-2.1274828619170325,-1.9641133912316644,0.1633694706853681,0.8272857142857143,0.9184,information
active_round2_candidates-55b1dfccdec18006,55b1dfccdec18006182b208da8b6210d29501f56a367d5a11755ff0d686374ad,debugging,0.012261380602602866,0.02018233317903305,0.03124474910083517,0.9510714285714286,0.009414535861052002,0.9493571428571429,-0.7479641016058154,-0.6853339187122864,0.06263018289352895,0.5012142857142857,0.8604142857142858,information
active_round2_candidates-0dad4eaace803811,0dad4eaace80381142dc112eb11180de8f59b732caefe26089b609ab5ac979b1,debugging,0.012220942943183096,0.019918631457771854,0.030875747255045473,0.6652142857142858,0.0092817976492342,0.9465714285714286,-0.44187943547251607,-0.6769775194943768,0.23509808402186072,0.9448571428571428,0.8336857142857144,information
active_round2_candidates-ef7b106a6caec54b,ef7b106a6caec54b802d96384ef093d71798eb931c9ebcdc1b772670f44043e1,debugging,0.012316268285601242,0.02048606821019566,0.030925999328784464,0.9592142857142857,0.00919526602472241,0.9446428571428571,-1.9898256632524882,-1.902101078288712,0.08772458496377622,0.6046428571428571,0.8824714285714286,information
active_round2_candidates-35c9ca5f4bdc04f6,35c9ca5f4bdc04f6de96dba52b61c71ed8b3b6dd32f91680cf1c4b46a603aa8a,debugging,0.012155145708802644,0.019716787456555498,0.03037100638732538,0.4238571428571429,0.00898154189984447,0.9397142857142857,-3.1267853063856177,-3.054864100475444,0.07192120591017348,0.5385714285714286,0.6531428571428572,information
active_round2_candidates-add227980ed8f0c4,add227980ed8f0c4af8f2993604efe4edd539bda5219180f4074d38cc6fb9200,debugging,0.01223650139588964,0.020109583628977197,0.03089823730851273,0.7876785714285715,0.008964870102692356,0.9393571428571429,-2.2072420385590226,-2.489355388683088,0.2821133501240656,0.9777142857142858,0.886357142857143,information
active_round2_candidates-5abb6732bdebf032,5abb6732bdebf03250497168a343ac1c79dea53556135eb09767a1594e6176d7,debugging,0.012257402181560314,0.020205187824072934,0.030935158704922146,0.8564285714285714,0.00892741438839235,0.938,-1.1789657512361666,-1.0137576938456738,0.16520805739049282,0.8314285714285714,0.8840571428571428,information
active_round2_candidates-a2ace5fe5b09b462,a2ace5fe5b09b462dfbda8bbe2275c98e3a4030be0e44157bf23e5f047e056dd,debugging,0.01221888867479374,0.01999376967155649,0.030846293885763848,0.6903571428571429,0.008858315320437602,0.9365714285714286,-0.6816010323389157,-0.6322610858441463,0.04933994649476936,0.44657142857142856,0.7400857142857143,information
active_round2_candidates-65df270c53c54b19,65df270c53c54b194a7a953a1affa9ae2ebefcfb75a915424298d271890ad619,debugging,0.012280152905842827,0.020339261471603563,0.030913441694165555,0.9089285714285714,0.00881365575157642,0.9355714285714286,-2.149744115149319,-2.0724396391019204,0.07730447604739865,0.5627142857142857,0.8503428571428572,information
active_round2_candidates-1bfa5332b21d800c,1bfa5332b21d800ca5d970a5a5bccaf6cdea2925163fe069f46ac0b2512c83e4,debugging,0.012249795669750093,0.02022658838190199,0.03116946639857963,0.9403571428571429,0.008801561867079569,0.9352857142857143,-1.4753353858018659,-1.7439778628174936,0.2686424770156277,0.9693571428571428,0.9441285714285715,information
active_round2_candidates-9bf152f8266834c1,9bf152f8266834c171811bce1bcfa4b18f657d555d5a6f1a572daf352e09d53e,debugging,0.012166856073902476,0.019808881074905076,0.030322040224196316,0.4268214285714286,0.00876444313529948,0.934,-2.7999445664839895,-3.072291467909355,0.27234690142536566,0.9720714285714286,0.7387428571428573,information
active_round2_candidates-bf3901d0e52d4f8c,bf3901d0e52d4f8ce61820b78775c21ac639674dc4fb8bb77e609bf3d70cb5e7,debugging,0.012268508491813554,0.02025921115580524,0.03125083459594308,0.9686071428571429,0.00871630576553031,0.9329285714285714,0.4473788476004562,0.410351304519348,0.03702754308110823,0.39471428571428574,0.8395571428571429,information
active_round2_candidates-6972bc7da470b684,6972bc7da470b6844033fa8be3b905b3fe3a69f8d1ce780f8bce71dd78e73773,debugging,0.012235922176033733,0.020275749950810235,0.03088508000996889,0.8561428571428571,0.008635468463269128,0.9309285714285714,0.14138378034146915,-0.10229657234273049,0.24368035268419963,0.9521428571428572,0.9052571428571428,information
active_round2_candidates-75b94a889033e4af,75b94a889033e4af077159c89d627675c48fbe6bc779ec6508afa73a56154aaa,debugging,0.01224565192765467,0.020178509904428415,0.031036401779338862,0.8815,0.008531813049253772,0.9284285714285714,-2.3769222967337615,-2.6562854743302795,0.27936317759651796,0.9765714285714285,0.9192857142857143,information
active_round2_candidates-9d717d008276243c,9d717d008276243c0a4e4367914ed239a78476f80ce7a67b70001dcb9e66fc55,debugging,0.012244792289617678,0.020133865467573047,0.031133962887770688,0.90025,0.00851527276310808,0.9282142857142858,0.3381204063102484,0.30911189274666906,0.029008513563579363,0.356,0.8025857142857143,information
active_round2_candidates-f0747c632a2b47be,f0747c632a2b47be51f5fa44e8a23cdcdee348e37c05a5203c1a51f2f09bfca9,debugging,0.012268142293508444,0.020190821369291415,0.031287322241731766,0.9632142857142857,0.008503800330479892,0.9279285714285714,0.12596478171889447,-0.23923774515661794,0.3652025268755124,0.9950714285714286,0.9554714285714286,information
active_round2_candidates-782b8b50474ac224,782b8b50474ac224cdd7581012887a709af1f07abc1b19d9e8e7fef26e253a96,debugging,0.012268231012732922,0.02022857012731331,0.031227207537682822,0.9587142857142857,0.008421503901173613,0.9258571428571428,-0.5480931365458082,-0.4892887863875186,0.05880435015828955,0.4850714285714286,0.8508428571428572,information
active_round2_candidates-441ae5d8dde137a9,441ae5d8dde137a92b5c91ee8d591b57a5643de1094549c3b3472cf72e01d63a,debugging,0.01223366826135596,0.0199704339167439,0.030704962951581632,0.6050714285714286,0.008348414806018679,0.9230714285714285,-2.1038033340301654,-2.3831332982089872,0.27932996417882183,0.9765,0.806557142857143,information
active_round2_candidates-73f34cd6804af831,73f34cd6804af8314286271e24c6a27031f32305e56f751b02da95557d1589cb,debugging,0.012208355298220116,0.019979262370386202,0.030512493389086365,0.4997142857142857,0.008296840952628448,0.9212857142857143,-2.4136849076439324,-2.292129999817641,0.12155490782629119,0.7337857142857143,0.7151571428571428,information
active_round2_candidates-2c0c0f6ae05104be,2c0c0f6ae05104be12b2f0d806ddf3770a2fded9d30e80e6dce80ffb5cdd0ccf,debugging,0.012197332380973865,0.019931391648536374,0.030891665307672633,0.6677857142857143,0.008283163606442866,0.9208571428571428,-0.8462955615496288,-1.092479214229146,0.24618365267951714,0.9536428571428571,0.8261857142857144,information
active_round2_candidates-01d83521c78b9ec9,01d83521c78b9ec96badc591ba52f5af2c5ad2fc2aee4a7ed25327974b3012c7,debugging,0.012232017627601321,0.02011125431279664,0.031230185873195825,0.9204642857142857,0.008278041821177312,0.9206428571428571,1.7014590097288353,1.3392397934562026,0.36221921627263276,0.9945714285714286,0.9353571428571429,information
active_round2_candidates-f10ffc38a39c1c56,f10ffc38a39c1c5692fd333a24c4f6ce856783af9deacc8cb0957c83ac7aa608,debugging,0.012296186668373893,0.020313473294712128,0.031163436657326134,0.9675714285714285,0.0082691575955832,0.9204285714285714,0.18025097739417717,-0.08303689643707068,0.26328787383124785,0.9657857142857142,0.9483571428571429,information
active_round2_candidates-c4ced072333b4e8b,c4ced072333b4e8b1c64d530130f45cc765a976d96563d1fdd97f1dc67006243,debugging,0.012241810424540263,0.02012366971700503,0.030821860864253942,0.7586071428571428,0.008258260678368538,0.9201428571428572,1.322464182556816,0.9702324225428562,0.3522317600139597,0.9932857142857143,0.8701571428571429,information
active_round2_candidates-05fef2885a61f769,05fef2885a61f7695b8dd08bc8e3d0399e740188b5eac70702de260fcde75ec8,debugging,0.01223214757381001,0.02003963443191351,0.030883633454789915,0.7422142857142857,0.008204106725879337,0.9188571428571428,-1.1297151769942433,-1.1602596648898644,0.030544487895621142,0.36442857142857144,0.7373142857142858,information
active_round2_candidates-f8e1019e1564d3cb,f8e1019e1564d3cbf129483427c16c53baa322ed4268739c0283284ae450537a,debugging,0.012235658352417312,0.020023026266150795,0.030659222825160586,0.6106428571428572,0.008170759590789242,0.9175,0.44948827557224147,0.21197781224848689,0.23751046332375458,0.9472142857142857,0.8007,information
active_round2_candidates-0966049b155304b1,0966049b155304b11d4e9615c76bd14a1c92477279868b4bbdf6b109afbd040f,debugging,0.012214945349921433,0.019950826785864666,0.03076758929908351,0.6187857142857143,0.008163670828022898,0.9170714285714285,-1.3552492487158179,-1.1945066972579625,0.16074255145785532,0.8205,0.7784428571428572,information
active_round2_candidates-dc48212ef8ff05db,dc48212ef8ff05db23b5f11e84af33ff53594d1a54b149a1d4b9f30307958cb2,debugging,0.012244986099619272,0.020064117878416388,0.03075583916221437,0.6937142857142857,0.00814649164001997,0.9164285714285715,-0.9152128866563085,-1.2693792450861925,0.354166358429884,0.9934285714285714,0.8427428571428572,information
active_round2_candidates-275aca30210be78d,275aca30210be78d0d15a8c5e1fa0f100d74063061ae7038b29e2eb3cd0181e9,debugging,0.012253556516947817,0.020084288106518064,0.031050529450357668,0.8533571428571428,0.008132078290347542,0.9158571428571428,-0.2428651301925654,-0.6033455303121164,0.36048040011955096,0.9943571428571428,0.9065571428571428,information
active_round2_candidates-814d7c2800875f17,814d7c2800875f178d2b342dc169c453222ace87df8f9aa181d8240caa8350ca,debugging,0.012219100202803814,0.0200306188879383,0.03058149420537564,0.5616428571428571,0.008073638750852485,0.9139285714285714,-1.657054104437834,-1.4791048907738507,0.1779492136639833,0.8582857142857143,0.7618857142857143,information
active_round2_candidates-8a9a3077ecd0859b,8a9a3077ecd0859b8fdbd3920162bd1394e04caabe93c1d43da820b5d32d7c5c,debugging,0.012213278951090529,0.01997420597050724,0.031018942584565962,0.7683571428571428,0.008038435971883253,0.9127857142857143,-1.5268516361967908,-1.7893044855466438,0.262452849349853,0.9654285714285714,0.8655428571428572,information
active_round2_candidates-1c332c0986447acb,1c332c0986447acb0b8550d09517f559e73f1f7e15bf0d6896f55b798e0edfa5,debugging,0.012232540100646531,0.01997800927699557,0.030719928201720946,0.6167857142857143,0.00802956766422651,0.9124285714285715,-0.8227648802605544,-1.0783567829174572,0.2555919026569028,0.9607857142857142,0.8038428571428573,information
active_round2_candidates-01d14c709f7ad94a,01d14c709f7ad94ac6eaa41c949da44b3d6c6001bfc780cf116b1783472250d3,debugging,0.012204652806407933,0.020023210862385232,0.030772374649671374,0.658,0.008028297500394363,0.9123571428571429,-1.4524339711284506,-1.8179761744352536,0.365542203306803,0.9952142857142857,0.8271857142857144,information
active_round2_candidates-e9caa24e72b09237,e9caa24e72b0923724cd8106112945169ff03d05f73d5c9cf749b0da017ebf18,debugging,0.01215904889262593,0.019731090404498112,0.030347591310672904,0.4235,0.008006375090133262,0.9115714285714286,-2.931296033093677,-2.8512695354683038,0.08002649762537306,0.5727142857142857,0.6485714285714287,information
active_round2_candidates-d459941d6c4fd327,d459941d6c4fd327fbf93fd635d3667fe096a7ba54968b5bbe9eec8cb7d221db,debugging,0.012237436518997566,0.0199888267301321,0.030893799362001234,0.7248928571428571,0.007979706744909167,0.9109285714285714,-0.7678346913699554,-1.0481940797877745,0.28035938841781904,0.9769285714285715,0.8497142857142856,information
active_round2_candidates-80218247f55bb7c4,80218247f55bb7c485aed3c94982784c2abab5a4c41aa7c884b9d4f234c5c133,debugging,0.012240404579712927,0.020101723787896052,0.03093868511116743,0.8048571428571428,0.007978628261068136,0.9108571428571428,-2.2989023716101293,-2.23827196551684,0.0606304060932894,0.4925,0.7847857142857143,information
active_round2_candidates-f75665b35a11993a,f75665b35a11993a47ea394a8359b10ee8a8ba845fb04d3915971f094c9235e0,debugging,0.012222399331780506,0.019987280906909356,0.030986584062180335,0.7633214285714286,0.00796159742070868,0.9103571428571429,-0.633529378962554,-0.8288823680115288,0.1953529890489748,0.8932857142857142,0.8481285714285715,information
active_round2_candidates-ae505c056910587c,ae505c056910587cb76d94d98a108eaef9be36382af07294a29acff6f72d4685,debugging,0.0122927312646571,0.020346682480827563,0.03116825394690046,0.9733571428571428,0.007939350324852972,0.9095,1.1473920458176516,1.2492447031382246,0.10185265732057291,0.6632857142857143,0.8857999999999999,information
active_round2_candidates-8e24954326c4c7b8,8e24954326c4c7b8384d0ca92da664d58c9a9c117306c75c3da88d7d261d2474,debugging,0.012298884706536724,0.020282298575770085,0.030780355077823656,0.8419285714285715,0.00793730568719573,0.9092142857142858,-1.2414756654862398,-1.0414122252805673,0.20006344020567246,0.903,0.8810571428571429,information
active_round2_candidates-6796a20764d0a054,6796a20764d0a054c71d46e41563f270f89e6c97407c59f3371007616028a139,debugging,0.012154456896339937,0.019739745538802294,0.030426354297749807,0.42864285714285716,0.007928594056570457,0.9088571428571428,-1.9690541792277423,-1.886022076911622,0.08303210231612024,0.5852142857142857,0.6520428571428571,information
active_round2_candidates-6f421e148b3370e7,6f421e148b3370e7bbadb0866151d2768e314dc22c9703acf5634ed992199e28,debugging,0.012243857938909843,0.020123341684978584,0.030834667291660855,0.7660714285714286,0.007905588903728625,0.9085,-2.46970086068451,-2.2200842985266345,0.24961656215787542,0.9567142857142857,0.8611714285714286,information
active_round2_candidates-347f0a0457cbd410,347f0a0457cbd41037f98cae1506c173ef02852c679f09215ec65c8208e1370b,debugging,0.012172546901888473,0.01990812478291576,0.030687749490462473,0.528,0.007880483269162715,0.9073571428571429,-2.883467270918696,-2.809746058346418,0.07372121257227793,0.5465,0.6834428571428572,information
active_round2_candidates-6c73d262eaaac703,6c73d262eaaac703734ce1f696dbe4315a06f6f2c33b354725007d94980159ec,debugging,0.012279088608926302,0.020253136652497353,0.030960698516461632,0.8934285714285715,0.007840091421893026,0.9053571428571429,-1.3458794911923895,-1.5104181053940764,0.16453861420168692,0.8297142857142857,0.8854571428571429,information
active_round2_candidates-e02e3e24cfc77159,e02e3e24cfc77159e284392b33159e34c5a95ce056874351e79a1d12bd7ff681,debugging,0.012277550795580908,0.02035365047248388,0.031008087730548677,0.9385357142857143,0.007792599663934226,0.9037857142857143,-3.329391910400529,-3.1551739792965288,0.1742179311040002,0.8500714285714286,0.906942857142857,information
active_round2_candidates-c06edb91012ce122,c06edb91012ce12256a77802b79d83c3cce292771fc04f1f52826348775c9498,debugging,0.012216322496876823,0.020033374895203335,0.031156951495652487,0.85975,0.0077797466442334,0.9034285714285715,0.21498033593324228,0.17180776465828906,0.04317257127495322,0.42242857142857143,0.7897571428571429,information
active_round2_candidates-797742e1bff2f43b,797742e1bff2f43b206045462062b9b284b7301326ff66414039ef1ac1248a09,debugging,0.012231553111973797,0.020032363907511702,0.03076786250445499,0.6745,0.007669049398145695,0.899,1.2014390938793171,0.9705611670079353,0.23087792687138187,0.9411428571428572,0.8176285714285714,information
active_round2_candidates-516e6899c2160ce4,516e6899c2160ce41763f4d6fa5ffeed007bdfdf5ba076d6e9f8516ed9cccba9,debugging,0.012220308627110616,0.02030741431194952,0.030893598370443254,0.8657142857142858,0.007635366297091973,0.8979285714285714,-1.672578621826188,-1.5965257887632882,0.07605283306289978,0.5561428571428572,0.8166857142857143,information
active_round2_candidates-cd6f8d3896f7618c,cd6f8d3896f7618c08d6321aa8ddfdd3aab296a4b3382ea5679ee8847032bfae,debugging,0.012230202335175298,0.020193398666893424,0.03125394802902261,0.9484285714285714,0.007542165274504868,0.8932857142857142,-0.6731025459464793,-0.6134379047180365,0.05966464122844284,0.48842857142857143,0.8343714285714285,information
active_round2_candidates-c257d8831cc0e33f,c257d8831cc0e33f9d3da31e1681893d672f819c4d860ab948fed0244e7a899c,debugging,0.012220097099100543,0.020205888574450426,0.03115839805083146,0.9235,0.007527742106322848,0.8927142857142857,-0.09270270204817965,-0.030802303482798887,0.061900398565380765,0.4977142857142857,0.8260285714285714,information
active_round2_candidates-5cab8c01be275ef5,5cab8c01be275ef5f0aab7b4f87d25ffa917acc5cdea71c08fef02cfdd76be50,debugging,0.012192740384687872,0.019990466603299464,0.03097042829474953,0.7413571428571428,0.00750565299907943,0.8917142857142857,-0.8584128553217385,-0.7908820290756463,0.06753082624609219,0.5199285714285714,0.7572142857142858,information
active_round2_candidates-42d2bfcb44a38968,42d2bfcb44a38968446d609e35c021c7838657b5bcc36a09667992eac5d22f5b,debugging,0.012203894266507437,0.02003344918098731,0.030812276616172883,0.6853571428571429,0.007486818891170082,0.8912857142857142,-2.8389887621756893,-2.9960288675002884,0.1570401053245991,0.8122857142857143,0.7931142857142858,information
active_round2_candidates-614d753e245d890d,614d753e245d890dde6366527c097b663a8778396f9facf04756682bba6d6d3a,debugging,0.012162952076449216,0.019693969898258428,0.030388039113327603,0.42414285714285715,0.007470619724224164,0.8905,-2.1366416467814995,-2.0614730284855294,0.0751686182959701,0.553,0.6364571428571429,information
active_round2_candidates-c632f2d2a05d21f7,c632f2d2a05d21f716f7c00db6a18b38370b1a45e3fb164dcc57b3b8548051ca,debugging,0.012224791030789809,0.020033872761276675,0.030947203471641795,0.7681428571428571,0.007443155946414452,0.8891428571428571,-1.691592568298255,-1.8850315718847086,0.1934390035864535,0.8894285714285715,0.8408000000000001,information
active_round2_candidates-a5c80426b84fb316,a5c80426b84fb316f9c4502489ff5bfe4f06b4ed0f1f8d0a34102b936830893b,debugging,0.012192052936834289,0.019982280755256505,0.030576359659985154,0.5200714285714285,0.007406398682429541,0.8878571428571429,-2.1168775362474923,-2.0153896847393806,0.10148785150811168,0.6615,0.6954714285714286,information
active_round2_candidates-518d53273f908ef1,518d53273f908ef186698328394be6ed3de0697122a82f6d0bebeaa6cd4717e7,debugging,0.012274153368775319,0.020209429881544536,0.031002360021079277,0.891,0.00736779116469861,0.8859285714285714,-0.9113187743218988,-0.8132442749719166,0.09807449934998214,0.6462857142857142,0.8400285714285715,information
active_round2_candidates-5adc5df852b9f612,5adc5df852b9f612fd8ee10108cb610bb22e44c657f6b96dec6998624adb2589,debugging,0.012217541918823594,0.020088148945423812,0.030671759839158652,0.6445714285714286,0.0073659183657773806,0.8857857142857143,-1.5842863275861612,-1.8744102789689325,0.29012395138277136,0.9813571428571428,0.8084142857142858,information
active_round2_candidates-1fb387da2ede2ec5,1fb387da2ede2ec5af26feccca6b854844317fbabba65876fd4bb6f28eaa51b4,debugging,0.012255085357679602,0.020078864925190548,0.031065326305206663,0.8570714285714286,0.007341260456010794,0.8847857142857143,-1.8002854894778824,-2.0812073685904093,0.280921879112527,0.9771428571428571,0.8921714285714286,information
active_round2_candidates-6e6b5b701323badc,6e6b5b701323badcfc89e61bc7238dbb876dab67d25cd818c981c8819b96664a,debugging,0.012179513241265968,0.019906222524773455,0.03069850033049844,0.5361428571428571,0.007302939183934129,0.8829285714285714,-3.2000333040292066,-3.131971144271967,0.06806215975723973,0.5221428571428571,0.6720571428571429,information
active_round2_candidates-8635e1841a5cc61d,8635e1841a5cc61dfb3cb4f23626d9119bfbb268ddc225b0263950efac8893ac,debugging,0.012217126407559762,0.02011740516450169,0.031043649861162193,0.8495,0.007283380465025627,0.882,-2.1633789366899014,-1.9907451608568962,0.1726337758330052,0.8464285714285714,0.8618857142857144,information
active_round2_candidates-2c6779eaf53ca510,2c6779eaf53ca510dbe63a7155383d0993cbe692a93026b3d4ee2b582cf3e75e,debugging,0.012209454966094872,0.020025128675838715,0.030878228527395073,0.7189642857142857,0.007271956176259932,0.8813571428571428,-1.9269717354158962,-1.9503928183949122,0.023421082979016017,0.3217857142857143,0.7044857142857143,information
active_round2_candidates-4ce09092bc3b789d,4ce09092bc3b789dc00711db9d4ec2f1184c38621382095cf6a8c67a7b24d271,debugging,0.012221165331194704,0.020053776945219957,0.030765399484958843,0.6797857142857143,0.0072389436494377755,0.8797142857142857,-3.328423611490248,-3.05770631019079,0.27071730129945815,0.9707142857142858,0.8179428571428572,information
active_round2_candidates-cce93777edff3e92,cce93777edff3e92c88a71888d7cefc22c47f31b023087aac75a8ff381cf204c,debugging,0.012252160397554607,0.0201847757998105,0.031145882072011133,0.923,0.007233493415811907,0.8795,-1.31304047227004,-1.2763734457861544,0.036667026483885534,0.3931428571428571,0.7996285714285716,information
active_round2_candidates-bc550e879d7d995b,bc550e879d7d995b34dff628cba06f77eede142a50fe62b4e28eac097ce62230,debugging,0.012218008505475643,0.01995097001599636,0.030801755215771952,0.63975,0.00723049322940004,0.8794285714285714,-1.867304555118269,-1.7225505723197012,0.14475398279856777,0.7884285714285715,0.765357142857143,information
active_round2_candidates-eca64067c76eb69e,eca64067c76eb69ed926018f5cbf8ac398c6219064f481a16cee0cce7485feeb,debugging,0.012183368598689247,0.01995712669410425,0.030378927938790955,0.45235714285714285,0.007222170639348542,0.879,-2.4099426702336544,-2.6856466196154463,0.2757039493817919,0.9745714285714285,0.7274571428571429,information
active_round2_candidates-57234b7a6d7e4499,57234b7a6d7e44996b957cc7f6f99b3c42d652dcaa3bc447bf70ab221bc526a8,debugging,0.012135588273620454,0.019752237167531585,0.030497800548218684,0.4332857142857143,0.0072200743838079316,0.8788571428571429,-3.3139715501776594,-3.2210014084807344,0.09297014169692508,0.6239285714285714,0.6496428571428572,information
active_round2_candidates-9305336ceb0cc47f,9305336ceb0cc47fc64df183fdef90de47c30f26a19315d39635cbf9b4ca519a,debugging,0.012287174341436894,0.02020374578115795,0.030893184120259893,0.8522142857142857,0.007185608021985346,0.8774285714285714,0.07193178231335118,0.06590126651531014,0.006030515798041036,0.1045,0.712757142857143,information
active_round2_candidates-2a95e397377bbdc7,2a95e397377bbdc7394f4cec7f3d442bb5845921a93ff67f4598f3f86b78a038,debugging,0.012220141736713968,0.020006659897803356,0.03071779558348846,0.6254642857142857,0.00718391971649337,0.8773571428571428,-2.578959301974718,-2.3213237102993127,0.2576355916754052,0.9622142857142857,0.7935714285714286,information
active_round2_candidates-157e98832519fe5f,157e98832519fe5f54d8a015e9613956c34bde5ca85faf200bf4a61cd5119b2e,debugging,0.012208278506003038,0.019893309035604188,0.03089031575704716,0.6527142857142857,0.007179981692511524,0.877,-2.4087481122462524,-2.230888599523954,0.1778595127222986,0.8581428571428571,0.7835142857142858,information
active_round2_candidates-cdca1a3e39a90c56,cdca1a3e39a90c561a35f3db9e739875415593585abc356e879a929af2818618,debugging,0.012251463614545311,0.020054998948229326,0.03061523383373053,0.6119642857142857,0.007176468603585691,0.8769285714285714,-1.1585541092049394,-1.4007574345399143,0.2422033253349749,0.9507142857142857,0.7857000000000001,information
active_round2_candidates-2d7c02295b6cbfea,2d7c02295b6cbfea274608bc6ec1c79164ca266158c9c4f87b084d974deff52d,debugging,0.012222194683308587,0.01996688573096074,0.031018406363040974,0.769,0.007164645898679297,0.8757142857142857,-0.4841175372083143,-0.7484984765850068,0.2643809393766925,0.9665,0.8511857142857144,information
active_round2_candidates-0e4b116132c07efa,0e4b116132c07efa4e73e622fc46f070157f27012bed19c2dd10502aed1f3281,debugging,0.012227545219495076,0.020149713902618056,0.03096360428876973,0.8334285714285714,0.007164128232869224,0.8756428571428572,-1.1274659105986686,-0.9941127904329267,0.13335312016574197,0.7651428571428571,0.8366571428571429,information
active_round2_candidates-efece1ac343b2b23,efece1ac343b2b23c0aa5217dd5c7464d884a33635ce5e03dc5d047674ead2fe,debugging,0.012236483882918437,0.020175139574935934,0.030659427208310185,0.6971071428571428,0.007137887485675104,0.8741428571428571,-0.7874789013648307,-0.5945297683971421,0.19294913296768856,0.8881428571428571,0.8061285714285715,information
active_round2_candidates-70acdb5f385f6db0,70acdb5f385f6db00da7b010fbb9017c94d1df04a349c190e84fbdf62d8be256,debugging,0.012236986472950257,0.02017720055025826,0.030837823187672808,0.7911785714285714,0.007120866028419374,0.8726428571428572,-1.9388912505309766,-1.7426813756374848,0.19620987489349173,0.8947857142857143,0.8444857142857143,information
active_round2_candidates-aa87c73549598777,aa87c7354959877702d3b5bc668c8cc4d0bb90a3f32e4618b85f82ccb57db8e7,debugging,0.01221326484360099,0.020112099186220866,0.0307909509736659,0.7218928571428571,0.007115028469853272,0.872,0.21507812316620423,0.03820994103196507,0.17686818213423916,0.8560714285714286,0.8087714285714287,information
active_round2_candidates-42e5599d944477cd,42e5599d944477cd9ea29cb43183a891df3c7b9397d02438a412a717a9a2c4c3,debugging,0.012230890555428971,0.020063822071442302,0.03121655736255131,0.8992857142857142,0.006524038498227323,0.838,0.8488866822720684,0.48086365975226564,0.3680230225198028,0.9955,0.8940142857142858,disagreement
active_round2_candidates-545625287daf54bd,545625287daf54bd77eb3d7cdb92e5429d37460b38e88c0d29466099e257cb97,debugging,0.012163975119950803,0.020048879036542195,0.030778612868200817,0.6523571428571429,0.0060394539224429165,0.8035,-0.6977012576380665,-1.0642803038045274,0.366579046166461,0.9952857142857143,0.7814000000000001,disagreement
active_round2_candidates-cd12594f3f524498,cd12594f3f52449806f581a3876cdfd21b1749d8a4057bf89b5fc2939ef4bfe9,debugging,0.01217361640019893,0.019908994746542952,0.03075016703097455,0.5622857142857143,0.005741152577332825,0.7807142857142857,0.08009813381313258,-0.27512985263528034,0.3552279864484129,0.9935714285714285,0.7359142857142857,disagreement
active_round2_candidates-6ae09d3f2b4463de,6ae09d3f2b4463ded243c917b0e65ba0e33a41f262187063d192daed9268ea8c,debugging,0.012246678896794802,0.0200507782846884,0.030915801026965582,0.772,0.006991332956700298,0.8657142857142858,-0.1584390536860134,-0.5130216955290582,0.3545826418430448,0.9935,0.8537857142857143,disagreement
active_round2_candidates-3f01490f5a34a5b9,3f01490f5a34a5b9537fa3aed90bac2e27402ba2370c746a6bdeac496622e122,debugging,0.012170852740103818,0.019815529655334937,0.03084947841228573,0.5641428571428572,0.005558156879155357,0.7657857142857143,-0.8435935265287037,-1.1968883760967368,0.35329484956803314,0.9933571428571428,0.7306428571428573,disagreement
active_round2_candidates-c57f645abb5f2a45,c57f645abb5f2a45d3985558bcce360461e62cf192f30c1d87f016e73b742af8,debugging,0.012259172312751823,0.020184443776194175,0.03102161006833105,0.8836428571428572,0.00592301562001946,0.7943571428571429,1.0342110403034492,0.6847632596515156,0.3494477806519336,0.993,0.8698,disagreement
active_round2_candidates-1ca719bcc4db767e,1ca719bcc4db767eef4a085ab50cbaaa10238f0099e669b63b6c5c03574d0c8d,debugging,0.01213566351083972,0.01973274972205887,0.030830806020784186,0.49942857142857144,0.006697810405879714,0.8489285714285715,-0.8952543308430247,-1.2438807710311854,0.3486264401881607,0.9928571428571429,0.7379142857142859,disagreement
active_round2_candidates-9d4edc064e29a5a4,9d4edc064e29a5a417e0e2b95926042932912eb0cf469ebd0ec3ea8ce902627a,debugging,0.012163886400726322,0.019865674098737206,0.030838727572249765,0.5796428571428571,0.0055284634820425525,0.7632142857142857,-1.0647264140543458,-1.411152149858666,0.34642573580432034,0.9925714285714285,0.7356571428571429,disagreement
active_round2_candidates-04c6dee5b1403047,04c6dee5b1403047f34d14ced88fba9fbcdc157cf17ac36e3300dec4a584b8b7,debugging,0.012253369485548473,0.020166676815805782,0.030510712776895738,0.6169285714285714,0.006033932226442691,0.8032142857142858,-0.5930608721006565,-0.9357125785245677,0.3426517064239112,0.9922142857142857,0.7665000000000001,disagreement
active_round2_candidates-6dccf80355c25153,6dccf80355c251534e5a0a6b9681a221102f03aea8d8c65f8ff65643a21dc0fe,debugging,0.012156079219449776,0.01981906621137632,0.030864278658726346,0.5653928571428571,0.004913775798826207,0.6986428571428571,-0.8474620819369021,-1.1849255967676569,0.33746351483075476,0.9911428571428571,0.7038428571428571,disagreement
active_round2_candidates-88ec6dd55dff1eb9,88ec6dd55dff1eb94c8b561de0be683a0c1742e3858cd1ff0e974619c28f1eb6,debugging,0.012227676184068394,0.020140536458759236,0.031184624528779358,0.915,0.005507423311333673,0.7620714285714286,-1.1968009941315976,-1.4937004367536928,0.2968994426220952,0.9834285714285714,0.8675142857142859,disagreement
active_round2_candidates-3dabb82fd28bf399,3dabb82fd28bf399f1616fce2c0e3492077d3825ff4d1889250494ac8339d83b,debugging,0.012208219843604063,0.020009682934388644,0.03103156142700573,0.7897142857142857,0.005556053392999437,0.7655714285714286,0.490925235702103,0.19463192260538198,0.296293313096721,0.9832857142857143,0.8187714285714287,disagreement
active_round2_candidates-ace3d16dab5d29ab,ace3d16dab5d29ab794f1ad47cec61a6ee03b79b5dbe4a50f1b84d23b4f39de5,debugging,0.01223681480731527,0.020094167153924855,0.031137875940278514,0.8847142857142857,0.005257174749755802,0.7362142857142857,-0.5642999519979792,-0.8549018592946007,0.2906019072966215,0.9815,0.8446714285714286,disagreement
active_round2_candidates-bb444d0bce54e65f,bb444d0bce54e65f795b5483c31c17ab9d2cd5ed03519c7c76161eb4525a83c5,debugging,0.012263861242257586,0.02026423579764081,0.03105676435841483,0.9238928571428572,0.0046602237565874565,0.6682142857142858,-0.6538993121653751,-0.9413903746180032,0.2874910624526281,0.9802857142857143,0.8329000000000002,disagreement
active_round2_candidates-f87a2b3ce4dc7d87,f87a2b3ce4dc7d8777ba3ff2b88924f28247391e37cae94ca270f7521a36f534,debugging,0.01217841304495684,0.019940596344595392,0.03070344462234419,0.5567857142857143,0.005889975323063856,0.7917142857142857,-0.5097746264456523,-0.7970365828074625,0.2872619563618102,0.9801428571428571,0.7354285714285715,disagreement
active_round2_candidates-cbd352d4b92f2178,cbd352d4b92f2178c25fd7fc3d32460e065e496412b57c49082afe1b80f6bd62,debugging,0.012209539723710989,0.020090881794271116,0.031187522671120647,0.8919285714285714,0.004498450101765887,0.6457857142857143,-1.2533960121181233,-1.540451456508005,0.2870554443898816,0.9800714285714286,0.8110999999999999,disagreement
active_round2_candidates-2c196d534f9be41c,2c196d534f9be41cb1f2e6f7f48fa09d82958d186dff9e5ba73df52560b08aea,debugging,0.012252150877157756,0.020169368852893905,0.03110573052154389,0.9064285714285715,0.00591007999190292,0.7931428571428571,-1.0486144871162877,-1.3355691542729564,0.28695466715666873,0.98,0.8758285714285714,disagreement
active_round2_candidates-4927761ac80c292b,4927761ac80c292bcc0bd4366160d07d81e7eedfb86ac0704b161db05ab54969,debugging,0.01221147218538177,0.019999544007853996,0.030837341678407636,0.684,0.006027683552328228,0.8027857142857143,-0.6426116816125089,-0.35677750253933294,0.285834179073176,0.9794285714285714,0.7906000000000001,disagreement
active_round2_candidates-b8894405f379faf5,b8894405f379faf5f885bd3da86deef53a01bcf91d93d614e78d0f0ffc82d3c5,debugging,0.012217346091357559,0.020051795918068587,0.031204555397122868,0.8862857142857142,0.0033605410764399758,0.47864285714285715,-0.38446103937374154,-0.66950988863463,0.28504884926088847,0.9792142857142857,0.7418142857142858,disagreement
active_round2_candidates-3d2d80a4794c4d9b,3d2d80a4794c4d9bc163ee23bdbfd7dfd07aa499bdcb079fdf50aedc46a22233,debugging,0.012193254404707865,0.01993464666429304,0.0311434554801293,0.7999642857142857,0.0036800026023067777,0.5318571428571428,-0.5532121603708997,-0.8378813032534291,0.2846691428825294,0.9788571428571429,0.7285,disagreement
active_round2_candidates-2a5dbe1d5f83c33b,2a5dbe1d5f83c33bfcba64d3b2e1e976932da276a5a4e86557421a8d0d665c6f,debugging,0.012202125069270962,0.019968516992904237,0.031113231383835437,0.80625,0.002865697579214146,0.3889285714285714,-1.0163309896100368,-1.2991257311781197,0.28279474156808293,0.9780714285714286,0.6736857142857143,disagreement
active_round2_candidates-e17d84e893c4cfc3,e17d84e893c4cfc394e02fe74a9f36242d6587d901ff9e2d9838c0933c7715bf,debugging,0.01225814851323381,0.020120566934100144,0.031035629342587932,0.8636428571428572,0.006962653129012148,0.8644285714285714,-1.8361080676282655,-2.1180270179947285,0.281918950366463,0.9775,0.8867285714285715,disagreement
active_round2_candidates-53ef6465f72d9447,53ef6465f72d9447ef6e08e4f454cc21f1f2ceedbb8345516b0f2afa10ca7794,debugging,0.012235398607728824,0.020115735359154053,0.030785916419270025,0.7324285714285714,0.006641466912492905,0.8457142857142858,-1.877875620862616,-2.15686236265471,0.27898674179209415,0.9762857142857143,0.8265142857142859,disagreement
active_round2_candidates-994d2726c0dd45ee,994d2726c0dd45eed8d81a66a9d681bfce976dd874b5d977c853ac2e4bc78445,debugging,0.012247568401268612,0.020140007635559662,0.03109691930047369,0.8903928571428571,0.0031880106443037542,0.4485,-0.585429947422447,-0.8642659987265784,0.27883605130413136,0.9761428571428571,0.7307857142857143,disagreement
active_round2_candidates-2ac218d511db98ca,2ac218d511db98cae113e9648ff1c9073cb7f21493444d69d9d632d226a390d2,debugging,0.012268138009543237,0.020146836422952175,0.031060257517848473,0.8867142857142857,0.006969100725402546,0.8648571428571429,-0.9516524069963335,-1.2301980257041236,0.27854561870779015,0.9758571428571429,0.8957999999999999,disagreement
active_round2_candidates-67af5bb234245f0a,67af5bb234245f0a9fa15a51e895cf18c98cc0c332bdb80c64f9e385cf36b21b,debugging,0.012281771192839127,0.020233912874013247,0.03094828189992079,0.8829285714285714,0.004807521739394635,0.6847857142857143,-0.14903750647306846,-0.427070023161077,0.27803251668800855,0.9756428571428571,0.8222142857142857,disagreement
active_round2_candidates-2763f14cb5b6185f,2763f14cb5b6185ff16efb85a2fdbf53947222227658a3a1d495b7fac3c70623,debugging,0.012199277619608578,0.019826512939811133,0.03052135073343994,0.4575714285714286,0.005544965882540086,0.7645,-2.0834198968260025,-2.3611610512726675,0.27774115444666503,0.9754285714285714,0.6839142857142857,disagreement
active_round2_candidates-4156ab5bf4f91efd,4156ab5bf4f91efd6a4e4fa8201192a2517e886101040f0287d90edd5313f599,debugging,0.012186758644623038,0.019934789388503852,0.03106621301643675,0.7588571428571429,0.0037990325266479036,0.5485,0.07675289378073669,-0.20052955938537131,0.277282453166108,0.9751428571428571,0.7179714285714286,disagreement
active_round2_candidates-35ba4d890f7240f4,35ba4d890f7240f47b4a7b4fd6e3180ac762baef0179d330b809fcc17261bae4,debugging,0.012170682465508686,0.01980666626287115,0.03067644751550464,0.48482142857142857,0.006370219290952421,0.8268571428571428,-1.2696057653740995,-1.5468823419203073,0.27727657654620774,0.9750714285714286,0.7196857142857144,disagreement
active_round2_candidates-bbe8c5770170aa2b,bbe8c5770170aa2be18b72df33cbfbd6cf9e829b543cc2f05d4a0625f2335ecb,debugging,0.012261452417448842,0.020113777206361597,0.030901000780524962,0.8026428571428571,0.005316571605572443,0.7424285714285714,-0.7696535965728167,-1.0461831079595674,0.27652951138675064,0.9747857142857143,0.8129857142857143,disagreement
active_round2_candidates-c4ac862e569b3fdd,c4ac862e569b3fdde454c23089f7f75ba88689c5a2d4eed394b76043c59efe2f,debugging,0.012269170065870935,0.020175542329492313,0.03097814821057613,0.8666785714285714,0.004820382993692065,0.6862142857142857,-1.7359773393180244,-1.459575598941746,0.2764017403762784,0.9747142857142858,0.8161,disagreement
active_round2_candidates-4f781e9bfb496f9d,4f781e9bfb496f9de61f3486a2c4b40de4b493c652f2a190cf894722850a675c,debugging,0.012221331670612203,0.020081103106442538,0.031284172125316465,0.9241785714285714,0.005261371579211205,0.7366428571428572,0.10546782343481242,-0.1702124662783262,0.2756802897131386,0.9744285714285714,0.8592142857142858,disagreement
active_round2_candidates-5c8e61df7e2396c1,5c8e61df7e2396c1e204fdef4d2e6e8e58563c07ca05c3d5d8fd24444ba220da,debugging,0.012196299315103286,0.019978780524778493,0.030895910725334187,0.6968571428571428,0.004918962530122076,0.6990714285714286,-0.20241090691827768,-0.4778153454860933,0.2754044385678156,0.9742142857142857,0.7532142857142856,disagreement
active_round2_candidates-0621295d940dd1b8,0621295d940dd1b8cba84a06c86de4f69eb0d41cc6ff98269f78910b571bb83c,debugging,0.012245645583072553,0.020224042870003137,0.031159928755272313,0.9356428571428571,0.005378208406243887,0.7489285714285714,-2.0249030050662182,-2.2996367928996024,0.2747337878333842,0.9737142857142858,0.8685714285714285,disagreement
active_round2_candidates-ff5e18da76c41609,ff5e18da76c4160928a76906277a50b834357a95c1b4b3c9af4b94836a89af29,debugging,0.012181923701943606,0.019853022135646048,0.030779871919453507,0.5524642857142857,0.0033950017775344525,0.4853571428571429,-0.33408604354435445,-0.6085411900391986,0.27445514649484415,0.9735714285714285,0.6098428571428572,disagreement
active_round2_candidates-71f8783663be3283,71f8783663be328323076b34175767467ca2cca079df175f6233ebf4eec5ce37,debugging,0.012217376597770722,0.019977054047819437,0.030784422736523737,0.6451428571428571,0.003710134117049989,0.5369285714285714,-0.9742160129565497,-1.2481902093401254,0.2739741963835757,0.9733571428571428,0.6675000000000001,disagreement
active_round2_candidates-e399c913c1ae6313,e399c913c1ae6313922e7f59fe5208f31ebf04b48c1b02afe85bc98991968cc7,debugging,0.012260217598085517,0.020160824929574564,0.030951246137377958,0.8465,0.005291266238006452,0.7398571428571429,-2.1594497896529,-2.433380610940469,0.27393082128756907,0.9732857142857143,0.8292,disagreement
active_round2_candidates-3c02cf4f7cfa83cb,3c02cf4f7cfa83cb64649b9af8346952a9c5c704c1751f192d9d2ddf1f891219,debugging,0.012177724232494132,0.019823316123762164,0.030694929653461444,0.4977857142857143,0.004039334791553505,0.5857857142857142,0.048791387691985544,-0.22504112291329237,0.2738325106052779,0.973,0.6280285714285714,disagreement
active_round2_candidates-be06990739926bd9,be06990739926bd9be84789079f0ae68e5ef408340dab18dfe0abae529e40ae2,debugging,0.012199928949876026,0.019980522593157638,0.030731972968440602,0.6068571428571429,0.003871953678178628,0.5596428571428571,-2.265926335759799,-2.5395075068418693,0.27358117108207036,0.9728571428571429,0.6611714285714286,disagreement
active_round2_candidates-a62c5716251b609b,a62c5716251b609b6cec0f6aaeee5216d9e98f5245824a14b90b38318659d123,debugging,0.012206987316686202,0.020065685097347064,0.0307248522232055,0.6559642857142857,0.005621541393795045,0.7716428571428572,-0.6260869708811605,-0.899421477375966,0.2733345064948055,0.9727857142857143,0.7656000000000001,disagreement
active_round2_candidates-fbba262c542ca498,fbba262c542ca498c3d3f14cf05e70417fb4d1305ed04de105b62ab9d130ac1c,effort,0.012335210249696086,0.02033623265949141,0.031726851548892945,1.0,0.004314886427640671,0.6242142857142857,-0.10245529361606073,-0.2042404031716725,0.10178510955561176,0.663,0.7822857142857144,coverage
active_round2_candidates-1e75ad46209e917e,1e75ad46209e917e3af1b59b5301723900e449d8556c1eda6d9138a4bb7b6ea9,effort,0.012335210249696086,0.020361706345752836,0.03167996484338827,0.9999285714285714,0.003934289687211473,0.5687142857142857,-0.7226633565171463,-0.8164008662150666,0.09373750969792027,0.6278571428571429,0.7530285714285715,coverage
active_round2_candidates-326e9fc88112bcd5,326e9fc88112bcd579becb038d7f378d7ce2acc8123d6c923c4cb118f53c32a7,effort,0.012315579473138534,0.020436752786671168,0.03159637548106127,0.9998571428571429,0.0048644527304235454,0.692,-1.074563943655641,-1.1382902353821533,0.06372629172651245,0.5051428571428571,0.7777714285714286,coverage
active_round2_candidates-f2857d9ec8f99351,f2857d9ec8f993518ee7c16c561fae9890f9b6dcb27e965ce7f7f77b7ca8e047,effort,0.012331307065872802,0.020310778020112035,0.031688488905632264,0.9997142857142857,0.004867394716704424,0.6923571428571429,-0.4038347796751277,-0.4822270093121603,0.07839222963703257,0.5665,0.7901285714285715,coverage
active_round2_candidates-7844afd67dc4f678,7844afd67dc4f6782e2c4b870e44138bc562a02e05fbbb95dff7f1ef023cc926,effort,0.012343780667024632,0.0204211528433857,0.03154993775469419,0.9996071428571428,0.0037481374994352314,0.5418571428571428,0.5645280480373084,0.5764907378994215,0.01196268986211313,0.1995,0.6564857142857143,coverage
active_round2_candidates-3db42b1a6800e078,3db42b1a6800e078a8c585b4194edb8ef60b251d54bad47e46a807efd6ef2dad,effort,0.012343780667024632,0.0204211528433857,0.03154993775469419,0.9996071428571428,0.0038999702382125118,0.5638571428571428,0.5212119833264702,0.5135092480026247,0.007702735323845578,0.13314285714285715,0.6520142857142858,coverage
active_round2_candidates-a062df74197fabd8,a062df74197fabd8a1b471df67e5e8131b693719d5d17ee71657cb3cf1440491,effort,0.012297748299208659,0.020281421834991785,0.03173416041048449,0.9995,0.006378307653586173,0.8273571428571429,-1.0975729291230116,-0.9328416828190063,0.16473124630400537,0.8305714285714285,0.896857142857143,coverage
active_round2_candidates-2789cc867a975dd8,2789cc867a975dd8a36acb24db6f901f8c1c8b4af11c929f51f9887a4db8bc31,effort,0.012298901627298891,0.020374929213105058,0.031619493226912904,0.9994285714285714,0.002972845968695665,0.4089285714285714,-0.6139882812561281,-0.699358944658122,0.08537066340199384,0.595,0.6823428571428571,coverage
active_round2_candidates-e668d12736f26b07,e668d12736f26b078671894c90ce158f55794b42897f82dba2e6ec22fdbbd12d,effort,0.012316268285601242,0.02048606821019566,0.03145974338695211,0.9993571428571428,0.0063995032616308905,0.829,-1.201332017423749,-1.3400277089487322,0.1386956915249833,0.7761428571428571,0.8865714285714286,coverage
active_round2_candidates-358362b4f6bf84ea,358362b4f6bf84ea71ab801be438f891a85ea3e744100fb16188cf24cecf69e7,effort,0.012323499884596256,0.020326562458077933,0.031611653314570755,0.9992857142857143,0.006071290307373608,0.8062142857142857,-0.5133443704013503,-0.32665541538265225,0.18668895501869803,0.8757142857142857,0.8973428571428571,coverage
active_round2_candidates-090b9fbb9a2bf463,090b9fbb9a2bf463f8be8141be81daed1e3c86b70f40c59a1b24c13738d39b9c,effort,0.012343780667024632,0.02041310394990679,0.03150305104918952,0.9992142857142857,0.0056306676303013205,0.7725,0.6550279095423879,0.8826104453890318,0.2275825358466439,0.9381428571428572,0.8963142857142858,coverage
active_round2_candidates-e29e5527de71f31c,e29e5527de71f31c266c17256399ed68310971e39869907608664cf3a25c6122,effort,0.012352275847133911,0.02050388107392724,0.031396257536097025,0.9991071428571429,0.005950370299257752,0.7969285714285714,0.5326816057898021,0.5579421835721727,0.025260577782370675,0.3355714285714286,0.7855285714285715,coverage
active_round2_candidates-90655d7d769a7372,90655d7d769a7372d347aaa8e825ad08edeccc5bfc7402e6fe4667463a3e167e,effort,0.012352275847133911,0.02050388107392724,0.031396257536097025,0.9991071428571429,0.004096907563410358,0.5945714285714285,0.3347599422382734,0.37467251350929454,0.03991257127102116,0.4087857142857143,0.7192285714285714,coverage
active_round2_candidates-fa5313734f902895,fa5313734f902895def1240c4bdd9a6583390857f57b019c3708d3968d3511a1,effort,0.012300811454762871,0.020247108852809417,0.03169583514694876,0.999,0.0064178811048994575,0.8309285714285715,-1.2316236047667843,-1.3770707454359943,0.14544714066920994,0.7897857142857143,0.8899285714285715,coverage
active_round2_candidates-dbd2adee18cc1ffa,dbd2adee18cc1ffa900f2f279281f35a5141a8b93d515cfa4f99923d7ad96c48,effort,0.012335973485748084,0.02046829929174418,0.031426215458128,0.9987857142857143,0.005443822442585633,0.7547857142857143,0.17740153962184568,0.24073635583039021,0.06333481620854453,0.5040714285714286,0.8022428571428573,coverage
active_round2_candidates-64a77ae35144e885,64a77ae35144e88535a2a0104f169d952574e21c664b4743e38b1d6288ba8585,effort,0.012293845115385376,0.020237611710793076,0.03169579776722382,0.9987142857142857,0.0032922394036976597,0.4664285714285714,-1.157682870342649,-1.2712793346685638,0.11359646432591486,0.707,0.7274571428571428,coverage
active_round2_candidates-50309a3dc4788fcb,50309a3dc4788fcb78f575c94327edbae8b0f08e583722ce7c7896f49a0d49f6,effort,0.012278117522651106,0.020286561975828437,0.0316505710481575,0.9986428571428572,0.0035937347490208283,0.5185,-1.4657247019953963,-1.5425931744102321,0.07686847241483585,0.5597857142857143,0.7188142857142857,coverage
active_round2_candidates-9396d6ca9fa26f10,9396d6ca9fa26f105fb90f87f5e9b68d2ca55ad24fff7cf5f1d4ecc5529e42a6,effort,0.012274214338827822,0.02027615250805946,0.0316590951104015,0.9985714285714286,0.002498276499405662,0.32221428571428573,-1.6815532468064878,-1.7841435623556052,0.10259031554911746,0.6662857142857143,0.6615714285714286,coverage
active_round2_candidates-6c2cf8f3a2f81e02,6c2cf8f3a2f81e021e57b299be1ae82882aaf9d2b24f009a1b0fc5769d624dc9,effort,0.0123320703019248,0.02041237281154154,0.031434739520372,0.9983571428571428,0.002905870849459019,0.39714285714285713,0.3932484505422112,0.27499835608188195,0.11825009446032925,0.7234285714285714,0.7028857142857143,coverage
active_round2_candidates-074673e76581798e,074673e76581798e71587b9adc8a15ebb5bf47e4f75827d38acecd938fe07151,effort,0.012286037934108828,0.02026353771592581,0.0316189621761623,0.9982857142857143,0.007289623667796401,0.8822857142857143,-0.4016365840361845,-0.136151756290751,0.2654848277454335,0.9671428571428572,0.945657142857143,coverage
active_round2_candidates-0ea946a72239e318,0ea946a72239e318a921a5ecce3bd3c0016f977c2a4b89593b2f5733da7fc99a,effort,0.012270311155004536,0.020247008197155025,0.03162073246714082,0.9980714285714286,0.003905086260623347,0.5645714285714286,-2.1554891452125693,-2.0621301684960933,0.09335897671647597,0.6257142857142857,0.7502000000000001,coverage
active_round2_candidates-cf6951bc6d8bba7a,cf6951bc6d8bba7a3e37bdc91b1c26f41f136987b496ba925a0d01e285558f1c,effort,0.012270311155004536,0.020247008197155025,0.03162073246714082,0.9980714285714286,0.0035963753432867373,0.5188571428571429,-1.6988500548101984,-1.7622183118446781,0.06336825703447979,0.5043571428571428,0.7076428571428572,coverage
active_round2_candidates-ccafc61a1146ece0,ccafc61a1146ece0f46270c3ff8e306f0ff5fac39980b6ad996bde56abec33f9,effort,0.012270311155004536,0.020247008197155025,0.03162073246714082,0.9980714285714286,0.0036602520858033056,0.5287142857142857,-2.1044346779774665,-2.1251116583928904,0.020676980415423873,0.301,0.6709142857142858,coverage
active_round2_candidates-fc97a751b5dc4ed7,fc97a751b5dc4ed7cd5460b96cef28e0dcb0593f2b17aef41b1a0ec511cc4f81,effort,0.012336662298210793,0.02055343241529656,0.031242696658514164,0.9979285714285714,0.005358977157642623,0.7470714285714286,-0.2490603885186044,0.021266032134348106,0.27032642065295254,0.9702142857142857,0.8920428571428571,coverage
active_round2_candidates-21ec4ca05fc6de51,21ec4ca05fc6de5189f392355bfd96c7239e9461876fa23d8c387613cf191347,effort,0.012282134750285544,0.020251566879734506,0.031580599532901626,0.99775,0.005970176581634778,0.7987142857142857,-0.7121656939342693,-0.5819907660167547,0.13017492791751462,0.7566428571428572,0.8699142857142859,coverage
active_round2_candidates-af5b496ebdfc063b,af5b496ebdfc063b8056a31bb729d7c835bc0f45453e432bb031f9c5c92a1539,effort,0.012282134750285544,0.020251566879734506,0.031580599532901626,0.99775,0.004338805233672491,0.6270714285714286,-0.877614446721488,-0.8798368409469084,0.0022223942254203655,0.038214285714285715,0.6575714285714286,coverage
active_round2_candidates-871bd7d06f202ca5,871bd7d06f202ca5e540b2dc59497dc1e75d7e01e545bfd5854518238a83e72e,effort,0.012336662298210793,0.020469971093192325,0.03128958336401884,0.9972857142857143,0.004217683587174141,0.6104285714285714,0.9260589258777746,0.9610439628589609,0.03498503698118627,0.38571428571428573,0.7202285714285716,coverage
active_round2_candidates-a5c5b9a746e69561,a5c5b9a746e69561ebf206868179632760f0872e151f3958ee89ccd96a95b310,effort,0.012294533927848083,0.020239959000868873,0.03155916567311465,0.9972142857142857,0.004013493021844794,0.5821428571428572,-1.3993495930972355,-1.3200230443920877,0.07932654870514777,0.5700714285714286,0.7457571428571429,coverage
active_round2_candidates-68b9f5f1441f6c0b,68b9f5f1441f6c0b4f9d206064d13d0397f212ed9cbfe78d283c8cc3a264e69b,effort,0.012294734619859186,0.02016291351856516,0.031615928613156666,0.997,0.006483581171150086,0.8356428571428571,0.13197744484794802,0.39211614321936084,0.2601386983714128,0.9637142857142857,0.9258,coverage
active_round2_candidates-1be87210963cb719,1be87210963cb719402802bce507e3b488de0f5a2312d475ee7f507ee8727f45,effort,0.012317877052200693,0.020381395183527513,0.031365241134152844,0.9968571428571429,0.0048606218798676526,0.6915714285714286,0.35913543710969315,0.21679741098788885,0.1423380261218043,0.7825714285714286,0.8318857142857143,coverage
active_round2_candidates-8ba6fd8cc08aabc8,8ba6fd8cc08aabc8c253424d9f5ab77d5d3070b36cb941aa81ca76c049cdddbd,effort,0.012312439525367248,0.020441216443260427,0.03130426345254033,0.9967857142857143,0.002480236384246413,0.3185,-0.5621060822685671,-0.6470017419013236,0.08489565963275658,0.5926428571428571,0.6446428571428572,coverage
active_round2_candidates-41bc071380fe6224,41bc071380fe62240bdcdc2cd850c8dca467606b0946005e8716a3bf080471e0,effort,0.012279007027124918,0.020254314974282477,0.03152381518858567,0.9967142857142857,0.0078055600451745555,0.9042142857142857,-0.9156970585832702,-0.5852243232604286,0.3304727353228416,0.9901428571428571,0.9584000000000001,coverage
active_round2_candidates-40959d4badb1021a,40959d4badb1021aac37a16b9ae94d50704ff49eb92a4913143d4c5c9b6e3c23,effort,0.012253369485548473,0.020166676815805782,0.03163176153699221,0.9965,0.0022855475137495886,0.2797142857142857,-1.0186545024931544,-1.1218589716292444,0.10320446913609005,0.6693571428571429,0.6443571428571429,coverage
active_round2_candidates-c380d83a435ef5f4,c380d83a435ef5f40725f9bc90d562cd3be59377588f4ad0386a01e59df3f6ea,effort,0.012307007528999913,0.020300729843035516,0.03142061452217657,0.9959285714285714,0.005053286200922489,0.7130714285714286,-0.17783205405760727,-0.2613052971805059,0.08347324312289861,0.5866428571428571,0.8009285714285714,coverage
active_round2_candidates-824bc760321627d6,824bc760321627d6184948d860a466beddf0dbee0ed914fd7b2d2b27e2d06b48,effort,0.012287880074661767,0.02041114456314528,0.031320776192976865,0.9954285714285714,0.0022481907843862046,0.2722857142857143,-0.8233752637308416,-0.8018605926973834,0.021514671033458166,0.3077142857142857,0.5686285714285715,coverage
active_round2_candidates-f248b36d5579f95c,f248b36d5579f95c3ba3390f269148b0f5da8aba83df49c19f69569d918bc055,effort,0.012307208221011017,0.020279610075864537,0.03143049075671391,0.9952142857142857,0.0022530975708375377,0.273,0.6199524583821894,0.6274219533103613,0.007469494928171949,0.12921428571428573,0.5331285714285715,coverage
active_round2_candidates-f5b52f2af4a6e86f,f5b52f2af4a6e86fe604ba34504f8827ee43ad59921958fd5c6553d3d9cd54d5,effort,0.012274903151290529,0.020256982699431447,0.03147557631078765,0.9949642857142857,0.005321770678664663,0.743,-2.8383339784086647,-2.6453861538028884,0.1929478246057763,0.8880714285714286,0.8728,coverage
active_round2_candidates-21f56fd886beb2e1,21f56fd886beb2e15584f5d7c77927b872132f761939f571b19079e30112d045,effort,0.012274903151290529,0.020256982699431447,0.03147557631078765,0.9949642857142857,0.0015444081416478503,0.1477857142857143,-1.892049194982783,-1.8850646852287416,0.0069845097540413015,0.12164285714285715,0.4814285714285715,coverage
active_round2_candidates-888de38664ab245c,888de38664ab245c2317c808155985b6c7f9c689cdc696d2ad8b3ad3338d3518,effort,0.012278806335113817,0.02025137008296322,0.03146705224854365,0.9946071428571429,0.002562900156778488,0.33235714285714285,-2.222508668917825,-2.302435023599424,0.07992635468159914,0.5722857142857143,0.6452428571428572,coverage
active_round2_candidates-b306eb81b785fa76,b306eb81b785fa76b139468f92c718262fe2d4b80bf40c8f8e305a2af998fb15,effort,0.012278806335113817,0.02025137008296322,0.03146705224854365,0.9946071428571429,0.0024114831165404408,0.3053571428571429,-2.1959467214357886,-2.2639483928862196,0.06800167145043101,0.5219285714285714,0.6243714285714286,coverage
active_round2_candidates-a8b6767a9aea92ba,a8b6767a9aea92ba8d7e45056fb7d8092a3536471e4f1b2ca01ffcef29eee117,effort,0.012308160857090144,0.0203814324226502,0.03130594733860498,0.9943928571428572,0.005948929494486668,0.7966428571428571,0.140902767409463,0.16749684527053216,0.026594077861069154,0.34314285714285714,0.7850428571428572,coverage
active_round2_candidates-ece653d5990a7073,ece653d5990a70730f0b0cd0d2ae583d867141bc06a2bc61ca2cca97a84ccd2a,effort,0.012308160857090144,0.0203814324226502,0.03130594733860498,0.9943928571428572,0.00370336994979098,0.5356428571428572,-0.057018896142065456,-0.027822559019620968,0.029196337122444488,0.3572142857142857,0.683457142857143,coverage
active_round2_candidates-658d7529acfb5a53,658d7529acfb5a534e94a69c7da8d9fd7b23be30d9fc082b758b82ccfec20545,effort,0.01230365758002863,0.02030654856263998,0.03138409648282604,0.9940714285714286,0.002362976183464541,0.295,0.752485287809704,0.7458685036550954,0.006616784154608646,0.115,0.5386285714285715,coverage
active_round2_candidates-1f0692f0c565dd69,1f0692f0c565dd691d625a0b263be1aa54e8123e47740269433318e49dc181c6,effort,0.012295423432321895,0.02026166635420466,0.031432409813542825,0.9935,0.005647977928803861,0.7737857142857143,-0.822515951165772,-0.8730625225125249,0.05054657134675289,0.45171428571428573,0.797257142857143,coverage
active_round2_candidates-4095c6a34d3496ea,4095c6a34d3496eaf4275cc178a0fc0451181a4b66d518076f7e9de2bffa834d,effort,0.012262503973727992,0.020176664894000943,0.03154389687607931,0.9932857142857143,0.006436688124362915,0.8325,-1.8219048775734201,-1.78572408752173,0.03618079005169017,0.391,0.8085142857142857,coverage
active_round2_candidates-5aae2508550987e9,5aae2508550987e9fe3db01356ba7e2fb09d010d2c42e81f515683399dca83ca,effort,0.012237641892814207,0.020203733370933334,0.03153964811242122,0.9932142857142857,0.0035823734353921605,0.5170714285714286,-1.7210688340914821,-1.7332123469446656,0.012143512853183491,0.20185714285714285,0.6444857142857144,coverage
active_round2_candidates-9c3dbf48a349ede6,9c3dbf48a349ede69b0aedca321926161f04dfc303184ab6f057e0d7c5bdec4f,effort,0.012285772674491312,0.020225102073262294,0.031467089628268594,0.993,0.002489958448336029,0.32042857142857145,-1.2695307625675079,-1.2659333065039695,0.00359745606353834,0.06292857142857143,0.5379571428571429,coverage
active_round2_candidates-93f70ae6295b86d1,93f70ae6295b86d1585ad98feba81c99ff93ceea3c113e488af13e9a0fdc62ff,effort,0.012249466301725189,0.020127074045692066,0.031593398893731535,0.9925714285714285,0.003744499250502189,0.5410714285714285,-1.2170523226305683,-1.099933721118318,0.11711860151225029,0.7194285714285714,0.7573428571428572,coverage
active_round2_candidates-0fe3cbee7f33bda3,0fe3cbee7f33bda3e79548545f0e3896a82e04a1fb8e2341a8c73eda3fe83af0,effort,0.01226193990287702,0.020250290613950353,0.03145484774279346,0.9924285714285714,0.0014501326553654492,0.13314285714285715,-0.004333652772367913,-0.008555857379439202,0.004222204607071289,0.07271428571428572,0.46477142857142856,coverage
active_round2_candidates-28607aa36538ea2f,28607aa36538ea2ffbda3fd014d6e2d0505e7c613fe1ec799fcaeb7a797833b5,effort,0.012289789902125746,0.020276459754106094,0.031397118113012726,0.9918571428571429,0.001980562908646586,0.22307142857142856,-0.6664894569045855,-0.6478868237952178,0.018602633109367717,0.2809285714285714,0.5421571428571429,coverage
active_round2_candidates-fd6c0a087717ce07,fd6c0a087717ce0771bb70182611388c36f45ad349e7f15e33df578bae171939,effort,0.012307674807663066,0.020341331188379094,0.031314124967570175,0.9917857142857143,0.0050782097116156884,0.7164285714285714,1.3704576438616387,1.319205135609275,0.051252508252363604,0.45521428571428574,0.7743285714285715,coverage
active_round2_candidates-70663171e07eafbf,70663171e07eafbf1194789194faca9374762ed96c55f8652288862c4b72d07f,effort,0.012286726746571537,0.02018249362467519,0.03148233008205313,0.9912857142857143,0.005087176672516166,0.7175,-0.44261428401343617,-0.6158674680222889,0.1732531840088527,0.8481428571428572,0.8531428571428572,coverage
active_round2_candidates-62b23e75690867f2,62b23e75690867f2e19dad930448d3eb626bef7258ab0840f58c8f60ba34b3a1,effort,0.012293693085949032,0.02021815091098872,0.03143548075627341,0.9908571428571429,0.00514193823014193,0.7242142857142857,-0.14266166111198086,-0.160831950796417,0.018170289684436125,0.2762142857142857,0.7412714285714286,coverage
active_round2_candidates-cbbe876a81edbef9,cbbe876a81edbef97df44c0a0d800b5c509330894a6e6fe55560f8b98770b4ad,effort,0.01228692743858264,0.020165537706728003,0.03149220631659048,0.9907142857142858,0.006701806673209274,0.8492142857142857,-0.6956406894997363,-0.6034413352302548,0.09219935426948156,0.6211428571428571,0.8602000000000002,coverage
active_round2_candidates-2177b77ca61153f6,2177b77ca61153f662c0d743ea5d3b538285e68153156797cb4c3d71cedbe4d8,effort,0.012258600789904704,0.020179359871103912,0.03150553423281863,0.9905357142857143,0.004944553613544522,0.7014285714285714,-2.154380179510987,-2.0637106936622183,0.09066948584876888,0.6154285714285714,0.7998714285714286,coverage
active_round2_candidates-61b171a1562fbfb2,61b171a1562fbfb2bccbe82038f4d2976c7c23b9ee05d6731537b2d28b20558a,effort,0.012258600789904704,0.020179359871103912,0.03150553423281863,0.9905357142857143,0.0028683584180463533,0.3895,-1.965069649935171,-2.0637106936622183,0.0986410437270473,0.6495,0.6819142857142858,coverage
active_round2_candidates-9e9a2eb055e6fa1d,9e9a2eb055e6fa1dab66e145a5a91dc8dba8d4aab6be423a4a34e877bf75a9fc,effort,0.012285847911710576,0.020259304795224743,0.03139696934716234,0.9902857142857143,0.004127209669998052,0.5991428571428571,-0.9910686920082108,-0.9402542548407156,0.05081443716749523,0.4534285714285714,0.7264571428571429,coverage
active_round2_candidates-89ef079725ff4c08,89ef079725ff4c083e74bb8b4ae68a3cbc1a627da956706df3a4144cde0ec614,effort,0.012229835525167636,0.02020184643411066,0.03150980953140454,0.9902142857142857,0.002379597428884551,0.29957142857142854,-1.9541941869062838,-1.9648872186063873,0.010693031700103495,0.18042857142857144,0.552,coverage
active_round2_candidates-a8bee60bfcd8b988,a8bee60bfcd8b988526770a818e623ef48ca93f63de3445e492e7df194d70571,effort,0.012281453979404196,0.020364888608349393,0.03129480424799064,0.9901428571428571,0.003228522784016025,0.45585714285714285,-1.5768316800174484,-1.5791724221473715,0.002340742129923079,0.040285714285714286,0.5864571428571429,coverage
active_round2_candidates-57f802cc686a6a35,57f802cc686a6a358dfd2111f23f8bd412458f277f9beca3f85913d617c88090,effort,0.012277550795580908,0.02035365047248388,0.031303328310234635,0.9895714285714285,0.003419400836815366,0.4903571428571429,-2.045057735266082,-2.1653445174987302,0.1202867822326481,0.7301428571428571,0.738,coverage
active_round2_candidates-cd0b73fdedab0074,cd0b73fdedab0074796783828ecb14f5f314812fb5da36a7f90419b11f86e113,effort,0.012269470313105487,0.02015284890192491,0.03149704755029958,0.9887142857142858,0.003053934301945299,0.4230714285714286,-1.0901537070823535,-1.1120073417587348,0.02185363467638135,0.3102857142857143,0.6267714285714285,coverage
active_round2_candidates-02e1d89a3e5a5c85,02e1d89a3e5a5c85bfcf08ff625621c7d00b7470bcffa2b8beb93305e91b6e23,effort,0.012296455267228652,0.020464499710470412,0.03115594209049814,0.9885714285714285,0.006074675320918269,0.8063571428571429,-0.9565864413832131,-1.1019481693548998,0.14536172797168667,0.7895,0.8758714285714287,coverage
active_round2_candidates-a1b3106ba08b0eea,a1b3106ba08b0eeadd45ece18f8bb51bf2c1acb163fbe876ecb5d8eab6141a20,effort,0.012283024254759354,0.020178988180390118,0.031453843673329804,0.9884285714285714,0.004530530606143425,0.6511428571428571,-0.7895789093259571,-0.7654482922460568,0.024130617079900274,0.32785714285714285,0.7214,coverage
active_round2_candidates-c4f0976680846a47,c4f0976680846a474379bcadd7fa7a51e4e3f85fd3c7a25a68dc0833fad6329a,effort,0.012291077525260178,0.020323401876517353,0.0312993279558728,0.9882857142857143,0.005625517222118703,0.7719285714285714,-0.37399658206601283,-0.4063916317377645,0.03239504967175166,0.3737857142857143,0.7788428571428572,coverage
active_round2_candidates-023afa25e1a65858,023afa25e1a658585de37bd9a85378b34ff4abfb88ab7126b3ad175e4158476d,effort,0.012244608232191702,0.02017457549319438,0.03149279878664149,0.9879285714285714,0.0034826357112476562,0.5002142857142857,-1.3682447201174581,-1.4367774251149539,0.06853270499749575,0.524,0.7000571428571429,coverage
active_round2_candidates-eebc859c57ee7cb4,eebc859c57ee7cb49778ed33d6f0a7ee018048c8ae0ec360fab60609a9b7e374,effort,0.012316169987772345,0.020384378298391532,0.031207331454477683,0.98725,0.007487091455657678,0.8913571428571428,0.4349652317448656,0.645598007362897,0.21063277561803134,0.9190714285714285,0.9352571428571429,coverage
active_round2_candidates-b68f90360ca67ef7,b68f90360ca67ef7131404040c3cc1fd716abc3a34a6393be226691f9da70200,effort,0.012316169987772345,0.020384378298391532,0.031207331454477683,0.98725,0.004652186497789706,0.6667857142857143,1.7010862994816587,1.662048251465631,0.03903804801602773,0.4045,0.7425142857142857,coverage
active_round2_candidates-86efedf541325756,86efedf5413257562ded6e6e9ca1d244ef96d278ea20988e395cf4629cb663c2,effort,0.012256696464719104,0.020091703483920153,0.03155863824395204,0.9871428571428571,0.0025917142128349924,0.3377857142857143,-1.1850066976559404,-1.2721785889041268,0.08717189124818647,0.6028571428571429,0.6505428571428571,coverage
active_round2_candidates-355b4656421ac6ef,355b4656421ac6ef7c469cef33cf17358acf21ede4aa5d8eec03bdac597dc453,effort,0.012262128489274172,0.020154661958852946,0.03149016999439529,0.9870714285714286,0.002914479115668202,0.3987142857142857,-1.2156449877721793,-1.2045830065593375,0.011061981212841854,0.18564285714285714,0.5914428571428572,coverage
active_round2_candidates-2b4f12d6bc537d95,2b4f12d6bc537d95c3d2f06c717fd3111f8e7a071751521a178fab49aa5a9eb1,effort,0.0122655671292822,0.020171174127637227,0.031458684907038896,0.9865,0.0040439032330399525,0.5869285714285715,-1.765432648690874,-1.7855474109747314,0.020114762283857335,0.2955714285714286,0.6884857142857144,coverage
active_round2_candidates-2f73683e506fd1d4,2f73683e506fd1d4d1c8530f9b097fe3cd7fe813b6deb71bb8ae56c097e8ffb2,effort,0.012283076550365703,0.02024325676278601,0.031368851585416996,0.9864285714285714,0.004873136965515993,0.6935714285714286,1.210695192594519,1.149965459908206,0.06072973268631299,0.49314285714285716,0.7706285714285714,coverage
active_round2_candidates-85a24e69467705e3,85a24e69467705e32a0d0dda7dbf6ed77ac5f3629bfaf7b21ebda3b217c0a2e5,effort,0.012312266803949059,0.02036589658445885,0.03121585551672168,0.9862142857142857,0.004684029049293776,0.6714285714285714,1.704736382389821,1.7417751039300549,0.03703872154023391,0.39485714285714285,0.7420285714285715,coverage
active_round2_candidates-a1b419014fbfc413,a1b419014fbfc4130055525b856a406cb49b12ceb93a0a814e2c00682361ec22,effort,0.012309655173290293,0.020327615627745908,0.031248366521623556,0.9852857142857143,0.006245389138028264,0.8179285714285714,0.439459920520944,0.3908105570310464,0.048649363489897623,0.4437857142857143,0.8100428571428572,coverage
active_round2_candidates-aab68fd504a5edf4,aab68fd504a5edf42ab11d8a84e46d8ba5364ab70e2b7e9bda7f6cf51d8b548a,effort,0.012287174341436894,0.0203222414584653,0.03126096531261212,0.9841428571428571,0.0034774009258548236,0.49957142857142856,0.13824698801371565,0.23390193265475215,0.0956549446410365,0.6360714285714286,0.7207,coverage
active_round2_candidates-264eddbb242aa656,264eddbb242aa6568ad826e72cc645bfb1154c9916fe930f29bbbc3d50015a6f,effort,0.012304261634875222,0.020379120843202477,0.031185780671514823,0.9839285714285714,0.0031876333961084443,0.4482857142857143,-0.7383921389574248,-0.7330207288046204,0.005371410152804401,0.09228571428571429,0.5913428571428572,coverage
active_round2_candidates-e67743f56b7190b1,e67743f56b7190b19fbf8122968d3508677488e89cf3e3eb139f1f9fb7ece17e,effort,0.012287616251045349,0.02027240937662423,0.03130868751697664,0.9837857142857143,0.0052603213813273726,0.7365,-0.49092384270392103,-0.4127296601060505,0.07819418259787053,0.5656428571428571,0.8012428571428571,coverage
active_round2_candidates-3004f32425cd6db1,3004f32425cd6db13788769cf4e197a37eac787f127d30b595f3cc32057f8ee2,effort,0.012294343091819857,0.02028247843380686,0.031290175834069844,0.9833571428571428,0.002002679775834015,0.2272142857142857,-0.49085330605546107,-0.48520216543287575,0.005651140622585316,0.09735714285714285,0.5037,coverage
active_round2_candidates-96a735f7dd10caae,96a735f7dd10caae108c194d8f264e69c2ac0410339b486e448f07ca27508056,effort,0.012275350746155888,0.020289872323581974,0.03130109824685131,0.9831428571428571,0.004287462111884089,0.6207857142857143,-1.1343784161268822,-1.0245160311847157,0.10986238494216649,0.6946428571428571,0.7805,coverage
active_round2_candidates-11b28e58b4e9ffd6,11b28e58b4e9ffd639c2cf86a68a5e26b6e9953e12d2a50a4691bbd5b6f09f57,effort,0.01226193990287702,0.020195529688169008,0.03140796103728878,0.983,0.0021077931513855275,0.24628571428571427,-0.3404590376180971,-0.33285419799869426,0.007604839619402837,0.13164285714285714,0.5180428571428571,coverage
active_round2_candidates-503795ef991846ba,503795ef991846ba90df565dc6ad62fc04778284844b36afb21fc3e3633939ae,effort,0.012254401320455232,0.020254638128709413,0.031355293813947534,0.9829285714285714,0.002731791924092417,0.3628571428571429,-1.9328398143917875,-2.20287098882837,0.27003117443658264,0.97,0.7323142857142857,coverage
active_round2_candidates-4d624cd8ac8b30c3,4d624cd8ac8b30c39f6a3c190e8b5440a553bd28cc2983c7d3846349e5749013,effort,0.012191806033980037,0.01999068693359283,0.03112287864502839,0.8175714285714286,0.014191141180681712,0.9931428571428571,-3.343831973761298,-3.351227334503672,0.007395360742374013,0.12821428571428573,0.7499285714285715,information
active_round2_candidates-77543b95fa73aef0,77543b95fa73aef0e137776e5c4885c4bb80186f53e4a88a8c56318e219c9c05,effort,0.012194932526176839,0.01992338149237117,0.03078493029717852,0.6009285714285715,0.013995308273388166,0.9924285714285714,-1.9238797368578302,-1.9465417631279105,0.022662026270080293,0.31614285714285717,0.7005714285714286,information
active_round2_candidates-d4f3b1297b6847f0,d4f3b1297b6847f08f9d85b6ad3caeb19514588b8e4bb7906ebffb5fb60b5c50,effort,0.012220914493162816,0.020057566785146554,0.030613064641716252,0.5939285714285715,0.013804183394097948,0.9918571428571429,-0.26278563538970273,0.011144024071426617,0.27392965946112935,0.9732142857142857,0.828957142857143,information
active_round2_candidates-1eda62f75c5d0841,1eda62f75c5d0841f94c5c8f4dccfce639d83dad0d1019acbf85a0d8a1e2bd25,effort,0.012185702800731727,0.01993528945929119,0.031129172643889064,0.7899285714285714,0.01320061536806857,0.9894285714285714,-2.315504119691968,-2.376579601303108,0.06107548161114007,0.4942142857142857,0.8105857142857144,information
active_round2_candidates-28a0b5416152c712,28a0b5416152c71299249f7b0de9105a62bd17b285c27033a6948cdd5f2345a0,effort,0.012190948778916797,0.019960932430055672,0.03083136911697152,0.6482142857142857,0.013093958960999724,0.9890714285714286,-0.3612371055035431,-0.3995351366725953,0.03829803116905223,0.4009285714285714,0.7351000000000001,information
active_round2_candidates-f64a235c540eae09,f64a235c540eae098ec87d6d67238c96dc3ac8ceefec17fdf527fc8d84995317,effort,0.012220061724256362,0.020065680686932208,0.030839937323559115,0.7276428571428571,0.012964157116845927,0.9882857142857143,-1.3665948645166088,-1.1144080675561883,0.25218679696042057,0.9584285714285714,0.8780571428571429,information
active_round2_candidates-7af1f82b2844b6b3,7af1f82b2844b6b3cc1dc80dfc2fae7f7e53fcaf7a92c823515ab32837927c73,effort,0.01218582688576689,0.019854051879451537,0.030718680333881244,0.5238571428571429,0.012912937209166364,0.9881428571428571,-0.4121437796897566,-0.477436204737621,0.06529242504786442,0.5112857142857142,0.7070571428571428,information
active_round2_candidates-5ff8ad1cee5814ad,5ff8ad1cee5814ad941aefaf04ba14dad3470b1eeabd93667dc0b4179aa68c92,effort,0.012210049658610436,0.020091335665695147,0.03065711353985507,0.6325,0.012845917793047648,0.9875714285714285,0.23437899380142718,0.5547162490093988,0.32033725520797157,0.989,0.8458285714285714,information
active_round2_candidates-ce7c3d6eacce32e3,ce7c3d6eacce32e3ace213641c0c70bd8bbd1b6a134bc50e2e7d12d18d7df9d2,effort,0.012234501945042919,0.02013848221425013,0.03124753608390028,0.9329642857142857,0.012348257986036285,0.984,-2.016050985759609,-2.0849041559127883,0.06885317015317938,0.5255714285714286,0.8719,information
active_round2_candidates-7b6d05e67aeaf97b,7b6d05e67aeaf97be400b7d2d551c144ba705955659c2a2bbdd155d643222308,effort,0.012193634067043439,0.019991663321994233,0.03084240263044743,0.6724285714285714,0.012219006361302581,0.9832142857142857,-0.42351957489272424,-0.4629590630783863,0.039439488185662064,0.4062857142857143,0.7435142857142858,information
active_round2_candidates-6ab4eac0f91c4cd8,6ab4eac0f91c4cd8d2acd7fbb5eb16dbbf624ee641de0c02566d97a366c182e2,effort,0.012220904972765964,0.019896364615127223,0.03048126064340794,0.4705,0.012161179940443734,0.9828571428571429,-0.8928079654065222,-0.9569296397710867,0.06412167436456451,0.5067857142857143,0.6827000000000001,information
active_round2_candidates-263d7305c37ebf5c,263d7305c37ebf5c75b8ca8fcef1d0237f3da3f80224851756806a9aa18ab20a,effort,0.012210222380028623,0.019945161934782178,0.0307924081811784,0.6273214285714286,0.012146634707492492,0.9827142857142858,-1.1429713030945012,-1.2581673458087148,0.11519604271421358,0.713,0.7866142857142857,information
active_round2_candidates-de4fd74bd7e5786a,de4fd74bd7e5786ae844593db218db291521e829dcbd50f519faea4afdee3c81,effort,0.012243665217445328,0.020173231591852248,0.031128136731750893,0.9127857142857143,0.012107592576816909,0.9825714285714285,-0.794712754892343,-0.8869734593205058,0.0922607044281627,0.6214285714285714,0.8824285714285716,information
active_round2_candidates-c079c894f077a6d5,c079c894f077a6d547a76abd278c482d712dab933fafaa18eeb00b66ad0de460,effort,0.012230957822101648,0.020093594067156516,0.031011771136346872,0.8310714285714286,0.011864799280926234,0.9810714285714286,-1.192523543732635,-1.191582369070674,0.0009411746619609751,0.01607142857142857,0.7280714285714286,information
active_round2_candidates-1e43776857eef567,1e43776857eef5672d0310d4bc8b68052f9d4ef9e49aa0cd36c4e6f16f5673b1,effort,0.012115171200401271,0.019761256419699693,0.03051482816640879,0.43364285714285716,0.011805830675576176,0.9798571428571429,-1.138332423090597,-1.1427857723066253,0.004453349216028357,0.07657142857142857,0.5807142857142857,information
active_round2_candidates-56d6f7a45a02a87c,56d6f7a45a02a87c83d30361a4cc712a99672342f973f1418a49f9fa0d381aa6,effort,0.012300749160313745,0.02038726583328565,0.03104969451903144,0.9613214285714285,0.011801157348031268,0.9797142857142858,-0.7446697739305821,-0.43027223725950026,0.31439753667108183,0.9875,0.9739142857142857,information
active_round2_candidates-28348099d8bd0487,28348099d8bd0487e1c61be94e6e268378a4798ad6c5c3f8f140e6a59614eb0f,effort,0.012184423628950582,0.019914093205143972,0.030285494385609246,0.43292857142857144,0.011430129440479412,0.9762857142857143,0.37373877903117114,0.685133754179832,0.3113949751486609,0.9868571428571429,0.7610571428571429,information
active_round2_candidates-0273e408b2e32868,0273e408b2e32868a27913c3127a3ff32d4fe81b83ccb02f0f556eb1c97499af,effort,0.012154640462551599,0.019745597533014404,0.03074238944177802,0.48192857142857143,0.011399411108981444,0.9760714285714286,-2.7495731109100174,-2.799013472379102,0.04944036146908459,0.447,0.6726000000000001,information
active_round2_candidates-0b86f77709e59fd2,0b86f77709e59fd22dbbf8e446778d6fcc97326d6e1174abe1b4372f8f8a9af2,effort,0.01218997697244443,0.019885831035936573,0.03052580197316356,0.4712142857142857,0.011310175479404359,0.9749285714285715,0.2559936085815382,0.2340518977390489,0.021941710842489304,0.3107142857142857,0.6406000000000001,information
active_round2_candidates-f2ca8e947fc24979,f2ca8e947fc24979ad3f4c03c18f87e428f67e0535532820a593bc8c01d3a135,effort,0.012215616558614672,0.019993068454925968,0.030906472032472355,0.7207142857142858,0.011236592693324709,0.9742857142857143,-1.4412962682599242,-1.4783812461355748,0.03708497787565057,0.39514285714285713,0.7570285714285715,information
active_round2_candidates-f138491a7194bd22,f138491a7194bd224c75e8bd8bb949c18dd55a8a3f59d23cfed4fcab2c100a02,effort,0.012241659120448643,0.020133175609293844,0.03146967659716535,0.9796428571428571,0.011208568495278824,0.9738571428571429,-2.1449461692030143,-2.246008289109006,0.10106211990599157,0.6595,0.9133000000000001,information
active_round2_candidates-f9041bf4d1dbd8ab,f9041bf4d1dbd8ab7552d92ee0d55184552935609fc16ee966f9a0c13b0d3d6c,effort,0.012192606294680946,0.01994545470567796,0.030416056858354783,0.45889285714285716,0.011207418188965522,0.9737857142857143,-0.014780559771711221,-0.16330188220688296,0.14852132243517174,0.7961428571428572,0.7323,information
active_round2_candidates-cc2bf5ed80a640ba,cc2bf5ed80a640baa72854dd53b355693a42e1c4f0be7321ff4ac3a34f52c6cd,effort,0.012285785617261449,0.020326525989281363,0.03079771542474969,0.8615714285714285,0.011172308738720809,0.9736428571428571,-0.8010500101946769,-0.5342580937106624,0.26679191648401457,0.9683571428571428,0.927757142857143,information
active_round2_candidates-40c5d5ee5f72f1ca,40c5d5ee5f72f1ca42bfc3d563b261448ddd50ef44a514368af895eddae94fa4,effort,0.012231553111973797,0.020032363907511702,0.030587920095978625,0.5713214285714285,0.011121645568344558,0.9726428571428571,0.09591025343217759,0.41057395833358873,0.31466370490141116,0.9876428571428572,0.8151142857142857,information
active_round2_candidates-4315812c5595da01,4315812c5595da0111535a01b0907465865e3971d0027c9c89c1ef7fa656c5ca,effort,0.012248074971916283,0.02029206406125062,0.03076276864127076,0.8161785714285714,0.010849764579167538,0.97,0.09655559463937693,0.38325853402034643,0.28670293938096947,0.9797857142857143,0.9104285714285715,information
active_round2_candidates-1d500c0e8c4c1a92,1d500c0e8c4c1a92e55ae382a27e5c19c3e7657c8f18ea1ccb7c930ae3dbf6ce,effort,0.012301399166184567,0.020351487830644034,0.030904389596827887,0.916,0.010818895530640764,0.9694285714285714,-0.8536589919117228,-0.5455741850376469,0.3080848068740759,0.986,0.9513714285714288,information
active_round2_candidates-0e5b4a2dc74bc70d,0e5b4a2dc74bc70d270f7e9adc0538ff4fa8c7631f780d32b83703139438bab6,effort,0.012227944142752174,0.02009966567812246,0.03089353933901904,0.7761428571428571,0.010770399596638728,0.9687142857142857,-0.5960337036300729,-0.7317252306980019,0.13569152706792897,0.7700714285714285,0.8519571428571429,information
active_round2_candidates-530327d09848ff47,530327d09848ff47123f38d3e5733ff0d3012f1fe9f623f2d3a7c6db10b8fc94,effort,0.012268344535369808,0.020332790846418373,0.03107458255586158,0.9478571428571428,0.010749182997583302,0.9683571428571428,-1.1375575780125033,-0.8646019026079488,0.27295567540455457,0.9725714285714285,0.9610000000000001,information
active_round2_candidates-97da5ab853424de0,97da5ab853424de0615ec395e69eacc93dac6907c75748cc7e9303dcabd8a374,effort,0.012247761122733129,0.020084043361242147,0.031115536611643523,0.8755,0.010739563359090378,0.9682857142857143,-1.504230804374548,-1.528320785543884,0.024089981169336028,0.3274285714285714,0.803,information
active_round2_candidates-6d1e86b0e5bb222e,6d1e86b0e5bb222ee65030b12e7abb0d2089eae519f35fd794c43ce3599dc083,effort,0.012225450560327315,0.02009645068104046,0.031150359667009887,0.8859285714285714,0.010686961144291136,0.9672142857142857,-1.5818079206442075,-1.618272121064375,0.0364642004201674,0.39185714285714285,0.8196285714285714,information
active_round2_candidates-ea589006825c6663,ea589006825c66639f2f5f45e2b10d1d051fb183647858ade0ff7ff4a97cea82,effort,0.012122137539778767,0.019739827468808504,0.030467978840629063,0.4295,0.010488611674957071,0.9647142857142857,-0.8004393595055863,-0.8016409997223417,0.0012016402167553952,0.02,0.5616857142857143,information
active_round2_candidates-3b2c926f72d8a54c,3b2c926f72d8a54c20a05384cee0b0b519b01029fe8fa147ab69912590c579e2,effort,0.012224102218327102,0.02000740583169021,0.030667874521071548,0.598,0.010434654268753956,0.9638571428571429,-2.026728164746898,-2.0339294641059453,0.00720129935904712,0.12557142857142858,0.6498571428571429,information
active_round2_candidates-a459a1e59e75029f,a459a1e59e75029fc0998c152192b52dcb0e542169649b04e50b6613ec753f85,effort,0.012175718285440357,0.01998121487347002,0.030409216682175434,0.4624285714285714,0.010369422017043361,0.9630714285714286,0.6688754053855878,0.9376904354328993,0.26881503004731155,0.9695,0.7641,information
active_round2_candidates-5e522ec0c699ec65,5e522ec0c699ec653da1b1447d5e23c9db85f7a171c8bc59e9f9e0e30e3b9a0e,effort,0.0122426909553554,0.020163953838273,0.03119320887412067,0.9265714285714286,0.010368504498248887,0.963,-2.5941951533543124,-2.670213340241533,0.07601818688722073,0.5559285714285714,0.8670142857142858,information
active_round2_candidates-aa36cb6212cc7ff8,aa36cb6212cc7ff85351651f100d2f4fdd51ae904752798d3a1ce54ca9d57cb6,effort,0.012211154324125909,0.0199920529412728,0.030839773838201218,0.6808928571428572,0.010212882324967868,0.9612142857142857,-0.25598879215843173,0.014570834365671442,0.27055962652410315,0.9705,0.8509428571428573,information
active_round2_candidates-d9bbe17546e65e19,d9bbe17546e65e199ab645a4a9bb84e9e99049851233355bba29d84fd0712ae2,effort,0.012198176401883557,0.020024433546981295,0.030943734787446314,0.7479285714285714,0.010183268097747786,0.9608571428571429,-1.0994326954923934,-0.9264542741554286,0.17297842133696484,0.8475714285714285,0.8530285714285715,information
active_round2_candidates-713b333fba8f2c3e,713b333fba8f2c3e5efdbf312664a051d5be358e5fff41a9c99f2384d306caaf,effort,0.012201334794703362,0.019976733092637648,0.030649031838112944,0.5587857142857143,0.010157349715156016,0.9601428571428572,-0.16227355537782362,-0.16080073358004757,0.0014728217977760527,0.024642857142857143,0.6125,information
active_round2_candidates-b1ffdcb33c1d0277,b1ffdcb33c1d0277e4d0e623abcc1a6b529e41639385c60d8279fca1d010dfa6,effort,0.012158968329189177,0.019860891643804317,0.030613652668142748,0.4798928571428571,0.01014699093624995,0.96,-0.38567612953977193,-0.2223387140894581,0.16333741545031383,0.8271428571428572,0.7413857142857143,information
active_round2_candidates-39673a473234642d,39673a473234642d234979360ded66af5630a1bc33ace4965f24083ab3368cb3,effort,0.012174104593659656,0.01995808072883983,0.031000926403747832,0.7312857142857143,0.010022374337262649,0.9581428571428572,-1.649468096943357,-1.763384048870894,0.113915951927537,0.7083571428571429,0.8174428571428572,information
active_round2_candidates-bee19a52fc375fc3,bee19a52fc375fc317a088b6f2aef14dfad651503a7c3b4b914b1df0876414fa,effort,0.01223270644006403,0.02014745879730365,0.030473252912407038,0.5723928571428571,0.010008669556488145,0.9577857142857142,0.3901843717232445,0.644056696494474,0.25387232477122945,0.9597857142857142,0.8040285714285714,information
active_round2_candidates-f04654f1b0fbf030,f04654f1b0fbf030925c0e32e6bb5da6543126c14172f093cc44f7dfeac41cbb,effort,0.012248677755432485,0.02004869986669613,0.031337835183472815,0.9372857142857143,0.009895721221179765,0.9562857142857143,-0.2786643407781076,-0.2773118867945986,0.0013524539835089722,0.02242857142857143,0.7619142857142859,information
active_round2_candidates-c74865c8f9e826aa,c74865c8f9e826aaa145699d2f3bf214fe040ccf491a3f83b6c20f41d86f5b3a,effort,0.012220812831168198,0.020041486015391484,0.03130255915186259,0.9179285714285714,0.009805562372503792,0.9552142857142857,-2.4878257781076463,-2.2046543421415157,0.2831714359661306,0.9784285714285714,0.9449428571428571,information
active_round2_candidates-d83ef43a4682b080,d83ef43a4682b080b1083170628d02382d02b1cc7faaace0eda8ced7a4e0bf7b,effort,0.012177628112904336,0.019999943025135768,0.030438671896706616,0.4752142857142857,0.009789405697351285,0.9547857142857142,0.5514026728829631,0.7673658637158103,0.2159631908328472,0.9270714285714285,0.7574142857142858,information
active_round2_candidates-7e7c998a785f21ce,7e7c998a785f21cee6fb5179c32e79e6fc35314cd16e93ab45f4ea4f018cddb3,effort,0.01227327601272985,0.020173170035089776,0.03132999527113066,0.9681071428571428,0.009700668413789608,0.9538571428571428,0.2172234953347404,0.18281101154006885,0.034412483794671545,0.38357142857142856,0.8455000000000001,information
active_round2_candidates-1ec93a85c24eacdb,1ec93a85c24eacdbdccbdec56b8bf14ba04786f2e8e3cb10dbc1e1537cc0ca41,effort,0.012190330162828406,0.019945146640443952,0.030640531189660175,0.532,0.009569978315673688,0.9518571428571428,-0.8264605224668078,-0.6619250825762681,0.16453543989053965,0.8295714285714286,0.7594571428571428,information
active_round2_candidates-ace81f6d33cbaee0,ace81f6d33cbaee0e0e4123bbc640298370b664f49aff0cf4561bc9e92c78c15,effort,0.012214499966091797,0.019942167542356233,0.031168142743819648,0.8262142857142857,0.009546353108717886,0.9514285714285714,-2.067881185369219,-2.099572331410914,0.031691146041695095,0.3705,0.7851571428571429,information
active_round2_candidates-eb785d859c1d9d2d,eb785d859c1d9d2d1cf0bd9b11dfdd436f15fd830f47ede20dedbeb54afc265c,effort,0.012177367554585872,0.019849951674200565,0.03067128062285121,0.49914285714285717,0.009499010192549825,0.9508571428571428,-0.3999909545111703,-0.12870643943113183,0.2712845150800385,0.9711428571428572,0.7742285714285715,information
active_round2_candidates-25896f9a98c233d6,25896f9a98c233d6413c2e8ec1bf387c9ab2291b8a946a3edd5f0c35a3c72ba5,effort,0.01217882442880326,0.0199198101101712,0.030672149819657456,0.5295714285714286,0.009473202886899613,0.9505,-2.0235046361150175,-2.029598422634993,0.006093786519975275,0.10557142857142857,0.6131428571428572,information
active_round2_candidates-bb3cae0a6a8be9a6,bb3cae0a6a8be9a6678a25329be74ae89d37dd043b03b846fe73ba96bbca6ab4,effort,0.0121951160923885,0.01988161312821727,0.0308533123775143,0.6165,0.00943812646540406,0.9498571428571428,-2.5091600292029455,-2.563684449090098,0.0545244198871524,0.46985714285714286,0.7205142857142858,information
active_round2_candidates-d72161f0bec5c1e9,d72161f0bec5c1e9ffcacd84a2a51dfef130ae97daf38f064f1e8fbe5219a3b7,effort,0.012242847823383056,0.020159014663532263,0.031026687645702357,0.8679285714285714,0.009424697718562695,0.9495714285714286,0.3258613515745572,0.26200535883686216,0.06385599273769504,0.5058571428571429,0.8281714285714287,information
active_round2_candidates-ad3e3cfb15c3049b,ad3e3cfb15c3049b74831bd6d616ef24490b2191f1789944f6763d0cf413d858,effort,0.012234794331461293,0.02025593768584328,0.030488530981609408,0.6458214285714285,0.009395147848465537,0.9486428571428571,-1.03692571841795,-0.7646180942258038,0.27230762419214605,0.972,0.8321857142857143,information
active_round2_candidates-7d5e9223c59bf13e,7d5e9223c59bf13e6d284f88897d38ac1d4ad2abbbb07b85b9e959c653f12028,effort,0.012263340133821504,0.02019598973015405,0.03110893955524351,0.919,0.00932872494534345,0.9476428571428571,-0.4630829344388739,-0.505829165741122,0.04274623130224814,0.42092857142857143,0.8308428571428572,information
active_round2_candidates-4925d9f42823dac8,4925d9f42823dac8691c74ba3b5d2f9ebad4a23f9ecc28474e58727065578e49,effort,0.012201259557484096,0.019973956238967458,0.0307191521192192,0.5955714285714285,0.009296814803501929,0.9467142857142857,-0.8345937328431763,-0.5290064287789984,0.3055873040641779,0.9856428571428572,0.8140428571428572,information
active_round2_candidates-08ed1c20d2b39b71,08ed1c20d2b39b714e1181ace4dfd1cc8ca34b4ad29ec3c7e6d21b35fa46a95d,effort,0.012280801215759472,0.020336778268045717,0.03064581501944024,0.7960714285714285,0.009279884633577002,0.9465,0.23776450013068773,0.5502119020248948,0.31244740189420706,0.987,0.8944285714285716,information
active_round2_candidates-d569387d57297ed5,d569387d57297ed5470c0c31b03569e0c0fa1403f1f766b8cd63db740be43155,effort,0.012270038656941961,0.020222123320224144,0.030678794516014594,0.7503571428571428,0.009264164968726823,0.9461428571428572,0.18512877399183542,0.2285439730762407,0.043415199084405276,0.4230714285714286,0.7632142857142858,information
active_round2_candidates-d76ff7c35901bcdd,d76ff7c35901bcdd243b04d1ec5690ebd9fd4b8fc5dd5cce68ee01292cb8487b,effort,0.012227545219495076,0.0201638136979126,0.03078585345102196,0.7535,0.009259889622539855,0.946,-0.5360986743118894,-0.2875916317281709,0.24850704258371847,0.9557857142857142,0.8709571428571428,information
active_round2_candidates-4ba5ea746dfa053e,4ba5ea746dfa053ea079edd6cd0da110190ecb429a3bedfa76c0498e0ec6bd37,effort,0.012194685623322583,0.01989244361801881,0.03101617130115688,0.7129642857142857,0.009173617826410619,0.9442142857142857,-1.382039026932994,-1.293910685345572,0.08812834158742211,0.6062142857142857,0.7841142857142858,information
active_round2_candidates-b07f7809edac079d,b07f7809edac079d914ce84c3f25390497afa400502988436eb1542eaff52714,effort,0.01221143681053759,0.01999282212229845,0.031206468007355388,0.8620714285714286,0.009152791582653787,0.944,-2.3476574863455433,-2.453613720488307,0.10595623414276378,0.6792142857142857,0.8582714285714286,information
active_round2_candidates-388ef131813d1241,388ef131813d12412861c7e034e1951823397ef65d539104188c48a7fe1734da,effort,0.012252246114423349,0.019946423977541965,0.03068004824005713,0.5851785714285714,0.009121370240160272,0.9429285714285714,0.0404907107908013,-0.057735500589596395,0.0982262113803977,0.6472142857142857,0.7406857142857144,information
active_round2_candidates-fd9d522f6f5e9a58,fd9d522f6f5e9a5842efba47519a68700a5d10e2a411b6923710c4c2e282f89b,effort,0.012217307766005532,0.020076921372310288,0.03129316221103381,0.9245,0.009067419976819521,0.9419285714285714,-1.9690465341364047,-1.9817464684738932,0.012699934337488505,0.20985714285714285,0.7885428571428572,information
active_round2_candidates-d62c3762502e75ec,d62c3762502e75ec07da588d932c9606fcefb098777598d1325d280339496abb,effort,0.012267000371251351,0.020130902094023476,0.030873373194883702,0.7998571428571428,0.00906631308824885,0.9417857142857143,-1.129785209979885,-0.8867189576219306,0.24306625235795443,0.9514285714285714,0.8869428571428571,information
active_round2_candidates-7b4a41f85370654d,7b4a41f85370654d680ec4e9a2d1831610da57afe35df0d2ac9e234d80b4c7d6,effort,0.012214131719996982,0.020141685792546663,0.030681409342327094,0.6778214285714286,0.009003277729231998,0.9402857142857143,-1.4124675975414083,-1.2380266571086416,0.1744409404327667,0.8504285714285714,0.8173285714285715,information
active_round2_candidates-f7b305dc6b26aacc,f7b305dc6b26aacc26e25eb0836e3a741ac1b681aa4954af5d184c9f5148722a,effort,0.01224064275391929,0.02000716228485152,0.030855182220968162,0.7125357142857143,0.008955824535893348,0.9389285714285714,-1.168603667601901,-1.0549897525125043,0.11361391508939667,0.7070714285714286,0.802,information
active_round2_candidates-df0127ce49c9103c,df0127ce49c9103c1b2639fa885d34d88556e392ea289c2d284f8b7c00a4ba18,effort,0.012278141310214721,0.02026384743240968,0.03091428428365104,0.8797142857142857,0.008933900807497225,0.9383571428571429,-0.11048821683661558,0.17290258633621675,0.28339080317283233,0.9785,0.9229285714285715,information
active_round2_candidates-3007ced05e5061dc,3007ced05e5061dc5da290edd6bf0c83a5f206cc5cb85a21c05be60195d47980,effort,0.012192364900234055,0.01989611601513541,0.03063415582337477,0.5092142857142857,0.008915464769245741,0.9377857142857143,-1.037416604078949,-0.7314303175731858,0.3059862865057632,0.9857142857142858,0.7759428571428572,information
active_round2_candidates-ce24bd99b0f4238f,ce24bd99b0f4238fcfa5e3a52b2b8512e13dcbf6fac4b8ba2ef197a417c3c392,effort,0.012140178905297321,0.01975959601141091,0.0304080346533163,0.4280357142857143,0.008842757811056628,0.9364285714285714,-1.2149538745675903,-0.9683398660283153,0.24661400853927495,0.9540714285714286,0.7366,information
active_round2_candidates-2345cfaa5a8dda97,2345cfaa5a8dda97878528603300a8040c985217cae348a0b238ec428b4ee5a8,effort,0.012217954324085904,0.01996125625494144,0.030939364053346168,0.7237857142857143,0.008829811480068346,0.936,-1.721748610012861,-1.4683933499989963,0.25335526001386466,0.9591428571428572,0.8557428571428572,information
active_round2_candidates-8b37a714d5078757,8b37a714d50787574541a6a212851fa324efd6cfa293b7243c9afb41611f13ad,effort,0.01225031916115993,0.020201757078944376,0.030662212165819703,0.72,0.008783060634450088,0.9347857142857143,0.040245000808724146,-0.1255721676906309,0.16581716849935504,0.8327142857142857,0.8284571428571428,information
active_round2_candidates-310d8da769f15a0f,310d8da769f15a0fde15cda1e66f15b10594921352238a1b8e1fff527e97d1cd,effort,0.012187267007274193,0.0199241668150412,0.030678856453195912,0.5392857142857143,0.00877419329072771,0.9343571428571429,-0.873007927461827,-0.6910110196651729,0.18199690779665412,0.8657857142857143,0.7626142857142858,information
active_round2_candidates-ed9e19e4a88a261f,ed9e19e4a88a261f77977a097914d640ed7a44e16359b6abc23e96bbcbe30d43,effort,0.012189605984555013,0.01998382567996212,0.031120648581645066,0.8111428571428572,0.008718717423967633,0.9331428571428572,-2.090592485230882,-2.2216238142107017,0.1310313289798195,0.7588571428571429,0.8494857142857143,information
active_round2_candidates-f0c227eb9713c531,f0c227eb9713c53190b1eb21ecfa0472cb192b60eacb2db8c42e1953bffb17bf,effort,0.012135586909011328,0.019811039263566286,0.030553190809669468,0.4486785714285714,0.008649532887283724,0.9316428571428571,-0.9888358516767172,-1.1028787057599696,0.11404285408325243,0.7088571428571429,0.6939,information
active_round2_candidates-d8583983733f0e22,d8583983733f0e22d51c4c15991e95a09ab8858570b024f36959b45fc6a2d7a8,effort,0.01227915644578025,0.02015847955815551,0.031134045967682395,0.9200714285714285,0.008646921019521211,0.9315,1.910339846256591,1.8553062086691072,0.05503363758748381,0.4715,0.8349285714285715,information
active_round2_candidates-390d940e3657e5ec,390d940e3657e5ec25fb2f5e0dd2e09c2ce71e8560479f38e97042fed5d4a9b4,effort,0.012286962813426821,0.020263587510935148,0.03116388454869908,0.9571428571428572,0.008644902632416003,0.9312857142857143,0.9919987292837762,0.9887987719850327,0.00319995729874345,0.0555,0.7664714285714286,information
active_round2_candidates-dcdf194943a35ffb,dcdf194943a35ffb489c08c39b3826ff1b3dbbfa53ca025cfb715c5cfb801401,effort,0.012267563734069769,0.020191822633155967,0.030986337157890943,0.8750357142857143,0.00862175467372953,0.9306428571428571,-2.0566615978442684,-1.75336283427266,0.30329876357160845,0.985,0.9192714285714285,information
active_round2_candidates-3d22ccddc5708394,3d22ccddc57083948d1edda4546bbdfd95b3bb29028c42d3299abdb642070dfd,effort,0.012274157546657073,0.020231360952527016,0.031142400413653442,0.9412142857142857,0.008617689682964782,0.9303571428571429,-0.9704049416848632,-0.7569398681845496,0.21346507350031363,0.9232142857142858,0.9332714285714285,information
active_round2_candidates-db7e19d44e7797a8,db7e19d44e7797a8af289f5db83284ffd3583e94776d65acc11128ed09e7cab0,effort,0.012310343985753,0.020348229204323227,0.03106484772200971,0.9586428571428571,0.00858689070000772,0.9294285714285714,-0.9846493719077883,-0.7703438910676519,0.21430548084013645,0.9243571428571429,0.9401,information
active_round2_candidates-15617fa7a7a85f71,15617fa7a7a85f71c50bdc6fcadfab69e0b59af15f423d14c423eca0f4f804db,effort,0.01224869683805009,0.020213818640429374,0.03074766351355599,0.7703571428571429,0.008571844597324052,0.9292142857142857,-1.3142038036406514,-1.115236236568454,0.19896756707219732,0.9007142857142857,0.8599714285714286,information
active_round2_candidates-22e1916591f9b619,22e1916591f9b61937b8a116a99b102b33a3794f739cbe69b6bc553250748b99,effort,0.012199359201409962,0.01996134311643419,0.03066289188667698,0.5570714285714286,0.008458837873663581,0.9268571428571428,-1.428738543483149,-1.216424505228254,0.21231403825489492,0.9219285714285714,0.7779571428571429,information
active_round2_candidates-a134893f295fe30b,a134893f295fe30b01ffeec271362f3d2a14ee4dfb0df19be7c141a5be3ab7a1,effort,0.012270212857175639,0.020175223677354363,0.03136832053466639,0.9741071428571428,0.008455654797318675,0.9267142857142857,0.4263411780614078,0.5110604250323704,0.08471924697096256,0.5917142857142857,0.8786714285714287,information
active_round2_candidates-496d697fa824c828,496d697fa824c828b673037a5e956a2155115db9ea273ef226073ee95d4bf3a5,effort,0.012196572323932509,0.01995643607555387,0.031073799255865335,0.7791428571428571,0.00843020108333812,0.9261428571428572,-1.4784502429025808,-1.366040642642239,0.11240960026034186,0.7033571428571429,0.8227857142857142,information
active_round2_candidates-ceebe2ea027aea0e,ceebe2ea027aea0e207cc41d84c0f3e35367b4ad651086b6bf42f7f1577e483a,effort,0.01218895869404806,0.02000482013222065,0.03081132060127121,0.6604642857142857,0.0038365375660781953,0.5545,0.3655836357506108,0.7396124495274629,0.37402881377685204,0.9960714285714286,0.6852,disagreement
active_round2_candidates-4eca531cb874bbe9,4eca531cb874bbe90ba40d25491a9b5dcf54fe4effdb42f7f2f5341003fc06c4,effort,0.012222046788939605,0.020079846592731418,0.030846158962488712,0.7381071428571429,0.004829499452804536,0.6876428571428571,0.6669653419949445,1.0377274179193479,0.37076207592440336,0.9957857142857143,0.7694571428571428,disagreement
active_round2_candidates-a444abc76c86f5b8,a444abc76c86f5b883cea4633820e8041f160c6cb959627b6d8227117b9fb371,effort,0.012243894544717847,0.020090297995368284,0.031190471598161944,0.9055,0.006384839614986477,0.8277857142857142,0.6570058478121472,1.021025865962196,0.3640200181500488,0.995,0.8923142857142858,disagreement
active_round2_candidates-9411f8beb6ba7126,9411f8beb6ba7126209141263e635f10ddcd670d53809ba89a8b656d0ae1842e,effort,0.012178861870786019,0.019964102800131334,0.030613699805869775,0.5223214285714286,0.0032770334641217956,0.4645,1.0003403714322032,1.3633406296851827,0.36300025825297944,0.9947857142857143,0.5936857142857144,disagreement
active_round2_candidates-c6d6ed1057a3aec0,c6d6ed1057a3aec08e1d6440be7cc7441b01a68aaa22d481c0e00c18cd422a7e,effort,0.01226956555037108,0.02022355284820591,0.031287556570006606,0.9692857142857143,0.005664625413992315,0.7757142857142857,0.4122173703186537,0.7718924314438719,0.3596750611252182,0.9942857142857143,0.8968571428571428,disagreement
active_round2_candidates-997338edf75f2240,997338edf75f2240c25efd4fc02ac22fd5922c61ef7dfb755be9b234f2d77d9f,effort,0.012211347566764688,0.020012384219930394,0.0306264020802536,0.5701071428571428,0.004696869301779424,0.6727857142857143,1.5929083926695884,1.9507223492889953,0.35781395661940696,0.9941428571428571,0.6959857142857143,disagreement
active_round2_candidates-1d58a52c080f351c,1d58a52c080f351c13e1876e76a6e3b391ba7b7812b665b1ed4c4ef87efa1079,effort,0.012269153145108767,0.02011605306362318,0.031176757413035373,0.9172857142857143,0.004479618820447846,0.6435714285714286,0.9084239241087113,1.265204008042353,0.3567800839336417,0.9939285714285714,0.8231285714285714,disagreement
active_round2_candidates-932ab3eb5795a205,932ab3eb5795a205c1c21b33931b9624cd8954e2ea6840ee36a315bb63a578f2,effort,0.012216988846172542,0.020142841754948994,0.03115915890917085,0.9030714285714285,0.005087272216611849,0.7175714285714285,-1.2419698989425467,-0.8865493099269438,0.3554205890156029,0.9936428571428572,0.8469857142857143,disagreement
active_round2_candidates-ad4e053a7638bdb5,ad4e053a7638bdb5d7eef53e733dd595e93c66e80022015ba4df94940e4ad379,effort,0.012211683713391843,0.01991038763085152,0.031022113708881693,0.7362142857142857,0.005685457225688022,0.7766428571428572,-0.40974894742929174,-0.0658578621584518,0.34389108527083995,0.9923571428571428,0.8036142857142858,disagreement
active_round2_candidates-0d1a7a15be0b344b,0d1a7a15be0b344b0480dbec5bb12fa2e867e2940101a2472bb6efa1b75d46ef,effort,0.012193028200991237,0.019989079223800017,0.030884921013816603,0.6947142857142857,0.004496076221370244,0.6453571428571429,0.4584296680039228,0.7992447036238544,0.34081503561993154,0.9919285714285714,0.7344142857142858,disagreement
active_round2_candidates-0d76a1ebf5eac096,0d76a1ebf5eac0961d0d7f8a424cff3ea203fb475de69860723b98aee69dc380,effort,0.012192588576672467,0.019938935135538995,0.031073351370153664,0.7677857142857143,0.004640928406597309,0.6643571428571429,0.46352724212293084,0.8043328619985455,0.34080561987561464,0.9918571428571429,0.7712285714285716,disagreement
active_round2_candidates-b6b238b544829135,b6b238b54482913508959e59e1d49a682ead918b42386080742f2ef30354eb98,effort,0.012217168027424275,0.020089148143145736,0.030917467930530424,0.7776428571428572,0.005359128155309556,0.7471428571428571,1.6776591856202105,2.0182988378326305,0.34063965221242,0.9917857142857143,0.8082714285714288,disagreement
active_round2_candidates-8b721ccfb3b16032,8b721ccfb3b160321eadf953421666656660c67e6fac8a5833480511ccf6628d,effort,0.012217731390242695,0.02005776245931596,0.031030431893537668,0.818,0.005196607577028217,0.7299285714285715,0.8125496432726762,1.1516549611819018,0.3391053179092256,0.9913571428571428,0.8174428571428571,disagreement
active_round2_candidates-4ab4508760acc38c,4ab4508760acc38cc0cfb469e50b13c665b193df53e5db1729c7eba673ec50a4,effort,0.012199352856827845,0.019883774551776638,0.030800894863697453,0.5891428571428572,0.008109116864819488,0.9150714285714285,-0.6089854463971335,-0.2807578211447251,0.3282276252524084,0.9899285714285714,0.7996714285714287,disagreement
active_round2_candidates-102d6a63c9a5b359,102d6a63c9a5b3598d7c01b635afbbab98a21ab1242adf7c36f97fb329e00e94,effort,0.012230116980202597,0.02018005988296174,0.030888086219505628,0.8137857142857143,0.006305383834845921,0.8224285714285714,0.6972249221210168,1.0225093878767344,0.32528446575571757,0.9897142857142858,0.8524285714285715,disagreement
active_round2_candidates-d86b64e547c88360,d86b64e547c8836031cb73036c0067a7ced9c8c5ae0d215668ae72a9e4c3a163,effort,0.012238224408713696,0.020095116542763723,0.03104188226785275,0.8480714285714286,0.007587142809918327,0.8961428571428571,-0.8093567576170961,-0.48501516634253056,0.3243415912745656,0.9896428571428572,0.8956142857142857,disagreement
active_round2_candidates-30b6905d98d1f946,30b6905d98d1f946c863b0e88ab0062698ac492a751d574ad92690a9166fb746,effort,0.012212837041482074,0.02022711372533397,0.030860559819805435,0.8152142857142857,0.005425299338289073,0.7529285714285714,-0.5133670595008021,-0.19008858260247907,0.323278476898323,0.9894285714285714,0.8251428571428573,disagreement
active_round2_candidates-09f76f8d7bc7620c,09f76f8d7bc7620ccdd461748ae725521f0b5fe833820cf63d362138d486cabf,effort,0.012233365631147656,0.02012061580140107,0.031012083695988773,0.8433571428571428,0.004989499082855397,0.7063571428571429,-0.23016708961569862,0.09244158482021496,0.32260867443591357,0.9892857142857143,0.8177428571428572,disagreement
active_round2_candidates-f80adafb2dc6cd48,f80adafb2dc6cd4815567edbedd209f03e31a28a25d2a88373068926eb6a2cef,effort,0.012296529690817942,0.02031330470863079,0.031038824799347046,0.9413571428571429,0.00501236120226256,0.709,0.3492480213779664,0.667334855527378,0.31808683414941163,0.9884285714285714,0.8578285714285714,disagreement
active_round2_candidates-a105d14f6772c059,a105d14f6772c059d0653e210bdabe8dbc1129ad06b813078f38ce3db3741762,effort,0.012256705942301561,0.01999534080062164,0.031275994736825345,0.90675,0.005934411453854011,0.7953571428571429,-0.687834543062414,-0.3714625004409172,0.31637204262149676,0.9881428571428571,0.8784714285714286,disagreement
active_round2_candidates-e3939a98dcfc3c5e,e3939a98dcfc3c5e4670c7a39b2db8e6474485a6e00c711609f77dadb920b980,effort,0.01223496933491733,0.020063287667887786,0.031141749435544912,0.8732857142857143,0.007383801531207748,0.8865,-2.5016240295585677,-2.1898273667249217,0.31179666283364593,0.9869285714285714,0.9013,disagreement
active_round2_candidates-23288ddc47555e0e,23288ddc47555e0e3023b579cc3f8d87c2c90693d55574b55b28a8e43f239cc9,effort,0.012265937960118215,0.020280802308376044,0.03090787896011602,0.8787857142857143,0.007969602792372276,0.9105714285714286,-0.5863562837255354,-0.2781054332453031,0.30825085048023226,0.9860714285714286,0.912957142857143,disagreement
active_round2_candidates-ca92d9aea24b439b,ca92d9aea24b439b97acee3ce2f145972527d30b0b9b182d9695ac6122ba884e,effort,0.012263264896602238,0.020308624942894638,0.031132173130845098,0.9551428571428572,0.00780300497264042,0.9040714285714285,-1.4715284967499556,-1.1649180835736712,0.30661041317628435,0.9859285714285714,0.9408714285714286,disagreement
active_round2_candidates-872d522969d8236e,872d522969d8236ef6bbed0e1371fcf098f1feb9555366fc9cca0da7bc90f524,effort,0.012195261716370765,0.0199405880769579,0.03074227010076372,0.5848928571428571,0.008390868143087949,0.9245714285714286,-2.9405703896209054,-2.635883657427777,0.3046867321931286,0.9853571428571428,0.8008571428571429,disagreement
active_round2_candidates-203aebca8eebb7c8,203aebca8eebb7c8d122b22c73da9f0042d2e4f8d738eedf6fd6a6690bf97b68,effort,0.012237656159980969,0.02001021914595651,0.03071844405511112,0.6370714285714286,0.0033745437668395452,0.48178571428571426,0.6213228240220157,0.9237542611983727,0.302431437176357,0.9847142857142858,0.6444857142857143,disagreement
active_round2_candidates-8c7f2e4ffbb9e9f6,8c7f2e4ffbb9e9f62a0db528d1751462f026af7e05e1f13a045abdaf31dedf3a,effort,0.012162924114650805,0.019821758486268007,0.03049162845926781,0.44507142857142856,0.008138328558504103,0.9163571428571429,-1.1384699005562773,-0.8363418356917571,0.30212806486452015,0.9846428571428572,0.7415,disagreement
active_round2_candidates-47eadbf63d4968b0,47eadbf63d4968b0f84c564e76ba0a3b57a5dd4f166ed5d84d7db65dfba0cb37,effort,0.012184759224598588,0.019958915860914528,0.03066108018240011,0.5468928571428572,0.004841652224208558,0.6894285714285714,0.955612460436677,1.257259120427908,0.30164665999123097,0.9845,0.6914285714285715,disagreement
active_round2_candidates-174dacfa0530fdef,174dacfa0530fdef7170288a19780797eabecd838bc9b35a58a7d57c70485c16,effort,0.012204316659780778,0.019981882449191836,0.030531255092676974,0.5075714285714286,0.0042274388194558305,0.6117142857142858,1.2023816091561992,1.5016497823193182,0.29926817316311904,0.9840714285714286,0.6445285714285715,disagreement
active_round2_candidates-2e01cbdcb27d45a5,2e01cbdcb27d45a5ad3fc4c5090dfce0a0d0873b28f896ed873bee3a0d0df89c,effort,0.012151496743560633,0.01989333595353624,0.03086551616836743,0.6057142857142858,0.004393358317485183,0.6335714285714286,0.036189722927703394,0.3353095104993835,0.2991197875716801,0.984,0.6925142857142857,disagreement
active_round2_candidates-3f68e7f705f25c57,3f68e7f705f25c57398f58c27d28483b8017154b7b4caca88fac3543b76a50c1,effort,0.012210632157112695,0.019894465561878055,0.030801458332667574,0.6032857142857143,0.0074116344513450415,0.8881428571428571,1.2615315401648122,1.5603431115936566,0.2988115714288444,0.9838571428571429,0.7933428571428572,disagreement
active_round2_candidates-2c879f01f5413b0a,2c879f01f5413b0a7354d23c58ad4e9ab7fe2516ac887b70e0c96eb0b3b9918f,effort,0.012212034308202868,0.019971416665202895,0.030628100685825756,0.5502142857142858,0.004541487796340096,0.6527142857142857,1.1516083758702207,1.447712054396395,0.29610367852617436,0.9831428571428571,0.6778000000000001,disagreement
active_round2_candidates-00e0ab95ec841371,00e0ab95ec841371f2a9d4d95ddd1f66ec2a92ae3859a13dc7b812a24324cbb4,effort,0.012211154138884772,0.02000649375444711,0.03088281838518504,0.7106428571428571,0.0031688412870497095,0.4446428571428571,0.6255008628092784,0.920632425163824,0.29513156235454563,0.9829285714285714,0.6587,disagreement
active_round2_candidates-8c1e63223ceca5d5,8c1e63223ceca5d5a70481e21a840a392f25be963c61ab0ba18c70bbfac29d99,effort,0.012163045558827272,0.019782222888695637,0.03058859339343089,0.45471428571428574,0.003231408854290044,0.45671428571428574,-0.1598490939587967,0.13380268160640624,0.29365177556520294,0.9822857142857143,0.5610285714285715,disagreement
active_round2_candidates-50c781f89fc9e8a0,50c781f89fc9e8a0d0ab1fe7ec13783a45e78a403b096b12b31db1d55c6dc3ff,effort,0.012187804134994007,0.019941798215193453,0.030531255092676974,0.48707142857142854,0.004176471547262585,0.6056428571428571,1.4471271851967353,1.7397293219131509,0.29260213671641555,0.9819285714285715,0.6334714285714286,disagreement
active_round2_candidates-2cdcf51a9fd893a8,2cdcf51a9fd893a8e636693945b8058d8186786902db333c5d6c8448718e2da6,effort,0.012146439000683294,0.019764616292310366,0.03054708801651252,0.44192857142857145,0.00317643360718769,0.446,0.771341058026714,1.0574397767445831,0.28609871871786907,0.9795714285714285,0.5510857142857143,disagreement
active_round2_candidates-a1dfb489ef02c922,a1dfb489ef02c9225f13091d8ca070c7d9eaa619483df587152d63a1c8f451b6,effort,0.012175056171161654,0.01989516770335715,0.030780752085038693,0.5707142857142857,0.00565809478927337,0.7750714285714285,-1.381805404866645,-1.0957352664723705,0.28607013839427453,0.9795,0.7342142857142857,disagreement
active_round2_candidates-d647d89286313dc4,d647d89286313dc45194cea522a94649dd5f46c66398be23b7b4c5e6777e0903,effort,0.012217135878949606,0.020056051174858584,0.03076161055235595,0.6765,0.0050729947908174705,0.7155714285714285,-0.700607930232537,-0.42081987469655546,0.2797880555359815,0.9767142857142858,0.7521714285714286,disagreement
active_round2_candidates-1c2729a69ed9c31e,1c2729a69ed9c31e9f6ca0e8bc6e2eb70d4a9668c4644b1536162636eed1b84b,effort,0.01223985645725766,0.02010671501086003,0.030833286098152418,0.7550714285714286,0.004872706170548676,0.6932857142857143,2.0784280604236516,2.3578630852507896,0.279435024827138,0.9766428571428571,0.7746714285714286,disagreement
active_round2_candidates-744233ec802dd868,744233ec802dd86869b0f9eea0a58a13af9f282cf795945dab5a51d7cc387348,effort,0.01219847212612298,0.020030089541432265,0.030999068861963047,0.7795,0.004291078174017437,0.6211428571428571,-0.4572036517163784,-0.18242318528572554,0.27478046643065285,0.9737857142857143,0.7550142857142857,disagreement
active_round2_candidates-50bbb189fb77fa8c,50bbb189fb77fa8c1da97713c42e8b3675a399716ab2954b5fe38851279704b5,effort,0.012196291025670257,0.01992119639461809,0.030687390273441993,0.547,0.004691932551650205,0.672,-0.39058868799373436,-0.11624874257510753,0.27433994541862683,0.9735,0.6823,disagreement
active_round2_candidates-35b036afa40fa3cb,35b036afa40fa3cb45d969bf2c77d145ad0db3409c396b9718dd47988804730a,foraging,0.012324838702929787,0.020538525211594157,0.03147090369501461,0.9997857142857143,0.0021548424854630965,0.2555,-1.2217290961845442,-1.2288881412622166,0.007159045077672399,0.12471428571428571,0.5270571428571429,coverage
active_round2_candidates-ed7c17786449da7c,ed7c17786449da7cf7f7502b343362d10c82b2dae43b5a934527d7df5a078c6d,foraging,0.01233980224598208,0.020448710266249278,0.0314523532547224,0.9989285714285714,0.006308731739187787,0.8227857142857142,0.24425058941032973,0.1994517189361562,0.044798870474173524,0.4295,0.8145857142857142,coverage
active_round2_candidates-432f15f54d6c86bd,432f15f54d6c86bd7f018dcf0df7be0f3322fa104e301a20475c605f12549812,foraging,0.012352275847133911,0.02050388107392724,0.031375944258937125,0.9988571428571429,0.00423969805147049,0.6136428571428572,1.2380805977612273,1.1022908193709444,0.13578977839028283,0.7703571428571429,0.7990714285714287,coverage
active_round2_candidates-d1b0d62d80b2947f,d1b0d62d80b2947ffad3c7c39faeb37fb70d0e4773cb1e52d70d6fae4a3c55fb,foraging,0.012320073985225607,0.020392463856389764,0.03147898463125133,0.9985,0.004795136725535306,0.6832857142857143,1.309345218966965,1.3323426047779399,0.02299738581097488,0.31842857142857145,0.7364000000000002,coverage
active_round2_candidates-1fdc5d22a6e225f6,1fdc5d22a6e225f6f207f14bb66ab49d2f6121b92ca061735180e4bf12e8b64a,foraging,0.012332645070576357,0.020489588130950857,0.03136005600650226,0.9984285714285714,0.001686872223945753,0.1747142857142857,-1.0110049649122046,-1.0472633219180167,0.03625835700581215,0.39121428571428574,0.5475,coverage
active_round2_candidates-1490641cb0ec8874,1490641cb0ec887469e29a7794024d82b009c76370d150e1a8963c41428c70ec,foraging,0.012323977169048891,0.02039133122468338,0.031440621987990656,0.9982142857142857,0.009910409617831694,0.9563571428571429,1.6919926206595655,1.6195797205717732,0.07241290008779222,0.5403571428571429,0.8899000000000001,coverage
active_round2_candidates-cf68a8ba665f2562,cf68a8ba665f2562cc9494429ae1fcd5268eb7b4746afd2bbe4a7b0328d39ef3,foraging,0.01231703152165324,0.02049467460721007,0.0313087891086708,0.9978571428571429,0.0030072399523881615,0.415,-1.1399337330775066,-1.1476461300831717,0.0077123970056651725,0.13335714285714287,0.5918142857142857,coverage
active_round2_candidates-948edab946eaed87,948edab946eaed87f61a060ca16993997913a072785d5ffb4f91d3d1f6f66245,foraging,0.012316086043786204,0.02040092823235962,0.0313929053534429,0.9976428571428572,0.0063763983239978304,0.8272857142857143,0.730633727703475,0.535947710908795,0.19468601679468,0.8917857142857143,0.9083285714285715,coverage
active_round2_candidates-cd1dda23514f0021,cd1dda23514f0021757d6851cba750ed31638a0d6cccb27d728bfa0f2f2b39f3,foraging,0.012340565482034079,0.020508446253683223,0.03125219231585399,0.9974285714285714,0.005824036618295262,0.7868571428571428,1.312739421314272,1.2703375881572123,0.0424018331570597,0.41914285714285715,0.7975428571428572,coverage
active_round2_candidates-e91172807c3f0609,e91172807c3f0609dd3196942bd07c0f1681d50ad1a0bb2a4e3501fbed97262d,foraging,0.012323977169048891,0.02036851596423054,0.03140649958599966,0.9973571428571428,0.006996355757462539,0.8661428571428571,1.853011730442138,1.8273105513362857,0.025701179105852345,0.33814285714285713,0.8130285714285714,coverage
active_round2_candidates-973e891849bc0e41,973e891849bc0e4160fd5e53ac348d78084f374ea1a56cef7539c01e71fd37f6,foraging,0.012319989227609488,0.020404596959656025,0.03135454271018222,0.9970714285714286,0.0074543766044229175,0.8894285714285715,0.35335674039392184,0.3015237020639107,0.05183303833001113,0.4582857142857143,0.846257142857143,coverage
active_round2_candidates-5713c91472b6d551,5713c91472b6d551f29742aab16676b3e21b6ce6b4c333411d1fead09a35e070,foraging,0.012312266803949059,0.02044159471403271,0.031316870044907526,0.9969285714285714,0.005585020427495888,0.7685,1.315324828780335,1.2921249958416279,0.023199832938707088,0.32007142857142856,0.7701857142857143,coverage
active_round2_candidates-380a07516259903e,380a07516259903e0b4173df713611072eabd792486a4369ac5cc753f63c335f,foraging,0.01227994274244188,0.020341390105110893,0.03142682274801338,0.9964285714285714,0.005281313931040291,0.7385,-1.8472818274676917,-1.8182532184240996,0.029028609043592057,0.35614285714285715,0.7652000000000001,coverage
active_round2_candidates-4d9f9f214e3717a2,4d9f9f214e3717a23baa588ce14aaefdbddaf10538cd59d22ede6113cb886201,foraging,0.01231703152165324,0.020433674209457384,0.031274666706679805,0.9956428571428572,0.003753234084926912,0.5425,-1.0553583307462862,-1.089980253188744,0.034621922442457764,0.3846428571428571,0.6921857142857143,coverage
active_round2_candidates-7e9f2ded72ff0816,7e9f2ded72ff08167a9b5410ceaa510ae00394415bce16827ef27f99b7a75241,foraging,0.01233246282876132,0.020413394990807455,0.031278133714396944,0.9955,0.004581516178748755,0.6581428571428571,1.3485112178118948,1.2043628024986988,0.144148415313196,0.7871428571428571,0.8188857142857144,coverage
active_round2_candidates-4e33f2c21d160565,4e33f2c21d160565c71de354388c35c2134618d8519d1fa3fc5c9f0c896d22be,foraging,0.012324149890467078,0.0204576735198625,0.031235873619809895,0.9953571428571428,0.0030793096195576674,0.42814285714285716,-0.9198597577796102,-0.8528441107454954,0.06701564703411478,0.5177142857142857,0.6729428571428572,coverage
active_round2_candidates-8b336a0decc39566,8b336a0decc39566e92b37758f97901d313717209587c7acacb36044f9ed1ad5,foraging,0.0123041641506763,0.020350125331979323,0.03134281144345048,0.9945,0.0060652874739820905,0.8057857142857143,1.2672762508903987,1.3749344390152236,0.10765818812482486,0.6867857142857143,0.8574714285714287,coverage
active_round2_candidates-a7052c1d3121d2ac,a7052c1d3121d2ac409740497538656f161258e8389deae1e2784d1639d990ec,foraging,0.012283748442066245,0.02027372277851834,0.0314309797337165,0.9934285714285714,0.004947484727289993,0.7019285714285715,1.0702109087464553,1.279682896091713,0.20947198734525774,0.9172857142857143,0.8616,coverage
active_round2_candidates-19d902c8cf42974f,19d902c8cf42974f7a20c9082efd746f8d52fd13d9fb1d90f49e2b02efd68f82,foraging,0.012303493623584886,0.0203602323465621,0.03132140359645095,0.9933571428571428,0.002666709685675499,0.3507857142857143,-0.5693085768376647,-0.5979620419935604,0.02865346515589573,0.3537142857142857,0.6083999999999999,coverage
active_round2_candidates-b9a764c30f0b9822,b9a764c30f0b9822648393cb1e75c043c4947dbdbe65150fd72e459f2535032b,foraging,0.012308278862509656,0.02044080228823862,0.031230790767099087,0.9930714285714286,0.003704922033877566,0.536,0.4492179613911434,0.44224586213342626,0.006972099257717135,0.12121428571428572,0.6358714285714286,coverage
active_round2_candidates-e1c68b57c9e64ebd,e1c68b57c9e64ebde26bb2b1d848b17ab921395bca2fefc3cd08d03dc8ff60fd,foraging,0.012293315319457366,0.020428419248907845,0.031249341207391295,0.9928571428571429,0.002376206800510408,0.2983571428571429,-1.0925774774973982,-1.1075536181803027,0.014976140682904537,0.2407857142857143,0.5646428571428572,coverage
active_round2_candidates-1e1a8aa9887c2cf2,1e1a8aa9887c2cf25fdc49b239fd3d4e66178e1d6d2e6b5eb02f1595c403953a,foraging,0.0123041641506763,0.020354775039753026,0.03130868904145949,0.9925,0.00474464715025902,0.6774285714285714,1.8116134737080987,1.6894039908513874,0.1222094828567113,0.7350714285714286,0.8149857142857144,coverage
active_round2_candidates-e787d3f8bdd3e08f,e787d3f8bdd3e08f3cebced26e658607ad1f7313fb5b4ab43ceb14a4cdc88533,foraging,0.012312832052203768,0.020391838576066433,0.03126224546196209,0.9923571428571428,0.004024994925696904,0.5839285714285715,-1.5772714627233069,-1.2919086034745668,0.28536285924874005,0.9792857142857143,0.8263714285714286,coverage
active_round2_candidates-c6f8828cc8663ebd,c6f8828cc8663ebdfeb3739bf09088b93048a77b7b4c0b3755e913af8d77cd3a,foraging,0.012291766337722887,0.020391377014932262,0.03128059641410443,0.9919285714285714,0.003911569149035395,0.5656428571428571,0.5596485814418108,0.544317845261181,0.015330736180629856,0.24485714285714286,0.6719999999999999,coverage
active_round2_candidates-ad80d5a43a3227bb,ad80d5a43a3227bb7d3a057c1b82b7dfdd38b8ff11363c243cce7101a9e786bb,foraging,0.012312266803949059,0.02036589658445885,0.03128274764291653,0.9916071428571429,0.00441184483596958,0.6356428571428572,1.335490325430364,1.471250492851413,0.1357601674210489,0.7701428571428571,0.8049285714285714,coverage
active_round2_candidates-81f9b111e0399a0a,81f9b111e0399a0a97e55692fad277f5d5fbc8a72f35495a1ed3dd1befe84eb4,foraging,0.012312266803949059,0.02036589658445885,0.03128274764291653,0.9916071428571429,0.007796210383341488,0.904,1.4735087956599133,1.471250492851413,0.0022583028085003676,0.038857142857142854,0.7660142857142858,coverage
active_round2_candidates-a317091a92ca105c,a317091a92ca105c48114a6a94e5f7951bb802d008d6e35d69d848e819d6cd6c,foraging,0.012288550601753184,0.020410977180942598,0.03125742214362802,0.9914285714285714,0.010005197779010896,0.9577142857142857,0.8243506941829181,0.9568949093054648,0.13254421512254677,0.7627857142857143,0.9322142857142857,coverage
active_round2_candidates-2d236e32061d66e6,2d236e32061d66e69f0a8b08b01cd9fc7b0cbee16d8a5f03f12f1c5fc99b0b61,foraging,0.012264117665508691,0.020272097114321375,0.031415091481281646,0.9912142857142857,0.002704888646289893,0.3572142857142857,-0.4746912357164445,-0.48803880653105086,0.013347570814606358,0.21907142857142858,0.5831857142857143,coverage
active_round2_candidates-2535ce61302df05c,2535ce61302df05cadd7128248869435097844a6d384630f360071e672205677,foraging,0.012314247169576287,0.02036595580252014,0.03127026482698886,0.9911071428571429,0.007485384781275711,0.8912142857142857,-0.1714837296489707,-0.08378361882891773,0.08770011082005298,0.6045714285714285,0.8738428571428571,coverage
active_round2_candidates-6ca89e462c62bb78,6ca89e462c62bb78511ea2b567be7bb52347d10f0c94483b12399557cbebd888,foraging,0.012314247169576287,0.02036595580252014,0.03127026482698886,0.9911071428571429,0.007135962024178291,0.8737857142857143,0.07317159791044803,0.041245144895543796,0.03192645301490423,0.37114285714285716,0.8201857142857143,coverage
active_round2_candidates-7468b458d3f9a89d,7468b458d3f9a89dd285c63162e7715c668538ac6dbc4f8e05f52ca497da8e6c,foraging,0.012308556341590289,0.020383158533811736,0.031251928847043864,0.9906428571428572,0.005652767516674551,0.7744285714285715,1.0175556844060099,1.0158232815677812,0.0017324028382286194,0.02907142857142857,0.7118428571428571,coverage
active_round2_candidates-1648a9d60d3eb82f,1648a9d60d3eb82f86be10708bee434d6b3e35337eda7ba184e3e38b7fac8aea,foraging,0.012280705978493879,0.020397037102537645,0.03126078421113597,0.9898928571428571,0.008021388533079531,0.9122142857142858,-1.142972667486294,-1.1153358728476048,0.027636794638689066,0.34914285714285714,0.8306714285714286,coverage
active_round2_candidates-da093eb8b720607a,da093eb8b720607acc94c53e6aad0eced4b7cea030a24f6d5bf388a8d6014734,foraging,0.012280705978493879,0.020397037102537645,0.03126078421113597,0.9898928571428571,0.004745376067554323,0.6777142857142857,-0.5986377717610789,-0.7182445192587157,0.11960674749763678,0.7279285714285715,0.8126285714285716,coverage
active_round2_candidates-26caef86cf8d8a78,26caef86cf8d8a7865c41eeeb7acea18ca114629508b867b6d02fab2446ce252,foraging,0.01231948265696182,0.020444683141807172,0.031167312525091834,0.9894285714285714,0.00734704237107466,0.885,-1.3698917618051842,-1.2487941737879265,0.12109758801725778,0.7323571428571428,0.8962428571428572,coverage
active_round2_candidates-5c3b6262487f73c2,5c3b6262487f73c27fd02292e9aa432c3345876cd7e1f5ff652dab918f142a1c,foraging,0.012285022381209453,0.020365624163936884,0.031274403237869675,0.9890714285714286,0.003815549452742044,0.5514285714285714,-1.5104119251711419,-1.32748524216334,0.1829266830078018,0.8677142857142857,0.7897428571428571,coverage
active_round2_candidates-ae82c1bfad0b2e06,ae82c1bfad0b2e06b1fef2d460485c897fa6fab2745068feb792dedd113f9084,foraging,0.012275941260789697,0.0203686972752285,0.03126886514737269,0.9882142857142857,0.0037125320119466504,0.5372857142857143,1.612001822175338,1.6177285822124934,0.005726760037155332,0.09878571428571428,0.6299571428571429,coverage
active_round2_candidates-a0aad22566f96d94,a0aad22566f96d9452d7ef8894505abbb5068efb82020b1f487c52408487d2da,foraging,0.012297218503280648,0.02039995939312028,0.03121097856413062,0.9875,0.003133122779915296,0.4375,-1.3497404640445587,-1.2920625307952354,0.057677933249323354,0.4812142857142857,0.6662428571428572,coverage
active_round2_candidates-4914e0380bea023d,4914e0380bea023d438ab68ecbe6e77c7855614d7e0656fcdf524fdf714602e4,foraging,0.01228444465489427,0.020290239691684402,0.03133051678988951,0.9869285714285714,0.006398381070687437,0.8288571428571428,-0.1866388409451144,-0.2360130894675683,0.049374248522453895,0.4467857142857143,0.8156714285714286,coverage
active_round2_candidates-1bed1f60ad8060d4,1bed1f60ad8060d41f9071bb734ef3f2bd13d18abb230a623cdaf95657ff9a19,foraging,0.012287863153899601,0.020287743003810064,0.031318959057365106,0.9863571428571428,0.00458876629983688,0.6589285714285714,0.8613435452930619,0.6572822339907085,0.2040613113023534,0.909,0.8399142857142856,coverage
active_round2_candidates-01f3d0b2ac2b0e0d,01f3d0b2ac2b0e0df11a5c852735c4b89cf2ea669af6f6d2e6002fec7e5e1eed,foraging,0.012320752463661488,0.02041865120095197,0.03115438177131381,0.9861428571428571,0.0028992108837690793,0.3959285714285714,1.0884685096086173,1.0723405383462592,0.0161279712623581,0.2542857142857143,0.6036857142857143,coverage
active_round2_candidates-ac4f0da10203a00c,ac4f0da10203a00c7ca0b21d1ed99844f90b8a624997b96c52e79020f556c953,foraging,0.012308556341590289,0.020357013349495922,0.031217806445052863,0.9852142857142857,0.004158059655243011,0.6035714285714285,1.1777131101955318,1.1949487785775668,0.01723566838203494,0.2661428571428571,0.6887428571428571,coverage
active_round2_candidates-db42f1a75cd0b147,db42f1a75cd0b147359bc52b357f2017e6cfa81665eeb595f3a523700f9357bb,foraging,0.012301773568424455,0.02026794091183177,0.03131255142078314,0.9850714285714286,0.006939172829327438,0.8630714285714286,-0.2718915190381888,-0.4220956399786192,0.1502041209404304,0.7995,0.8991571428571429,coverage
active_round2_candidates-e9e5625e1a92cd05,e9e5625e1a92cd0598f636dc710b33e7796cf026af746ba060e5d623a168e2b6,foraging,0.012275738497754068,0.020336310904223828,0.031269474748382514,0.985,0.004256108241313949,0.6152857142857143,-0.03235020497791474,0.044114569395280495,0.07646477437319524,0.5577142857142857,0.7516571428571429,coverage
active_round2_candidates-5a3d02644c758a4e,5a3d02644c758a4ed62a3d6a984f2c526ef8889d1eda9f60b40d1875c6b9109c,foraging,0.012302263503277577,0.020398602107661302,0.031179501529950738,0.9848928571428571,0.0050306232155241,0.7108571428571429,0.34277789520894403,0.45061555222298383,0.1078376570140398,0.6875714285714286,0.8158142857142858,coverage
active_round2_candidates-e6f95b183f98e2c5,e6f95b183f98e2c53b0bbc5a4540254e5cc0be54a9cd156b54b68c89ddc38b35,foraging,0.012302263503277577,0.020398602107661302,0.031179501529950738,0.9848928571428571,0.004068876818385062,0.5904285714285714,0.5583518478067375,0.5720751723383405,0.013723324531602965,0.22357142857142856,0.6748428571428572,coverage
active_round2_candidates-b488a79d4750c9b5,b488a79d4750c9b5819daa5ff206c9399bbe4e27530b22da0845fa3acbe76bf2,foraging,0.01227977742138901,0.020303596427221755,0.03129607809716244,0.9846428571428572,0.003452226986128155,0.4952857142857143,-0.5719518846377074,-0.589279366602983,0.01732748196527556,0.267,0.6453714285714286,coverage
active_round2_candidates-3f9193d637c96c00,3f9193d637c96c0022c8a8079efed2b8ca7716ba5037364b1d7fbbee3ef12fc4,foraging,0.012272038076966413,0.020299672901741735,0.03130722779063337,0.9845357142857143,0.0033209835644398213,0.4715714285714286,1.1868942853457776,1.3797593711827028,0.1928650858369252,0.8877142857142857,0.7599857142857143,coverage
active_round2_candidates-f28e657bbae11f29,f28e657bbae11f298e0cc27df226eb70d516724927d120db3e7d2cfee6be9e25,foraging,0.012272038076966413,0.020299672901741735,0.03130722779063337,0.9845357142857143,0.00460457907547471,0.6607142857142857,1.8693621789198702,1.8096120893112833,0.059750089608586965,0.48907142857142855,0.7559142857142858,coverage
active_round2_candidates-b09ca5cdf912e92c,b09ca5cdf912e92c3f66e3f5d69b894a843faed4a128a7d01ee3ee268ae5aeb4,foraging,0.012266317714933713,0.020317950556062263,0.03128493190161654,0.984,0.0033623740105615113,0.47914285714285715,-1.1684981481728398,-1.212150855348416,0.04365270717557612,0.42392857142857143,0.6700428571428572,coverage
active_round2_candidates-eae6afb8e152a933,eae6afb8e152a9331d712850565b640f50911ce6d8d22ff6ca8006a7f1984f3c,foraging,0.012312459525413575,0.020370849931459302,0.03117944380179219,0.9826428571428572,0.006045245890697104,0.804,1.0240035806205507,1.135468629687095,0.11146504906654431,0.7007857142857142,0.8548142857142857,coverage
active_round2_candidates-751dae1553100826,751dae155310082692fc2ecf4069653286a8f53203cf1f909f61f3b334699145,foraging,0.0122927312646571,0.02036182306878246,0.031206075178321125,0.982,0.005075594466966105,0.7160714285714286,2.3986721953594423,2.2822439502399017,0.11642824511954064,0.717,0.8226285714285715,coverage
active_round2_candidates-ddd982eb6b23693e,ddd982eb6b23693e9eaed15be45b4e6a3b25bbbea41eb54e9422f4a56d1ad9ca,foraging,0.012335973485748084,0.02046829929174418,0.031055524883909953,0.9818571428571429,0.006910812050497211,0.8610714285714286,1.9060095377542225,1.9775085951497169,0.07149905739549434,0.5369285714285714,0.8445571428571429,coverage
active_round2_candidates-70fac351b346bb98,70fac351b346bb9870b234b010f1f1306dc50273543b89ade076b0f53142ea87,foraging,0.012289578374115675,0.020264901274171562,0.031295446156835736,0.9805714285714285,0.007295763907631784,0.8824285714285715,0.8490235754914831,0.9680583807444814,0.11903480525299825,0.7265714285714285,0.8905142857142858,coverage
active_round2_candidates-ab2588ca13b30dec,ab2588ca13b30decb1a085ae5c41931f85bdbd8ba46217b02bd2a41a9d456834,foraging,0.012287668546651696,0.020249517870913697,0.03130967232971921,0.9801785714285715,0.009030146775384596,0.9407142857142857,-0.020943617165959716,0.15498747065558488,0.1759310878215446,0.854,0.939157142857143,coverage
active_round2_candidates-c8814ec627ece6f7,c8814ec627ece6f73fc0155b6d8e51f4de348f4ec5ae5ab2587af52565945d7a,foraging,0.012287668546651696,0.020249517870913697,0.03130967232971921,0.9801785714285715,0.0028064883020992716,0.3772142857142857,0.1332069759833872,0.3766759716154275,0.24346899563204027,0.9518571428571428,0.7333285714285716,coverage
active_round2_candidates-76b0653fa752c17c,76b0653fa752c17c831385a6aa4e22d7c3a92af0b1f43d68d16c95b334490048,foraging,0.012305403451048864,0.020263709427466668,0.031273055021576485,0.9794285714285714,0.003600406460558233,0.5193571428571429,0.34221749902340326,0.20911719562933276,0.1331003033940705,0.7642142857142857,0.752357142857143,coverage
active_round2_candidates-eeeab0c09f4787c6,eeeab0c09f4787c6390977256ba3db22f79e586439e5593d13794a0d9ef0929b,foraging,0.012295669521546173,0.020336458766810443,0.031208111368852758,0.979,0.004455315734237106,0.6414285714285715,0.5660964776563524,0.6639631933804946,0.09786671572414218,0.6452857142857142,0.7772285714285715,coverage
active_round2_candidates-c39efd3b70c371be,c39efd3b70c371be922285127589e0ca0d45fe45973e5af55a06d19556bb0283,foraging,0.012277117715733985,0.020407987100900464,0.03115480828048966,0.9789285714285715,0.004541289955873082,0.6526428571428572,2.025555559305455,2.046517087248368,0.020961527942912728,0.3042142857142857,0.7134714285714288,coverage
active_round2_candidates-fd4f3dda17a7dff3,fd4f3dda17a7dff39533de8d30eb8a5c4c4df5234e333e78b60ac5d86c36de33,foraging,0.012303869108038702,0.02041940554049978,0.03111604562726037,0.9788571428571429,0.006437269361306973,0.8327142857142857,-1.2892969092803468,-1.3702869392669927,0.08099002998664595,0.5764285714285714,0.8399142857142858,coverage
active_round2_candidates-f0d0ecd708c1b8f0,f0d0ecd708c1b8f054be8b8287f0194353bf230cc766249016d5f826e49cbdf6,foraging,0.012274035363355806,0.020352839040024426,0.031211800213969083,0.9786428571428571,0.0050745149758350105,0.7159285714285715,-0.4889258977018125,-0.6972045513301355,0.20827865362832299,0.9152857142857143,0.8608857142857143,coverage
active_round2_candidates-166d20982b909b63,166d20982b909b63356cb17c8c6604df34285c7aeec2a7fff39382d4a1d1219b,foraging,0.012283921163484432,0.020326606209195647,0.03122623136553574,0.9782857142857143,0.002739690110295846,0.36414285714285716,-0.546265199715674,-0.5892199955995157,0.04295479588384166,0.42164285714285715,0.6213000000000001,coverage
active_round2_candidates-1ba2b54791cdc154,1ba2b54791cdc15418ccc200f4b32623d67798626c385d9f75283bfe9b97e915,foraging,0.012295423432321895,0.02026166635420466,0.03127682503958559,0.9777857142857143,0.007654069401824128,0.8982142857142857,0.43705535041018384,0.24278861032263716,0.19426674008754669,0.8908571428571429,0.9285714285714286,coverage
active_round2_candidates-491cb7f27904cadd,491cb7f27904cadda22845b5be96811081d0014ab0964949e98a2d37c622d983,foraging,0.012259967578831153,0.020319852653361052,0.031249205520418995,0.9768571428571429,0.003860883993711212,0.5577142857142857,-0.8054509782746202,-0.9483045739032028,0.14285359562858257,0.7838571428571428,0.7706000000000001,coverage
active_round2_candidates-5088327844bdfc6e,5088327844bdfc6e609fc02b6b78546172d896e6e010323ab5244579dcec8708,foraging,0.012299754396205346,0.020330215083229533,0.031193943901620762,0.9762142857142857,0.002854559706208003,0.38671428571428573,0.1508878152402201,0.12237045686555392,0.02851735837466618,0.35278571428571426,0.6157285714285715,coverage
active_round2_candidates-b960bed0c0aab234,b960bed0c0aab23452cad1fef9f0716837f48a42bdcbdaa0dce2cffd60ca1a4b,foraging,0.01231959670077297,0.02033294710670596,0.031170296522955904,0.9760714285714286,0.008718245842544211,0.9330714285714286,0.5064154587273276,0.48775327348621367,0.01866218524111396,0.2815,0.8199571428571429,coverage
active_round2_candidates-2949d3bb7e4713bc,2949d3bb7e4713bccce73221317dce96b16322be284752e3309bb30207f72ab4,foraging,0.012279253929979172,0.020351358100181946,0.031191792672808673,0.9758214285714286,0.007052151977356371,0.8685,-0.6897944183898364,-0.4947139023558458,0.19508051603399057,0.8927142857142857,0.9162714285714286,coverage
active_round2_candidates-4bace2c0ced5436b,4bace2c0ced5436b77004e20e4fb1bdc318c3a83afd8635e5e007936d82ecbe6,foraging,0.012279253929979172,0.020351358100181946,0.031191792672808673,0.9758214285714286,0.0066055456396719005,0.8430714285714286,-1.1210835169236915,-1.237709879280618,0.11662636235692658,0.7175,0.871057142857143,coverage
active_round2_candidates-891b384e622bde12,891b384e622bde1201b44a36c946fc1441494fa5ca31f54b88fa512034047c47,foraging,0.012279253929979172,0.020351358100181946,0.031191792672808673,0.9758214285714286,0.006324622657704444,0.824,-1.0865076779726222,-1.1854055129656424,0.0988978349930203,0.6505,0.8500285714285715,coverage
active_round2_candidates-d6aa4523aba47e46,d6aa4523aba47e46e77454a23c0f84aa516e0de7571c3d3b89a9affd24642db8,foraging,0.012279253929979172,0.020351358100181946,0.031191792672808673,0.9758214285714286,0.0064120903115811615,0.8302142857142857,-0.8407616111814935,-0.9363371019419519,0.09557549076045835,0.6356428571428572,0.8495428571428573,coverage
active_round2_candidates-9eb1010acb8d4ec9,9eb1010acb8d4ec916bc65f9fd06ace76331ae3d7c5d15bf02237e52853ba58a,foraging,0.012281687248852988,0.020291492073936605,0.031247729522287975,0.9754285714285714,0.006043196463933156,0.8037857142857143,-0.01632973797713866,-0.06525984430396264,0.048930106326823986,0.4447857142857143,0.8006428571428572,coverage
active_round2_candidates-c6a0933473add872,c6a0933473add8728aa015ff7cb8c72a8978873bc48794b9aa6c03549e8afdd2,foraging,0.012289949159513473,0.020340859410007635,0.031185815479835937,0.9748571428571429,0.0046942682465305075,0.6722142857142858,-2.479326254540398,-2.4039093966344036,0.0754168579059944,0.5541428571428572,0.769657142857143,coverage
active_round2_candidates-bda901d153024062,bda901d1530240628325eda7b90228a0af3cb349298fcabf438dcabbb6bb5d9f,foraging,0.01231180021729701,0.020341571052568192,0.03116205340053964,0.9745714285714285,0.003153532361352724,0.4421428571428571,0.7909704064436179,0.8287154399341744,0.03774503349055647,0.3984285714285714,0.6463714285714285,coverage
active_round2_candidates-df1a5c2c7bab5156,df1a5c2c7bab5156ec1c5005137b2da3f941a296ceca8ed17b7315217501a937,foraging,0.012312439525367248,0.020418843391969865,0.031077999274735767,0.9735714285714285,0.006378756994127232,0.8274285714285714,-0.5251736509204501,-0.5329964536661949,0.007822802745744761,0.13457142857142856,0.7473142857142857,coverage
active_round2_candidates-d633dc82a34555ae,d633dc82a34555aee18b20cddb2f2c0bc6875c3ba800d84e49ea9076dde467c8,foraging,0.012323288356586182,0.020314070868056398,0.03117146951079495,0.9735,0.0060344991267864525,0.8033571428571429,1.799870508680911,1.8971872372143572,0.0973167285334462,0.6425714285714286,0.8392571428571428,coverage
active_round2_candidates-cb28f14c959d9d5e,cb28f14c959d9d5e068eef41d90240903e22140c7a23da60daadd150afe92960,foraging,0.012305676752247741,0.020255458569577906,0.03124006637553147,0.9724285714285714,0.0071408539045307515,0.8744285714285714,-0.9695447145285632,-0.691657325009359,0.2778873895192042,0.9755714285714285,0.9338571428571428,coverage
active_round2_candidates-b8122192197a85a7,b8122192197a85a71d90abb1d32b11dd2ab534c6d3f4a8afdd6e0965aec53a69,foraging,0.012275350746155888,0.020289872323581974,0.031230155316069347,0.9717857142857143,0.005920509189985234,0.7942142857142858,-1.149582042443181,-1.2473849841905285,0.09780294174734738,0.6450714285714285,0.8354142857142859,coverage
active_round2_candidates-82910fb60246d2cc,82910fb60246d2cc98b79074e23f0c9a130933457aeab05c0e3ea96b17286ecc,foraging,0.012303551940041985,0.020249467582626045,0.031242119617970597,0.9717142857142858,0.006617335690156408,0.8442142857142857,1.3814922727083279,1.3138457618496278,0.0676465108587001,0.5204285714285715,0.830457142857143,coverage
active_round2_candidates-37a9fbb7eeaeca87,37a9fbb7eeaeca879ad1af3fade84d3eacfbddb4b62e6eca8609a0cd8ff6cb3b,foraging,0.012281882433438165,0.02036643330427236,0.031146727344252934,0.9716428571428571,0.004914079771180586,0.6987142857142857,-0.28097508649910263,-0.339769798837376,0.05879471233827338,0.485,0.7651428571428571,coverage
active_round2_candidates-39b06b8aeae5d620,39b06b8aeae5d6206c1ee62524fa2182e4bc0fa15ce688320c3d20a0778a5b7a,foraging,0.012270220898757001,0.02027712773458059,0.031246569258355866,0.9713571428571428,0.0028250776060037264,0.3812857142857143,-1.3299674530492314,-1.3251152440779432,0.00485220897128813,0.08271428571428571,0.5576000000000001,coverage
active_round2_candidates-34b8f3483f2d9249,34b8f3483f2d9249d6f0011a2f8d997e65ebe99539c7e252eb8a78b441f5af0c,foraging,0.01232740306841954,0.0203971051293578,0.03105944883444356,0.97,0.006148616207881485,0.8110714285714286,1.0166217879680912,1.016803026647534,0.00018123867944286332,0.003285714285714286,0.7130857142857143,coverage
active_round2_candidates-5af8aad9405aa32f,5af8aad9405aa32f3f9f23df48036d24089ed33a11a411967fc2ba39fb199873,foraging,0.012212160997844479,0.019929761361029637,0.031043088415999447,0.7576785714285714,0.01468353363334247,0.9945714285714286,0.20477804183223544,0.172486329340734,0.03229171249150145,0.3727142857142857,0.7754428571428572,information
active_round2_candidates-82d3d7e844e3f126,82d3d7e844e3f1267d166813e89bd49d445dc4b74f5e80b6137a7ddbde35782d,foraging,0.01216466393241351,0.02003553656637346,0.030801866301422436,0.6592857142857143,0.014444560594698905,0.9937142857142857,-2.788485915628544,-2.661419336843103,0.12706657878544103,0.7481428571428571,0.8108285714285715,information
active_round2_candidates-d4bbc7e02c5e62ca,d4bbc7e02c5e62cae73b851810378ee7f5de111de8e15d90a3ebb027ad64ac44,foraging,0.01221305050231829,0.0200053383480313,0.031000561754858415,0.7748571428571429,0.013468501328676911,0.9905714285714285,0.09979556080876818,0.23827525124247337,0.13847969043370517,0.7757857142857143,0.8613285714285716,information
active_round2_candidates-16c50afd07e254e2,16c50afd07e254e2798191eb7f3623f55ffa97e98c6a8b14bb27c847c0da45c9,foraging,0.012211338095374846,0.019973969363149345,0.03078163439243577,0.6372857142857142,0.013131334778399187,0.9891428571428571,1.8527223312499892,1.6467446976289764,0.20597763362101285,0.9115714285714286,0.8328857142857143,information
active_round2_candidates-159dcffa22eb80e8,159dcffa22eb80e85c2597035582c21196879621bd96b8c7cc60e14e39066b83,foraging,0.012180819856187094,0.019828235197426415,0.030903448220481456,0.6069285714285715,0.012815817508994473,0.9872142857142857,-2.3177555855836145,-2.1794937729539114,0.13826181262970305,0.7752142857142857,0.7927000000000001,information
active_round2_candidates-a718e649fe0fb117,a718e649fe0fb1177bd68b7cd1cc989df183c1a213c29cfe8019b385c7ee5c42,foraging,0.01219942703826391,0.01996696781285954,0.03093543918569839,0.7113928571428572,0.01279730648471064,0.9870714285714286,1.0190464281345948,1.1442706846635127,0.1252242565289179,0.7425,0.8278857142857143,information
active_round2_candidates-33fcd94106a0264c,33fcd94106a0264cff6cdb1a86e5e029722cd6e346e5c338bce4fb810da52de9,foraging,0.01228261203473818,0.020181624076947617,0.03123513538874322,0.9537857142857142,0.01262619479605187,0.986,0.3052066379548516,0.4670572041722465,0.1618505662173949,0.8229285714285715,0.9405000000000001,information
active_round2_candidates-f29de3d838abd718,f29de3d838abd718986bc26c2815f8d26dceffeb726315eb0f4637289353d538,foraging,0.012232653308282927,0.019938810780209412,0.031089258375458263,0.7952142857142858,0.012618644417528023,0.9858571428571429,-0.8241753049423327,-0.7226019904295781,0.10157331451275464,0.6616428571428571,0.8447571428571429,information
active_round2_candidates-85de2e6ce242f2b7,85de2e6ce242f2b7fdeb72169b1af87b7a2bd11ea2d110c815fd91585a497c31,foraging,0.012228874214642351,0.0199898707747895,0.030681603630657354,0.5984285714285714,0.012407911671245076,0.9845714285714285,0.57054481805538,0.39595379770335487,0.17459102035202517,0.8507142857142858,0.8033428571428571,information
active_round2_candidates-d92819dbea85a40b,d92819dbea85a40bb4abe0a3eedf86912c67910e6230a63a244da772b3fda3dd,foraging,0.012172546901888473,0.01990812478291576,0.030859479264625917,0.6221428571428571,0.012092947501964902,0.9823571428571428,-3.1075773466143026,-3.0171336038217427,0.09044374279255996,0.6146428571428572,0.7647285714285714,information
active_round2_candidates-0a8b57a0ec298d53,0a8b57a0ec298d53ca6593bb52d539c9db7691010630912d1454255e050f6637,foraging,0.012190199198255088,0.019886374850462827,0.030752560011736492,0.5605714285714286,0.012056731470628945,0.9820714285714286,-1.2163349639094747,-1.0697349888011964,0.14659997510827827,0.7921428571428571,0.7754857142857144,information
active_round2_candidates-d870fe5dd9a85c2a,d870fe5dd9a85c2ab141e402e4ddf030d2ce7bf8dac2057e26222880e92af7c0,foraging,0.012200623354162835,0.019949495024686514,0.030680465702744558,0.56125,0.011849376928220622,0.9805,-2.2291721237933215,-2.4741291446928106,0.24495702089948912,0.9527857142857142,0.8072571428571429,information
active_round2_candidates-e9323d5231e28872,e9323d5231e28872fe221e1bf924a915798d3327a0f38d4efe5c96bd84643cea,foraging,0.012203330222087196,0.020017247348578286,0.030897076542437712,0.7231071428571428,0.011731695443428895,0.9792142857142857,1.4723667615662244,1.5311986654228449,0.058831903856620515,0.48514285714285715,0.7779571428571429,information
active_round2_candidates-55e59424415c1622,55e59424415c1622b5f3096718d46eba0b6964b660cc039c97f13de28d8238c1,foraging,0.012214535340935981,0.01997116440248441,0.030872609350156937,0.6900714285714286,0.011579832840565124,0.9776428571428571,0.8198818497937594,0.8124649210894684,0.007416928704291004,0.12857142857142856,0.6928,information
active_round2_candidates-545f79361d067885,545f79361d067885feaffe2fe8370bedd786b0880483308ecd9cdfade22cbc4f,foraging,0.012205810861741917,0.020062493484078178,0.0310073620348019,0.8021428571428572,0.011367884919803024,0.9756428571428571,0.5898361875388197,0.5711359956472006,0.01870019189161909,0.2817857142857143,0.7674714285714287,information
active_round2_candidates-a86a17f1399eae38,a86a17f1399eae38b6beb63756088ec1f05390a29348031bec0693ff66bcd981,foraging,0.012174564957350125,0.019901466844099797,0.03080693762712336,0.5882142857142857,0.011242077350773476,0.9744285714285714,1.5676474349830296,1.4173327422700674,0.15031469271296216,0.7997142857142857,0.785,information
active_round2_candidates-5e3fe5d98600e847,5e3fe5d98600e847b5067f20a91edd0ab5de5cb57d7df678a179ee6f790b841f,foraging,0.012218759814520239,0.01992123297976028,0.03101272125130361,0.7409285714285714,0.011018523019619933,0.9718571428571429,-0.9838365910664716,-0.858504346875992,0.1253322441904796,0.743,0.8337142857142859,information
active_round2_candidates-2b94bb9003339106,2b94bb9003339106a8193cfafd3e872383c12d52113c1bc1f7f8a5318b616db5,foraging,0.012236050757633296,0.020021379689290693,0.03062924531593268,0.5905714285714285,0.010986735558166007,0.9715,-0.24885619078677554,-0.013584653733922258,0.23527153705285328,0.9452142857142857,0.8138714285714287,information
active_round2_candidates-c1a0776499cdd287,c1a0776499cdd287678a3a6c9ffc9e79ca95a5113a29c7e5c03f397d7dacd825,foraging,0.012230038378731553,0.020188829035368526,0.031032524320140052,0.8768571428571429,0.010965059349885151,0.9710714285714286,-1.9279407356449927,-1.823690458944366,0.10425027670062659,0.6727142857142857,0.8737142857142858,information
active_round2_candidates-2390414d02cc9f4c,2390414d02cc9f4c77522e64b9211c04005aad1536e9d175b003946c6cdf2d95,foraging,0.012187271782512533,0.01994195709878578,0.0307188525924239,0.569,0.010882316741312284,0.9705714285714285,-2.2226286826979664,-2.1039012205272076,0.1187274621707588,0.7255714285714285,0.7609428571428571,information
active_round2_candidates-bab98744a030df5d,bab98744a030df5dd44901cd41644f42d8534fd632a85ed95d2fca1c0e01bf73,foraging,0.012247273480251552,0.020161292502810176,0.03110208420110356,0.899,0.010854410450579437,0.9701428571428572,-1.7431428431166782,-1.7002050488704148,0.04293779424626343,0.4215,0.831957142857143,information
active_round2_candidates-6b73928ca5c1d6a8,6b73928ca5c1d6a88fd291390fe546d61549a1abef6e326ca5407c663d904b86,foraging,0.012197534437594094,0.019973069905764994,0.030872652826072162,0.6812142857142857,0.010780479279207075,0.9689285714285715,-2.499032014135781,-2.5665853307626096,0.06755331662682851,0.5200714285714285,0.7640714285714286,information
active_round2_candidates-f269cf321868470b,f269cf321868470b8932ca0d2ec3589fb033b24d971d8482a907684c0feca4ac,foraging,0.01220361127249778,0.019808109607487027,0.030907245451323728,0.611,0.010769383368844223,0.9686428571428571,-2.8066847172967817,-2.718661153137917,0.0880235641588647,0.6057857142857143,0.7530142857142857,information
active_round2_candidates-911b1e5886d3977d,911b1e5886d3977d5a699ee2055818b52b61009dae0c6111e78522a1e384c44d,foraging,0.01221715573656919,0.019862130196424597,0.031042833567938743,0.7259285714285715,0.010714002733843904,0.9676428571428571,-1.2034010975327338,-1.09040564020866,0.1129954573240739,0.705,0.8184285714285715,information
active_round2_candidates-a34baa19eda81e4e,a34baa19eda81e4e91fac5d9ba7c1044ccf07f24139e4b1883a78d2a283df96e,foraging,0.012188327626403844,0.0200138782719039,0.030908394207615358,0.7175714285714285,0.01069056266777346,0.9673571428571428,0.2221658429688539,0.3502753872576594,0.1281095442888055,0.7509285714285714,0.8241571428571428,information
active_round2_candidates-53289e5e86802cd8,53289e5e86802cd8f3c57acf0335e77357a4ea64240922c4cad673888e68dad2,foraging,0.012253252830956313,0.020097923553390785,0.031213318857309914,0.9178214285714286,0.010680007053298999,0.967,1.2229259609177585,1.2967977243202269,0.07387176340246837,0.5473571428571429,0.8634000000000001,information
active_round2_candidates-17708fe14f78a063,17708fe14f78a063029306cd7615eed3e8ef33c761cee723d7171908d1e3f323,foraging,0.012167879668383213,0.019868759124456715,0.03082504057189885,0.5767857142857142,0.01067847645038715,0.9669285714285715,-3.277088202879772,-3.2458301099073292,0.031258092972442864,0.36842857142857144,0.6911714285714285,information
active_round2_candidates-2453c37f784c0897,2453c37f784c08976d0704c67c9e96f7b1115ff7c6ed805fc38be86b83a66a8c,foraging,0.012154359412141016,0.019826321876474616,0.030524880895356866,0.44935714285714284,0.01064763599650883,0.9664285714285714,1.195144737614905,0.965814282317547,0.22933045529735796,0.9403571428571429,0.7543857142857143,information
active_round2_candidates-d35996985ededb5f,d35996985ededb5f5075cee9efb43b292ec815912489b14f6fbd9192e966bb4c,foraging,0.01223214757381001,0.02003963443191351,0.030667607959193356,0.6217142857142857,0.010456084473420005,0.9642857142857143,-0.40782160712547433,-0.1982054279135227,0.20961617921195164,0.9175,0.8179000000000001,information
active_round2_candidates-8712a67947884228,8712a67947884228f77e9875f0a44efdedc8b3cff1898bfefb875e04f6ea28f6,foraging,0.012231553111973797,0.020032363907511702,0.030971022838515494,0.7832142857142858,0.010434063327396102,0.9637857142857142,1.2468779663714817,1.335209467521055,0.08833150114957333,0.6066428571428572,0.8201285714285715,information
active_round2_candidates-37e7164fe97386a7,37e7164fe97386a7db81e8868c3e0398a63cb0ecbdc7d17425897b463ee841e0,foraging,0.012225236219044613,0.020107399370778045,0.031206081910228535,0.9106785714285714,0.010319041692925855,0.9624285714285714,-1.9752257960727326,-1.7408810157707706,0.23434478030196204,0.9438571428571428,0.9380142857142857,information
active_round2_candidates-c4c6ff518a1ab069,c4c6ff518a1ab0691b3c677929a3e1b4f93821dc63656927fc24dff791d4bc14,foraging,0.012194476784318262,0.01987731898865349,0.030867117190435233,0.6215,0.010278008822429081,0.9620714285714286,-1.494819044997526,-1.2128438329795599,0.28197521201796616,0.9776428571428571,0.828957142857143,information
active_round2_candidates-bed0e5b8ab1e7ebe,bed0e5b8ab1e7ebe987eb0870aed7fc08bc6925d94a8817fd17943019b76f7e6,foraging,0.012180582739576425,0.019872554062387988,0.030766975352194935,0.5553571428571429,0.01025052446713126,0.9617857142857142,-0.3273329562661237,-0.5578907969198976,0.23055784065377394,0.9407142857142857,0.795,information
active_round2_candidates-fa7046e35792dc94,fa7046e35792dc94e69d4f1cddd60d7c95164f42f1cec32fe9d74c5f38985ec4,foraging,0.012249031620068119,0.020287897977934302,0.03094114315035707,0.8878928571428572,0.010237707828295348,0.9615714285714285,-2.0011165811946645,-2.184672307389124,0.18355572619445937,0.8692857142857143,0.9136428571428572,information
active_round2_candidates-2825d1ddd80df082,2825d1ddd80df082f765839ea0e388a2cda4220c7accf28412cf17db7da6bdd0,foraging,0.012258208384688721,0.02007441788105568,0.0312713468031918,0.9275,0.010206973421350973,0.9610714285714286,-0.35927118397635127,-0.32252205600874395,0.03674912796760732,0.39385714285714285,0.8342,information
active_round2_candidates-407be161bed61298,407be161bed61298254764c9a0b518e04568ae99d2c8e42bd6fe3b1370edfd11,foraging,0.012225236219044613,0.020107399370778045,0.031206081910228535,0.9106785714285714,0.010181246140267379,0.9607142857142857,-0.7635172516956399,-0.9902358188927073,0.2267185671970674,0.9372857142857143,0.9360142857142858,information
active_round2_candidates-681960d5f219d4b5,681960d5f219d4b53d5bb7f793e2f8bde9aa21d6703dbf5d60c22eb8a842b97c,foraging,0.01224848654100384,0.020069660242127047,0.031056970911543285,0.8478571428571429,0.010176244664296697,0.9605714285714285,0.14407422752042176,0.14746786009500962,0.003393632574587857,0.05928571428571429,0.7352285714285715,information
active_round2_candidates-05e1319b314f8404,05e1319b314f8404481b4a7e31bc8bac3af437a810cee7635fe8afd89c46c764,foraging,0.012277868009015844,0.02028697481796989,0.031171694213752606,0.9607857142857142,0.010158561866523088,0.9602142857142857,1.5430961872374713,1.3340381853829444,0.20905800185452694,0.9167142857142857,0.9517428571428571,information
active_round2_candidates-c94a0450e98ec7b7,c94a0450e98ec7b7a0e57d67d41ccd52f34516ee8ce75de537302abbef030781,foraging,0.012263362447045583,0.02021194136077996,0.03068373627897497,0.7445714285714286,0.010060652048263223,0.959,1.264168665883812,1.417002904436682,0.15283423855287004,0.8038571428571428,0.8422000000000001,information
active_round2_candidates-5a882a2369fd7c9c,5a882a2369fd7c9cf1bf7b47f118d04872f0993d1d228b11dd82a1c70b2ea584,foraging,0.012190572235885851,0.01993505353560206,0.030608912844754105,0.5146428571428572,0.010033953801869989,0.9583571428571429,1.11341477642996,1.2314279755452908,0.11801319911533081,0.7227857142857143,0.7337571428571429,information
active_round2_candidates-38760e485fcfa2b8,38760e485fcfa2b8fc6c1a26d6d9e8a0114c0b4ff57a2007d947d7922f50799d,foraging,0.01221888043436772,0.020040248219874334,0.03083090577598665,0.70625,0.009973133487888785,0.9573571428571429,0.08914539669774574,0.19387108173063228,0.10472568503288654,0.6747142857142857,0.8003857142857144,information
active_round2_candidates-965afd9b05028acc,965afd9b05028accc93c5a0104a7d0d3268f04146592ea1dc432165af8035823,foraging,0.012220208554900667,0.019997980808573304,0.03101600412737849,0.7827142857142857,0.009892647824076763,0.9561428571428572,-2.2950790762550084,-2.169418469046046,0.12566060720896255,0.7441428571428571,0.8443714285714287,information
active_round2_candidates-0f79895a598719ec,0f79895a598719ec459429dbd8b99ddfccb315eaf41189b00a0f5dcae4fa69e9,foraging,0.012189772323972512,0.019853343733042605,0.03080824650316144,0.5711428571428572,0.009862145826408675,0.9557857142857142,-0.0030573143321734886,-0.2302491449186361,0.2271918305864626,0.9376428571428571,0.7983,information
active_round2_candidates-7289fee3e8e3b0a5,7289fee3e8e3b0a579b21982e2aabf3f76bcb40e36778c78d6cc5e398e80e662,foraging,0.012198043821514393,0.020050310399328676,0.03078332034621954,0.6743571428571429,0.009859050145810878,0.9557142857142857,1.3713229098923554,1.4446619816562538,0.07333907176389842,0.545,0.7610285714285715,information
active_round2_candidates-fc74865226271296,fc748652262712965fbe7ce5533d25f14253a80ea2e0b983e496cc622ffb8e04,foraging,0.012159975002907745,0.019804546047340877,0.03067132321252784,0.4805,0.009746364253831217,0.9542857142857143,-0.04095884293550123,0.04633801078746469,0.08729685372296592,0.6033571428571428,0.6945857142857143,information
active_round2_candidates-8c861513af616466,8c861513af616466263e2caefe66c472e5e0b6250f36c2a02165a3dedfbda282,foraging,0.012229781367157362,0.02013332053062032,0.030901443119182033,0.7966428571428571,0.009710529531111374,0.9541428571428572,-0.4848805688648555,-0.6956322483688382,0.21075167950398271,0.9192857142857143,0.8841714285714286,information
active_round2_candidates-7fa54cc443e08239,7fa54cc443e08239cf78639318e666fca0f39bef9f8379176277eebcf06cd0ae,foraging,0.01224996427815967,0.0202868053309355,0.031111837005462207,0.9412857142857143,0.009670686781237869,0.9532857142857143,-2.420991700443462,-2.3004806707872576,0.1205110296562042,0.7308571428571429,0.9040000000000001,information
active_round2_candidates-52ade34ffd8371e8,52ade34ffd8371e807198e4065d5aefacb2898f2474b5e91057ed540b1d2fd8d,foraging,0.012263093009546311,0.02026022826929231,0.030998691684939694,0.9041785714285714,0.009661646206599494,0.9531428571428572,-1.1082673098753575,-1.3074976141382257,0.19923030426286825,0.9014285714285715,0.9232142857142858,information
active_round2_candidates-c9db79ca46b7343f,c9db79ca46b7343f8a00ccc59a16f11867267d4d37b4e208142f53ac39fd1382,foraging,0.01214322381569274,0.01968434238633226,0.030633175029614372,0.4425,0.009651973995193446,0.9529285714285715,-0.5047668920097121,-0.53383336205495,0.02906647004523788,0.3562142857142857,0.6294142857142858,information
active_round2_candidates-fe9aeeb01879f694,fe9aeeb01879f694e3c31083ea27938770346aec591f6fedd08f81e501c85f36,foraging,0.012183717690688434,0.019890325353023233,0.030837254578992716,0.6061428571428571,0.00962447046874364,0.9525,-1.1191252443414077,-0.9644989921564284,0.15462625218497927,0.8077142857142857,0.7849999999999999,information
active_round2_candidates-be8c40e0e0db5132,be8c40e0e0db513269d58149420b968ff7de6bf5447d44ff33d2023db3bd80db,foraging,0.012278056552598605,0.020231578737825086,0.030980141244647486,0.8925714285714286,0.00958463219728582,0.9522142857142857,0.4335281290131839,0.21369653242077577,0.2198315965924081,0.9309285714285714,0.9241,information
active_round2_candidates-2fc77e46a7fec61e,2fc77e46a7fec61e24fe864f8ca7dbb27a3165f36ee892edef17c0bb73ab2817,foraging,0.012279173366542417,0.020212521602955336,0.031151367541035847,0.9395,0.009558842207369998,0.9515714285714286,0.3705846747310159,0.15595249915767112,0.2146321755733448,0.9249285714285714,0.9414142857142858,information
active_round2_candidates-41a79fcf5b3f9434,41a79fcf5b3f9434621567153dc8683b85653f08089f245d702b3bec6ef9ef64,foraging,0.012208094939791376,0.019836886642276348,0.030854873204209994,0.5981428571428572,0.009493453108883276,0.9507142857142857,-0.8985501277957624,-0.8550626143924893,0.04348751340327306,0.42328571428571427,0.7042,information
active_round2_candidates-b9467aafca9454c0,b9467aafca9454c04035d32a87bce1d7d5cf4fec15150a666ffd831b3fa058a5,foraging,0.012154428934541526,0.01983849173966614,0.030642830239324598,0.4803928571428571,0.009482240646874588,0.9505714285714286,-1.9927608426812107,-2.0724086401110484,0.07964779742983774,0.5712857142857143,0.6866428571428571,information
active_round2_candidates-72d026d382280020,72d026d382280020535773f85bd3951de8b473f9932829522d2dc92c0e82d8d1,foraging,0.012200450632744646,0.019944484641291636,0.030919336472916316,0.6931428571428572,0.009397279648088263,0.9487142857142857,0.6644993820916925,0.4655618618514634,0.19893752024022904,0.9005714285714286,0.836857142857143,information
active_round2_candidates-be66bbe6f067735d,be66bbe6f067735d0dca6ab07f1dfe1502a80cf177f85839ac6aeea4a2c59c40,foraging,0.012184588950003454,0.01992271036145608,0.03080453922687082,0.6065,0.009384944718900494,0.9485,0.10845733579129102,0.07577478823102457,0.03268254756026645,0.37507142857142856,0.6970142857142858,information
active_round2_candidates-fe0b6dff02d2bbb4,fe0b6dff02d2bbb4e466c36e30840f63adf15f64fc220ce223798b626f0a0f65,foraging,0.012188827729474744,0.020031363693852486,0.030753883668488517,0.642,0.009372181594913554,0.9483571428571429,-0.8499907000388085,-0.8977874573484792,0.0477967573096707,0.4405,0.7242428571428572,information
active_round2_candidates-5c35bc77090a4b39,5c35bc77090a4b39616bfd69d3c4456bb53ee2e5b92820acb2a502d839bd76b5,foraging,0.01220822120821319,0.020006373923431225,0.031012507481937367,0.7792857142857142,0.009326958275732563,0.9475,-1.861200306948307,-1.6333260553481483,0.22787425160015862,0.9386428571428571,0.8784428571428572,information
active_round2_candidates-cc024efd0d22459e,cc024efd0d22459e6a7a777c4a932da5d6b1ee5f0266a8415741b982aeac4cfb,foraging,0.012286726746571537,0.02027915915694897,0.031157237114382823,0.9585,0.009309142052659898,0.9472142857142857,0.1841308326034441,-0.04417662671135611,0.2283074593148002,0.9392857142857143,0.9501428571428571,information
active_round2_candidates-3797179138cdb7cc,3797179138cdb7cc27f9f09a07b44b2bc1197bee133679eefb497be2b75a3b11,foraging,0.012294041624367175,0.020285159246017127,0.030988208095222364,0.91875,0.009298755695185661,0.9468571428571428,1.017570630966173,1.1533493373965333,0.13577870643036039,0.7702857142857142,0.9003000000000001,information
active_round2_candidates-75ccd797737cd88c,75ccd797737cd88cdf5f850644536b10eff0204832567565f1092fa64f6ccff9,foraging,0.012239655765246557,0.02010669822544479,0.03091095903798155,0.7935,0.009258972068463378,0.9459285714285715,0.8824222964514119,1.1812316866426742,0.2988093901912623,0.9837857142857143,0.8925285714285714,information
active_round2_candidates-db48a8536c19c84d,db48a8536c19c84db4f88cb1b482539896fef3f078f1fd00fdcd0b371b3e4611,foraging,0.012213638735000308,0.0201084694480444,0.031063832107927375,0.8525,0.009245553551549265,0.9457857142857143,-2.339125142184056,-2.096336704531749,0.2427884376523073,0.9511428571428572,0.9095428571428572,information
active_round2_candidates-165ad0cdfd3d02e8,165ad0cdfd3d02e8370cd113c94249faf70e9be64c9d612877c1d52a5495722b,foraging,0.012193419725760737,0.020018441295050617,0.030984673502423555,0.7635,0.009145397489275396,0.9437142857142857,-1.219004715404737,-1.3874083700409945,0.1684036546362575,0.8378571428571429,0.8504571428571429,information
active_round2_candidates-fc7706706253e5fd,fc7706706253e5fd6170fb8d965eb41442f96001b159d740b56e3eb7b815c7fc,foraging,0.01222383945328781,0.02004377109981069,0.030860301741159907,0.7288214285714286,0.009143926471367017,0.9436428571428571,-0.5072084894657951,-0.3677363706152324,0.1394721188505627,0.7771428571428571,0.8244142857142858,information
active_round2_candidates-17fbdd0d1464da9b,17fbdd0d1464da9b7519e61083c64e13bf0ff4d434207d5dfc42fbec7f9596cb,foraging,0.012251577658356461,0.020141475597719845,0.03099517534996496,0.8531428571428571,0.00912949111252033,0.9432857142857143,0.6795511279929669,0.6173611783347546,0.06218994965821234,0.49957142857142856,0.8184857142857144,information
active_round2_candidates-b92ebc2b422ede81,b92ebc2b422ede819649393fb39b35b19d4c6e88c501596b42874dd78a8820f2,foraging,0.01226754356487934,0.02023470631604243,0.031033918327734545,0.9100714285714285,0.009126203782617137,0.9432142857142857,-0.5109159939638364,-0.26772053163717496,0.2431954623266614,0.9517142857142857,0.9316571428571429,information
active_round2_candidates-b0831a3ff79b5986,b0831a3ff79b5986a4739d3c08a8b08caf13afcf690e2c8dc0031df80819ce2e,foraging,0.012211566544147083,0.02004660581027623,0.030625031598608438,0.5885714285714285,0.009123692234796357,0.943,0.8286512899839171,0.9653038975781698,0.13665260759425268,0.7717857142857143,0.7669857142857143,information
active_round2_candidates-7283ecc0d35c4686,7283ecc0d35c468659e82cb2ad32447da0a31c2c30691bcffb3c1c10c4d13866,foraging,0.012249281810279077,0.020067352293678085,0.031078417220755855,0.8560714285714286,0.009118064826323009,0.9428571428571428,-1.2694783517493202,-1.1211553583109604,0.14832299343835986,0.7955,0.8786714285714287,information
active_round2_candidates-ac9f8e68bb2db7b9,ac9f8e68bb2db7b9fcca27bb2025dfea225722a8fff19bf0b019403b9f1782b0,foraging,0.012238577608131167,0.020085454663111783,0.03125545855075694,0.9223928571428571,0.009077879503515976,0.9421428571428572,-2.6577602783918297,-2.5889207939534655,0.06883948443836418,0.5255,0.8509142857142857,information
active_round2_candidates-96ef1700a463e74b,96ef1700a463e74b46cc9ad250a2cfdd19d519b44cea8c94778910a56cf6abf8,foraging,0.012252837319692482,0.020175033809960514,0.030945300136060182,0.8467857142857143,0.009047759215297121,0.9414285714285714,1.9368370578838334,2.0041834474104547,0.06734638952662131,0.5188571428571429,0.8190571428571429,information
active_round2_candidates-345f8f18952f9c2a,345f8f18952f9c2a5d8b05d1d549ff06880bd2106bd8b57f5d10736dc762519f,foraging,0.012241694495292823,0.020037556089575474,0.03099046305926435,0.7988214285714286,0.009044939905857145,0.9412142857142857,1.5170274656913032,1.48204794827398,0.0349795174173233,0.3856428571428571,0.7731428571428571,information
active_round2_candidates-ed6877f56d721ecb,ed6877f56d721ecba998b22d5478c024eacdad33473289835133b12018959df0,foraging,0.012189427009082997,0.019974607835596122,0.030753667469701967,0.6102142857142857,0.00903567953355825,0.941,-0.8932857184230754,-0.8268863941746185,0.06639932424845685,0.5157142857142857,0.7236285714285715,information
active_round2_candidates-0f18df3bd08014dc,0f18df3bd08014dc687ed5e2a546d0fe36f019be14eecb0c564786515c2bebb0,foraging,0.012285938971094416,0.020171237871336935,0.031014149493765318,0.8853571428571428,0.009035579794712601,0.9409285714285714,0.5729233211127814,0.5168618362056047,0.05606148490717677,0.4754285714285714,0.8256,information
active_round2_candidates-5d25c3b9f75580c1,5d25c3b9f75580c168bd804d3e3e6dc2284871dd33831a1daa7ae5bb7b79c52e,foraging,0.012252801944848301,0.020031777581181135,0.030667393498846146,0.6290714285714286,0.009032697676372542,0.9407857142857143,0.3602011366008963,0.6211168387980402,0.26091570219714394,0.9643571428571428,0.8208142857142858,information
active_round2_candidates-dbc49d4a62e06479,dbc49d4a62e064798364956f9144800368c01dddbbb2d2b60c1b0994b20444b6,foraging,0.012188197892794348,0.019974326424242756,0.030779391910596622,0.6241428571428571,0.009024280078374927,0.9405714285714286,-0.2165255753114168,-0.22584792999682257,0.009322354685405765,0.15964285714285714,0.6578142857142858,information
active_round2_candidates-c4fbd797d455220b,c4fbd797d455220bbcbee24941eebeb8a87fa29a9d79eb6236c2efe994c00984,foraging,0.012198960451611859,0.019950750746625764,0.0307806225413305,0.6167142857142857,0.008984636473803124,0.9397857142857143,0.8091222214652803,0.8801939873901865,0.07107176592490616,0.5347142857142857,0.7295428571428572,information
active_round2_candidates-810e1cc9fa0a840c,810e1cc9fa0a840ce944b57684fcf6b284c03d886c2efda78439453bc0f1556d,foraging,0.012161342672280678,0.019897238660415616,0.030468124500721772,0.45371428571428574,0.008980394980219885,0.9396428571428571,1.4353977349750129,1.7339105593864945,0.29851282441148164,0.9837142857142858,0.7540857142857142,information
active_round2_candidates-05ea36636f5466a1,05ea36636f5466a153129f54063b35a9a8ad2e87186a5f7c3f38171e6c61706c,foraging,0.012222789266765337,0.02010028393834851,0.03113199288577031,0.879,0.008943910837862947,0.9387857142857143,-0.9639257859843873,-0.9290473283228357,0.03487845766155162,0.38521428571428573,0.804157142857143,information
active_round2_candidates-563370f381f5851c,563370f381f5851c438c6ccd0f449a2927d7d68b916c8683a6e79112ba2fdb88,foraging,0.012241667162030002,0.020199772192115373,0.031082772309950803,0.9052857142857142,0.00893703025367916,0.9385714285714286,-2.2653316860765735,-2.476648709758132,0.21131702368155825,0.9202857142857143,0.9216,information
active_round2_candidates-f63eb3ac74faf72e,f63eb3ac74faf72e70b1707634b76138a458df43a53117c72b5f1d690f108a36,foraging,0.012235285994771222,0.02006786412166713,0.03086274984085633,0.7477142857142857,0.008932018659572367,0.9382142857142857,1.1105714491485166,0.898171908498745,0.21239954064977162,0.9222857142857143,0.8588285714285715,information
active_round2_candidates-399465d76259b68b,399465d76259b68b5b113d5a08e7b60d274286a1c4c71770545978b9c6a49a33,foraging,0.012211914094990225,0.02000462820094926,0.030804717409885125,0.6682142857142858,0.006504384124634504,0.8369285714285715,-0.7458456840127036,-0.4072761691920742,0.33856951482062936,0.9912857142857143,0.8003142857142858,disagreement
active_round2_candidates-f2c0b6103610d8b7,f2c0b6103610d8b7e32a67c6cf7bf9d3d414239ee2ad9f70a6057dbe932a06fc,foraging,0.012214977250544434,0.02004896578084248,0.030903390821238323,0.7483214285714286,0.008022834114575569,0.9122857142857143,-0.6624653603722839,-0.34357706228375695,0.3188882980885269,0.9885714285714285,0.8619571428571429,disagreement
active_round2_candidates-9edc3c2442f7c024,9edc3c2442f7c024f5c56f923156919c67744ff65ed542744b23c754f8f481c6,foraging,0.01223470551130091,0.020013000082457412,0.030842637042718397,0.7065714285714285,0.006058258262632936,0.8050714285714285,-1.4924484948387802,-1.1758828310003984,0.3165656638383818,0.9882142857142857,0.8022999999999999,disagreement
active_round2_candidates-df2f2930c9a8c3bc,df2f2930c9a8c3bcdcc780e645c2dfa6dc8f97477312216391c07d7e16a65fc3,foraging,0.012227662379706336,0.020087986144056425,0.030787446194353325,0.7128571428571429,0.0044696743441542015,0.6424285714285715,-1.1699209821025693,-0.8610198908052544,0.3089010912973149,0.9862142857142857,0.7393571428571429,disagreement
active_round2_candidates-6290ed2900e63510,6290ed2900e635105081fafdc7bf56d01c1e4185a06e8b844b08f983c8c63922,foraging,0.012280459075639625,0.020260046571749266,0.031022413205021648,0.9174285714285715,0.005151934800567649,0.7250714285714286,-1.9474854310247216,-1.6447242824758277,0.3027611485488939,0.9847857142857143,0.8539571428571429,disagreement
active_round2_candidates-44636e547a894a1c,44636e547a894a1c6d9ca297e18f55964df7fd5c2df2e170581c311936d62670,foraging,0.012278060730480359,0.020257598479666766,0.03103426797063727,0.9196428571428571,0.005626635322287489,0.7721428571428571,0.18189621944551804,0.48394728985980334,0.3020510704142853,0.9845714285714285,0.8736285714285715,disagreement
active_round2_candidates-9993973d9a952d0e,9993973d9a952d0e0c4dfe174ce6131141bf3f9952dc474b7314c8e8dfe4a28a,foraging,0.01225832829184213,0.020270064914653108,0.031040895023167415,0.9192142857142858,0.006848126977717907,0.8577142857142858,0.050941035109536514,0.3525677717688093,0.3016267366592728,0.9844285714285714,0.9076571428571429,disagreement
active_round2_candidates-450cac8a827f6137,450cac8a827f61379bb8a2c4d639bf9c5a2cf8470e34009726dd5fcc247de6c9,foraging,0.012219639983838338,0.0199560864883464,0.03084788049644218,0.6696785714285715,0.00448745745776951,0.6445714285714286,-0.4905575014299244,-0.19434212246202381,0.29621537896790057,0.9832142857142857,0.7223428571428572,disagreement
active_round2_candidates-0bf1c0bc8584e394,0bf1c0bc8584e394ca6273f56427959b639eb5484981a90053764419e7d5552f,foraging,0.01218472304001038,0.019801824440005562,0.030830963175229785,0.5537142857142857,0.007711906911323098,0.9005,-2.2335184771654624,-1.9383888047192408,0.29512967244622157,0.9828571428571429,0.778257142857143,disagreement
active_round2_candidates-763590ef2179113a,763590ef2179113af057ebb6585ee22db9ed0baad0ac23334135815d63f62768,foraging,0.012241358651793151,0.02008223068760526,0.0308773381421091,0.7655,0.006833461917666263,0.8567857142857143,-1.088459813058229,-0.7937457469928217,0.2947140660654073,0.9827857142857143,0.8454714285714287,disagreement
active_round2_candidates-4e83036e26c76adc,4e83036e26c76adc81bea692da286bb9e6ac8e3f36cb8e0fdfafb48a1727e7b3,foraging,0.012246537347007936,0.020170623417343637,0.030812705483013958,0.7805714285714286,0.00462858395611469,0.6630714285714285,0.3110478381326641,0.605281812941717,0.2942339748090529,0.9825714285714285,0.7739714285714286,disagreement
active_round2_candidates-87cbb059dae5e400,87cbb059dae5e400fcebab8dc9835e2343cfdd538cf818c01159f4805761319a,foraging,0.012235639862008745,0.020101741904523643,0.030985348733104635,0.8250714285714286,0.0068347514202984246,0.857,-0.11337296764486918,0.17902131992672016,0.29239428757158936,0.9818571428571429,0.8692,disagreement
active_round2_candidates-a71f96fc474606cb,a71f96fc474606cba21c7f2a397489ef7f284b088587c089fbc869730e63e2ee,foraging,0.012238855597978448,0.020019229583287557,0.031008523003581045,0.7975,0.007323116811776304,0.8836428571428572,-0.9922212238571694,-0.7017326289172242,0.29048859493994517,0.9814285714285714,0.8687428571428571,disagreement
active_round2_candidates-0766e8b3db6a05b5,0766e8b3db6a05b5e31626dbb0c9854664490c8d32943501fe92df686c99a185,foraging,0.012275006359102713,0.020160981315228813,0.031068426340909817,0.8972857142857142,0.008614795124975396,0.9302142857142857,1.805878249662367,2.0956978726066344,0.28981962294426733,0.9812857142857143,0.927257142857143,disagreement
active_round2_candidates-7f47c3df1f76626e,7f47c3df1f76626efd2fccf84f0a5a79136e73191d93f47022e27c65697345c5,foraging,0.012294434151203695,0.020268123145987107,0.03117245428244868,0.9605,0.008076213305103852,0.9140714285714285,-0.493094899900654,-0.20340013666100565,0.2896947632396484,0.9812142857142857,0.9460714285714287,disagreement
active_round2_candidates-2857a6dc4fe07811,2857a6dc4fe07811ccf0c3610c77bc802fdb20ebd947a5ac98a2f7bbcbe80846,foraging,0.012246718880790422,0.020244818519568216,0.03093124130200369,0.8665714285714285,0.005980124188799485,0.7990714285714285,-0.5271767070973473,-0.2375824170033204,0.28959429009402693,0.9810714285714286,0.8624714285714286,disagreement
active_round2_candidates-a26ee577b0f52e7e,a26ee577b0f52e7e491d12085629bc58ae396abc280663cddf6e40dfc79e9492,foraging,0.01219527695158637,0.020052170369044005,0.03076955322483573,0.6662142857142858,0.00834739324037241,0.9229285714285714,0.3815478432971562,0.6701204825803387,0.28857263928318255,0.9807857142857143,0.8318142857142858,disagreement
active_round2_candidates-6538cae3debb6a5b,6538cae3debb6a5b5d4ea91e87b83e15b3041158575fe57ac361aedcb637196e,foraging,0.012126881565501103,0.019807523333499027,0.030539943110647155,0.44492857142857145,0.005538364356760372,0.7640714285714286,-0.06405282086465308,0.22416402551231968,0.28821684637697276,0.9806428571428571,0.6797285714285715,disagreement
active_round2_candidates-627ff5f46363bbc5,627ff5f46363bbc52f1fb197b016256cad452c03857e9dc9af6a5b385a2dcf69,foraging,0.012259278766368445,0.02023349039308063,0.030980053043223283,0.8860714285714286,0.006720046578154199,0.8501428571428571,0.024212345137703206,0.31227746327680495,0.28806511813910174,0.9805714285714285,0.8906000000000001,disagreement
active_round2_candidates-056e9c44bfa0daab,056e9c44bfa0daab65b92794f5c9f267e7d77e7443c27cd28c5ca6832fe65438,foraging,0.01216075993496025,0.019820882757521505,0.030567266669826954,0.45775,0.004010309979299184,0.5812857142857143,-2.525471653003505,-2.2375627515469265,0.28790890145657855,0.9805,0.6117142857142858,disagreement
active_round2_candidates-4561eb85da2e665e,4561eb85da2e665e3c304985342ce2e4743aa85430cb4479810442f9b58c3ed1,foraging,0.012288084015101133,0.020294750511746305,0.03110260549926014,0.9500357142857143,0.0069570469371996995,0.8642142857142857,0.08518583671060416,0.3720257332826551,0.28683989657205095,0.9799285714285715,0.9216857142857143,disagreement
active_round2_candidates-7dc800d75b41ee72,7dc800d75b41ee7257d35f5bb2cb8fb3e75f210613129f6bc5be2a025bdfbc2b,foraging,0.012247927462150626,0.02026266903948383,0.030950943133357313,0.8820714285714286,0.007412614988872419,0.8882142857142857,2.002654881119311,2.2894583304029887,0.28680344928367774,0.9798571428571429,0.9040857142857144,disagreement
active_round2_candidates-7d8b2c152e9eb220,7d8b2c152e9eb22027abc03f74c1b6a2707b3183296c6d8367a74c12f51a9960,foraging,0.012224263768160295,0.020105823770403285,0.03084441522716439,0.7524285714285714,0.005335550226238525,0.7448571428571429,-1.0088585614711367,-0.722236393697774,0.2866221677733627,0.9797142857142858,0.7948571428571429,disagreement
active_round2_candidates-6c0758aee3aa0bae,6c0758aee3aa0baee1b286182e089b3872c5f88a1875d50ee8d3e45420af1d16,foraging,0.012133847904878599,0.019756461986330107,0.030566131476748682,0.44125,0.004346838650311431,0.6280714285714286,0.2434209770288988,0.5289681006553077,0.28554712362640894,0.9793571428571428,0.6236,disagreement
active_round2_candidates-fcb0453e7f99719a,fcb0453e7f99719a72e75c311560e51029a9cdc5ed5bc9063cf60127a015ef57,foraging,0.012240678128763472,0.0201438890546519,0.03110381938509076,0.892,0.005243242839396566,0.7348571428571429,-0.24317488060386372,0.04178069064511303,0.28495557124897675,0.9790714285714286,0.8465571428571429,disagreement
active_round2_candidates-a3ec244fa195584a,a3ec244fa195584a5f2c5e67408af8de79c395db915e70760a8da459ce5562a6,foraging,0.012197332380973865,0.019931391648536374,0.030853642573476107,0.6474642857142857,0.004687176298853452,0.6715714285714286,-2.5663192034831606,-2.2815657560816662,0.28475344740149433,0.9789285714285715,0.7234000000000002,disagreement
active_round2_candidates-e47d39c84c89ea90,e47d39c84c89ea90d5d9d6feb2fe74eb71d723ac1a54a357ffd0c9321b134a32,foraging,0.012253069016892984,0.020113886399538008,0.03096696768320124,0.8298571428571428,0.008247620419300753,0.9197142857142857,-0.9470233859051848,-0.6624881236919238,0.284535262213261,0.9787857142857143,0.8955857142857143,disagreement
active_round2_candidates-5ba31c10b44e4890,5ba31c10b44e4890ca89b59b044ccb57a2b13bf98a08011958c8a44733c2366f,foraging,0.012194364320258505,0.01992374851497865,0.03103903633709647,0.7435,0.0061791862549034566,0.8136428571428571,-0.7559503943381087,-0.47231914165539285,0.2836312526827159,0.9786428571428571,0.8185857142857145,disagreement
active_round2_candidates-fc2cdeb492da2a0a,fc2cdeb492da2a0a27f0831a8426242930913ab96fae5317354feea8664ad9df,foraging,0.012274124082580284,0.020253797242718634,0.031174084213104192,0.9545714285714286,0.0029546890878575927,0.4057142857142857,-1.762894697002424,-1.4792828885152,0.2836118084872239,0.9785714285714285,0.7398285714285715,disagreement
active_round2_candidates-5a01c6103d9d4c82,5a01c6103d9d4c820444a321ee80b0f19a663ba3900a26e24b8fc7eb56fedf1a,foraging,0.012251549696558051,0.02011120632943399,0.03115564432289648,0.90275,0.008808797864822951,0.9353571428571429,-0.44703537795561843,-0.16415563143570494,0.2828797465199135,0.9782142857142857,0.9308857142857143,disagreement
active_round2_candidates-00fc42b1dad4573d,00fc42b1dad4573d323dde44c2bc78c1b2f6fae36ab8598a514cbd0fcf5b0c57,foraging,0.012193629889161683,0.020030988001643553,0.030580326078400038,0.5470714285714285,0.007183664772473967,0.8772857142857143,-0.544125377877163,-0.2612999561575497,0.2828254217196133,0.9781428571428571,0.7653714285714286,disagreement
active_round2_candidates-f12d1c43ee7b30b9,f12d1c43ee7b30b9681c7a9a2a808f04baea4255329d9d7a04f9f405fdf5d7d9,foraging,0.012125017129121316,0.019753397632523803,0.03042011960318694,0.42707142857142855,0.005931045055020856,0.7949285714285714,1.6562589750763488,1.9380545256420039,0.2817955505656551,0.9774285714285714,0.6842857142857143,disagreement
active_round2_candidates-a99133cdc6d551b2,a99133cdc6d551b29bb350cbc5347699da94506f61835579ca88eb017b566283,foraging,0.012164142010347451,0.01981877365601516,0.03078838681464487,0.5297142857142857,0.00407806609284135,0.5917142857142857,-1.1340878386732394,-0.853221843809257,0.28086599486398234,0.9770714285714286,0.6439857142857144,disagreement
active_round2_candidates-92d3fbfa25bfb369,92d3fbfa25bfb3693bdd38dc7c91384003b96b1e7b3754c9b5174b3aa817dc53,foraging,0.012185250524060835,0.01995662120752933,0.030859141160998648,0.6583571428571429,0.005460392716377318,0.757,-1.2548809316846459,-0.9742266708157268,0.2806542608689191,0.977,0.7615428571428572,disagreement
active_round2_candidates-b2a149b3a7f64c88,b2a149b3a7f64c884d6807daf110bca41fcaf64a7975c2a6dfc5f7b2b5308e72,foraging,0.012129609125407309,0.0197327888718717,0.03061678703513098,0.44542857142857145,0.00714258924073928,0.8747142857142857,0.1289424561736508,0.4079108034312557,0.2789683472576049,0.9762142857142857,0.7233,disagreement
active_round2_candidates-9faa81d0718f666b,9faa81d0718f666bcd0f7f656c9c503e64d843d405fe54ab77c6cd1d095e8003,foraging,0.012141319490507141,0.019801909866526066,0.030740538978214115,0.49410714285714286,0.008283006254396524,0.9207857142857143,0.11022145753717294,0.3886482634770967,0.27842680593992375,0.9757857142857143,0.7611142857142859,disagreement
active_round2_candidates-faf718ab2267faad,faf718ab2267faad8f1d5261c4916382e86299bfc56abb0b9081911cea1cdfae,foraging,0.01220354864849044,0.02003544185528678,0.0308095373202115,0.6842142857142857,0.006923425729596553,0.862,1.5009187439720053,1.778347126340653,0.27742838236864764,0.9752857142857143,0.8135428571428571,disagreement
active_round2_candidates-f0ad4a70b51d9a21,f0ad4a70b51d9a21943d406a8c01e37b415cbae6ecdce0819715c9c5fb791489,foraging,0.012196865794321814,0.019983525536842565,0.030698825929108227,0.5854285714285714,0.0038761449889908356,0.5602142857142857,-3.070369272006746,-2.793530659976742,0.2768386120300037,0.975,0.6532571428571429,disagreement
active_round2_candidates-edf2918a0f69abdc,edf2918a0f69abdc45933f92f8081923bf0ad303ea752cd013bdfe4054fc058a,foraging,0.01218935122088458,0.019954771410018564,0.03089229149483329,0.6773214285714285,0.00526439546560766,0.7368571428571429,-1.151751366706689,-0.8760594206675312,0.2756919460391578,0.9745,0.7605714285714287,disagreement
active_round2_candidates-5f2d89354840c62e,5f2d89354840c62e210a87ca748c3ab8da2a18c2192444b9b1f71bf276f66e57,foraging,0.012212043828599719,0.02010580689974621,0.030933719706903867,0.7907142857142857,0.004291826023049418,0.6214285714285714,0.2929541224361881,0.5682274907338372,0.27527336829764903,0.9741428571428571,0.7596857142857143,disagreement
active_round2_candidates-6d1a5dd1557fdfe6,6d1a5dd1557fdfe61bbbfdc43a59f6377cfe0e2343dadcc8bfacdc64341d6161,information_sampling,0.012047656205351703,0.01980808246334658,0.03060663724936772,0.4427857142857143,0.001630643444685464,0.16457142857142856,-1.8195473925930679,-1.8856070763753214,0.06605968378225358,0.5139285714285714,0.34572857142857144,coverage
active_round2_candidates-860cc2d4b04ef48c,860cc2d4b04ef48c64232b5daeca9a15c14dea1d1bdce523093fc25ee2e4d21c,information_sampling,0.012072051699613437,0.019912942789509724,0.030469543333925198,0.441,0.0018925856469095609,0.2092142857142857,-1.899746887676634,-1.9203474323350587,0.020600544658424758,0.30028571428571427,0.3201428571428572,coverage
active_round2_candidates-110a0e3035976ba1,110a0e3035976ba194e7ad499b770a5243e7090c5cde4fca0336d18074783668,information_sampling,0.01204306420906571,0.01969609921528107,0.030706530077045602,0.4397142857142857,0.0011460439177800137,0.08214285714285714,-1.6082145382623936,-1.61791688186892,0.009702343606526442,0.16428571428571428,0.24160000000000004,coverage
active_round2_candidates-b9ea84af8c841f00,b9ea84af8c841f00e9385c311d203a2fa95fad8364b69871694357c720647f28,information_sampling,0.012016410300959911,0.019748708573114004,0.030638084960681433,0.43514285714285716,0.0016598725395694821,0.16957142857142857,-1.3042470586842312,-1.3129055738198505,0.008658515135619327,0.14942857142857144,0.2717714285714286,coverage
active_round2_candidates-5e77a04748efc56a,5e77a04748efc56a38c2c89f161e7d2c62f0b418321009cc84a0ebc85ee32bfe,information_sampling,0.012011818304673919,0.019645517795384627,0.030737977788359305,0.4342142857142857,0.0018017979274413062,0.19342857142857142,-1.7371859777934846,-1.765695117922325,0.028509140128840427,0.35264285714285715,0.3215857142857143,coverage
active_round2_candidates-6672fa51cc4878e8,6672fa51cc4878e86414183d477cc9d3ee0879e501122567cbdbad45fc4e7cef,information_sampling,0.012033060908394228,0.019809708003261036,0.030532465711196166,0.43242857142857144,0.002892863825630727,0.3945714285714286,-1.9546090606541395,-2.1531449201055493,0.19853585945140972,0.8999285714285714,0.5107857142857143,coverage
active_round2_candidates-f2bf9a41906d68d6,f2bf9a41906d68d6605db4d83a0e6e679a8d072ef6062c4543a78b9c90f3de4f,information_sampling,0.012068148515790151,0.019911902839223415,0.030395181983424446,0.4323571428571429,0.001614302702118599,0.16128571428571428,-2.0677343568521627,-1.9931589353740704,0.07457542147809226,0.5502857142857143,0.3475142857142858,coverage
active_round2_candidates-ec4de41957561527,ec4de41957561527655dba57698130815cdb0aab34067190cb7722144ba1c715,information_sampling,0.012039161025242424,0.01969760139184122,0.03063216872654485,0.4317142857142857,0.0015206036622038813,0.1437142857142857,-1.871184211223385,-1.9104656809043485,0.03928146968096358,0.4054285714285714,0.3112571428571429,coverage
active_round2_candidates-5c21c6750519ab23,5c21c6750519ab2370befcf7d304b079989c20b9a902914aee597cfe0b0c15cf,information_sampling,0.012013257410418487,0.019781227439818083,0.030569666798960816,0.4312857142857143,0.0017066810363543315,0.17785714285714285,-1.7725293337914818,-1.8913531952863352,0.11882386149485336,0.726,0.3888571428571429,coverage
active_round2_candidates-62f9e61d6ba63b0d,62f9e61d6ba63b0d989f9a5f509ee32e7c31a91f9451495d7cc85b8da00fe861,information_sampling,0.01203594584025187,0.01984168889280541,0.030447033092656305,0.42878571428571427,0.0025001556928924778,0.3227857142857143,-1.6842899230689334,-1.873625215310292,0.18933529224135848,0.8806428571428572,0.4767571428571429,coverage
active_round2_candidates-b4f69c2c01508f2e,b4f69c2c01508f2e26d107d36a4556793ac35a9de55356cf5b8f9f9d864e4f0e,information_sampling,0.012031353843965878,0.019737404014253366,0.030546925920334183,0.42839285714285713,0.0015488658834524466,0.149,-1.7756204524030954,-1.8648747385057374,0.08925428610264197,0.6108571428571429,0.35312857142857146,coverage
active_round2_candidates-68458aaa6019f59f,68458aaa6019f59fd54e637f1531db6be5f3f81142673040bf0b887fc18a9777,information_sampling,0.012031353843965878,0.019737404014253366,0.030546925920334183,0.42839285714285713,0.001118330901003517,0.07821428571428571,-1.5588935196749611,-1.571790525381588,0.012897005706626885,0.21307142857142858,0.24525714285714287,coverage
active_round2_candidates-3aa3fe8a59d5d735,3aa3fe8a59d5d735428db7bbf1598dcdeb81d6aff214d74e270c82e538e0d32b,information_sampling,0.01200893871533137,0.01961004225557559,0.030694959146707956,0.4282142857142857,0.002542831067182916,0.32971428571428574,-1.9108547907481284,-2.0665967220115347,0.1557419312634063,0.8098571428571428,0.4651428571428572,coverage
active_round2_candidates-92c6d6a54ef3008f,92c6d6a54ef3008f259517aafa98815378004012f084630d757753e764931475,information_sampling,0.012055749338227612,0.019832443216371263,0.030409832004891658,0.42692857142857144,0.0011561642089566646,0.08421428571428571,-2.0228172885341635,-2.0020636099534026,0.020753678580760937,0.3017142857142857,0.26480000000000004,coverage
active_round2_candidates-662c21a69f4e0454,662c21a69f4e0454854068acb6dabd0fa3c0cc952ed4bf42ac92df487cac023c,information_sampling,0.012036902611398361,0.019830647423426686,0.03042662969473816,0.4265,0.001310798747368438,0.10942857142857143,-1.4362023995162478,-1.4437223008146782,0.007519901298430387,0.12985714285714287,0.24034285714285714,coverage
active_round2_candidates-b703d3deb7ae7c72,b703d3deb7ae7c7264cc44184a06beae9549a16c10f6f52db36a3f7bf0ac8231,information_sampling,0.0120093542265952,0.01978777999091362,0.030495305448460075,0.4263571428571429,0.0011966951802833362,0.09085714285714286,-1.8025077484636036,-1.8827826313716798,0.08027488290807616,0.5736428571428571,0.32161428571428574,coverage
active_round2_candidates-f5cd5c28fa51969e,f5cd5c28fa51969e998b95b03359234f286c3d175628d6acb69543e766c7ba21,information_sampling,0.012004762230309208,0.01969012142251342,0.030595198276137946,0.42614285714285716,0.0018690917072814995,0.20435714285714285,-2.020036372971207,-2.005839006716059,0.01419736625514778,0.2312857142857143,0.29845714285714287,coverage
active_round2_candidates-d22078c548d226d2,d22078c548d226d252a239b7ad053afbdd963245daba3e4afd56a4e5cd3ceb4c,information_sampling,0.012052420923055885,0.019896747241188253,0.030337404912335976,0.42564285714285716,0.001044515200116535,0.0655,-1.61435619149063,-1.6207822325658243,0.0064260410751944,0.11157142857142857,0.21877142857142862,coverage
active_round2_candidates-f955493da80f3a85,f955493da80f3a85ba6757a866a594f2557448f69d4529fb94898e705179d7e5,information_sampling,0.012023433432508158,0.019686674304519557,0.03057439165545638,0.4255357142857143,0.0015421545546411694,0.1475,-1.83225917028845,-1.9237158216549188,0.09145665136646874,0.618,0.35281428571428575,coverage
active_round2_candidates-9aacfaff6b3a4301,9aacfaff6b3a43011a366e87a6e877f5508fb4485bff80e39baafa4c9b8c890b,information_sampling,0.012023433432508158,0.019686674304519557,0.03057439165545638,0.4255357142857143,0.0015730076365678709,0.15278571428571427,-1.9108831726957882,-1.934184485758816,0.02330131306302774,0.32107142857142856,0.29554285714285716,coverage
active_round2_candidates-7b275369cf85ef8f,7b275369cf85ef8f4b120b777694077a42de07151c73db455d7ae8482c9a776a,information_sampling,0.012015721488497205,0.019697501533512525,0.03056982321491668,0.42542857142857143,0.0027332560418969237,0.3632142857142857,-1.44942106338283,-1.593247645091483,0.14382658170865303,0.7864285714285715,0.4727428571428572,coverage
active_round2_candidates-022910e283505cce,022910e283505cceb0ebfae3639b675ebca70341e658eb75a69b6306072e5d46,information_sampling,0.012033749720856935,0.01987243645894611,0.030358211533017543,0.4248571428571429,0.0008312200315953697,0.028214285714285713,-1.7334204822709651,-1.7312841286188312,0.0021363536521339377,0.036571428571428574,0.18854285714285718,coverage
active_round2_candidates-e521e1d205829242,e521e1d2058292424edf43a9edd98190c5754616e3804514fe55a673238898ba,information_sampling,0.012043925742946606,0.019851634057949014,0.030362936389513106,0.42478571428571427,0.0013914002503984293,0.12342857142857143,-1.9749193463327235,-2.0769440653899256,0.10202471905720212,0.664,0.3520857142857143,coverage
active_round2_candidates-119eeeab3ff3161d,119eeeab3ff3161df0db51f8be7f694b33ba99b79806ac9663202373820c945e,information_sampling,0.01200640700028843,0.01978165815921109,0.030464020594832008,0.42464285714285716,0.0017334185398006107,0.18292857142857144,-1.9323818722465973,-1.9007568167135656,0.03162505553303174,0.3702142857142857,0.3170714285714286,coverage
active_round2_candidates-306652d0240c1aef,306652d0240c1aef854a4aaaff3de9af69232a050bb21b94ec95a089a71ce1ed,information_sampling,0.0120379262058791,0.019755866784549343,0.030457972403587552,0.42457142857142854,0.0011253047869447606,0.07964285714285714,-2.035085737038357,-2.108887945278643,0.07380220824028605,0.5468571428571428,0.31105714285714287,coverage
active_round2_candidates-640890270d1d1d07,640890270d1d1d072cb400267d81d5478ff9ee3daf2e391c6043b6eb7354805d,information_sampling,0.012040116982758938,0.019778537297188932,0.03043272929947415,0.4245,0.0016444483563506063,0.1667857142857143,-1.6988920154384624,-1.7431036001048636,0.044211584666401293,0.42642857142857143,0.32180000000000003,coverage
active_round2_candidates-8fcfa6ea41a0bfb3,8fcfa6ea41a0bfb305b1be105b5067401729d597e5ec0608433d3411536af8c6,information_sampling,0.011978108322203411,0.019741864698262314,0.030526753159773788,0.4243571428571429,0.001999668449006125,0.2265,-1.7491935470751585,-1.646304813606251,0.10288873346890748,0.6679285714285714,0.3939285714285715,coverage
active_round2_candidates-3e3232350e148231,3e3232350e1482314be80c77f94a5444eb6c825794fe26caf7dedf450a6366f7,information_sampling,0.012048517739232599,0.01993426326402231,0.030263043561835234,0.4242142857142857,0.0014014458389682133,0.12514285714285714,-1.8773258644516209,-1.8652428522438178,0.012083012207803057,0.20107142857142857,0.2599571428571429,coverage
active_round2_candidates-99869686ae63f784,99869686ae63f7842284211fa0d41108328dc503bd9896aa3a2e1e802196caab,information_sampling,0.01204306420906571,0.019731269705527046,0.030464014153102216,0.42364285714285715,0.0017188819296587552,0.1805,-1.696478310964268,-1.7484868721774036,0.05200856121313557,0.45921428571428574,0.3335,coverage
active_round2_candidates-7f2639dfac8d61e0,7f2639dfac8d61e0fb8a056457e27463690a04d9f7638496a14bed4860f1e0f5,information_sampling,0.012005035531508085,0.01961267864879066,0.030620597796207218,0.4235714285714286,0.0015821073248238184,0.15442857142857142,-2.23528989852623,-2.0254296223375525,0.20986027618867764,0.9177857142857143,0.4147571428571429,coverage
active_round2_candidates-b94487cb83c65752,b94487cb83c65752982b8d284b0b1857e97783c2437de238ad3937d6c95aae63,information_sampling,0.0120203134847832,0.019744613645068024,0.030469930387238796,0.4233571428571429,0.0014192279642563528,0.12771428571428572,-1.5296002250091694,-1.5003694022165697,0.029230822792599698,0.3573571428571429,0.29190000000000005,coverage
active_round2_candidates-ca175771b8fa63eb,ca175771b8fa63eb40485245bd5646348687a9c3f5af812344c77e8b5fc21b2c,information_sampling,0.012067459703327444,0.01983240473670051,0.030326920237659694,0.4232142857142857,0.0032002555351892804,0.4507857142857143,-1.633380247541206,-1.9060193047910006,0.27263905724979454,0.9722142857142857,0.5440428571428572,coverage
active_round2_candidates-b24a69add855d94c,b24a69add855d94c349da974b17d2a7d55a646e16ec837e33fa47812a71faf91,information_sampling,0.01202450343383582,0.01975450997405924,0.030441279716205367,0.42314285714285715,0.0017981377292590626,0.19257142857142856,-1.756880623334211,-1.8506858077023973,0.09380518436818641,0.6281428571428571,0.37191428571428575,coverage
active_round2_candidates-08261f96345f2fcb,08261f96345f2fcb9f722b88926790d40c719e8ced7318f8155d3e932f59ad7a,information_sampling,0.012027450660142592,0.019717862609699908,0.030472564569833438,0.4230714285714286,0.0015717958314061464,0.15264285714285714,-1.9145854895387397,-1.831694238389086,0.08289125114965379,0.5846428571428571,0.34721428571428575,coverage
active_round2_candidates-0bd1a9684ddb811a,0bd1a9684ddb811ae8eb06104a1350bd281a163e3b02d73051d8b28f196b9ef5,information_sampling,0.012029095430121813,0.019845964484734444,0.03034138688852749,0.42296428571428574,0.003017973879570314,0.41678571428571426,-1.6157018853093807,-1.5346683193017143,0.08103356600766642,0.5766428571428571,0.4512285714285714,coverage
active_round2_candidates-513d5491ec0f5ea8,513d5491ec0f5ea8a424b674faff9bd46c1650151e03f19184657ee3eca00036,information_sampling,0.012029095430121813,0.019845964484734444,0.03034138688852749,0.42296428571428574,0.0017276447645580026,0.18192857142857144,-1.6907420097547177,-1.7093492390312122,0.018607229276494497,0.281,0.2981571428571429,coverage
active_round2_candidates-41a4f7b938bd904d,41a4f7b938bd904d80c2111e55462e902507d06b3f42edefe95386533e9e7285,information_sampling,0.011981322693563988,0.019701824390135778,0.030532852764509778,0.4228571428571429,0.0014979324495641504,0.13992857142857143,-1.4204231868120325,-1.4363474575204818,0.015924270708449262,0.252,0.2755142857142857,coverage
active_round2_candidates-ce8873d4c9cd371b,ce8873d4c9cd371b2dbd6bd9e7518066065831a3bc31722d7a4ebdccf950125d,information_sampling,0.011993444392045896,0.01977371214838575,0.03044402594302864,0.42278571428571426,0.0008785728512795232,0.03535714285714286,-1.3877745857008679,-1.3801724968115627,0.007602088889305136,0.13142857142857142,0.20954285714285714,coverage
active_round2_candidates-18d4c9d788f54d59,18d4c9d788f54d59fef20db0311f43fd15da96f8091b749e773b0fff0f9de95e,information_sampling,0.01205643815069032,0.019910606665982686,0.030235577826713034,0.42264285714285715,0.0010246194725589365,0.06107142857142857,-1.542033147901796,-1.5511721660401694,0.009139018138373478,0.15642857142857142,0.2247714285714286,coverage
active_round2_candidates-188bc841c425907b,188bc841c425907b84aca58aa5ae8a2a490b71904e27491177c863df049a4963,information_sampling,0.012072051699613437,0.0199017227407632,0.03022702740998181,0.4225714285714286,0.0019930944180640356,0.225,-1.7205843903454379,-1.7414571298599635,0.020872739514525618,0.30328571428571427,0.3196857142857143,coverage
active_round2_candidates-445cd0163db5176d,445cd0163db5176d224c5fa335bd39ed86a6c9cbcc219f0280f45d6db8135c3f,information_sampling,0.012044708979044933,0.019821611511203728,0.030332836471796278,0.4225,0.0021311783607772207,0.25014285714285717,-1.4826800290573428,-1.5934967867916,0.11081675773425714,0.6983571428571429,0.40872857142857144,coverage
active_round2_candidates-125c842445dcda33,125c842445dcda33c46d04011d98b51c268261dad08583c7a6e13362cb5b93a5,information_sampling,0.012001547045318656,0.01978664392372591,0.0304100626422494,0.4223928571428571,0.0011495526870460777,0.08285714285714285,-1.8362673293555862,-1.9037836822603351,0.06751635290474889,0.5197142857142857,0.30604285714285717,coverage
active_round2_candidates-f8f84cffee3a566f,f8f84cffee3a566f0caa42f85d478057154cf396d7494251b77dd2177dc0f222,information_sampling,0.012001547045318656,0.01978664392372591,0.0304100626422494,0.4223928571428571,0.0013396155794625014,0.11392857142857143,-1.819570392884585,-1.7866699953376717,0.03290039754691332,0.376,0.28972857142857145,coverage
active_round2_candidates-20878436cdb2c6d8,20878436cdb2c6d8d1ad61a3ffc883e5e6aa9b36bf4d4abdedf85be17df1a1a9,information_sampling,0.012016410300959911,0.019783207565305598,0.030395569036738058,0.42228571428571426,0.0015402000907571564,0.1467857142857143,-1.4244885931068585,-1.441191462955215,0.01670286984835645,0.2597857142857143,0.27958571428571427,coverage
active_round2_candidates-e5086737b620fa4b,e5086737b620fa4bebc85c2b9084df2fc4f5a482962e4e32a0ef344acf2bba03,information_sampling,0.012062792469822184,0.01977095345797827,0.030360263861750957,0.4221785714285714,0.002028533414912697,0.23107142857142857,-1.9737587838445367,-2.015129784519377,0.04137100067484023,0.4145714285714286,0.3442142857142857,coverage
active_round2_candidates-2e02260313232db3,2e02260313232db3d920212aa0df6b5876ae7b66391f541aff6a2c1dbce62f8a,information_sampling,0.012062792469822184,0.01977095345797827,0.030360263861750957,0.4221785714285714,0.0012231852555536688,0.09521428571428571,-1.7063325138114673,-1.7347126549609415,0.02838014114947418,0.3520714285714286,0.27737142857142855,coverage
active_round2_candidates-cf75709abb8edd5f,cf75709abb8edd5f75be09503e476b4db115bdf3f0ae508028efc3326218aa37,information_sampling,0.012048335497417562,0.019871640827093525,0.03026954112749227,0.422,0.0006728089868843127,0.0105,-1.3776636107511475,-1.3770036177150602,0.0006599930360873252,0.011142857142857144,0.17522857142857146,coverage
active_round2_candidates-4cb02d6bc1f8304f,4cb02d6bc1f8304f47ef6101950f4544a6bd5d11deb184bbbd584a1b29e6a23a,information_sampling,0.01199791182017915,0.019701600251716175,0.03048955207200914,0.42192857142857143,0.0009027323335768509,0.04,-2.110446558016222,-2.030262356192339,0.08018420182388297,0.5731428571428572,0.2994,coverage
active_round2_candidates-6c952b80177c890a,6c952b80177c890a4d5aeee7f6cfb1cdc878b8f7c7d686497da0e153a8ddcc67,information_sampling,0.012029431025769819,0.01966882340885908,0.030483503880764685,0.42182142857142857,0.00174910309214024,0.18571428571428572,-2.325981400669119,-2.164816913247036,0.161164487422083,0.8217857142857142,0.4073714285714286,coverage
active_round2_candidates-8d685bb6447af869,8d685bb6447af869fcf4a6cd01516f193d60cba33521b2be961fba666ca5d12c,information_sampling,0.012029431025769819,0.01966882340885908,0.030483503880764685,0.42182142857142857,0.0009357003955159725,0.04542857142857143,-2.2685539127837044,-2.1931956242389026,0.07535828854480187,0.554,0.2977,coverage
active_round2_candidates-15222b9c862ea08f,15222b9c862ea08f7dc3b2024340120cc88e40ef4e25bd7699f08083d1612204,information_sampling,0.01199722835023154,0.01964833412923899,0.030535354989996544,0.4216785714285714,0.0019173427403154826,0.21257142857142858,-1.9302493259569324,-1.9933261663692097,0.06307684041227724,0.5028571428571429,0.3542714285714286,coverage
active_round2_candidates-a5714032f66933ce,a5714032f66933cee7d5f21ddcf7761369b181955af498b854975fb3f8f0068d,information_sampling,0.01199722835023154,0.01964833412923899,0.030535354989996544,0.4216785714285714,0.0015445416444993642,0.14792857142857144,-1.9915167545581092,-2.0391789151442756,0.04766216058616646,0.4397857142857143,0.3158,coverage
active_round2_candidates-c8b323c4d730bbdc,c8b323c4d730bbdc24069ed10d9d107218b55f6444f5cc0cbdac64812d581131,information_sampling,0.012051732110593176,0.019859943638296997,0.03026914316657122,0.4215714285714286,0.0010604028780643272,0.06821428571428571,-1.8725892103407666,-1.9115929679413546,0.03900375760058794,0.4044285714285714,0.27680000000000005,coverage
active_round2_candidates-f84c308a4129fac2,f84c308a4129fac2e18d2cf97c43faf5080fbdf0d5a36847dde0cc90751df055,information_sampling,0.01202476379226456,0.019629219117489247,0.03051684750485596,0.4215,0.0008214004621856347,0.026785714285714284,-2.0361901810435645,-2.05026768540071,0.014077504357145276,0.22935714285714287,0.22518571428571427,coverage
active_round2_candidates-d28684b62e8c281d,d28684b62e8c281dff5b3eed03301cf78988aa13fdeb93289d8f1b73ecbac64b,information_sampling,0.011979131916684147,0.019631662731948236,0.03055809586862318,0.42142857142857143,0.0011296757312968396,0.08021428571428571,-2.024043178444998,-1.9863725735378273,0.03767060490717089,0.398,0.28025714285714287,coverage
active_round2_candidates-9cc3ef50e30ad892,9cc3ef50e30ad892fdb15a2d964039986ecd74d44d4f14bdab9c6dd913c1460c,information_sampling,0.011997836582959885,0.01973830791248909,0.030423002868422533,0.42128571428571426,0.0015091194772483404,0.1417857142857143,-1.719137250274158,-1.725665761730147,0.006528511455988983,0.11321428571428571,0.24787142857142858,coverage
active_round2_candidates-a9eea3eb0e5dc88c,a9eea3eb0e5dc88c362d55d44822fa75ddb922681a70c18dba41e741140822b3,information_sampling,0.012001699074754998,0.019637353524294555,0.03051846208598973,0.4212142857142857,0.003556012723291483,0.5127857142857143,-2.1624315128955605,-2.1477432352873964,0.014688277608164046,0.2375,0.42110000000000003,coverage
active_round2_candidates-a6f3951bd5a8251f,a6f3951bd5a8251fbed353210ea0bcee0849accf429aefc6c9f783888aa4d22d,information_sampling,0.0120436682639123,0.01981037496315504,0.030302884751583548,0.42114285714285715,0.0009213900753847423,0.04328571428571429,-1.8026553522313922,-1.8744041096628619,0.07174875743146969,0.5378571428571428,0.2933428571428571,coverage
active_round2_candidates-7d05fa6f1d9d147f,7d05fa6f1d9d147f6e781ee21a83fd4274a270ec30c3267be88f73950eab537f,information_sampling,0.011992005286301328,0.019551480167398036,0.030612336932427132,0.4210714285714286,0.0023051044903457368,0.2837857142857143,-1.4555762548603246,-1.5120051746184542,0.05642891975812958,0.4767142857142857,0.37728571428571434,coverage
active_round2_candidates-0cda15af257d0b07,0cda15af257d0b07d75ae5923595a93bc8e3db22145d54ce360f2a8ac8e1fdd7,information_sampling,0.012026094569016732,0.019747423983766877,0.030381368170547207,0.421,0.0008011500896589815,0.024642857142857143,-2.028759107729963,-2.0252753849610636,0.003483722768899522,0.06085714285714286,0.19042857142857145,coverage
active_round2_candidates-9b5441fe75695ac2,9b5441fe75695ac2d88eeb0878d2c5e58694f387ec4b2c508a0352eb2736fd09,information_sampling,0.012031134160168083,0.019741528878983845,0.03038039598050395,0.42092857142857143,0.0007943261957619646,0.023642857142857143,-1.7089559630388835,-1.6076001568158522,0.10135580622303131,0.6605,0.30992857142857144,coverage
active_round2_candidates-4386dcc34e097a04,4386dcc34e097a046eacaed6acbaf92b22846755141ff9bf1a0399a896865a6b,information_sampling,0.012033060908394228,0.0198288688274848,0.03028994978725279,0.42075,0.001067197372640431,0.06964285714285715,-2.090892424730084,-2.021859769178218,0.0690326555518661,0.5262142857142857,0.3014,coverage
active_round2_candidates-dd2d96dc708ffa17,dd2d96dc708ffa17be72145128137059b053f7556f41ffd28deffc031904912b,information_sampling,0.012033060908394228,0.0198288688274848,0.03028994978725279,0.42075,0.0007414227649173011,0.016928571428571428,-1.7075302946170299,-1.7207404062281333,0.013210111611103414,0.21757142857142858,0.2185857142857143,coverage
active_round2_candidates-b588bbe104f24186,b588bbe104f241860120aa1a365bb4e34eb3eb388024f22f477b1a5e973cf537,information_sampling,0.012035257027789164,0.019737803804457242,0.03037877134689155,0.42064285714285715,0.0016612070452416054,0.16964285714285715,-1.8148473740175721,-1.7297281627434897,0.0851192112740824,0.5939285714285715,0.35490000000000005,coverage
active_round2_candidates-ce499f79c4a4b9c5,ce499f79c4a4b9c5f08a07abde79118eab8ea7aa498fa6e73110cff7683cf811,information_sampling,0.012013247890021636,0.019729405165893617,0.03040682485526399,0.4205,0.0024749367783830456,0.3172857142857143,-1.9430865792798384,-1.932850015293108,0.01023656398673034,0.17307142857142857,0.3297285714285715,coverage
active_round2_candidates-dcceb70238035e9f,dcceb70238035e9f23688cba84c07eda2d95ef33a9f0a97c32ea3bc5296e52d1,information_sampling,0.011970301140926865,0.01973525833422317,0.030441510353563118,0.42042857142857143,0.001460327111947891,0.135,-1.6811155623826062,-1.7502074605475118,0.06909189816490557,0.5264285714285715,0.3274571428571429,coverage
active_round2_candidates-63e2c9a992dc32e5,63e2c9a992dc32e57b9316ee47f9f4c1c9929c3448b1b3b1c63f5783e527ef02,information_sampling,0.011977419509740702,0.019710566045485232,0.030458491414009026,0.4203571428571429,0.002980442266707319,0.41014285714285714,-1.5634550752527092,-1.7145395822021225,0.15108450694941333,0.8010714285714285,0.4924142857142858,coverage
active_round2_candidates-98f0b056b263adc7,98f0b056b263adc7b45875f3657273f16c55af045fe01f1570f9db9c4afa0675,information_sampling,0.012040805795221645,0.01984021198488309,0.030258475121295526,0.4202142857142857,0.0013583373020931919,0.11692857142857142,-1.26149649925713,-1.2817434920877337,0.020246992830603716,0.2967142857142857,0.2742,coverage
active_round2_candidates-f0af9d5c0cd03443,f0af9d5c0cd03443075d21fa1d15aeb4d72482d6c0949ad4ab54ee663894c85b,information_sampling,0.012027336616331442,0.019702818333962015,0.030406237082013742,0.4200714285714286,0.0010267388734087088,0.061642857142857145,-1.4520540659325987,-1.4708512192656424,0.01879715333304377,0.2825714285714286,0.2492,coverage
active_round2_candidates-98be9923a123eff5,98be9923a123eff5bc7a9fe4a690e27385fdaf700892923a29601a47a1ea338d,information_sampling,0.011985914689849981,0.019717160502314205,0.030432959936831892,0.42,0.0020467901222554746,0.2347142857142857,-1.53903374423992,-1.5172413213852365,0.021792422854683524,0.3097142857142857,0.3238285714285714,coverage
active_round2_candidates-f211d8f844dbe2fb,f211d8f844dbe2fb1bcebf09b1a4c1348c2e71d7944832e248620eff65591238,information_sampling,0.011970636736574869,0.019579949959476185,0.030583627345800314,0.4198928571428571,0.0011861673643273408,0.08907142857142857,-2.292686622293588,-2.1877939394207493,0.1048926828728387,0.6753571428571429,0.3386571428571429,coverage
active_round2_candidates-9b33f3695a46b0f5,9b33f3695a46b0f5bfbdea9051f6429667203bd38f7ee8fd1b8ff5e5894bf731,information_sampling,0.011970636736574869,0.019579949959476185,0.030583627345800314,0.4198928571428571,0.0011034817543698241,0.07542857142857143,-2.176750762213602,-2.1877939394207493,0.011043177207147092,0.18528571428571428,0.23518571428571428,coverage
active_round2_candidates-8de1d607b26c005f,8de1d607b26c005face54f802dba8a7ae39b5487a87abf3b660fce6f5800a76f,information_sampling,0.012015933016507276,0.01971320260538083,0.03040026198979589,0.4197142857142857,0.0022606749981089265,0.2747857142857143,-1.943991898543242,-1.9774060150461663,0.03341411650292425,0.3787142857142857,0.3535428571428572,coverage
active_round2_candidates-bac94468590314cb,bac94468590314cb6de70b57701a8a162e08d8fc3f42ee4709148991e6ac49e4,information_sampling,0.012015933016507276,0.01971320260538083,0.03040026198979589,0.4197142857142857,0.00184905496221007,0.20142857142857143,-1.9805017526255,-1.9920925039175224,0.011590751292022361,0.19485714285714287,0.2874285714285715,coverage
active_round2_candidates-844d3ff7311f5621,844d3ff7311f5621ce4d29ef817d745ed82afd5f6e1fcf5993950039d299ccae,information_sampling,0.012015933016507276,0.01971320260538083,0.03040026198979589,0.4197142857142857,0.0012862102081955126,0.10457142857142857,-1.6765656285101722,-1.6969888854877309,0.020423256977558646,0.2985714285714286,0.26942857142857146,coverage
active_round2_candidates-9fd37722cef8bbd6,9fd37722cef8bbd6eb1540c668053a7d1cf42200522a605fd51768f683054f24,information_sampling,0.011988102102478044,0.01960100181108196,0.03053797558192639,0.4195357142857143,0.001429388174282902,0.12928571428571428,-1.5023418885123245,-1.5365945543790847,0.034252665866760124,0.38292857142857145,0.2961142857142857,coverage
active_round2_candidates-caf3d69680e563a6,caf3d69680e563a62a87451e8baf48779cec6e78a41c52560da1c4da7d850981,information_sampling,0.011988102102478044,0.01960100181108196,0.03053797558192639,0.4195357142857143,0.0008039200519461772,0.024785714285714286,-1.2349156184792545,-1.2354751914289994,0.0005595729497449575,0.0095,0.17962857142857144,coverage
active_round2_candidates-7915d9b509ccaa10,7915d9b509ccaa10670e0c754a3c50829494a93f30bc2b817c5c86db6397c813,information_sampling,0.01200893871533137,0.019664488647017125,0.03045244322276458,0.41942857142857143,0.0014558188368344403,0.13407142857142856,-1.957436074620492,-1.8918295246024743,0.06560655001801763,0.5125714285714286,0.3239142857142857,coverage
active_round2_candidates-de1f7263e29ae8dd,de1f7263e29ae8dd7f46e9edeb59bcea9ac34ba10b31b40bc79dd6ebac84b9f6,information_sampling,0.011989034637574942,0.019598248025057143,0.030537421205049476,0.4193571428571429,0.002707164554429525,0.35764285714285715,-2.0727624060887813,-2.061919252513709,0.01084315357507215,0.18221428571428572,0.3472428571428572,coverage
active_round2_candidates-260e99f16d7531c1,260e99f16d7531c115cafd5d369ba9f7a995ee67f885b3604fba0a67218dc595,information_sampling,0.01204782892676989,0.019881437576893854,0.030194781816070472,0.41928571428571426,0.0026989390140989226,0.3563571428571429,-1.8083733140731029,-1.9209324509146684,0.11255913684156549,0.7037142857142857,0.45100000000000007,coverage
active_round2_candidates-c687f0921109030c,c687f0921109030c837dd5f0e5292077cef4b9a005c9d798f5a96561c3e1c2e5,information_sampling,0.011919537672761465,0.019427668688728802,0.029915730893898172,0.3137142857142857,0.004543447292884078,0.6529285714285714,-1.6617186524737517,-1.701463281664787,0.039744629191035274,0.4077142857142857,0.46819999999999995,information
active_round2_candidates-13c73ae45f842bd3,13c73ae45f842bd34ce5ed458a2a48106a24307057c4e77c12af44625d3ca0b0,information_sampling,0.01192906490919844,0.01942656035299269,0.029813635889919633,0.3047142857142857,0.004312043641677362,0.6237142857142857,-1.523896779363738,-1.552631189997403,0.02873441063366511,0.35464285714285715,0.4423,information
active_round2_candidates-13573fb44fca7079,13573fb44fca7079991b49366f8ea65a2dc2302df0b118e5d8b6558668014383,information_sampling,0.011995908470124614,0.01960112059511983,0.030444182358984506,0.41417857142857145,0.004258061812816105,0.6156428571428572,-1.2890302226007035,-1.3439220878525275,0.05489186525182399,0.4710714285714286,0.5061428571428571,information
active_round2_candidates-00a5866569706d48,00a5866569706d48addfc4f05fba038132440879b642c8d1f816e7d5731faac3,information_sampling,0.011936031248575936,0.019420787273969137,0.02996473343056859,0.3213214285714286,0.0038288113252419693,0.5536428571428571,-1.3818304635820005,-1.4186455839060732,0.03681512032407275,0.39421428571428574,0.42882857142857145,information
active_round2_candidates-dfdb35c015854e4f,dfdb35c015854e4f886a68454a5f240185bdfacc50dbae4f341689a18d1e338b,information_sampling,0.011988852395759902,0.01972204321875253,0.030301402846763147,0.4112142857142857,0.0037633509814425418,0.5435,-1.5817917082833404,-1.6803227151604074,0.09853100687706706,0.6487857142857143,0.5116428571428572,information
active_round2_candidates-fbbd31334cff1526,fbbd31334cff15267dd3c7065ee8d1117dd6960ae7ddfd759f4643ee1649a878,information_sampling,0.011944901913139032,0.019468115156596313,0.030020622293796307,0.3339642857142857,0.0037203658960300516,0.5383571428571429,-1.3417821589592294,-1.379975800480575,0.038193641521345745,0.4005,0.4290285714285715,information
active_round2_candidates-4c4f1a5502bd8dd1,4c4f1a5502bd8dd1b9d05f62c24e6fdf4c07ab1a82abcc93ed27f326128d39bd,information_sampling,0.011975035646252349,0.01960807295328975,0.03004465910198536,0.3618928571428571,0.00361852761267027,0.5225714285714286,-1.705118194996193,-1.8001193904483974,0.09500119545220431,0.6332142857142857,0.4804285714285714,information
active_round2_candidates-b99eaf832cbb9f43,b99eaf832cbb9f43e38568f087dbd8f00af6adad8eeb7a76decf4395772235dd,information_sampling,0.011921297868970917,0.019363880311673385,0.030059580467049252,0.32385714285714284,0.003613704140118865,0.5218571428571429,-1.2839216137445275,-1.4853642670056912,0.20144265326116373,0.9056428571428572,0.5194142857142857,information
active_round2_candidates-205308e788d509f7,205308e788d509f769ee78050b0a2a3d99ad2f421bcf372bbeb78fe19375a4ef,information_sampling,0.011906873235581409,0.019368024109207814,0.0301772059369013,0.33789285714285716,0.003563228918021533,0.5137142857142857,-1.7173602619525337,-1.6955308309203432,0.021829431032190483,0.31,0.40264285714285714,information
active_round2_candidates-05afbf3037ec120e,05afbf3037ec120e60464b4a122678e8c8d32859827e0fa700049c1d0b835f97,information_sampling,0.011963799317176893,0.019594504624502698,0.030062587616676916,0.3607142857142857,0.0035618028106092015,0.5135,-1.5083929094772188,-1.5255472092394695,0.01715429976225069,0.26521428571428574,0.40272857142857144,information
active_round2_candidates-369f68adf39b7773,369f68adf39b7773cf667b6d242d85debb32a4496fe3a75eb3fe40698f54daf2,information_sampling,0.011943015212529108,0.019389397870467267,0.030090012645560178,0.33289285714285716,0.003510502614362127,0.505,-1.5996301806415745,-1.800974994483964,0.20134481384238945,0.9054285714285715,0.5162428571428572,information
active_round2_candidates-d5aeeb1f7c64f9fc,d5aeeb1f7c64f9fc014af9f5f9dd004fbaf6ef4be70dbb5bd6fdf540f5885b27,information_sampling,0.012024428196616557,0.019745126688237427,0.030132214588675384,0.40014285714285713,0.0035021530819903516,0.5032142857142857,-1.6272561316450265,-1.8368447666894907,0.20958863504446423,0.9174285714285715,0.5448285714285714,information
active_round2_candidates-eb502a48b291c8cb,eb502a48b291c8cb1f9d71c663f1814286475b66abfa30bb402f418c0ff74ad5,information_sampling,0.011924594184674982,0.01950012414680745,0.02983052879392644,0.31285714285714283,0.003496288777724884,0.5023571428571428,-1.3913153319470184,-1.3921098430402332,0.0007945110932148225,0.013571428571428571,0.32880000000000004,information
active_round2_candidates-6160fdc1130d3482,6160fdc1130d3482eb169275acf1a7b6bb5a42616de234086f75b3381f81c031,information_sampling,0.012006291071040991,0.019697623498591568,0.030418569258311857,0.41917857142857146,0.003467668760438942,0.4977857142857143,-1.8114477259265978,-1.8629548187750467,0.0515070928484489,0.45671428571428574,0.45812857142857144,information
active_round2_candidates-3dbeeb5809193b70,3dbeeb5809193b70004b5cbe3b40aec2881e13b15e8d04d65924e89863a123b5,information_sampling,0.011962255279824854,0.019546117910483947,0.03026068280846834,0.38357142857142856,0.003450557177436895,0.4948571428571429,-1.9215659493255968,-1.9423614765986232,0.02079552727302647,0.3022142857142857,0.41181428571428574,information
active_round2_candidates-9a11916471a61ce7,9a11916471a61ce74c07940fd69435f584e676e752b06be4693409726f5ff488,information_sampling,0.011963670397197373,0.01954153899900076,0.03043252980515134,0.4039285714285714,0.0034398961750615287,0.493,-2.1109586084326826,-2.3501582565039456,0.23919964807126304,0.9483571428571429,0.5484428571428572,information
active_round2_candidates-ccc33e0681069713,ccc33e06810697138be6ef3b386ca88e71cfe9af9a72cb343d9eaf73de270e95,information_sampling,0.01201562625123161,0.019651723931047985,0.03024663292530233,0.4017142857142857,0.003408679231937288,0.48792857142857143,-1.6270969546536533,-1.6865800040141274,0.059483049360474105,0.48757142857142854,0.4533714285714286,information
active_round2_candidates-4e22c5991cfeb9f8,4e22c5991cfeb9f80bb44fb75a25430c74df29241f805d9268497be0700f64e0,information_sampling,0.012021175018664093,0.019724177134588048,0.03036885262364969,0.41878571428571426,0.003396047580142001,0.48564285714285715,-1.733416540516804,-1.9204757871179514,0.18705924660114737,0.8765714285714286,0.5370857142857144,information
active_round2_candidates-bf8429c896dba25f,bf8429c896dba25ff68bc1c5d14f644cead4d5a70bffebe2a9a5dbb050cdcdf9,information_sampling,0.011953885549359864,0.01951567890493378,0.03049450756586245,0.4069285714285714,0.0033867434303756646,0.4842142857142857,-1.6771341866343081,-1.9239333531106366,0.2467991664763285,0.9542142857142857,0.5473,information
active_round2_candidates-f8e7dccd153200a1,f8e7dccd153200a195f5c9ebb89e7b81a58bd0623939c4a69ad8e4818ce15358,information_sampling,0.011987107889348796,0.01965346427004639,0.03014283555041388,0.3847857142857143,0.0033648940637819283,0.4797142857142857,-1.2445802646928463,-1.340955350380303,0.09637508568745656,0.6391428571428571,0.4736285714285714,information
active_round2_candidates-b1701984f1331036,b1701984f1331036952e9af452b8f13244302164e9ba76ac43ec58485592c8f4,information_sampling,0.011935151221684582,0.01951930111407786,0.030149696401110336,0.35810714285714285,0.0033628059929596364,0.47928571428571426,-1.7527486947448385,-1.7048551166873747,0.04789357805746386,0.44114285714285717,0.4231857142857143,information
active_round2_candidates-a8576b58f0d62cfe,a8576b58f0d62cfe59fd2ac161cf41a49cc2a5f9ab8695017e490d4c67907c7e,information_sampling,0.011896003712380627,0.01932601529536574,0.029951747045751587,0.30560714285714285,0.00335797516435389,0.47835714285714287,-1.6528019062984127,-1.8783552365153993,0.22555333021698654,0.9365,0.5008857142857144,information
active_round2_candidates-2c8005c2dd65f2e2,2c8005c2dd65f2e2f774385b5e2193779817305c36af0de43bf0661d53e46361,information_sampling,0.011930089334706384,0.019465284887770332,0.03009387891203477,0.34260714285714283,0.0032387728235420367,0.458,-1.47418133854911,-1.5367232075453947,0.06254186899628467,0.5007857142857143,0.4204,information
active_round2_candidates-7c8afabf502c7a93,7c8afabf502c7a9318ef6c58796f393dbacfbbd6481a608aea03120bd1b7c76a,information_sampling,0.011965318435379065,0.01961508407907151,0.030337418998616562,0.40235714285714286,0.0031713346123825267,0.44507142857142856,-1.775043036471781,-1.857214670011019,0.08217163353923795,0.5817857142857142,0.4553285714285714,information
active_round2_candidates-e1575fa0d26138f3,e1575fa0d26138f39a436360400489623c4e3641ee3756740cdbf3347cfbdede,information_sampling,0.01196837439270072,0.01972977328562213,0.030289440622870895,0.4085714285714286,0.0031402906689970275,0.4392142857142857,-1.0976292716903304,-0.9546912187673482,0.14293805292298223,0.7842142857142858,0.49595714285714293,information
active_round2_candidates-114ee5bff3a2f070,114ee5bff3a2f0705760c1bb225a9229d87ff55e80f2ecc4ce26d799386d8829,information_sampling,0.011974298444697292,0.019680350039200455,0.029925209892444526,0.35478571428571426,0.0031400987570176066,0.43907142857142856,-2.069111479571842,-2.0346143328202704,0.03449714675157178,0.38407142857142856,0.39435714285714285,information
active_round2_candidates-89bd9da57e8c0c2f,89bd9da57e8c0c2f3a3fa6e79689f06b6d364fd415f0a115a18729b8967a1bcc,information_sampling,0.011994361022143362,0.01967212677367058,0.029849919237826827,0.34725,0.00309922510303292,0.4315,-1.5434841293871169,-1.448612290836429,0.09487183855068793,0.6327142857142857,0.4380428571428572,information
active_round2_candidates-7878287cd8e8f38b,7878287cd8e8f38be9e532c0582b2c91716af7b78c755ac4b6606e335eaba620,information_sampling,0.011903721360802718,0.019325377444685307,0.0294310055369273,0.2825714285714286,0.003070218462104326,0.4265,-1.8412550853881429,-1.8158053295782022,0.02544975580994069,0.33664285714285713,0.35095714285714286,information
active_round2_candidates-48d8dfaea7354551,48d8dfaea7354551c18c88c5a8b8390fd29065e5cf074e7c04bfd6abe31a9d6d,information_sampling,0.012040710557956052,0.01985593473518221,0.03017780075562456,0.41667857142857145,0.003061027476985694,0.4247142857142857,-1.8392472889023523,-2.0279256523434426,0.18867836344109024,0.8791428571428571,0.5123857142857143,information
active_round2_candidates-b0774983cbdd2006,b0774983cbdd2006d28f14eb1e9d489ec4432b826f66c4b585a6bf838aab869b,information_sampling,0.011961689103733807,0.019579119939969098,0.029936171917778327,0.34114285714285714,0.0030458932646326427,0.4215714285714286,-1.7034298823032663,-1.880299355340867,0.1768694730376006,0.8561428571428571,0.4763142857142857,information
active_round2_candidates-aebfdf97639ffce0,aebfdf97639ffce00aa93c6ecf1ef2fe607189ae6dfb70a4b435f891112f726d,information_sampling,0.011939800841168531,0.01942178614515253,0.030083913040824185,0.33635714285714285,0.0030301727139288603,0.4190714285714286,-1.7775114098260032,-1.7270041862022856,0.05050722362371762,0.4515,0.39247142857142864,information
active_round2_candidates-9fcf098df9e4eadd,9fcf098df9e4eadd8c839f63194974663cd6346c5a2934af85abd316d91eb2cf,information_sampling,0.011967573581020659,0.019613133717521103,0.030264375231708707,0.39317857142857143,0.00302379663244107,0.4177142857142857,-2.217992999344186,-2.1556776317191,0.06231536762508583,0.49992857142857144,0.4243428571428572,information
active_round2_candidates-006ef86494bb8159,006ef86494bb8159c6a99ebbd1adffff0fe6630cf8a7a95567ffba7e19a2e386,information_sampling,0.011950544914725022,0.019550828210473582,0.029858562727813544,0.32542857142857146,0.0030228203535714094,0.4175,-1.536634794804395,-1.7830951108880724,0.24646031608367736,0.9539285714285715,0.48795714285714287,information
active_round2_candidates-f26a8eb5a0ef424c,f26a8eb5a0ef424c59021f88913193b6b4ebc300a2e00a28d71c08409941d297,information_sampling,0.011947966084455978,0.019540208904217763,0.02966209216963452,0.30289285714285713,0.003004158418247513,0.4142142857142857,-1.1672467030718683,-1.2731834900277972,0.1059367869559289,0.679,0.4226428571428572,information
active_round2_candidates-792cbf7ebbd03be0,792cbf7ebbd03be0686dca745e0a0b5d2af7a4ce0b56b608116da54a2e734dba,information_sampling,0.011931944250689322,0.019464628641819567,0.02965400901880566,0.2955714285714286,0.0030007314120765074,0.41364285714285715,-2.0704148786680214,-2.1147284069358774,0.04431352826785595,0.427,0.36908571428571435,information
active_round2_candidates-d66db8d23721bdc6,d66db8d23721bdc624e4756be7c8822b568fd2e59993f0fd62fb321c096a0474,information_sampling,0.011932065770303524,0.01953299563513894,0.029773654607899918,0.3119642857142857,0.0029638049759655436,0.4072857142857143,-0.7300280110320951,-0.8001689831022372,0.07014097207014203,0.5307857142857143,0.3938571428571429,information
active_round2_candidates-8bae3b103f0ee2be,8bae3b103f0ee2be9b1abde812b9350728829a25f92f5c7b6566da1dc689bb18,information_sampling,0.012004480252062284,0.01973271021228207,0.03031195086413978,0.41482142857142856,0.0029411171353436786,0.4032857142857143,-1.2376417924206522,-1.1402048661641637,0.09743692625648848,0.6431428571428571,0.4558714285714286,information
active_round2_candidates-7d4a8ba678a96ed1,7d4a8ba678a96ed1085071e7c94946a500c619b99ea30eb9ef09f4551d735c18,information_sampling,0.011935096125468012,0.019474926391067116,0.030400209418779668,0.3882857142857143,0.002930133395042658,0.40164285714285713,-2.014223617323682,-1.9952005694140915,0.019023047909590307,0.2852142857142857,0.37301428571428574,information
active_round2_candidates-5992adaae567741d,5992adaae567741de11105060c700d1222d089697e4d31e890716258e17a0f8f,information_sampling,0.012017524151688188,0.01973225025908726,0.030097834520194343,0.3935,0.0029297778540471275,0.4015,-2.2103724556113495,-2.3133778078831444,0.10300535227179486,0.6685714285714286,0.4517142857142858,information
active_round2_candidates-679c56f545d7f0ac,679c56f545d7f0ac7b43c3cd5ee0063285ce74e656b33c3f2b6e38a68a738eea,information_sampling,0.012005230545344144,0.01978760902867681,0.030075378128976538,0.3965714285714286,0.002917605817066839,0.3992142857142857,-1.405874410677458,-1.2657878852413722,0.1400865254360859,0.7780714285714285,0.4739285714285715,information
active_round2_candidates-dc2e54378112d491,dc2e54378112d491638778fd37539ae0efa2d2e926cbd17b07faa7f48342ccad,information_sampling,0.011956385476366842,0.019527893900555014,0.029922296739277533,0.33071428571428574,0.0029124477820695075,0.39835714285714285,-1.1450306268881023,-1.115429043905737,0.02960158298236526,0.3598571428571429,0.36360000000000003,information
active_round2_candidates-55083eafc3c9abf8,55083eafc3c9abf8fc9d0540f7c56bffa028a25699a1e7841458a3a658cca885,information_sampling,0.011937203525638467,0.019451942730876724,0.029819566768592643,0.30889285714285714,0.00290823246199982,0.3975714285714286,-1.3983812162492397,-1.661243547356401,0.2628623311071612,0.9656428571428571,0.47571428571428576,information
active_round2_candidates-e66755a5c4bc820f,e66755a5c4bc820f7f03d9190e710a7b7a803cee96f70de8bafe2bfaca5f6c1e,information_sampling,0.011922617749077841,0.01939856245175958,0.030150753098061294,0.3407142857142857,0.00288956963853188,0.394,-1.9333005851002536,-2.128664067483391,0.1953634823831374,0.8933571428571428,0.4725571428571429,information
active_round2_candidates-955f2a5353b83ac6,955f2a5353b83ac6f3979112ec72ec5178615e24a06b188cab199372bc68c130,information_sampling,0.011960664144643944,0.01945586508968112,0.030320594354126502,0.37975,0.0028839206889573117,0.3932857142857143,-1.478680967962917,-1.474687686215808,0.00399328174710889,0.06921428571428571,0.32305714285714293,information
active_round2_candidates-14ac60d839730833,14ac60d839730833b575cc65b57019219ddf51496191fb4168b3865a190cab83,information_sampling,0.011976355526359275,0.019572987767035394,0.030135831732997404,0.37142857142857144,0.0028777217333375623,0.392,-2.4002176021131256,-2.4434191909260976,0.04320158881297198,0.42264285714285715,0.3899000000000001,information
active_round2_candidates-15e0372ec11908c8,15e0372ec11908c8b2c5e1a45865a5a692b568ede0d53a3e8ad2e12a73ed96f6,information_sampling,0.0119939333991366,0.019728462014440316,0.03034864151792178,0.4162142857142857,0.002874377607533851,0.39121428571428574,-1.9888927692012346,-2.1129556106620595,0.12406284146082491,0.7403571428571428,0.47104285714285715,information
active_round2_candidates-27f55c5c7dde10cd,27f55c5c7dde10cdacaf1fe04351cbb960a0862e960efff492c3974251943a68,information_sampling,0.011978286386136693,0.019677511154387123,0.0302289623902287,0.3985,0.0028630572184706305,0.3882857142857143,-2.055698595262938,-1.9761346558137454,0.07956393944919271,0.5710714285714286,0.42892857142857144,information
active_round2_candidates-412445b7c91b799c,412445b7c91b799c58fa861f90aa76eaf6af4cbd74ae472c1dcce599eecb974a,information_sampling,0.011950733674581175,0.019471049240988914,0.02999082308983182,0.33164285714285713,0.0028611555933612904,0.38785714285714284,-2.102787364958053,-2.189849677049617,0.08706231209156412,0.6023571428571428,0.40827142857142856,information
active_round2_candidates-06c220cb2a46c9b4,06c220cb2a46c9b451a79b94f46f266d37f17ef6fa88cb93f2b81f24f7e65ffd,information_sampling,0.012007830363234518,0.019636266598657873,0.030191709366631757,0.3921071428571429,0.002854238718932296,0.3865,-1.5573975013368149,-1.6715354691752196,0.11413796783840469,0.7092857142857143,0.45330000000000004,information
active_round2_candidates-dbc51c1622397200,dbc51c16223972001c796d58b42de44614c55c651d220ac775f2b42a6a8f0008,information_sampling,0.011996752285997031,0.01962985282537288,0.03001667969622519,0.36407142857142855,0.00283513613157273,0.3832857142857143,-1.9456235129622566,-1.9986226844404391,0.05299917147818256,0.4632857142857143,0.39160000000000006,information
active_round2_candidates-47727871ab3b24b5,47727871ab3b24b585ab570e09a5d323f1ecba32eb25f4a13dcbe767c66df0e7,information_sampling,0.011987107889348796,0.01963597197737377,0.03038535147435726,0.41064285714285714,0.0028338586185681254,0.3831428571428571,-1.469463197785249,-1.4540953596035213,0.015367838181727711,0.24585714285714286,0.36668571428571434,information
active_round2_candidates-e08bd5e1765f10c9,e08bd5e1765f10c91bdf871916870d2f260a865d6879e336feac746e5bcb0814,information_sampling,0.011946342034646337,0.01943555016340838,0.02941704499008781,0.2849285714285714,0.0028329302864421855,0.38307142857142856,-1.5078924218364245,-1.3611037079072046,0.14678871392921988,0.7925714285714286,0.4257142857142857,information
active_round2_candidates-f72c89fd0a8bf3fa,f72c89fd0a8bf3fadf16692366a7d29733c5ba7eb0de1917271a7b41fc13196c,information_sampling,0.011999888255776291,0.0196437273266094,0.030411843691817663,0.4154285714285714,0.0028312217156567037,0.3825,-1.4321779407870414,-1.424993282676514,0.0071846581105274865,0.12507142857142858,0.3441857142857143,information
active_round2_candidates-f9b35727632a0451,f9b35727632a04512e8795d2cee2ff500a867bacd72f712abcfc2b6c5209a63b,information_sampling,0.011964805990895461,0.019601222424729357,0.030178160235454787,0.3806785714285714,0.0028043714676903777,0.377,-1.4192950445939323,-1.3907575480173826,0.028537496576549692,0.353,0.3736714285714286,information
active_round2_candidates-f49d3f6dd6111a22,f49d3f6dd6111a2216a336ad9a7a4d845cc1dbaef29d830e04f34a4fa7243b26,information_sampling,0.011972841620944249,0.019555099437647726,0.029767095982672815,0.3177857142857143,0.0027893200527986895,0.3742142857142857,-2.091191495088753,-2.1035556120040764,0.012364116915323464,0.20507142857142857,0.3178142857142857,information
active_round2_candidates-49d8cc8ae13b0c3b,49d8cc8ae13b0c3b76c2783f7c45bdddfe53e611b66edf185e882d66a556099f,information_sampling,0.011947597688418252,0.019372101511857844,0.029827277874185477,0.30242857142857144,0.0027794726953659964,0.3725,-1.724519637171369,-1.720067380581007,0.004452256590361969,0.07642857142857143,0.2852571428571429,information
active_round2_candidates-bb254a06483c2e64,bb254a06483c2e64eaf4c1253f24eb577be1794eef7b72fae9052fdb18c0be7c,information_sampling,0.011988065891459107,0.01959885599483766,0.030295435889708823,0.39814285714285713,0.0027742263361266385,0.3712857142857143,-2.449538620700558,-2.489545547413429,0.04000692671287087,0.4089285714285714,0.3895571428571429,information
active_round2_candidates-a0f92baeaaa5c797,a0f92baeaaa5c7973fe071ea8e8b7ee19920933bb15f27f8aadd45999ac94a4c,information_sampling,0.01193195754230585,0.01938070334381439,0.029865857843280153,0.30607142857142855,0.0027739562689357926,0.3712142857142857,-1.906795737472609,-1.8089177431896766,0.09787799428293242,0.6454285714285715,0.4,information
active_round2_candidates-700ebe47869ab859,700ebe47869ab859a5687bcf452591573c9ca72466ee2ccf1c873b067230e2e6,information_sampling,0.011926060701238809,0.019356936443428143,0.02981122428131705,0.2986785714285714,0.002767433915176985,0.3702857142857143,-1.983808272269472,-1.9051155304952814,0.07869274177419072,0.5676428571428571,0.38111428571428574,information
active_round2_candidates-76a02423e1a3a919,76a02423e1a3a91965e5397d1f6a2b0ebc54f258b43c6f1114b0a4eb8619f244,information_sampling,0.011931085163631481,0.019396015365906644,0.029763878549018526,0.29828571428571427,0.0027556244894941973,0.36778571428571427,-1.3086610070695086,-1.4997724757685655,0.19111146869905693,0.8845,0.44332857142857146,information
active_round2_candidates-a7b727edca76d891,a7b727edca76d8910c834b9fdbf607517024bd30d2b2f50feffdba90951514ef,information_sampling,0.011955643532123032,0.019498718621910802,0.03018075705911044,0.3626785714285714,0.002754702557691901,0.3675,-1.8244460319326952,-2.0001169382848207,0.17567090635212557,0.8534285714285714,0.46275714285714287,information
active_round2_candidates-22c64d95d58ac817,22c64d95d58ac81711607358f26ab4f4b8bb438a172e4a81943675f7d833263e,information_sampling,0.01189869138348102,0.019242409800073895,0.02994706289549497,0.2982142857142857,0.002753053748703674,0.36707142857142855,-1.637988037943678,-1.6184772389185293,0.01951079902514863,0.29064285714285715,0.3242428571428571,information
active_round2_candidates-34181574cec46301,34181574cec46301f84a0c87d4cb8f13bcfdb63dac047e81ccd024c0668cfe46,information_sampling,0.011968381793066035,0.019496834162432482,0.029799852845302215,0.3137857142857143,0.0027509594188135653,0.3665,-1.4311142916432333,-1.4446395953365119,0.013525303693278534,0.22171428571428572,0.3164571428571429,information
active_round2_candidates-f4ee71d3b5d57e54,f4ee71d3b5d57e543e17b363d302cd79cb27b3814f1c91c89ca2e6a67cedfa91,information_sampling,0.01189001263716008,0.019267001592113066,0.02993887682417523,0.2988571428571429,0.002750871372947728,0.36642857142857144,-1.6642869681458434,-1.577370760457349,0.0869162076884944,0.6017857142857143,0.3864714285714286,information
active_round2_candidates-c9e0cc68665d8898,c9e0cc68665d88985888581eeadeac3b745e9ff62f14427309cbdca8937898e5,information_sampling,0.011923113474932037,0.019314485145648215,0.02977993942768898,0.29314285714285715,0.002750326280211193,0.36628571428571427,-1.8899528234658252,-1.8745896162461173,0.015363207219707853,0.24557142857142858,0.31288571428571427,information
active_round2_candidates-f48ae7bb2c045fef,f48ae7bb2c045fef34fb073924dab8034c32e1a337b4dffb80b7ed7a8aa1940c,information_sampling,0.011929753721661149,0.019374949513915142,0.029881897635684385,0.30664285714285716,0.002745989279118289,0.36542857142857144,-1.6293591838245134,-1.6157981170451872,0.013561066779326225,0.22192857142857142,0.3132142857142858,information
active_round2_candidates-7748e63656067eac,7748e63656067eace8081781ca060f0c5abf4eda1bb45c706278b021f7de8b91,information_sampling,0.011978066702338898,0.01966124365350054,0.03006243245039847,0.37439285714285714,0.0027351640593044984,0.36342857142857143,-1.7683300045170973,-1.7210584935856779,0.04727151093141946,0.43814285714285717,0.38275714285714285,information
active_round2_candidates-db4f6de322be1f89,db4f6de322be1f89f5704c0bde254c9f203bbbef38282286c5da103993ee8fbe,information_sampling,0.01195835209600157,0.01961651798807402,0.03018632145796759,0.3826428571428571,0.002715877822149471,0.3595714285714286,-1.8402339304577855,-1.9586984600444475,0.11846452958666198,0.7241428571428571,0.4417142857142857,information
active_round2_candidates-558a11c1ca1db787,558a11c1ca1db787bf3a045778d9a6c938ec1257b8338b32eb0ffff9f3b376de,information_sampling,0.011883917862826979,0.01925871030545679,0.029710722548635334,0.28567857142857145,0.002715534538306829,0.35942857142857143,-1.4991700768006462,-1.5372714474374893,0.03810137063684316,0.3999285714285714,0.3380285714285714,information
active_round2_candidates-b7dc9ad137c44d4f,b7dc9ad137c44d4f928ea7f4e5218fc56adf05100d81063531c9ce6764d80f92,information_sampling,0.011970473862345052,0.019552533974076084,0.03002965492026587,0.3515,0.0027150594504584758,0.35928571428571426,-1.5895192056918535,-1.8552154788058446,0.26569627311399113,0.9675,0.47781428571428575,information
active_round2_candidates-31089fdcf7a351bd,31089fdcf7a351bd5ba56699acef4f79e42713fd3bf3ac1eba0243ea3b6bced3,information_sampling,0.011915651409700346,0.019401786342905344,0.02975713963346895,0.2971785714285714,0.0027082492890127883,0.3578571428571429,-1.9757766203576355,-2.1170078482936012,0.14123122793596576,0.7802142857142857,0.4180571428571429,information
active_round2_candidates-aa50d9e7b47d17f3,aa50d9e7b47d17f3c8f61eb9e6bfffe467fbe7da13af13e280b401ccbc647fed,information_sampling,0.011979304638102335,0.019698067975437255,0.030146240435325933,0.39035714285714285,0.0026914045022681334,0.3554285714285714,-2.1851636136346615,-2.17599246266092,0.009171150973741327,0.157,0.32971428571428574,information
active_round2_candidates-dfa6e2618e9bcf02,dfa6e2618e9bcf02120e13191c4b88db9a87deb1749c39eae35e09f5f6ee265d,information_sampling,0.012016315063694319,0.019728936604001705,0.03031489467106709,0.41567857142857145,0.00268656770944681,0.3545714285714286,-1.6529871423075881,-1.5637703962287215,0.08921674607886665,0.6107142857142858,0.4302428571428572,information
active_round2_candidates-3f1254d554abe3a3,3f1254d554abe3a3a5725e160c3f245b5652b9cb44db74bbe1416512ab27bb8d,information_sampling,0.01203298567117496,0.0197969761312999,0.030223400583666182,0.41514285714285715,0.002678914838152389,0.35335714285714287,-1.9239470242965089,-1.8457649857757383,0.07818203852077055,0.5655714285714286,0.42051428571428573,information
active_round2_candidates-8d51eb93eaf77bed,8d51eb93eaf77bed17e57149a8d01c7005d1f9f0b1430e093352ba2f5fe818cf,information_sampling,0.011939000673900423,0.019417890335508316,0.029816289700139463,0.3053214285714286,0.0026733131360718093,0.3519285714285714,-1.872102357943813,-1.8324525818595472,0.039649776084265786,0.4074285714285714,0.3443857142857143,information
active_round2_candidates-5d2212ae379e6860,5d2212ae379e6860710bfe691f15d260af4c6de5c8702927e9473091867dae38,information_sampling,0.011945742755038083,0.019496565103839507,0.030197283483301383,0.36360714285714285,0.0026670854744387804,0.35085714285714287,-1.790848255960298,-1.7281708498251644,0.06267740613513362,0.5012857142857143,0.3860428571428572,information
active_round2_candidates-6884d19c1a5177a6,6884d19c1a5177a61c9f1ff2dd34290c2a1aa38403271da516324037333410da,information_sampling,0.011931193492623875,0.01934592680142293,0.029731046893928793,0.29246428571428573,0.0026628375173986278,0.35,-1.8729583721896659,-1.852306152705252,0.02065221948441387,0.30078571428571427,0.3171428571428571,information
active_round2_candidates-104babffced41bbe,104babffced41bbe75ae03f91d8ce946b591d0b88d7c62f6cee7726d052b9472,information_sampling,0.011960370454590703,0.0195430244546821,0.02977548710003599,0.31585714285714284,0.0026622078663728044,0.3499285714285714,-1.9581535327257131,-1.8669055522801188,0.09124798044559435,0.6175,0.3898142857142857,information
active_round2_candidates-00e71e3f5e7991a6,00e71e3f5e7991a698b98d4fd9f12b0c133fa80dbba2a3741e1fd523da3624bd,information_sampling,0.011973609632234584,0.01961940021580377,0.03009946407062315,0.37335714285714283,0.0026619997526783293,0.3497857142857143,-2.26810422501031,-2.118676016313451,0.14942820869685924,0.7978571428571428,0.44882857142857147,information
active_round2_candidates-8922997f4d5227a5,8922997f4d5227a5406271d90710b4fdd86886dbf94f162f6330f5d6be3b9e04,information_sampling,0.011977433617230242,0.019515917846023786,0.029667203154994944,0.30357142857142855,0.0026401688119937526,0.3462142857142857,-2.098823421086143,-2.0854738558439325,0.013349565242210648,0.21914285714285714,0.30374285714285715,information
active_round2_candidates-b1f0b166624d96fa,b1f0b166624d96fa328bcee118df00b0f01ef1593f22dc64f1dfdf8e612b3522,information_sampling,0.01199572451363454,0.01952788539019135,0.029694043783487757,0.31042857142857144,0.0023185515826348486,0.28564285714285714,-1.3796413871803548,-1.6470546165530613,0.2674132293727065,0.9687857142857143,0.4321857142857143,disagreement
active_round2_candidates-03e0ac79a906f7df,03e0ac79a906f7df53104a5949a767d29cf3d49ffc3daf9e6532cd596302adb3,information_sampling,0.011932339592762723,0.01932547821162454,0.029720810854947065,0.2909285714285714,0.0015855452780593746,0.15471428571428572,-1.619134985387224,-1.8621114174683786,0.24297643208115471,0.9512857142857143,0.36851428571428574,disagreement
active_round2_candidates-84e448c8047a249f,84e448c8047a249f4ad81722e241d9370c8870ea58bbc3bbac1174cda6f512e4,information_sampling,0.01190678451635693,0.019253613229756987,0.0297502576510189,0.2875,0.0020892213561241437,0.24264285714285713,-1.6378748144561088,-1.8763003482717187,0.23842553381560982,0.9480714285714286,0.40167142857142857,disagreement
active_round2_candidates-933e4a2ca0f6a530,933e4a2ca0f6a530b50a6a6be6542896e292faf814bac3e1b5dc1333497044e6,information_sampling,0.011939075911119689,0.019474607902803732,0.030125354827669447,0.3495714285714286,0.002042323882270138,0.2337142857142857,-1.696468547008203,-1.9298832778208845,0.2334147308126815,0.9431428571428572,0.4219428571428572,disagreement
active_round2_candidates-9616cbfbd9d0269b,9616cbfbd9d0269bd34b7c679a4fff13fa71d33d781d4fe26102e57064d0142c,information_sampling,0.011997795890931712,0.019639389350131615,0.030444100735488987,0.4169285714285714,0.0009991658826876376,0.055785714285714286,-2.364270763116724,-2.1398246128073892,0.22444615030933468,0.9355,0.37618571428571435,disagreement
active_round2_candidates-7e2702bbd70649db,7e2702bbd70649db720a3a128f81f4da64a56a8ae56d76a12a7e23102bd5edd7,information_sampling,0.011931009375433062,0.01947165306861289,0.03004961459583867,0.3380357142857143,0.0011880525293503053,0.08964285714285715,-1.8392679680758683,-1.6188878236788486,0.2203801443970197,0.9316428571428571,0.3574,disagreement
active_round2_candidates-760456a406e92199,760456a406e92199bec6dd97c8b4511a17136de5ceea9bb26abff1a93deded54,information_sampling,0.01199763434109852,0.01970722451046211,0.030172859348051834,0.3974642857142857,0.0008855110134891219,0.037071428571428575,-2.095604810913569,-1.8788050363257693,0.21679977458779964,0.928,0.35941428571428574,disagreement
active_round2_candidates-6bc08152882b788b,6bc08152882b788bb56f2b0896ad224d75d5ea4b12c08a9c089aa0c464d30162,information_sampling,0.011950822393805655,0.01951724110343082,0.030175255451770844,0.3641785714285714,0.0013251013794774325,0.11221428571428571,-2.052958523813949,-1.8391827284912896,0.21377579532265933,0.9236428571428571,0.3752857142857143,disagreement
active_round2_candidates-72adf4587e7ca226,72adf4587e7ca226de2d9e43f1c048543e53c8ae128f920baa76650c30cf1c17,information_sampling,0.011987107889348796,0.01965346427004639,0.03014283555041388,0.3847857142857143,0.0017072941410824392,0.178,-1.4965965477472958,-1.2841979283965697,0.21239861935072613,0.9222142857142858,0.40955714285714284,disagreement
active_round2_candidates-452365c6190abc02,452365c6190abc02864d5e4b8594ece7bc796d738e5993138b0a26c402f299fb,information_sampling,0.01199484866462494,0.019693334396352666,0.030170299957917535,0.39553571428571427,0.0009978597409150691,0.05542857142857143,-2.170825033788721,-1.9636568732771056,0.20716816051161535,0.9134285714285715,0.3630714285714286,disagreement
active_round2_candidates-b477f15e149627ad,b477f15e149627ade4d84093b5f787eb8d94c3f886e7b5fb0f3942227c9a2950,information_sampling,0.011911528542079265,0.019320029620017935,0.02975876426708135,0.29160714285714284,0.0017809822902985256,0.19021428571428572,-2.2126271774275006,-2.0056220831183356,0.20700509430916503,0.9130714285714285,0.3753428571428572,disagreement
active_round2_candidates-cfa7602f8378b0e7,cfa7602f8378b0e71c2929de636dae34259ac78338231178a088c8131b3f9eb9,information_sampling,0.01190295812475072,0.01931023194242136,0.029717746540671875,0.2883928571428571,0.0018992534804564093,0.21014285714285713,-2.3490391153315957,-2.145009374027819,0.20402974130377682,0.9089285714285714,0.3812,disagreement
active_round2_candidates-bf5ed5455e7ab6f1,bf5ed5455e7ab6f14f30a6459a5192fba70424787f69d6108b5f4ffffdc81f9d,information_sampling,0.01199752029728737,0.019685551799408507,0.030106531860232145,0.3858214285714286,0.0020179837531731698,0.22942857142857143,-1.584758032586264,-1.7857843526898316,0.20102632010356758,0.9049285714285714,0.42708571428571435,disagreement
active_round2_candidates-f71cf927e645641e,f71cf927e645641e355d5c6bc25d374dcff0f5ee26ef90603d4149a54634fcc2,information_sampling,0.01203593631985502,0.019739202686892936,0.0300416752250161,0.38975,0.0017021666924388384,0.17692857142857144,-1.4359793447930804,-1.6336308492395395,0.19765150444645907,0.8980714285714285,0.4062857142857143,disagreement
active_round2_candidates-0cee7f6d9f7329bf,0cee7f6d9f7329bf08ee8026da9bb2450ee1413b22adf66759cd429a68d7b875,information_sampling,0.012020036005702566,0.019761224326064936,0.030153237663281495,0.4037142857142857,0.0017222125187116458,0.18114285714285713,-1.2958934670717355,-1.491351501770906,0.19545803469917056,0.8935,0.41264285714285714,disagreement
active_round2_candidates-4fa6af93224c053d,4fa6af93224c053d2482edb17425944e7787bd7c524cb3240995981d752ad716,information_sampling,0.012031928612617437,0.01971595545169039,0.03030634425433587,0.41528571428571426,0.002571192312027275,0.33421428571428574,-1.577450469326572,-1.772685909194347,0.19523543986777492,0.893,0.47840000000000005,disagreement
active_round2_candidates-7f9cde1cb83dc635,7f9cde1cb83dc63552a1b29211279b0c9ccb5678c5e3bcb164af55ee8d261f9c,information_sampling,0.011956724749801723,0.019562047849449676,0.030003693311408185,0.3482857142857143,0.002151789269240399,0.2547142857142857,-2.599959984280891,-2.4075421093177196,0.19241787496317153,0.8868571428571429,0.4185714285714286,disagreement
active_round2_candidates-6522d97d071a543c,6522d97d071a543cc5e177552b57527ea11906b7a8834738e88336a98f117cf1,information_sampling,0.012001344282283024,0.019604321389481236,0.029916786868547318,0.3482142857142857,0.002140858738756621,0.25264285714285717,-1.846656009047742,-2.038602233133327,0.19194622408558493,0.886,0.4175428571428572,disagreement
active_round2_candidates-2783be631f3908d7,2783be631f3908d7f15467e86a4d9651897d16f2f84707a873b9ccebf21d1f3b,information_sampling,0.012000107939574086,0.01971980695552932,0.030335857707704517,0.4155357142857143,0.0013442137575970215,0.11478571428571428,-1.7009594457337203,-1.5101720136976295,0.19078743203609072,0.8839285714285714,0.38891428571428577,disagreement
active_round2_candidates-96cd2517f67ca14f,96cd2517f67ca14faa3a24fb1502231fe348f26c03b04988cb961854f43c90fd,information_sampling,0.011953663166495803,0.019537032566385056,0.029927301824235815,0.33221428571428574,0.0010845769981060439,0.07292857142857143,-1.687763839739214,-1.4970968322199192,0.19066700751929488,0.8837142857142857,0.3388,disagreement
active_round2_candidates-1be6ec948a2f2c4c,1be6ec948a2f2c4cfa2daa5c69f3922ae30795aa8f760f1a05469533c525992a,information_sampling,0.012027548144341513,0.019731897768350604,0.02999415993294958,0.38171428571428573,0.0025637579452050725,0.3325,-2.147480516444214,-1.9574359633530867,0.19004455309112722,0.8822857142857143,0.4621428571428572,disagreement
active_round2_candidates-607f8e33215d073a,607f8e33215d073ad50ad7c2fcb9c7dea745aedb4010c43fe59b130783b04783,information_sampling,0.011976113737123316,0.0195331957650468,0.029818546447926274,0.3216428571428571,0.001595817206807618,0.15642857142857142,-1.3454356779726393,-1.5313413610541666,0.18590568308152733,0.8740714285714286,0.3660428571428571,disagreement
active_round2_candidates-44a98c7e30c7eb30,44a98c7e30c7eb30988d8362b48aedc0cad1da282d7ee28697a4fa273c7ff318,information_sampling,0.012013445954001247,0.019631537305781634,0.030123159247803278,0.3835,0.0014031111068873935,0.12557142857142858,-1.646466497953938,-1.8310372314179795,0.1845707334640414,0.8712857142857143,0.3778857142857143,disagreement
active_round2_candidates-f4066a254e28c6da,f4066a254e28c6da20f5263c25a099d80add341034546e8209173baac3dd7381,information_sampling,0.011968534171348768,0.01959894803762698,0.02992775345815498,0.34435714285714286,0.001548294274366869,0.14871428571428572,-1.8863878462824233,-1.7029253105585551,0.18346253572386817,0.8690714285714286,0.3710428571428571,disagreement
active_round2_candidates-2d9bc88504f01003,2d9bc88504f01003cfd014bd3b98f61d03e9424e61d298d64614a1d436792d91,information_sampling,0.012019348557848985,0.019723787016775546,0.029911726696262547,0.3662142857142857,0.0012554812469265603,0.09978571428571428,-1.2283031566554452,-1.4110397484053832,0.18273659174993795,0.8673571428571428,0.3598714285714286,disagreement
active_round2_candidates-d633ae783e016753,d633ae783e016753d4da45d88184125427f4b57ac4ac0348269b6b9e357a48c6,information_sampling,0.011934748602812604,0.019403527796986467,0.02963047845687041,0.29014285714285715,0.0022453466287318553,0.272,-1.7562919400225143,-1.9381040036088755,0.18181206358636115,0.8652857142857143,0.3979142857142858,disagreement
active_round2_candidates-05ddd2d47438d2e4,05ddd2d47438d2e426b28f8e537fcc521a24fdaec36db8da1f854a7681d58c0f,information_sampling,0.011934339155213917,0.019421072510080475,0.029948792467140155,0.3189642857142857,0.0012068408847668696,0.09257142857142857,-1.9595203061271345,-1.7783068068013188,0.18121349932581565,0.8642857142857143,0.3374714285714286,disagreement
active_round2_candidates-9dd7bb559c15e0cd,9dd7bb559c15e0cdd86034ed72639651600bedc880217ef405e5ea1443bfe5a2,information_sampling,0.011992769886962452,0.01976192872678231,0.03015234670742837,0.4012142857142857,0.0022105410022076662,0.26507142857142857,-1.2381689825238875,-1.4188464748820697,0.1806774923581822,0.8629285714285714,0.4391,disagreement
active_round2_candidates-04d39867dbf510e8,04d39867dbf510e88d51235e8bc772d7ef1a764ff296ca9ad603b2e419bc39fe,information_sampling,0.011955861984957005,0.0195606077778226,0.030174283261727587,0.3730357142857143,0.0010701560769616385,0.07035714285714285,-1.3163458877195153,-1.1365889009354353,0.17975698678408003,0.8615,0.3496571428571429,disagreement
active_round2_candidates-e3c9a29b734b64f6,e3c9a29b734b64f621af4b5e7d5b8a9ff4f606463dcad07baa38da46f21e26b9,information_sampling,0.012020129528293125,0.019745991167465,0.029962307735685433,0.37814285714285717,0.001810602262977205,0.1952142857142857,-1.7032509444512898,-1.8816776489095606,0.1784267044582708,0.8591428571428571,0.4011714285714286,disagreement
active_round2_candidates-219e0033a04fc95e,219e0033a04fc95e9f3d7267eb7627078494bfdf36fcf55d528d86b1daf4b38d,information_sampling,0.011944062900632694,0.019502340065107007,0.029830246743077153,0.31539285714285714,0.0013905075707067646,0.12285714285714286,-1.2511156363057991,-1.4291951045030533,0.17807946819725418,0.8585714285714285,0.3470142857142857,disagreement
active_round2_candidates-7ae02f742ca70f52,7ae02f742ca70f527d5e321a5b509b611f67b5348930bb3de454fd6d67a056db,information_sampling,0.011949493909425025,0.01943160791091814,0.029920729466118436,0.31835714285714284,0.0015003070339955496,0.1402142857142857,-1.2428146550447154,-1.4199553491734629,0.17714069412874744,0.8565,0.35472857142857145,disagreement
active_round2_candidates-de55949d23124d53,de55949d23124d53c9c4e5a9ffa8ba94a2501b36de856ea5d99d7ad88e0585d9,information_sampling,0.011989143982330074,0.019574521148696823,0.02982680731170636,0.3288214285714286,0.0018130729460912572,0.19578571428571429,-1.8649731705846018,-2.0418772155441034,0.17690404495950163,0.8562857142857143,0.38110000000000005,disagreement
active_round2_candidates-c437e6ea95080a38,c437e6ea95080a38322bf6698e0e344affb340d95b5c07013ec91404ccc8e366,information_sampling,0.012040710557956052,0.019814292741666215,0.029935284831681182,0.38592857142857145,0.0018727456100293429,0.2052142857142857,-1.5333611610847555,-1.710243919496299,0.17688275841154355,0.8562142857142857,0.40770000000000006,disagreement
active_round2_candidates-57c379b4c66fa782,57c379b4c66fa782edc9696455d3ab7ebff46243bb81e58ae2702ddbfe22c07d,information_sampling,0.011986004034558786,0.019657047436633164,0.029950736805347794,0.3565714285714286,0.0017484048487348728,0.18542857142857141,-1.85840271142427,-2.035253870622384,0.1768511591981139,0.856,0.388,disagreement
active_round2_candidates-fe92ae0fe7253bf3,fe92ae0fe7253bf363e0ed7dbb248942f04691d59ffc926135629d994aba3ecb,information_sampling,0.011980257479218739,0.019638893772182347,0.030037189346285065,0.36678571428571427,0.0010644474432498904,0.06914285714285714,-1.4527578256236109,-1.2759761918449186,0.17678163377869227,0.8558571428571429,0.34554285714285715,disagreement
active_round2_candidates-6240cf6efc83741e,6240cf6efc83741ed754e4ea5c8dbd62c408f849df8dbfad5d14496d404e0b7a,information_sampling,0.012007600199787244,0.019733065157361937,0.030173896208413986,0.40185714285714286,0.0020233902742412204,0.2307857142857143,-1.7619939501493012,-1.585564028032997,0.17642992211630415,0.8548571428571429,0.4240285714285714,disagreement
active_round2_candidates-7562dc7e6627cecf,7562dc7e6627cecf4724d340a70ebe066527f9e02c2f9b271b0f3516703d61d9,information_sampling,0.011935362749694655,0.019402262824635065,0.029737619252046172,0.2973928571428571,0.0015211033742657837,0.14385714285714285,-1.7979851254955492,-1.9742706692320655,0.17628554373651628,0.8547142857142858,0.34744285714285716,disagreement
active_round2_candidates-bbc96535b5daf4c3,bbc96535b5daf4c3bf0faae9c957aeab30bee7d34187d86b67fcc7608c5288fe,information_sampling,0.012002932966281984,0.019707993383755944,0.029964723908561874,0.3695357142857143,0.001600604261614241,0.15792857142857142,-1.7443215305006863,-1.5689397044672242,0.17538182603346208,0.8530714285714286,0.38160000000000005,disagreement
active_round2_candidates-f40cc92eeb7701b1,f40cc92eeb7701b19f232485d28ed062a848a40ac46651392619f107c4b8073b,information_sampling,0.011938892344908027,0.01940387721670995,0.03009163727917258,0.3344285714285714,0.0018213844204364189,0.19714285714285715,-1.9411518475730791,-1.7659389458358727,0.17521290173720638,0.8525714285714285,0.3831428571428572,disagreement
active_round2_candidates-2f51eee25d45f2f7,2f51eee25d45f2f7e1f5837034c5d94123b3fdebb0c618634127a54b308a153f,solvability,0.012285603375446413,0.020348926555391774,0.03144778031864522,0.9971428571428571,0.0048282624125346825,0.6873571428571429,1.7397540046143796,1.8522814924976916,0.11252748788331202,0.7035714285714286,0.8145142857142857,coverage
active_round2_candidates-8bb9c61a4410d04f,8bb9c61a4410d04f3dfc4ce80b5e420e5d5cee99182645704aaf6b02f57bfa2d,solvability,0.012328091880882248,0.02048422456444334,0.031244204650622765,0.9966428571428572,0.010906663502789174,0.9707857142857143,-0.12720833420057426,-0.12395861597539226,0.0032497182251819967,0.05678571428571429,0.7983285714285715,coverage
active_round2_candidates-2718c9d3eb50437e,2718c9d3eb50437ef217369b0b42c8aba71cddf45442f90d3083a782dc0c8174,solvability,0.012348372663310625,0.020517027947533177,0.031172653593507425,0.9960714285714286,0.007858265180717165,0.9062142857142857,1.244067034711483,1.229107014575458,0.014960020136025154,0.2405,0.8090142857142858,coverage
active_round2_candidates-424dd99aa207d585,424dd99aa207d5858c45179a7d4debb95daa26606a69be336e71270d8a6774b8,solvability,0.0123320703019248,0.02045720678718365,0.03123632318910301,0.9957857142857143,0.01145101441483082,0.9765714285714285,1.9888643684864322,1.901934114578047,0.08693025390838516,0.6018571428571429,0.9093142857142857,coverage
active_round2_candidates-ddd9e583129851d8,ddd9e583129851d895b0316c7796c9685403396e02b44561cc8ab271dd055279,solvability,0.012269107771421808,0.020393502097822275,0.03134440721133215,0.9948571428571429,0.0031845790159051777,0.4476428571428571,0.8319498356952024,1.0552652896642873,0.22331545396908492,0.9344285714285714,0.7638857142857143,coverage
active_round2_candidates-0435f8941e709ec2,0435f8941e709ec29af007f76e9128429002c1e37e7e71998768b1eedd7caea5,solvability,0.012288648085952104,0.02040525787935012,0.03130100841104396,0.99425,0.010245883315606845,0.9617142857142857,-0.39388582184725374,-0.41908874980302213,0.025202927955768395,0.3350714285714286,0.8493999999999999,coverage
active_round2_candidates-b8185aa8cf33b660,b8185aa8cf33b66077e46484e610a909ccf6d333264c6c9d2c5d6a30c6cdedc1,solvability,0.012288648085952104,0.02040525787935012,0.03130100841104396,0.99425,0.008571954502787789,0.9292857142857143,-1.0841209787512138,-1.0808467416148773,0.0032742371363365663,0.05735714285714286,0.7808857142857143,coverage
active_round2_candidates-15942f2cf4b8638e,15942f2cf4b8638e2c0ddbccd80be09531f6e79df9f8b2dbc0df21a283da7685,solvability,0.012256634170269978,0.02040638158398785,0.031326854934555136,0.9935714285714285,0.005758120508398831,0.7820714285714285,-0.4016694285581166,-0.3066741137664589,0.09499531479165768,0.6330714285714286,0.8368714285714287,coverage
active_round2_candidates-4660bd7dbe3ea193,4660bd7dbe3ea193f4c7387c3c7d738504f34b2503da99e202d63f349e1e047f,solvability,0.012288266256916171,0.02037713784721886,0.03131484564139308,0.9931428571428571,0.006769543460429784,0.8535,-0.683784919696675,-0.7578643324350451,0.07407941273837015,0.5481428571428572,0.8482857142857143,coverage
active_round2_candidates-284e8d2342663025,284e8d2342663025443b543a51598627f20f485a260388460d7d85f31f94be9b,solvability,0.012331995064705534,0.020420332014166893,0.03122089707101309,0.9929285714285714,0.008891336851859695,0.937,0.04509608077709204,0.1018064371077819,0.056710356330689854,0.478,0.8675714285714285,coverage
active_round2_candidates-eca449410b910ee2,eca449410b910ee2c98f718ea82396549d06461a4a613f09f5807fff181a470a,solvability,0.012313128337829955,0.020493326184364998,0.031164150224577414,0.9927857142857143,0.005289924211890855,0.7395714285714285,-0.7905681137930298,-0.8670610986033593,0.07649298481032951,0.558,0.8045428571428572,coverage
active_round2_candidates-ab3b5d28bc0e52e1,ab3b5d28bc0e52e1e033440fb4b95036b363e240cfa44480eabb90d55490724a,solvability,0.012289688801084737,0.02030823398816077,0.03136766897861434,0.9922857142857143,0.006133475065279364,0.8098571428571428,0.8408685670768494,0.8395522283910453,0.0013163386858041637,0.021714285714285714,0.7252,coverage
active_round2_candidates-e551575ce54b45d2,e551575ce54b45d2312b642a2300b06d950f1a82cd8fcb311922bf8725301f14,solvability,0.012316342709190532,0.020436213899052143,0.031213015609493334,0.9921785714285715,0.01166718348085893,0.9785714285714285,1.3704546367500805,1.2812191891222071,0.08923544762787339,0.6107857142857143,0.9104571428571429,coverage
active_round2_candidates-5d840c7e533f02ac,5d840c7e533f02ac502e20b8ec678aa0cfea430c37f07f9bbebc23ab448e696d,solvability,0.012316342709190532,0.020436213899052143,0.031213015609493334,0.9921785714285715,0.009543782713604053,0.9513571428571429,0.8383828628030954,0.7467016773281087,0.09168118547498672,0.6189285714285714,0.9012000000000001,coverage
active_round2_candidates-664b65f5f9271a56,664b65f5f9271a563db8ae9ecb0645f9c735593eb32e2fe012985638a0993dc0,solvability,0.01230892886838048,0.02042342380884729,0.031229457353928625,0.9917142857142857,0.01178798879142523,0.9794285714285714,-0.44709153147872877,-0.4858730638758008,0.03878153239707205,0.4032857142857143,0.8691142857142858,coverage
active_round2_candidates-586ea2ca0a8f4be2,586ea2ca0a8f4be2a44ac4597c972c4ffe9e8a0e87d2af632abe01044935eb4b,solvability,0.012277215199932905,0.020330029284209267,0.031350116701837336,0.9915,0.007937882473942769,0.9092857142857143,-0.45545941694970393,-0.5178564926563011,0.06239707570659714,0.5003571428571428,0.8603857142857143,coverage
active_round2_candidates-d3b2fd47c2e36360,d3b2fd47c2e363600ddccaed70c5611adf14a3f299e86ed42e434f61c35e6ea7,solvability,0.012287616251045349,0.02027240937662423,0.031386396698508415,0.9907857142857143,0.011507984607956328,0.9770714285714286,-0.12843833603471055,-0.15940708127204217,0.03096874523733162,0.36678571428571427,0.8605,coverage
active_round2_candidates-70ba0917b1defc3e,70ba0917b1defc3e8285f3470bae88d6617050613fd20ca5089e509f32a2c701,solvability,0.012316160467375496,0.020352653573087475,0.031269819369914534,0.99,0.010112575863733264,0.9597857142857142,3.162150972348793,3.3521524784718757,0.19000150612308264,0.8822142857142857,0.9563571428571429,coverage
active_round2_candidates-4af0af54993ddfe9,4af0af54993ddfe9d66d1490e3017ca51a2ec781176eae1a2958a3d034dcf19a,solvability,0.012300353675813598,0.020397710142536628,0.031238495160117563,0.9897857142857143,0.005195529244555651,0.7298571428571429,0.5321839917844786,0.4436155092961092,0.0885684824883694,0.6077857142857143,0.8094142857142859,coverage
active_round2_candidates-7d8a7353eb8e976e,7d8a7353eb8e976e813fabafa78f45c2d36c4cc6b605484591682f441ff37524,solvability,0.012297313740546243,0.020299090165600175,0.031335369405143206,0.9895,0.011120001312184498,0.9725714285714285,1.8260670921034732,1.78992991653514,0.03613717556833307,0.39085714285714285,0.863,coverage
active_round2_candidates-3da9466b42431e83,3da9466b42431e838ba1f1f8136bfd9ddf28bb5c618095419579f9dadd3153a2,solvability,0.012276914952698354,0.02039607238932937,0.031255303877439806,0.9892142857142857,0.012438896593516048,0.9849285714285714,-0.637350746614062,-0.5507753047990729,0.08657544181498911,0.6007142857142858,0.9097999999999999,coverage
active_round2_candidates-cc25512d1d4fb883,cc25512d1d4fb88317ed5b8d29b22278ced03d6afde9115eb6ad1303565defb2,solvability,0.012292169440739457,0.020342259335284562,0.031291538061783405,0.9891428571428571,0.006065515816317879,0.8058571428571428,-0.42224421755207764,-0.4368268414952139,0.014582623943136253,0.2357142857142857,0.7651428571428571,coverage
active_round2_candidates-fa44b267d9db2770,fa44b267d9db2770650234eac2d1ffadab0ffa89c2dbc64d2fe271d18a97c92e,solvability,0.012316437946456127,0.020399831414816404,0.031206516747205888,0.989,0.02082605342406185,0.9998571428571429,1.1747525411707436,1.2653732298854778,0.09062068871473428,0.6153571428571428,0.9186142857142857,coverage
active_round2_candidates-aa0065f9377df07c,aa0065f9377df07cef7eb07a4da60ec0a2513a9d83b5a640be368c657bdf738d,solvability,0.012260537354093264,0.02035732429096127,0.03130354735494546,0.9887857142857143,0.005990032966859609,0.7998571428571428,0.26208798172169023,0.21037347453162591,0.05171450719006432,0.4579285714285714,0.8070428571428571,coverage
active_round2_candidates-c05db039a7143c27,c05db039a7143c2753b8861b6aa5b1f22a8bf71a5f6e6b3788e9aaa439376f19,solvability,0.012303869108038702,0.02041940554049978,0.031195463332716323,0.9886428571428572,0.009440180467798355,0.95,-1.3342853726200952,-1.1560884004963397,0.17819697212375551,0.8589285714285714,0.9472428571428572,coverage
active_round2_candidates-f26d4a7e32d592a6,f26d4a7e32d592a6f5cd09296d88a129c35d62e28e515f54284c66d47f120619,solvability,0.012301216924369529,0.020303344641504757,0.031312061825533526,0.9885,0.008959786371900594,0.9390714285714286,1.9710212441576849,2.015694969618314,0.04467372546062909,0.4288571428571429,0.8568,coverage
active_round2_candidates-9a5f86d0b3c140c0,9a5f86d0b3c140c0f4206503e6f65fef2e03331ea9afd33d60225df376c332e6,solvability,0.012324838702929787,0.020538525211594157,0.031051739311075393,0.9883571428571428,0.0077697255204437505,0.903,-0.5331422831022377,-0.5503666981600235,0.017224415057785825,0.2659285714285714,0.8097285714285715,coverage
active_round2_candidates-c7cbc56b1499da6f,c7cbc56b1499da6f2aefda4005d9ad54c2ee28faea81e85caa879802e55d6899,solvability,0.012319989227609488,0.020404596959656025,0.031188597497541944,0.9881071428571429,0.017796419565048426,0.9992142857142857,-1.1917296475794157,-1.267691354092984,0.07596170651356826,0.5557142857142857,0.9060714285714286,coverage
active_round2_candidates-ac8bb157dc259c12,ac8bb157dc259c12d2f019417added0bf8dc080aa804d3a5bd0158c9ee9d81bc,solvability,0.012319989227609488,0.020404596959656025,0.031188597497541944,0.9881071428571429,0.007239471586149536,0.8797857142857143,0.11266850791662614,0.05023261132465029,0.06243589659197585,0.5005,0.8472571428571428,coverage
active_round2_candidates-4fa77db67f2265a7,4fa77db67f2265a72059c8ed31df79c20348841afcea6bc8f23213c7752ac374,solvability,0.012276651129081934,0.02021545954927939,0.03142075769260766,0.988,0.009397285122836437,0.9487857142857142,1.1294744849863476,1.042685694451812,0.0867887905345357,0.6014285714285714,0.895,coverage
active_round2_candidates-3a9e21240b729dea,3a9e21240b729dea4b05b7d2350c3853168949ae500f9df665770d8eeffbc6ec,solvability,0.012312832052203768,0.020391838576066433,0.031206149774318948,0.9878571428571429,0.0073449053997112,0.8849285714285714,-0.00302571588475585,-0.06862859581777353,0.06560287993301768,0.5125,0.8516142857142859,coverage
active_round2_candidates-b317b9b46b052914,b317b9b46b052914a013df0a2e5992173a572101327adfbfe4f202151a1583e1,solvability,0.012255974862153412,0.020250675927497644,0.031403994787612896,0.9877857142857143,0.006823854717273721,0.8562142857142857,-0.01254550200978366,-0.005481280936706356,0.007064221073077304,0.12328571428571429,0.7622571428571429,coverage
active_round2_candidates-7466e9c8c445d371,7466e9c8c445d371947977d1842000ca7dd9350f3b43c54b2016b213b6439aa3,solvability,0.012271963895530346,0.020259190562490176,0.03137851523698867,0.9876785714285714,0.012823873406528461,0.9873571428571428,0.48893915765354734,0.6151868830225551,0.12624772536900775,0.7455714285714286,0.9391285714285715,coverage
active_round2_candidates-fb1a5bd3cdbcc5e2,fb1a5bd3cdbcc5e2165310fee1b6b3234fa88b0321450f10de0d2d368cf4bb34,solvability,0.012271963895530346,0.020259190562490176,0.03137851523698867,0.9876785714285714,0.015277002159943927,0.996,-0.883512114241094,-0.811390946774132,0.07212116746696196,0.539,0.9012714285714286,coverage
active_round2_candidates-6b86d9b8066241b0,6b86d9b8066241b07786cff234983709ce2dc5b80ae2ffe1f905ad27ea4fb782,solvability,0.01231236428814798,0.020375956028274207,0.03122089707101309,0.9875714285714285,0.007102890573130051,0.8713571428571428,-1.2259778464680564,-1.2791910532253308,0.05321320675727437,0.4640714285714286,0.8363857142857143,coverage
active_round2_candidates-2e2e1350bb26cb2f,2e2e1350bb26cb2f7e74a510ee85abdf43947e8e9be001c3bb16ffadcfb19fb0,solvability,0.012301399166184567,0.020351487830644034,0.031255258065112326,0.9874285714285714,0.01635376131012015,0.9976428571428572,-0.9377569951807292,-0.9197692893950283,0.017987705785700858,0.2747857142857143,0.8489857142857143,coverage
active_round2_candidates-3bcad806c1b9ad42,3bcad806c1b9ad425366103514af89b6b87dedb824e3ccdb2a264e17cab9b244,solvability,0.012256370346653557,0.020159445027283177,0.031492308749722996,0.9873571428571428,0.010493156240162237,0.9648571428571429,0.046533323184001996,0.06866604030684875,0.022132717122846757,0.3125,0.8433857142857143,coverage
active_round2_candidates-6bb983b9a13d62f0,6bb983b9a13d62f0127ceb13f42d600e95b61264e59646e09b797e7edaa917f8,solvability,0.012324149890467078,0.0204576735198625,0.03112391227560099,0.987,0.011166465204157369,0.9734285714285714,0.21620538949313667,0.19697723005451062,0.019228159438626047,0.28764285714285714,0.8417000000000001,coverage
active_round2_candidates-bfd63052259fc5fb,bfd63052259fc5fbf15c91ab233746062a7659eacebac22da93ab1af09d07173,solvability,0.01232740306841954,0.0203971051293578,0.031172155753106646,0.9867142857142858,0.013439635182632258,0.9905,1.373781171706049,1.28280735252856,0.09097381917748915,0.6168571428571429,0.914257142857143,coverage
active_round2_candidates-75dc4a651e4f4016,75dc4a651e4f4016c251e74f44f888f079c306d72022901f4905acf851ef9c8e,solvability,0.012273129774294582,0.02033643677621363,0.031286006179826506,0.9865714285714285,0.013423323359949663,0.9902857142857143,-0.6514703365595229,-0.7051383235784792,0.053667987018956254,0.4662857142857143,0.8840000000000001,coverage
active_round2_candidates-1bb2519395d59618,1bb2519395d5961876a2bb17ddbf689ed48882185bc6d0d65e5b52f4ac845e79,solvability,0.012280554312905218,0.02021642074603053,0.03139745011299798,0.9862857142857143,0.005301101333245497,0.7408571428571429,1.850914406030124,1.8389761389157264,0.011938267114397494,0.1992142857142857,0.7307000000000001,coverage
active_round2_candidates-6c2d0757b88aa47e,6c2d0757b88aa47e3cccbe81d2d154237fbf422bf1dec1dc69e589fceacf92c9,solvability,0.012292551269775392,0.020322926969898743,0.03127770083143429,0.9860357142857142,0.00929699051893993,0.9467857142857142,0.014854154115364948,0.2752757154548981,0.26042156133953315,0.9642142857142857,0.9659714285714285,coverage
active_round2_candidates-3c10293c35b2023f,3c10293c35b2023feffdc33e2b911d1f4e4e67a6f6d00737cf49874513a42e1c,solvability,0.012292551269775392,0.020322926969898743,0.03127770083143429,0.9860357142857142,0.0066322081585637,0.8452142857142857,-0.506253510692667,-0.5673952964386537,0.06114178574598672,0.49464285714285716,0.8314285714285715,coverage
active_round2_candidates-760c855f8c51d251,760c855f8c51d251e1523ac6be1163e55fdca6edfeea6234c6bf3372cc0afbc7,solvability,0.012317126758918833,0.02043966388504661,0.031134343782680297,0.9858571428571429,0.008203628417010606,0.9187857142857143,2.1597204255815363,2.1426807503089447,0.017039675272591648,0.2635,0.8145571428571429,coverage
active_round2_candidates-0b22b2ddb57156a6,0b22b2ddb57156a6ab4d826482126b97c1ec4723972c33b8785765f4445a2049,solvability,0.01229198719892442,0.020250343560199748,0.031348341822204605,0.9857857142857143,0.016299650781445102,0.9975,-0.35389932982057853,-0.3247770747481754,0.029122255072403125,0.3565714285714286,0.8646285714285715,coverage
active_round2_candidates-e892067d4b499384,e892067d4b49938481df2eb5878455dc1f067ba4e4830632bf221d4e7788ee56,solvability,0.012308160857090144,0.020432765985600024,0.031149391826225226,0.9857142857142858,0.00774800270498205,0.9025714285714286,0.4589742393190282,0.44286856192147517,0.01610567739755303,0.25392857142857145,0.8061000000000001,coverage
active_round2_candidates-20e4bc6541c2eca6,20e4bc6541c2eca6cf097677d7ad2550b4b2f68c64a0d99698a424bf04193d09,solvability,0.012295761679527605,0.020403185301463112,0.03118975384221113,0.9856428571428572,0.01331027391289221,0.9899285714285714,1.5991139277031488,1.5329401299820917,0.06617379772105703,0.5144285714285715,0.8931142857142857,coverage
active_round2_candidates-b9ee37019b4e38c4,b9ee37019b4e38c4c175f5f2fd6624c4281729d31ef9da020c82be99d01b45a9,solvability,0.012249030929432797,0.020071918774725705,0.0315666647869212,0.9855,0.005213693235007696,0.7315,1.7334995441202865,1.7588245417349846,0.025324997614698086,0.33585714285714285,0.7539714285714286,coverage
active_round2_candidates-d68141d7d4201888,d68141d7d42018888d91eb1001c4775dbdcf0385471ab619ac365c9c7799e99a,solvability,0.012264251951519393,0.020162038651159803,0.03146111970859357,0.9854285714285714,0.011857997304454002,0.9807857142857143,1.0647792717204214,1.0789369678064038,0.014157696085982385,0.2307142857142857,0.8326285714285715,coverage
active_round2_candidates-9a990c643cf1b01e,9a990c643cf1b01eb348d76057292293fb2685f610ddc57a8da1f6df4f2aaf6d,solvability,0.012304239938874717,0.020425769967671897,0.031152461668214993,0.9851428571428571,0.004496718041078781,0.6455,2.1730308329699795,2.181788665121225,0.00875783215124537,0.15128571428571427,0.6825142857142857,coverage
active_round2_candidates-98d681add580a213,98d681add580a2132c3b47b5f6659e063418e9b57ddf1bae0678c1dacba90672,solvability,0.012296529690817942,0.02031330470863079,0.031269819369914534,0.9847857142857143,0.010626314431307049,0.9660714285714286,0.1836652687489911,0.353097743367223,0.16943247461823188,0.8399285714285715,0.9483285714285715,coverage
active_round2_candidates-5efe7046150d75d5,5efe7046150d75d5befb7be62861653f18fd74af2653d93c93cdb7f52d666164,solvability,0.012264550054720295,0.020362523882684256,0.03125073511938225,0.9844285714285714,0.004736913550426664,0.677,-0.6583337927727295,-0.729714675309892,0.07138088253716246,0.5363571428571429,0.7718428571428572,coverage
active_round2_candidates-232a94bb3d7a17f8,232a94bb3d7a17f8231dd6fe4812908f9695181ef5ada59a150e5aca96f83729,solvability,0.012272440961831874,0.020246574149560253,0.03135817914435209,0.9843571428571428,0.012545195789045114,0.9853571428571428,0.8906642792168594,0.9070830035182883,0.016418724301428878,0.25685714285714284,0.8392571428571429,coverage
active_round2_candidates-5d42ec0d679f4a06,5d42ec0d679f4a0670b22951bcdd3fc50f8ba11d2c418cc986466bdb6b62cb16,solvability,0.01230399384965044,0.020373523953173038,0.031193931358961053,0.98425,0.011052538370258849,0.9721428571428572,0.6550152135670226,0.6062194267354801,0.04879578683154251,0.4441428571428571,0.8713857142857144,coverage
active_round2_candidates-70da7678b16bbc82,70da7678b16bbc82630475825eaff4978a2edbe97a83d06709a156bcd3c90271,solvability,0.01230399384965044,0.020373523953173038,0.031193931358961053,0.98425,0.007246959124874607,0.8800714285714286,0.5212135611024482,0.5114087883272098,0.00980477277523839,0.1657857142857143,0.7788857142857144,coverage
active_round2_candidates-83f275fadb46d107,83f275fadb46d10715154560154e5e8f5e4506af88104345ce512f82ffc79357,solvability,0.012343705429805365,0.020416657003980227,0.031108486157511068,0.9838571428571429,0.007383297786488696,0.8864285714285715,0.6289838379310995,0.6099802525259707,0.01900358540512881,0.28485714285714286,0.8050857142857143,coverage
active_round2_candidates-832e5d5c8f96bb62,832e5d5c8f96bb620f33f77c12566a10ab5d2766f1e622c3cdc77d111b3a0e06,solvability,0.01227634414565516,0.020256161614968193,0.03133487156474242,0.9834285714285714,0.009693971439555783,0.9537857142857142,1.3347300948108323,1.3243274715763163,0.010402623234516017,0.17614285714285716,0.8101142857142857,coverage
active_round2_candidates-e08b346189b5e4c4,e08b346189b5e4c4a55f9b39dc74231dd17cf74389e5d6a9587c2162760b096e,solvability,0.012348372663310625,0.020486449494549957,0.031028431731465717,0.9827857142857143,0.006953386747769083,0.8639285714285714,1.456747392784244,1.4393546752059696,0.01739271757827443,0.2675,0.7921857142857144,coverage
active_round2_candidates-e2b6c1e20f7a08d4,e2b6c1e20f7a08d43e31984521edbdfa6940ba7d3fe2921c87adba40c9e3ab7e,solvability,0.01230759005004695,0.02032548887682152,0.031228959513527842,0.9824285714285714,0.012361643013530722,0.9841428571428571,0.9782260484749892,0.975849156403877,0.0023768920711121355,0.041,0.7948285714285714,coverage
active_round2_candidates-9fe6a83f0f61493f,9fe6a83f0f61493fb86b9276a623c6fbb6b55cf542bb21a1aab48669b05d2574,solvability,0.012269875782712145,0.020166121912356647,0.03142447273903555,0.9819285714285715,0.005009768267056568,0.7085,1.5812434917772062,1.7378530234654939,0.15660953168828762,0.8113571428571429,0.8384428571428573,coverage
active_round2_candidates-b454f3d205f3297f,b454f3d205f3297fbc72f71a4495dc4ddd999521cccea594276f478915f31d69,solvability,0.012323892411432776,0.020370200386980876,0.031165289917932264,0.9817857142857143,0.006429373156325833,0.8319285714285715,0.8614586918838558,0.8465230557885648,0.014935636095291027,0.24,0.7734857142857143,coverage
active_round2_candidates-16a495bcf7b97a33,16a495bcf7b97a33bf2577b7dbc761ab18ed85b1b0d8d0a6cb68cab09c6eca8e,solvability,0.012288266256916171,0.020395413981318847,0.031170623779351377,0.9815357142857143,0.0054167444766472315,0.7524285714285714,-0.6292679445808886,-0.6438236489227294,0.014555704341840725,0.23514285714285715,0.7406142857142858,coverage
active_round2_candidates-b60c1936957edf2c,b60c1936957edf2c81be210c199b710eeff8bcda6fbf8720e191b774cb3bc417,solvability,0.012288266256916171,0.020395413981318847,0.031170623779351377,0.9815357142857143,0.003250553304690949,0.4602142857142857,-0.47110456162391384,-0.5490130105144588,0.07790844889054499,0.5645714285714286,0.6896142857142857,coverage
active_round2_candidates-7631c0d7452e4f6c,7631c0d7452e4f6c4f6f1252c2d6a0766d077c396f62be9feda78fde2b9af569,solvability,0.012280705978493879,0.020397037102537645,0.03117576924782467,0.9813571428571428,0.00777165724688056,0.9030714285714285,-0.31188986667497376,-0.18697868465065526,0.1249111820243185,0.7420714285714286,0.9021857142857143,coverage
active_round2_candidates-31b5ef7a33cb94ec,31b5ef7a33cb94ec5dec6c77a6c1a3b79fe4876907606bdf042ef75dfc50f53c,solvability,0.012287577444453465,0.020323065822744173,0.03124279674387697,0.9812857142857143,0.01065428043984209,0.9665714285714285,0.9651645401481749,0.9700797751180311,0.004915234969856241,0.08435714285714285,0.7960142857142857,coverage
active_round2_candidates-b1106bb8d58f84a0,b1106bb8d58f84a02b629e72f0acf3666a6b587ad051c14f83af19f42e0ae314,solvability,0.01231206404091343,0.02041470970932734,0.03112608424661555,0.9812142857142857,0.006397893642653264,0.8287857142857142,0.8786783244206002,0.8601130299795026,0.01856529444109767,0.2805714285714286,0.7801142857142856,coverage
active_round2_candidates-c9993afa9cb23c83,c9993afa9cb23c839535b79745243f863bd0c8a1375fd024fd9b48810b43b71e,solvability,0.012276526387470198,0.02029811939477093,0.03127806780432122,0.9810714285714286,0.01696597082997342,0.9986428571428572,1.1934900428951463,1.210087614896775,0.016597572001628702,0.2586428571428571,0.8436142857142858,coverage
active_round2_candidates-4df00eb26423b056,4df00eb26423b0566b1bd7f6d441dac67d93cef5cf53cc64295f664a38870d7a,solvability,0.012283674260630179,0.020301865668504598,0.03126610432348665,0.9807857142857143,0.0071425071967504685,0.8746428571428572,-0.6287104559527446,-0.6927701651721099,0.06405970921936532,0.5065714285714286,0.8434857142857143,coverage
active_round2_candidates-995c5f70e4f1c0a3,995c5f70e4f1c0a3dcf14e444778b32b4a5b4690c8ba5af077ab826fc48fcc91,solvability,0.012293592798537997,0.020398891439861833,0.031157651362289974,0.9806428571428571,0.007027059455660529,0.8675714285714285,-0.6465048309932362,-0.6999432142770938,0.05343838328385764,0.46564285714285714,0.8324142857142858,coverage
active_round2_candidates-2f8462c38b30cc2b,2f8462c38b30cc2b3173361d018cd05d7cb72887f045fe43838ebd8ee70fc00d,solvability,0.012271706416496043,0.02015637324092876,0.03141989287931994,0.9804285714285714,0.002857055976662748,0.3875,0.38993895055504396,0.3981732129303837,0.008234262375339751,0.1425,0.5756714285714286,coverage
active_round2_candidates-102808fa0b7cd8d9,102808fa0b7cd8d9b78010a04f610406c1cbae1f8b7a6ee89339ef7439cfa37a,solvability,0.012308536341543962,0.020422416700703605,0.03111540890667097,0.98,0.01186756193442719,0.9811428571428571,0.05349166771573732,0.0523319985895464,0.0011596691261909209,0.019428571428571427,0.7883428571428571,coverage
active_round2_candidates-694c0f84b8c7d260,694c0f84b8c7d260931ec652e26fd07b92032ac6ccf020f19ddf438b559bcfa4,solvability,0.012262069415065574,0.020256472817506976,0.03132686603621319,0.9799285714285715,0.008166300402824676,0.9173571428571429,0.5804172613637968,0.5466643945763668,0.03375286678742995,0.38057142857142856,0.8350285714285716,coverage
active_round2_candidates-2b3181b7cc81f2d4,2b3181b7cc81f2d44e2c01b254d010e4320e7eed9fe111f9d5385827277b4740,solvability,0.01230643998829974,0.02037250286790192,0.031164926282924443,0.9795714285714285,0.005709845834445312,0.7789285714285714,0.6760219934015165,0.6263310070871757,0.04969098631434077,0.44785714285714284,0.7929714285714287,coverage
active_round2_candidates-399540d14c5155d5,399540d14c5155d50d0f446a2a19d955c674ba67876ad79df01f536c6edd1dc5,solvability,0.012292646507040985,0.020279339763151723,0.031271201969146845,0.9795,0.00815392382390358,0.9167142857142857,1.23534562581549,1.170803154485653,0.06454247132983704,0.5083571428571428,0.8601571428571428,coverage
active_round2_candidates-84f83a12169225c7,84f83a12169225c7a4a54867a9e30d7e9f4d97c855cb830c2b69221a9495df8f,solvability,0.012260273530476842,0.020109660547363805,0.03146900117011332,0.97875,0.005068214359093169,0.7149285714285715,0.3004236439168921,0.4859105083648761,0.185486864447984,0.873,0.8520714285714286,coverage
active_round2_candidates-86232903fd1899ad,86232903fd1899ad3bcc420392b9be16436c6a126633e9372140357569ba9e98,solvability,0.012260273530476842,0.020109660547363805,0.03146900117011332,0.97875,0.004406093365589354,0.635,0.8604371293995794,0.8649564847707631,0.004519355371183753,0.07742857142857143,0.6609857142857143,coverage
active_round2_candidates-378cde566df0ce7a,378cde566df0ce7aef64a8f5950e2e8249253d95c67d789e17294e69bb4d5e4a,solvability,0.012257020352524382,0.020159139378452227,0.03142075769260766,0.9784285714285714,0.010778565873145698,0.9688571428571429,-1.6150171848010861,-1.5705951790738957,0.04442200572719046,0.42764285714285716,0.8644428571428572,coverage
active_round2_candidates-271de45a3cae6741,271de45a3cae674107907c6c546499736c3e38e5da8364a96ded2c58dcb0ab6b,solvability,0.0123320703019248,0.02041237281154154,0.031092101327061295,0.9782142857142857,0.009458796929422494,0.9504285714285714,1.4151835811967999,1.4825976228513082,0.06741404165450837,0.5192857142857142,0.8753142857142857,coverage
active_round2_candidates-3dc26378f0ee4396,3dc26378f0ee43967b7aeb8e02fd66226a4bca4118dd864c3d1d42a64207601f,solvability,0.012307897033473725,0.02035616972548211,0.031170623779351377,0.9778571428571429,0.0048719275185565595,0.6931428571428572,0.9409176462040204,0.928653256385237,0.012264389818783417,0.2035,0.7091000000000001,coverage
active_round2_candidates-b07e8a666dfd91dc,b07e8a666dfd91dc17982e9f1dced00dcc118265a8effe0c045dcc6eeb049697,solvability,0.012292903986075288,0.0203086210299752,0.031229824326815564,0.97725,0.010981197643884806,0.9712142857142857,0.9191784222904286,0.9003033051574846,0.018875117132943986,0.28364285714285714,0.8361142857142858,coverage
active_round2_candidates-9e1d66794e824596,9e1d66794e824596b073ba260b4ded7cedb0d7178b5d14fa356cf74925159edb,solvability,0.012170566536261248,0.01991653558462205,0.030597410520627033,0.4943571428571429,0.02187843327055376,1.0,0.5114306382123825,0.789527591347181,0.27809695313479843,0.9757142857142858,0.7928857142857143,information
active_round2_candidates-1980091bfc20774f,1980091bfc20774f3b8ec802e8aef052c0c9ab483b71670700fdee13a1792742,solvability,0.012254140763181832,0.020225647713036806,0.031218014996917766,0.9532857142857143,0.021760612391445583,0.9999285714285714,-2.1731190978563615,-2.1279227760369546,0.045196321819406915,0.4313571428571429,0.8675571428571429,information
active_round2_candidates-42327486e5299b29,42327486e5299b29cfa80b39fceef72fd72ca611fd24a565667e38bb347fb65e,solvability,0.012260872949741267,0.020289837979306266,0.03081873814541508,0.8452857142857143,0.020672554399397317,0.9997857142857143,-2.2580973287270627,-2.1670132236329893,0.09108410509407339,0.6169285714285714,0.8614142857142858,information
active_round2_candidates-7e308ee16be5befa,7e308ee16be5befae0df6f7e46d810e0691bcf59d0b60d683d753a616b664fa4,solvability,0.012174564957350125,0.019901466844099797,0.03071182594077162,0.5382142857142858,0.020412844125411063,0.9997142857142857,2.9473029835719826,3.21384799009958,0.2665450065275974,0.968,0.8087714285714286,information
active_round2_candidates-26052dd885aba2d7,26052dd885aba2d76523cc16ba4ae484e80df6469b11046755d1ba6bfbe16787,solvability,0.012175588551830863,0.01988177710428783,0.03048577566547205,0.45664285714285713,0.020226965009573147,0.9996428571428572,-0.5175080634164179,-0.41140762288361055,0.10610044053280732,0.6799285714285714,0.7185,information
active_round2_candidates-b5e8b572dd127f2c,b5e8b572dd127f2c87839c0aebcc6a7a4ac3d489af6eb781d36ed709cdbff18c,solvability,0.01221781522002247,0.020095932179587418,0.031108719737732993,0.8663928571428572,0.019695145759066803,0.9995714285714286,-1.9206689387261202,-1.9386107080609958,0.017941769334875568,0.2742142857142857,0.8012285714285714,information
active_round2_candidates-d8004578d971e88d,d8004578d971e88d24e061f2e2165bd19f9f461d1bb1e4ea8522fd74f97df9db,solvability,0.012190982244871303,0.02000860825137601,0.03088442382266503,0.7038571428571428,0.018983162492679926,0.9995,0.48597951128843686,0.7638537823885967,0.27787427110015983,0.9755,0.8764428571428573,information
active_round2_candidates-a81e3538297bd234,a81e3538297bd234ace1c3ea7853290aba7bdeaea8283c0f23580f6432f7bec0,solvability,0.012175533455614292,0.019931425850841157,0.03062329225664957,0.5123928571428571,0.01887970413537136,0.9994285714285714,-1.4031284138448537,-1.1831179958681306,0.22001041797672305,0.9311428571428572,0.7909571428571429,information
active_round2_candidates-ed7513c133a9bf3a,ed7513c133a9bf3a0ef94a25ddc4c618f7134b0d6643d8516c61383eea0fb9e8,solvability,0.012221165331194704,0.020053776945219957,0.031185217583045842,0.881,0.01871024355290156,0.9993571428571428,-2.4331075802189965,-2.3768970246845766,0.05621055553441989,0.476,0.8473428571428572,information
active_round2_candidates-7e8bb50f1dcc3890,7e8bb50f1dcc38900190536f7d84e35f60c89d3d7e054fc7418783510d2b9205,solvability,0.012242430398082,0.020172261312200013,0.031330425910419776,0.9629285714285715,0.01828457930184753,0.9992857142857143,-2.2296403952494166,-2.065571200074403,0.1640691951750135,0.8284285714285714,0.9505714285714287,information
active_round2_candidates-cc1bfbe12d1fa94b,cc1bfbe12d1fa94b0e49cf06fd98f372ae1b19e5f754045101c98898f3e8f85a,solvability,0.012230618761265962,0.020021882079988392,0.030937317480121906,0.7597857142857143,0.017766372936094652,0.9991428571428571,-1.6460862694912584,-1.5505835394178797,0.09550273007337862,0.6350714285714286,0.8305857142857144,information
active_round2_candidates-5f6208fa9ec27e26,5f6208fa9ec27e26e4d7d531c1f72aed738762e2c301d2b6d518bee7b4999812,solvability,0.012147298638720286,0.01980004585438389,0.030625325337574717,0.46432142857142855,0.017502149840837603,0.9990714285714286,-3.7268970459501403,-3.6876330038106504,0.03926404213948986,0.4052857142857143,0.6664142857142857,information
active_round2_candidates-20f7ee9532cc60b0,20f7ee9532cc60b0e12691eb954033e9e9905b54ea531ef62fc70c6a4099b409,solvability,0.012203516399079867,0.02009836192125898,0.030685833466525574,0.6507857142857143,0.01745959981936063,0.999,-4.014911518579973,-3.9170469809592543,0.097864537620719,0.6452142857142857,0.7889571428571428,information
active_round2_candidates-5cdb62aa5c93a656,5cdb62aa5c93a6568124b1caab370cddde11cb1d44c21bfd6709c8aff5bce43b,solvability,0.012200548116943568,0.019885589653557877,0.030595498390863597,0.49328571428571427,0.017430893104624947,0.9989285714285714,-1.1185593996382148,-0.8477260627880522,0.27083333685016264,0.9708571428571429,0.7910571428571428,information
active_round2_candidates-f341b33c49822b81,f341b33c49822b81b9224c1c156d3cf91b008485a91d45f22b7e5bb2b00f13ee,solvability,0.012190590521257143,0.019929927988000033,0.03068273058872136,0.5459642857142857,0.017272643133417424,0.9988571428571429,-2.754271271800384,-2.706164806691772,0.04810646510861227,0.44185714285714284,0.7063,information
active_round2_candidates-f7ef73d7ab4b33f5,f7ef73d7ab4b33f552b565fbf8daa3b09f768413f88223ee34ea6906ffc34a86,solvability,0.012138439901164592,0.01976037143925891,0.030433931469761394,0.42964285714285716,0.017241285265731526,0.9987857142857143,-1.3908472564559233,-1.2867812903943363,0.10406596606158702,0.6720714285714285,0.7057857142857143,information
active_round2_candidates-6a99713b7bfa47e9,6a99713b7bfa47e94996929300ff2e5736c5c062597bb1a7d4b11dca13a5bcda,solvability,0.012233559733518905,0.020143405942304782,0.03119475322963557,0.9201428571428572,0.017007035363007253,0.9987142857142857,-1.4888576051083735,-1.3416843233829727,0.14717328172540078,0.7932142857142858,0.9261857142857143,information
active_round2_candidates-d53f6222453d31c1,d53f6222453d31c1870f51e38de31c0815b51b591aceaee1cbfc5ac08444bae0,solvability,0.012229139402867899,0.02020470129143157,0.030902406066178452,0.831,0.016871175035638238,0.9985714285714286,-2.447320621816406,-2.5207130785873466,0.07339245677094075,0.5452857142857143,0.8408857142857143,information
active_round2_candidates-03571a438aee07d9,03571a438aee07d96eb4d9c7185225205c8d7b5b043a1ea835cde3106c085c5e,solvability,0.012197534437594094,0.019973069905764994,0.03118027079484833,0.8380357142857143,0.016821249611225723,0.9985,-1.3261953946867506,-1.1194534432642416,0.20674195142250906,0.9127857142857143,0.9171714285714286,information
active_round2_candidates-a05f1a8a696254c9,a05f1a8a696254c97b41c088df12ddcbf925d4d8c1cc740558fcab256716954a,solvability,0.012212874685318334,0.020023627811225703,0.03067022016168443,0.6034285714285714,0.01681111013625789,0.9984285714285714,-3.057855035989209,-3.025191660102346,0.032663375886862855,0.37492857142857144,0.7157285714285715,information
active_round2_candidates-38e2cd8b86c11fac,38e2cd8b86c11fac8b22f06d4e5bc2be3eb601a8f63c772bbc8945ba66f6cfb5,solvability,0.012263393478201802,0.020208455933122274,0.03133765538060198,0.9736428571428571,0.016808223219907232,0.9983571428571428,-2.1307989448983222,-2.1159641989759796,0.014834745922342574,0.23864285714285716,0.8365285714285715,information
active_round2_candidates-403d1a99279c749b,403d1a99279c749b811f9138683d3859026b33c2b506f015046124ed68ff4ce8,solvability,0.012300811454762871,0.020247108852809417,0.030467667772645073,0.6652857142857143,0.016748596451355912,0.9982857142857143,-1.1664716497160528,-1.0055579490773177,0.1609137006387351,0.8211428571428572,0.8296571428571429,information
active_round2_candidates-03c225db9128b1e1,03c225db9128b1e1371f31b25765c14a2fb1624dd33673f025d1a96f99946960,solvability,0.012225757327480697,0.020099720684552038,0.031233958900952284,0.9162142857142858,0.01659428689827003,0.9982142857142857,-4.146531782110523,-4.054195753324656,0.09233602878586744,0.6217142857142857,0.8901142857142856,information
active_round2_candidates-478ed7203329d869,478ed7203329d8697caeba2378bb04517945ef110f3d8957b1247322ca058bc6,solvability,0.01222629058859639,0.020183008389463426,0.030723122347047615,0.7308571428571429,0.016570327507161437,0.9981428571428571,-1.3080429110127112,-1.2134549592785904,0.09458795173412082,0.6316428571428572,0.8179285714285714,information
active_round2_candidates-e923bacdaf8eed1f,e923bacdaf8eed1f827367b0afea846211bfd7808e54220f203884a29f845247,solvability,0.01226520112241084,0.02007596519488622,0.03117715514053108,0.9026071428571428,0.016566326634000313,0.9980714285714286,-1.6377207889534073,-1.5918171008365034,0.04590368811690393,0.43385714285714283,0.8470428571428573,information
active_round2_candidates-e4e5280db776639e,e4e5280db776639e807632b4977df94adfc9cde3f58de807c2947ae8c537dfee,solvability,0.012144082902750583,0.019869667326408335,0.030531006214973466,0.4569285714285714,0.016538168980970235,0.998,0.4825793059720591,0.5735455896730444,0.09096628370098525,0.6167142857142857,0.7053142857142858,information
active_round2_candidates-864ed56b6b4e74ad,864ed56b6b4e74ad22ae7bb8f9edce8bf09cd0f591b738772f6f6f34a7beaf5c,solvability,0.01223500851569059,0.020182839941995913,0.03106478753882691,0.8897142857142857,0.01650113706114833,0.9979285714285714,1.0213778201913901,1.2999594575890483,0.2785816373976582,0.9759285714285715,0.9502428571428572,information
active_round2_candidates-1f0145458c40ee03,1f0145458c40ee03c0a8736c353bf405858094c623f9f268e7e23303a4cfe2af,solvability,0.012221854143657411,0.020167772399322118,0.031113044618520252,0.8965,0.016465944682727277,0.9978571428571429,-4.187741744770652,-4.257320373875678,0.06957862910502577,0.5287857142857143,0.8635000000000002,information
active_round2_candidates-3628e19d85ecdaf6,3628e19d85ecdaf604e3e6af1af94971a38226ac524c8416f7973a10e1c10fa5,solvability,0.012308631578809556,0.020319054016259386,0.03110891004438353,0.9608571428571429,0.016458563786692602,0.9977857142857143,2.416141938511101,2.3345154675810296,0.08162647093007136,0.5792857142857143,0.8993142857142857,information
active_round2_candidates-a59154975a884e32,a59154975a884e325d5e4f796047a0febea9371207f243914e70a0541ede9fa1,solvability,0.012307472044627437,0.020412486498740345,0.03107734292870911,0.9719642857142857,0.01637835540983638,0.9977142857142857,0.048233184859486494,0.03772228290762841,0.010510901951858082,0.17735714285714285,0.8233428571428572,information
active_round2_candidates-603bf6415c222325,603bf6415c22232577c1096e785c5450216819e4faa8b9e011426266417d5b6d,solvability,0.01223993681565714,0.02008336824209523,0.03067621122161992,0.6575,0.016332258162181732,0.9975714285714286,-1.5059417408220956,-1.4099468841699827,0.09599485665211294,0.6371428571428571,0.7894571428571429,information
active_round2_candidates-144c4d1fbc0fb07b,144c4d1fbc0fb07b4cad270a658ae908cca6350cbd0c7df14b04e0887a68f650,solvability,0.012172565394898933,0.01989815072131403,0.030530762114236713,0.47114285714285714,0.01627668895796723,0.9974285714285714,-0.5220604592899482,-0.5834552152913621,0.061394756001413975,0.49564285714285716,0.6865571428571429,information
active_round2_candidates-81e78d0bd1ebc0ba,81e78d0bd1ebc0ba714a8b4f4292b0f848efefb80ae74c4e41e65961b716634e,solvability,0.012320073985225607,0.020392463856389764,0.03087137559491352,0.9233571428571429,0.01623677906556756,0.9973571428571428,0.4383463352029279,0.3653836823084296,0.07296265289449827,0.5432857142857143,0.8769428571428572,information
active_round2_candidates-ecced6c17911bfe8,ecced6c17911bfe806986e05003672ef62bc45673892747c03a766caffc10ff4,solvability,0.0122581255288065,0.020203263203670347,0.031086057362561433,0.9134285714285715,0.016216003139561598,0.9972857142857143,-1.225304108785635,-1.3036401836843996,0.07833607489876471,0.5661428571428572,0.8775142857142859,information
active_round2_candidates-8002e97c9fe08e87,8002e97c9fe08e87f5e9deee48891a66a8eb9f29249a21174be133793f4053b7,solvability,0.012274124082580284,0.020253797242718634,0.030872151653260554,0.8572857142857143,0.016146520588839523,0.9972142857142857,-0.4152975330678828,-0.44737919759991057,0.032081664532027765,0.3717857142857143,0.8161571428571429,information
active_round2_candidates-af0298867761e4f9,af0298867761e4f99c19db1fdb15b01ba54ea893d85327d89edefa48a446d5f7,solvability,0.012257821721194459,0.020245490237733955,0.030935821248856132,0.8727142857142857,0.016084923790077383,0.9971428571428571,1.8571185410644733,1.876177924905856,0.019059383841382838,0.28585714285714287,0.8051142857142857,information
active_round2_candidates-fd0b726d16e0de0e,fd0b726d16e0de0e4602fa317dc80fb329622961fc7d9d88f2af456f12fb4042,solvability,0.012273468734194364,0.02026724169505741,0.03069449410629168,0.7833571428571429,0.016045005870805117,0.9970714285714286,0.17005404371275584,0.16280632735578665,0.007247716356969192,0.12614285714285714,0.7374,information
active_round2_candidates-c68213bbc1cb58bf,c68213bbc1cb58bfac1bfdcd55a1259e9a4868d63a960d2db8703dad50203d39,solvability,0.012244963115191961,0.0202225661156904,0.030996456188268313,0.8830714285714286,0.015985742805219593,0.997,-1.88358120946971,-1.7273457998193744,0.15623540965033555,0.8107142857142857,0.9141714285714286,information
active_round2_candidates-da64da6ef5dc672d,da64da6ef5dc672df35891f5a86611dadcac46998a7465515dd8458ead842d01,solvability,0.012252810185274321,0.02018069370252266,0.03135817914435209,0.9709285714285715,0.01593901022886119,0.9969285714285714,-1.2115930855150356,-1.1999114135837767,0.011681671931258908,0.19614285714285715,0.8263714285714285,information
active_round2_candidates-7ed60b143e5858a5,7ed60b143e5858a5bbd9a31fc56f97c2f97d2fb3539746cac9687b22d621594c,solvability,0.012297181572138462,0.020201744699801273,0.030865307492306954,0.8427857142857142,0.015919297911024352,0.9968571428571429,-1.9576910801603946,-1.798019239037034,0.15967184112336064,0.8183571428571429,0.8995285714285715,information
active_round2_candidates-c2291b30a4830f52,c2291b30a4830f52667e0d65af6c397bfcc99d807a68e0109d8ea499548612a0,solvability,0.012248584025202762,0.020118097362180103,0.030592382736546353,0.6327857142857143,0.01588098060701269,0.9967857142857143,-2.9352879229655655,-2.892566625668279,0.042721297297286576,0.4207142857142857,0.7359714285714286,information
active_round2_candidates-d501f47fec229a26,d501f47fec229a26d657a8a617d8025e84c77fdf41b967892a7b762f5fbaee66,solvability,0.012231965331994972,0.01997320632268164,0.03135614933019605,0.9167857142857143,0.015854981068208908,0.9967142857142857,-0.3061033551160782,-0.18592966036864575,0.12017369474743247,0.7297142857142858,0.9113428571428572,information
active_round2_candidates-6c73026d36f6c7e4,6c73026d36f6c7e4ba24161f931b3d60cf7d398b9069ab071eae949fc065e132,solvability,0.01214322381569274,0.01968434238633226,0.03068001499223193,0.44957142857142857,0.015691314633637005,0.9966428571428572,0.16082518157213793,0.4051295258584179,0.24430434428627995,0.9525,0.7689857142857143,information
active_round2_candidates-fdf9b459629ca319,fdf9b459629ca319ba1f9725cdcc39e2b80931dbaebdc765c1b3667c20adf990,solvability,0.012218025383423417,0.020011949358093657,0.03133848835293455,0.9190714285714285,0.015688800891257012,0.9965714285714286,0.11927228145347846,0.1484036111821764,0.029131329728697947,0.35678571428571426,0.8376142857142858,information
active_round2_candidates-81029f18a599c9b4,81029f18a599c9b468e95f133c4cd2481e833c8bd697c41b638e6f3f1593c7bb,solvability,0.012286809211742186,0.020335953369690515,0.031164926282924443,0.9705,0.015654627449423118,0.9965,-2.198561752879435,-2.264069863638425,0.06550811075898988,0.5119285714285714,0.8891857142857145,information
active_round2_candidates-7b19e24b062868da,7b19e24b062868da7fbc931c3da09a016c80a750520383bc30bf9674228330f0,solvability,0.01218999454978317,0.01999108001143771,0.03076301583843672,0.6250714285714286,0.01560894080646492,0.9964285714285714,0.5902636378689632,0.6879122322351079,0.0976485943661447,0.6442142857142857,0.7774428571428572,information
active_round2_candidates-fa5875f22013f4dd,fa5875f22013f4dd8df77dd86300436e574a876857f780c4fcbcdbb9fb407222,solvability,0.012254140763181832,0.020225647713036806,0.031218014996917766,0.9532857142857143,0.015577600161184124,0.9963571428571428,-1.898369164809001,-1.9364433610621012,0.03807419625310016,0.39985714285714286,0.8598285714285714,information
active_round2_candidates-0baf6fd9fc27a3e7,0baf6fd9fc27a3e74d12a3167c87bff9e546c6530639dbb2a933cef7ec8c51a2,solvability,0.012292903986075288,0.0203086210299752,0.031229824326815564,0.97725,0.015552572979250709,0.9962857142857143,0.07848111110973732,0.07208294909269092,0.006398162017046405,0.11092857142857143,0.8116000000000001,information
active_round2_candidates-e219447ad1c8335c,e219447ad1c8335c08ee7781673f15b9b5c146fb013b76151bde75673b914ec5,solvability,0.012192570083662011,0.020015063363996718,0.03074149753359192,0.6278571428571429,0.015482215081758144,0.9962142857142857,-1.0839729770816002,-0.955226692786998,0.12874628429460222,0.7528571428571429,0.8002,information
active_round2_candidates-cb00055d1dc7a60d,cb00055d1dc7a60dc30de958142a66521d63563c0c96414eead1bbeac11c5fcf,solvability,0.012218666973531505,0.02010662532427905,0.03058090055682161,0.6030357142857142,0.015432496792838445,0.9961428571428571,-2.403203745625577,-2.2296462803207016,0.17355746530487526,0.8491428571428571,0.8095,information
active_round2_candidates-92607d03f5610f45,92607d03f5610f45632300f9af02ecc18bbf5caa591bc1770df89e432f106765,solvability,0.012283024254759354,0.020178988180390118,0.03133765538060198,0.9722857142857143,0.015367911336583861,0.9960714285714286,-1.5192140616631036,-1.3399183862412203,0.1792956754218833,0.8606428571428572,0.9594714285714286,information
active_round2_candidates-13140f36227b7a46,13140f36227b7a460f76614843f9098b03f9935689c5d404285d6b7f07270e96,solvability,0.012179329675054307,0.019857093332330815,0.030747967794891785,0.5363214285714286,0.015239912889974963,0.9959285714285714,-1.8585761357932942,-1.816728228644164,0.041847907149130226,0.416,0.6960999999999999,information
active_round2_candidates-f0891c9301f57592,f0891c9301f57592014ac4d846ff8872d52c176b2af3f21a1c491f7a16fd90fa,solvability,0.01215902093082752,0.019834526426259515,0.030312971375001885,0.4277142857142857,0.015232658863716662,0.9958571428571429,-1.898277232051402,-1.858899895541312,0.03937733651009001,0.4060714285714286,0.6506428571428571,information
active_round2_candidates-ac4c806e8d5bdd9e,ac4c806e8d5bdd9ee64f5e6958655bb41f3da27db821bb70880557ec46f9e5f5,solvability,0.012277550795580908,0.02035365047248388,0.030865307492306954,0.8946428571428572,0.01520992718659599,0.9957857142857143,-2.4576077172648083,-2.309172631687725,0.1484350855770833,0.7959285714285714,0.9153571428571429,information
active_round2_candidates-f18a1ce63b439506,f18a1ce63b439506e52f2de1caddc38540563e19d66457c5d0463efd5e22fe61,solvability,0.012210729641311617,0.02002722911649591,0.030405763731026693,0.4823571428571429,0.015194919035724735,0.9957142857142857,-0.5429780926014307,-0.5311842260058486,0.011793866595582125,0.19757142857142856,0.6307428571428572,information
active_round2_candidates-5846cbfd3725bb10,5846cbfd3725bb10d26cb90461e0774be6fdfd662bf143d2278c6cba493261b7,solvability,0.012255928437045102,0.02027109566958084,0.031192080124746124,0.9578571428571429,0.015192578820921687,0.9956428571428572,2.808921256483997,2.838405658671902,0.029484402187905268,0.35864285714285715,0.8531285714285716,information
active_round2_candidates-bb021f578cee1fa1,bb021f578cee1fa1bfe5d13effcc1c2496c2a0f0b41e87d8202acc06bd3e3e0d,solvability,0.012196644933120284,0.019918676545614005,0.030618805970473274,0.51425,0.015185605742989666,0.9955714285714286,-3.011546059278895,-2.7743739112385666,0.2371721480403286,0.9469285714285715,0.7933142857142856,information
active_round2_candidates-84e1883e89e0e469,84e1883e89e0e4698e24059c4f253b66a15908b82a5da3e43294d95e398d9898,solvability,0.012199278944005201,0.0199682517260305,0.030875207029926778,0.6806785714285715,0.015098955940243476,0.9955,-2.7985114118045082,-2.7474765252554243,0.051034886549083947,0.4545,0.7613714285714286,information
active_round2_candidates-0b1bfa5ec66aeb7b,0b1bfa5ec66aeb7b551a85d33d1f22d265671db566d9babd558608dc52070bc1,solvability,0.012237957627433651,0.020133883980489847,0.03087717903767708,0.7896428571428571,0.015065620406299109,0.9954285714285714,-2.25554260806001,-2.2253632332574265,0.03017937480258359,0.36264285714285716,0.7865571428571428,information
active_round2_candidates-be201b09078c1bc4,be201b09078c1bc4f697dc2839dae96ad87272b1af602440df09cb49e0581606,solvability,0.012227851984770742,0.019999648166681865,0.031149688294604173,0.849,0.015040620692424529,0.9953571428571428,-1.144948998807084,-1.0416485150991701,0.10330048370791389,0.6699285714285714,0.8717285714285714,information
active_round2_candidates-7cd9b7b9af10e5a1,7cd9b7b9af10e5a14aa82594d30700353773b737d7fc0d69cbfa97089779af75,solvability,0.012283024254759354,0.020127025287739332,0.031193433518560278,0.9272142857142858,0.015032682375655873,0.9952857142857143,-1.3065337035903424,-1.1257985387342138,0.18073516485612862,0.8630714285714286,0.9416142857142858,information
active_round2_candidates-75d3f08a93cbdfb8,75d3f08a93cbdfb8c3c0d4b7a71a337c002f36f85aae70c98a93602a382cd3e6,solvability,0.012139655413887484,0.019805689056083372,0.03054944526106762,0.4472857142857143,0.015031960632578655,0.9952142857142857,1.0424918248362518,1.1823436062077424,0.13985178137149057,0.7777142857142857,0.7325428571428572,information
active_round2_candidates-dc7ad2ad455ce3dd,dc7ad2ad455ce3dd8fc7224f546d827fa7cc13aaa90bc3fc0e1cfc9c0a781055,solvability,0.012253837957636812,0.020159742329583584,0.03069449410629168,0.7162142857142857,0.014937347382002687,0.9951428571428571,-1.826660480674859,-1.6715841587312879,0.15507632194357113,0.8082857142857143,0.8462,information
active_round2_candidates-a301086dd5f9483e,a301086dd5f9483ec401e3bffc46ca3bb1a1020833d28a591af5f8a6ff6cfc9c,solvability,0.012214051140262621,0.020005604953213255,0.03076451318965175,0.6486428571428572,0.014912607081036812,0.9950714285714286,-3.0268554381262414,-2.998075812075582,0.028779626050659424,0.35485714285714287,0.7284571428571429,information
active_round2_candidates-c77780ed61a33f35,c77780ed61a33f3570dea55ade4b589b7e0b8f5cb06ce5d091461173d67acf69,solvability,0.012195593376841136,0.019883004193822076,0.030194086906725905,0.42514285714285716,0.014882114022619398,0.995,0.6114350341984238,0.8626606123036741,0.25122557810525026,0.9575,0.7595571428571429,information
active_round2_candidates-f54ec9cda6d590e2,f54ec9cda6d590e2d05ce9ca7fc92dfe51e2c50d087a1b1a0fd87b0d6f562d64,solvability,0.012259831620868387,0.020292000747549516,0.031168772545136447,0.9582142857142857,0.014771256029686512,0.9949285714285714,3.228625341585569,3.25565012672993,0.02702478514436102,0.3460714285714286,0.8504714285714285,information
active_round2_candidates-19bb7df9f588dcd6,19bb7df9f588dcd675c5299aecb8043fa5b97ad36aaa0ca576c8a5f2086e33b6,solvability,0.012285772674491312,0.020274988655126135,0.03066063095259322,0.77625,0.014756451410564326,0.9948571428571429,-2.3205612878153232,-2.278375765422047,0.04218552239327611,0.41785714285714287,0.7920142857142858,information
active_round2_candidates-2a590b96b0dde5e8,2a590b96b0dde5e80640b9a1d01862abae1a6c48f4230c3f49512ed47cd0d0cf,solvability,0.012266232957317599,0.02030979937432763,0.031091766853066628,0.9467142857142857,0.014734059930607415,0.9947857142857143,-1.2202311162352664,-1.184766400868548,0.03546471536671847,0.3876428571428571,0.8541285714285713,information
active_round2_candidates-bd2993da9bdf4399,bd2993da9bdf4399c91976f063b05b0938f3a5d8acde8d0712a0d6e5701ccd45,solvability,0.012213067423080457,0.0200381124381541,0.030991081933864018,0.7866071428571428,0.014702803028058358,0.9947142857142857,-1.104635191805343,-1.0145131756602122,0.09012201614513082,0.6138571428571429,0.8352999999999999,information
active_round2_candidates-bc7df731ca721db3,bc7df731ca721db3a85463ae7ba980c5a9b185d1342d642414b40cf0ed7b2b53,solvability,0.012178191343694604,0.01991262887145763,0.03072309260470727,0.5519285714285714,0.014697146568707901,0.9946428571428572,-2.7532197278371187,-2.7403476991414344,0.012872028695684268,0.21278571428571427,0.6611857142857144,information
active_round2_candidates-8179013765bb022d,8179013765bb022d4b96d1f649e7836eb5c2301a8f72889ecaac89bec4152cd5,solvability,0.01227337349692877,0.020197236545260774,0.030700992968579123,0.7507857142857143,0.01466548554187242,0.9945,-2.485323508220739,-2.312558657871711,0.172764850349028,0.8467857142857143,0.8674714285714287,information
active_round2_candidates-ceacdcc9ee1a8394,ceacdcc9ee1a83946b473f258e374f12ae7da5a73e54c75067282dbed76faa47,solvability,0.01220333415726483,0.019985446716799613,0.030742637226946777,0.6176785714285714,0.014649838951553898,0.9944285714285714,-2.2122510738423067,-2.108027272388694,0.10422380145361254,0.6726428571428571,0.7793714285714286,information
active_round2_candidates-816b0da40836f9f0,816b0da40836f9f03fbcdbd4c1cc28e90e948bb30861395f97b4e4dbf51cc4b9,solvability,0.01218639024858531,0.020022426294246363,0.030691460642716883,0.5983571428571428,0.01462142885265347,0.9943571428571428,1.240983814927761,1.4382578837441111,0.19727406881635012,0.8971428571428571,0.8165142857142857,information
active_round2_candidates-06805230649ae5f3,06805230649ae5f31908fb6c38bebb07ee24480a37f13dcdb7185a4d9b3a1fc6,solvability,0.012216740225305358,0.020241506425259913,0.03094276808216435,0.8576071428571429,0.01458155513165677,0.9942857142857143,0.9367551779540627,1.0627595238699978,0.12600434591593512,0.7447857142857143,0.8897142857142858,information
active_round2_candidates-ce652fdb464f065d,ce652fdb464f065d52e7b180ad5a62e3e747820d53ba4455de8615509cf6c12b,solvability,0.012303964345304296,0.02031742924579775,0.03104474260838717,0.9462857142857143,0.014580076123796646,0.9942142857142857,1.6672570892661431,1.6466566409884484,0.020600448277694694,0.3002142857142857,0.8362428571428572,information
active_round2_candidates-7524be993c3feba7,7524be993c3feba7518c8bcaa3ec16149dae68146317dbda99e9b0f42040920e,solvability,0.012167726274337745,0.019805404348277374,0.030712395590541907,0.49464285714285716,0.014577702014001864,0.9941428571428571,-0.93911432349187,-0.7035219518475516,0.23559237164431834,0.9456428571428571,0.7846428571428572,information
active_round2_candidates-b2280dc7aa6e963f,b2280dc7aa6e963f8e958b084bada47e290ed796194b325004c3ed20b152f81d,solvability,0.01223325275009213,0.020210052853923483,0.031108867101770334,0.9148214285714286,0.014556139196206378,0.9940714285714286,0.09382846697665803,0.02978562803419707,0.06404283894246096,0.5064285714285715,0.8648428571428571,information
active_round2_candidates-165ecef4754720cb,165ecef4754720cba190fa053fbc41e93c66a4d4408800e4c33ccbb5ffc371f2,solvability,0.01228043038492346,0.020312728858228102,0.031068050187996847,0.9446428571428571,0.014552275009761606,0.994,-1.1633298978010296,-1.1698887497324135,0.006558851931383947,0.11385714285714285,0.7982285714285714,information
active_round2_candidates-7629c7eae0fb872e,7629c7eae0fb872e995646940317bda7ecd2bb14fb82299e5dd468850860f368,solvability,0.012151577306997388,0.01980139701520572,0.030568034838410786,0.4526428571428571,0.014512028056007683,0.9939285714285714,-3.777657994176075,-3.584734419022535,0.19292357515353986,0.8879285714285714,0.7562142857142857,information
active_round2_candidates-9b47039890a2b420,9b47039890a2b4200ebe783d31bf4c2aec6dae11ec6fb2947e9919b608b242c7,solvability,0.012289374390861916,0.020291738551185795,0.031098632688241,0.9492142857142857,0.014511281101142028,0.9938571428571429,-0.6360883941996762,-0.46790992785592156,0.16817846634375466,0.8375,0.9447285714285715,information
active_round2_candidates-4a3dc7f3f2d29a2b,4a3dc7f3f2d29a2b4fed342bd45c694fdeb774bbd7b09d95e82fa3e7851e9cbb,solvability,0.012170605863680293,0.019748717964583364,0.030915138286231804,0.5631071428571428,0.009915973825587608,0.9564285714285714,1.9401143166418229,2.212533578750884,0.2724192621090613,0.9721428571428572,0.802242857142857,disagreement
active_round2_candidates-983fc3d531d0089a,983fc3d531d0089acfb1d51ca6b804de1e997d67beb768f0b27458c8fdef5d55,solvability,0.012182527756790197,0.019843566735723496,0.03107794972561667,0.7134285714285714,0.011326581299860892,0.9751428571428571,-0.5491643322236607,-0.2774533495221734,0.2717109827014873,0.9715,0.8697285714285715,disagreement
active_round2_candidates-200bbe8708843008,200bbe8708843008df22d62aaf4340170d20ee1456341538370277f60d5a3941,solvability,0.01221689191295277,0.01995521861104234,0.030661716792754413,0.5625357142857143,0.011655510920726473,0.9782857142857143,0.7632034377894743,1.0346157576994304,0.27141231990995607,0.9712857142857143,0.8105857142857144,disagreement
active_round2_candidates-7799aad07bbd4728,7799aad07bbd47288e1c37a3b155376e237d33adf57c1c1faa71bafd5ca306c1,solvability,0.012218068367897055,0.02008749970254691,0.030900231682763447,0.7680714285714285,0.01174610666773428,0.9792857142857143,0.5815226775796807,0.8476117582191887,0.266089080639508,0.9675714285714285,0.8924571428571428,disagreement
active_round2_candidates-c3ca78cb1dd20147,c3ca78cb1dd201478534f63351fe8cba898822d4cfe8790d7fd1edab446d8b56,solvability,0.012253481279728553,0.020020258383084397,0.030605558236771337,0.5855357142857143,0.009447994244780008,0.9501428571428572,0.02899068107172964,0.2859931173409921,0.25700243626926245,0.962,0.8066714285714286,disagreement
active_round2_candidates-eb0e9e2708f0934a,eb0e9e2708f0934a700826fc20cc0808a179814d7abbc10095c145d266dc5034,solvability,0.012257156014779598,0.020156876055465758,0.030388524254023573,0.5455,0.012549452696111804,0.9854285714285714,3.511321469911008,3.7665770550766515,0.2552555851656435,0.9606428571428571,0.8045,disagreement
active_round2_candidates-4567617da5eac19e,4567617da5eac19e3f10f9311dbcbbc97b8df7dadcace6496affc76f61fc889b,solvability,0.012182818714824779,0.01985647385888412,0.030268431842266057,0.42792857142857144,0.013786573075975535,0.9916428571428572,2.0232556417212613,2.2770125273196946,0.25375688559843335,0.9596428571428571,0.7597571428571429,disagreement
active_round2_candidates-6a6cceff29d5bc70,6a6cceff29d5bc7006fad30a3b9c3e78390bed4d240f8f00ae9b53f57f5f2b79,solvability,0.012125017129121316,0.019795259609879486,0.030700343761046866,0.47635714285714287,0.007171380960242809,0.8762142857142857,1.607019251912917,1.8595211644142435,0.2525019125013266,0.9587142857142857,0.7327714285714286,disagreement
active_round2_candidates-950cd3cda68b5699,950cd3cda68b569916849cd5fcf03877bd43532039d44c3aa5d2d275053ec655,solvability,0.012240154560458561,0.020300450158276338,0.031070371403220377,0.9298928571428572,0.01180148213830508,0.9797857142857143,0.8975611539172582,1.1468517185246057,0.24929056460734744,0.9564285714285714,0.9551571428571428,disagreement
active_round2_candidates-586a24a1fd4249a8,586a24a1fd4249a80df6369b0318f9f08c22262e81e29bdf5ab923691efdbc7c,solvability,0.012255452880381336,0.020121340426249055,0.030424296448342707,0.5449285714285714,0.012154289122260763,0.9827857142857143,1.923694644106631,2.1729209053904617,0.24922626128383074,0.9563571428571429,0.802357142857143,disagreement
active_round2_candidates-0f0ddd9fd53739f9,0f0ddd9fd53739f9d93532b3635cf2f6c9dd0752bb3135172fbda891a292c9fc,solvability,0.012178861870786019,0.019936285524581144,0.03068696185224514,0.5452857142857143,0.009710509671053524,0.9540714285714286,0.7536911277580309,1.002564663599684,0.24887353584165317,0.9560714285714286,0.7909571428571429,disagreement
active_round2_candidates-1d47136a81919222,1d47136a81919222b80b8b328d2c6e56a92007a5632d22fa20d8deadd48e4987,solvability,0.012282727963985617,0.020300893536627982,0.030807402860194476,0.8546428571428571,0.00838504355370033,0.9242142857142858,2.29485342781926,2.5432018254888953,0.24834839766963546,0.9556428571428571,0.9026714285714287,disagreement
active_round2_candidates-162c910117215691,162c9101172156918135d231839ab341bec6338c3b19f2cda0863ae2e464549a,solvability,0.012187250086512027,0.019927200487035997,0.031004600570435515,0.7240714285714286,0.014274389693789991,0.9932142857142857,0.4835431324023309,0.7304249555621283,0.2468818231597974,0.9543571428571429,0.8777857142857144,disagreement
active_round2_candidates-dbe5a62a60a43a00,dbe5a62a60a43a0081d6be5a1171bf17a275378dec66c0f6e40cae979c3f01c9,solvability,0.012165925148169821,0.01977614482491208,0.031046806496814718,0.6515714285714286,0.00605826599995816,0.8051428571428572,0.33975711607820486,0.5866071310441345,0.24685001496592968,0.9542857142857143,0.7735428571428571,disagreement
active_round2_candidates-ad148bc63e69674a,ad148bc63e69674aa46943dcd92d7bb76c2edde3253d769799e496ddb3fe9b01,solvability,0.012268020849331977,0.020241028475547956,0.03073877275611907,0.7893571428571429,0.011378531442784898,0.976,2.0655698395518103,2.31134040866596,0.24577056911414985,0.953,0.8967428571428572,disagreement
active_round2_candidates-7362ac35a6dacd8c,7362ac35a6dacd8c2c894199eebbd8ad258fc160a0d068ae7a49accbbe3f403a,solvability,0.012257716081207813,0.020127922942530505,0.03090928300301088,0.8120357142857143,0.0052330609231678385,0.7338571428571429,0.5916424068347664,0.8351126862154952,0.24347027938072874,0.9519285714285715,0.8087428571428571,disagreement
active_round2_candidates-39038e7cc44f2084,39038e7cc44f2084d7137b8d2fc5047ba1d7cfe2413e0fe5fefd7b84fd666149,solvability,0.01220343960686279,0.019991626883349576,0.030810521807985825,0.6608571428571428,0.01340330241645086,0.9902142857142857,-2.083756598861591,-1.84282627507839,0.24093032378320123,0.9494285714285714,0.8503142857142858,disagreement
active_round2_candidates-d1f6385f168ca157,d1f6385f168ca157bed812ef41e88a080e7b29bcabffc072580333d9ba409173,solvability,0.012191350640909033,0.020010827763738838,0.03099342152983422,0.7628571428571429,0.009407806803055248,0.9490714285714286,0.48615623397477264,0.7270159417539696,0.2408597077791969,0.9493571428571429,0.8746428571428572,disagreement
active_round2_candidates-0fd1873668bb36d5,0fd1873668bb36d56dc4dcaf8da6620447b6c6fc92af6191c22fd5cf1a18f7ee,solvability,0.01222861522082274,0.020130903344649266,0.031423873346924903,0.9698571428571429,0.008087153874317828,0.9143571428571429,1.1464585073113747,1.3866434619646983,0.24018495465332368,0.9490714285714286,0.9435,disagreement
active_round2_candidates-1d7a9931debb58d9,1d7a9931debb58d9ce03625b52dcd8bbf7603b4199d8bf69eca88f89f812be99,solvability,0.012252150877157756,0.020169368852893905,0.03129109713536815,0.9567142857142857,0.005505183944924874,0.7617142857142857,-0.6041706665842587,-0.3640378980147969,0.24013276856946175,0.949,0.8771714285714285,disagreement
active_round2_candidates-37de55d854401206,37de55d854401206f274d5f0a07452690cb3cac5980ab5823ba00747bcd74a00,solvability,0.01220682576685301,0.020079250411165192,0.03099789529957132,0.8064285714285714,0.008504143884704581,0.928,0.3755022388752855,0.6155571829395329,0.24005494406424738,0.9489285714285715,0.8835571428571429,disagreement
active_round2_candidates-b1ab40140131c8b4,b1ab40140131c8b4784782023e7f289523999949fc925b52980bc2c5fcab07c1,solvability,0.012256579673879749,0.020139631186000505,0.030575997906096587,0.6407142857142857,0.011008020509476038,0.9717142857142858,-0.11651859087821889,0.12305304134576406,0.23957163222398295,0.9485,0.8346714285714285,disagreement
active_round2_candidates-361649316d3159d1,361649316d3159d1b035dca2fb64a78d434f920a55e70cc26117437d4640a0fd,solvability,0.012254792029717038,0.020190167036224085,0.030858795027831832,0.8166071428571429,0.009067294253002808,0.9418571428571428,0.4616639198632207,0.6997681840054849,0.2381042641422642,0.9478571428571428,0.8929571428571429,disagreement
active_round2_candidates-72f94bc453e2e5c7,72f94bc453e2e5c762643b2cfa10ffa36d7b3f75fabcc6b7fe8f48d2f6ba1759,solvability,0.012129761154843651,0.019769630379852497,0.030639822855582984,0.45575,0.01075590919879251,0.9685,1.2312515592069833,1.469060335250407,0.23780877604342376,0.9475714285714286,0.7592142857142858,disagreement
active_round2_candidates-1f997a80f042c2cb,1f997a80f042c2cb1240e79f1a1efeab7698552482bd0f9e60903bd319d6dc66,solvability,0.012234329223624732,0.02011939627340114,0.030804312482634155,0.7440714285714286,0.012373792157476058,0.9842857142857143,0.7701117586830533,1.0076289720995084,0.23751721341645515,0.9472857142857143,0.8808000000000001,disagreement
active_round2_candidates-5b9f4fe0f37918ce,5b9f4fe0f37918cecc333d872f97d763c9127ea88d5247917338a1e549123bd3,solvability,0.01221696315753142,0.020040278757078787,0.030501179268262346,0.5237857142857143,0.011605263140294952,0.9778571428571429,0.6084195993899302,0.8451128965185748,0.23669329712864462,0.9464285714285714,0.7899428571428572,disagreement
active_round2_candidates-7608403a1939d517,7608403a1939d5178cd89fb364ce28fcc46e89ac952ebe16adc16fc086bc12ad,solvability,0.012170156527275794,0.019831299995479387,0.030287537636705126,0.426,0.00909879964311773,0.9424285714285714,0.734832249430565,0.9703216683384406,0.23548941890787556,0.9454285714285714,0.7364571428571429,disagreement
active_round2_candidates-7929066908d47ca5,7929066908d47ca5e487be3cea27ebab92c62a08911d7cb9ff6c75f6edd7d4fb,solvability,0.012235729454569218,0.02023661340110814,0.0309721437643806,0.8747142857142857,0.007005129436527447,0.8667857142857143,1.209009707583807,1.444151583135989,0.2351418755521819,0.945,0.8856000000000002,disagreement
active_round2_candidates-bf05c65537544b4d,bf05c65537544b4d5acacba84df389af1c8444f1abf8dd3ccf4291fee20e11d7,solvability,0.01220491593938903,0.01998383773375854,0.03156671059924868,0.9645,0.007333009879678417,0.8842142857142857,0.1288908579661636,0.3638622060481217,0.2349713480819581,0.9447857142857143,0.9284428571428571,disagreement
active_round2_candidates-e94304b6b362cdec,e94304b6b362cdec1f26736796131354e9863f5d6a32b69d0c3181f6d7f8f66e,solvability,0.012195456017586674,0.019992958999572995,0.030964385918486947,0.7411071428571429,0.00757467684617978,0.8952142857142857,-1.0529820522446127,-0.81802611164123,0.23495594060338276,0.9447142857142857,0.8434714285714288,disagreement
active_round2_candidates-d0c0f5f2ef525ec3,d0c0f5f2ef525ec3a910e287bee9488861939f5e280bdaee47d544abe8554f56,solvability,0.012129944721055313,0.01970360674616195,0.030264275869422923,0.41785714285714287,0.009566552475750278,0.9517857142857142,-0.05026054596188961,0.18408321568445712,0.23434376164634674,0.9437857142857143,0.7366142857142857,disagreement
active_round2_candidates-9d490f7d0a18a6a3,9d490f7d0a18a6a300239f7867991b1c1f38c728e6fba0f2f7915215c9ccf692,solvability,0.012206039310514154,0.019947191033570663,0.030799640292695118,0.6298214285714285,0.011594738387130035,0.9777142857142858,-2.2915793275021232,-2.0577861633307903,0.2337931641713329,0.9435,0.8317142857142857,disagreement
active_round2_candidates-ab4c211a1a85375f,ab4c211a1a85375f3fd2e0ba8b49018e288e35f126e17fb1b0fa03ab88ad8c3e,solvability,0.01223766568037782,0.020131346350240543,0.03115006219425791,0.9032857142857142,0.01274797223207867,0.9868571428571429,0.310350015693233,0.5432769353410767,0.23292691964784368,0.9427857142857143,0.9446142857142857,disagreement
active_round2_candidates-367dc97f21e60bbb,367dc97f21e60bbb9f829e78b980ec8a2359f8b00dd10080201edaeb359e4761,solvability,0.012251182173856314,0.02010754653370221,0.030721615680805826,0.7017857142857142,0.008830488638214517,0.9360714285714286,-1.1606663841415172,-0.9279579824605703,0.23270840168094697,0.9426428571428571,0.8436714285714286,disagreement
active_round2_candidates-8840016e3de61aab,8840016e3de61aab24cfaeb21e7417b86671061a400791b63df2b326039fa50e,solvability,0.012269153145108767,0.02011605306362318,0.03042253994945666,0.5480714285714285,0.0036314956278565395,0.5243571428571429,0.9188477469261248,1.1479779321546326,0.2291301852285078,0.9402142857142857,0.6170142857142857,disagreement
active_round2_candidates-e13a1d12eb88110d,e13a1d12eb88110d70a61f26a64c8482db55f0b17c8d17a1666263935d36da6b,solvability,0.012256370346653557,0.02010681063657801,0.03134808688768128,0.9564285714285714,0.004261864452819486,0.6163571428571428,-0.1405981244033326,0.08799687082873653,0.22859499523206914,0.9397857142857143,0.8170714285714287,disagreement
active_round2_candidates-f641fa10cfefd32d,f641fa10cfefd32d70d97bd6f0271d4e17991a871f08316b58611fc553ab5949,solvability,0.012266979494028368,0.020149701970472018,0.031012587202260168,0.8684285714285714,0.004808856112414264,0.6851428571428572,1.1541797729019954,1.3826302345932124,0.22845046169121708,0.9396428571428571,0.8093571428571429,disagreement
active_round2_candidates-fbcbeb9f501df3cf,fbcbeb9f501df3cf87779efe70fdeae9303f2d3d211e2bdd35e21aff53abf5cf,solvability,0.012254249291018888,0.020111380982483173,0.030685623764474736,0.6861428571428572,0.007004381835761047,0.8667142857142857,-1.9969098349070762,-1.7686711407001614,0.22823869420691478,0.9391428571428572,0.8089714285714287,disagreement
active_round2_candidates-50013a51ed38e26d,50013a51ed38e26d4452fcc88a0a77f9a94582f5f00311eaf20e0c1318995b46,solvability,0.012186486850460029,0.01985596656946858,0.030730415518114777,0.5305714285714286,0.01288033250772177,0.9878571428571429,-0.8025778817598477,-0.574732073069224,0.22784580869062365,0.9385714285714286,0.7950857142857144,disagreement
active_round2_candidates-71ab14bb742efa85,71ab14bb742efa85d8e18de4eb7fa2ef335032918f9900451403524b80b8a23d,solvability,0.012233240007211718,0.020106632760026638,0.030608506426716586,0.6275714285714286,0.0049046356793779975,0.6972142857142857,0.7940572248702731,1.0213669997113792,0.22730977484110615,0.9377857142857143,0.7174714285714286,disagreement
active_round2_candidates-6f9b0a8b52256d56,6f9b0a8b52256d56afd9bc59fcb13712b0e93506dc14a3acea9ea8dc6363b3a3,waiting,0.011850273712766975,0.018864032076676834,0.029060641772648714,0.2810357142857143,0.0012827755491331405,0.10392857142857143,-0.8382589431510769,-0.7393264696916967,0.09893247345938017,0.6507857142857143,0.28414285714285714,coverage
active_round2_candidates-a216845a2d1ccd69,a216845a2d1ccd698cafa308767f3575e6f1838ec9f100033b84210f64230ea6,waiting,0.011850273712766975,0.018864032076676834,0.029060641772648714,0.2810357142857143,0.0009054496682242075,0.04057142857142857,-1.0060097673330748,-0.8877685997811262,0.11824116755194858,0.7233571428571428,0.27331428571428573,coverage
active_round2_candidates-5c3bb3ec2c566837,5c3bb3ec2c566837e20c01b00b274b4aa75a0dbec5ddad650dee88bf87fab2e4,waiting,0.011854865709052968,0.018888768302151273,0.029028784338759727,0.28085714285714286,0.0012247012731131095,0.0955,-1.009484243428164,-0.8493079795043978,0.16017626392376605,0.8192857142857143,0.3144,coverage
active_round2_candidates-6c8700eb64be86e9,6c8700eb64be86e9469ab0357c81daf0b12cca5f84fe5d7483117f07e8d62f0c,waiting,0.011854865709052968,0.018888768302151273,0.029028784338759727,0.28085714285714286,0.001495197123890768,0.13957142857142857,-1.1742171780209554,-1.224171722990763,0.04995454496980756,0.4495,0.2580714285714286,coverage
active_round2_candidates-1a2f87baeed62e1e,1a2f87baeed62e1e0cd2ba22f8c124aaa327cc1221866d59ef47b6d51ff0f58b,waiting,0.011854865709052968,0.018888768302151273,0.029028784338759727,0.28085714285714286,0.0008842616568220683,0.03671428571428571,-1.065897336141178,-1.0761005443136487,0.010203208172470557,0.1727142857142857,0.1615714285714286,coverage
active_round2_candidates-e75c86d556192a27,e75c86d556192a27f741663db19f40c6f0fdf1aa42e0a4b41507f60e40297f56,waiting,0.011838563347667143,0.01879225104504859,0.02910949529755414,0.28017857142857144,0.0027575807450176005,0.3682142857142857,-1.0895604303546893,-0.9167557577199893,0.1728046726347,0.847,0.4287571428571429,coverage
active_round2_candidates-579381c3130f61e1,579381c3130f61e18d1a09c6245ab5b309ee7ee9895942018a008a889dcb6bf6,waiting,0.011838563347667143,0.01879225104504859,0.02910949529755414,0.28017857142857144,0.001256147498210083,0.10014285714285714,-0.9301379713909729,-0.9187178802945019,0.011420091096471019,0.19228571428571428,0.1905857142857143,coverage
active_round2_candidates-6f89e98d94da3b5a,6f89e98d94da3b5a44380e4d33ff6badb3cc631d2de6b2841cde2918c1369559,waiting,0.011843155343953136,0.01880928890100955,0.02907763786366515,0.2795357142857143,0.0009551687649999791,0.04921428571428572,-0.8046922399698798,-0.7813783748228896,0.023313865146990187,0.3212857142857143,0.19575714285714285,coverage
active_round2_candidates-f53ac083ad4f394e,f53ac083ad4f394ed13a4efa2e0a273b6f878809ded30f4674d203961274bd62,waiting,0.011843155343953136,0.01880928890100955,0.02907763786366515,0.2795357142857143,0.0009040196511713253,0.040214285714285716,-1.1013632716680595,-1.0934518154954849,0.007911456172574605,0.13635714285714284,0.15517142857142857,coverage
active_round2_candidates-e0a3a76f8bd87f41,e0a3a76f8bd87f416d0d42ec6adda88b5b8b44b7a2c11455db97b46f1118da1a,waiting,0.011839252160129852,0.018848919851884752,0.028994769050806574,0.2782142857142857,0.0008086029947844841,0.02542857142857143,-1.4858357957364348,-1.4688219339231219,0.01701386181331288,0.26307142857142857,0.17407142857142857,coverage
active_round2_candidates-a4f4e9f230512257,a4f4e9f2305122573f9042c9d883579d0cada207b5efdc33d0ac971b041c8e4d,waiting,0.01184330737338948,0.018891887505912704,0.02893206740737137,0.2779642857142857,0.003302614107774086,0.4682142857142857,-0.7342192375651505,-0.7554028095570459,0.021183571991895356,0.3055,0.35957142857142854,coverage
active_round2_candidates-280addd520089f1d,280addd520089f1d15d7749722525978753ceddd62a9af477edd1a2ac6d1c3e7,waiting,0.01184330737338948,0.018891887505912704,0.02893206740737137,0.2779642857142857,0.0010446346017403978,0.06557142857142857,-1.100704594106808,-1.0956051822438202,0.0050994118629879015,0.08792857142857143,0.155,coverage
active_round2_candidates-a5e89fde93c739f8,a5e89fde93c739f8626e37e2c6e659009a8b0cf53f9483c5d36bcaf964165c7a,waiting,0.011854176896590258,0.018862476772285315,0.02893092144346555,0.27725,0.0023872850088722,0.3007142857142857,-0.7104513437802191,-0.8420862038588135,0.13163486007859437,0.7607142857142857,0.3833285714285714,coverage
active_round2_candidates-9d324aeef1bb0568,9d324aeef1bb056886352c7a81e73176a1fe2cce78d12461e141aac8b05b2ff4,waiting,0.011854176896590258,0.018862476772285315,0.02893092144346555,0.27725,0.0010609737477378478,0.06835714285714285,-0.9261829934416882,-0.924479029167711,0.001703964273977232,0.0285,0.14394285714285715,coverage
active_round2_candidates-05514bf724f5a0db,05514bf724f5a0dbe6d22502d93950d1a777149c309c0ebb909a3eea16120dc8,waiting,0.011847899369675473,0.0188966864569957,0.028900209973482378,0.2769285714285714,0.0022307730417378637,0.2690714285714286,-1.1097758370168003,-1.2703391174448038,0.1605632804280035,0.8200714285714286,0.3824142857142857,coverage
active_round2_candidates-0ba718c2a566050c,0ba718c2a566050c723d0bb5c4e9451fb60bba2c8d5dfc6dd9e73b9cd2516aa2,waiting,0.011847899369675473,0.0188966864569957,0.028900209973482378,0.2769285714285714,0.0018839145502892705,0.20792857142857143,-1.4810491286686274,-1.680814916562373,0.19976578789374555,0.9025714285714286,0.3744571428571429,coverage
active_round2_candidates-9cffed2f3d940cba,9cffed2f3d940cba0fb17c9f0e1163e21fdc7fc73bfc273b82e3ebac3b98446c,waiting,0.011847899369675473,0.0188966864569957,0.028900209973482378,0.2769285714285714,0.0015936877664422184,0.15607142857142858,-1.396223046485618,-1.3949806863742162,0.0012423601114017746,0.020714285714285713,0.17734285714285716,coverage
active_round2_candidates-abe1f959ea6ebcd3,abe1f959ea6ebcd3b14e1ebe339077258e6c0d14b116cbc2b4ebc978c5ce4c14,waiting,0.011870086731139564,0.018861033012140812,0.02890899493888539,0.27632142857142855,0.002620266972524871,0.34235714285714286,-0.7478412649250397,-0.901740974560634,0.1538997096355943,0.8060714285714285,0.4086857142857143,coverage
active_round2_candidates-e43e6de66d6bb4d5,e43e6de66d6bb4d5fe69f7546eb331a072bda63f23450fac52e6960d9d86b611,waiting,0.011870086731139564,0.018861033012140812,0.02890899493888539,0.27632142857142855,0.002557983460635253,0.3317857142857143,-0.6977386642578226,-0.633072987043402,0.06466567721442062,0.5089285714285714,0.34502857142857146,coverage
active_round2_candidates-e74d719a15693956,e74d719a156939569e37655a7f85c2d19cafe54e4fb2c844a8d36ca9d5faafa2,waiting,0.011846370528943688,0.018815745073370763,0.028977772959790142,0.27614285714285713,0.0028094236923802505,0.37792857142857145,-1.1579905712216108,-1.2868035834106233,0.12881301218901253,0.753,0.41222857142857144,coverage
active_round2_candidates-6510ebdfb5e7859f,6510ebdfb5e7859fceebfbc9bbf16b8a23cc1f99230aa03ea71611c760c367fb,waiting,0.011846370528943688,0.018815745073370763,0.028977772959790142,0.27614285714285713,0.0022775930336378365,0.27814285714285714,-1.7584572796079867,-1.5775784071610084,0.1808788724469783,0.8635,0.3944142857142857,coverage
active_round2_candidates-d3fefde534c93606,d3fefde534c936069da834b96fe4b3300079ddeae6891b682a4afea7dc4ced77,waiting,0.011846370528943688,0.018815745073370763,0.028977772959790142,0.27614285714285713,0.001881311606439075,0.20735714285714285,-1.5730234582846518,-1.5060440219914655,0.06697943629318637,0.5174285714285715,0.2968857142857143,coverage
active_round2_candidates-04a0726fff5891da,04a0726fff5891da0f9ac5511e4bd5a2c1ec93b0c129ed07db2698d754a6e0a6,waiting,0.011834660163843855,0.018775803329749912,0.029026626484695568,0.2757857142857143,0.0023848697605389937,0.30028571428571427,-0.9780606853233124,-0.9007784422754934,0.07728224304781894,0.5625714285714286,0.34294285714285716,coverage
active_round2_candidates-ce848cbd0f21f59b,ce848cbd0f21f59bd2508e392815ee9f91c839a97d0cba1caf0f68d6a9f37fa2,waiting,0.011842466531490427,0.018811739321770684,0.028979774968370973,0.2755,0.0037048742976733317,0.5359285714285714,-1.026493726981673,-0.836769467918457,0.189724259063216,0.8815,0.5008714285714286,coverage
active_round2_candidates-ed0fad01cd43e1ce,ed0fad01cd43e1ce30428834b2c6adcac27027a468adb8de42b8cfab074d7be6,waiting,0.011842466531490427,0.018811739321770684,0.028979774968370973,0.2755,0.003957261578054329,0.5727142857142857,-0.9164174832840011,-0.7741565991773054,0.14226088410669568,0.7824285714285715,0.49577142857142864,coverage
active_round2_candidates-c376a29e54c4aa0e,c376a29e54c4aa0ed7874619b7076fe544ef42970d34f317ae81bb9556f6249f,waiting,0.011842466531490427,0.018811739321770684,0.028979774968370973,0.2755,0.0031747564396492852,0.44571428571428573,-0.17451965528292665,-0.441116118316651,0.2665964630337243,0.9681428571428572,0.48211428571428583,coverage
active_round2_candidates-b55a52ff4a6040bf,b55a52ff4a6040bf8d67ee2f10bc4f792e632999075e22839ac016ee3d39fa07,waiting,0.011842466531490427,0.018811739321770684,0.028979774968370973,0.2755,0.002391949009672801,0.30142857142857143,-0.8808134489471203,-0.836769467918457,0.04404398102866336,0.42578571428571427,0.31592857142857145,coverage
active_round2_candidates-1dd5cf69a116cf0c,1dd5cf69a116cf0c8b7483f5646edbab9b41801020b1675ec000778ceb15c990,waiting,0.011842466531490427,0.018811739321770684,0.028979774968370973,0.2755,0.0014024307600540192,0.12542857142857142,-0.8670712680179563,-0.8565494244862029,0.01052184353175345,0.17757142857142857,0.1958857142857143,coverage
active_round2_candidates-47a3daec4c62856d,47a3daec4c62856dea0baa4db98ad06e9c9d62ef365445dea3d2a4a5fc144831,waiting,0.011858768892876253,0.018869761678048005,0.028899064009576564,0.2745714285714286,0.0021548411098224448,0.25542857142857145,-0.5350455968951925,-0.6031166527668925,0.06807105587170004,0.5222142857142857,0.3164428571428572,coverage
active_round2_candidates-610258e0f5e6962b,610258e0f5e6962b0cf738e36ee897ae72f839138dd222cf00fd671a76f61f0a,waiting,0.01187467872742556,0.01885991857168979,0.028877137504996403,0.2730714285714286,0.00305153220882397,0.4228571428571429,-0.714735266027564,-0.5567075862305975,0.15802767979696652,0.8146428571428571,0.4413,coverage
active_round2_candidates-3fb14b78f0c5876b,3fb14b78f0c5876b55a461695a1b7764a76b5e207ce2b6da1633e88ceeb66f58,waiting,0.01187467872742556,0.01885991857168979,0.028877137504996403,0.2730714285714286,0.0020444986980231155,0.23414285714285715,-0.9667454673506585,-1.0764749097616175,0.10972944241095905,0.6941428571428572,0.34171428571428575,coverage
active_round2_candidates-657e4319bcac7a91,657e4319bcac7a91b3b6a27059063e501600bc024e811a18672be1747d5e57d1,waiting,0.01187467872742556,0.01885991857168979,0.028877137504996403,0.2730714285714286,0.0019227481563511243,0.21342857142857144,-1.5161527435415008,-1.4869507088791871,0.029202034662313636,0.35728571428571426,0.2660571428571429,coverage
active_round2_candidates-152e263f403c8ea0,152e263f403c8ea0a8a285e34fd6bbd45273b1c13cc1a8971208ecff6c123dc2,waiting,0.01187467872742556,0.01885991857168979,0.028877137504996403,0.2730714285714286,0.0019318927403926018,0.21542857142857144,-0.9088427429727649,-0.8890430380184348,0.019799704954330144,0.293,0.254,coverage
active_round2_candidates-0fdd31a50b32361c,0fdd31a50b32361c9e943fcadf6e9bbfd2ef4282dccaa1de990da82fb0afd3de,waiting,0.01187467872742556,0.01885991857168979,0.028877137504996403,0.2730714285714286,0.001562882542929627,0.15142857142857144,-1.2055137746709446,-1.2011164786910304,0.004397295979914118,0.07571428571428572,0.18494285714285716,coverage
active_round2_candidates-566c02aae9d9873a,566c02aae9d9873a7b4cc02299668d4aacba17ab8bbb706244b9c506ffb9ab3d,waiting,0.01183618900457564,0.018816139502638867,0.0289490634983878,0.27253571428571427,0.0013723564306187936,0.1195,-1.0404402893637066,-1.014977641020113,0.025462648343593575,0.33685714285714285,0.22418571428571427,coverage
active_round2_candidates-77418da8df5d814a,77418da8df5d814a2b1addb557e387fbedbbea8d8a7789e589f196a58517907c,waiting,0.01183618900457564,0.018816139502638867,0.0289490634983878,0.27253571428571427,0.0014921040099383574,0.13935714285714285,-1.3371113210618863,-1.327051081692708,0.010060239369178436,0.17092857142857143,0.19894285714285714,coverage
active_round2_candidates-145f9ff7f5bcd921,145f9ff7f5bcd92167275d412b9ea6f6a7cb5a0ac2c123463f952a7a24956e13,waiting,0.011839040632119779,0.018818497676717363,0.028940927420041885,0.27235714285714285,0.0017510960040292138,0.18621428571428572,0.419113927790002,0.23601213743444246,0.18310179035555954,0.8682142857142857,0.3570714285714286,coverage
active_round2_candidates-dcd404095a81ff20,dcd404095a81ff20de43602fdc4abee63efd3bc4289f6558e656b32d8c99cfc5,waiting,0.011839040632119779,0.018818497676717363,0.028940927420041885,0.27235714285714285,0.001430009906869518,0.1295,0.1991664254784883,0.31152843855977075,0.11236201308128244,0.7032142857142857,0.3013857142857143,coverage
active_round2_candidates-d56de618386c002e,d56de618386c002e8cd83cfcfc9b8b21648e1f00d19b93e1b35358e9f443768d,waiting,0.011839040632119779,0.018818497676717363,0.028940927420041885,0.27235714285714285,0.001131577054112209,0.0805,0.20338227812853316,0.18688686963035786,0.016495408498175296,0.25742857142857145,0.19262857142857145,coverage
active_round2_candidates-a1347d95f5edbd4e,a1347d95f5edbd4ef662bc1f7deecd90f4d9336ca225f15c3b8ba9039c139d46,waiting,0.01182074021531863,0.018763490184154775,0.029012896086324867,0.2720714285714286,0.0009823982875161925,0.05392857142857143,-2.0076255138450683,-2.012659317019791,0.005033803174722795,0.08642857142857142,0.1476857142857143,coverage
active_round2_candidates-f46d128b467d5651,f46d128b467d56516e6560a3e315a948546693098575e9e7d014338e03a75037,waiting,0.011833761187980203,0.018762635006190236,0.028995949133862765,0.27171428571428574,0.001061089702398244,0.0685,-0.9442109192355513,-0.9469124264619733,0.0027015072264219286,0.046857142857142854,0.14545714285714287,coverage
active_round2_candidates-30b0a34e2ad9d895,30b0a34e2ad9d89545981dad1eb763a48442544f4619ac7fd6d7ddbf9af6c9c1,waiting,0.011819027808375184,0.01877941387887836,0.028990839983228912,0.2715714285714286,0.001391837915691582,0.12357142857142857,-0.14631503271147103,-0.010728019203799455,0.13558701350767158,0.7697857142857143,0.31201428571428574,coverage
active_round2_candidates-95533a7ca4cfe422,95533a7ca4cfe42290771df6a50d19ee158bcb19fbc3f3f285b34beebb943fe5,waiting,0.011834448635833786,0.018772803476572283,0.028972784853930872,0.2704285714285714,0.0004996398413794078,0.0014285714285714286,0.5160720037901273,0.4862623737607543,0.02980963002937298,0.36078571428571427,0.1809,coverage
active_round2_candidates-eea58cadcd2b57f4,eea58cadcd2b57f4e22b82334c48313b084b62a8443934781b619a38da7ced74,waiting,0.011823619804661177,0.018795357634016654,0.02895898254933992,0.2699285714285714,0.0028294097807952307,0.38207142857142856,-0.09759283067704494,-0.26097825553011134,0.1633854248530664,0.8273571428571429,0.4262714285714286,coverage
active_round2_candidates-54f3108ce9d65823,54f3108ce9d65823942aeb3a20490c10d0db6dfc03589e8c55afbc20cc83cb2b,waiting,0.011823619804661177,0.018795357634016654,0.02895898254933992,0.2699285714285714,0.0030628295428048362,0.4253571428571429,0.24903821648506927,0.2250138447127871,0.02402437177228217,0.32671428571428573,0.34345714285714285,coverage
active_round2_candidates-4054383d3e620cdd,4054383d3e620cdd9c1048b885bd9c388180af3c5a43ff617ce2812631345066,waiting,0.011823619804661177,0.018795357634016654,0.02895898254933992,0.2699285714285714,0.0013887973305493073,0.12221428571428572,-0.3175403329885581,-0.18546195440478266,0.13207837858377544,0.7617857142857143,0.3092142857142857,coverage
active_round2_candidates-730c1b516d543945,730c1b516d543945974dea166c8b38f259580d3be6787a8e601b3c7c8a5fbe4d,waiting,0.011823619804661177,0.018795357634016654,0.02895898254933992,0.2699285714285714,0.002878563315701266,0.39221428571428574,-0.6980595390634211,-0.7052292779358031,0.0071697388723820366,0.12492857142857143,0.2898428571428571,coverage
active_round2_candidates-bc274b3a4b5d59e4,bc274b3a4b5d59e494cf77c3f9eca5cab235097b54b2147f3d9b224fac0de34f,waiting,0.011823619804661177,0.018795357634016654,0.02895898254933992,0.2699285714285714,0.0016733845714957999,0.1725,-0.31332448033851334,-0.31010352333419555,0.0032209570043177926,0.05607142857142857,0.18818571428571426,coverage
active_round2_candidates-ef10a7777649634e,ef10a7777649634e90c1e7b5e6faf46aec9869fc6427c90ffe4f17c87ba9ed31,waiting,0.011827330267019948,0.01875376746673091,0.028989780944947308,0.2690714285714286,0.0031725564203761237,0.4452857142857143,0.1428368097548713,-0.14030928028974096,0.2831460900446123,0.9783571428571428,0.4814142857142858,coverage
active_round2_candidates-543e4f40d5135bce,543e4f40d5135bce22765afc256c26f0963f0803aee7edd823640df9e31e75c8,waiting,0.011862968362325728,0.018779748140159532,0.028925991029901826,0.269,0.0022174569631021987,0.2662857142857143,-1.3058245082109297,-1.1959771768232916,0.10984733138763803,0.6945,0.3530142857142857,coverage
active_round2_candidates-ac3fa63b54a0e930,ac3fa63b54a0e9309d8d042c498ab1c536ec972ef4ade3b601c5529780f036e9,waiting,0.011807317443275352,0.01872037373888979,0.029039693508134335,0.26889285714285716,0.0017944109499690897,0.192,0.20345975483112347,0.05720158547770883,0.14625816935341462,0.7915,0.3426571428571429,coverage
active_round2_candidates-1b179352fee422a3,1b179352fee422a32e791ca79718491600f669dc70f42e3718f1e703c7369bce,waiting,0.011807317443275352,0.01872037373888979,0.029039693508134335,0.26889285714285716,0.0015904008949773614,0.15564285714285714,-0.08298745463769475,-0.06743998345170452,0.01554747118599023,0.24821428571428572,0.21945714285714288,coverage
active_round2_candidates-6e802bad529e5ecb,6e802bad529e5ecb95cf58d99b2a26d40b9b9ee45018302032c0225b0bcbe5ad,waiting,0.011843155343953136,0.018852386044369646,0.02886504872162341,0.2679642857142857,0.0022446985149243044,0.2717857142857143,-1.2070374427019492,-1.3503494049948643,0.1433119622929151,0.7851428571428571,0.37292857142857144,coverage
active_round2_candidates-11f1500675aa9981,11f1500675aa9981380ac060f4f65cd955cda09d8ff6bf493c0944b9aa98bf7e,waiting,0.011843155343953136,0.018852386044369646,0.02886504872162341,0.2679642857142857,0.0021992893946678007,0.26307142857142857,-1.4269849450134624,-1.2820119091854099,0.14497303582805254,0.7889285714285714,0.37020000000000003,coverage
active_round2_candidates-1aa27b921f163cf9,1aa27b921f163cf9c9472d84cfe081857bbc0d9eb017ae84757a033f66b4d7ff,waiting,0.011843155343953136,0.018852386044369646,0.02886504872162341,0.2679642857142857,0.0017761003065636307,0.18957142857142859,-0.9748815507583991,-0.9105571665130212,0.0643243842453779,0.5073571428571428,0.28448571428571434,coverage
active_round2_candidates-590a444a3c1f0620,590a444a3c1f0620a19e4c57ec5a2e24c292704658f54bceb24af06a7c39e38d,waiting,0.011843155343953136,0.018852386044369646,0.02886504872162341,0.2679642857142857,0.0009388482731028186,0.045785714285714284,-1.1840007850431316,-1.2820119091854099,0.0980111241422783,0.6459285714285714,0.2546857142857143,coverage
active_round2_candidates-00f4a96e93a63fe5,00f4a96e93a63fe53788feee987172073ce279b8c521ca9ce26f989b76e3087a,waiting,0.011822738270733954,0.018715771636099297,0.029021638378836295,0.2677857142857143,0.0028514758016659606,0.3861428571428571,0.9244978124727327,0.894394351129037,0.03010346134369568,0.3622142857142857,0.3340142857142857,coverage
active_round2_candidates-97fcc1cbdb017e59,97fcc1cbdb017e59802e4df1b02592ce8b8d392974392760cd6aa1f3b4b6caed,waiting,0.011822050822880372,0.01868689315916113,0.029044802658768187,0.26753571428571427,0.0013188463499269356,0.11114285714285714,-0.5884281621136394,-0.6316618064961517,0.043233644382512315,0.42278571428571426,0.23602857142857145,coverage
active_round2_candidates-b034414ad065e0a6,b034414ad065e0a698c3d4351bad7d927109b91efd8d3003634a83a7d0146acc,waiting,0.011822050822880372,0.01868689315916113,0.029044802658768187,0.26753571428571427,0.0012137979424049665,0.09364285714285714,-0.7905215328612062,-0.7801039365855809,0.01041759627562533,0.17635714285714285,0.17974285714285715,coverage
active_round2_candidates-0c8e5e1e6e5a339d,0c8e5e1e6e5a339df35881b841fdf473f5fdbfaad230503d849619163ab068ad,waiting,0.011843996185852187,0.018888847871254152,0.028817341160623806,0.26707142857142857,0.0016959509450728532,0.1762857142857143,-1.780695570553993,-1.7703508048018535,0.010344765752139606,0.17514285714285716,0.2123714285714286,coverage
active_round2_candidates-11b83574681dec4a,11b83574681dec4a2f6019401b9ab080e4bff1914f22caa066029f684a7006ca,waiting,0.011811909439561345,0.018728619124514612,0.02900783607424534,0.2669642857142857,0.001314167634749353,0.11014285714285714,-0.23284341037347764,-0.11753234972327428,0.11531106065020336,0.7132857142857143,0.2935,coverage
active_round2_candidates-1e462456a18563af,1e462456a18563af0eb7ff34f34ecb1b74f3299a1eedb35808cfff432e721444,waiting,0.011811909439561345,0.018728619124514612,0.02900783607424534,0.2669642857142857,0.0013612373619975937,0.11721428571428572,-0.2542127549147817,-0.2421739186526876,0.012038836262094094,0.2002857142857143,0.19372857142857142,coverage
active_round2_candidates-f11d01df37d07bdb,f11d01df37d07bdb48b4d374937e2272e7bf1241d7e8cf16e1ad7588cae078e4,waiting,0.011837664371803487,0.0188400014045109,0.0288662288046796,0.2663214285714286,0.0022686731920159623,0.2765,-1.0008014096599278,-1.0508941389643995,0.05009272930447173,0.45,0.3071285714285715,coverage
active_round2_candidates-cdfa2f9b964ffc02,cdfa2f9b964ffc029404bcf55f5c4e023130a9124d1945ea9604276bac2b3ac0,waiting,0.011837664371803487,0.0188400014045109,0.0288662288046796,0.2663214285714286,0.0013006359847436229,0.10735714285714286,-0.5844731841643547,-0.6552407893625942,0.07076760519823955,0.5334285714285715,0.25615714285714286,coverage
active_round2_candidates-9782d1e22f1028be,9782d1e22f1028be1244cec59bf345065b4fe4f578fbff95ffa69ae299d1a2ac,waiting,0.011809181879655139,0.01881718952800028,0.02891617915493651,0.26603571428571426,0.0015173502495863921,0.14307142857142857,-1.775477231263629,-1.824203632731718,0.04872640146808882,0.444,0.25244285714285714,coverage
active_round2_candidates-99dec9d418ef1400,99dec9d418ef1400199c83753be7ece2933f2678041821327516413c30767cd3,waiting,0.011809181879655139,0.01881718952800028,0.02891617915493651,0.26603571428571426,0.0010463608134157266,0.06592857142857143,-1.930683837577301,-1.9468830790866178,0.016199241509316842,0.2552857142857143,0.18384285714285714,coverage
active_round2_candidates-6cb09075497bcc83,6cb09075497bcc83529973806bb7be7d0bced92a56497cdc941d724b6b3a7aec,waiting,0.011838563347667143,0.018796720841946557,0.0288969061555124,0.26539285714285715,0.002978541267859669,0.4099285714285714,-1.2652859730154957,-1.2121395863460938,0.05314638666940197,0.464,0.36292857142857143,coverage
active_round2_candidates-a227c836c855dc6c,a227c836c855dc6c197246e90ac02528d313925feb0352943b0b4851a0656b69,waiting,0.011838563347667143,0.018796720841946557,0.0288969061555124,0.26539285714285715,0.0034848805371846463,0.5005714285714286,-0.8240700442788159,-0.8164862367442877,0.007583807534528253,0.13107142857142856,0.33259999999999995,coverage
active_round2_candidates-f1ceac0981ceae8a,f1ceac0981ceae8aadc7a6ea3d0dcf4359b093298beeb07a1b49d6fffdac1fa6,waiting,0.011870775543602273,0.01886536692415149,0.028794268692137824,0.2651428571428571,0.0024055999485658175,0.30457142857142855,-1.3809334825701431,-1.4912057212553225,0.11027223868517932,0.6964285714285714,0.3671714285714286,coverage
active_round2_candidates-229066d2d4dc45bb,229066d2d4dc45bbaedce1a5baa05a197f95ae4e0c8660bf92d42e444ddb8a5c,waiting,0.011870775543602273,0.01886536692415149,0.028794268692137824,0.2651428571428571,0.0028676959584629726,0.3892857142857143,-1.6037284796684839,-1.6392768999324367,0.035548420263952885,0.3882857142857143,0.3394285714285714,coverage
active_round2_candidates-5582e5aa70eb8d99,5582e5aa70eb8d993f169135fce0a4eb0595d55536346a035646d930605d2a80,waiting,0.011870775543602273,0.01886536692415149,0.028794268692137824,0.2651428571428571,0.0019825989944032957,0.2235,-1.5899862987393192,-1.576486597118667,0.013499701620652171,0.22107142857142856,0.23967142857142856,coverage
active_round2_candidates-a268c241ede60622,a268c241ede6062299e6ecd4a135a78ec76dd7344b61350523b2fb6686f5f09e,waiting,0.011863436126381513,0.018907603477172522,0.028759108934892558,0.265,0.001868713784757733,0.2042857142857143,-0.2628147098201602,-0.43812200746923313,0.17530729764907294,0.8528571428571429,0.3582857142857143,coverage
active_round2_candidates-510383a799bf90b5,510383a799bf90b52aa91a78736361858390458b138557d58b55b749aecb7b1b,waiting,0.011825954006703655,0.018785303138595406,0.028915082329585024,0.2647857142857143,0.002011495006821779,0.22835714285714287,-0.8220324904388029,-0.8168143659721661,0.005218124466636831,0.09007142857142857,0.21527142857142859,coverage
active_round2_candidates-d99800d12d0a692d,d99800d12d0a692d872a0145d2e464835aedb02e55ba0a1be6b474abbba477c4,waiting,0.011863120391762069,0.018876258463990492,0.028780420573608044,0.26385714285714285,0.001741867333591446,0.18442857142857144,-1.2700365237876847,-1.2599818096872704,0.010054714100414364,0.1707142857142857,0.21345714285714287,coverage
active_round2_candidates-c00d361d7cd44a45,c00d361d7cd44a456d1043ff0ae9d0403b6ecd17b705b2df0e390b934844293c,waiting,0.01185906517850244,0.018817035780628634,0.02884312221704325,0.2637857142857143,0.0010970156371025803,0.07442857142857143,-1.530874573315587,-1.5085569924371587,0.02231758087842839,0.31364285714285717,0.19801428571428573,coverage
active_round2_candidates-68e43eecf6ed9a9a,68e43eecf6ed9a9a70c207bb9d7309afaf34f315dc0878bf9859f73c2da34ddd,waiting,0.011823427083196662,0.01878672228297083,0.02890691213208873,0.2636428571428571,0.0026632761960304545,0.35014285714285714,-0.17132473578215526,-0.07142837631168614,0.09989635947046913,0.6548571428571428,0.3764857142857143,coverage
active_round2_candidates-fcf2d8bee6ffb353,fcf2d8bee6ffb35377bca95ed96971914f6bcb603570328b1b2d9cb2e81c4b99,waiting,0.011839404189566192,0.018827970253997277,0.028849198594512793,0.2635,0.002910451550774944,0.398,-1.1615827286718874,-1.202307313154225,0.04072458448233762,0.41135714285714287,0.3468714285714286,coverage
active_round2_candidates-e4136aceb5af0b7f,e4136aceb5af0b7f57310c92f858720c013a0988a95107e2cc81931a593d19f4,waiting,0.011839404189566192,0.018827970253997277,0.028849198594512793,0.2635,0.001254450756541506,0.0995,-1.40041745410773,-1.4967379844059863,0.09632053029825616,0.6385714285714286,0.2729142857142857,coverage
active_round2_candidates-8a719e739728fecd,8a719e739728fecd0f1b3b8e89d62fb5c8b760f8cad896da7892a23456fbf10d,waiting,0.011839404189566192,0.018827970253997277,0.028849198594512793,0.2635,0.0017456718025659953,0.18507142857142858,-1.3127992385787266,-1.3482958543165569,0.03549661573783025,0.38785714285714284,0.257,coverage
active_round2_candidates-e36c1b3c1fdd39d6,e36c1b3c1fdd39d6b8b32867914de073650873baf4169ac13e56d7b0f57020cd,waiting,0.01185884413009552,0.01886594717456814,0.028790966368781545,0.2633214285714286,0.000934661305001773,0.045142857142857144,-0.5066222966061147,-0.4565397586601537,0.05008253794596096,0.44992857142857146,0.2133714285714286,coverage
active_round2_candidates-22c71ff21d27b9c4,22c71ff21d27b9c47da109f580d6fe0f9843aedf2d8b0bd7a901bc90e0b8ce0e,waiting,0.01177260549846389,0.01854203552766233,0.028514123009422455,0.040035714285714286,0.006964195162942015,0.8645714285714285,0.27609912990646857,0.25331338169716844,0.022785748209300127,0.317,0.42524285714285714,information
active_round2_candidates-a986dc8c76d7e559,a986dc8c76d7e5591504dbf6891cd1be5b0eed049735b1c549aebdda0fe57f76,waiting,0.011813281820311893,0.01871808441646359,0.028395371668551515,0.06496428571428571,0.006078569448837684,0.8067142857142857,1.2399882922037184,1.4501809185644805,0.21019262636076208,0.9184285714285715,0.5323571428571429,information
active_round2_candidates-c120e18807f0c64a,c120e18807f0c64a1142d31dfaf2086a7f07650b078da2d62212e7b94cf7954f,waiting,0.011815561767955512,0.018663052118825983,0.02853507127393684,0.09646428571428571,0.006022258037834203,0.8020714285714285,-0.6934678731064067,-0.6658941198271373,0.027573753279269364,0.3487857142857143,0.4291714285714286,information
active_round2_candidates-8de35c6e44bb481d,8de35c6e44bb481d3b699f646c1fc640ac3cc337cbe3edc84d33b4eea07483ee,waiting,0.011866456848515157,0.018741954580029297,0.0284481859206961,0.11542857142857142,0.005691407665190701,0.7775,-1.4678007689981016,-1.6261217361166134,0.15832096711851174,0.8155,0.5202714285714286,information
active_round2_candidates-41e81ed1aaa445c0,41e81ed1aaa445c0ee13555a8184d050132fb8264c2fd3ffc0a2161533353071,waiting,0.011866456848515157,0.018741954580029297,0.0284481859206961,0.11542857142857142,0.005664597125149701,0.7756428571428572,-1.6026897180141682,-1.5545873509470713,0.04810236706709681,0.4417857142857143,0.44478571428571434,information
active_round2_candidates-702bb3ceaf4c006c,702bb3ceaf4c006c6bb005387c5ee9a9e1705552b4381a432ff771de5b5dab7d,waiting,0.011809378636488607,0.018669482001211372,0.02831250285569294,0.03275,0.005653514694875921,0.7745,1.0808283678965345,1.2607409250153154,0.17991255711878096,0.8616428571428572,0.49522857142857146,information
active_round2_candidates-f8d36856dd2e753a,f8d36856dd2e753aac544ca0bc0e412cd7773aaa5ac02169a91e116337c0cbb4,waiting,0.01180014094049691,0.018637406787990123,0.02855312640323488,0.08667857142857142,0.005603174750694831,0.7700714285714285,-1.1468698707375877,-1.1628845127916905,0.016014642054102746,0.25285714285714284,0.3932714285714286,information
active_round2_candidates-30c3a2e0b0bd7c47,30c3a2e0b0bd7c4756ada80dfbc5ba8150323121bb9fbb2ab56980ea53881258,waiting,0.011838840826747774,0.018821468365650563,0.028839193149465585,0.26007142857142856,0.005448519858596303,0.7552142857142857,0.5054136550944499,0.2897392949689379,0.215674360125512,0.9267142857142857,0.5914571428571429,information
active_round2_candidates-159350f83b95c4b4,159350f83b95c4b44262af6dffd2fbd7c48e31b73f43419ee7a8596fd1ab4319,waiting,0.01181741670133568,0.01863169286716298,0.028479865975917663,0.066,0.00531071265825784,0.7417142857142857,-0.06639576121447158,-0.08518570329290712,0.01878994207843554,0.2825,0.37958571428571425,information
active_round2_candidates-305334b5ab2ff275,305334b5ab2ff27504e5e1838aaa6e3f898d3309a05fd85c0fe2e32f833ccf98,waiting,0.011839116420318194,0.01879920459538206,0.02861354949182886,0.19467857142857142,0.005310117334136793,0.7415714285714285,-0.6960642118306347,-0.6631292754244444,0.032934936406190274,0.3762142857142857,0.44974285714285717,information
active_round2_candidates-68caf2e26f8b1a25,68caf2e26f8b1a254148f0d5a1cda89ea8fa08442cea11c305a61fba90bb7cbe,waiting,0.011820363927642453,0.018716238866206138,0.02864861743762822,0.16942857142857143,0.005268810751211633,0.7374285714285714,-0.679394925261828,-0.6376995736596662,0.041695351602161757,0.41564285714285715,0.44587142857142864,information
active_round2_candidates-46a889bfb4acaa7e,46a889bfb4acaa7e74d74fa2ab9e53673d72a7a846547830d78918a32f29e21e,waiting,0.011832563299832987,0.018732578698010597,0.02859589253744067,0.15825,0.005156746445601045,0.7256428571428571,-0.28603221864483963,-0.3143990740126599,0.028366855367820243,0.352,0.4239571428571429,information
active_round2_candidates-4ed87aaa637b914b,4ed87aaa637b914bad499e0a7eaf22dd33e377880ea5bce0601762c2a56a5775,waiting,0.011794708102311867,0.01873314077683098,0.028845280540165212,0.23475,0.0051346738953766385,0.7232142857142857,-0.13430443264924155,0.0542434874383777,0.18854792008761925,0.8789285714285714,0.5589714285714286,information
active_round2_candidates-603673bca040ee0c,603673bca040ee0c2d844e512e33b44339e304624495dd309f5a83950215dba0,waiting,0.011799259406569687,0.018625511167083737,0.02861578223273125,0.10982142857142857,0.0051233630849222885,0.7222857142857143,-0.3998260865697222,-0.24366562910040082,0.15616045746932136,0.8105,0.4949428571428572,information
active_round2_candidates-dee231a3b5b2d251,dee231a3b5b2d2514146149caa4336094b4bebb6e196d296c91b874d7887c279,waiting,0.011827603568218825,0.018710872601043364,0.028399251597574855,0.06817857142857142,0.00509325008504672,0.7183571428571428,-1.055049343227452,-1.0217789381080176,0.033270405119434354,0.3775,0.3901142857142857,information
active_round2_candidates-c97d11b4dc6c84cc,c97d11b4dc6c84ccc4d785dce26eae5bf5001c53d4694a47f20e407b373d6658,waiting,0.011819675115179742,0.018696877826572592,0.028763343684375785,0.20539285714285715,0.0050825788493561895,0.7169285714285715,-0.12369710091636563,0.09196943081319894,0.21566653172956457,0.9266428571428571,0.5542571428571429,information
active_round2_candidates-f08a2593223b2ce8,f08a2593223b2ce8cacd2c54a5e74cdbdf87c64daa1ad88c7153ecba3ea5f0ff,waiting,0.01177260549846389,0.01854203552766233,0.028514123009422455,0.040035714285714286,0.005081264615317542,0.7168571428571429,0.5933135751454659,0.7236700697815526,0.13035649463608667,0.7571428571428571,0.4541857142857143,information
active_round2_candidates-178c6afe798aa6ec,178c6afe798aa6ecc083ce9d50e194166c130548fca30b5e01710e412de18679,waiting,0.011771916686001183,0.018598549891283737,0.02862884925617002,0.089,0.005052599463580678,0.713,1.3042180058046002,1.37863573577184,0.07441772996723972,0.5496428571428571,0.43072857142857146,information
active_round2_candidates-50b6eb3d5015c148,50b6eb3d5015c1489c4f5adc4e2d47c4aa91326b5e4854bef7a8fa32ca06de54,waiting,0.01182968371049044,0.018723616046188978,0.028649806074425622,0.17635714285714285,0.005052167479793808,0.7128571428571429,-1.9803332521513957,-2.016954867698255,0.0366216155468595,0.39271428571428574,0.4342285714285714,information
active_round2_candidates-72a600eab86a6c76,72a600eab86a6c768764c7e85abc13e116a887f3d040c50212f981db40bd46e4,waiting,0.011822801408531886,0.018669586906209863,0.028285705433883472,0.03067857142857143,0.005036303028028702,0.7113571428571429,-1.0691222910720308,-1.0499734842754889,0.01914880679654196,0.2869285714285714,0.35419999999999996,information
active_round2_candidates-3cfda3b3f71038b7,3cfda3b3f71038b75f6269e9f619ca33947d07593a46cef4d5eabb639b3bbc70,waiting,0.011811091043432054,0.018678955770185666,0.028334558958788898,0.038535714285714284,0.004998092240243213,0.7073571428571429,-0.9467058048124336,-0.9820438795939805,0.035338074781546935,0.3871428571428571,0.3757857142857143,information
active_round2_candidates-66c640a6c48d9703,66c640a6c48d9703830597c0611c73180a5d08a349d64d610797f1c6218b6b3f,waiting,0.011795548944210917,0.0186387936212226,0.028584983837123868,0.0985,0.004996052338824404,0.707,-0.6402557270016385,-0.5600426331268391,0.08021309387479936,0.5734285714285714,0.43688571428571427,information
active_round2_candidates-61b0f6992010d093,61b0f6992010d093b21f72e596db662634afadadcb43e247b5fcdbd499d52403,waiting,0.011908388709896066,0.01887450462167512,0.028417222656806372,0.17557142857142857,0.004946243934661769,0.7016428571428571,-0.042922108891985306,-0.31518151531497296,0.2722594064229876,0.9719285714285715,0.5452714285714286,information
active_round2_candidates-2e7564a7af68f062,2e7564a7af68f062637489ff981aca9ce84f68851756518c4755673809d36ef2,waiting,0.01184386044604053,0.018826120841291163,0.028436121601646085,0.1322142857142857,0.00488313811532061,0.6952142857142857,-0.927619225812328,-0.9646581463031758,0.03703892049084778,0.3949285714285714,0.40995714285714285,information
active_round2_candidates-e735dfaae52d6335,e735dfaae52d6335348bedd1819565644f4e66dcbaae416f82d41ab37bea6379,waiting,0.011844527724703685,0.01874459119873645,0.02846517345797132,0.11517857142857142,0.004879877374813259,0.6946428571428571,0.466933865304792,0.6600478278897709,0.19311396258497893,0.8884285714285715,0.5016142857142858,information
active_round2_candidates-6966f45855a30ca9,6966f45855a30ca93434afb19d59ee794ee3eccc0445d7aba84d4df132459787,waiting,0.011826642819166365,0.018778611588192176,0.02880035608283746,0.24239285714285713,0.0048776374773312646,0.6944285714285714,-1.762465373509172,-1.7126335387557567,0.04983183475341524,0.4487857142857143,0.4644857142857143,information
active_round2_candidates-5470d71e2375193b,5470d71e2375193b1c36eff8673bfacb5bfe86488699af0b70be909e33eab568,waiting,0.011859126951691248,0.01871855874868249,0.028198751238906104,0.030357142857142857,0.004868659531390708,0.6925,-1.1591998462303374,-1.1294436013035627,0.029756244926774755,0.36028571428571426,0.3612,information
active_round2_candidates-dd3ee0f9dddf4073,dd3ee0f9dddf40739e56afe7d5b321d5a2eea1fc1d993632980f6fb9eca7e7d4,waiting,0.011812061468997688,0.018762924929867444,0.02886226561795156,0.24975,0.0048630745975687464,0.6917857142857143,0.3147043832797761,0.09587508728575181,0.21882929599402431,0.9298571428571428,0.5625857142857142,information
active_round2_candidates-62acc6f24697a7ae,62acc6f24697a7ae92e1495dc14d30022b66719bcd2cf302ff932325896fc82e,waiting,0.011839957262217246,0.018789487489800322,0.028353252788787513,0.08257142857142857,0.00480133295968404,0.6838571428571428,-1.3120917498807034,-1.3400282647308126,0.027936514850109173,0.3502142857142857,0.3766142857142857,information
active_round2_candidates-0075b518624dab01,0075b518624dab01521215113bc253b57bb41ebfffb8a873ffa3873a31050cce,waiting,0.011829106897245083,0.01877745115970432,0.02848322858726936,0.12707142857142859,0.004799355023963014,0.6835714285714286,-0.12386898301660526,0.10191262875712917,0.22578161177373443,0.9367857142857143,0.5116142857142858,information
active_round2_candidates-4197dbc3277880b5,4197dbc3277880b558a84afce80594a2dae2cbb5571133593a072107fdfeb855,waiting,0.011858103357210511,0.018790393222417417,0.02827455803110432,0.06339285714285714,0.004751739066562239,0.6784285714285714,0.7371123488307157,0.4615331011270979,0.27557924770361786,0.9742857142857143,0.4915857142857143,information
active_round2_candidates-a869ddd0fe7cb8b9,a869ddd0fe7cb8b9827b427198f86e42b191ca7d989ccae0401628253f7dc56d,waiting,0.011889349261602301,0.018832839419668856,0.028344359820524127,0.11964285714285715,0.004748831601852647,0.6780714285714285,0.7021706386098606,0.6497898513463403,0.052380787263520356,0.46064285714285713,0.41121428571428575,information
active_round2_candidates-0f9ded4cf4415d7e,0f9ded4cf4415d7e5e58684628db60b29c507cb12e2fa3922818491f0ea782ed,waiting,0.011841506074807622,0.018767779460340805,0.028319648815616372,0.06592857142857143,0.004721318527253981,0.6749285714285714,-0.47360066785828536,-0.6956859803972443,0.2220853125389589,0.9334285714285714,0.4830285714285714,information
active_round2_candidates-b724592ef816508d,b724592ef816508d54df533e75f4840052547a7b19ee4739ba0a7050844ff84b,waiting,0.011785550986054532,0.01859136841472474,0.02865589346512525,0.10689285714285714,0.0047117993653166225,0.6737857142857143,-2.771267849801925,-2.6986087563837824,0.0726590934181428,0.5418571428571428,0.4206428571428572,information
active_round2_candidates-2f807ebfd87a1359,2f807ebfd87a1359099a03369dbac4d4ba35ae9a136118995469673d7a65e962,waiting,0.011812614541648742,0.01868889101383059,0.02836631981222628,0.04939285714285714,0.004679889028104175,0.6708571428571428,0.254920134399812,0.2886389428145508,0.03371880841473884,0.3802142857142857,0.36414285714285716,information
active_round2_candidates-e4a29c1b326efd77,e4a29c1b326efd771e948dac5d7dfc9ae2e824114081cb6d0efcc6dbb85c3ecc,waiting,0.01181967647978887,0.0187435666492571,0.02867178171756011,0.18875,0.004660663228137549,0.6684285714285715,-1.9349086620671336,-1.94623280495298,0.011324142885846378,0.1905,0.3809714285714286,information
active_round2_candidates-eee0c55a4b61efb7,eee0c55a4b61efb78179baf12d27993639c9382572b9a781715b663cfb8d172d,waiting,0.011838921406482137,0.018684326923940394,0.02840918252688368,0.06682142857142857,0.004659225312039965,0.6678571428571428,-0.656540680443673,-0.5280193780813756,0.12852130236229742,0.7522142857142857,0.4443142857142857,information
active_round2_candidates-565f31f4e67ac38c,565f31f4e67ac38c1c241d49e6c3eff549c66f81cafd993575e87787fa64810b,waiting,0.011824383040713175,0.01869836432107364,0.02860844034119501,0.14392857142857143,0.004640979191690825,0.6644285714285715,0.1693522881793551,0.14841356290431587,0.020938725275039233,0.30392857142857144,0.38412857142857143,information
active_round2_candidates-2c7d5a09602f77e9,2c7d5a09602f77e94666386cd383749e406c01b7dd03ba1e6a4bf4ad6c974b5a,waiting,0.011835290028711986,0.018792918512721503,0.02870579700551326,0.22364285714285714,0.004639684885546149,0.6641428571428571,-1.6728526242583555,-1.6387922912068515,0.03406033305150391,0.38207142857142856,0.43152857142857143,information
active_round2_candidates-f262c46440b007ff,f262c46440b007ffd640de696d1cb9a5c8ede3b2b56fa819a0f57a57e13e0cd1,waiting,0.01181898766732616,0.018785825722661114,0.02878650796430767,0.23942857142857144,0.004633450256738549,0.6638571428571428,-1.0438219942628093,-0.9680208068604916,0.07580118740231767,0.5552142857142857,0.4723571428571428,information
active_round2_candidates-4376f5e1031db610,4376f5e1031db61049af9016430da8dd3f0b0df2f9968111540c3cdd4622fb37,waiting,0.011863241663524603,0.01878702096295702,0.028335461682529373,0.08471428571428571,0.004632313274842816,0.6637142857142857,-2.128556552568067,-2.007763094154476,0.12079345841359101,0.7316428571428572,0.4457,information
active_round2_candidates-7d9c772545d8a28c,7d9c772545d8a28c783b1761a1a2e66c2e94789fa849f4c81299a0628ef21aeb,waiting,0.011861040249490456,0.01871221735465417,0.028529866096757277,0.13185714285714287,0.004614481609996128,0.6616428571428571,0.3477989978712872,0.5591679632076456,0.2113689653363584,0.9204285714285714,0.5014857142857143,information
active_round2_candidates-fb33105007cfb199,fb33105007cfb1992de2c1e9a9e68038e7c6e955a8af938b71b4bd0bbab42595,waiting,0.011800398930297861,0.018707954428854288,0.028629518673282988,0.14664285714285713,0.00460894429945658,0.6610714285714285,-1.371989428306826,-1.1601082862220142,0.21188114208481168,0.9213571428571429,0.5073571428571428,information
active_round2_candidates-3b12da9514c57dae,3b12da9514c57daeec3ef8b6a3fbc07ef98c59c646affe9542b4fe9245faf5b0,waiting,0.011849123651019765,0.01880454939878466,0.028591573848694367,0.19257142857142856,0.004596377639882852,0.6596428571428572,-0.6781840410790311,-0.73385133816972,0.05566729709068896,0.474,0.43568571428571434,information
active_round2_candidates-658f003678d6e321,658f003678d6e32190c9d751ffdc6dc2b1151169671b6d0a6dc876e82afd2565,waiting,0.011852003240362313,0.018855236370531533,0.02853766031170942,0.19242857142857142,0.004587331501227891,0.6587142857142857,1.0161169924275248,0.9687044555158754,0.04741253691164948,0.43864285714285717,0.4281857142857143,information
active_round2_candidates-2359ed05a4540159,2359ed05a4540159e952aa7cefdbbc995b3669d30c22eecc7254a90922cbdf13,waiting,0.011842824590305421,0.018686907915302964,0.028279462197700517,0.035821428571428574,0.0045802824434467825,0.6578571428571428,-0.8547667306751681,-0.6460703044087381,0.20869642626642992,0.9158571428571428,0.46064285714285713,information
active_round2_candidates-77243a0f5900b724,77243a0f5900b724c5e79fa2027a24ad05b0f5940ac3d272a77ff9c8920fb9c4,waiting,0.011802515283588413,0.018697178110797914,0.028713558202401214,0.17946428571428572,0.004544477991335331,0.6532142857142857,-0.4045076776078116,-0.3264433669296156,0.07806431067819597,0.565,0.44607142857142856,information
active_round2_candidates-d026137e5a061b6e,d026137e5a061b6e3340e188ba9d2f153ce69025e1b2beb24ef24df58d87979a,waiting,0.01188640203529553,0.01884132591163076,0.02796301921677183,0.017285714285714286,0.0045334524675498785,0.6517142857142857,0.930459221125993,0.8396914236471255,0.09076779747886754,0.6157857142857143,0.39075714285714286,information
active_round2_candidates-bbee71421e1777ea,bbee71421e1777ead39b8c8d845e668252e202b5fdf6edbf384e2924e09f12e1,waiting,0.011838353184266197,0.01880916893561374,0.028751502557932036,0.24071428571428571,0.004520782425625902,0.6493571428571429,-1.8215770989329039,-1.780563143437265,0.0410139554956388,0.4129285714285714,0.43861428571428573,information
active_round2_candidates-0e94df90aebe00d3,0e94df90aebe00d3a2bddb0d513fe0bc123388ad18797708a4207b437d203e4b,waiting,0.01178431586356372,0.01854617034550406,0.028465269484517032,0.033607142857142856,0.004507431265415201,0.6469285714285714,0.5246755214426144,0.48612642735009515,0.038549094092519276,0.4022857142857143,0.35267142857142864,information
active_round2_candidates-1bda9c2e89ee390b,1bda9c2e89ee390ba88cbe6f4e90717ee61800fba7a2a56d38fe748f58c62cf2,waiting,0.011785549621445405,0.0186481471439039,0.028747455431940926,0.1672142857142857,0.004505161318960359,0.6465714285714286,-0.8967515278152928,-0.6981636598615107,0.19858786795378203,0.9001428571428571,0.5055428571428571,information
active_round2_candidates-9c7a5c6d40fe1c70,9c7a5c6d40fe1c70b782f9ad8363407bc6d13e04b5495a7c54833c0c61a58355,waiting,0.011781646437622119,0.018592680596294507,0.02866458661908235,0.10925,0.004502174123106689,0.6463571428571429,-1.3553201417380192,-1.1346785844572356,0.2206415572807836,0.9320714285714286,0.4886571428571429,information
active_round2_candidates-227ca4e99faf080b,227ca4e99faf080b59a9df59bd8b8cc569c8cb015d63f3e0ebc84f4835a04910,waiting,0.011820363927642453,0.018716238866206138,0.02864861743762822,0.16942857142857143,0.004499070847918018,0.6458571428571429,-0.45408232550063765,-0.3369569233252312,0.11712540217540646,0.7195714285714285,0.47002857142857146,information
active_round2_candidates-48e2bb490efbb036,48e2bb490efbb03600b2e091d074148c35eef77deb630d742139a174dbe9cd42,waiting,0.011788612776999614,0.01859976218161084,0.028793160984359696,0.16764285714285715,0.004494528404950394,0.6450714285714285,-0.8942594925830016,-0.7151491933815404,0.17911029920146126,0.8604285714285714,0.4971714285714286,information
active_round2_candidates-6cf2f635b1a428de,6cf2f635b1a428dee025d611028989ccad664e8b93961823fc0742f3114a223e,waiting,0.011876950084039762,0.018731162790612658,0.028295350450135377,0.058,0.004477638561153524,0.6432142857142857,-0.08171230377624086,0.14406278626597152,0.22577509004221238,0.9367142857142857,0.4678285714285714,information
active_round2_candidates-b6ade9b19562d92e,b6ade9b19562d92ef8035a31a3e28f476d4fb6fc67be6927897198141f6d6aca,waiting,0.011811697911551273,0.018674162546934645,0.02874140530143891,0.18546428571428572,0.004474823691161751,0.6429285714285714,0.9939423044574338,0.7546181031264831,0.23932420133095067,0.9484285714285714,0.5210428571428571,information
active_round2_candidates-eee371d9b5b61a34,eee371d9b5b61a34f4abb00dd22249c5504ed1b1e2c64e9710d8b7efb7de9bb8,waiting,0.011858018599594393,0.01875789963779205,0.02838434145440233,0.08928571428571429,0.004452449979152832,0.6409285714285714,-0.7204125495290875,-0.7354210389112813,0.01500848938219379,0.24121428571428571,0.3403285714285714,information
active_round2_candidates-9bb2e39b5cd3c20a,9bb2e39b5cd3c20ab187fff715d7d59968e74612735e7ff7910529943602d182,waiting,0.011912980706182059,0.018887714860889415,0.028385365222917385,0.16992857142857143,0.004430602409000688,0.6383571428571428,-0.21414740916907202,-0.31035049967171113,0.09620309050263912,0.6378571428571429,0.45088571428571433,information
active_round2_candidates-e6f4eb0066c62d7b,e6f4eb0066c62d7b317a3c992767f51afe5348069b99a93cc36c098464f77990,waiting,0.011786238433908112,0.018611107470819115,0.028632729185193363,0.10532142857142857,0.004424304952018726,0.6374285714285715,-1.3012328422539152,-1.188234820168029,0.11299802208588616,0.7050714285714286,0.4381142857142858,information
active_round2_candidates-84ef41f054e614d4,84ef41f054e614d470e7f6565dd6042e6a81c1504858f117766606b0ae73c414,waiting,0.01179309780890234,0.01857789324181999,0.02846202485345629,0.04121428571428572,0.004421184915499487,0.6370714285714286,-0.3068883721513851,-0.20006440267360484,0.10682396947778025,0.683,0.4079142857142858,information
active_round2_candidates-7ddcfb617b95a173,7ddcfb617b95a17364ee55152337038e43d3b603814727f37ff1067b48b31841,waiting,0.011769037096658632,0.018608470558106733,0.02868276279315497,0.1175,0.004416205010746254,0.6365,-0.11360003355806772,-0.1379899330352832,0.024389899477215482,0.32971428571428574,0.3675428571428571,information
active_round2_candidates-ffb269677a38c270,ffb269677a38c270ba9a5ba5a18fdf87d3e3bc3ba5ce74c7835c8ca20865de78,waiting,0.011788219047387008,0.018590318102883686,0.028548138297375607,0.06478571428571428,0.004415634907938653,0.6362142857142857,1.3503639742476694,1.5014672716120654,0.15110329736439598,0.8011428571428572,0.4406285714285715,information
active_round2_candidates-0984ed28513eb7fb,0984ed28513eb7fb8662a8668b3a124f7ce18be441fc4a7842b65c3bd9e4ac69,waiting,0.011784862173591822,0.018690028200847083,0.028770619711872815,0.19271428571428573,0.00440971353400683,0.6353571428571428,-1.8909725110160869,-1.8192987037032897,0.07167380731279716,0.5376428571428571,0.4387571428571429,information
active_round2_candidates-f68678b52e6856c0,f68678b52e6856c0814c52b74482f1d3c40845e0529e34e68f6d546c2db5cb54,waiting,0.011804119361539462,0.018616979758525658,0.0283153084332567,0.024464285714285713,0.004388831780987208,0.6330714285714286,0.5184928736820842,0.4471319926374909,0.07136088104459326,0.5362142857142858,0.3702571428571429,information
active_round2_candidates-6d462f023edc4dff,6d462f023edc4dff8aac2cc986dbd436b7a17028554f12cd1575b69ab610d732,waiting,0.011867220084567155,0.018817453248051327,0.028310232854592932,0.08792857142857143,0.004372357259765981,0.6311428571428571,-0.4138720700760341,-0.4371534829342505,0.023281412858216388,0.32071428571428573,0.3517714285714286,information
active_round2_candidates-4040c9630f109add,4040c9630f109add25fee2db676dc3a75f74a3c55e7cd15b66d79d35f9d99f95,waiting,0.011820164122270448,0.018696964789315405,0.028546883167051916,0.11882142857142858,0.004369279434435884,0.6307142857142857,-0.734526317572079,-0.5715831454734044,0.1629431720986746,0.8257142857142857,0.46495714285714285,information
active_round2_candidates-ccb90f33cc56bb37,ccb90f33cc56bb3746f128fac83e247da4ab5d746a7b14e806cbd628f4480317,waiting,0.011867787625267329,0.01882079299417766,0.0284278763568823,0.13689285714285715,0.004364414527049951,0.6299285714285714,-0.2800287975108684,-0.49637384159504416,0.21634504408417576,0.9275,0.49222857142857146,information
active_round2_candidates-f0efd5769f067525,f0efd5769f067525378438c56457babfa21cb6b41b01a387fde1c575aa5b4378,waiting,0.011799259406569687,0.018623287895367647,0.028828371374772992,0.19410714285714287,0.004352456179739737,0.6289285714285714,0.1936638167486332,0.31090022182268673,0.11723640507405353,0.72,0.4732142857142857,information
active_round2_candidates-6daed923742b6640,6daed923742b664055e09c17c8dd08dc4b0323eeebd82c9d21203dc24cdb371e,waiting,0.011808711357825455,0.018632513002423128,0.028283450999367705,0.023214285714285715,0.004324310035553872,0.625,-0.16027100575675332,-0.0540126277311207,0.10625837802563262,0.6807142857142857,0.39542857142857146,information
active_round2_candidates-222b8932e1f3195f,222b8932e1f3195ff1eadc2d441f2302b986decf1822596446e7208a2b8dc080,waiting,0.011888871977149664,0.018799733922124338,0.028512927698036383,0.1760357142857143,0.00429813540487776,0.622,-0.6964274758371588,-0.635379849422765,0.06104762641439376,0.494,0.4180142857142857,information
active_round2_candidates-23edfdb36313b635,23edfdb36313b6359b8feae9b2271ba77721d7f2c8c7a46942fdbd9686d36338,waiting,0.01180145945599471,0.01861060796214046,0.028512939785319026,0.06417857142857143,0.004283884472901106,0.6197142857142857,-1.06497007585831,-0.925870649351649,0.13909942650666107,0.7766428571428572,0.4288857142857143,information
active_round2_candidates-378218efd999fba3,378218efd999fba3bea74496a506b2285e7d32f5492d8c6a1f3505f34e851583,waiting,0.01182979570970779,0.018778152950109928,0.028368502340521795,0.07985714285714286,0.004278773799500454,0.619,-0.28087320306733976,-0.22573718344080654,0.05513601962653322,0.47185714285714286,0.37391428571428575,information
active_round2_candidates-d7ad99748df163b2,d7ad99748df163b25ffca372244d05a7844cd4255cb155b9ace62d81e56702a1,waiting,0.011822738270733954,0.01867895566072655,0.028809049236794552,0.21664285714285714,0.004273895513126028,0.6182857142857143,0.06296726786794812,0.19874157220240893,0.1357743043344608,0.7702142857142857,0.48801428571428573,information
active_round2_candidates-9750e0fde714fc2b,9750e0fde714fc2bc2ecbf0b78039e914e17fd6a3a97e5d7d8c93ae08e93f419,waiting,0.01191695912722461,0.018919820024126677,0.028147547252939203,0.08382142857142857,0.00427060275389045,0.6178571428571429,0.6390065287181769,0.3589526295887031,0.28005389912947376,0.9768571428571429,0.47604285714285716,information
active_round2_candidates-82163f043b7a1f5b,82163f043b7a1f5be824bdea911956e37ece26ca8221b8ba66c287ef7b32ab5e,waiting,0.011875027265843701,0.01878033420502529,0.02817851051682893,0.04171428571428572,0.004210068740721276,0.6092857142857143,-1.0116850180754868,-0.9519875912129381,0.05969742686254875,0.4887142857142857,0.35814285714285715,information
active_round2_candidates-ee889eeda43f4153,ee889eeda43f415378f0e5a6d6adcc6958a211410c8f7ebfbad83d41423e8ce1,waiting,0.011863030135514532,0.018732344508237627,0.028281620051764676,0.05089285714285714,0.004201415241650622,0.6083571428571428,-0.7747273221619628,-0.754073482875926,0.020653839286036813,0.3008571428571429,0.3238714285714286,information
active_round2_candidates-516aba1a445f96e7,516aba1a445f96e759954547595f8b2084c343a42d919236bb036ce3361e9508,waiting,0.011793021207073946,0.018575162708449902,0.02866168446106699,0.10514285714285715,0.004195105226014078,0.6075,0.7376619368831601,0.6878503870227635,0.0498115498603966,0.44871428571428573,0.3748,information
active_round2_candidates-4661c20fb4252c5b,4661c20fb4252c5bedf901b69533940d13faf558b9cbc7be376776291094f7c2,waiting,0.011792333759220366,0.018624155113730077,0.028684848740998876,0.13117857142857142,0.0041829790575468465,0.6062857142857143,-0.46668140553944804,-0.6206828442705509,0.15400143873110284,0.8064285714285714,0.45627142857142855,information
active_round2_candidates-7f3a51678dbdebd1,7f3a51678dbdebd16c7a22690364340e1e94086970104b86a62a28b9ccefa124,waiting,0.011834034489179081,0.018699349669250187,0.02840541978649031,0.06853571428571428,0.004145375350170634,0.6017142857142858,-1.4495454594828447,-1.4623594135573335,0.01281395407448871,0.21164285714285713,0.31042857142857144,information
active_round2_candidates-f5855dace8918e1b,f5855dace8918e1b65800d6f26146a0e9f942db26cdcfd3e86fbd81529c57f94,waiting,0.011807794727727989,0.0186569626507251,0.028658536488580338,0.14035714285714285,0.004144672565888867,0.6016428571428571,0.6797807589204073,0.781267176973776,0.10148641805336867,0.6614285714285715,0.4290857142857143,information
active_round2_candidates-6a748700f6467d46,6a748700f6467d4680988398de98c2d4279e5142aa69c00800ca91316b15ecc0,waiting,0.011784499429775384,0.01855766279101139,0.02877747771596249,0.1392142857142857,0.0026099452291440143,0.3407857142857143,-1.1028591789113604,-1.3951518417276467,0.2922926628162863,0.9817857142857143,0.38835714285714285,disagreement
active_round2_candidates-e20e584d920ecc64,e20e584d920ecc648083184e5fbea2d42aa9dec786bc9c95223d288fcfa621a6,waiting,0.01184938767967346,0.01881854122675226,0.028164699658496765,0.040928571428571425,0.003656812149922804,0.5282142857142857,1.5762346006297616,1.289700643459575,0.2865339571701866,0.9796428571428571,0.42358571428571434,disagreement
active_round2_candidates-d22f2fb78ecfc354,d22f2fb78ecfc354115603292169d8f25e593b517aaa4af955cb9cf270650e8d,waiting,0.01180353887806915,0.01873489569609938,0.02885034055224474,0.23867857142857143,0.0033410795398021668,0.475,-1.0357431198807832,-1.32058856132692,0.28484544144613677,0.979,0.48127142857142857,disagreement
active_round2_candidates-0c88a0ef3f38a8c9,0c88a0ef3f38a8c9f5a66391c5b7598cfb7e5db2293eb9626e3d440f52101a87,waiting,0.011796572538691654,0.018748806945286585,0.02872176618696739,0.20089285714285715,0.0036395227777523027,0.5257857142857143,-1.2714911692746098,-1.5541878275241432,0.2826966582495334,0.978,0.4862714285714286,disagreement
active_round2_candidates-ac6956b9a18738fb,ac6956b9a18738fb67dbccb28d74ecaf61af6ace03cf13e5a9734e0df0a66881,waiting,0.011866589016922939,0.01882752016451729,0.028327255192576895,0.10060714285714285,0.0038889988281974276,0.5625714285714286,0.48469501286808203,0.20250413316509586,0.2821908797029862,0.9777857142857143,0.4608285714285715,disagreement
active_round2_candidates-b30bc0e71b63bea9,b30bc0e71b63bea9e75897bac0c53c7d7fd62ca01a04588d1306a73e76fcfcf6,waiting,0.011827558084654705,0.018802998143670143,0.028516832560440502,0.15064285714285713,0.003417317721605127,0.4898571428571429,0.31669971051256196,0.039153818903838594,0.27754589160872334,0.9753571428571428,0.4512714285714286,disagreement
active_round2_candidates-be518860163bbf79,be518860163bbf796e58bcc84e0b354b9b7576ad5d2b84a85b9f3faf5528d0c6,waiting,0.011839488133552335,0.018707458619005295,0.028611696850612454,0.15703571428571428,0.002884297901406789,0.3934285714285714,0.9085507929644171,0.6338178467794405,0.27473294618497657,0.9736428571428571,0.41491428571428574,disagreement
active_round2_candidates-83413e7bfe82186a,83413e7bfe82186a8e62c28ea118e0e285da32ffb3c3c5da12b635bd6f122dad,waiting,0.011828287038166439,0.018764143697852426,0.028606438332614177,0.1744642857142857,0.003522479880535859,0.5074285714285715,-0.13552556059411977,-0.4064652514597641,0.2709396908656443,0.971,0.46695714285714285,disagreement
active_round2_candidates-f8561492173b98bd,f8561492173b98bdcbced2e4718ec186aee14702a45f4218229c934ffbf46ffc,waiting,0.011837602890984338,0.01873704727992483,0.028449369144799536,0.10164285714285715,0.004021606311958474,0.5835714285714285,-0.5366673712313018,-0.8072650716521792,0.2705977004208774,0.9705714285714285,0.46819999999999995,disagreement
active_round2_candidates-7bfb3c4a5173f2aa,7bfb3c4a5173f2aadc67d7d1e48d76b9e268a65710c66d2d99a32451cf94f42c,waiting,0.011816148219032634,0.018709324013439426,0.02883216437817212,0.23075,0.004117005048941422,0.5973571428571428,-1.4652544215283112,-1.7356937382685937,0.27043931674028254,0.9703571428571428,0.5253142857142856,disagreement
active_round2_candidates-c517ac090018a752,c517ac090018a7525cb215f0fe018f3d3596e16528f4ab4235a2c48589390c79,waiting,0.011813008271261348,0.01865405003347392,0.02861134249921037,0.12303571428571429,0.0026094833359778186,0.34064285714285714,-0.7242140584944177,-0.9936299886834099,0.26941593018899224,0.9696428571428571,0.3794,disagreement
active_round2_candidates-c04ab5b6f6b9457c,c04ab5b6f6b9457cc0456e66c878d0be658604ac56805b22d91502a9705c259f,waiting,0.011835584949729049,0.018667790445530446,0.028528828037753882,0.10653571428571429,0.0021437443567632417,0.25307142857142856,0.5240782688960423,0.25844772835180363,0.2656305405442386,0.9672857142857143,0.33730000000000004,disagreement
active_round2_candidates-db6661df729acd1a,db6661df729acd1acabd18d5fc61ee408410e48fc6ad4e4e2ab97a0e83a1fddf,waiting,0.011897367157258944,0.018837333665557156,0.028563939077005975,0.213,0.003326933898679398,0.4724285714285714,-1.0303111936507792,-1.2947133624139053,0.26440216876312617,0.9665714285714285,0.4674857142857143,disagreement
active_round2_candidates-2c09d27b37dae8ee,2c09d27b37dae8eeeb5ca52aea94423f6166524597d626be3ee3a0207909942a,waiting,0.011836389691439197,0.018787333592099654,0.02850364502375627,0.1422857142857143,0.0026779098942119254,0.353,-0.1214526127495412,-0.37827070529229245,0.25681809254275123,0.9619285714285715,0.3905,disagreement
active_round2_candidates-cd2e8f1a48ad0718,cd2e8f1a48ad0718b3c87e62bd2d47459f0e7788f36f11a442cd0d82cc06ef85,waiting,0.011824250872305393,0.01872087768274463,0.028729371069314214,0.20314285714285715,0.003989371706863241,0.578,-1.4511814736837332,-1.7074991921011222,0.25631771841738904,0.9613571428571429,0.5047285714285714,disagreement
active_round2_candidates-d21de18a84cac66b,d21de18a84cac66b2e21ce5fd79ab62f3083cd3647da700c5fe800fd3426479e,waiting,0.011842604906507626,0.018766164001013406,0.028348333524664877,0.07389285714285715,0.0034269956010458064,0.49164285714285716,-0.18113313624981056,-0.4256129705876841,0.24447983433787354,0.9525714285714286,0.41672857142857145,disagreement
active_round2_candidates-b8a065efa0f7e052,b8a065efa0f7e05279e4019a19e65682c241d10c0787aeb0daf396cccea15670,waiting,0.011793356802721951,0.01873844963492242,0.028828322236218666,0.23125,0.0035479002699007603,0.5113571428571428,-0.015739375006455364,-0.25841241659249203,0.24267304158603667,0.9510714285714286,0.4872571428571429,disagreement
active_round2_candidates-c44a49966c7ff223,c44a49966c7ff223b5411f16a6214ae28b9f120163566bf4512d734be67af1cc,waiting,0.01189277516097295,0.018838058767777256,0.02838320736885322,0.13542857142857143,0.003838045849351917,0.5547857142857143,-1.4455695789965648,-1.2042055035413783,0.24136407545518646,0.95,0.4660857142857143,disagreement
active_round2_candidates-a720ae5035d39a96,a720ae5035d39a9653e77d37ddcc6fdac096186587165b3e4453fb11cf5ca426,waiting,0.011817973345390607,0.018671204424142114,0.028698659599331044,0.17089285714285715,0.0029213041108016972,0.3999285714285714,-2.1862993916551776,-1.9490252630167473,0.23727412863843034,0.9470714285714286,0.4177428571428572,disagreement
active_round2_candidates-ca769990bc332119,ca769990bc332119e2b4894d78b223a5476ea09dfdecd4d305ca2f9807045e6f,waiting,0.011865632245776449,0.018764537864951095,0.02849800866286829,0.14242857142857143,0.0037115762033144714,0.5372142857142858,0.4416515625217148,0.2048690771624171,0.2367824853592977,0.9465714285714286,0.4611714285714287,disagreement
active_round2_candidates-ce83c8b1f60f3f1c,ce83c8b1f60f3f1c92abea70acd04532620fcc205166fc97b33e2c7e6030ff3f,waiting,0.01187323962168099,0.018756690111133886,0.02826455205452799,0.055785714285714286,0.003903528251817868,0.5643571428571429,-0.6575307876670191,-0.4208572113800896,0.23667357628692953,0.9463571428571429,0.43732857142857146,disagreement
active_round2_candidates-d8a17231b49f90f0,d8a17231b49f90f03e4999e68074e66dfa207f5ca1758a1d03d8566154e3b328,waiting,0.011830894541407793,0.018716489343795724,0.0283971870495703,0.06989285714285715,0.003207340662587497,0.452,-0.12202141082607856,-0.3576833659061759,0.23566195508009732,0.9457857142857143,0.3979142857142858,disagreement
active_round2_candidates-d0c9c2a88e6f43af,d0c9c2a88e6f43af71590865d57dd118b4d43ffa835d287c0350c20547f182c0,waiting,0.011836389691439197,0.018787333592099654,0.02850364502375627,0.1422857142857143,0.0020595018996457637,0.23642857142857143,0.4256783288553677,0.6612639417697469,0.23558561291437918,0.9455714285714286,0.3406,disagreement
active_round2_candidates-df9acf18c22814c8,df9acf18c22814c8c250326d8dbee90165045db90d7be2556fa047e8b9af58d4,waiting,0.011817752296983685,0.018800215963181988,0.028646503751069342,0.2002142857142857,0.0038367006018549736,0.5545714285714286,-0.6976680126166176,-0.9325465614961681,0.2348785488795505,0.9446428571428571,0.4908428571428572,disagreement
active_round2_candidates-51eb6fe58e96f3bc,51eb6fe58e96f3bc60062ae6eb5d3ded92e19221c4232bc7756ff862115bf89a,waiting,0.011798160327018015,0.01870602858896507,0.02885030643309437,0.22975,0.002595291112909492,0.338,-2.141260614076024,-1.9092902045027105,0.23197040957331372,0.9422857142857143,0.4155571428571429,disagreement
active_round2_candidates-cb163af25e532ff8,cb163af25e532ff8ac42550008a206b7c9bb99b1151a102daa4a6493c59e3b9e,waiting,0.0118305454520105,0.01871784033863093,0.028889916041072293,0.25014285714285717,0.0032728222096161433,0.4635714285714286,0.6826866670722739,0.4510946280198922,0.23159203905238168,0.9419285714285714,0.4738714285714286,disagreement
active_round2_candidates-02d9985b4520d81c,02d9985b4520d81cb46a2b104683b26e5ab618dd329f92daa2933819b24147d3,waiting,0.011867635595830987,0.018861884202676524,0.028573446813176077,0.21475,0.002106997487049588,0.24592857142857144,-0.4214721878979101,-0.19001395507305066,0.23145823282485942,0.9418571428571428,0.37264285714285716,disagreement
active_round2_candidates-5cb1a88177458f2d,5cb1a88177458f2d26597343fc8a554e6317874bb04b495ee23429c602fcadac,waiting,0.011804943100183849,0.018691125347897148,0.028879261708967995,0.23542857142857143,0.0027525316658185113,0.367,-0.06248705650109301,0.16863570761052143,0.23112276411161445,0.9413571428571429,0.42924285714285715,disagreement
active_round2_candidates-6ee3b7f9978aaa47,6ee3b7f9978aaa47fea7f5f37b7f3d05306099bce9892cf0be97681b2b1ea090,waiting,0.011797336588373628,0.018601479283041476,0.028498942299424807,0.05696428571428572,0.0031978942082387172,0.45021428571428573,-1.0371017591058393,-1.2681816214097679,0.23107986230392852,0.9412857142857143,0.3911285714285715,disagreement
active_round2_candidates-717e834686774fef,717e834686774fef2672ad09227b9e6479f6fdd74e419fce1b4ece294500c12f,waiting,0.011806041931883853,0.01864835109549851,0.028482768133933023,0.06775,0.003917443831735639,0.5665714285714286,-2.037248779348181,-1.8088127293609106,0.2284360499872704,0.9395,0.4416285714285715,disagreement
active_round2_candidates-9ad649d8946a90d0,9ad649d8946a90d0456220f9531b170d84c0266d5473f5394abc9dcb29bea650,waiting,0.011838625120855947,0.018687225519183035,0.028465124319416994,0.08682142857142858,0.0020522170401574323,0.23564285714285715,0.38863451124276727,0.1603991299955296,0.22823538124723766,0.9390714285714286,0.3168,disagreement
active_round2_candidates-f5e1f494402e3075,f5e1f494402e3075ca652c8babc1cbbad437863973d01d698072c849099941ac,waiting,0.011813008271261348,0.01870237871751184,0.02882393164125211,0.22521428571428573,0.003452006819294659,0.49514285714285716,-0.40280823779905883,-0.6310176906174366,0.2282094528183778,0.939,0.4759428571428571,disagreement
active_round2_candidates-c957c6c60417ad43,c957c6c60417ad43fe23b9bcd1363113d2c6513238ebb2e7d23dafe3580da9e3,waiting,0.011802322562123897,0.01859301498453483,0.028874076927191766,0.20182142857142857,0.0021343888331901762,0.25092857142857145,0.7868371700751593,0.5587592912154372,0.22807787885972208,0.9387857142857143,0.3688571428571429,disagreement
active_round2_candidates-8341c3abe18eb001,8341c3abe18eb0012b116904925f856f7ac8929bf851a3d6668865860ebb592b,waiting,0.011841716238208568,0.018693585211498012,0.02846505241319674,0.08942857142857143,0.004119012727593956,0.5980714285714286,-0.4792841948097828,-0.2520477420164564,0.22723645279332638,0.9377142857142857,0.46254285714285714,disagreement
active_round2_candidates-d0c77d89c4319881,d0c77d89c4319881261996c9c2dd1c1a88e61027d55387c5f2c7b4488a92a5b4,waiting,0.011812933034042083,0.01868190059805958,0.028932029282047127,0.24685714285714286,0.0025458986227580574,0.33007142857142857,-2.0051042788457143,-2.228276375684955,0.22317209683924055,0.9343571428571429,0.41764285714285715,disagreement
active_round2_candidates-ec3b508710da3e03,ec3b508710da3e03a8e203d0b9c188a13108346274a46b0344c5967988e4ecff,waiting,0.011812061468997688,0.01864799116617404,0.028649676475909824,0.1342142857142857,0.0037759108939325876,0.545,-1.0098920190211682,-0.7871758790924115,0.22271613992875672,0.9338571428571428,0.4584571428571429,disagreement
active_round2_candidates-8404b7d1bf3aaf38,8404b7d1bf3aaf38c8c9de3b0e9a6348b1aba4dd994965c8f869f05a399a30ae,waiting,0.01181967647978887,0.018661430258808172,0.028884370859601848,0.23339285714285715,0.0028805567433507584,0.39271428571428574,-0.8645987956752178,-0.6429071307182387,0.22169166495697912,0.9332142857142857,0.4370857142857143,disagreement
active_round2_candidates-05c7ef6d45ae0ed7,05c7ef6d45ae0ed7753da0be8987efcdfc84e3c2fd9a53aab75f7da26ad0be27,waiting,0.01184729531482888,0.01867369800048606,0.02847997451284846,0.09,0.0033649640010857667,0.47978571428571426,-0.6123201279876266,-0.39106535080998295,0.22125477717764364,0.9329285714285714,0.4145,disagreement
active_round2_candidates-b4f0a193a3c12e5e,b4f0a193a3c12e5e41cafe2cdd714921dea082909dbeea6470498262c646d460,waiting,0.0118167382228998,0.01865600178245309,0.028508035618722827,0.08153571428571428,0.003083194297917025,0.42907142857142855,0.8127471916479709,1.0338692157946912,0.22112202414672022,0.9328571428571428,0.3908142857142857,disagreement
active_round2_candidates-b0480bc65a5a943a,b0480bc65a5a943ab6a471a19b4bddc2455b5550915d75e8ca50dd15fb26b7a6,waiting,0.011828246897117414,0.018758752758732965,0.028402106313692936,0.08560714285714285,0.0034971800425587555,0.5025,-1.0512069203653227,-1.272098660049304,0.22089173968398135,0.9325714285714286,0.4217571428571429,disagreement
