Index,contrast_family,base_semantic_id,source_semantic_id,task_family,identifiability_score,delta_O,delta_O_star,delta_A,delta_H,delta_E,upstream_distance,predicted_E_delta,effect_bin,_14,cause_route,effect_match_group,route_effect_mismatch,contrast_id,pair_split,H_match_tolerance,E_match_tolerance,candidate_variables_frozen,semantic_contrast_id,pair_id,base_condition_id,source_condition_id,response_mapping,predicted_O_effect,predicted_O_star_effect,predicted_H_effect,predicted_E_effect,behavioral_base_logit,behavioral_source_logit,computational_targets_frozen_before_neural,artifact_id,layer,intervention_type,neural_counterfactual_effect,intervention_norm
0,same_raw_different_context,abs-candidate-0016302,abs-candidate-0016134,debugging,3.0291654656582145,0.0,-4.161,-2.38,0.01557261572894264,0.01557261572894264,4.793570798475808,0.01557261572894264,near_zero,,,,,abs-same_raw_different_context-000000,abstraction_test,0.06386915314994339,0.21210848059700527,True,abs-same_raw_different_context-000000,abs-same_raw_different_context-000000:m0,abs-candidate-0016302-m0,abs-candidate-0016134-m0,continue_x,0.0,-0.8026760830878423,0.01557261572894264,0.01557261572894264,-3.1144345816446104,-3.0988619659156678,True,persistence_state,28,persistence_state,0.25,0.8524845838546753
1,same_raw_different_context,abs-candidate-0016302,abs-candidate-0016134,debugging,3.0291654656582145,0.0,-4.161,-2.38,0.01557261572894264,0.01557261572894264,4.793570798475808,0.01557261572894264,near_zero,,,,,abs-same_raw_different_context-000000,abstraction_test,0.06386915314994339,0.21210848059700527,True,abs-same_raw_different_context-000000,abs-same_raw_different_context-000000:m1,abs-candidate-0016302-m1,abs-candidate-0016134-m1,continue_y,0.0,-0.8026760830878423,0.015572615728943084,0.015572615728943084,-3.1744484340178967,-3.1588758182889536,True,persistence_state,28,persistence_state,0.0,0.5045590996742249
10,same_raw_different_context,abs-candidate-0016050,abs-candidate-0015882,debugging,3.029165465658214,0.0,-4.161,-2.38,0.015572615728943084,0.015572615728943084,4.793570798475808,0.015572615728943084,near_zero,,,,,abs-same_raw_different_context-000005,abstraction_test,0.06386915314994339,0.21210848059700527,True,abs-same_raw_different_context-000005,abs-same_raw_different_context-000005:m0,abs-candidate-0016050-m0,abs-candidate-0015882-m0,continue_x,0.0,-0.8026760830878423,0.015572615728943084,0.015572615728943084,-2.9172262495925283,-2.901653633863585,True,persistence_state,28,persistence_state,0.25,0.9004440307617188
11,same_raw_different_context,abs-candidate-0016050,abs-candidate-0015882,debugging,3.029165465658214,0.0,-4.161,-2.38,0.015572615728943084,0.015572615728943084,4.793570798475808,0.015572615728943084,near_zero,,,,,abs-same_raw_different_context-000005,abstraction_test,0.06386915314994339,0.21210848059700527,True,abs-same_raw_different_context-000005,abs-same_raw_different_context-000005:m1,abs-candidate-0016050-m1,abs-candidate-0015882-m1,continue_y,0.0,-0.8026760830878428,0.015572615728943529,0.015572615728943529,-2.977240101965815,-2.9616674862368715,True,persistence_state,28,persistence_state,-0.125,0.5421677231788635
20,same_raw_different_context,abs-candidate-0015882,abs-candidate-0016050,debugging,3.029165465658214,0.0,4.161,2.38,-0.015572615728943084,-0.015572615728943084,4.793570798475808,-0.015572615728943084,near_zero,,,,,abs-same_raw_different_context-000010,abstraction_test,0.06386915314994339,0.21210848059700527,True,abs-same_raw_different_context-000010,abs-same_raw_different_context-000010:m0,abs-candidate-0015882-m0,abs-candidate-0016050-m0,continue_x,0.0,0.8026760830878423,-0.015572615728943084,-0.015572615728943084,-2.901653633863585,-2.9172262495925283,True,persistence_state,28,persistence_state,-0.25,0.8994882106781006
21,same_raw_different_context,abs-candidate-0015882,abs-candidate-0016050,debugging,3.029165465658214,0.0,4.161,2.38,-0.015572615728943084,-0.015572615728943084,4.793570798475808,-0.015572615728943084,near_zero,,,,,abs-same_raw_different_context-000010,abstraction_test,0.06386915314994339,0.21210848059700527,True,abs-same_raw_different_context-000010,abs-same_raw_different_context-000010:m1,abs-candidate-0015882-m1,abs-candidate-0016050-m1,continue_y,0.0,0.8026760830878428,-0.015572615728943529,-0.015572615728943529,-2.9616674862368715,-2.977240101965815,True,persistence_state,28,persistence_state,0.0,0.5415396094322205
30,same_raw_different_context,abs-candidate-0034194,abs-candidate-0034026,debugging,3.0291654656582137,0.0,-4.161,-2.38,0.015572615728943529,0.015572615728943529,4.793570798475808,0.015572615728943529,near_zero,,,,,abs-same_raw_different_context-000015,abstraction_test,0.06386915314994339,0.21210848059700527,True,abs-same_raw_different_context-000015,abs-same_raw_different_context-000015:m0,abs-candidate-0034194-m0,abs-candidate-0034026-m0,continue_x,0.0,-0.8026760830878421,0.015572615728943529,0.015572615728943529,-1.3210788071421828,-1.3055061914132393,True,persistence_state,28,persistence_state,0.125,0.8733792901039124
31,same_raw_different_context,abs-candidate-0034194,abs-candidate-0034026,debugging,3.0291654656582137,0.0,-4.161,-2.38,0.015572615728943529,0.015572615728943529,4.793570798475808,0.015572615728943529,near_zero,,,,,abs-same_raw_different_context-000015,abstraction_test,0.06386915314994339,0.21210848059700527,True,abs-same_raw_different_context-000015,abs-same_raw_different_context-000015:m1,abs-candidate-0034194-m1,abs-candidate-0034026-m1,continue_y,0.0,-0.8026760830878421,0.01557261572894375,0.01557261572894375,-1.3810926595154691,-1.3655200437865254,True,persistence_state,28,persistence_state,0.0,0.44439801573753357
40,same_raw_different_context,abs-candidate-0046626,abs-candidate-0046794,debugging,3.0291654656582137,0.0,4.161,2.38,-0.01557261572894375,-0.01557261572894375,4.793570798475808,-0.01557261572894375,near_zero,,,,,abs-same_raw_different_context-000020,abstraction_test,0.06386915314994339,0.21210848059700527,True,abs-same_raw_different_context-000020,abs-same_raw_different_context-000020:m0,abs-candidate-0046626-m0,abs-candidate-0046794-m0,continue_x,0.0,0.9143597120123879,-0.01557261572894375,-0.01557261572894375,-1.3961199238628381,-1.4116925395917819,True,persistence_state,28,persistence_state,-0.125,0.5693299770355225
41,same_raw_different_context,abs-candidate-0046626,abs-candidate-0046794,debugging,3.0291654656582137,0.0,4.161,2.38,-0.01557261572894375,-0.01557261572894375,4.793570798475808,-0.01557261572894375,near_zero,,,,,abs-same_raw_different_context-000020,abstraction_test,0.06386915314994339,0.21210848059700527,True,abs-same_raw_different_context-000020,abs-same_raw_different_context-000020:m1,abs-candidate-0046626-m1,abs-candidate-0046794-m1,continue_y,0.0,0.9143597120123883,-0.01557261572894375,-0.01557261572894375,-1.4561337762361242,-1.471706391965068,True,persistence_state,28,persistence_state,0.125,0.43621763586997986
50,same_raw_different_context,abs-candidate-0034026,abs-candidate-0034194,debugging,3.0291654656582137,0.0,4.161,2.38,-0.015572615728943529,-0.015572615728943529,4.793570798475808,-0.015572615728943529,near_zero,,,,,abs-same_raw_different_context-000025,abstraction_test,0.06386915314994339,0.21210848059700527,True,abs-same_raw_different_context-000025,abs-same_raw_different_context-000025:m0,abs-candidate-0034026-m0,abs-candidate-0034194-m0,continue_x,0.0,0.8026760830878421,-0.015572615728943529,-0.015572615728943529,-1.3055061914132393,-1.3210788071421828,True,persistence_state,28,persistence_state,-0.25,0.8725375533103943
51,same_raw_different_context,abs-candidate-0034026,abs-candidate-0034194,debugging,3.0291654656582137,0.0,4.161,2.38,-0.015572615728943529,-0.015572615728943529,4.793570798475808,-0.015572615728943529,near_zero,,,,,abs-same_raw_different_context-000025,abstraction_test,0.06386915314994339,0.21210848059700527,True,abs-same_raw_different_context-000025,abs-same_raw_different_context-000025:m1,abs-candidate-0034026-m1,abs-candidate-0034194-m1,continue_y,0.0,0.8026760830878421,-0.01557261572894375,-0.01557261572894375,-1.3655200437865254,-1.3810926595154691,True,persistence_state,28,persistence_state,0.0,0.4443209767341614
60,same_raw_different_context,abs-candidate-0034950,abs-candidate-0034782,debugging,3.0291654656582137,0.0,-4.161,-2.38,0.015572615728943529,0.015572615728943529,4.793570798475808,0.015572615728943529,near_zero,,,,,abs-same_raw_different_context-000030,abstraction_test,0.06386915314994339,0.21210848059700527,True,abs-same_raw_different_context-000030,abs-same_raw_different_context-000030:m0,abs-candidate-0034950-m0,abs-candidate-0034782-m0,continue_x,0.0,-0.863688283547236,0.015572615728943529,0.015572615728943529,-0.9978225340298589,-0.9822499183009153,True,persistence_state,28,persistence_state,0.125,0.7414144277572632
61,same_raw_different_context,abs-candidate-0034950,abs-candidate-0034782,debugging,3.0291654656582137,0.0,-4.161,-2.38,0.015572615728943529,0.015572615728943529,4.793570798475808,0.015572615728943529,near_zero,,,,,abs-same_raw_different_context-000030,abstraction_test,0.06386915314994339,0.21210848059700527,True,abs-same_raw_different_context-000030,abs-same_raw_different_context-000030:m1,abs-candidate-0034950-m1,abs-candidate-0034782-m1,continue_y,0.0,-0.8636882835472358,0.015572615728943973,0.015572615728943973,-1.0578363864031455,-1.0422637706742015,True,persistence_state,28,persistence_state,-0.125,0.4440966248512268
70,same_raw_different_context,abs-candidate-0030498,abs-candidate-0030666,debugging,3.0291654656582137,0.0,4.161,2.38,-0.015572615728943529,-0.015572615728943529,4.793570798475808,-0.015572615728943529,near_zero,,,,,abs-same_raw_different_context-000035,abstraction_test,0.06386915314994339,0.21210848059700527,True,abs-same_raw_different_context-000035,abs-same_raw_different_context-000035:m0,abs-candidate-0030498-m0,abs-candidate-0030666-m0,continue_x,0.0,0.9143597120123879,-0.015572615728943529,-0.015572615728943529,-2.841930223438684,-2.8575028391676276,True,persistence_state,28,persistence_state,0.0,0.5243910551071167
71,same_raw_different_context,abs-candidate-0030498,abs-candidate-0030666,debugging,3.0291654656582137,0.0,4.161,2.38,-0.015572615728943529,-0.015572615728943529,4.793570798475808,-0.015572615728943529,near_zero,,,,,abs-same_raw_different_context-000035,abstraction_test,0.06386915314994339,0.21210848059700527,True,abs-same_raw_different_context-000035,abs-same_raw_different_context-000035:m1,abs-candidate-0030498-m1,abs-candidate-0030666-m1,continue_y,0.0,0.9143597120123881,-0.015572615728943973,-0.015572615728943973,-2.9019440758119703,-2.9175166915409143,True,persistence_state,28,persistence_state,0.0,0.3771776258945465
80,same_raw_different_context,abs-candidate-0010333,abs-candidate-0010501,foraging,2.981326453621055,0.0,4.161,2.38,-0.06375043323672136,-0.06375043323672136,4.793570798475808,-0.06375043323672136,moderate_negative,,,,,abs-same_raw_different_context-000040,abstraction_test,0.06386915314994339,0.21210848059700527,True,abs-same_raw_different_context-000040,abs-same_raw_different_context-000040:m0,abs-candidate-0010333-m0,abs-candidate-0010501-m0,continue_x,0.0,0.907355057797161,-0.06375043323672136,-0.06375043323672136,-2.5603339780371037,-2.624084411273825,True,persistence_state,28,persistence_state,0.0,0.4828893840312958
81,same_raw_different_context,abs-candidate-0010333,abs-candidate-0010501,foraging,2.981326453621055,0.0,4.161,2.38,-0.06375043323672136,-0.06375043323672136,4.793570798475808,-0.06375043323672136,moderate_negative,,,,,abs-same_raw_different_context-000040,abstraction_test,0.06386915314994339,0.21210848059700527,True,abs-same_raw_different_context-000040,abs-same_raw_different_context-000040:m1,abs-candidate-0010333-m1,abs-candidate-0010501-m1,continue_y,0.0,0.907355057797161,-0.06375043323672225,-0.06375043323672225,-2.425546506165449,-2.489296939402171,True,persistence_state,28,persistence_state,0.0,0.2728481888771057
90,same_raw_different_context,abs-candidate-0007561,abs-candidate-0007729,foraging,2.9813264536210546,0.0,4.161,2.38,-0.0637504332367218,-0.0637504332367218,4.793570798475808,-0.0637504332367218,moderate_negative,,,,,abs-same_raw_different_context-000045,abstraction_test,0.06386915314994339,0.21210848059700527,True,abs-same_raw_different_context-000045,abs-same_raw_different_context-000045:m0,abs-candidate-0007561-m0,abs-candidate-0007729-m0,continue_x,0.0,0.7210836440430128,-0.0637504332367218,-0.0637504332367218,-0.5966320276279291,-0.6603824608646509,True,persistence_state,28,persistence_state,0.0,0.6501092314720154
91,same_raw_different_context,abs-candidate-0007561,abs-candidate-0007729,foraging,2.9813264536210546,0.0,4.161,2.38,-0.0637504332367218,-0.0637504332367218,4.793570798475808,-0.0637504332367218,moderate_negative,,,,,abs-same_raw_different_context-000045,abstraction_test,0.06386915314994339,0.21210848059700527,True,abs-same_raw_different_context-000045,abs-same_raw_different_context-000045:m1,abs-candidate-0007561-m1,abs-candidate-0007729-m1,continue_y,0.0,0.7210836440430128,-0.06375043323672203,-0.06375043323672208,-0.4618445557562752,-0.5255949889929973,True,persistence_state,28,persistence_state,0.0,0.4688187539577484
100,same_raw_different_context,abs-candidate-0015037,abs-candidate-0014869,foraging,2.9813264536210546,0.0,-4.161,-2.38,0.0637504332367218,0.0637504332367218,4.793570798475808,0.0637504332367218,moderate_positive,,,,,abs-same_raw_different_context-000050,abstraction_test,0.06386915314994339,0.21210848059700527,True,abs-same_raw_different_context-000050,abs-same_raw_different_context-000050:m0,abs-candidate-0015037-m0,abs-candidate-0014869-m0,continue_x,0.0,-0.7382916998547921,0.0637504332367218,0.0637504332367218,-2.2994249790057117,-2.23567454576899,True,persistence_state,28,persistence_state,0.0,0.4585425853729248
101,same_raw_different_context,abs-candidate-0015037,abs-candidate-0014869,foraging,2.9813264536210546,0.0,-4.161,-2.38,0.0637504332367218,0.0637504332367218,4.793570798475808,0.0637504332367218,moderate_positive,,,,,abs-same_raw_different_context-000050,abstraction_test,0.06386915314994339,0.21210848059700527,True,abs-same_raw_different_context-000050,abs-same_raw_different_context-000050:m1,abs-candidate-0015037-m1,abs-candidate-0014869-m1,continue_y,0.0,-0.7382916998547924,0.0637504332367218,0.0637504332367218,-2.1646375071340582,-2.1008870738973364,True,persistence_state,28,persistence_state,0.0,0.09653057903051376
110,same_raw_different_context,abs-candidate-0038221,abs-candidate-0038053,foraging,2.9813264536210546,0.0,-4.161,-2.38,0.0637504332367218,0.0637504332367218,4.793570798475808,0.0637504332367218,moderate_positive,,,,,abs-same_raw_different_context-000055,abstraction_test,0.06386915314994339,0.21210848059700527,True,abs-same_raw_different_context-000055,abs-same_raw_different_context-000055:m0,abs-candidate-0038221-m0,abs-candidate-0038053-m0,continue_x,0.0,-0.7210836440430136,0.0637504332367218,0.0637504332367218,-1.489474945847209,-1.4257245126104872,True,persistence_state,28,persistence_state,0.125,0.5989491939544678
111,same_raw_different_context,abs-candidate-0038221,abs-candidate-0038053,foraging,2.9813264536210546,0.0,-4.161,-2.38,0.0637504332367218,0.0637504332367218,4.793570798475808,0.0637504332367218,moderate_positive,,,,,abs-same_raw_different_context-000055,abstraction_test,0.06386915314994339,0.21210848059700527,True,abs-same_raw_different_context-000055,abs-same_raw_different_context-000055:m1,abs-candidate-0038221-m1,abs-candidate-0038053-m1,continue_y,0.0,-0.7210836440430131,0.0637504332367218,0.0637504332367218,-1.3546874739755548,-1.290937040738833,True,persistence_state,28,persistence_state,-0.125,0.4283551871776581
120,same_raw_different_context,abs-candidate-0007729,abs-candidate-0007561,foraging,2.9813264536210546,0.0,-4.161,-2.38,0.0637504332367218,0.0637504332367218,4.793570798475808,0.0637504332367218,moderate_positive,,,,,abs-same_raw_different_context-000060,abstraction_test,0.06386915314994339,0.21210848059700527,True,abs-same_raw_different_context-000060,abs-same_raw_different_context-000060:m0,abs-candidate-0007729-m0,abs-candidate-0007561-m0,continue_x,0.0,-0.7210836440430128,0.0637504332367218,0.0637504332367218,-0.6603824608646509,-0.5966320276279291,True,persistence_state,28,persistence_state,0.125,0.64992356300354
121,same_raw_different_context,abs-candidate-0007729,abs-candidate-0007561,foraging,2.9813264536210546,0.0,-4.161,-2.38,0.0637504332367218,0.0637504332367218,4.793570798475808,0.0637504332367218,moderate_positive,,,,,abs-same_raw_different_context-000060,abstraction_test,0.06386915314994339,0.21210848059700527,True,abs-same_raw_different_context-000060,abs-same_raw_different_context-000060:m1,abs-candidate-0007729-m1,abs-candidate-0007561-m1,continue_y,0.0,-0.7210836440430128,0.06375043323672203,0.06375043323672208,-0.5255949889929973,-0.4618445557562752,True,persistence_state,28,persistence_state,-0.125,0.4692307114601135
130,same_raw_different_context,abs-candidate-0014533,abs-candidate-0014365,foraging,2.9813264536210546,0.0,-4.161,-2.38,0.0637504332367218,0.0637504332367218,4.793570798475808,0.0637504332367218,moderate_positive,,,,,abs-same_raw_different_context-000065,abstraction_test,0.06386915314994339,0.21210848059700527,True,abs-same_raw_different_context-000065,abs-same_raw_different_context-000065:m0,abs-candidate-0014533-m0,abs-candidate-0014365-m0,continue_x,0.0,-0.7382916998547926,0.0637504332367218,0.0637504332367218,-2.07976837715742,-2.016017943920698,True,persistence_state,28,persistence_state,0.0,0.5492319464683533
131,same_raw_different_context,abs-candidate-0014533,abs-candidate-0014365,foraging,2.9813264536210546,0.0,-4.161,-2.38,0.0637504332367218,0.0637504332367218,4.793570798475808,0.0637504332367218,moderate_positive,,,,,abs-same_raw_different_context-000065,abstraction_test,0.06386915314994339,0.21210848059700527,True,abs-same_raw_different_context-000065,abs-same_raw_different_context-000065:m1,abs-candidate-0014533-m1,abs-candidate-0014365-m1,continue_y,0.0,-0.7382916998547919,0.06375043323672225,0.06375043323672225,-1.944980905285766,-1.8812304720490438,True,persistence_state,28,persistence_state,0.0,0.020581744611263275
140,same_raw_different_context,abs-candidate-0049393,abs-candidate-0049561,foraging,2.9813264536210546,0.0,4.161,2.38,-0.0637504332367218,-0.0637504332367218,4.793570798475808,-0.0637504332367218,moderate_negative,,,,,abs-same_raw_different_context-000070,abstraction_test,0.06386915314994339,0.21210848059700527,True,abs-same_raw_different_context-000070,abs-same_raw_different_context-000070:m0,abs-candidate-0049393-m0,abs-candidate-0049561-m0,continue_x,0.0,0.9245631136089401,-0.0637504332367218,-0.0637504332367218,-3.368048715872903,-3.431799149109625,True,persistence_state,28,persistence_state,-0.125,0.14893940091133118
141,same_raw_different_context,abs-candidate-0049393,abs-candidate-0049561,foraging,2.9813264536210546,0.0,4.161,2.38,-0.0637504332367218,-0.0637504332367218,4.793570798475808,-0.0637504332367218,moderate_negative,,,,,abs-same_raw_different_context-000070,abstraction_test,0.06386915314994339,0.21210848059700527,True,abs-same_raw_different_context-000070,abs-same_raw_different_context-000070:m1,abs-candidate-0049393-m1,abs-candidate-0049561-m1,continue_y,0.0,0.9245631136089396,-0.06375043323672225,-0.06375043323672225,-3.233261244001249,-3.2970116772379714,True,persistence_state,28,persistence_state,0.0,0.03837935999035835
150,same_raw_different_context,abs-candidate-0048805,abs-candidate-0048637,foraging,2.981326453621054,0.0,-4.161,-2.38,0.06375043323672214,0.06375043323672214,4.793570798475808,0.06375043323672214,moderate_positive,,,,,abs-same_raw_different_context-000075,abstraction_test,0.06386915314994339,0.21210848059700527,True,abs-same_raw_different_context-000075,abs-same_raw_different_context-000075:m0,abs-candidate-0048805-m0,abs-candidate-0048637-m0,continue_x,0.0,-0.7210836440430135,0.06375043323672214,0.06375043323672214,0.06925521140587043,0.13300564464259257,True,persistence_state,28,persistence_state,0.25,0.8770405054092407
151,same_raw_different_context,abs-candidate-0048805,abs-candidate-0048637,foraging,2.981326453621054,0.0,-4.161,-2.38,0.06375043323672214,0.06375043323672214,4.793570798475808,0.06375043323672214,moderate_positive,,,,,abs-same_raw_different_context-000075,abstraction_test,0.06386915314994339,0.21210848059700527,True,abs-same_raw_different_context-000075,abs-same_raw_different_context-000075:m1,abs-candidate-0048805-m1,abs-candidate-0048637-m1,continue_y,0.0,-0.7210836440430131,0.06375043323672214,0.06375043323672214,0.20404268327752428,0.2677931165142464,True,persistence_state,28,persistence_state,0.0,0.3538740277290344
160,same_raw_different_context,abs-candidate-0018901,abs-candidate-0019069,foraging,2.981326453621054,0.0,4.161,2.38,-0.06375043323672225,-0.06375043323672225,4.793570798475808,-0.06375043323672225,moderate_negative,,,,,abs-same_raw_different_context-000080,abstraction_test,0.06386915314994339,0.21210848059700527,True,abs-same_raw_different_context-000080,abs-same_raw_different_context-000080:m0,abs-candidate-0018901-m0,abs-candidate-0019069-m0,continue_x,0.0,0.9073550577971613,-0.06375043323672225,-0.06375043323672225,-1.403211398705289,-1.4669618319420112,True,persistence_state,28,persistence_state,-0.125,0.810823917388916
161,same_raw_different_context,abs-candidate-0018901,abs-candidate-0019069,foraging,2.981326453621054,0.0,4.161,2.38,-0.06375043323672225,-0.06375043323672225,4.793570798475808,-0.06375043323672225,moderate_negative,,,,,abs-same_raw_different_context-000080,abstraction_test,0.06386915314994339,0.21210848059700527,True,abs-same_raw_different_context-000080,abs-same_raw_different_context-000080:m1,abs-candidate-0018901-m1,abs-candidate-0019069-m1,continue_y,0.0,0.9073550577971611,-0.06375043323672247,-0.06375043323672247,-1.268423926833635,-1.3321743600703575,True,persistence_state,28,persistence_state,0.0,0.3463152348995209
170,same_raw_different_context,abs-candidate-0029401,abs-candidate-0029233,foraging,2.981326453621054,0.0,-4.161,-2.38,0.06375043323672236,0.06375043323672236,4.793570798475808,0.06375043323672236,moderate_positive,,,,,abs-same_raw_different_context-000085,abstraction_test,0.06386915314994339,0.21210848059700527,True,abs-same_raw_different_context-000085,abs-same_raw_different_context-000085:m0,abs-candidate-0029401-m0,abs-candidate-0029233-m0,continue_x,0.0,-0.7210836440430133,0.06375043323672236,0.06375043323672236,0.23077101102508812,0.2945214442618105,True,persistence_state,28,persistence_state,0.125,0.91050785779953
171,same_raw_different_context,abs-candidate-0029401,abs-candidate-0029233,foraging,2.981326453621054,0.0,-4.161,-2.38,0.06375043323672236,0.06375043323672236,4.793570798475808,0.06375043323672236,moderate_positive,,,,,abs-same_raw_different_context-000085,abstraction_test,0.06386915314994339,0.21210848059700527,True,abs-same_raw_different_context-000085,abs-same_raw_different_context-000085:m1,abs-candidate-0029401-m1,abs-candidate-0029233-m1,continue_y,0.0,-0.7210836440430131,0.0637504332367223,0.0637504332367223,0.36555848289674175,0.42930891613346406,True,persistence_state,28,persistence_state,0.0,0.30931356549263
180,same_raw_different_context,abs-candidate-0052333,abs-candidate-0052165,foraging,2.981326453621054,0.0,-4.161,-2.38,0.06375043323672236,0.06375043323672236,4.793570798475808,0.06375043323672236,moderate_positive,,,,,abs-same_raw_different_context-000090,abstraction_test,0.06386915314994339,0.21210848059700527,True,abs-same_raw_different_context-000090,abs-same_raw_different_context-000090:m0,abs-candidate-0052333-m0,abs-candidate-0052165-m0,continue_x,0.0,-0.9073550577971595,0.06375043323672236,0.06375043323672236,-0.31266259658074,-0.24891216334401767,True,persistence_state,28,persistence_state,0.0,0.9076024889945984
181,same_raw_different_context,abs-candidate-0052333,abs-candidate-0052165,foraging,2.981326453621054,0.0,-4.161,-2.38,0.06375043323672236,0.06375043323672236,4.793570798475808,0.06375043323672236,moderate_positive,,,,,abs-same_raw_different_context-000090,abstraction_test,0.06386915314994339,0.21210848059700527,True,abs-same_raw_different_context-000090,abs-same_raw_different_context-000090:m1,abs-candidate-0052333-m1,abs-candidate-0052165-m1,continue_y,0.0,-0.9073550577971599,0.06375043323672208,0.06375043323672208,-0.17787512470908617,-0.11412469147236409,True,persistence_state,28,persistence_state,-0.125,0.4903811812400818
190,same_raw_different_context,abs-candidate-0006469,abs-candidate-0006301,foraging,2.981326453621054,0.0,-4.161,-2.38,0.06375043323672236,0.06375043323672236,4.793570798475808,0.06375043323672236,moderate_positive,,,,,abs-same_raw_different_context-000095,abstraction_test,0.06386915314994339,0.21210848059700527,True,abs-same_raw_different_context-000095,abs-same_raw_different_context-000095:m0,abs-candidate-0006469-m0,abs-candidate-0006301-m0,continue_x,0.0,-0.721083644043012,0.06375043323672236,0.06375043323672236,0.16529863149952462,0.22904906473624698,True,persistence_state,28,persistence_state,0.0,0.7930808067321777
191,same_raw_different_context,abs-candidate-0006469,abs-candidate-0006301,foraging,2.981326453621054,0.0,-4.161,-2.38,0.06375043323672236,0.06375043323672236,4.793570798475808,0.06375043323672236,moderate_positive,,,,,abs-same_raw_different_context-000095,abstraction_test,0.06386915314994339,0.21210848059700527,True,abs-same_raw_different_context-000095,abs-same_raw_different_context-000095:m1,abs-candidate-0006469-m1,abs-candidate-0006301-m1,continue_y,0.0,-0.7210836440430124,0.06375043323672236,0.06375043323672236,0.3000861033711786,0.36383653660790094,True,persistence_state,28,persistence_state,0.0,0.28010237216949463
200,same_raw_different_context,abs-candidate-0021169,abs-candidate-0021337,foraging,2.981326453621054,0.0,4.161,2.38,-0.06375043323672225,-0.06375043323672225,4.793570798475808,-0.06375043323672225,moderate_negative,,,,,abs-same_raw_different_context-000100,abstraction_test,0.06386915314994339,0.21210848059700527,True,abs-same_raw_different_context-000100,abs-same_raw_different_context-000100:m0,abs-candidate-0021169-m0,abs-candidate-0021337-m0,continue_x,0.0,0.9073550577971603,-0.06375043323672225,-0.06375043323672225,-1.0981126760966762,-1.1618631093333984,True,persistence_state,28,persistence_state,-0.125,0.5845425724983215
201,same_raw_different_context,abs-candidate-0021169,abs-candidate-0021337,foraging,2.981326453621054,0.0,4.161,2.38,-0.06375043323672225,-0.06375043323672225,4.793570798475808,-0.06375043323672225,moderate_negative,,,,,abs-same_raw_different_context-000100,abstraction_test,0.06386915314994339,0.21210848059700527,True,abs-same_raw_different_context-000100,abs-same_raw_different_context-000100:m1,abs-candidate-0021169-m1,abs-candidate-0021337-m1,continue_y,0.0,0.9073550577971601,-0.06375043323672203,-0.06375043323672203,-0.9633252042250222,-1.0270756374617442,True,persistence_state,28,persistence_state,0.125,0.3488178253173828
210,same_raw_different_context,abs-candidate-0009073,abs-candidate-0009241,foraging,2.981326453621054,0.0,4.161,2.38,-0.06375043323672214,-0.06375043323672219,4.793570798475808,-0.06375043323672219,moderate_negative,,,,,abs-same_raw_different_context-000105,abstraction_test,0.06386915314994339,0.21210848059700527,True,abs-same_raw_different_context-000105,abs-same_raw_different_context-000105:m0,abs-candidate-0009073-m0,abs-candidate-0009241-m0,continue_x,0.0,0.7382916998547917,-0.06375043323672214,-0.06375043323672219,-0.27862699463380747,-0.34237742787052966,True,persistence_state,28,persistence_state,-0.125,0.5601903200149536
211,same_raw_different_context,abs-candidate-0009073,abs-candidate-0009241,foraging,2.981326453621054,0.0,4.161,2.38,-0.06375043323672214,-0.06375043323672219,4.793570798475808,-0.06375043323672219,moderate_negative,,,,,abs-same_raw_different_context-000105,abstraction_test,0.06386915314994339,0.21210848059700527,True,abs-same_raw_different_context-000105,abs-same_raw_different_context-000105:m1,abs-candidate-0009073-m1,abs-candidate-0009241-m1,continue_y,0.0,0.738291699854792,-0.06375043323672214,-0.06375043323672216,-0.14383952276215362,-0.20758995599887578,True,persistence_state,28,persistence_state,0.0,0.17810189723968506
220,same_raw_different_context,abs-candidate-0038809,abs-candidate-0038977,foraging,2.981326453621054,0.0,4.161,2.38,-0.06375043323672225,-0.06375043323672225,4.793570798475808,-0.06375043323672225,moderate_negative,,,,,abs-same_raw_different_context-000110,abstraction_test,0.06386915314994339,0.21210848059700527,True,abs-same_raw_different_context-000110,abs-same_raw_different_context-000110:m0,abs-candidate-0038809-m0,abs-candidate-0038977-m0,continue_x,0.0,0.9245631136089396,-0.06375043323672225,-0.06375043323672225,-2.0787702883527417,-2.142520721589464,True,persistence_state,28,persistence_state,-0.125,0.6644682288169861
221,same_raw_different_context,abs-candidate-0038809,abs-candidate-0038977,foraging,2.981326453621054,0.0,4.161,2.38,-0.06375043323672225,-0.06375043323672225,4.793570798475808,-0.06375043323672225,moderate_negative,,,,,abs-same_raw_different_context-000110,abstraction_test,0.06386915314994339,0.21210848059700527,True,abs-same_raw_different_context-000110,abs-same_raw_different_context-000110:m1,abs-candidate-0038809-m1,abs-candidate-0038977-m1,continue_y,0.0,0.9245631136089392,-0.06375043323672269,-0.06375043323672269,-1.9439828164810877,-2.0077332497178104,True,persistence_state,28,persistence_state,0.125,0.4288320243358612
230,same_raw_different_context,abs-candidate-0011089,abs-candidate-0011257,foraging,2.981326453621054,0.0,4.161,2.38,-0.06375043323672214,-0.06375043323672214,4.793570798475808,-0.06375043323672214,moderate_negative,,,,,abs-same_raw_different_context-000115,abstraction_test,0.06386915314994339,0.21210848059700527,True,abs-same_raw_different_context-000115,abs-same_raw_different_context-000115:m0,abs-candidate-0011089-m0,abs-candidate-0011257-m0,continue_x,0.0,0.7382916998547924,-0.06375043323672214,-0.06375043323672214,0.46121088747193983,0.3974604542352177,True,persistence_state,28,persistence_state,-0.125,0.7274550795555115
231,same_raw_different_context,abs-candidate-0011089,abs-candidate-0011257,foraging,2.981326453621054,0.0,4.161,2.38,-0.06375043323672214,-0.06375043323672214,4.793570798475808,-0.06375043323672214,moderate_negative,,,,,abs-same_raw_different_context-000115,abstraction_test,0.06386915314994339,0.21210848059700527,True,abs-same_raw_different_context-000115,abs-same_raw_different_context-000115:m1,abs-candidate-0011089-m1,abs-candidate-0011257-m1,continue_y,0.0,0.7382916998547917,-0.06375043323672203,-0.06375043323672203,0.5959983593435936,0.5322479261068715,True,persistence_state,28,persistence_state,0.125,0.12026359885931015
240,same_raw_different_context,abs-candidate-0026628,abs-candidate-0026460,bandit,2.8942765759486715,0.0,-4.161,-2.38,0.15141681558836595,0.15141681558836595,4.793570798475808,0.15141681558836595,strong_positive,,,,,abs-same_raw_different_context-000120,abstraction_test,0.06386915314994339,0.21210848059700527,True,abs-same_raw_different_context-000120,abs-same_raw_different_context-000120:m0,abs-candidate-0026628-m0,abs-candidate-0026460-m0,continue_x,0.0,-1.1634420152318303,0.15141681558836595,0.15141681558836595,-2.9986531514798997,-2.847236335891534,True,persistence_state,28,persistence_state,0.0,0.16817274689674377
241,same_raw_different_context,abs-candidate-0026628,abs-candidate-0026460,bandit,2.8942765759486715,0.0,-4.161,-2.38,0.15141681558836595,0.15141681558836595,4.793570798475808,0.15141681558836595,strong_positive,,,,,abs-same_raw_different_context-000120,abstraction_test,0.06386915314994339,0.21210848059700527,True,abs-same_raw_different_context-000120,abs-same_raw_different_context-000120:m1,abs-candidate-0026628-m1,abs-candidate-0026460-m1,continue_y,0.0,-1.1634420152318303,0.1514168155883664,0.1514168155883664,-2.936963424582483,-2.7855466089941165,True,persistence_state,28,persistence_state,0.0,0.020831290632486343
250,same_raw_different_context,abs-candidate-0009828,abs-candidate-0009996,bandit,2.894276575948671,0.0,4.161,2.38,-0.15141681558836662,-0.15141681558836667,4.793570798475808,-0.15141681558836667,strong_negative,,,,,abs-same_raw_different_context-000125,abstraction_test,0.06386915314994339,0.21210848059700527,True,abs-same_raw_different_context-000125,abs-same_raw_different_context-000125:m0,abs-candidate-0009828-m0,abs-candidate-0009996-m0,continue_x,0.0,1.163442015231831,-0.15141681558836662,-0.15141681558836667,-0.10711292553107932,-0.258529741119446,True,persistence_state,28,persistence_state,-0.25,0.5039947628974915
251,same_raw_different_context,abs-candidate-0009828,abs-candidate-0009996,bandit,2.894276575948671,0.0,4.161,2.38,-0.15141681558836662,-0.15141681558836667,4.793570798475808,-0.15141681558836667,strong_negative,,,,,abs-same_raw_different_context-000125,abstraction_test,0.06386915314994339,0.21210848059700527,True,abs-same_raw_different_context-000125,abs-same_raw_different_context-000125:m1,abs-candidate-0009828-m1,abs-candidate-0009996-m1,continue_y,0.0,1.1634420152318308,-0.15141681558836695,-0.15141681558836695,-0.04542319863366262,-0.19684001422202957,True,persistence_state,28,persistence_state,0.0,0.3544115424156189
260,same_raw_different_context,abs-candidate-0027132,abs-candidate-0026964,bandit,2.894276575948671,0.0,-4.161,-2.38,0.1514168155883664,0.1514168155883664,4.793570798475808,0.1514168155883664,strong_positive,,,,,abs-same_raw_different_context-000130,abstraction_test,0.06386915314994339,0.21210848059700527,True,abs-same_raw_different_context-000130,abs-same_raw_different_context-000130:m0,abs-candidate-0027132-m0,abs-candidate-0026964-m0,continue_x,0.0,-1.1634420152318308,0.1514168155883664,0.1514168155883664,-3.270044598693502,-3.1186277831051354,True,persistence_state,28,persistence_state,0.0,0.33540862798690796
261,same_raw_different_context,abs-candidate-0027132,abs-candidate-0026964,bandit,2.894276575948671,0.0,-4.161,-2.38,0.1514168155883664,0.1514168155883664,4.793570798475808,0.1514168155883664,strong_positive,,,,,abs-same_raw_different_context-000130,abstraction_test,0.06386915314994339,0.21210848059700527,True,abs-same_raw_different_context-000130,abs-same_raw_different_context-000130:m1,abs-candidate-0027132-m1,abs-candidate-0026964-m1,continue_y,0.0,-1.163442015231831,0.1514168155883664,0.1514168155883664,-3.2083548717960846,-3.056938056207718,True,persistence_state,28,persistence_state,0.0,0.023400766775012016
270,same_raw_different_context,abs-candidate-0008316,abs-candidate-0008484,bandit,2.894276575948671,0.0,4.161,2.38,-0.15141681558836662,-0.15141681558836662,4.793570798475808,-0.15141681558836662,strong_negative,,,,,abs-same_raw_different_context-000135,abstraction_test,0.06386915314994339,0.21210848059700527,True,abs-same_raw_different_context-000135,abs-same_raw_different_context-000135:m0,abs-candidate-0008316-m0,abs-candidate-0008484-m0,continue_x,0.0,1.2266860969115725,-0.15141681558836662,-0.15141681558836662,-1.2803103574742893,-1.431727173062656,True,persistence_state,28,persistence_state,-0.25,0.9565543532371521
271,same_raw_different_context,abs-candidate-0008316,abs-candidate-0008484,bandit,2.894276575948671,0.0,4.161,2.38,-0.15141681558836662,-0.15141681558836662,4.793570798475808,-0.15141681558836662,strong_negative,,,,,abs-same_raw_different_context-000135,abstraction_test,0.06386915314994339,0.21210848059700527,True,abs-same_raw_different_context-000135,abs-same_raw_different_context-000135:m1,abs-candidate-0008316-m1,abs-candidate-0008484-m1,continue_y,0.0,1.2266860969115725,-0.1514168155883664,-0.1514168155883664,-1.2186206305768725,-1.370037446165239,True,persistence_state,28,persistence_state,0.0,0.3581545352935791
280,same_raw_different_context,abs-candidate-0027216,abs-candidate-0027384,bandit,2.8942765759486706,0.0,4.161,2.38,-0.15141681558836706,-0.15141681558836706,4.793570798475808,-0.15141681558836706,strong_negative,,,,,abs-same_raw_different_context-000140,abstraction_test,0.06386915314994339,0.21210848059700527,True,abs-same_raw_different_context-000140,abs-same_raw_different_context-000140:m0,abs-candidate-0027216-m0,abs-candidate-0027384-m0,continue_x,0.0,1.1634420152318303,-0.15141681558836706,-0.15141681558836706,-1.061439117515598,-1.212855933103965,True,persistence_state,28,persistence_state,-0.125,0.7380344867706299
281,same_raw_different_context,abs-candidate-0027216,abs-candidate-0027384,bandit,2.8942765759486706,0.0,4.161,2.38,-0.15141681558836706,-0.15141681558836706,4.793570798475808,-0.15141681558836706,strong_negative,,,,,abs-same_raw_different_context-000140,abstraction_test,0.06386915314994339,0.21210848059700527,True,abs-same_raw_different_context-000140,abs-same_raw_different_context-000140:m1,abs-candidate-0027216-m1,abs-candidate-0027384-m1,continue_y,0.0,1.1634420152318303,-0.15141681558836684,-0.15141681558836673,-0.9997493906181815,-1.1511662062065482,True,persistence_state,28,persistence_state,-0.125,0.24759073555469513
290,same_raw_different_context,abs-candidate-0023688,abs-candidate-0023856,bandit,2.8942765759486706,0.0,4.161,2.38,-0.15141681558836706,-0.15141681558836706,4.793570798475808,-0.15141681558836706,strong_negative,,,,,abs-same_raw_different_context-000145,abstraction_test,0.06386915314994339,0.21210848059700527,True,abs-same_raw_different_context-000145,abs-same_raw_different_context-000145:m0,abs-candidate-0023688-m0,abs-candidate-0023856-m0,continue_x,0.0,1.331639116367728,-0.15141681558836706,-0.15141681558836706,0.44583697564813296,0.2944201600597659,True,persistence_state,28,persistence_state,-0.125,0.5171726942062378
291,same_raw_different_context,abs-candidate-0023688,abs-candidate-0023856,bandit,2.8942765759486706,0.0,4.161,2.38,-0.15141681558836706,-0.15141681558836706,4.793570798475808,-0.15141681558836706,strong_negative,,,,,abs-same_raw_different_context-000145,abstraction_test,0.06386915314994339,0.21210848059700527,True,abs-same_raw_different_context-000145,abs-same_raw_different_context-000145:m1,abs-candidate-0023688-m1,abs-candidate-0023856-m1,continue_y,0.0,1.3316391163677281,-0.15141681558836695,-0.15141681558836695,0.5075267025455493,0.3561098869571824,True,persistence_state,28,persistence_state,0.125,0.2174343764781952
300,same_raw_different_context,abs-candidate-0027468,abs-candidate-0027636,bandit,2.8942765759486706,0.0,4.161,2.38,-0.15141681558836706,-0.15141681558836706,4.793570798475808,-0.15141681558836706,strong_negative,,,,,abs-same_raw_different_context-000150,abstraction_test,0.06386915314994339,0.21210848059700527,True,abs-same_raw_different_context-000150,abs-same_raw_different_context-000150:m0,abs-candidate-0027468-m0,abs-candidate-0027636-m0,continue_x,0.0,1.1634420152318303,-0.15141681558836706,-0.15141681558836706,-1.1971348411223988,-1.3485516567107658,True,persistence_state,28,persistence_state,-0.125,0.7229179739952087
301,same_raw_different_context,abs-candidate-0027468,abs-candidate-0027636,bandit,2.8942765759486706,0.0,4.161,2.38,-0.15141681558836706,-0.15141681558836706,4.793570798475808,-0.15141681558836706,strong_negative,,,,,abs-same_raw_different_context-000150,abstraction_test,0.06386915314994339,0.21210848059700527,True,abs-same_raw_different_context-000150,abs-same_raw_different_context-000150:m1,abs-candidate-0027468-m1,abs-candidate-0027636-m1,continue_y,0.0,1.1634420152318308,-0.15141681558836684,-0.15141681558836684,-1.1354451142249822,-1.286861929813349,True,persistence_state,28,persistence_state,0.125,0.2901501953601837
310,same_raw_different_context,abs-candidate-0049392,abs-candidate-0049560,bandit,2.8942765759486706,0.0,4.161,2.38,-0.15141681558836684,-0.15141681558836684,4.793570798475808,-0.15141681558836684,strong_negative,,,,,abs-same_raw_different_context-000155,abstraction_test,0.06386915314994339,0.21210848059700527,True,abs-same_raw_different_context-000155,abs-same_raw_different_context-000155:m0,abs-candidate-0049392-m0,abs-candidate-0049560-m0,continue_x,0.0,1.3948831980474696,-0.15141681558836684,-0.15141681558836684,-0.36661877680520183,-0.5180355923935687,True,persistence_state,28,persistence_state,0.0,0.6939132809638977
311,same_raw_different_context,abs-candidate-0049392,abs-candidate-0049560,bandit,2.8942765759486706,0.0,4.161,2.38,-0.15141681558836684,-0.15141681558836684,4.793570798475808,-0.15141681558836684,strong_negative,,,,,abs-same_raw_different_context-000155,abstraction_test,0.06386915314994339,0.21210848059700527,True,abs-same_raw_different_context-000155,abs-same_raw_different_context-000155:m1,abs-candidate-0049392-m1,abs-candidate-0049560-m1,continue_y,0.0,1.3948831980474696,-0.15141681558836706,-0.15141681558836717,-0.304929049907785,-0.4563458654961522,True,persistence_state,28,persistence_state,0.0,0.2223426103591919
320,same_raw_different_context,abs-candidate-0021924,abs-candidate-0022092,bandit,2.8942765759486706,0.0,4.161,2.38,-0.15141681558836706,-0.15141681558836706,4.793570798475808,-0.15141681558836706,strong_negative,,,,,abs-same_raw_different_context-000160,abstraction_test,0.06386915314994339,0.21210848059700527,True,abs-same_raw_different_context-000160,abs-same_raw_different_context-000160:m0,abs-candidate-0021924-m0,abs-candidate-0022092-m0,continue_x,0.0,1.226686096911573,-0.15141681558836706,-0.15141681558836706,-1.8433125732685502,-1.9947293888569173,True,persistence_state,28,persistence_state,-0.25,1.0950113534927368
321,same_raw_different_context,abs-candidate-0021924,abs-candidate-0022092,bandit,2.8942765759486706,0.0,4.161,2.38,-0.15141681558836706,-0.15141681558836706,4.793570798475808,-0.15141681558836706,strong_negative,,,,,abs-same_raw_different_context-000160,abstraction_test,0.06386915314994339,0.21210848059700527,True,abs-same_raw_different_context-000160,abs-same_raw_different_context-000160:m1,abs-candidate-0021924-m1,abs-candidate-0022092-m1,continue_y,0.0,1.226686096911573,-0.15141681558836684,-0.15141681558836684,-1.7816228463711339,-1.9330396619595007,True,persistence_state,28,persistence_state,0.125,0.47683754563331604
330,same_raw_different_context,abs-candidate-0022176,abs-candidate-0022344,bandit,2.8942765759486706,0.0,4.161,2.38,-0.15141681558836706,-0.15141681558836706,4.793570798475808,-0.15141681558836706,strong_negative,,,,,abs-same_raw_different_context-000165,abstraction_test,0.06386915314994339,0.21210848059700527,True,abs-same_raw_different_context-000165,abs-same_raw_different_context-000165:m0,abs-candidate-0022176-m0,abs-candidate-0022344-m0,continue_x,0.0,1.2266860969115723,-0.15141681558836706,-0.15141681558836706,-1.979008296875351,-2.130425112463718,True,persistence_state,28,persistence_state,-0.125,0.9541338682174683
331,same_raw_different_context,abs-candidate-0022176,abs-candidate-0022344,bandit,2.8942765759486706,0.0,4.161,2.38,-0.15141681558836706,-0.15141681558836706,4.793570798475808,-0.15141681558836706,strong_negative,,,,,abs-same_raw_different_context-000165,abstraction_test,0.06386915314994339,0.21210848059700527,True,abs-same_raw_different_context-000165,abs-same_raw_different_context-000165:m1,abs-candidate-0022176-m1,abs-candidate-0022344-m1,continue_y,0.0,1.226686096911572,-0.15141681558836684,-0.15141681558836684,-1.9173185699779345,-2.0687353855663013,True,persistence_state,28,persistence_state,0.0,0.47834962606430054
340,same_raw_different_context,abs-candidate-0026376,abs-candidate-0026208,bandit,2.8942765759486706,0.0,-4.161,-2.38,0.15141681558836673,0.15141681558836673,4.793570798475808,0.15141681558836673,strong_positive,,,,,abs-same_raw_different_context-000170,abstraction_test,0.06386915314994339,0.21210848059700527,True,abs-same_raw_different_context-000170,abs-same_raw_different_context-000170:m0,abs-candidate-0026376-m0,abs-candidate-0026208-m0,continue_x,0.0,-1.3948831980474694,0.15141681558836673,0.15141681558836673,-0.05655811989512538,0.09485869569324135,True,persistence_state,28,persistence_state,0.0,0.6842028498649597
341,same_raw_different_context,abs-candidate-0026376,abs-candidate-0026208,bandit,2.8942765759486706,0.0,-4.161,-2.38,0.15141681558836673,0.15141681558836673,4.793570798475808,0.15141681558836673,strong_positive,,,,,abs-same_raw_different_context-000170,abstraction_test,0.06386915314994339,0.21210848059700527,True,abs-same_raw_different_context-000170,abs-same_raw_different_context-000170:m1,abs-candidate-0026376-m1,abs-candidate-0026208-m1,continue_y,0.0,-1.3948831980474687,0.15141681558836706,0.15141681558836706,0.005131607002291094,0.15654842259065815,True,persistence_state,28,persistence_state,0.0,0.39615553617477417
350,same_raw_different_context,abs-candidate-0027636,abs-candidate-0027468,bandit,2.8942765759486706,0.0,-4.161,-2.38,0.15141681558836706,0.15141681558836706,4.793570798475808,0.15141681558836706,strong_positive,,,,,abs-same_raw_different_context-000175,abstraction_test,0.06386915314994339,0.21210848059700527,True,abs-same_raw_different_context-000175,abs-same_raw_different_context-000175:m0,abs-candidate-0027636-m0,abs-candidate-0027468-m0,continue_x,0.0,-1.1634420152318303,0.15141681558836706,0.15141681558836706,-1.3485516567107658,-1.1971348411223988,True,persistence_state,28,persistence_state,0.0,0.7224500775337219
351,same_raw_different_context,abs-candidate-0027636,abs-candidate-0027468,bandit,2.8942765759486706,0.0,-4.161,-2.38,0.15141681558836706,0.15141681558836706,4.793570798475808,0.15141681558836706,strong_positive,,,,,abs-same_raw_different_context-000175,abstraction_test,0.06386915314994339,0.21210848059700527,True,abs-same_raw_different_context-000175,abs-same_raw_different_context-000175:m1,abs-candidate-0027636-m1,abs-candidate-0027468-m1,continue_y,0.0,-1.1634420152318308,0.15141681558836684,0.15141681558836684,-1.286861929813349,-1.1354451142249822,True,persistence_state,28,persistence_state,0.0,0.2889772951602936
360,same_raw_different_context,abs-candidate-0021588,abs-candidate-0021420,bandit,2.8942765759486706,0.0,-4.161,-2.38,0.15141681558836695,0.15141681558836695,4.793570798475808,0.15141681558836695,strong_positive,,,,,abs-same_raw_different_context-000180,abstraction_test,0.06386915314994339,0.21210848059700527,True,abs-same_raw_different_context-000180,abs-same_raw_different_context-000180:m0,abs-candidate-0021588-m0,abs-candidate-0021420-m0,continue_x,0.0,-1.3316391163677275,0.15141681558836695,0.15141681558836695,0.24517104961534908,0.39658786520371603,True,persistence_state,28,persistence_state,0.125,0.3032471537590027
361,same_raw_different_context,abs-candidate-0021588,abs-candidate-0021420,bandit,2.8942765759486706,0.0,-4.161,-2.38,0.15141681558836695,0.15141681558836695,4.793570798475808,0.15141681558836695,strong_positive,,,,,abs-same_raw_different_context-000180,abstraction_test,0.06386915314994339,0.21210848059700527,True,abs-same_raw_different_context-000180,abs-same_raw_different_context-000180:m1,abs-candidate-0021588-m1,abs-candidate-0021420-m1,continue_y,0.0,-1.3316391163677277,0.15141681558836695,0.15141681558836695,0.30686077651276567,0.4582775921011326,True,persistence_state,28,persistence_state,-0.125,0.11001013964414597
370,same_raw_different_context,abs-candidate-0048804,abs-candidate-0048636,bandit,2.8942765759486706,0.0,-4.161,-2.38,0.15141681558836684,0.15141681558836684,4.793570798475808,0.15141681558836684,strong_positive,,,,,abs-same_raw_different_context-000185,abstraction_test,0.06386915314994339,0.21210848059700527,True,abs-same_raw_different_context-000185,abs-same_raw_different_context-000185:m0,abs-candidate-0048804-m0,abs-candidate-0048636-m0,continue_x,0.0,-1.1634420152318312,0.15141681558836684,0.15141681558836684,-1.9400024828762126,-1.7885856672878457,True,persistence_state,28,persistence_state,0.125,0.628993570804596
371,same_raw_different_context,abs-candidate-0048804,abs-candidate-0048636,bandit,2.8942765759486706,0.0,-4.161,-2.38,0.15141681558836684,0.15141681558836684,4.793570798475808,0.15141681558836684,strong_positive,,,,,abs-same_raw_different_context-000185,abstraction_test,0.06386915314994339,0.21210848059700527,True,abs-same_raw_different_context-000185,abs-same_raw_different_context-000185:m1,abs-candidate-0048804-m1,abs-candidate-0048636-m1,continue_y,0.0,-1.1634420152318312,0.15141681558836706,0.15141681558836706,-1.8783127559787962,-1.7268959403904292,True,persistence_state,28,persistence_state,-0.125,0.3024859130382538
380,same_raw_different_context,abs-candidate-0020580,abs-candidate-0020412,bandit,2.8942765759486706,0.0,-4.161,-2.38,0.15141681558836706,0.15141681558836706,4.793570798475808,0.15141681558836706,strong_positive,,,,,abs-same_raw_different_context-000190,abstraction_test,0.06386915314994339,0.21210848059700527,True,abs-same_raw_different_context-000190,abs-same_raw_different_context-000190:m0,abs-candidate-0020580-m0,abs-candidate-0020412-m0,continue_x,0.0,-1.3316391163677275,0.15141681558836706,0.15141681558836706,-0.5828151789560065,-0.4313983633676395,True,persistence_state,28,persistence_state,0.125,0.7311174273490906
381,same_raw_different_context,abs-candidate-0020580,abs-candidate-0020412,bandit,2.8942765759486706,0.0,-4.161,-2.38,0.15141681558836706,0.15141681558836706,4.793570798475808,0.15141681558836706,strong_positive,,,,,abs-same_raw_different_context-000190,abstraction_test,0.06386915314994339,0.21210848059700527,True,abs-same_raw_different_context-000190,abs-same_raw_different_context-000190:m1,abs-candidate-0020580-m1,abs-candidate-0020412-m1,continue_y,0.0,-1.3316391163677275,0.15141681558836728,0.15141681558836728,-0.5211254520585902,-0.3697086364702229,True,persistence_state,28,persistence_state,0.0,0.2064923644065857
390,same_raw_different_context,abs-candidate-0022344,abs-candidate-0022176,bandit,2.8942765759486706,0.0,-4.161,-2.38,0.15141681558836706,0.15141681558836706,4.793570798475808,0.15141681558836706,strong_positive,,,,,abs-same_raw_different_context-000195,abstraction_test,0.06386915314994339,0.21210848059700527,True,abs-same_raw_different_context-000195,abs-same_raw_different_context-000195:m0,abs-candidate-0022344-m0,abs-candidate-0022176-m0,continue_x,0.0,-1.2266860969115723,0.15141681558836706,0.15141681558836706,-2.130425112463718,-1.979008296875351,True,persistence_state,28,persistence_state,0.25,0.9532403349876404
391,same_raw_different_context,abs-candidate-0022344,abs-candidate-0022176,bandit,2.8942765759486706,0.0,-4.161,-2.38,0.15141681558836706,0.15141681558836706,4.793570798475808,0.15141681558836706,strong_positive,,,,,abs-same_raw_different_context-000195,abstraction_test,0.06386915314994339,0.21210848059700527,True,abs-same_raw_different_context-000195,abs-same_raw_different_context-000195:m1,abs-candidate-0022344-m1,abs-candidate-0022176-m1,continue_y,0.0,-1.226686096911572,0.15141681558836684,0.15141681558836684,-2.0687353855663013,-1.9173185699779345,True,persistence_state,28,persistence_state,-0.125,0.47818535566329956
400,same_context_different_raw,abs-candidate-0000196,abs-candidate-0000168,bandit,2.866309830512964,-4.38,-0.2190000000000003,-2.0,-1.4814037574935695,-1.4814037574935695,4.819995954355149,-1.4814037574935695,strong_negative,,,,,abs-same_context_different_raw-000200,abstraction_test,0.06386915314994339,0.21210848059700527,True,abs-same_context_different_raw-000200,abs-same_context_different_raw-000200:m0,abs-candidate-0000196-m0,abs-candidate-0000168-m0,continue_x,-1.3014827676557235,-0.0612337902753588,-1.4814037574935695,-1.4814037574935695,0.21571003033458713,-1.2656937271589823,True,persistence_state,28,persistence_state,0.0,0.0
401,same_context_different_raw,abs-candidate-0000196,abs-candidate-0000168,bandit,2.866309830512964,-4.38,-0.2190000000000003,-2.0,-1.4814037574935695,-1.4814037574935695,4.819995954355149,-1.4814037574935695,strong_negative,,,,,abs-same_context_different_raw-000200,abstraction_test,0.06386915314994339,0.21210848059700527,True,abs-same_context_different_raw-000200,abs-same_context_different_raw-000200:m1,abs-candidate-0000196-m1,abs-candidate-0000168-m1,continue_y,-1.3014827676557237,-0.061233790275359024,-1.4814037574935695,-1.4814037574935695,0.2773997572320037,-1.2040040002615657,True,persistence_state,28,persistence_state,0.0,0.0
410,same_context_different_raw,abs-candidate-0000742,abs-candidate-0000714,bandit,2.866309830512964,-4.38,-0.2190000000000002,-2.42,-1.4546831429779752,-1.4546831429779752,5.008868235440018,-1.4546831429779752,strong_negative,,,,,abs-same_context_different_raw-000205,abstraction_test,0.06386915314994339,0.21210848059700527,True,abs-same_context_different_raw-000205,abs-same_context_different_raw-000205:m0,abs-candidate-0000742-m0,abs-candidate-0000714-m0,continue_x,-1.3014827676557235,-0.06123379027535958,-1.4546831429779752,-1.4546831429779752,0.006666683657371886,-1.4480164593206033,True,persistence_state,28,persistence_state,0.0,0.0
411,same_context_different_raw,abs-candidate-0000742,abs-candidate-0000714,bandit,2.866309830512964,-4.38,-0.2190000000000002,-2.42,-1.4546831429779752,-1.4546831429779752,5.008868235440018,-1.4546831429779752,strong_negative,,,,,abs-same_context_different_raw-000205,abstraction_test,0.06386915314994339,0.21210848059700527,True,abs-same_context_different_raw-000205,abs-same_context_different_raw-000205:m1,abs-candidate-0000742-m1,abs-candidate-0000714-m1,continue_y,-1.3014827676557235,-0.06123379027535958,-1.4546831429779756,-1.4546831429779756,0.0683564105547887,-1.386326732423187,True,persistence_state,28,persistence_state,0.0,0.0
420,same_context_different_raw,abs-candidate-0001246,abs-candidate-0001218,bandit,2.866309830512964,-4.38,-0.2190000000000002,-2.42,-1.4546831429779752,-1.4546831429779752,5.008868235440018,-1.4546831429779752,strong_negative,,,,,abs-same_context_different_raw-000210,abstraction_test,0.06386915314994339,0.21210848059700527,True,abs-same_context_different_raw-000210,abs-same_context_different_raw-000210:m0,abs-candidate-0001246-m0,abs-candidate-0001218-m0,continue_x,-1.3014827676557232,-0.0734149051603934,-1.4546831429779752,-1.4546831429779752,2.6113866340371326,1.1567034910591574,True,persistence_state,28,persistence_state,0.0,0.0
421,same_context_different_raw,abs-candidate-0001246,abs-candidate-0001218,bandit,2.866309830512964,-4.38,-0.2190000000000002,-2.42,-1.4546831429779752,-1.4546831429779752,5.008868235440018,-1.4546831429779752,strong_negative,,,,,abs-same_context_different_raw-000210,abstraction_test,0.06386915314994339,0.21210848059700527,True,abs-same_context_different_raw-000210,abs-same_context_different_raw-000210:m1,abs-candidate-0001246-m1,abs-candidate-0001218-m1,continue_y,-1.3014827676557235,-0.0734149051603934,-1.454683142977975,-1.454683142977975,2.673076360934549,1.218393217956574,True,persistence_state,28,persistence_state,0.0,0.0
430,same_context_different_raw,abs-candidate-0001750,abs-candidate-0001722,bandit,2.866309830512964,-4.38,-0.2190000000000002,-2.42,-1.454683142977976,-1.454683142977976,5.008868235440018,-1.454683142977976,strong_negative,,,,,abs-same_context_different_raw-000215,abstraction_test,0.06386915314994339,0.21210848059700527,True,abs-same_context_different_raw-000215,abs-same_context_different_raw-000215:m0,abs-candidate-0001750-m0,abs-candidate-0001722-m0,continue_x,-1.301482767655723,-0.0645624261532407,-1.454683142977976,-1.454683142977976,-0.46648169739390855,-1.9211648403718846,True,persistence_state,28,persistence_state,0.0,0.0
431,same_context_different_raw,abs-candidate-0001750,abs-candidate-0001722,bandit,2.866309830512964,-4.38,-0.2190000000000002,-2.42,-1.454683142977976,-1.454683142977976,5.008868235440018,-1.454683142977976,strong_negative,,,,,abs-same_context_different_raw-000215,abstraction_test,0.06386915314994339,0.21210848059700527,True,abs-same_context_different_raw-000215,abs-same_context_different_raw-000215:m1,abs-candidate-0001750-m1,abs-candidate-0001722-m1,continue_y,-1.301482767655723,-0.06456242615324048,-1.4546831429779752,-1.4546831429779752,-0.40479197049649235,-1.8594751134744676,True,persistence_state,28,persistence_state,0.0,0.0
440,same_context_different_raw,abs-candidate-0002968,abs-candidate-0002940,bandit,2.866309830512964,-4.38,-0.2190000000000003,-2.0,-1.4814037574935695,-1.4814037574935695,4.819995954355149,-1.4814037574935695,strong_negative,,,,,abs-same_context_different_raw-000220,abstraction_test,0.06386915314994339,0.21210848059700527,True,abs-same_context_different_raw-000220,abs-same_context_different_raw-000220:m0,abs-candidate-0002968-m0,abs-candidate-0002940-m0,continue_x,-1.3014827676557235,-0.07008626928251188,-1.4814037574935695,-1.4814037574935695,-0.3271290606605569,-1.8085328181541263,True,persistence_state,28,persistence_state,0.0,0.0
441,same_context_different_raw,abs-candidate-0002968,abs-candidate-0002940,bandit,2.866309830512964,-4.38,-0.2190000000000003,-2.0,-1.4814037574935695,-1.4814037574935695,4.819995954355149,-1.4814037574935695,strong_negative,,,,,abs-same_context_different_raw-000220,abstraction_test,0.06386915314994339,0.21210848059700527,True,abs-same_context_different_raw-000220,abs-same_context_different_raw-000220:m1,abs-candidate-0002968-m1,abs-candidate-0002940-m1,continue_y,-1.301482767655724,-0.07008626928251205,-1.481403757493569,-1.481403757493569,-0.26543933376314044,-1.7468430912567094,True,persistence_state,28,persistence_state,0.0,0.0
450,same_context_different_raw,abs-candidate-0003472,abs-candidate-0003444,bandit,2.866309830512964,-4.38,-0.2190000000000003,-2.0,-1.48140375749357,-1.48140375749357,4.819995954355149,-1.48140375749357,strong_negative,,,,,abs-same_context_different_raw-000225,abstraction_test,0.06386915314994339,0.21210848059700527,True,abs-same_context_different_raw-000225,abs-same_context_different_raw-000225:m0,abs-candidate-0003472-m0,abs-candidate-0003444-m0,continue_x,-1.301482767655723,-0.07341490516039317,-1.48140375749357,-1.48140375749357,0.7632413151248106,-0.7181624423687591,True,persistence_state,28,persistence_state,0.0,0.0
451,same_context_different_raw,abs-candidate-0003472,abs-candidate-0003444,bandit,2.866309830512964,-4.38,-0.2190000000000003,-2.0,-1.48140375749357,-1.48140375749357,4.819995954355149,-1.48140375749357,strong_negative,,,,,abs-same_context_different_raw-000225,abstraction_test,0.06386915314994339,0.21210848059700527,True,abs-same_context_different_raw-000225,abs-same_context_different_raw-000225:m1,abs-candidate-0003472-m1,abs-candidate-0003444-m1,continue_y,-1.3014827676557232,-0.07341490516039306,-1.48140375749357,-1.48140375749357,0.8249310420222273,-0.6564727154713424,True,persistence_state,28,persistence_state,0.0,0.0
460,same_context_different_raw,abs-candidate-0003976,abs-candidate-0003948,bandit,2.866309830512964,-4.38,-0.2190000000000003,-2.0,-1.48140375749357,-1.48140375749357,4.819995954355149,-1.48140375749357,strong_negative,,,,,abs-same_context_different_raw-000230,abstraction_test,0.06386915314994339,0.21210848059700527,True,abs-same_context_different_raw-000230,abs-same_context_different_raw-000230:m0,abs-candidate-0003976-m0,abs-candidate-0003948-m0,continue_x,-1.301482767655723,-0.061233790275359024,-1.48140375749357,-1.48140375749357,1.4043340526052788,-0.07706970488829101,True,persistence_state,28,persistence_state,0.0,0.0
461,same_context_different_raw,abs-candidate-0003976,abs-candidate-0003948,bandit,2.866309830512964,-4.38,-0.2190000000000003,-2.0,-1.48140375749357,-1.48140375749357,4.819995954355149,-1.48140375749357,strong_negative,,,,,abs-same_context_different_raw-000230,abstraction_test,0.06386915314994339,0.21210848059700527,True,abs-same_context_different_raw-000230,abs-same_context_different_raw-000230:m1,abs-candidate-0003976-m1,abs-candidate-0003948-m1,continue_y,-1.3014827676557228,-0.061233790275359024,-1.48140375749357,-1.48140375749357,1.4660237795026956,-0.015379977990874316,True,persistence_state,28,persistence_state,0.0,0.0
470,same_context_different_raw,abs-candidate-0004522,abs-candidate-0004494,bandit,2.866309830512964,-4.38,-0.2190000000000002,-2.42,-1.4546831429779754,-1.4546831429779754,5.008868235440018,-1.4546831429779754,strong_negative,,,,,abs-same_context_different_raw-000235,abstraction_test,0.06386915314994339,0.21210848059700527,True,abs-same_context_different_raw-000235,abs-same_context_different_raw-000235:m0,abs-candidate-0004522-m0,abs-candidate-0004494-m0,continue_x,-1.3014827676557232,-0.06123379027535941,-1.4546831429779754,-1.4546831429779754,1.1952907059280635,-0.2593924370499119,True,persistence_state,28,persistence_state,0.0,0.0
471,same_context_different_raw,abs-candidate-0004522,abs-candidate-0004494,bandit,2.866309830512964,-4.38,-0.2190000000000002,-2.42,-1.4546831429779754,-1.4546831429779754,5.008868235440018,-1.4546831429779754,strong_negative,,,,,abs-same_context_different_raw-000235,abstraction_test,0.06386915314994339,0.21210848059700527,True,abs-same_context_different_raw-000235,abs-same_context_different_raw-000235:m1,abs-candidate-0004522-m1,abs-candidate-0004494-m1,continue_y,-1.3014827676557232,-0.06123379027535958,-1.4546831429779754,-1.4546831429779754,1.25698043282548,-0.1977027101524952,True,persistence_state,28,persistence_state,0.0,0.0
480,same_context_different_raw,abs-candidate-0000202,abs-candidate-0000174,debugging,2.866309830512964,-4.38,-0.2190000000000003,-2.0,-1.0268789722526024,-1.0268789722526024,4.819995954355149,-1.0268789722526024,moderate_negative,,,,,abs-same_context_different_raw-000240,abstraction_test,0.06386915314994339,0.21210848059700527,True,abs-same_context_different_raw-000240,abs-same_context_different_raw-000240:m0,abs-candidate-0000202-m0,abs-candidate-0000174-m0,continue_x,-0.8899279749312126,-0.04224610963620257,-1.0268789722526024,-1.0268789722526024,-0.5296805109359708,-1.5565594831885732,True,persistence_state,28,persistence_state,0.0,0.0
481,same_context_different_raw,abs-candidate-0000202,abs-candidate-0000174,debugging,2.866309830512964,-4.38,-0.2190000000000003,-2.0,-1.0268789722526024,-1.0268789722526024,4.819995954355149,-1.0268789722526024,moderate_negative,,,,,abs-same_context_different_raw-000240,abstraction_test,0.06386915314994339,0.21210848059700527,True,abs-same_context_different_raw-000240,abs-same_context_different_raw-000240:m1,abs-candidate-0000202-m1,abs-candidate-0000174-m1,continue_y,-0.8899279749312123,-0.042246109636202345,-1.026878972252602,-1.026878972252602,-0.5896943633092575,-1.6165733355618594,True,persistence_state,28,persistence_state,0.0,0.0
490,same_context_different_raw,abs-candidate-0001000,abs-candidate-0000972,debugging,2.866309830512964,-4.38,-0.2190000000000002,-2.42,-1.0241308635945536,-1.0241308635945536,5.008868235440018,-1.0241308635945536,moderate_negative,,,,,abs-same_context_different_raw-000245,abstraction_test,0.06386915314994339,0.21210848059700527,True,abs-same_context_different_raw-000245,abs-same_context_different_raw-000245:m0,abs-candidate-0001000-m0,abs-candidate-0000972-m0,continue_x,-0.8899279749312131,-0.04812419536907331,-1.0241308635945536,-1.0241308635945536,-0.1851108896410908,-1.2092417532356445,True,persistence_state,28,persistence_state,0.0,0.0
491,same_context_different_raw,abs-candidate-0001000,abs-candidate-0000972,debugging,2.866309830512964,-4.38,-0.2190000000000002,-2.42,-1.0241308635945536,-1.0241308635945536,5.008868235440018,-1.0241308635945536,moderate_negative,,,,,abs-same_context_different_raw-000245,abstraction_test,0.06386915314994339,0.21210848059700527,True,abs-same_context_different_raw-000245,abs-same_context_different_raw-000245:m1,abs-candidate-0001000-m1,abs-candidate-0000972-m1,continue_y,-0.889927974931213,-0.04812419536907342,-1.0241308635945536,-1.0241308635945536,-0.24512474201437717,-1.2692556056089308,True,persistence_state,28,persistence_state,0.0,0.0
500,same_context_different_raw,abs-candidate-0001756,abs-candidate-0001728,debugging,2.866309830512964,-4.38,-0.2190000000000002,-2.42,-1.0241308635945534,-1.0241308635945534,5.008868235440018,-1.0241308635945534,moderate_negative,,,,,abs-same_context_different_raw-000250,abstraction_test,0.06386915314994339,0.21210848059700527,True,abs-same_context_different_raw-000250,abs-same_context_different_raw-000250:m0,abs-candidate-0001756-m0,abs-candidate-0001728-m0,continue_x,-0.8899279749312128,-0.0481241953690732,-1.0241308635945534,-1.0241308635945534,-0.4596338000747131,-1.4837646636692665,True,persistence_state,28,persistence_state,0.0,0.0
501,same_context_different_raw,abs-candidate-0001756,abs-candidate-0001728,debugging,2.866309830512964,-4.38,-0.2190000000000002,-2.42,-1.0241308635945534,-1.0241308635945534,5.008868235440018,-1.0241308635945534,moderate_negative,,,,,abs-same_context_different_raw-000250,abstraction_test,0.06386915314994339,0.21210848059700527,True,abs-same_context_different_raw-000250,abs-same_context_different_raw-000250:m1,abs-candidate-0001756-m1,abs-candidate-0001728-m1,continue_y,-0.8899279749312129,-0.0481241953690732,-1.0241308635945532,-1.0241308635945532,-0.5196476524479996,-1.5437785160425528,True,persistence_state,28,persistence_state,0.0,0.0
510,same_context_different_raw,abs-candidate-0002974,abs-candidate-0002946,debugging,2.866309830512964,-4.38,-0.2190000000000003,-2.0,-1.0268789722526022,-1.0268789722526022,4.819995954355149,-1.0268789722526022,moderate_negative,,,,,abs-same_context_different_raw-000255,abstraction_test,0.06386915314994339,0.21210848059700527,True,abs-same_context_different_raw-000255,abs-same_context_different_raw-000255:m0,abs-candidate-0002974-m0,abs-candidate-0002946-m0,continue_x,-0.8899279749312131,-0.04224610963620279,-1.0268789722526022,-1.0268789722526022,0.7273929188466582,-0.29948605340594386,True,persistence_state,28,persistence_state,0.0,0.0
511,same_context_different_raw,abs-candidate-0002974,abs-candidate-0002946,debugging,2.866309830512964,-4.38,-0.2190000000000003,-2.0,-1.0268789722526022,-1.0268789722526022,4.819995954355149,-1.0268789722526022,moderate_negative,,,,,abs-same_context_different_raw-000255,abstraction_test,0.06386915314994339,0.21210848059700527,True,abs-same_context_different_raw-000255,abs-same_context_different_raw-000255:m1,abs-candidate-0002974-m1,abs-candidate-0002946-m1,continue_y,-0.8899279749312125,-0.042246109636202234,-1.026878972252602,-1.026878972252602,0.6673790664733719,-0.3594999057792301,True,persistence_state,28,persistence_state,0.0,0.0
520,same_context_different_raw,abs-candidate-0003478,abs-candidate-0003450,debugging,2.866309830512964,-4.38,-0.2190000000000003,-2.0,-1.0268789722526022,-1.0268789722526022,4.819995954355149,-1.0268789722526022,moderate_negative,,,,,abs-same_context_different_raw-000260,abstraction_test,0.06386915314994339,0.21210848059700527,True,abs-same_context_different_raw-000260,abs-same_context_different_raw-000260:m0,abs-candidate-0003478-m0,abs-candidate-0003450-m0,continue_x,-0.8899279749312128,-0.045457278081433294,-1.0268789722526022,-1.0268789722526022,-1.425072647516833,-2.451951619769435,True,persistence_state,28,persistence_state,0.0,0.0
521,same_context_different_raw,abs-candidate-0003478,abs-candidate-0003450,debugging,2.866309830512964,-4.38,-0.2190000000000003,-2.0,-1.0268789722526022,-1.0268789722526022,4.819995954355149,-1.0268789722526022,moderate_negative,,,,,abs-same_context_different_raw-000260,abstraction_test,0.06386915314994339,0.21210848059700527,True,abs-same_context_different_raw-000260,abs-same_context_different_raw-000260:m1,abs-candidate-0003478-m1,abs-candidate-0003450-m1,continue_y,-0.889927974931213,-0.04545727808143374,-1.0268789722526024,-1.0268789722526024,-1.485086499890119,-2.5119654721427214,True,persistence_state,28,persistence_state,0.0,0.0
530,same_context_different_raw,abs-candidate-0004024,abs-candidate-0003996,debugging,2.866309830512964,-4.38,-0.2190000000000002,-2.42,-1.0241308635945536,-1.0241308635945536,5.008868235440018,-1.0241308635945536,moderate_negative,,,,,abs-same_context_different_raw-000265,abstraction_test,0.06386915314994339,0.21210848059700527,True,abs-same_context_different_raw-000265,abs-same_context_different_raw-000265:m0,abs-candidate-0004024-m0,abs-candidate-0003996-m0,continue_x,-0.8899279749312128,-0.04491302692384136,-1.0241308635945536,-1.0241308635945536,-0.9948074881603065,-2.0189383517548602,True,persistence_state,28,persistence_state,0.0,0.0
531,same_context_different_raw,abs-candidate-0004024,abs-candidate-0003996,debugging,2.866309830512964,-4.38,-0.2190000000000002,-2.42,-1.0241308635945536,-1.0241308635945536,5.008868235440018,-1.0241308635945536,moderate_negative,,,,,abs-same_context_different_raw-000265,abstraction_test,0.06386915314994339,0.21210848059700527,True,abs-same_context_different_raw-000265,abs-same_context_different_raw-000265:m1,abs-candidate-0004024-m1,abs-candidate-0003996-m1,continue_y,-0.8899279749312121,-0.044913026923842025,-1.0241308635945536,-1.0241308635945536,-1.0548213405335929,-2.0789522041281465,True,persistence_state,28,persistence_state,0.0,0.0
540,same_context_different_raw,abs-candidate-0005032,abs-candidate-0005004,debugging,2.866309830512964,-4.38,-0.2190000000000002,-2.42,-1.0241308635945539,-1.0241308635945539,5.008868235440018,-1.0241308635945539,moderate_negative,,,,,abs-same_context_different_raw-000270,abstraction_test,0.06386915314994339,0.21210848059700527,True,abs-same_context_different_raw-000270,abs-same_context_different_raw-000270:m0,abs-candidate-0005032-m0,abs-candidate-0005004-m0,continue_x,-0.8899279749312128,-0.045457278081433294,-1.0241308635945539,-1.0241308635945539,-1.6788969143664036,-2.7030277779609575,True,persistence_state,28,persistence_state,0.0,0.0
541,same_context_different_raw,abs-candidate-0005032,abs-candidate-0005004,debugging,2.866309830512964,-4.38,-0.2190000000000002,-2.42,-1.0241308635945539,-1.0241308635945539,5.008868235440018,-1.0241308635945539,moderate_negative,,,,,abs-same_context_different_raw-000270,abstraction_test,0.06386915314994339,0.21210848059700527,True,abs-same_context_different_raw-000270,abs-same_context_different_raw-000270:m1,abs-candidate-0005032-m1,abs-candidate-0005004-m1,continue_y,-0.889927974931213,-0.045457278081433294,-1.0241308635945539,-1.0241308635945539,-1.73891076673969,-2.7630416303342438,True,persistence_state,28,persistence_state,0.0,0.0
550,same_context_different_raw,abs-candidate-0005788,abs-candidate-0005760,debugging,2.866309830512964,-4.38,-0.2190000000000002,-2.42,-1.0241308635945534,-1.0241308635945534,5.008868235440018,-1.0241308635945534,moderate_negative,,,,,abs-same_context_different_raw-000275,abstraction_test,0.06386915314994339,0.21210848059700527,True,abs-same_context_different_raw-000275,abs-same_context_different_raw-000275:m0,abs-candidate-0005788-m0,abs-candidate-0005760-m0,continue_x,-0.8899279749312125,-0.044913026923842025,-1.0241308635945534,-1.0241308635945534,0.338312149760996,-0.6858187138335574,True,persistence_state,28,persistence_state,0.0,0.0
551,same_context_different_raw,abs-candidate-0005788,abs-candidate-0005760,debugging,2.866309830512964,-4.38,-0.2190000000000002,-2.42,-1.0241308635945534,-1.0241308635945534,5.008868235440018,-1.0241308635945534,moderate_negative,,,,,abs-same_context_different_raw-000275,abstraction_test,0.06386915314994339,0.21210848059700527,True,abs-same_context_different_raw-000275,abs-same_context_different_raw-000275:m1,abs-candidate-0005788-m1,abs-candidate-0005760-m1,continue_y,-0.8899279749312126,-0.044913026923842025,-1.0241308635945532,-1.0241308635945532,0.2782982973877094,-0.7458325662068437,True,persistence_state,28,persistence_state,0.0,0.0
560,same_context_different_raw,abs-candidate-0000211,abs-candidate-0000239,foraging,2.866309830512964,4.38,0.2190000000000002,2.42,0.9740328599757568,0.9740328599757568,5.008868235440018,0.9740328599757568,near_zero,,,,,abs-same_context_different_raw-000280,abstraction_test,0.06386915314994339,0.21210848059700527,True,abs-same_context_different_raw-000280,abs-same_context_different_raw-000280:m0,abs-candidate-0000211-m0,abs-candidate-0000239-m0,continue_x,0.8707577684892367,0.03885745788709427,0.9740328599757568,0.9740328599757568,-1.3241800355495572,-0.3501471755738004,True,persistence_state,28,persistence_state,0.0,0.0
561,same_context_different_raw,abs-candidate-0000211,abs-candidate-0000239,foraging,2.866309830512964,4.38,0.2190000000000002,2.42,0.9740328599757568,0.9740328599757568,5.008868235440018,0.9740328599757568,near_zero,,,,,abs-same_context_different_raw-000280,abstraction_test,0.06386915314994339,0.21210848059700527,True,abs-same_context_different_raw-000280,abs-same_context_different_raw-000280:m1,abs-candidate-0000211-m1,abs-candidate-0000239-m1,continue_y,0.8707577684892365,0.03885745788709416,0.9740328599757568,0.9740328599757568,-1.1893925636779032,-0.21535970370214647,True,persistence_state,28,persistence_state,0.0,0.0
570,same_context_different_raw,abs-candidate-0000743,abs-candidate-0000715,foraging,2.866309830512964,-4.38,-0.2190000000000002,-2.42,-0.9740328599757571,-0.9740328599757571,5.008868235440018,-0.9740328599757571,near_zero,,,,,abs-same_context_different_raw-000285,abstraction_test,0.06386915314994339,0.21210848059700527,True,abs-same_context_different_raw-000285,abs-same_context_different_raw-000285:m0,abs-candidate-0000743-m0,abs-candidate-0000715-m0,continue_x,-0.8707577684892367,-0.03885745788709438,-0.9740328599757571,-0.9740328599757571,-0.5698037774220923,-1.5438366373978494,True,persistence_state,28,persistence_state,0.0,0.0
571,same_context_different_raw,abs-candidate-0000743,abs-candidate-0000715,foraging,2.866309830512964,-4.38,-0.2190000000000002,-2.42,-0.9740328599757571,-0.9740328599757571,5.008868235440018,-0.9740328599757571,near_zero,,,,,abs-same_context_different_raw-000285,abstraction_test,0.06386915314994339,0.21210848059700527,True,abs-same_context_different_raw-000285,abs-same_context_different_raw-000285:m1,abs-candidate-0000743-m1,abs-candidate-0000715-m1,continue_y,-0.8707577684892365,-0.03885745788709427,-0.9740328599757568,-0.9740328599757568,-0.4350163055504383,-1.4090491655261952,True,persistence_state,28,persistence_state,0.0,0.0
580,same_context_different_raw,abs-candidate-0001247,abs-candidate-0001219,foraging,2.866309830512964,-4.38,-0.2190000000000002,-2.42,-0.9740328599757564,-0.9740328599757564,5.008868235440018,-0.9740328599757564,near_zero,,,,,abs-same_context_different_raw-000290,abstraction_test,0.06386915314994339,0.21210848059700527,True,abs-same_context_different_raw-000290,abs-same_context_different_raw-000290:m0,abs-candidate-0001247-m0,abs-candidate-0001219-m0,continue_x,-0.8707577684892369,-0.047755529357745186,-0.9740328599757564,-0.9740328599757564,-1.1060528483215515,-2.080085708297308,True,persistence_state,28,persistence_state,0.0,0.0
581,same_context_different_raw,abs-candidate-0001247,abs-candidate-0001219,foraging,2.866309830512964,-4.38,-0.2190000000000002,-2.42,-0.9740328599757564,-0.9740328599757564,5.008868235440018,-0.9740328599757564,near_zero,,,,,abs-same_context_different_raw-000290,abstraction_test,0.06386915314994339,0.21210848059700527,True,abs-same_context_different_raw-000290,abs-same_context_different_raw-000290:m1,abs-candidate-0001247-m1,abs-candidate-0001219-m1,continue_y,-0.8707577684892369,-0.047755529357744964,-0.9740328599757564,-0.9740328599757564,-0.9712653764498977,-1.9452982364256541,True,persistence_state,28,persistence_state,0.0,0.0
590,same_context_different_raw,abs-candidate-0001975,abs-candidate-0002003,foraging,2.866309830512964,4.38,0.2190000000000002,2.42,0.9740328599757566,0.9740328599757566,5.008868235440018,0.9740328599757566,near_zero,,,,,abs-same_context_different_raw-000295,abstraction_test,0.06386915314994339,0.21210848059700527,True,abs-same_context_different_raw-000295,abs-same_context_different_raw-000295:m0,abs-candidate-0001975-m0,abs-candidate-0002003-m0,continue_x,0.8707577684892369,0.03885745788709416,0.9740328599757566,0.9740328599757566,1.220564032439666,2.1945968924154227,True,persistence_state,28,persistence_state,0.0,0.0
591,same_context_different_raw,abs-candidate-0001975,abs-candidate-0002003,foraging,2.866309830512964,4.38,0.2190000000000002,2.42,0.9740328599757566,0.9740328599757566,5.008868235440018,0.9740328599757566,near_zero,,,,,abs-same_context_different_raw-000295,abstraction_test,0.06386915314994339,0.21210848059700527,True,abs-same_context_different_raw-000295,abs-same_context_different_raw-000295:m1,abs-candidate-0001975-m1,abs-candidate-0002003-m1,continue_y,0.870757768489236,0.03885745788709438,0.9740328599757571,0.9740328599757571,1.3553515043113196,2.3293843642870766,True,persistence_state,28,persistence_state,0.0,0.0
600,same_context_different_raw,abs-candidate-0002507,abs-candidate-0002479,foraging,2.866309830512964,-4.38,-0.2190000000000002,-2.42,-0.9740328599757568,-0.9740328599757568,5.008868235440018,-0.9740328599757568,near_zero,,,,,abs-same_context_different_raw-000300,abstraction_test,0.06386915314994339,0.21210848059700527,True,abs-same_context_different_raw-000300,abs-same_context_different_raw-000300:m0,abs-candidate-0002507-m0,abs-candidate-0002479-m0,continue_x,-0.8707577684892368,-0.04775552935774541,-0.9740328599757568,-0.9740328599757568,-0.2391192945064598,-1.2131521544822166,True,persistence_state,28,persistence_state,0.0,0.0
601,same_context_different_raw,abs-candidate-0002507,abs-candidate-0002479,foraging,2.866309830512964,-4.38,-0.2190000000000002,-2.42,-0.9740328599757568,-0.9740328599757568,5.008868235440018,-0.9740328599757568,near_zero,,,,,abs-same_context_different_raw-000300,abstraction_test,0.06386915314994339,0.21210848059700527,True,abs-same_context_different_raw-000300,abs-same_context_different_raw-000300:m1,abs-candidate-0002507-m1,abs-candidate-0002479-m1,continue_y,-0.8707577684892367,-0.0477555293577453,-0.9740328599757568,-0.9740328599757568,-0.10433182263480606,-1.0783646826105628,True,persistence_state,28,persistence_state,0.0,0.0
610,same_context_different_raw,abs-candidate-0003697,abs-candidate-0003725,foraging,2.866309830512964,4.38,0.2190000000000003,2.0,0.9852829364292959,0.9852829364292959,4.819995954355149,0.9852829364292959,near_zero,,,,,abs-same_context_different_raw-000305,abstraction_test,0.06386915314994339,0.21210848059700527,True,abs-same_context_different_raw-000305,abs-same_context_different_raw-000305:m0,abs-candidate-0003697-m0,abs-candidate-0003725-m0,continue_x,0.8707577684892368,0.03795177073910591,0.9852829364292959,0.9852829364292959,-0.932657534568111,0.05262540186118492,True,persistence_state,28,persistence_state,0.0,0.0
611,same_context_different_raw,abs-candidate-0003697,abs-candidate-0003725,foraging,2.866309830512964,4.38,0.2190000000000003,2.0,0.9852829364292959,0.9852829364292959,4.819995954355149,0.9852829364292959,near_zero,,,,,abs-same_context_different_raw-000305,abstraction_test,0.06386915314994339,0.21210848059700527,True,abs-same_context_different_raw-000305,abs-same_context_different_raw-000305:m1,abs-candidate-0003697-m1,abs-candidate-0003725-m1,continue_y,0.8707577684892367,0.03795177073910605,0.9852829364292959,0.985282936429296,-0.7978700626964572,0.18741287373283877,True,persistence_state,28,persistence_state,0.0,0.0
620,same_context_different_raw,abs-candidate-0003739,abs-candidate-0003767,foraging,2.866309830512964,4.38,0.2190000000000002,2.42,0.9740328599757566,0.9740328599757566,5.008868235440018,0.9740328599757566,near_zero,,,,,abs-same_context_different_raw-000310,abstraction_test,0.06386915314994339,0.21210848059700527,True,abs-same_context_different_raw-000310,abs-same_context_different_raw-000310:m0,abs-candidate-0003739-m0,abs-candidate-0003767-m0,continue_x,0.8707577684892368,0.03795177073910588,0.9740328599757566,0.9740328599757566,-0.8951572797229803,0.0788755802527763,True,persistence_state,28,persistence_state,0.0,0.0
621,same_context_different_raw,abs-candidate-0003739,abs-candidate-0003767,foraging,2.866309830512964,4.38,0.2190000000000002,2.42,0.9740328599757566,0.9740328599757566,5.008868235440018,0.9740328599757566,near_zero,,,,,abs-same_context_different_raw-000310,abstraction_test,0.06386915314994339,0.21210848059700527,True,abs-same_context_different_raw-000310,abs-same_context_different_raw-000310:m1,abs-candidate-0003739-m1,abs-candidate-0003767-m1,continue_y,0.8707577684892367,0.037951770739105856,0.9740328599757568,0.9740328599757568,-0.7603698078513267,0.21366305212443015,True,persistence_state,28,persistence_state,0.0,0.0
630,same_context_different_raw,abs-candidate-0004271,abs-candidate-0004243,foraging,2.866309830512964,-4.38,-0.2190000000000002,-2.42,-0.9740328599757568,-0.9740328599757568,5.008868235440018,-0.9740328599757568,near_zero,,,,,abs-same_context_different_raw-000315,abstraction_test,0.06386915314994339,0.21210848059700527,True,abs-same_context_different_raw-000315,abs-same_context_different_raw-000315:m0,abs-candidate-0004271-m0,abs-candidate-0004243-m0,continue_x,-0.870757768489237,-0.04866121650573352,-0.9740328599757568,-0.9740328599757568,0.14105215814546113,-0.8329807018302957,True,persistence_state,28,persistence_state,0.0,0.0
631,same_context_different_raw,abs-candidate-0004271,abs-candidate-0004243,foraging,2.866309830512964,-4.38,-0.2190000000000002,-2.42,-0.9740328599757568,-0.9740328599757568,5.008868235440018,-0.9740328599757568,near_zero,,,,,abs-same_context_different_raw-000315,abstraction_test,0.06386915314994339,0.21210848059700527,True,abs-same_context_different_raw-000315,abs-same_context_different_raw-000315:m1,abs-candidate-0004271-m1,abs-candidate-0004243-m1,continue_y,-0.8707577684892371,-0.04866121650573374,-0.9740328599757571,-0.9740328599757571,0.2758396300171151,-0.698193229958642,True,persistence_state,28,persistence_state,0.0,0.0
640,same_context_different_raw,abs-candidate-0000174,abs-candidate-0000202,debugging,2.866309830512964,4.38,0.2190000000000003,2.0,1.0268789722526024,1.0268789722526024,4.819995954355149,1.0268789722526024,moderate_positive,,,,,abs-same_context_different_raw-000320,abstraction_test,0.06386915314994339,0.21210848059700527,True,abs-same_context_different_raw-000320,abs-same_context_different_raw-000320:m0,abs-candidate-0000174-m0,abs-candidate-0000202-m0,continue_x,0.8899279749312126,0.04224610963620257,1.0268789722526024,1.0268789722526024,-1.5565594831885732,-0.5296805109359708,True,persistence_state,28,persistence_state,0.0,0.0
641,same_context_different_raw,abs-candidate-0000174,abs-candidate-0000202,debugging,2.866309830512964,4.38,0.2190000000000003,2.0,1.0268789722526024,1.0268789722526024,4.819995954355149,1.0268789722526024,moderate_positive,,,,,abs-same_context_different_raw-000320,abstraction_test,0.06386915314994339,0.21210848059700527,True,abs-same_context_different_raw-000320,abs-same_context_different_raw-000320:m1,abs-candidate-0000174-m1,abs-candidate-0000202-m1,continue_y,0.8899279749312123,0.042246109636202345,1.026878972252602,1.026878972252602,-1.6165733355618594,-0.5896943633092575,True,persistence_state,28,persistence_state,0.0,0.0
650,same_context_different_raw,abs-candidate-0001434,abs-candidate-0001462,debugging,2.866309830512964,4.38,0.2190000000000003,2.0,1.0268789722526022,1.0268789722526022,4.819995954355149,1.0268789722526022,moderate_positive,,,,,abs-same_context_different_raw-000325,abstraction_test,0.06386915314994339,0.21210848059700527,True,abs-same_context_different_raw-000325,abs-same_context_different_raw-000325:m0,abs-candidate-0001434-m0,abs-candidate-0001462-m0,continue_x,0.8899279749312132,0.0481241953690732,1.0268789722526022,1.0268789722526022,-1.6128187795333062,-0.585939807280704,True,persistence_state,28,persistence_state,0.0,0.0
651,same_context_different_raw,abs-candidate-0001434,abs-candidate-0001462,debugging,2.866309830512964,4.38,0.2190000000000003,2.0,1.0268789722526022,1.0268789722526022,4.819995954355149,1.0268789722526022,moderate_positive,,,,,abs-same_context_different_raw-000325,abstraction_test,0.06386915314994339,0.21210848059700527,True,abs-same_context_different_raw-000325,abs-same_context_different_raw-000325:m1,abs-candidate-0001434-m1,abs-candidate-0001462-m1,continue_y,0.8899279749312131,0.04812419536907353,1.0268789722526015,1.0268789722526015,-1.672832631906592,-0.6459536596539905,True,persistence_state,28,persistence_state,0.0,0.0
660,same_context_different_raw,abs-candidate-0001938,abs-candidate-0001966,debugging,2.866309830512964,4.38,0.2190000000000003,2.0,1.0268789722526024,1.0268789722526024,4.819995954355149,1.0268789722526024,moderate_positive,,,,,abs-same_context_different_raw-000330,abstraction_test,0.06386915314994339,0.21210848059700527,True,abs-same_context_different_raw-000330,abs-same_context_different_raw-000330:m0,abs-candidate-0001938-m0,abs-candidate-0001966-m0,continue_x,0.8899279749312126,0.0481241953690732,1.0268789722526024,1.0268789722526024,-1.6901333579148456,-0.6632543856622433,True,persistence_state,28,persistence_state,0.0,0.0
661,same_context_different_raw,abs-candidate-0001938,abs-candidate-0001966,debugging,2.866309830512964,4.38,0.2190000000000003,2.0,1.0268789722526024,1.0268789722526024,4.819995954355149,1.0268789722526024,moderate_positive,,,,,abs-same_context_different_raw-000330,abstraction_test,0.06386915314994339,0.21210848059700527,True,abs-same_context_different_raw-000330,abs-same_context_different_raw-000330:m1,abs-candidate-0001938-m1,abs-candidate-0001966-m1,continue_y,0.8899279749312128,0.0481241953690732,1.0268789722526028,1.0268789722526028,-1.7501472102881321,-0.7232682380355294,True,persistence_state,28,persistence_state,0.0,0.0
670,same_context_different_raw,abs-candidate-0002694,abs-candidate-0002722,debugging,2.866309830512964,4.38,0.2190000000000003,2.0,1.026878972252602,1.026878972252602,4.819995954355149,1.026878972252602,moderate_positive,,,,,abs-same_context_different_raw-000335,abstraction_test,0.06386915314994339,0.21210848059700527,True,abs-same_context_different_raw-000335,abs-same_context_different_raw-000335:m0,abs-candidate-0002694-m0,abs-candidate-0002722-m0,continue_x,0.8899279749312132,0.042246109636202234,1.026878972252602,1.026878972252602,-0.10227772135386115,0.9246012508987409,True,persistence_state,28,persistence_state,0.0,0.0
671,same_context_different_raw,abs-candidate-0002694,abs-candidate-0002722,debugging,2.866309830512964,4.38,0.2190000000000003,2.0,1.026878972252602,1.026878972252602,4.819995954355149,1.026878972252602,moderate_positive,,,,,abs-same_context_different_raw-000335,abstraction_test,0.06386915314994339,0.21210848059700527,True,abs-same_context_different_raw-000335,abs-same_context_different_raw-000335:m1,abs-candidate-0002694-m1,abs-candidate-0002722-m1,continue_y,0.8899279749312129,0.042246109636202345,1.026878972252602,1.026878972252602,-0.16229157372714753,0.8645873985254545,True,persistence_state,28,persistence_state,0.0,0.0
680,same_context_different_raw,abs-candidate-0003198,abs-candidate-0003226,debugging,2.866309830512964,4.38,0.2190000000000003,2.0,1.0268789722526024,1.0268789722526024,4.819995954355149,1.0268789722526024,moderate_positive,,,,,abs-same_context_different_raw-000340,abstraction_test,0.06386915314994339,0.21210848059700527,True,abs-same_context_different_raw-000340,abs-same_context_different_raw-000340:m0,abs-candidate-0003198-m0,abs-candidate-0003226-m0,continue_x,0.8899279749312128,0.04545727808143374,1.0268789722526024,1.0268789722526024,-2.2547432877173526,-1.2278643154647502,True,persistence_state,28,persistence_state,0.0,0.0
681,same_context_different_raw,abs-candidate-0003198,abs-candidate-0003226,debugging,2.866309830512964,4.38,0.2190000000000003,2.0,1.0268789722526024,1.0268789722526024,4.819995954355149,1.0268789722526024,moderate_positive,,,,,abs-same_context_different_raw-000340,abstraction_test,0.06386915314994339,0.21210848059700527,True,abs-same_context_different_raw-000340,abs-same_context_different_raw-000340:m1,abs-candidate-0003198-m1,abs-candidate-0003226-m1,continue_y,0.8899279749312132,0.04545727808143374,1.0268789722526026,1.0268789722526026,-2.314757140090639,-1.2878781678380362,True,persistence_state,28,persistence_state,0.0,0.0
690,same_context_different_raw,abs-candidate-0003744,abs-candidate-0003772,debugging,2.866309830512964,4.38,0.2190000000000002,2.42,1.024130863594554,1.024130863594554,5.008868235440018,1.024130863594554,moderate_positive,,,,,abs-same_context_different_raw-000345,abstraction_test,0.06386915314994339,0.21210848059700527,True,abs-same_context_different_raw-000345,abs-same_context_different_raw-000345:m0,abs-candidate-0003744-m0,abs-candidate-0003772-m0,continue_x,0.889927974931213,0.045457278081433294,1.024130863594554,1.024130863594554,-2.639999589628022,-1.6158687260334679,True,persistence_state,28,persistence_state,0.0,0.0
691,same_context_different_raw,abs-candidate-0003744,abs-candidate-0003772,debugging,2.866309830512964,4.38,0.2190000000000002,2.42,1.024130863594554,1.024130863594554,5.008868235440018,1.024130863594554,moderate_positive,,,,,abs-same_context_different_raw-000345,abstraction_test,0.06386915314994339,0.21210848059700527,True,abs-same_context_different_raw-000345,abs-same_context_different_raw-000345:m1,abs-candidate-0003744-m1,abs-candidate-0003772-m1,continue_y,0.8899279749312128,0.04545727808143374,1.0241308635945543,1.0241308635945543,-2.7000134420013087,-1.6758825784067544,True,persistence_state,28,persistence_state,0.0,0.0
700,same_context_different_raw,abs-candidate-0004752,abs-candidate-0004780,debugging,2.866309830512964,4.38,0.2190000000000002,2.42,1.024130863594554,1.024130863594554,5.008868235440018,1.024130863594554,moderate_positive,,,,,abs-same_context_different_raw-000350,abstraction_test,0.06386915314994339,0.21210848059700527,True,abs-same_context_different_raw-000350,abs-same_context_different_raw-000350:m0,abs-candidate-0004752-m0,abs-candidate-0004780-m0,continue_x,0.8899279749312123,0.045457278081433516,1.024130863594554,1.024130863594554,-2.505819445908875,-1.4816885823143209,True,persistence_state,28,persistence_state,0.0,0.0
701,same_context_different_raw,abs-candidate-0004752,abs-candidate-0004780,debugging,2.866309830512964,4.38,0.2190000000000002,2.42,1.024130863594554,1.024130863594554,5.008868235440018,1.024130863594554,moderate_positive,,,,,abs-same_context_different_raw-000350,abstraction_test,0.06386915314994339,0.21210848059700527,True,abs-same_context_different_raw-000350,abs-same_context_different_raw-000350:m1,abs-candidate-0004752-m1,abs-candidate-0004780-m1,continue_y,0.8899279749312123,0.045457278081433294,1.0241308635945536,1.0241308635945536,-2.565833298282161,-1.5417024346876071,True,persistence_state,28,persistence_state,0.0,0.0
710,same_context_different_raw,abs-candidate-0005508,abs-candidate-0005536,debugging,2.866309830512964,4.38,0.2190000000000002,2.42,1.024130863594554,1.024130863594554,5.008868235440018,1.024130863594554,moderate_positive,,,,,abs-same_context_different_raw-000355,abstraction_test,0.06386915314994339,0.21210848059700527,True,abs-same_context_different_raw-000355,abs-same_context_different_raw-000355:m0,abs-candidate-0005508-m0,abs-candidate-0005536-m0,continue_x,0.8899279749312128,0.044913026923842025,1.024130863594554,1.024130863594554,-0.48861038178147476,0.5355204818130794,True,persistence_state,28,persistence_state,0.0,0.0
711,same_context_different_raw,abs-candidate-0005508,abs-candidate-0005536,debugging,2.866309830512964,4.38,0.2190000000000002,2.42,1.024130863594554,1.024130863594554,5.008868235440018,1.024130863594554,moderate_positive,,,,,abs-same_context_different_raw-000355,abstraction_test,0.06386915314994339,0.21210848059700527,True,abs-same_context_different_raw-000355,abs-same_context_different_raw-000355:m1,abs-candidate-0005508-m1,abs-candidate-0005536-m1,continue_y,0.8899279749312126,0.044913026923842025,1.0241308635945539,1.0241308635945539,-0.5486242341547611,0.4755066294397927,True,persistence_state,28,persistence_state,0.0,0.0
720,same_context_different_raw,abs-candidate-0000168,abs-candidate-0000196,bandit,2.866309830512964,4.38,0.2190000000000003,2.0,1.4814037574935695,1.4814037574935695,4.819995954355149,1.4814037574935695,strong_positive,,,,,abs-same_context_different_raw-000360,abstraction_test,0.06386915314994339,0.21210848059700527,True,abs-same_context_different_raw-000360,abs-same_context_different_raw-000360:m0,abs-candidate-0000168-m0,abs-candidate-0000196-m0,continue_x,1.3014827676557235,0.0612337902753588,1.4814037574935695,1.4814037574935695,-1.2656937271589823,0.21571003033458713,True,persistence_state,28,persistence_state,0.0,0.0
721,same_context_different_raw,abs-candidate-0000168,abs-candidate-0000196,bandit,2.866309830512964,4.38,0.2190000000000003,2.0,1.4814037574935695,1.4814037574935695,4.819995954355149,1.4814037574935695,strong_positive,,,,,abs-same_context_different_raw-000360,abstraction_test,0.06386915314994339,0.21210848059700527,True,abs-same_context_different_raw-000360,abs-same_context_different_raw-000360:m1,abs-candidate-0000168-m1,abs-candidate-0000196-m1,continue_y,1.3014827676557237,0.061233790275359024,1.4814037574935695,1.4814037574935695,-1.2040040002615657,0.2773997572320037,True,persistence_state,28,persistence_state,0.0,0.0
730,same_context_different_raw,abs-candidate-0000714,abs-candidate-0000742,bandit,2.866309830512964,4.38,0.2190000000000002,2.42,1.4546831429779752,1.4546831429779752,5.008868235440018,1.4546831429779752,strong_positive,,,,,abs-same_context_different_raw-000365,abstraction_test,0.06386915314994339,0.21210848059700527,True,abs-same_context_different_raw-000365,abs-same_context_different_raw-000365:m0,abs-candidate-0000714-m0,abs-candidate-0000742-m0,continue_x,1.3014827676557235,0.06123379027535958,1.4546831429779752,1.4546831429779752,-1.4480164593206033,0.006666683657371886,True,persistence_state,28,persistence_state,0.0,0.0
731,same_context_different_raw,abs-candidate-0000714,abs-candidate-0000742,bandit,2.866309830512964,4.38,0.2190000000000002,2.42,1.4546831429779752,1.4546831429779752,5.008868235440018,1.4546831429779752,strong_positive,,,,,abs-same_context_different_raw-000365,abstraction_test,0.06386915314994339,0.21210848059700527,True,abs-same_context_different_raw-000365,abs-same_context_different_raw-000365:m1,abs-candidate-0000714-m1,abs-candidate-0000742-m1,continue_y,1.3014827676557235,0.06123379027535958,1.4546831429779756,1.4546831429779756,-1.386326732423187,0.0683564105547887,True,persistence_state,28,persistence_state,0.0,0.0
740,same_context_different_raw,abs-candidate-0001218,abs-candidate-0001246,bandit,2.866309830512964,4.38,0.2190000000000002,2.42,1.4546831429779752,1.4546831429779752,5.008868235440018,1.4546831429779752,strong_positive,,,,,abs-same_context_different_raw-000370,abstraction_test,0.06386915314994339,0.21210848059700527,True,abs-same_context_different_raw-000370,abs-same_context_different_raw-000370:m0,abs-candidate-0001218-m0,abs-candidate-0001246-m0,continue_x,1.3014827676557232,0.0734149051603934,1.4546831429779752,1.4546831429779752,1.1567034910591574,2.6113866340371326,True,persistence_state,28,persistence_state,0.0,0.0
741,same_context_different_raw,abs-candidate-0001218,abs-candidate-0001246,bandit,2.866309830512964,4.38,0.2190000000000002,2.42,1.4546831429779752,1.4546831429779752,5.008868235440018,1.4546831429779752,strong_positive,,,,,abs-same_context_different_raw-000370,abstraction_test,0.06386915314994339,0.21210848059700527,True,abs-same_context_different_raw-000370,abs-same_context_different_raw-000370:m1,abs-candidate-0001218-m1,abs-candidate-0001246-m1,continue_y,1.3014827676557235,0.0734149051603934,1.454683142977975,1.454683142977975,1.218393217956574,2.673076360934549,True,persistence_state,28,persistence_state,0.0,0.0
750,same_context_different_raw,abs-candidate-0001722,abs-candidate-0001750,bandit,2.866309830512964,4.38,0.2190000000000002,2.42,1.454683142977976,1.454683142977976,5.008868235440018,1.454683142977976,strong_positive,,,,,abs-same_context_different_raw-000375,abstraction_test,0.06386915314994339,0.21210848059700527,True,abs-same_context_different_raw-000375,abs-same_context_different_raw-000375:m0,abs-candidate-0001722-m0,abs-candidate-0001750-m0,continue_x,1.301482767655723,0.0645624261532407,1.454683142977976,1.454683142977976,-1.9211648403718846,-0.46648169739390855,True,persistence_state,28,persistence_state,0.0,0.0
751,same_context_different_raw,abs-candidate-0001722,abs-candidate-0001750,bandit,2.866309830512964,4.38,0.2190000000000002,2.42,1.454683142977976,1.454683142977976,5.008868235440018,1.454683142977976,strong_positive,,,,,abs-same_context_different_raw-000375,abstraction_test,0.06386915314994339,0.21210848059700527,True,abs-same_context_different_raw-000375,abs-same_context_different_raw-000375:m1,abs-candidate-0001722-m1,abs-candidate-0001750-m1,continue_y,1.301482767655723,0.06456242615324048,1.4546831429779752,1.4546831429779752,-1.8594751134744676,-0.40479197049649235,True,persistence_state,28,persistence_state,0.0,0.0
760,same_context_different_raw,abs-candidate-0002940,abs-candidate-0002968,bandit,2.866309830512964,4.38,0.2190000000000003,2.0,1.4814037574935695,1.4814037574935695,4.819995954355149,1.4814037574935695,strong_positive,,,,,abs-same_context_different_raw-000380,abstraction_test,0.06386915314994339,0.21210848059700527,True,abs-same_context_different_raw-000380,abs-same_context_different_raw-000380:m0,abs-candidate-0002940-m0,abs-candidate-0002968-m0,continue_x,1.3014827676557235,0.07008626928251188,1.4814037574935695,1.4814037574935695,-1.8085328181541263,-0.3271290606605569,True,persistence_state,28,persistence_state,0.0,0.0
761,same_context_different_raw,abs-candidate-0002940,abs-candidate-0002968,bandit,2.866309830512964,4.38,0.2190000000000003,2.0,1.4814037574935695,1.4814037574935695,4.819995954355149,1.4814037574935695,strong_positive,,,,,abs-same_context_different_raw-000380,abstraction_test,0.06386915314994339,0.21210848059700527,True,abs-same_context_different_raw-000380,abs-same_context_different_raw-000380:m1,abs-candidate-0002940-m1,abs-candidate-0002968-m1,continue_y,1.301482767655724,0.07008626928251205,1.481403757493569,1.481403757493569,-1.7468430912567094,-0.26543933376314044,True,persistence_state,28,persistence_state,0.0,0.0
770,same_context_different_raw,abs-candidate-0003444,abs-candidate-0003472,bandit,2.866309830512964,4.38,0.2190000000000003,2.0,1.48140375749357,1.48140375749357,4.819995954355149,1.48140375749357,strong_positive,,,,,abs-same_context_different_raw-000385,abstraction_test,0.06386915314994339,0.21210848059700527,True,abs-same_context_different_raw-000385,abs-same_context_different_raw-000385:m0,abs-candidate-0003444-m0,abs-candidate-0003472-m0,continue_x,1.301482767655723,0.07341490516039317,1.48140375749357,1.48140375749357,-0.7181624423687591,0.7632413151248106,True,persistence_state,28,persistence_state,0.0,0.0
771,same_context_different_raw,abs-candidate-0003444,abs-candidate-0003472,bandit,2.866309830512964,4.38,0.2190000000000003,2.0,1.48140375749357,1.48140375749357,4.819995954355149,1.48140375749357,strong_positive,,,,,abs-same_context_different_raw-000385,abstraction_test,0.06386915314994339,0.21210848059700527,True,abs-same_context_different_raw-000385,abs-same_context_different_raw-000385:m1,abs-candidate-0003444-m1,abs-candidate-0003472-m1,continue_y,1.3014827676557232,0.07341490516039306,1.48140375749357,1.48140375749357,-0.6564727154713424,0.8249310420222273,True,persistence_state,28,persistence_state,0.0,0.0
780,same_context_different_raw,abs-candidate-0003948,abs-candidate-0003976,bandit,2.866309830512964,4.38,0.2190000000000003,2.0,1.48140375749357,1.48140375749357,4.819995954355149,1.48140375749357,strong_positive,,,,,abs-same_context_different_raw-000390,abstraction_test,0.06386915314994339,0.21210848059700527,True,abs-same_context_different_raw-000390,abs-same_context_different_raw-000390:m0,abs-candidate-0003948-m0,abs-candidate-0003976-m0,continue_x,1.301482767655723,0.061233790275359024,1.48140375749357,1.48140375749357,-0.07706970488829101,1.4043340526052788,True,persistence_state,28,persistence_state,0.0,0.0
781,same_context_different_raw,abs-candidate-0003948,abs-candidate-0003976,bandit,2.866309830512964,4.38,0.2190000000000003,2.0,1.48140375749357,1.48140375749357,4.819995954355149,1.48140375749357,strong_positive,,,,,abs-same_context_different_raw-000390,abstraction_test,0.06386915314994339,0.21210848059700527,True,abs-same_context_different_raw-000390,abs-same_context_different_raw-000390:m1,abs-candidate-0003948-m1,abs-candidate-0003976-m1,continue_y,1.3014827676557228,0.061233790275359024,1.48140375749357,1.48140375749357,-0.015379977990874316,1.4660237795026956,True,persistence_state,28,persistence_state,0.0,0.0
790,same_context_different_raw,abs-candidate-0004494,abs-candidate-0004522,bandit,2.866309830512964,4.38,0.2190000000000002,2.42,1.4546831429779754,1.4546831429779754,5.008868235440018,1.4546831429779754,strong_positive,,,,,abs-same_context_different_raw-000395,abstraction_test,0.06386915314994339,0.21210848059700527,True,abs-same_context_different_raw-000395,abs-same_context_different_raw-000395:m0,abs-candidate-0004494-m0,abs-candidate-0004522-m0,continue_x,1.3014827676557232,0.06123379027535941,1.4546831429779754,1.4546831429779754,-0.2593924370499119,1.1952907059280635,True,persistence_state,28,persistence_state,0.0,0.0
791,same_context_different_raw,abs-candidate-0004494,abs-candidate-0004522,bandit,2.866309830512964,4.38,0.2190000000000002,2.42,1.4546831429779754,1.4546831429779754,5.008868235440018,1.4546831429779754,strong_positive,,,,,abs-same_context_different_raw-000395,abstraction_test,0.06386915314994339,0.21210848059700527,True,abs-same_context_different_raw-000395,abs-same_context_different_raw-000395:m1,abs-candidate-0004494-m1,abs-candidate-0004522-m1,continue_y,1.3014827676557232,0.06123379027535958,1.4546831429779754,1.4546831429779754,-0.1977027101524952,1.25698043282548,True,persistence_state,28,persistence_state,0.0,0.0
800,same_history_contribution,abs-candidate-0000633,abs-candidate-0000661,information_sampling,4.487149650918946,4.38,4.38,-0.41999999999999993,-0.011228126576023012,-0.011228126576023012,6.208478074375394,-0.011228126576023012,moderate_negative,,,,,abs-same_history_contribution-000400,abstraction_test,0.06386915314994339,0.21210848059700527,True,abs-same_history_contribution-000400,abs-same_history_contribution-000400:m0,abs-candidate-0000633-m0,abs-candidate-0000661-m0,continue_x,0.025278424920654352,-0.32348636048010704,-0.011228126576023012,-0.011228126576023012,-2.3916441795116365,-2.4028723060876596,True,persistence_state,28,persistence_state,-0.25,0.9647568464279175
801,same_history_contribution,abs-candidate-0000633,abs-candidate-0000661,information_sampling,4.487149650918946,4.38,4.38,-0.41999999999999993,-0.011228126576023012,-0.011228126576023012,6.208478074375394,-0.011228126576023012,moderate_negative,,,,,abs-same_history_contribution-000400,abstraction_test,0.06386915314994339,0.21210848059700527,True,abs-same_history_contribution-000400,abs-same_history_contribution-000400:m1,abs-candidate-0000633-m1,abs-candidate-0000661-m1,continue_y,0.02527842492065524,-0.3234863604801075,-0.011228126576022568,-0.011228126576022568,-2.1562670849575554,-2.167495211533578,True,persistence_state,28,persistence_state,0.125,0.7106608152389526
810,same_history_contribution,abs-candidate-0000157,abs-candidate-0000129,information_sampling,4.487149650918944,-4.38,-4.38,0.41999999999999993,0.011228126576023456,0.011228126576023456,6.208478074375394,0.011228126576023456,moderate_positive,,,,,abs-same_history_contribution-000405,abstraction_test,0.06386915314994339,0.21210848059700527,True,abs-same_history_contribution-000405,abs-same_history_contribution-000405:m0,abs-candidate-0000157-m0,abs-candidate-0000129-m0,continue_x,-0.02527842492065413,0.3234863604801088,0.011228126576023456,0.011228126576023456,-1.9419784299717961,-1.9307503033957727,True,persistence_state,28,persistence_state,0.25,0.7309452295303345
811,same_history_contribution,abs-candidate-0000157,abs-candidate-0000129,information_sampling,4.487149650918944,-4.38,-4.38,0.41999999999999993,0.011228126576023456,0.011228126576023456,6.208478074375394,0.011228126576023456,moderate_positive,,,,,abs-same_history_contribution-000405,abstraction_test,0.06386915314994339,0.21210848059700527,True,abs-same_history_contribution-000405,abs-same_history_contribution-000405:m1,abs-candidate-0000157-m1,abs-candidate-0000129-m1,continue_y,-0.025278424920654796,0.32348636048010904,0.011228126576023456,0.011228126576023456,-1.706601335417715,-1.6953732088416915,True,persistence_state,28,persistence_state,-0.125,0.449649840593338
820,same_history_contribution,abs-candidate-0001417,abs-candidate-0001389,information_sampling,4.4871496509189415,-4.38,-4.38,0.41999999999999993,0.011228126576024122,0.011228126576024122,6.208478074375394,0.011228126576024122,moderate_positive,,,,,abs-same_history_contribution-000410,abstraction_test,0.06386915314994339,0.21210848059700527,True,abs-same_history_contribution-000410,abs-same_history_contribution-000410:m0,abs-candidate-0001417-m0,abs-candidate-0001389-m0,continue_x,-0.025278424920654574,-0.4586709840091705,0.011228126576024122,0.011228126576024122,-1.6839996431883133,-1.6727715166122892,True,persistence_state,28,persistence_state,-0.25,1.3839471340179443
821,same_history_contribution,abs-candidate-0001417,abs-candidate-0001389,information_sampling,4.4871496509189415,-4.38,-4.38,0.41999999999999993,0.011228126576024122,0.011228126576024122,6.208478074375394,0.011228126576024122,moderate_positive,,,,,abs-same_history_contribution-000410,abstraction_test,0.06386915314994339,0.21210848059700527,True,abs-same_history_contribution-000410,abs-same_history_contribution-000410:m1,abs-candidate-0001417-m1,abs-candidate-0001389-m1,continue_y,-0.025278424920654574,-0.4586709840091703,0.011228126576024344,0.011228126576024344,-1.4486225486342321,-1.4373944220582078,True,persistence_state,28,persistence_state,0.125,0.6501120328903198
830,same_history_contribution,abs-candidate-0005197,abs-candidate-0005169,information_sampling,4.487149650918941,-4.38,-4.38,0.41999999999999993,0.011228126576024344,0.011228126576024344,6.208478074375394,0.011228126576024344,moderate_positive,,,,,abs-same_history_contribution-000415,abstraction_test,0.06386915314994339,0.21210848059700527,True,abs-same_history_contribution-000415,abs-same_history_contribution-000415:m0,abs-candidate-0005197-m0,abs-candidate-0005169-m0,continue_x,-0.025278424920654352,0.3234863604801066,0.011228126576024344,0.011228126576024344,-2.5450090208190352,-2.533780894243011,True,persistence_state,28,persistence_state,-0.25,0.9064752459526062
831,same_history_contribution,abs-candidate-0005197,abs-candidate-0005169,information_sampling,4.487149650918941,-4.38,-4.38,0.41999999999999993,0.011228126576024344,0.011228126576024344,6.208478074375394,0.011228126576024344,moderate_positive,,,,,abs-same_history_contribution-000415,abstraction_test,0.06386915314994339,0.21210848059700527,True,abs-same_history_contribution-000415,abs-same_history_contribution-000415:m1,abs-candidate-0005197-m1,abs-candidate-0005169-m1,continue_y,-0.025278424920654352,0.32348636048010704,0.011228126576024344,0.011228126576024344,-2.309631926264954,-2.2984037996889297,True,persistence_state,28,persistence_state,0.0,0.5641096830368042
840,same_history_contribution,abs-candidate-0000787,abs-candidate-0026631,information_sampling,4.472818629493637,-4.38,-4.38,0.0,-0.013290635703760767,0.010635733749043474,6.194255403194156,0.010635733749043474,moderate_positive,,,,,abs-same_history_contribution-000420,abstraction_test,0.06386915314994339,0.21210848059700527,True,abs-same_history_contribution-000420,abs-same_history_contribution-000420:m0,abs-candidate-0000787-m0,abs-candidate-0026631-m0,continue_x,-0.025278424920654796,-0.45867098400916984,-0.013290635703760767,0.010635733749043474,-1.2991165799977016,-1.288480846248658,True,persistence_state,28,persistence_state,0.25,0.219046950340271
841,same_history_contribution,abs-candidate-0000787,abs-candidate-0026631,information_sampling,4.472818629493637,-4.38,-4.38,0.0,-0.013290635703760767,0.010635733749043474,6.194255403194156,0.010635733749043474,moderate_positive,,,,,abs-same_history_contribution-000420,abstraction_test,0.06386915314994339,0.21210848059700527,True,abs-same_history_contribution-000420,abs-same_history_contribution-000420:m1,abs-candidate-0000787-m1,abs-candidate-0026631-m1,continue_y,-0.025278424920654796,-0.4586709840091697,-0.013290635703760767,0.010635733749043697,-1.0637394854436208,-1.0531037516945772,True,persistence_state,28,persistence_state,0.125,0.07417909801006317
850,same_history_contribution,abs-candidate-0005071,abs-candidate-0005211,information_sampling,4.470550600262368,-4.38,-4.38,0.0,-0.013290635703759879,-0.013290635703759879,6.194255403194156,-0.013290635703759879,moderate_negative,,,,,abs-same_history_contribution-000425,abstraction_test,0.06386915314994339,0.21210848059700527,True,abs-same_history_contribution-000425,abs-same_history_contribution-000425:m0,abs-candidate-0005071-m0,abs-candidate-0005211-m0,continue_x,-0.025278424920654352,0.3234863604801066,-0.013290635703759879,-0.013290635703759879,-2.6210198337442874,-2.6343104694480473,True,persistence_state,28,persistence_state,-0.125,0.7620508670806885
851,same_history_contribution,abs-candidate-0005071,abs-candidate-0005211,information_sampling,4.470550600262368,-4.38,-4.38,0.0,-0.013290635703759879,-0.013290635703759879,6.194255403194156,-0.013290635703759879,moderate_negative,,,,,abs-same_history_contribution-000425,abstraction_test,0.06386915314994339,0.21210848059700527,True,abs-same_history_contribution-000425,abs-same_history_contribution-000425:m1,abs-candidate-0005071-m1,abs-candidate-0005211-m1,continue_y,-0.025278424920654352,0.32348636048010704,-0.013290635703759435,-0.013290635703759435,-2.3856427391902066,-2.398933374893966,True,persistence_state,28,persistence_state,0.125,0.7462356686592102
860,same_history_contribution,abs-candidate-0005365,abs-candidate-0005505,information_sampling,4.470550600262365,-4.38,-4.38,0.0,-0.013290635703760545,-0.013290635703760545,6.194255403194156,-0.013290635703760545,moderate_negative,,,,,abs-same_history_contribution-000430,abstraction_test,0.06386915314994339,0.21210848059700527,True,abs-same_history_contribution-000430,abs-same_history_contribution-000430:m0,abs-candidate-0005365-m0,abs-candidate-0005505-m0,continue_x,-0.025278424920654796,-0.45867098400916917,-0.013290635703760545,-0.013290635703760545,-1.5064295379286108,-1.5197201736323713,True,persistence_state,28,persistence_state,-0.125,0.19650505483150482
861,same_history_contribution,abs-candidate-0005365,abs-candidate-0005505,information_sampling,4.470550600262365,-4.38,-4.38,0.0,-0.013290635703760545,-0.013290635703760545,6.194255403194156,-0.013290635703760545,moderate_negative,,,,,abs-same_history_contribution-000430,abstraction_test,0.06386915314994339,0.21210848059700527,True,abs-same_history_contribution-000430,abs-same_history_contribution-000430:m1,abs-candidate-0005365-m1,abs-candidate-0005505-m1,continue_y,-0.025278424920655018,-0.4586709840091695,-0.013290635703760767,-0.013290635703760767,-1.2710524433745292,-1.28434307907829,True,persistence_state,28,persistence_state,0.125,0.08158006519079208
870,same_history_contribution,abs-candidate-0026239,abs-candidate-0026379,information_sampling,4.4705506002623645,-4.38,-4.38,0.0,-0.013290635703760767,-0.013290635703760767,6.194255403194156,-0.013290635703760767,moderate_negative,,,,,abs-same_history_contribution-000435,abstraction_test,0.06386915314994339,0.21210848059700527,True,abs-same_history_contribution-000435,abs-same_history_contribution-000435:m0,abs-candidate-0026239-m0,abs-candidate-0026379-m0,continue_x,-0.02527842492065524,-0.09015765992636338,-0.013290635703760767,-0.013290635703760767,-2.726579261364767,-2.7398698970685276,True,persistence_state,28,persistence_state,-0.125,0.20934021472930908
871,same_history_contribution,abs-candidate-0026239,abs-candidate-0026379,information_sampling,4.4705506002623645,-4.38,-4.38,0.0,-0.013290635703760767,-0.013290635703760767,6.194255403194156,-0.013290635703760767,moderate_negative,,,,,abs-same_history_contribution-000435,abstraction_test,0.06386915314994339,0.21210848059700527,True,abs-same_history_contribution-000435,abs-same_history_contribution-000435:m1,abs-candidate-0026239-m1,abs-candidate-0026379-m1,continue_y,-0.02527842492065524,-0.09015765992636338,-0.013290635703761211,-0.013290635703761211,-2.491202166810685,-2.5044928025144464,True,persistence_state,28,persistence_state,0.0,0.11688949912786484
880,same_history_contribution,abs-candidate-0000675,abs-candidate-0000535,information_sampling,4.4705506002623645,4.38,4.38,0.0,0.013290635703760767,0.013290635703760767,6.194255403194156,0.013290635703760767,moderate_positive,,,,,abs-same_history_contribution-000440,abstraction_test,0.06386915314994339,0.21210848059700527,True,abs-same_history_contribution-000440,abs-same_history_contribution-000440:m0,abs-candidate-0000675-m0,abs-candidate-0000535-m0,continue_x,0.025278424920654352,-0.32348636048010704,0.013290635703760767,0.013290635703760767,-2.4921737547166734,-2.4788831190129126,True,persistence_state,28,persistence_state,-0.375,0.9363083839416504
881,same_history_contribution,abs-candidate-0000675,abs-candidate-0000535,information_sampling,4.4705506002623645,4.38,4.38,0.0,0.013290635703760767,0.013290635703760767,6.194255403194156,0.013290635703760767,moderate_positive,,,,,abs-same_history_contribution-000440,abstraction_test,0.06386915314994339,0.21210848059700527,True,abs-same_history_contribution-000440,abs-same_history_contribution-000440:m1,abs-candidate-0000675-m1,abs-candidate-0000535-m1,continue_y,0.02527842492065524,-0.3234863604801075,0.013290635703761655,0.013290635703761655,-2.2567966601625926,-2.243506024458831,True,persistence_state,28,persistence_state,0.0,0.5080042481422424
890,same_history_contribution,abs-candidate-0001179,abs-candidate-0001039,information_sampling,4.470550600262364,4.38,4.38,0.0,0.013290635703760989,0.013290635703760989,6.194255403194156,0.013290635703760989,moderate_positive,,,,,abs-same_history_contribution-000445,abstraction_test,0.06386915314994339,0.21210848059700527,True,abs-same_history_contribution-000445,abs-same_history_contribution-000445:m0,abs-candidate-0001179-m0,abs-candidate-0001039-m0,continue_x,0.025278424920654796,0.4586709840091696,0.013290635703760989,0.013290635703760989,-1.5428541537593945,-1.5295635180556335,True,persistence_state,28,persistence_state,0.25,1.2186555862426758
891,same_history_contribution,abs-candidate-0001179,abs-candidate-0001039,information_sampling,4.470550600262364,4.38,4.38,0.0,0.013290635703760989,0.013290635703760989,6.194255403194156,0.013290635703760989,moderate_positive,,,,,abs-same_history_contribution-000445,abstraction_test,0.06386915314994339,0.21210848059700527,True,abs-same_history_contribution-000445,abs-same_history_contribution-000445:m1,abs-candidate-0001179-m1,abs-candidate-0001039-m1,continue_y,0.025278424920654352,0.4586709840091696,0.013290635703760989,0.013290635703760989,-1.3074770592053133,-1.2941864235015523,True,persistence_state,28,persistence_state,-0.25,0.9200167059898376
900,same_history_contribution,abs-candidate-0003055,abs-candidate-0003195,information_sampling,4.470550600262364,-4.38,-4.38,0.0,-0.013290635703761211,-0.013290635703761211,6.194255403194156,-0.013290635703761211,moderate_negative,,,,,abs-same_history_contribution-000450,abstraction_test,0.06386915314994339,0.21210848059700527,True,abs-same_history_contribution-000450,abs-same_history_contribution-000450:m0,abs-candidate-0003055-m0,abs-candidate-0003195-m0,continue_x,-0.025278424920654352,-0.04502696360269742,-0.013290635703761211,-0.013290635703761211,-1.6544509126563145,-1.6677415483600757,True,persistence_state,28,persistence_state,0.125,0.4443511962890625
901,same_history_contribution,abs-candidate-0003055,abs-candidate-0003195,information_sampling,4.470550600262364,-4.38,-4.38,0.0,-0.013290635703761211,-0.013290635703761211,6.194255403194156,-0.013290635703761211,moderate_negative,,,,,abs-same_history_contribution-000450,abstraction_test,0.06386915314994339,0.21210848059700527,True,abs-same_history_contribution-000450,abs-same_history_contribution-000450:m1,abs-candidate-0003055-m1,abs-candidate-0003195-m1,continue_y,-0.025278424920655018,-0.0450269636026972,-0.013290635703761211,-0.013290635703761211,-1.4190738181022335,-1.4323644538059948,True,persistence_state,28,persistence_state,0.0,0.04469974339008331
910,same_history_contribution,abs-candidate-0003741,abs-candidate-0003601,information_sampling,4.470550600262361,4.38,4.38,0.0,0.013290635703761655,0.013290635703761655,6.194255403194156,0.013290635703761655,moderate_positive,,,,,abs-same_history_contribution-000455,abstraction_test,0.06386915314994339,0.21210848059700527,True,abs-same_history_contribution-000455,abs-same_history_contribution-000455:m0,abs-candidate-0003741-m0,abs-candidate-0003601-m0,continue_x,0.025278424920654796,0.0450269636026972,0.013290635703761655,0.013290635703761655,-2.2103646320752226,-2.197073996371461,True,persistence_state,28,persistence_state,-0.125,0.7155264019966125
911,same_history_contribution,abs-candidate-0003741,abs-candidate-0003601,information_sampling,4.470550600262361,4.38,4.38,0.0,0.013290635703761655,0.013290635703761655,6.194255403194156,0.013290635703761655,moderate_positive,,,,,abs-same_history_contribution-000455,abstraction_test,0.06386915314994339,0.21210848059700527,True,abs-same_history_contribution-000455,abs-same_history_contribution-000455:m1,abs-candidate-0003741-m1,abs-candidate-0003601-m1,continue_y,0.02527842492065524,0.0450269636026972,0.013290635703761877,0.013290635703761877,-1.9749875375211414,-1.9616969018173795,True,persistence_state,28,persistence_state,0.125,0.43395042419433594
920,same_history_contribution,abs-candidate-0003349,abs-candidate-0001725,information_sampling,4.399964580363304,-4.38,-4.38,0.0,-0.013290635703761433,0.09591697914845931,6.194255403194156,0.09591697914845931,strong_positive,,,,,abs-same_history_contribution-000460,abstraction_test,0.06386915314994339,0.21210848059700527,True,abs-same_history_contribution-000460,abs-same_history_contribution-000460:m0,abs-candidate-0003349-m0,abs-candidate-0001725-m0,continue_x,-0.025278424920654352,-0.04502696360269742,-0.013290635703761433,0.09591697914845931,-1.966627058313529,-1.8707100791650697,True,persistence_state,28,persistence_state,-0.125,0.15434230864048004
921,same_history_contribution,abs-candidate-0003349,abs-candidate-0001725,information_sampling,4.399964580363304,-4.38,-4.38,0.0,-0.013290635703761433,0.09591697914845931,6.194255403194156,0.09591697914845931,strong_positive,,,,,abs-same_history_contribution-000460,abstraction_test,0.06386915314994339,0.21210848059700527,True,abs-same_history_contribution-000460,abs-same_history_contribution-000460:m1,abs-candidate-0003349-m1,abs-candidate-0001725-m1,continue_y,-0.025278424920654574,-0.0450269636026972,-0.013290635703761433,0.09591697914845931,-1.7312499637594476,-1.6353329846109883,True,persistence_state,28,persistence_state,-0.125,0.26151788234710693
930,same_history_contribution,abs-candidate-0000927,abs-candidate-0005323,information_sampling,4.38597477787867,4.38,4.38,0.0,0.013290635703760545,-0.11229311462786584,6.194255403194156,-0.11229311462786584,strong_negative,,,,,abs-same_history_contribution-000465,abstraction_test,0.06386915314994339,0.21210848059700527,True,abs-same_history_contribution-000465,abs-same_history_contribution-000465:m0,abs-candidate-0000927-m0,abs-candidate-0005323-m0,continue_x,0.025278424920654796,0.45867098400916984,0.013290635703760545,-0.11229311462786584,-1.3124072157014621,-1.424700330329328,True,persistence_state,28,persistence_state,0.5,1.7978293895721436
931,same_history_contribution,abs-candidate-0000927,abs-candidate-0005323,information_sampling,4.38597477787867,4.38,4.38,0.0,0.013290635703760545,-0.11229311462786584,6.194255403194156,-0.11229311462786584,strong_negative,,,,,abs-same_history_contribution-000465,abstraction_test,0.06386915314994339,0.21210848059700527,True,abs-same_history_contribution-000465,abs-same_history_contribution-000465:m1,abs-candidate-0000927-m1,abs-candidate-0005323-m1,continue_y,0.025278424920654796,0.4586709840091697,0.013290635703760767,-0.1122931146278654,-1.0770301211473812,-1.1893232357752466,True,persistence_state,28,persistence_state,-0.125,1.2196723222732544
940,same_history_contribution,abs-candidate-0002534,abs-candidate-0002702,bandit,3.798519726853992,0.0,3.3945,-4.38,-0.020570100857102425,-0.020570100857102425,5.5413924468494375,-0.020570100857102425,strong_negative,,,,,abs-same_history_contribution-000470,abstraction_test,0.06386915314994339,0.21210848059700527,True,abs-same_history_contribution-000470,abs-same_history_contribution-000470:m0,abs-candidate-0002534-m0,abs-candidate-0002702-m0,continue_x,0.0,1.0863371738789356,-0.020570100857102425,-0.020570100857102425,-0.8461417575778059,-0.8667118584349083,True,persistence_state,28,persistence_state,-0.25,0.5686697959899902
941,same_history_contribution,abs-candidate-0002534,abs-candidate-0002702,bandit,3.798519726853992,0.0,3.3945,-4.38,-0.020570100857102425,-0.020570100857102425,5.5413924468494375,-0.020570100857102425,strong_negative,,,,,abs-same_history_contribution-000470,abstraction_test,0.06386915314994339,0.21210848059700527,True,abs-same_history_contribution-000470,abs-same_history_contribution-000470:m1,abs-candidate-0002534-m1,abs-candidate-0002702-m1,continue_y,0.0,1.0863371738789356,-0.02057010085710209,-0.02057010085710209,-0.7844520306803893,-0.8050221315374914,True,persistence_state,28,persistence_state,0.125,0.36024010181427
950,same_history_contribution,abs-candidate-0000014,abs-candidate-0000182,bandit,3.798519726853991,0.0,3.3945,-4.38,-0.020570100857102813,-0.020570100857102813,5.5413924468494375,-0.020570100857102813,strong_negative,,,,,abs-same_history_contribution-000475,abstraction_test,0.06386915314994339,0.21210848059700527,True,abs-same_history_contribution-000475,abs-same_history_contribution-000475:m0,abs-candidate-0000014-m0,abs-candidate-0000182-m0,continue_x,0.0,0.9491237492680724,-0.020570100857102813,-0.020570100857102813,-0.4389983901894626,-0.4595684910465654,True,persistence_state,28,persistence_state,0.0,0.45682138204574585
951,same_history_contribution,abs-candidate-0000014,abs-candidate-0000182,bandit,3.798519726853991,0.0,3.3945,-4.38,-0.020570100857102813,-0.020570100857102813,5.5413924468494375,-0.020570100857102813,strong_negative,,,,,abs-same_history_contribution-000475,abstraction_test,0.06386915314994339,0.21210848059700527,True,abs-same_history_contribution-000475,abs-same_history_contribution-000475:m1,abs-candidate-0000014-m1,abs-candidate-0000182-m1,continue_y,0.0,0.9491237492680721,-0.020570100857103035,-0.020570100857103035,-0.377308663292046,-0.397878764149149,True,persistence_state,28,persistence_state,0.0,0.11887159198522568
960,same_history_contribution,abs-candidate-0004298,abs-candidate-0004466,bandit,3.7985197268539896,0.0,3.3945,-4.38,-0.020570100857103035,-0.020570100857103035,5.5413924468494375,-0.020570100857103035,strong_negative,,,,,abs-same_history_contribution-000480,abstraction_test,0.06386915314994339,0.21210848059700527,True,abs-same_history_contribution-000480,abs-same_history_contribution-000480:m0,abs-candidate-0004298-m0,abs-candidate-0004466-m0,continue_x,0.0,0.9491237492680717,-0.020570100857103035,-0.020570100857103035,0.4782341848676275,0.45766408401052444,True,persistence_state,28,persistence_state,0.0,0.5954310894012451
961,same_history_contribution,abs-candidate-0004298,abs-candidate-0004466,bandit,3.7985197268539896,0.0,3.3945,-4.38,-0.020570100857103035,-0.020570100857103035,5.5413924468494375,-0.020570100857103035,strong_negative,,,,,abs-same_history_contribution-000480,abstraction_test,0.06386915314994339,0.21210848059700527,True,abs-same_history_contribution-000480,abs-same_history_contribution-000480:m1,abs-candidate-0004298-m1,abs-candidate-0004466-m1,continue_y,0.0,0.9491237492680722,-0.020570100857103313,-0.020570100857103313,0.5399239117650443,0.519353810907941,True,persistence_state,28,persistence_state,0.0,0.2130618542432785
970,same_history_contribution,abs-candidate-0003962,abs-candidate-0003794,bandit,3.798519726853989,0.0,-3.3945,4.38,0.020570100857103313,0.020570100857103313,5.5413924468494375,0.020570100857103313,strong_positive,,,,,abs-same_history_contribution-000485,abstraction_test,0.06386915314994339,0.21210848059700527,True,abs-same_history_contribution-000485,abs-same_history_contribution-000485:m0,abs-candidate-0003962-m0,abs-candidate-0003794-m0,continue_x,0.0,-0.9491237492680722,0.020570100857103313,0.020570100857103313,0.7290555312241261,0.7496256320812295,True,persistence_state,28,persistence_state,0.0,0.6067321300506592
971,same_history_contribution,abs-candidate-0003962,abs-candidate-0003794,bandit,3.798519726853989,0.0,-3.3945,4.38,0.020570100857103313,0.020570100857103313,5.5413924468494375,0.020570100857103313,strong_positive,,,,,abs-same_history_contribution-000485,abstraction_test,0.06386915314994339,0.21210848059700527,True,abs-same_history_contribution-000485,abs-same_history_contribution-000485:m1,abs-candidate-0003962-m1,abs-candidate-0003794-m1,continue_y,0.0,-0.9491237492680725,0.020570100857103535,0.020570100857103535,0.7907452581215426,0.8113153589786462,True,persistence_state,28,persistence_state,0.0,0.17326489090919495
980,same_history_contribution,abs-candidate-0019922,abs-candidate-0020090,bandit,3.798519726853989,0.0,3.3945,-4.38,-0.020570100857103313,-0.020570100857103313,5.5413924468494375,-0.020570100857103313,strong_negative,,,,,abs-same_history_contribution-000490,abstraction_test,0.06386915314994339,0.21210848059700527,True,abs-same_history_contribution-000490,abs-same_history_contribution-000490:m0,abs-candidate-0019922-m0,abs-candidate-0020090-m0,continue_x,0.0,1.0007176053752296,-0.020570100857103313,-0.020570100857103313,1.1865916380131347,1.1660215371560314,True,persistence_state,28,persistence_state,0.0,0.5214636921882629
981,same_history_contribution,abs-candidate-0019922,abs-candidate-0020090,bandit,3.798519726853989,0.0,3.3945,-4.38,-0.020570100857103313,-0.020570100857103313,5.5413924468494375,-0.020570100857103313,strong_negative,,,,,abs-same_history_contribution-000490,abstraction_test,0.06386915314994339,0.21210848059700527,True,abs-same_history_contribution-000490,abs-same_history_contribution-000490:m1,abs-candidate-0019922-m1,abs-candidate-0020090-m1,continue_y,0.0,1.0007176053752296,-0.020570100857103535,-0.020570100857103535,1.2482813649105513,1.2277112640534478,True,persistence_state,28,persistence_state,0.0,0.2659825384616852
990,same_history_contribution,abs-candidate-0002954,abs-candidate-0002786,bandit,3.798519726853989,0.0,-3.3945,4.38,0.020570100857103313,0.020570100857103313,5.5413924468494375,0.020570100857103313,strong_positive,,,,,abs-same_history_contribution-000495,abstraction_test,0.06386915314994339,0.21210848059700527,True,abs-same_history_contribution-000495,abs-same_history_contribution-000495:m0,abs-candidate-0002954-m0,abs-candidate-0002786-m0,continue_x,0.0,-1.0863371738789362,0.020570100857103313,0.020570100857103313,-1.0024075820417093,-0.981837481184606,True,persistence_state,28,persistence_state,0.25,0.6836565136909485
991,same_history_contribution,abs-candidate-0002954,abs-candidate-0002786,bandit,3.798519726853989,0.0,-3.3945,4.38,0.020570100857103313,0.020570100857103313,5.5413924468494375,0.020570100857103313,strong_positive,,,,,abs-same_history_contribution-000495,abstraction_test,0.06386915314994339,0.21210848059700527,True,abs-same_history_contribution-000495,abs-same_history_contribution-000495:m1,abs-candidate-0002954-m1,abs-candidate-0002786-m1,continue_y,0.0,-1.0863371738789362,0.02057010085710298,0.02057010085710298,-0.9407178551442926,-0.9201477542871896,True,persistence_state,28,persistence_state,0.125,0.2679506838321686
1000,same_history_contribution,abs-candidate-0018914,abs-candidate-0019082,bandit,3.798519726853988,0.0,3.3945,-4.38,-0.020570100857103535,-0.020570100857103535,5.5413924468494375,-0.020570100857103535,strong_negative,,,,,abs-same_history_contribution-000500,abstraction_test,0.06386915314994339,0.21210848059700527,True,abs-same_history_contribution-000500,abs-same_history_contribution-000500:m0,abs-candidate-0018914-m0,abs-candidate-0019082-m0,continue_x,0.0,0.9491237492680726,-0.020570100857103535,-0.020570100857103535,-1.1248557715768246,-1.1454258724339281,True,persistence_state,28,persistence_state,-0.125,0.7183483242988586
1001,same_history_contribution,abs-candidate-0018914,abs-candidate-0019082,bandit,3.798519726853988,0.0,3.3945,-4.38,-0.020570100857103535,-0.020570100857103535,5.5413924468494375,-0.020570100857103535,strong_negative,,,,,abs-same_history_contribution-000500,abstraction_test,0.06386915314994339,0.21210848059700527,True,abs-same_history_contribution-000500,abs-same_history_contribution-000500:m1,abs-candidate-0018914-m1,abs-candidate-0019082-m1,continue_y,0.0,0.9491237492680723,-0.020570100857103313,-0.020570100857103313,-1.063166044679408,-1.0837361455365113,True,persistence_state,28,persistence_state,0.0,0.1220933347940445
1010,same_history_contribution,abs-candidate-0001442,abs-candidate-0001274,bandit,3.798519726853988,0.0,-3.3945,4.38,0.020570100857103535,0.020570100857103535,5.5413924468494375,0.020570100857103535,strong_positive,,,,,abs-same_history_contribution-000505,abstraction_test,0.06386915314994339,0.21210848059700527,True,abs-same_history_contribution-000505,abs-same_history_contribution-000505:m0,abs-candidate-0001442-m0,abs-candidate-0001274-m0,continue_x,0.0,-1.1379310299860923,0.020570100857103535,0.020570100857103535,1.7380642885127922,1.7586343893698957,True,persistence_state,28,persistence_state,0.0,0.45592936873435974
1011,same_history_contribution,abs-candidate-0001442,abs-candidate-0001274,bandit,3.798519726853988,0.0,-3.3945,4.38,0.020570100857103535,0.020570100857103535,5.5413924468494375,0.020570100857103535,strong_positive,,,,,abs-same_history_contribution-000505,abstraction_test,0.06386915314994339,0.21210848059700527,True,abs-same_history_contribution-000505,abs-same_history_contribution-000505:m1,abs-candidate-0001442-m1,abs-candidate-0001274-m1,continue_y,0.0,-1.1379310299860923,0.020570100857103757,0.020570100857103757,1.7997540154102087,1.8203241162673125,True,persistence_state,28,persistence_state,0.0,0.3427790403366089
1020,same_history_contribution,abs-candidate-0002198,abs-candidate-0002030,bandit,3.7985197268539874,0.0,-3.3945,4.38,0.020570100857103757,0.020570100857103757,5.5413924468494375,0.020570100857103757,strong_positive,,,,,abs-same_history_contribution-000510,abstraction_test,0.06386915314994339,0.21210848059700527,True,abs-same_history_contribution-000510,abs-same_history_contribution-000510:m0,abs-candidate-0002198-m0,abs-candidate-0002030-m0,continue_x,0.0,-1.0007176053752307,0.020570100857103757,0.020570100857103757,-1.4754997665250507,-1.454929665667947,True,persistence_state,28,persistence_state,0.125,0.5735794305801392
1021,same_history_contribution,abs-candidate-0002198,abs-candidate-0002030,bandit,3.7985197268539874,0.0,-3.3945,4.38,0.020570100857103757,0.020570100857103757,5.5413924468494375,0.020570100857103757,strong_positive,,,,,abs-same_history_contribution-000510,abstraction_test,0.06386915314994339,0.21210848059700527,True,abs-same_history_contribution-000510,abs-same_history_contribution-000510:m1,abs-candidate-0002198-m1,abs-candidate-0002030-m1,continue_y,0.0,-1.0007176053752302,0.020570100857103535,0.020570100857103535,-1.4138100396276339,-1.3932399387705303,True,persistence_state,28,persistence_state,0.0,0.290072500705719
1030,same_history_contribution,abs-candidate-0026726,abs-candidate-0026894,bandit,3.7985197268539874,0.0,3.3945,-4.38,-0.020570100857103757,-0.020570100857103757,5.5413924468494375,-0.020570100857103757,strong_negative,,,,,abs-same_history_contribution-000515,abstraction_test,0.06386915314994339,0.21210848059700527,True,abs-same_history_contribution-000515,abs-same_history_contribution-000515:m0,abs-candidate-0026726-m0,abs-candidate-0026894-m0,continue_x,0.0,0.9491237492680722,-0.020570100857103757,-0.020570100857103757,-2.3076535381171808,-2.3282236389742845,True,persistence_state,28,persistence_state,-0.125,0.33743172883987427
1031,same_history_contribution,abs-candidate-0026726,abs-candidate-0026894,bandit,3.7985197268539874,0.0,3.3945,-4.38,-0.020570100857103757,-0.020570100857103757,5.5413924468494375,-0.020570100857103757,strong_negative,,,,,abs-same_history_contribution-000515,abstraction_test,0.06386915314994339,0.21210848059700527,True,abs-same_history_contribution-000515,abs-same_history_contribution-000515:m1,abs-candidate-0026726-m1,abs-candidate-0026894-m1,continue_y,0.0,0.9491237492680722,-0.020570100857103313,-0.020570100857103313,-2.245963811219764,-2.2665339120768673,True,persistence_state,28,persistence_state,0.0,0.09052108228206635
1040,same_history_contribution,abs-candidate-0007490,abs-candidate-0003038,bandit,3.760400609481368,0.0,-3.3945,4.38,0.020570100857103146,-0.0651914478085695,5.5413924468494375,-0.0651914478085695,strong_negative,,,,,abs-same_history_contribution-000520,abstraction_test,0.06386915314994339,0.21210848059700527,True,abs-same_history_contribution-000520,abs-same_history_contribution-000520:m0,abs-candidate-0007490-m0,abs-candidate-0003038-m0,continue_x,0.0,-1.1379310299860927,0.020570100857103146,-0.0651914478085695,0.3094200660161312,0.2442286182075617,True,persistence_state,28,persistence_state,0.25,1.2113662958145142
1041,same_history_contribution,abs-candidate-0007490,abs-candidate-0003038,bandit,3.760400609481368,0.0,-3.3945,4.38,0.020570100857103146,-0.0651914478085695,5.5413924468494375,-0.0651914478085695,strong_negative,,,,,abs-same_history_contribution-000520,abstraction_test,0.06386915314994339,0.21210848059700527,True,abs-same_history_contribution-000520,abs-same_history_contribution-000520:m1,abs-candidate-0007490-m1,abs-candidate-0003038-m1,continue_y,0.0,-1.1379310299860927,0.020570100857103257,-0.06519144780856917,0.3711097929135475,0.30591834510497834,True,persistence_state,28,persistence_state,-0.125,0.3445737361907959
1050,same_history_contribution,abs-candidate-0003206,abs-candidate-0003290,bandit,3.717742850235413,0.0,-3.3945,4.38,0.020570100857102758,-0.11512562274969806,5.5413924468494375,-0.11512562274969806,strong_negative,,,,,abs-same_history_contribution-000525,abstraction_test,0.06386915314994339,0.21210848059700527,True,abs-same_history_contribution-000525,abs-same_history_contribution-000525:m0,abs-candidate-0003206-m0,abs-candidate-0003290-m0,continue_x,0.0,-1.1379310299860936,0.020570100857102758,-0.11512562274969806,0.22365851735045883,0.10853289460076077,True,persistence_state,28,persistence_state,0.0,0.8215007781982422
1051,same_history_contribution,abs-candidate-0003206,abs-candidate-0003290,bandit,3.717742850235413,0.0,-3.3945,4.38,0.020570100857102758,-0.11512562274969806,5.5413924468494375,-0.11512562274969806,strong_negative,,,,,abs-same_history_contribution-000525,abstraction_test,0.06386915314994339,0.21210848059700527,True,abs-same_history_contribution-000525,abs-same_history_contribution-000525:m1,abs-candidate-0003206-m1,abs-candidate-0003290-m1,continue_y,0.0,-1.1379310299860936,0.020570100857102924,-0.11512562274969795,0.2853482442478752,0.17022262149817724,True,persistence_state,28,persistence_state,0.0,0.5295770764350891
1060,same_history_contribution,abs-candidate-0002849,abs-candidate-0002933,bandit,3.5451153878431567,0.0,2.824,4.38,0.020570100857102314,0.020570100857102314,5.2114658206688835,0.020570100857102314,strong_positive,,,,,abs-same_history_contribution-000530,abstraction_test,0.06386915314994339,0.21210848059700527,True,abs-same_history_contribution-000530,abs-same_history_contribution-000530:m0,abs-candidate-0002849-m0,abs-candidate-0002933-m0,continue_x,0.0,0.9037608422548579,0.020570100857102314,0.020570100857102314,-0.5302381091914025,-0.5096680083343001,True,persistence_state,28,persistence_state,0.25,1.2036104202270508
1061,same_history_contribution,abs-candidate-0002849,abs-candidate-0002933,bandit,3.5451153878431567,0.0,2.824,4.38,0.020570100857102314,0.020570100857102314,5.2114658206688835,0.020570100857102314,strong_positive,,,,,abs-same_history_contribution-000530,abstraction_test,0.06386915314994339,0.21210848059700527,True,abs-same_history_contribution-000530,abs-same_history_contribution-000530:m1,abs-candidate-0002849-m1,abs-candidate-0002933-m1,continue_y,0.0,0.903760842254858,0.020570100857102536,0.020570100857102536,-0.468548382293986,-0.44797828143688345,True,persistence_state,28,persistence_state,-0.125,0.4626120626926422
1070,same_history_contribution,abs-candidate-0026621,abs-candidate-0026537,bandit,3.545115387843155,0.0,-2.824,-4.38,-0.02057010085710287,-0.02057010085710287,5.2114658206688835,-0.02057010085710287,strong_negative,,,,,abs-same_history_contribution-000535,abstraction_test,0.06386915314994339,0.21210848059700527,True,abs-same_history_contribution-000535,abs-same_history_contribution-000535:m0,abs-candidate-0026621-m0,abs-candidate-0026537-m0,continue_x,0.0,-0.7896083275690196,-0.02057010085710287,-0.02057010085710287,-1.6997883416600743,-1.7203584425171772,True,persistence_state,28,persistence_state,0.0,0.6959381103515625
1071,same_history_contribution,abs-candidate-0026621,abs-candidate-0026537,bandit,3.545115387843155,0.0,-2.824,-4.38,-0.02057010085710287,-0.02057010085710287,5.2114658206688835,-0.02057010085710287,strong_negative,,,,,abs-same_history_contribution-000535,abstraction_test,0.06386915314994339,0.21210848059700527,True,abs-same_history_contribution-000535,abs-same_history_contribution-000535:m1,abs-candidate-0026621-m1,abs-candidate-0026537-m1,continue_y,0.0,-0.7896083275690193,-0.020570100857102647,-0.020570100857102647,-1.6380986147626577,-1.6586687156197604,True,persistence_state,28,persistence_state,0.0,0.1753995716571808
1080,same_history_contribution,abs-candidate-0000626,abs-candidate-0000549,information_sampling,3.4664698989077425,-3.4,-3.4,0.0,0.011351930385928632,0.011351930385928632,4.808326112068523,0.011351930385928632,moderate_positive,,,,,abs-same_history_contribution-000540,abstraction_test,0.06386915314994339,0.21210848059700527,True,abs-same_history_contribution-000540,abs-same_history_contribution-000540:m0,abs-candidate-0000626-m0,abs-candidate-0000549-m0,continue_x,-0.002196665534392128,0.25110813370601903,0.011351930385928632,0.011351930385928632,-2.4275148721773503,-2.4161629417914217,True,persistence_state,28,persistence_state,0.25,0.5059038996696472
1081,same_history_contribution,abs-candidate-0000626,abs-candidate-0000549,information_sampling,3.4664698989077425,-3.4,-3.4,0.0,0.011351930385928632,0.011351930385928632,4.808326112068523,0.011351930385928632,moderate_positive,,,,,abs-same_history_contribution-000540,abstraction_test,0.06386915314994339,0.21210848059700527,True,abs-same_history_contribution-000540,abs-same_history_contribution-000540:m1,abs-candidate-0000626-m1,abs-candidate-0000549-m1,continue_y,-0.0021966655343930164,0.2511081337060195,0.011351930385928632,0.011351930385928632,-2.192137777623269,-2.1807858472373405,True,persistence_state,28,persistence_state,0.0,0.20402809977531433
1090,same_history_contribution,abs-candidate-0003650,abs-candidate-0003573,information_sampling,3.466469898907741,-3.4,-3.4,0.0,0.011351930385929077,0.011351930385929077,4.808326112068523,0.011351930385929077,moderate_positive,,,,,abs-same_history_contribution-000545,abstraction_test,0.06386915314994339,0.21210848059700527,True,abs-same_history_contribution-000545,abs-same_history_contribution-000545:m0,abs-candidate-0003650-m0,abs-candidate-0003573-m0,continue_x,-0.0021966655343930164,-0.03495243749981025,0.011351930385929077,0.011351930385929077,-2.0639765419366167,-2.0526246115506876,True,persistence_state,28,persistence_state,0.0,0.4348418116569519
1091,same_history_contribution,abs-candidate-0003650,abs-candidate-0003573,information_sampling,3.466469898907741,-3.4,-3.4,0.0,0.011351930385929077,0.011351930385929077,4.808326112068523,0.011351930385929077,moderate_positive,,,,,abs-same_history_contribution-000545,abstraction_test,0.06386915314994339,0.21210848059700527,True,abs-same_history_contribution-000545,abs-same_history_contribution-000545:m1,abs-candidate-0003650-m1,abs-candidate-0003573-m1,continue_y,-0.0021966655343930164,-0.03495243749981025,0.011351930385928855,0.011351930385928855,-1.8285994473825358,-1.817247516996607,True,persistence_state,28,persistence_state,-0.125,0.05452774837613106
1100,same_history_contribution,abs-candidate-0000507,abs-candidate-0000584,information_sampling,3.4664698989077407,3.4,3.4,0.0,-0.011351930385929077,-0.011351930385929077,4.808326112068523,-0.011351930385929077,moderate_negative,,,,,abs-same_history_contribution-000550,abstraction_test,0.06386915314994339,0.21210848059700527,True,abs-same_history_contribution-000550,abs-same_history_contribution-000550:m0,abs-candidate-0000507-m0,abs-candidate-0000584-m0,continue_x,0.002196665534392128,-0.25110813370601903,-0.011351930385929077,-0.011351930385929077,-2.6311134076354543,-2.6424653380213834,True,persistence_state,28,persistence_state,0.0,0.27901533246040344
1101,same_history_contribution,abs-candidate-0000507,abs-candidate-0000584,information_sampling,3.4664698989077407,3.4,3.4,0.0,-0.011351930385929077,-0.011351930385929077,4.808326112068523,-0.011351930385929077,moderate_negative,,,,,abs-same_history_contribution-000550,abstraction_test,0.06386915314994339,0.21210848059700527,True,abs-same_history_contribution-000550,abs-same_history_contribution-000550:m1,abs-candidate-0000507-m1,abs-candidate-0000584-m1,continue_y,0.0021966655343930164,-0.2511081337060195,-0.01135193038592952,-0.01135193038592952,-2.3957363130813727,-2.407088243467302,True,persistence_state,28,persistence_state,0.0,0.12087726593017578
1110,same_history_contribution,abs-candidate-0026288,abs-candidate-0026211,information_sampling,3.4664698989077394,-3.4,-3.4,0.0,0.01135193038592952,0.01135193038592952,4.808326112068523,0.01135193038592952,moderate_positive,,,,,abs-same_history_contribution-000555,abstraction_test,0.06386915314994339,0.21210848059700527,True,abs-same_history_contribution-000555,abs-same_history_contribution-000555:m0,abs-candidate-0026288-m0,abs-candidate-0026211-m0,continue_x,-0.0021966655343930164,-0.0699853981163554,0.01135193038592952,0.01135193038592952,-2.8901614803732376,-2.878809549987308,True,persistence_state,28,persistence_state,0.0,0.33216315507888794
1111,same_history_contribution,abs-candidate-0026288,abs-candidate-0026211,information_sampling,3.4664698989077394,-3.4,-3.4,0.0,0.01135193038592952,0.01135193038592952,4.808326112068523,0.01135193038592952,moderate_positive,,,,,abs-same_history_contribution-000555,abstraction_test,0.06386915314994339,0.21210848059700527,True,abs-same_history_contribution-000555,abs-same_history_contribution-000555:m1,abs-candidate-0026288-m1,abs-candidate-0026211-m1,continue_y,-0.0021966655343930164,-0.06998539811635496,0.01135193038592952,0.01135193038592952,-2.6547843858191564,-2.643432455433227,True,persistence_state,28,persistence_state,-0.125,0.227188378572464
1120,same_history_contribution,abs-candidate-0000836,abs-candidate-0000759,information_sampling,3.4664698989077394,-3.4,-3.4,0.0,0.01135193038592952,0.01135193038592952,4.808326112068523,0.01135193038592952,moderate_positive,,,,,abs-same_history_contribution-000560,abstraction_test,0.06386915314994339,0.21210848059700527,True,abs-same_history_contribution-000560,abs-same_history_contribution-000560:m0,abs-candidate-0000836-m0,abs-candidate-0000759-m0,continue_x,-0.0021966655343930164,-0.3560459693221867,0.01135193038592952,0.01135193038592952,-1.4626987990061724,-1.4513468686202429,True,persistence_state,28,persistence_state,-0.25,0.9343504905700684
1121,same_history_contribution,abs-candidate-0000836,abs-candidate-0000759,information_sampling,3.4664698989077394,-3.4,-3.4,0.0,0.01135193038592952,0.01135193038592952,4.808326112068523,0.01135193038592952,moderate_positive,,,,,abs-same_history_contribution-000560,abstraction_test,0.06386915314994339,0.21210848059700527,True,abs-same_history_contribution-000560,abs-same_history_contribution-000560:m1,abs-candidate-0000836-m1,abs-candidate-0000759-m1,continue_y,-0.0021966655343925723,-0.3560459693221868,0.011351930385929965,0.011351930385929965,-1.2273217044520917,-1.2159697740661617,True,persistence_state,28,persistence_state,-0.125,0.3551907539367676
1130,same_history_contribution,abs-candidate-0007734,abs-candidate-0005802,debugging,3.4025740671944753,0.0,-4.161,-2.38,0.015572615728944084,-6.954575768314264e-05,4.793570798475808,-6.954575768314264e-05,near_zero,,,,,abs-same_history_contribution-000565,abstraction_test,0.06386915314994339,0.21210848059700527,True,abs-same_history_contribution-000565,abs-same_history_contribution-000565:m0,abs-candidate-0007734-m0,abs-candidate-0005802-m0,continue_x,0.0,-0.8636882835472358,0.015572615728944084,-6.954575768314264e-05,-0.8765452465925094,-0.8766147923501926,True,persistence_state,28,persistence_state,0.125,0.5559439063072205
1131,same_history_contribution,abs-candidate-0007734,abs-candidate-0005802,debugging,3.4025740671944753,0.0,-4.161,-2.38,0.015572615728944084,-6.954575768314264e-05,4.793570798475808,-6.954575768314264e-05,near_zero,,,,,abs-same_history_contribution-000565,abstraction_test,0.06386915314994339,0.21210848059700527,True,abs-same_history_contribution-000565,abs-same_history_contribution-000565:m1,abs-candidate-0007734-m1,abs-candidate-0005802-m1,continue_y,0.0,-0.8636882835472354,0.015572615728944084,-6.954575768325366e-05,-0.9365590989657956,-0.9366286447234788,True,persistence_state,28,persistence_state,0.0,0.26717108488082886
1140,same_history_contribution,abs-candidate-0050097,abs-candidate-0044686,effort,3.0811989744703485,-0.98,-0.98,-4.38,0.019312691801465665,0.005667984328828979,4.594039616720779,0.005667984328828979,near_zero,,,,,abs-same_history_contribution-000570,abstraction_test,0.06386915314994339,0.21210848059700527,True,abs-same_history_contribution-000570,abs-same_history_contribution-000570:m0,abs-candidate-0050097-m0,abs-candidate-0044686-m0,continue_x,-0.14031593834899425,-0.23479784460190167,0.019312691801465665,0.005667984328828979,2.079336250126657,2.0850042344554858,True,persistence_state,28,persistence_state,0.0,0.544279932975769
1141,same_history_contribution,abs-candidate-0050097,abs-candidate-0044686,effort,3.0811989744703485,-0.98,-0.98,-4.38,0.019312691801465665,0.005667984328828979,4.594039616720779,0.005667984328828979,near_zero,,,,,abs-same_history_contribution-000570,abstraction_test,0.06386915314994339,0.21210848059700527,True,abs-same_history_contribution-000570,abs-same_history_contribution-000570:m1,abs-candidate-0050097-m1,abs-candidate-0044686-m1,continue_y,-0.14031593834899425,-0.23479784460190212,0.01931269180146522,0.005667984328828979,2.1673912400203745,2.1730592243492035,True,persistence_state,28,persistence_state,-0.25,0.8254015445709229
1150,same_history_contribution,abs-candidate-0002323,abs-candidate-0002351,debugging,3.008454705455722,0.7,0.28,-4.38,0.004167253350170541,0.004167253350170541,4.444412222105416,0.004167253350170541,near_zero,,,,,abs-same_history_contribution-000575,abstraction_test,0.06386915314994339,0.21210848059700527,True,abs-same_history_contribution-000575,abs-same_history_contribution-000575:m0,abs-candidate-0002323-m0,abs-candidate-0002351-m0,continue_x,0.12221363378839567,0.054013290859071916,0.004167253350170541,0.004167253350170541,0.8166405775587217,0.8208078309088922,True,persistence_state,28,persistence_state,0.0,0.0
1151,same_history_contribution,abs-candidate-0002323,abs-candidate-0002351,debugging,3.008454705455722,0.7,0.28,-4.38,0.004167253350170541,0.004167253350170541,4.444412222105416,0.004167253350170541,near_zero,,,,,abs-same_history_contribution-000575,abstraction_test,0.06386915314994339,0.21210848059700527,True,abs-same_history_contribution-000575,abs-same_history_contribution-000575:m1,abs-candidate-0002323-m1,abs-candidate-0002351-m1,continue_y,0.12221363378839567,0.05401329085907147,0.004167253350170985,0.004167253350170985,0.7566267251854348,0.7607939785356058,True,persistence_state,28,persistence_state,0.0,0.0
1160,same_history_contribution,abs-candidate-0011675,abs-candidate-0011647,debugging,3.0084547054557205,-0.7,-0.28,4.38,-0.004167253350170874,-0.004167253350170874,4.444412222105416,-0.004167253350170874,near_zero,,,,,abs-same_history_contribution-000580,abstraction_test,0.06386915314994339,0.21210848059700527,True,abs-same_history_contribution-000580,abs-same_history_contribution-000580:m0,abs-candidate-0011675-m0,abs-candidate-0011647-m0,continue_x,-0.12221363378839545,-0.0615286516134268,-0.004167253350170874,-0.004167253350170874,-2.422466814534997,-2.4266340678851677,True,persistence_state,28,persistence_state,0.0,0.0
1161,same_history_contribution,abs-candidate-0011675,abs-candidate-0011647,debugging,3.0084547054557205,-0.7,-0.28,4.38,-0.004167253350170874,-0.004167253350170874,4.444412222105416,-0.004167253350170874,near_zero,,,,,abs-same_history_contribution-000580,abstraction_test,0.06386915314994339,0.21210848059700527,True,abs-same_history_contribution-000580,abs-same_history_contribution-000580:m1,abs-candidate-0011675-m1,abs-candidate-0011647-m1,continue_y,-0.12221363378839545,-0.0615286516134268,-0.004167253350170874,-0.004167253350170874,-2.482480666908283,-2.486647920258454,True,persistence_state,28,persistence_state,0.0,0.0
1170,same_history_contribution,abs-candidate-0001343,abs-candidate-0001315,debugging,3.00845470545572,-0.7,-0.28,4.38,-0.004167253350170985,-0.004167253350170985,4.444412222105416,-0.004167253350170985,near_zero,,,,,abs-same_history_contribution-000585,abstraction_test,0.06386915314994339,0.21210848059700527,True,abs-same_history_contribution-000585,abs-same_history_contribution-000585:m0,abs-candidate-0001343-m0,abs-candidate-0001315-m0,continue_x,-0.12221363378839567,-0.0615286516134268,-0.004167253350170985,-0.004167253350170985,-0.8869415593226351,-0.8911088126728061,True,persistence_state,28,persistence_state,0.0,0.0
1171,same_history_contribution,abs-candidate-0001343,abs-candidate-0001315,debugging,3.00845470545572,-0.7,-0.28,4.38,-0.004167253350170985,-0.004167253350170985,4.444412222105416,-0.004167253350170985,near_zero,,,,,abs-same_history_contribution-000585,abstraction_test,0.06386915314994339,0.21210848059700527,True,abs-same_history_contribution-000585,abs-same_history_contribution-000585:m1,abs-candidate-0001343-m1,abs-candidate-0001315-m1,continue_y,-0.12221363378839545,-0.06152865161342702,-0.004167253350170985,-0.004167253350170985,-0.9469554116959216,-0.9511226650460926,True,persistence_state,28,persistence_state,0.0,0.0
1180,same_history_contribution,abs-candidate-0000335,abs-candidate-0000307,debugging,3.00845470545572,-0.7,-0.28,4.38,-0.004167253350171096,-0.004167253350171096,4.444412222105416,-0.004167253350171096,near_zero,,,,,abs-same_history_contribution-000590,abstraction_test,0.06386915314994339,0.21210848059700527,True,abs-same_history_contribution-000590,abs-same_history_contribution-000590:m0,abs-candidate-0000335-m0,abs-candidate-0000307-m0,continue_x,-0.12221363378839534,-0.05401329085907114,-0.004167253350171096,-0.004167253350171096,-1.027890595029985,-1.0320578483801561,True,persistence_state,28,persistence_state,0.0,0.0
1181,same_history_contribution,abs-candidate-0000335,abs-candidate-0000307,debugging,3.00845470545572,-0.7,-0.28,4.38,-0.004167253350171096,-0.004167253350171096,4.444412222105416,-0.004167253350171096,near_zero,,,,,abs-same_history_contribution-000590,abstraction_test,0.06386915314994339,0.21210848059700527,True,abs-same_history_contribution-000590,abs-same_history_contribution-000590:m1,abs-candidate-0000335-m1,abs-candidate-0000307-m1,continue_y,-0.12221363378839567,-0.05401329085907114,-0.004167253350171318,-0.004167253350171318,-1.0879044474032713,-1.0920717007534426,True,persistence_state,28,persistence_state,0.0,0.0
1190,same_history_contribution,abs-candidate-0003079,abs-candidate-0003107,debugging,3.008454705455719,0.7,0.28,-4.38,0.004167253350171318,0.004167253350171318,4.444412222105416,0.004167253350171318,near_zero,,,,,abs-same_history_contribution-000595,abstraction_test,0.06386915314994339,0.21210848059700527,True,abs-same_history_contribution-000595,abs-same_history_contribution-000595:m0,abs-candidate-0003079-m0,abs-candidate-0003107-m0,continue_x,0.12221363378839523,0.05811889435069095,0.004167253350171318,0.004167253350171318,-1.5330333208568527,-1.5288660675066814,True,persistence_state,28,persistence_state,0.0,0.0
1191,same_history_contribution,abs-candidate-0003079,abs-candidate-0003107,debugging,3.008454705455719,0.7,0.28,-4.38,0.004167253350171318,0.004167253350171318,4.444412222105416,0.004167253350171318,near_zero,,,,,abs-same_history_contribution-000595,abstraction_test,0.06386915314994339,0.21210848059700527,True,abs-same_history_contribution-000595,abs-same_history_contribution-000595:m1,abs-candidate-0003079-m1,abs-candidate-0003107-m1,continue_y,0.12221363378839545,0.058118894350691175,0.00416725335017154,0.00416725335017154,-1.5930471732301392,-1.5888799198799677,True,persistence_state,28,persistence_state,0.0,0.0
1200,same_history_different_evidence,abs-candidate-0044788,abs-candidate-0044536,solvability,4.350874561907837,0.0,0.0,0.0,0.0,-5.093031967960442,0.0,-5.093031967960442,strong_negative,,,,,abs-same_history_different_evidence-000600,abstraction_test,0.06386915314994339,0.21210848059700527,True,abs-same_history_different_evidence-000600,abs-same_history_different_evidence-000600:m0,abs-candidate-0044788-m0,abs-candidate-0044536-m0,continue_x,0.0,0.0,0.0,-5.093031967960442,2.7622219155998984,-2.3308100523605444,True,persistence_state,28,persistence_state,-1.0,5.561119556427002
1201,same_history_different_evidence,abs-candidate-0044788,abs-candidate-0044536,solvability,4.350874561907837,0.0,0.0,0.0,0.0,-5.093031967960442,0.0,-5.093031967960442,strong_negative,,,,,abs-same_history_different_evidence-000600,abstraction_test,0.06386915314994339,0.21210848059700527,True,abs-same_history_different_evidence-000600,abs-same_history_different_evidence-000600:m1,abs-candidate-0044788-m1,abs-candidate-0044536-m1,continue_y,0.0,0.0,8.881784197001252e-16,-5.093031967960442,2.694799646311893,-2.3982323216485493,True,persistence_state,28,persistence_state,0.0,0.42155563831329346
1210,same_history_different_evidence,abs-candidate-0044837,abs-candidate-0044585,solvability,4.350874561907837,0.0,0.0,0.0,0.0,-5.093031967960442,0.0,-5.093031967960442,strong_negative,,,,,abs-same_history_different_evidence-000605,abstraction_test,0.06386915314994339,0.21210848059700527,True,abs-same_history_different_evidence-000605,abs-same_history_different_evidence-000605:m0,abs-candidate-0044837-m0,abs-candidate-0044585-m0,continue_x,0.0,0.0,0.0,-5.093031967960442,2.0209909216001765,-3.0720410463602663,True,persistence_state,28,persistence_state,-0.625,4.344295978546143
1211,same_history_different_evidence,abs-candidate-0044837,abs-candidate-0044585,solvability,4.350874561907837,0.0,0.0,0.0,0.0,-5.093031967960442,0.0,-5.093031967960442,strong_negative,,,,,abs-same_history_different_evidence-000605,abstraction_test,0.06386915314994339,0.21210848059700527,True,abs-same_history_different_evidence-000605,abs-same_history_different_evidence-000605:m1,abs-candidate-0044837-m1,abs-candidate-0044585-m1,continue_y,0.0,0.0,0.0,-5.093031967960443,1.9535686523121716,-3.1394633156482716,True,persistence_state,28,persistence_state,0.0,0.26060259342193604
1220,same_history_different_evidence,abs-candidate-0044368,abs-candidate-0044620,solvability,4.350874561907837,0.0,0.0,0.0,0.0,5.093031967960442,0.0,5.093031967960442,strong_positive,,,,,abs-same_history_different_evidence-000610,abstraction_test,0.06386915314994339,0.21210848059700527,True,abs-same_history_different_evidence-000610,abs-same_history_different_evidence-000610:m0,abs-candidate-0044368-m0,abs-candidate-0044620-m0,continue_x,0.0,0.0,0.0,5.093031967960442,-2.7722937253196354,2.3207382426408074,True,persistence_state,28,persistence_state,1.0,4.8746490478515625
1221,same_history_different_evidence,abs-candidate-0044368,abs-candidate-0044620,solvability,4.350874561907837,0.0,0.0,0.0,0.0,5.093031967960442,0.0,5.093031967960442,strong_positive,,,,,abs-same_history_different_evidence-000610,abstraction_test,0.06386915314994339,0.21210848059700527,True,abs-same_history_different_evidence-000610,abs-same_history_different_evidence-000610:m1,abs-candidate-0044368-m1,abs-candidate-0044620-m1,continue_y,0.0,0.0,-8.881784197001252e-16,5.093031967960442,-2.8397159946076402,2.253315973352802,True,persistence_state,28,persistence_state,0.0,0.7499756813049316
1230,same_history_different_evidence,abs-candidate-0044466,abs-candidate-0044718,solvability,4.350874561907837,0.0,0.0,0.0,0.0,5.093031967960442,0.0,5.093031967960442,strong_positive,,,,,abs-same_history_different_evidence-000615,abstraction_test,0.06386915314994339,0.21210848059700527,True,abs-same_history_different_evidence-000615,abs-same_history_different_evidence-000615:m0,abs-candidate-0044466-m0,abs-candidate-0044718-m0,continue_x,0.0,0.0,0.0,5.093031967960442,-1.5729460091857574,3.5200859587746853,True,persistence_state,28,persistence_state,0.875,4.03262996673584
1231,same_history_different_evidence,abs-candidate-0044466,abs-candidate-0044718,solvability,4.350874561907837,0.0,0.0,0.0,0.0,5.093031967960442,0.0,5.093031967960442,strong_positive,,,,,abs-same_history_different_evidence-000615,abstraction_test,0.06386915314994339,0.21210848059700527,True,abs-same_history_different_evidence-000615,abs-same_history_different_evidence-000615:m1,abs-candidate-0044466-m1,abs-candidate-0044718-m1,continue_y,0.0,0.0,-1.3322676295501878e-15,5.093031967960442,-1.6403682784737623,3.4526636894866796,True,persistence_state,28,persistence_state,0.0,0.96533203125
1240,same_history_different_evidence,abs-candidate-0044781,abs-candidate-0044529,solvability,4.350874561907836,0.0,0.0,0.0,-4.440892098500626e-16,-5.093031967960443,0.0,-5.093031967960443,strong_negative,,,,,abs-same_history_different_evidence-000620,abstraction_test,0.06386915314994339,0.21210848059700527,True,abs-same_history_different_evidence-000620,abs-same_history_different_evidence-000620:m0,abs-candidate-0044781-m0,abs-candidate-0044529-m0,continue_x,0.0,0.0,-4.440892098500626e-16,-5.093031967960443,2.905556620805396,-2.1874753471550474,True,persistence_state,28,persistence_state,-0.5,3.205986738204956
1241,same_history_different_evidence,abs-candidate-0044781,abs-candidate-0044529,solvability,4.350874561907836,0.0,0.0,0.0,-4.440892098500626e-16,-5.093031967960443,0.0,-5.093031967960443,strong_negative,,,,,abs-same_history_different_evidence-000620,abstraction_test,0.06386915314994339,0.21210848059700527,True,abs-same_history_different_evidence-000620,abs-same_history_different_evidence-000620:m1,abs-candidate-0044781-m1,abs-candidate-0044529-m1,continue_y,0.0,0.0,1.7763568394002505e-15,-5.093031967960441,2.8381343515173896,-2.254897616443052,True,persistence_state,28,persistence_state,-0.125,0.46766963601112366
1250,same_history_different_evidence,abs-candidate-0044417,abs-candidate-0044669,solvability,4.350874561907836,0.0,0.0,0.0,-4.440892098500626e-16,5.093031967960442,0.0,5.093031967960442,strong_positive,,,,,abs-same_history_different_evidence-000625,abstraction_test,0.06386915314994339,0.21210848059700527,True,abs-same_history_different_evidence-000625,abs-same_history_different_evidence-000625:m0,abs-candidate-0044417-m0,abs-candidate-0044669-m0,continue_x,0.0,0.0,-4.440892098500626e-16,5.093031967960442,-3.0104165832864993,2.082615384673943,True,persistence_state,28,persistence_state,0.625,3.438369035720825
1251,same_history_different_evidence,abs-candidate-0044417,abs-candidate-0044669,solvability,4.350874561907836,0.0,0.0,0.0,-4.440892098500626e-16,5.093031967960442,0.0,5.093031967960442,strong_positive,,,,,abs-same_history_different_evidence-000625,abstraction_test,0.06386915314994339,0.21210848059700527,True,abs-same_history_different_evidence-000625,abs-same_history_different_evidence-000625:m1,abs-candidate-0044417-m1,abs-candidate-0044669-m1,continue_y,0.0,0.0,-8.881784197001252e-16,5.093031967960442,-3.077838852574504,2.015193115385938,True,persistence_state,28,persistence_state,0.125,1.1891562938690186
1260,same_history_different_evidence,abs-candidate-0044830,abs-candidate-0044578,solvability,4.350874561907836,0.0,0.0,0.0,4.440892098500626e-16,-5.093031967960442,0.0,-5.093031967960442,strong_negative,,,,,abs-same_history_different_evidence-000630,abstraction_test,0.06386915314994339,0.21210848059700527,True,abs-same_history_different_evidence-000630,abs-same_history_different_evidence-000630:m0,abs-candidate-0044830-m0,abs-candidate-0044578-m0,continue_x,0.0,0.0,4.440892098500626e-16,-5.093031967960442,2.544184836690998,-2.5488471312694445,True,persistence_state,28,persistence_state,-0.75,4.468628406524658
1261,same_history_different_evidence,abs-candidate-0044830,abs-candidate-0044578,solvability,4.350874561907836,0.0,0.0,0.0,4.440892098500626e-16,-5.093031967960442,0.0,-5.093031967960442,strong_negative,,,,,abs-same_history_different_evidence-000630,abstraction_test,0.06386915314994339,0.21210848059700527,True,abs-same_history_different_evidence-000630,abs-same_history_different_evidence-000630:m1,abs-candidate-0044830-m1,abs-candidate-0044578-m1,continue_y,0.0,0.0,0.0,-5.093031967960443,2.4767625674029934,-2.61626940055745,True,persistence_state,28,persistence_state,-0.25,1.0403996706008911
1270,same_history_different_evidence,abs-candidate-0044606,abs-candidate-0044354,solvability,4.350874561907835,0.0,0.0,0.0,-8.881784197001252e-16,-5.093031967960444,0.0,-5.093031967960444,strong_negative,,,,,abs-same_history_different_evidence-000635,abstraction_test,0.06386915314994339,0.21210848059700527,True,abs-same_history_different_evidence-000635,abs-same_history_different_evidence-000635:m0,abs-candidate-0044606-m0,abs-candidate-0044354-m0,continue_x,0.0,0.0,-8.881784197001252e-16,-5.093031967960444,2.0043578724251123,-3.0886740955353313,True,persistence_state,28,persistence_state,-1.5,7.562396049499512
1271,same_history_different_evidence,abs-candidate-0044606,abs-candidate-0044354,solvability,4.350874561907835,0.0,0.0,0.0,-8.881784197001252e-16,-5.093031967960444,0.0,-5.093031967960444,strong_negative,,,,,abs-same_history_different_evidence-000635,abstraction_test,0.06386915314994339,0.21210848059700527,True,abs-same_history_different_evidence-000635,abs-same_history_different_evidence-000635:m1,abs-candidate-0044606-m1,abs-candidate-0044354-m1,continue_y,0.0,0.0,-4.440892098500626e-16,-5.093031967960444,1.936935603137107,-3.1560963648233367,True,persistence_state,28,persistence_state,0.5,2.89180064201355
1280,same_history_different_evidence,abs-candidate-0044396,abs-candidate-0044648,solvability,4.350874561907835,0.0,0.0,0.0,4.440892098500626e-16,5.093031967960443,0.0,5.093031967960443,strong_positive,,,,,abs-same_history_different_evidence-000640,abstraction_test,0.06386915314994339,0.21210848059700527,True,abs-same_history_different_evidence-000640,abs-same_history_different_evidence-000640:m0,abs-candidate-0044396-m0,abs-candidate-0044648-m0,continue_x,0.0,0.0,4.440892098500626e-16,5.093031967960443,-3.306711174444232,1.7863207935162113,True,persistence_state,28,persistence_state,1.5,7.404558181762695
1281,same_history_different_evidence,abs-candidate-0044396,abs-candidate-0044648,solvability,4.350874561907835,0.0,0.0,0.0,4.440892098500626e-16,5.093031967960443,0.0,5.093031967960443,strong_positive,,,,,abs-same_history_different_evidence-000640,abstraction_test,0.06386915314994339,0.21210848059700527,True,abs-same_history_different_evidence-000640,abs-same_history_different_evidence-000640:m1,abs-candidate-0044396-m1,abs-candidate-0044648-m1,continue_y,0.0,0.0,4.440892098500626e-16,5.093031967960444,-3.3741334437322372,1.7188985242282064,True,persistence_state,28,persistence_state,-0.125,2.3423707485198975
1290,same_history_different_evidence,abs-candidate-0044564,abs-candidate-0044816,solvability,4.350874561907834,0.0,0.0,0.0,1.3322676295501878e-15,5.093031967960444,0.0,5.093031967960444,strong_positive,,,,,abs-same_history_different_evidence-000645,abstraction_test,0.06386915314994339,0.21210848059700527,True,abs-same_history_different_evidence-000645,abs-same_history_different_evidence-000645:m0,abs-candidate-0044564-m0,abs-candidate-0044816-m0,continue_x,0.0,0.0,1.3322676295501878e-15,5.093031967960444,-3.2450867113704653,1.8479452565899788,True,persistence_state,28,persistence_state,1.375,6.469055652618408
1291,same_history_different_evidence,abs-candidate-0044564,abs-candidate-0044816,solvability,4.350874561907834,0.0,0.0,0.0,1.3322676295501878e-15,5.093031967960444,0.0,5.093031967960444,strong_positive,,,,,abs-same_history_different_evidence-000645,abstraction_test,0.06386915314994339,0.21210848059700527,True,abs-same_history_different_evidence-000645,abs-same_history_different_evidence-000645:m1,abs-candidate-0044564-m1,abs-candidate-0044816-m1,continue_y,0.0,0.0,8.881784197001252e-16,5.093031967960444,-3.3125089806584707,1.7805229873019734,True,persistence_state,28,persistence_state,0.0,1.6185877323150635
1300,same_history_different_evidence,abs-candidate-0044452,abs-candidate-0044704,solvability,4.350874561907833,0.0,0.0,0.0,-8.881784197001252e-16,5.093031967960442,0.0,5.093031967960442,strong_positive,,,,,abs-same_history_different_evidence-000650,abstraction_test,0.06386915314994339,0.21210848059700527,True,abs-same_history_different_evidence-000650,abs-same_history_different_evidence-000650:m0,abs-candidate-0044452-m0,abs-candidate-0044704-m0,continue_x,0.0,0.0,-8.881784197001252e-16,5.093031967960442,-2.7106692622458683,2.3823627057145735,True,persistence_state,28,persistence_state,1.0,4.4069085121154785
1301,same_history_different_evidence,abs-candidate-0044452,abs-candidate-0044704,solvability,4.350874561907833,0.0,0.0,0.0,-8.881784197001252e-16,5.093031967960442,0.0,5.093031967960442,strong_positive,,,,,abs-same_history_different_evidence-000650,abstraction_test,0.06386915314994339,0.21210848059700527,True,abs-same_history_different_evidence-000650,abs-same_history_different_evidence-000650:m1,abs-candidate-0044452-m1,abs-candidate-0044704-m1,continue_y,0.0,0.0,-8.881784197001252e-16,5.093031967960442,-2.7780915315338737,2.3149404364265687,True,persistence_state,28,persistence_state,0.25,1.0712248086929321
1310,same_history_different_evidence,abs-candidate-0044662,abs-candidate-0044501,solvability,4.321774899453164,-0.51,-0.51,-3.4,-0.014676263916673538,-5.107708231877116,3.4756582110443484,-5.107708231877116,strong_negative,,,,,abs-same_history_different_evidence-000655,abstraction_test,0.06386915314994339,0.21210848059700527,True,abs-same_history_different_evidence-000655,abs-same_history_different_evidence-000655:m0,abs-candidate-0044662-m0,abs-candidate-0044501-m0,continue_x,-0.31867702594690384,-0.16241727183800547,-0.014676263916673538,-5.107708231877116,2.477150858475941,-2.6305573734011753,True,persistence_state,28,persistence_state,-0.75,5.406497001647949
1311,same_history_different_evidence,abs-candidate-0044662,abs-candidate-0044501,solvability,4.321774899453164,-0.51,-0.51,-3.4,-0.014676263916673538,-5.107708231877116,3.4756582110443484,-5.107708231877116,strong_negative,,,,,abs-same_history_different_evidence-000655,abstraction_test,0.06386915314994339,0.21210848059700527,True,abs-same_history_different_evidence-000655,abs-same_history_different_evidence-000655:m1,abs-candidate-0044662-m1,abs-candidate-0044501-m1,continue_y,-0.31867702594690384,-0.16241727183800547,-0.014676263916673538,-5.107708231877117,2.409728589187936,-2.6979796426891807,True,persistence_state,28,persistence_state,0.0,0.6907392144203186
1320,same_history_different_evidence,abs-candidate-0044767,abs-candidate-0044445,solvability,4.282529749781225,-0.7,-0.7,-0.98,-0.034469351720763264,-5.1275013196812065,1.392982411949268,-5.1275013196812065,strong_negative,,,,,abs-same_history_different_evidence-000660,abstraction_test,0.06386915314994339,0.21210848059700527,True,abs-same_history_different_evidence-000660,abs-same_history_different_evidence-000660:m0,abs-candidate-0044767-m0,abs-candidate-0044445-m0,continue_x,-0.18143252840343926,-0.22292566722863416,-0.034469351720763264,-5.1275013196812065,2.811367531237335,-2.316133788443871,True,persistence_state,28,persistence_state,-0.625,3.2832252979278564
1321,same_history_different_evidence,abs-candidate-0044767,abs-candidate-0044445,solvability,4.282529749781225,-0.7,-0.7,-0.98,-0.034469351720763264,-5.1275013196812065,1.392982411949268,-5.1275013196812065,strong_negative,,,,,abs-same_history_different_evidence-000660,abstraction_test,0.06386915314994339,0.21210848059700527,True,abs-same_history_different_evidence-000660,abs-same_history_different_evidence-000660:m1,abs-candidate-0044767-m1,abs-candidate-0044445-m1,continue_y,-0.18143252840343926,-0.22292566722863416,-0.03446935172076371,-5.1275013196812065,2.7439452619493307,-2.383556057731876,True,persistence_state,28,persistence_state,0.0,0.1511598378419876
1330,same_history_different_evidence,abs-candidate-0001674,abs-candidate-0049806,foraging,4.130032595151562,0.0,0.0,0.0,0.0,-4.834519528552452,0.0,-4.834519528552452,strong_negative,,,,,abs-same_history_different_evidence-000665,abstraction_test,0.06386915314994339,0.21210848059700527,True,abs-same_history_different_evidence-000665,abs-same_history_different_evidence-000665:m0,abs-candidate-0001674-m0,abs-candidate-0049806-m0,continue_x,0.0,0.0,0.0,-4.834519528552452,2.1290465449752123,-2.70547298357724,True,persistence_state,28,persistence_state,-0.5,3.718461513519287
1331,same_history_different_evidence,abs-candidate-0001674,abs-candidate-0049806,foraging,4.130032595151562,0.0,0.0,0.0,0.0,-4.834519528552452,0.0,-4.834519528552452,strong_negative,,,,,abs-same_history_different_evidence-000665,abstraction_test,0.06386915314994339,0.21210848059700527,True,abs-same_history_different_evidence-000665,abs-same_history_different_evidence-000665:m1,abs-candidate-0001674-m1,abs-candidate-0049806-m1,continue_y,0.0,0.0,6.661338147750939e-16,-4.834519528552452,2.2638340168468654,-2.5706855117055865,True,persistence_state,28,persistence_state,0.25,0.43587738275527954
1340,same_history_different_evidence,abs-candidate-0001646,abs-candidate-0049778,foraging,4.130032595151561,0.0,0.0,0.0,2.220446049250313e-16,-4.834519528552452,0.0,-4.834519528552452,strong_negative,,,,,abs-same_history_different_evidence-000670,abstraction_test,0.06386915314994339,0.21210848059700527,True,abs-same_history_different_evidence-000670,abs-same_history_different_evidence-000670:m0,abs-candidate-0001646-m0,abs-candidate-0049778-m0,continue_x,0.0,0.0,2.220446049250313e-16,-4.834519528552452,1.9080444607309894,-2.9264750678214626,True,persistence_state,28,persistence_state,-0.5,3.718461513519287
1341,same_history_different_evidence,abs-candidate-0001646,abs-candidate-0049778,foraging,4.130032595151561,0.0,0.0,0.0,2.220446049250313e-16,-4.834519528552452,0.0,-4.834519528552452,strong_negative,,,,,abs-same_history_different_evidence-000670,abstraction_test,0.06386915314994339,0.21210848059700527,True,abs-same_history_different_evidence-000670,abs-same_history_different_evidence-000670:m1,abs-candidate-0001646-m1,abs-candidate-0049778-m1,continue_y,0.0,0.0,2.220446049250313e-16,-4.834519528552452,2.042831932602643,-2.791687595949809,True,persistence_state,28,persistence_state,0.25,0.43587738275527954
1350,same_history_different_evidence,abs-candidate-0049820,abs-candidate-0001688,foraging,4.130032595151561,0.0,0.0,0.0,4.440892098500626e-16,4.834519528552453,0.0,4.834519528552453,strong_positive,,,,,abs-same_history_different_evidence-000675,abstraction_test,0.06386915314994339,0.21210848059700527,True,abs-same_history_different_evidence-000675,abs-same_history_different_evidence-000675:m0,abs-candidate-0049820-m0,abs-candidate-0001688-m0,continue_x,0.0,0.0,4.440892098500626e-16,4.834519528552453,-2.888974812976332,1.9455447155761205,True,persistence_state,28,persistence_state,0.75,3.1599783897399902
1351,same_history_different_evidence,abs-candidate-0049820,abs-candidate-0001688,foraging,4.130032595151561,0.0,0.0,0.0,4.440892098500626e-16,4.834519528552453,0.0,4.834519528552453,strong_positive,,,,,abs-same_history_different_evidence-000675,abstraction_test,0.06386915314994339,0.21210848059700527,True,abs-same_history_different_evidence-000675,abs-same_history_different_evidence-000675:m1,abs-candidate-0049820-m1,abs-candidate-0001688-m1,continue_y,0.0,0.0,2.220446049250313e-16,4.834519528552453,-2.7541873411046787,2.080332187447774,True,persistence_state,28,persistence_state,-0.125,0.7755265831947327
1360,same_history_different_evidence,abs-candidate-0026964,abs-candidate-0000756,bandit,3.8215141871359943,0.0,0.0,0.0,0.0,4.47337509830748,0.0,4.47337509830748,moderate_positive,,,,,abs-same_history_different_evidence-000680,abstraction_test,0.06386915314994339,0.21210848059700527,True,abs-same_history_different_evidence-000680,abs-same_history_different_evidence-000680:m0,abs-candidate-0026964-m0,abs-candidate-0000756-m0,continue_x,0.0,0.0,0.0,4.47337509830748,-3.1186277831051354,1.3547473152023448,True,persistence_state,28,persistence_state,0.75,4.782188415527344
1361,same_history_different_evidence,abs-candidate-0026964,abs-candidate-0000756,bandit,3.8215141871359943,0.0,0.0,0.0,0.0,4.47337509830748,0.0,4.47337509830748,moderate_positive,,,,,abs-same_history_different_evidence-000680,abstraction_test,0.06386915314994339,0.21210848059700527,True,abs-same_history_different_evidence-000680,abs-same_history_different_evidence-000680:m1,abs-candidate-0026964-m1,abs-candidate-0000756-m1,continue_y,0.0,0.0,-6.661338147750939e-16,4.473375098307479,-3.056938056207718,1.4164370420997614,True,persistence_state,28,persistence_state,-0.25,1.4294356107711792
1370,same_history_different_evidence,abs-candidate-0027006,abs-candidate-0000798,bandit,3.8215141871359934,0.0,0.0,0.0,-2.220446049250313e-16,4.47337509830748,0.0,4.47337509830748,moderate_positive,,,,,abs-same_history_different_evidence-000685,abstraction_test,0.06386915314994339,0.21210848059700527,True,abs-same_history_different_evidence-000685,abs-same_history_different_evidence-000685:m0,abs-candidate-0027006-m0,abs-candidate-0000798-m0,continue_x,0.0,0.0,-2.220446049250313e-16,4.47337509830748,-3.0089889671960517,1.4643861311114283,True,persistence_state,28,persistence_state,1.0,5.031555652618408
1371,same_history_different_evidence,abs-candidate-0027006,abs-candidate-0000798,bandit,3.8215141871359934,0.0,0.0,0.0,-2.220446049250313e-16,4.47337509830748,0.0,4.47337509830748,moderate_positive,,,,,abs-same_history_different_evidence-000685,abstraction_test,0.06386915314994339,0.21210848059700527,True,abs-same_history_different_evidence-000685,abs-same_history_different_evidence-000685:m1,abs-candidate-0027006-m1,abs-candidate-0000798-m1,continue_y,0.0,0.0,-8.881784197001252e-16,4.473375098307479,-2.9472992402986344,1.526075858008845,True,persistence_state,28,persistence_state,-0.125,1.7745579481124878
1380,same_history_different_evidence,abs-candidate-0000959,abs-candidate-0027167,bandit,3.8215141871359934,0.0,0.0,0.0,2.220446049250313e-16,-4.47337509830748,0.0,-4.47337509830748,moderate_negative,,,,,abs-same_history_different_evidence-000690,abstraction_test,0.06386915314994339,0.21210848059700527,True,abs-same_history_different_evidence-000690,abs-same_history_different_evidence-000690:m0,abs-candidate-0000959-m0,abs-candidate-0027167-m0,continue_x,0.0,0.0,2.220446049250313e-16,-4.47337509830748,2.5645434099701907,-1.9088316883372893,True,persistence_state,28,persistence_state,-0.75,4.752035140991211
1381,same_history_different_evidence,abs-candidate-0000959,abs-candidate-0027167,bandit,3.8215141871359934,0.0,0.0,0.0,2.220446049250313e-16,-4.47337509830748,0.0,-4.47337509830748,moderate_negative,,,,,abs-same_history_different_evidence-000690,abstraction_test,0.06386915314994339,0.21210848059700527,True,abs-same_history_different_evidence-000690,abs-same_history_different_evidence-000690:m1,abs-candidate-0000959-m1,abs-candidate-0027167-m1,continue_y,0.0,0.0,4.440892098500626e-16,-4.47337509830748,2.626233136867607,-1.8471419614398727,True,persistence_state,28,persistence_state,0.375,1.3197565078735352
1390,same_history_different_evidence,abs-candidate-0000966,abs-candidate-0027174,bandit,3.821514187135993,0.0,0.0,0.0,2.220446049250313e-16,-4.47337509830748,0.0,-4.47337509830748,moderate_negative,,,,,abs-same_history_different_evidence-000695,abstraction_test,0.06386915314994339,0.21210848059700527,True,abs-same_history_different_evidence-000695,abs-same_history_different_evidence-000695:m0,abs-candidate-0000966-m0,abs-candidate-0027174-m0,continue_x,0.0,0.0,2.220446049250313e-16,-4.47337509830748,1.2923992146659582,-3.180975883641522,True,persistence_state,28,persistence_state,-0.625,4.969592571258545
1391,same_history_different_evidence,abs-candidate-0000966,abs-candidate-0027174,bandit,3.821514187135993,0.0,0.0,0.0,2.220446049250313e-16,-4.47337509830748,0.0,-4.47337509830748,moderate_negative,,,,,abs-same_history_different_evidence-000695,abstraction_test,0.06386915314994339,0.21210848059700527,True,abs-same_history_different_evidence-000695,abs-same_history_different_evidence-000695:m1,abs-candidate-0000966-m1,abs-candidate-0027174-m1,continue_y,0.0,0.0,8.881784197001252e-16,-4.473375098307479,1.3540889415633748,-3.1192861567441046,True,persistence_state,28,persistence_state,0.25,1.1443936824798584
1400,same_history_different_evidence,abs-candidate-0000952,abs-candidate-0027160,bandit,3.8215141871359926,0.0,0.0,0.0,4.440892098500626e-16,-4.47337509830748,0.0,-4.47337509830748,moderate_negative,,,,,abs-same_history_different_evidence-000700,abstraction_test,0.06386915314994339,0.21210848059700527,True,abs-same_history_different_evidence-000700,abs-same_history_different_evidence-000700:m0,abs-candidate-0000952-m0,abs-candidate-0027160-m0,continue_x,0.0,0.0,4.440892098500626e-16,-4.47337509830748,2.684734257107548,-1.788640841199932,True,persistence_state,28,persistence_state,-0.75,4.752035140991211
1401,same_history_different_evidence,abs-candidate-0000952,abs-candidate-0027160,bandit,3.8215141871359926,0.0,0.0,0.0,4.440892098500626e-16,-4.47337509830748,0.0,-4.47337509830748,moderate_negative,,,,,abs-same_history_different_evidence-000700,abstraction_test,0.06386915314994339,0.21210848059700527,True,abs-same_history_different_evidence-000700,abs-same_history_different_evidence-000700:m1,abs-candidate-0000952-m1,abs-candidate-0027160-m1,continue_y,0.0,0.0,4.440892098500626e-16,-4.47337509830748,2.7464239840049642,-1.7269511143025156,True,persistence_state,28,persistence_state,0.375,1.3197565078735352
1410,same_history_different_evidence,abs-candidate-0027209,abs-candidate-0001001,bandit,3.8215141871359926,0.0,0.0,0.0,-4.440892098500626e-16,4.47337509830748,0.0,4.47337509830748,moderate_positive,,,,,abs-same_history_different_evidence-000705,abstraction_test,0.06386915314994339,0.21210848059700527,True,abs-same_history_different_evidence-000705,abs-same_history_different_evidence-000705:m0,abs-candidate-0027209-m0,abs-candidate-0001001-m0,continue_x,0.0,0.0,-4.440892098500626e-16,4.47337509830748,-2.143166705319146,2.3302083929883337,True,persistence_state,28,persistence_state,0.875,4.971315860748291
1411,same_history_different_evidence,abs-candidate-0027209,abs-candidate-0001001,bandit,3.8215141871359926,0.0,0.0,0.0,-4.440892098500626e-16,4.47337509830748,0.0,4.47337509830748,moderate_positive,,,,,abs-same_history_different_evidence-000705,abstraction_test,0.06386915314994339,0.21210848059700527,True,abs-same_history_different_evidence-000705,abs-same_history_different_evidence-000705:m1,abs-candidate-0027209-m1,abs-candidate-0001001-m1,continue_y,0.0,0.0,-8.881784197001252e-16,4.473375098307479,-2.0814769784217293,2.39189811988575,True,persistence_state,28,persistence_state,-0.25,1.1437209844589233
1420,same_history_different_evidence,abs-candidate-0000854,abs-candidate-0027062,bandit,3.8215141871359917,0.0,0.0,0.0,6.661338147750939e-16,-4.473375098307479,0.0,-4.473375098307479,moderate_negative,,,,,abs-same_history_different_evidence-000710,abstraction_test,0.06386915314994339,0.21210848059700527,True,abs-same_history_different_evidence-000710,abs-same_history_different_evidence-000710:m0,abs-candidate-0000854-m0,abs-candidate-0027062-m0,continue_x,0.0,0.0,6.661338147750939e-16,-4.473375098307479,1.8580389201380274,-2.615336178169452,True,persistence_state,28,persistence_state,-0.625,5.063371181488037
1421,same_history_different_evidence,abs-candidate-0000854,abs-candidate-0027062,bandit,3.8215141871359917,0.0,0.0,0.0,6.661338147750939e-16,-4.473375098307479,0.0,-4.473375098307479,moderate_negative,,,,,abs-same_history_different_evidence-000710,abstraction_test,0.06386915314994339,0.21210848059700527,True,abs-same_history_different_evidence-000710,abs-same_history_different_evidence-000710:m1,abs-candidate-0000854-m1,abs-candidate-0027062-m1,continue_y,0.0,0.0,6.661338147750939e-16,-4.473375098307479,1.9197286470354442,-2.5536464512720354,True,persistence_state,28,persistence_state,0.375,1.165473222732544
1430,same_history_different_evidence,abs-candidate-0027139,abs-candidate-0000931,bandit,3.821514187135991,0.0,0.0,0.0,-8.881784197001252e-16,4.473375098307479,0.0,4.473375098307479,moderate_positive,,,,,abs-same_history_different_evidence-000715,abstraction_test,0.06386915314994339,0.21210848059700527,True,abs-same_history_different_evidence-000715,abs-same_history_different_evidence-000715:m0,abs-candidate-0027139-m0,abs-candidate-0000931-m0,continue_x,0.0,0.0,-8.881784197001252e-16,4.473375098307479,-2.1844829528912673,2.288892145416212,True,persistence_state,28,persistence_state,0.875,4.7514424324035645
1431,same_history_different_evidence,abs-candidate-0027139,abs-candidate-0000931,bandit,3.821514187135991,0.0,0.0,0.0,-8.881784197001252e-16,4.473375098307479,0.0,4.473375098307479,moderate_positive,,,,,abs-same_history_different_evidence-000715,abstraction_test,0.06386915314994339,0.21210848059700527,True,abs-same_history_different_evidence-000715,abs-same_history_different_evidence-000715:m1,abs-candidate-0027139-m1,abs-candidate-0000931-m1,continue_y,0.0,0.0,-8.881784197001252e-16,4.473375098307479,-2.122793225993851,2.3505818723136285,True,persistence_state,28,persistence_state,-0.125,1.3200513124465942
1440,same_history_different_evidence,abs-candidate-0027083,abs-candidate-0000826,bandit,3.800591931397255,0.98,-0.6799999999999997,-2.0,0.010552031228271641,4.483927129535752,2.3286906192107186,4.483927129535752,moderate_positive,,,,,abs-same_history_different_evidence-000720,abstraction_test,0.06386915314994339,0.21210848059700527,True,abs-same_history_different_evidence-000720,abs-same_history_different_evidence-000720:m0,abs-candidate-0027083-m0,abs-candidate-0000826-m0,continue_x,0.1549625588536696,-0.1901323168367326,0.010552031228271641,4.483927129535752,-1.882111073821695,2.601816055714057,True,persistence_state,28,persistence_state,0.875,4.845393657684326
1441,same_history_different_evidence,abs-candidate-0027083,abs-candidate-0000826,bandit,3.800591931397255,0.98,-0.6799999999999997,-2.0,0.010552031228271641,4.483927129535752,2.3286906192107186,4.483927129535752,moderate_positive,,,,,abs-same_history_different_evidence-000720,abstraction_test,0.06386915314994339,0.21210848059700527,True,abs-same_history_different_evidence-000720,abs-same_history_different_evidence-000720:m1,abs-candidate-0027083-m1,abs-candidate-0000826-m1,continue_y,0.15496255885366983,-0.19013231683673304,0.010552031228271863,4.483927129535752,-1.8204213469242785,2.6635057826114736,True,persistence_state,28,persistence_state,-0.125,1.7970157861709595
1450,same_history_different_evidence,abs-candidate-0027181,abs-candidate-0000805,bandit,3.7807283989409335,0.0,-1.1355,4.38,0.020570100857102425,4.493945199164583,4.524793945584705,4.493945199164583,moderate_positive,,,,,abs-same_history_different_evidence-000725,abstraction_test,0.06386915314994339,0.21210848059700527,True,abs-same_history_different_evidence-000725,abs-same_history_different_evidence-000725:m0,abs-candidate-0027181-m0,abs-candidate-0000805-m0,continue_x,0.0,-0.31749300848251494,0.020570100857102425,4.493945199164583,-2.122134852354881,2.371810346809702,True,persistence_state,28,persistence_state,0.875,4.779365062713623
1451,same_history_different_evidence,abs-candidate-0027181,abs-candidate-0000805,bandit,3.7807283989409335,0.0,-1.1355,4.38,0.020570100857102425,4.493945199164583,4.524793945584705,4.493945199164583,moderate_positive,,,,,abs-same_history_different_evidence-000725,abstraction_test,0.06386915314994339,0.21210848059700527,True,abs-same_history_different_evidence-000725,abs-same_history_different_evidence-000725:m1,abs-candidate-0027181-m1,abs-candidate-0000805-m1,continue_y,0.0,-0.3174930084825154,0.020570100857103313,4.493945199164584,-2.0604451254574645,2.433500073707119,True,persistence_state,28,persistence_state,-0.25,1.7272999286651611
1460,same_history_different_evidence,abs-candidate-0027020,abs-candidate-0000980,bandit,3.768533342187994,0.0,1.3139999999999998,-0.41999999999999993,0.0267206145155936,4.500095712823073,1.3794912105555437,4.500095712823073,moderate_positive,,,,,abs-same_history_different_evidence-000730,abstraction_test,0.06386915314994339,0.21210848059700527,True,abs-same_history_different_evidence-000730,abs-same_history_different_evidence-000730:m0,abs-candidate-0027020-m0,abs-candidate-0000980-m0,continue_x,0.0,0.36740274165215725,0.0267206145155936,4.500095712823073,-2.3810011611875956,2.119094551635478,True,persistence_state,28,persistence_state,1.125,5.250067234039307
1461,same_history_different_evidence,abs-candidate-0027020,abs-candidate-0000980,bandit,3.768533342187994,0.0,1.3139999999999998,-0.41999999999999993,0.0267206145155936,4.500095712823073,1.3794912105555437,4.500095712823073,moderate_positive,,,,,abs-same_history_different_evidence-000730,abstraction_test,0.06386915314994339,0.21210848059700527,True,abs-same_history_different_evidence-000730,abs-same_history_different_evidence-000730:m1,abs-candidate-0027020-m1,abs-candidate-0000980-m1,continue_y,0.0,0.3674027416521568,0.0267206145155936,4.500095712823073,-2.319311434290179,2.180784278532895,True,persistence_state,28,persistence_state,0.0,1.1809418201446533
1470,same_history_different_evidence,abs-candidate-0046814,abs-candidate-0050090,effort,3.205376629777977,0.0,0.0,0.0,0.0,3.7521388889809946,0.0,3.7521388889809946,moderate_positive,,,,,abs-same_history_different_evidence-000735,abstraction_test,0.06386915314994339,0.21210848059700527,True,abs-same_history_different_evidence-000735,abs-same_history_different_evidence-000735:m0,abs-candidate-0046814-m0,abs-candidate-0050090-m0,continue_x,0.0,0.0,0.0,3.7521388889809946,-2.3040956309370637,1.4480432580439309,True,persistence_state,28,persistence_state,1.25,6.71914005279541
1471,same_history_different_evidence,abs-candidate-0046814,abs-candidate-0050090,effort,3.205376629777977,0.0,0.0,0.0,0.0,3.7521388889809946,0.0,3.7521388889809946,moderate_positive,,,,,abs-same_history_different_evidence-000735,abstraction_test,0.06386915314994339,0.21210848059700527,True,abs-same_history_different_evidence-000735,abs-same_history_different_evidence-000735:m1,abs-candidate-0046814-m1,abs-candidate-0050090-m1,continue_y,0.0,0.0,4.440892098500626e-16,3.752138888980994,-2.2160406410433455,1.5360982479376486,True,persistence_state,28,persistence_state,-0.25,1.7589459419250488
1480,same_history_different_evidence,abs-candidate-0050013,abs-candidate-0046737,effort,3.2053766297779767,0.0,0.0,0.0,2.220446049250313e-16,-3.752138888980994,0.0,-3.752138888980994,moderate_negative,,,,,abs-same_history_different_evidence-000740,abstraction_test,0.06386915314994339,0.21210848059700527,True,abs-same_history_different_evidence-000740,abs-same_history_different_evidence-000740:m0,abs-candidate-0050013-m0,abs-candidate-0046737-m0,continue_x,0.0,0.0,2.220446049250313e-16,-3.752138888980994,2.23888746207581,-1.5132514269051842,True,persistence_state,28,persistence_state,-1.375,8.189559936523438
1481,same_history_different_evidence,abs-candidate-0050013,abs-candidate-0046737,effort,3.2053766297779767,0.0,0.0,0.0,2.220446049250313e-16,-3.752138888980994,0.0,-3.752138888980994,moderate_negative,,,,,abs-same_history_different_evidence-000740,abstraction_test,0.06386915314994339,0.21210848059700527,True,abs-same_history_different_evidence-000740,abs-same_history_different_evidence-000740:m1,abs-candidate-0050013-m1,abs-candidate-0046737-m1,continue_y,0.0,0.0,-6.661338147750939e-16,-3.752138888980994,2.326942451969528,-1.4251964370114665,True,persistence_state,28,persistence_state,0.625,3.4563310146331787
1490,same_history_different_evidence,abs-candidate-0046758,abs-candidate-0050034,effort,3.2053766297779767,0.0,0.0,0.0,2.220446049250313e-16,3.752138888980995,0.0,3.752138888980995,moderate_positive,,,,,abs-same_history_different_evidence-000745,abstraction_test,0.06386915314994339,0.21210848059700527,True,abs-same_history_different_evidence-000745,abs-same_history_different_evidence-000745:m0,abs-candidate-0046758-m0,abs-candidate-0050034-m0,continue_x,0.0,0.0,2.220446049250313e-16,3.752138888980995,-1.938576275767615,1.8135626132133797,True,persistence_state,28,persistence_state,1.125,5.938485622406006
1491,same_history_different_evidence,abs-candidate-0046758,abs-candidate-0050034,effort,3.2053766297779767,0.0,0.0,0.0,2.220446049250313e-16,3.752138888980995,0.0,3.752138888980995,moderate_positive,,,,,abs-same_history_different_evidence-000745,abstraction_test,0.06386915314994339,0.21210848059700527,True,abs-same_history_different_evidence-000745,abs-same_history_different_evidence-000745:m1,abs-candidate-0046758-m1,abs-candidate-0050034-m1,continue_y,0.0,0.0,8.881784197001252e-16,3.7521388889809946,-1.850521285873897,1.9016176031070975,True,persistence_state,28,persistence_state,-0.25,1.6336365938186646
1500,same_history_different_evidence,abs-candidate-0049950,abs-candidate-0046674,effort,3.2053766297779753,0.0,0.0,0.0,4.440892098500626e-16,-3.752138888980994,0.0,-3.752138888980994,moderate_negative,,,,,abs-same_history_different_evidence-000750,abstraction_test,0.06386915314994339,0.21210848059700527,True,abs-same_history_different_evidence-000750,abs-same_history_different_evidence-000750:m0,abs-candidate-0049950-m0,abs-candidate-0046674-m0,continue_x,0.0,0.0,4.440892098500626e-16,-3.752138888980994,1.838927358444907,-1.913211530536087,True,persistence_state,28,persistence_state,-1.125,6.75132942199707
1501,same_history_different_evidence,abs-candidate-0049950,abs-candidate-0046674,effort,3.2053766297779753,0.0,0.0,0.0,4.440892098500626e-16,-3.752138888980994,0.0,-3.752138888980994,moderate_negative,,,,,abs-same_history_different_evidence-000750,abstraction_test,0.06386915314994339,0.21210848059700527,True,abs-same_history_different_evidence-000750,abs-same_history_different_evidence-000750:m1,abs-candidate-0049950-m1,abs-candidate-0046674-m1,continue_y,0.0,0.0,2.220446049250313e-16,-3.7521388889809932,1.9269823483386244,-1.825156540642369,True,persistence_state,28,persistence_state,0.5,2.2652907371520996
1510,same_history_different_evidence,abs-candidate-0046849,abs-candidate-0050125,effort,3.2053766297779753,0.0,0.0,0.0,-4.440892098500626e-16,3.752138888980994,0.0,3.752138888980994,moderate_positive,,,,,abs-same_history_different_evidence-000755,abstraction_test,0.06386915314994339,0.21210848059700527,True,abs-same_history_different_evidence-000755,abs-same_history_different_evidence-000755:m0,abs-candidate-0046849-m0,abs-candidate-0050125-m0,continue_x,0.0,0.0,-4.440892098500626e-16,3.752138888980994,-2.0542665345069633,1.6978723544740308,True,persistence_state,28,persistence_state,1.5,6.969400882720947
1511,same_history_different_evidence,abs-candidate-0046849,abs-candidate-0050125,effort,3.2053766297779753,0.0,0.0,0.0,-4.440892098500626e-16,3.752138888980994,0.0,3.752138888980994,moderate_positive,,,,,abs-same_history_different_evidence-000755,abstraction_test,0.06386915314994339,0.21210848059700527,True,abs-same_history_different_evidence-000755,abs-same_history_different_evidence-000755:m1,abs-candidate-0046849-m1,abs-candidate-0050125-m1,continue_y,0.0,0.0,2.220446049250313e-16,3.752138888980994,-1.966211544613245,1.7859273443677488,True,persistence_state,28,persistence_state,-0.125,1.3753621578216553
1520,same_history_different_evidence,abs-candidate-0012163,abs-candidate-0044419,waiting,3.168898000507663,0.0,0.0,0.0,2.220446049250313e-16,-3.709437859020798,0.0,-3.709437859020798,near_zero,,,,,abs-same_history_different_evidence-000760,abstraction_test,0.06386915314994339,0.21210848059700527,True,abs-same_history_different_evidence-000760,abs-same_history_different_evidence-000760:m0,abs-candidate-0012163-m0,abs-candidate-0044419-m0,continue_x,0.0,0.0,2.220446049250313e-16,-3.709437859020798,1.148294567512677,-2.561143291508121,True,persistence_state,28,persistence_state,-1.0,7.062811374664307
1521,same_history_different_evidence,abs-candidate-0012163,abs-candidate-0044419,waiting,3.168898000507663,0.0,0.0,0.0,2.220446049250313e-16,-3.709437859020798,0.0,-3.709437859020798,near_zero,,,,,abs-same_history_different_evidence-000760,abstraction_test,0.06386915314994339,0.21210848059700527,True,abs-same_history_different_evidence-000760,abs-same_history_different_evidence-000760:m1,abs-candidate-0012163-m1,abs-candidate-0044419-m1,continue_y,0.0,0.0,4.440892098500626e-16,-3.709437859020798,0.7721238091229243,-2.9373140498978736,True,persistence_state,28,persistence_state,0.625,2.736900806427002
1530,same_history_different_evidence,abs-candidate-0044440,abs-candidate-0012142,waiting,3.1595362364306077,0.0,0.0,-1.4,0.00472155718419498,3.7141594162049936,1.4,3.7141594162049936,near_zero,,,,,abs-same_history_different_evidence-000765,abstraction_test,0.06386915314994339,0.21210848059700527,True,abs-same_history_different_evidence-000765,abs-same_history_different_evidence-000765:m0,abs-candidate-0044440-m0,abs-candidate-0012142-m0,continue_x,0.0,0.0,0.00472155718419498,3.7141594162049936,-2.7416091804851517,0.9725502357198417,True,persistence_state,28,persistence_state,1.875,7.562675952911377
1531,same_history_different_evidence,abs-candidate-0044440,abs-candidate-0012142,waiting,3.1595362364306077,0.0,0.0,-1.4,0.00472155718419498,3.7141594162049936,1.4,3.7141594162049936,near_zero,,,,,abs-same_history_different_evidence-000765,abstraction_test,0.06386915314994339,0.21210848059700527,True,abs-same_history_different_evidence-000765,abs-same_history_different_evidence-000765:m1,abs-candidate-0044440-m1,abs-candidate-0012142-m1,continue_y,0.0,0.0,0.004721557184195646,3.714159416204994,-3.1177799388749046,0.5963794773300894,True,persistence_state,28,persistence_state,-0.375,3.671931505203247
1540,same_history_different_evidence,abs-candidate-0044587,abs-candidate-0012289,waiting,3.1595362364306068,0.0,0.0,-1.4,0.004721557184195424,3.7141594162049936,1.4,3.7141594162049936,near_zero,,,,,abs-same_history_different_evidence-000770,abstraction_test,0.06386915314994339,0.21210848059700527,True,abs-same_history_different_evidence-000770,abs-same_history_different_evidence-000770:m0,abs-candidate-0044587-m0,abs-candidate-0012289-m0,continue_x,0.0,0.0,0.004721557184195424,3.7141594162049936,-2.4961645156361354,1.2179949005688584,True,persistence_state,28,persistence_state,1.625,7.246034145355225
1541,same_history_different_evidence,abs-candidate-0044587,abs-candidate-0012289,waiting,3.1595362364306068,0.0,0.0,-1.4,0.004721557184195424,3.7141594162049936,1.4,3.7141594162049936,near_zero,,,,,abs-same_history_different_evidence-000770,abstraction_test,0.06386915314994339,0.21210848059700527,True,abs-same_history_different_evidence-000770,abs-same_history_different_evidence-000770:m1,abs-candidate-0044587-m1,abs-candidate-0012289-m1,continue_y,0.0,0.0,0.004721557184195424,3.7141594162049936,-2.872335274025888,0.841824142179106,True,persistence_state,28,persistence_state,-0.125,2.769660711288452
1550,same_history_different_evidence,abs-candidate-0047879,abs-candidate-0050651,debugging,3.068329578558302,0.0,0.0,0.0,1.3322676295501878e-15,-3.591714817212207,0.0,-3.591714817212207,near_zero,,,,,abs-same_history_different_evidence-000775,abstraction_test,0.06386915314994339,0.21210848059700527,True,abs-same_history_different_evidence-000775,abs-same_history_different_evidence-000775:m0,abs-candidate-0047879-m0,abs-candidate-0050651-m0,continue_x,0.0,0.0,1.3322676295501878e-15,-3.591714817212207,0.8176051173772547,-2.774109699834952,True,persistence_state,28,persistence_state,-0.375,2.9559085369110107
1551,same_history_different_evidence,abs-candidate-0047879,abs-candidate-0050651,debugging,3.068329578558302,0.0,0.0,0.0,1.3322676295501878e-15,-3.591714817212207,0.0,-3.591714817212207,near_zero,,,,,abs-same_history_different_evidence-000775,abstraction_test,0.06386915314994339,0.21210848059700527,True,abs-same_history_different_evidence-000775,abs-same_history_different_evidence-000775:m1,abs-candidate-0047879-m1,abs-candidate-0050651-m1,continue_y,0.0,0.0,1.1102230246251565e-15,-3.5917148172122064,0.7575912650039682,-2.834123552208238,True,persistence_state,28,persistence_state,0.0,0.03448732569813728
1560,same_history_different_evidence,abs-candidate-0050602,abs-candidate-0047788,debugging,3.0501666830621037,0.0,0.0,-1.4,0.009160362193494587,3.6008751794057026,1.4,3.6008751794057026,near_zero,,,,,abs-same_history_different_evidence-000780,abstraction_test,0.06386915314994339,0.21210848059700527,True,abs-same_history_different_evidence-000780,abs-same_history_different_evidence-000780:m0,abs-candidate-0050602-m0,abs-candidate-0047788-m0,continue_x,0.0,0.0,0.009160362193494587,3.6008751794057026,-2.4575353320640767,1.1433398473416259,True,persistence_state,28,persistence_state,0.625,3.624922275543213
1561,same_history_different_evidence,abs-candidate-0050602,abs-candidate-0047788,debugging,3.0501666830621037,0.0,0.0,-1.4,0.009160362193494587,3.6008751794057026,1.4,3.6008751794057026,near_zero,,,,,abs-same_history_different_evidence-000780,abstraction_test,0.06386915314994339,0.21210848059700527,True,abs-same_history_different_evidence-000780,abs-same_history_different_evidence-000780:m1,abs-candidate-0050602-m1,abs-candidate-0047788-m1,continue_y,0.0,0.0,0.00916036219349503,3.6008751794057026,-2.517549184437363,1.0833259949683396,True,persistence_state,28,persistence_state,0.0,0.4881781339645386
1570,same_history_different_evidence,abs-candidate-0050462,abs-candidate-0047851,debugging,3.0493105053400877,0.51,1.3395,-3.4,0.009592170989471516,3.6013069882016797,3.689764253986967,3.6013069882016797,near_zero,,,,,abs-same_history_different_evidence-000785,abstraction_test,0.06386915314994339,0.21210848059700527,True,abs-same_history_different_evidence-000785,abs-same_history_different_evidence-000785:m0,abs-candidate-0050462-m0,abs-candidate-0047851-m0,continue_x,0.15165126637345683,0.2943486744149473,0.009592170989471516,3.6013069882016797,-2.89528300734219,0.7060239808594895,True,persistence_state,28,persistence_state,0.75,3.5467734336853027
1571,same_history_different_evidence,abs-candidate-0050462,abs-candidate-0047851,debugging,3.0493105053400877,0.51,1.3395,-3.4,0.009592170989471516,3.6013069882016797,3.689764253986967,3.6013069882016797,near_zero,,,,,abs-same_history_different_evidence-000785,abstraction_test,0.06386915314994339,0.21210848059700527,True,abs-same_history_different_evidence-000785,abs-same_history_different_evidence-000785:m1,abs-candidate-0050462-m1,abs-candidate-0047851-m1,continue_y,0.15165126637345727,0.2943486744149473,0.009592170989471738,3.6013069882016793,-2.9552968597154763,0.646010128486203,True,persistence_state,28,persistence_state,-0.125,0.25974270701408386
1580,same_history_different_evidence,abs-candidate-0047641,abs-candidate-0050441,debugging,3.045715363027718,0.7,0.28,-2.0,-0.011405362378770878,-3.603120179590979,2.137381575666825,-3.603120179590979,near_zero,,,,,abs-same_history_different_evidence-000790,abstraction_test,0.06386915314994339,0.21210848059700527,True,abs-same_history_different_evidence-000790,abs-same_history_different_evidence-000790:m0,abs-candidate-0047641-m0,abs-candidate-0050441-m0,continue_x,0.12221363378839556,0.05811889435069206,-0.011405362378770878,-3.603120179590979,0.8381708419495235,-2.7649493376414553,True,persistence_state,28,persistence_state,-0.25,2.985372543334961
1581,same_history_different_evidence,abs-candidate-0047641,abs-candidate-0050441,debugging,3.045715363027718,0.7,0.28,-2.0,-0.011405362378770878,-3.603120179590979,2.137381575666825,-3.603120179590979,near_zero,,,,,abs-same_history_different_evidence-000790,abstraction_test,0.06386915314994339,0.21210848059700527,True,abs-same_history_different_evidence-000790,abs-same_history_different_evidence-000790:m1,abs-candidate-0047641-m1,abs-candidate-0050441-m1,continue_y,0.12221363378839567,0.058118894350692285,-0.011405362378771544,-3.603120179590979,0.778156989576237,-2.824963190014742,True,persistence_state,28,persistence_state,0.125,0.20568020641803741
1590,same_history_different_evidence,abs-candidate-0047634,abs-candidate-0050574,debugging,3.037452656214755,0.0,4.161,2.38,-0.015572615728943973,-3.6072874329411517,4.793570798475808,-3.6072874329411517,near_zero,,,,,abs-same_history_different_evidence-000795,abstraction_test,0.06386915314994339,0.21210848059700527,True,abs-same_history_different_evidence-000795,abs-same_history_different_evidence-000795:m0,abs-candidate-0047634-m0,abs-candidate-0050574-m0,continue_x,0.0,0.8636882835472353,-0.015572615728943973,-3.6072874329411517,0.12287312862447197,-3.48441430431668,True,persistence_state,28,persistence_state,-0.375,3.565305233001709
1591,same_history_different_evidence,abs-candidate-0047634,abs-candidate-0050574,debugging,3.037452656214755,0.0,4.161,2.38,-0.015572615728943973,-3.6072874329411517,4.793570798475808,-3.6072874329411517,near_zero,,,,,abs-same_history_different_evidence-000795,abstraction_test,0.06386915314994339,0.21210848059700527,True,abs-same_history_different_evidence-000795,abs-same_history_different_evidence-000795:m1,abs-candidate-0047634-m1,abs-candidate-0050574-m1,continue_y,0.0,0.863688283547235,-0.01557261572894486,-3.6072874329411526,0.0628592762511857,-3.5444281566899667,True,persistence_state,28,persistence_state,0.125,0.6267217993736267
1600,same_total_evidence,abs-candidate-0000618,abs-candidate-0005882,solvability,7.740370571030734,-4.38,-4.38,4.38,-1.957211759308665,-0.007115031446335518,7.586382537151683,-0.007115031446335518,near_zero,,,,,abs-same_total_evidence-000800,abstraction_test,0.06386915314994339,0.21210848059700527,True,abs-same_total_evidence-000800,abs-same_total_evidence-000800:m0,abs-candidate-0000618-m0,abs-candidate-0005882-m0,continue_x,-1.5082301882303168,-1.6629250723519478,-1.957211759308665,-0.007115031446335518,0.880790490313232,0.8736754588668965,True,persistence_state,28,persistence_state,-0.125,0.5846478939056396
1601,same_total_evidence,abs-candidate-0000618,abs-candidate-0005882,solvability,7.740370571030734,-4.38,-4.38,4.38,-1.957211759308665,-0.007115031446335518,7.586382537151683,-0.007115031446335518,near_zero,,,,,abs-same_total_evidence-000800,abstraction_test,0.06386915314994339,0.21210848059700527,True,abs-same_total_evidence-000800,abs-same_total_evidence-000800:m1,abs-candidate-0000618-m1,abs-candidate-0005882-m1,continue_y,-1.5082301882303168,-1.6629250723519475,-1.9572117593086653,-0.007115031446335407,0.8133682210252269,0.8062531895788915,True,persistence_state,28,persistence_state,0.0,0.4998202323913574
1610,same_total_evidence,abs-candidate-0001598,abs-candidate-0006414,solvability,7.718079807275005,4.38,4.38,-4.38,1.9572117593086655,0.020161554712270324,7.586382537151683,0.020161554712270324,moderate_positive,,,,,abs-same_total_evidence-000805,abstraction_test,0.06386915314994339,0.21210848059700527,True,abs-same_total_evidence-000805,abs-same_total_evidence-000805:m0,abs-candidate-0001598-m0,abs-candidate-0006414-m0,continue_x,1.508230188230317,1.4696059034922293,1.9572117593086655,0.020161554712270324,0.948310445521259,0.9684720002335293,True,persistence_state,28,persistence_state,-0.25,1.5701380968093872
1611,same_total_evidence,abs-candidate-0001598,abs-candidate-0006414,solvability,7.718079807275005,4.38,4.38,-4.38,1.9572117593086655,0.020161554712270324,7.586382537151683,0.020161554712270324,moderate_positive,,,,,abs-same_total_evidence-000805,abstraction_test,0.06386915314994339,0.21210848059700527,True,abs-same_total_evidence-000805,abs-same_total_evidence-000805:m1,abs-candidate-0001598-m1,abs-candidate-0006414-m1,continue_y,1.5082301882303166,1.469605903492229,1.9572117593086653,0.02016155471226977,0.8808881762332541,0.9010497309455239,True,persistence_state,28,persistence_state,0.125,1.6027132272720337
1620,same_total_evidence,abs-candidate-0001122,abs-candidate-0003908,solvability,7.159320005655311,-4.38,-4.38,3.4,-1.8007991434735315,-0.024476709147634668,7.06603141798846,-0.024476709147634668,moderate_negative,,,,,abs-same_total_evidence-000810,abstraction_test,0.06386915314994339,0.21210848059700527,True,abs-same_total_evidence-000810,abs-same_total_evidence-000810:m0,abs-candidate-0001122-m0,abs-candidate-0003908-m0,continue_x,-1.5082301882303168,-1.4696059034922295,-1.8007991434735315,-0.024476709147634668,-0.2647719957326666,-0.28924870488030124,True,persistence_state,28,persistence_state,0.0,0.033022020012140274
1621,same_total_evidence,abs-candidate-0001122,abs-candidate-0003908,solvability,7.159320005655311,-4.38,-4.38,3.4,-1.8007991434735315,-0.024476709147634668,7.06603141798846,-0.024476709147634668,moderate_negative,,,,,abs-same_total_evidence-000810,abstraction_test,0.06386915314994339,0.21210848059700527,True,abs-same_total_evidence-000810,abs-same_total_evidence-000810:m1,abs-candidate-0001122-m1,abs-candidate-0003908-m1,continue_y,-1.5082301882303168,-1.4696059034922297,-1.8007991434735322,-0.024476709147635112,-0.3321942650206716,-0.35667097416830673,True,persistence_state,28,persistence_state,-0.125,0.32121509313583374
1630,same_total_evidence,abs-candidate-0003110,abs-candidate-0005112,solvability,7.110424644803725,4.38,4.38,-3.4,1.8007991434735315,0.0530945918696879,7.06603141798846,0.0530945918696879,moderate_positive,,,,,abs-same_total_evidence-000815,abstraction_test,0.06386915314994339,0.21210848059700527,True,abs-same_total_evidence-000815,abs-same_total_evidence-000815:m0,abs-candidate-0003110-m0,abs-candidate-0005112-m0,continue_x,1.5082301882303168,1.6629250723519469,1.8007991434735315,0.0530945918696879,-0.7160207729036318,-0.6629261810339439,True,persistence_state,28,persistence_state,0.25,1.3587541580200195
1631,same_total_evidence,abs-candidate-0003110,abs-candidate-0005112,solvability,7.110424644803725,4.38,4.38,-3.4,1.8007991434735315,0.0530945918696879,7.06603141798846,0.0530945918696879,moderate_positive,,,,,abs-same_total_evidence-000815,abstraction_test,0.06386915314994339,0.21210848059700527,True,abs-same_total_evidence-000815,abs-same_total_evidence-000815:m1,abs-candidate-0003110-m1,abs-candidate-0005112-m1,continue_y,1.5082301882303173,1.662925072351947,1.8007991434735313,0.05309459186968801,-0.7834430421916367,-0.7303484503219487,True,persistence_state,28,persistence_state,0.125,0.2997576892375946
1640,same_total_evidence,abs-candidate-0005420,abs-candidate-0007422,solvability,6.967449206412823,4.38,4.38,-3.4,1.8007991434735318,0.13677644341434791,7.06603141798846,0.13677644341434791,strong_positive,,,,,abs-same_total_evidence-000820,abstraction_test,0.06386915314994339,0.21210848059700527,True,abs-same_total_evidence-000820,abs-same_total_evidence-000820:m0,abs-candidate-0005420-m0,abs-candidate-0007422-m0,continue_x,1.5082301882303168,1.7376532294707174,1.8007991434735318,0.13677644341434791,1.366810776996992,1.5035872204113399,True,persistence_state,28,persistence_state,0.0,0.2129158228635788
1641,same_total_evidence,abs-candidate-0005420,abs-candidate-0007422,solvability,6.967449206412823,4.38,4.38,-3.4,1.8007991434735318,0.13677644341434791,7.06603141798846,0.13677644341434791,strong_positive,,,,,abs-same_total_evidence-000820,abstraction_test,0.06386915314994339,0.21210848059700527,True,abs-same_total_evidence-000820,abs-same_total_evidence-000820:m1,abs-candidate-0005420-m1,abs-candidate-0007422-m1,continue_y,1.5082301882303168,1.737653229470717,1.8007991434735322,0.13677644341434791,1.2993885077089868,1.4361649511233348,True,persistence_state,28,persistence_state,0.125,1.334429383277893
1650,same_total_evidence,abs-candidate-0002716,abs-candidate-0004284,bandit,6.58635489248859,-4.38,-4.38,-4.38,-1.329986941905202,-0.0056109994597687285,7.586382537151683,-0.0056109994597687285,near_zero,,,,,abs-same_total_evidence-000825,abstraction_test,0.06386915314994339,0.21210848059700527,True,abs-same_total_evidence-000825,abs-same_total_evidence-000825:m0,abs-candidate-0002716-m0,abs-candidate-0004284-m0,continue_x,-1.301482767655723,-1.4017253856502396,-1.329986941905202,-0.0056109994597687285,-0.19143333705375642,-0.19704433651352515,True,persistence_state,28,persistence_state,0.25,1.8975701332092285
1651,same_total_evidence,abs-candidate-0002716,abs-candidate-0004284,bandit,6.58635489248859,-4.38,-4.38,-4.38,-1.329986941905202,-0.0056109994597687285,7.586382537151683,-0.0056109994597687285,near_zero,,,,,abs-same_total_evidence-000825,abstraction_test,0.06386915314994339,0.21210848059700527,True,abs-same_total_evidence-000825,abs-same_total_evidence-000825:m1,abs-candidate-0002716-m1,abs-candidate-0004284-m1,continue_y,-1.3014827676557235,-1.4017253856502392,-1.3299869419052017,-0.0056109994597688395,-0.12974361015633995,-0.1353546096161088,True,persistence_state,28,persistence_state,-0.125,0.5493576526641846
1660,same_total_evidence,abs-candidate-0002212,abs-candidate-0004788,bandit,6.584164446186057,-4.38,-4.38,-4.38,-1.329986941905203,-0.006893042056512533,7.586382537151683,-0.006893042056512533,near_zero,,,,,abs-same_total_evidence-000830,abstraction_test,0.06386915314994339,0.21210848059700527,True,abs-same_total_evidence-000830,abs-same_total_evidence-000830:m0,abs-candidate-0002212-m0,abs-candidate-0004788-m0,continue_x,-1.3014827676557235,-1.291248523064814,-1.329986941905203,-0.006893042056512533,-0.800221245143897,-0.8071142872004096,True,persistence_state,28,persistence_state,0.25,0.9880543947219849
1661,same_total_evidence,abs-candidate-0002212,abs-candidate-0004788,bandit,6.584164446186057,-4.38,-4.38,-4.38,-1.329986941905203,-0.006893042056512533,7.586382537151683,-0.006893042056512533,near_zero,,,,,abs-same_total_evidence-000830,abstraction_test,0.06386915314994339,0.21210848059700527,True,abs-same_total_evidence-000830,abs-same_total_evidence-000830:m1,abs-candidate-0002212-m1,abs-candidate-0004788-m1,continue_y,-1.3014827676557237,-1.2912485230648139,-1.329986941905203,-0.006893042056512644,-0.7385315182464806,-0.7454245603029932,True,persistence_state,28,persistence_state,0.125,0.2487318515777588
1670,same_total_evidence,abs-candidate-0001960,abs-candidate-0003528,bandit,6.531160163177894,-4.38,-4.38,-4.38,-1.3299869419052026,-0.03791582885009681,7.586382537151683,-0.03791582885009681,moderate_negative,,,,,abs-same_total_evidence-000835,abstraction_test,0.06386915314994339,0.21210848059700527,True,abs-same_total_evidence-000835,abs-same_total_evidence-000835:m0,abs-candidate-0001960-m0,abs-candidate-0003528-m0,continue_x,-1.301482767655723,-1.291248523064813,-1.3299869419052026,-0.03791582885009681,-0.6645255215370962,-0.702441350387193,True,persistence_state,28,persistence_state,0.375,2.4990792274475098
1671,same_total_evidence,abs-candidate-0001960,abs-candidate-0003528,bandit,6.531160163177894,-4.38,-4.38,-4.38,-1.3299869419052026,-0.03791582885009681,7.586382537151683,-0.03791582885009681,moderate_negative,,,,,abs-same_total_evidence-000835,abstraction_test,0.06386915314994339,0.21210848059700527,True,abs-same_total_evidence-000835,abs-same_total_evidence-000835:m1,abs-candidate-0001960-m1,abs-candidate-0003528-m1,continue_y,-1.3014827676557226,-1.2912485230648134,-1.3299869419052026,-0.0379158288500967,-0.6028357946396797,-0.6407516234897764,True,persistence_state,28,persistence_state,-0.125,0.46307146549224854
1680,same_total_evidence,abs-candidate-0002606,abs-candidate-0005119,solvability,6.478356521777379,3.4,3.4,-4.38,1.689977004730407,0.09676783408144585,6.504183269250644,0.09676783408144585,strong_positive,,,,,abs-same_total_evidence-000840,abstraction_test,0.06386915314994339,0.21210848059700527,True,abs-same_total_evidence-000840,abs-same_total_evidence-000840:m0,abs-candidate-0002606-m0,abs-candidate-0005119-m0,continue_x,1.254224648465502,1.2908550789946625,1.689977004730407,0.09676783408144585,-0.8705161538585137,-0.7737483197770678,True,persistence_state,28,persistence_state,0.125,0.09233343601226807
1681,same_total_evidence,abs-candidate-0002606,abs-candidate-0005119,solvability,6.478356521777379,3.4,3.4,-4.38,1.689977004730407,0.09676783408144585,6.504183269250644,0.09676783408144585,strong_positive,,,,,abs-same_total_evidence-000840,abstraction_test,0.06386915314994339,0.21210848059700527,True,abs-same_total_evidence-000840,abs-same_total_evidence-000840:m1,abs-candidate-0002606-m1,abs-candidate-0005119-m1,continue_y,1.2542246484655017,1.290855078994662,1.6899770047304068,0.09676783408144585,-0.9379384231465187,-0.8411705890650728,True,persistence_state,28,persistence_state,0.125,0.49705570936203003
1690,same_total_evidence,abs-candidate-0000756,abs-candidate-0007000,bandit,6.427379767179053,4.38,4.38,4.38,1.3299869419052026,-0.09865728059145895,7.586382537151683,-0.09865728059145895,strong_negative,,,,,abs-same_total_evidence-000845,abstraction_test,0.06386915314994339,0.21210848059700527,True,abs-same_total_evidence-000845,abs-same_total_evidence-000845:m0,abs-candidate-0000756-m0,abs-candidate-0007000-m0,continue_x,1.3014827676557237,1.4682981032078612,1.3299869419052026,-0.09865728059145895,1.3547473152023448,1.2560900346108859,True,persistence_state,28,persistence_state,-0.25,2.23415207862854
1691,same_total_evidence,abs-candidate-0000756,abs-candidate-0007000,bandit,6.427379767179053,4.38,4.38,4.38,1.3299869419052026,-0.09865728059145895,7.586382537151683,-0.09865728059145895,strong_negative,,,,,abs-same_total_evidence-000845,abstraction_test,0.06386915314994339,0.21210848059700527,True,abs-same_total_evidence-000845,abs-same_total_evidence-000845:m1,abs-candidate-0000756-m1,abs-candidate-0007000-m1,continue_y,1.301482767655723,1.4682981032078617,1.3299869419052024,-0.0986572805914594,1.4164370420997614,1.317779761508302,True,persistence_state,28,persistence_state,0.0,0.48209241032600403
1700,same_total_evidence,abs-candidate-0000341,abs-candidate-0005661,effort,6.277927198612377,4.38,4.38,-4.38,1.140027188172854,-0.014771760775591114,7.586382537151683,-0.014771760775591114,near_zero,,,,,abs-same_total_evidence-000850,abstraction_test,0.06386915314994339,0.21210848059700527,True,abs-same_total_evidence-000850,abs-same_total_evidence-000850:m0,abs-candidate-0000341-m0,abs-candidate-0005661-m0,continue_x,0.9976307213156859,1.0494026115880906,1.140027188172854,-0.014771760775591114,0.3180186869017134,0.3032469261261223,True,persistence_state,28,persistence_state,-0.5,2.374565601348877
1701,same_total_evidence,abs-candidate-0000341,abs-candidate-0005661,effort,6.277927198612377,4.38,4.38,-4.38,1.140027188172854,-0.014771760775591114,7.586382537151683,-0.014771760775591114,near_zero,,,,,abs-same_total_evidence-000850,abstraction_test,0.06386915314994339,0.21210848059700527,True,abs-same_total_evidence-000850,abs-same_total_evidence-000850:m1,abs-candidate-0000341-m1,abs-candidate-0005661-m1,continue_y,0.997630721315686,1.0494026115880903,1.140027188172854,-0.01477176077559117,0.40607367679543105,0.3913019160198399,True,persistence_state,28,persistence_state,0.125,1.187923789024353
1710,same_total_evidence,abs-candidate-0005409,abs-candidate-0002609,effort,6.204792936139826,-4.38,-4.38,4.38,-1.1400271881728539,-0.057576389066527456,7.586382537151683,-0.057576389066527456,strong_negative,,,,,abs-same_total_evidence-000855,abstraction_test,0.06386915314994339,0.21210848059700527,True,abs-same_total_evidence-000855,abs-same_total_evidence-000855:m0,abs-candidate-0005409-m0,abs-candidate-0002609-m0,continue_x,-0.9976307213156861,-1.0494026115880914,-1.1400271881728539,-0.057576389066527456,0.5089719873231331,0.45139559825660563,True,persistence_state,28,persistence_state,0.625,2.6747374534606934
1711,same_total_evidence,abs-candidate-0005409,abs-candidate-0002609,effort,6.204792936139826,-4.38,-4.38,4.38,-1.1400271881728539,-0.057576389066527456,7.586382537151683,-0.057576389066527456,strong_negative,,,,,abs-same_total_evidence-000855,abstraction_test,0.06386915314994339,0.21210848059700527,True,abs-same_total_evidence-000855,abs-same_total_evidence-000855:m1,abs-candidate-0005409-m1,abs-candidate-0002609-m1,continue_y,-0.9976307213156856,-1.0494026115880912,-1.140027188172854,-0.05757638906652729,0.5970269772168508,0.5394505881503235,True,persistence_state,28,persistence_state,-0.125,0.9803210496902466
1720,same_total_evidence,abs-candidate-0010530,abs-candidate-0008570,solvability,6.0822969650829695,-4.38,-4.38,-4.38,-1.074244413390482,-0.07443174474647574,7.586382537151683,-0.07443174474647574,strong_negative,,,,,abs-same_total_evidence-000860,abstraction_test,0.06386915314994339,0.21210848059700527,True,abs-same_total_evidence-000860,abs-same_total_evidence-000860:m0,abs-candidate-0010530-m0,abs-candidate-0008570-m0,continue_x,-1.508230188230317,-1.4696059034922304,-1.074244413390482,-0.07443174474647574,-1.343495792953613,-1.4179275377000888,True,persistence_state,28,persistence_state,-0.375,1.9457906484603882
1721,same_total_evidence,abs-candidate-0010530,abs-candidate-0008570,solvability,6.0822969650829695,-4.38,-4.38,-4.38,-1.074244413390482,-0.07443174474647574,7.586382537151683,-0.07443174474647574,strong_negative,,,,,abs-same_total_evidence-000860,abstraction_test,0.06386915314994339,0.21210848059700527,True,abs-same_total_evidence-000860,abs-same_total_evidence-000860:m1,abs-candidate-0010530-m1,abs-candidate-0008570-m1,continue_y,-1.5082301882303164,-1.46960590349223,-1.074244413390482,-0.07443174474647574,-1.4109180622416182,-1.485349806988094,True,persistence_state,28,persistence_state,0.0,0.7741983532905579
1730,same_total_evidence,abs-candidate-0000454,abs-candidate-0005550,debugging,6.042679245925946,-4.38,-4.38,-4.38,-1.0113063565236586,0.04748238268994365,7.586382537151683,0.04748238268994365,moderate_positive,,,,,abs-same_total_evidence-000865,abstraction_test,0.06386915314994339,0.21210848059700527,True,abs-same_total_evidence-000865,abs-same_total_evidence-000865:m0,abs-candidate-0000454-m0,abs-candidate-0005550-m0,continue_x,-0.8899279749312126,-0.8449221927240448,-1.0113063565236586,0.04748238268994365,-0.7268888429880535,-0.6794064602981098,True,persistence_state,28,persistence_state,0.125,1.3765465021133423
1731,same_total_evidence,abs-candidate-0000454,abs-candidate-0005550,debugging,6.042679245925946,-4.38,-4.38,-4.38,-1.0113063565236586,0.04748238268994365,7.586382537151683,0.04748238268994365,moderate_positive,,,,,abs-same_total_evidence-000865,abstraction_test,0.06386915314994339,0.21210848059700527,True,abs-same_total_evidence-000865,abs-same_total_evidence-000865:m1,abs-candidate-0000454-m1,abs-candidate-0005550-m1,continue_y,-0.8899279749312126,-0.8449221927240446,-1.0113063565236582,0.04748238268994376,-0.7869026953613398,-0.7394203126713961,True,persistence_state,28,persistence_state,0.0,0.8331424593925476
1740,same_total_evidence,abs-candidate-0049337,abs-candidate-0009829,foraging,6.0018751632225875,-4.38,-4.38,-4.38,-0.9215325031925725,-0.0039894644326272655,7.586382537151683,-0.0039894644326272655,near_zero,,,,,abs-same_total_evidence-000870,abstraction_test,0.06386915314994339,0.21210848059700527,True,abs-same_total_evidence-000870,abs-same_total_evidence-000870:m0,abs-candidate-0049337-m0,abs-candidate-0009829-m0,continue_x,-0.8707577684892365,-0.9732243301146735,-0.9215325031925725,-0.0039894644326272655,-2.3366879117561834,-2.3406773761888107,True,persistence_state,28,persistence_state,0.25,1.0628796815872192
1741,same_total_evidence,abs-candidate-0049337,abs-candidate-0009829,foraging,6.0018751632225875,-4.38,-4.38,-4.38,-0.9215325031925725,-0.0039894644326272655,7.586382537151683,-0.0039894644326272655,near_zero,,,,,abs-same_total_evidence-000870,abstraction_test,0.06386915314994339,0.21210848059700527,True,abs-same_total_evidence-000870,abs-same_total_evidence-000870:m1,abs-candidate-0049337-m1,abs-candidate-0009829-m1,continue_y,-0.8707577684892365,-0.9732243301146726,-0.921532503192573,-0.003989464432626821,-2.20190043988453,-2.2058899043171567,True,persistence_state,28,persistence_state,0.0,0.5841774940490723
1750,same_total_evidence,abs-candidate-0002778,abs-candidate-0000958,debugging,5.96595139801376,4.38,4.38,4.38,1.0113063565236589,0.09239029450046199,7.586382537151683,0.09239029450046199,strong_positive,,,,,abs-same_total_evidence-000875,abstraction_test,0.06386915314994339,0.21210848059700527,True,abs-same_total_evidence-000875,abs-same_total_evidence-000875:m0,abs-candidate-0002778-m0,abs-candidate-0000958-m0,continue_x,0.8899279749312131,0.844922192724045,1.0113063565236589,0.09239029450046199,-0.28391343767700017,-0.19152314317653818,True,persistence_state,28,persistence_state,0.0,0.7310301661491394
1751,same_total_evidence,abs-candidate-0002778,abs-candidate-0000958,debugging,5.96595139801376,4.38,4.38,4.38,1.0113063565236589,0.09239029450046199,7.586382537151683,0.09239029450046199,strong_positive,,,,,abs-same_total_evidence-000875,abstraction_test,0.06386915314994339,0.21210848059700527,True,abs-same_total_evidence-000875,abs-same_total_evidence-000875:m1,abs-candidate-0002778-m1,abs-candidate-0000958-m1,continue_y,0.8899279749312125,0.8449221927240446,1.0113063565236582,0.0923902945004616,-0.3439272900502864,-0.2515369955498248,True,persistence_state,28,persistence_state,-0.125,0.2211907058954239
1760,same_total_evidence,abs-candidate-0000001,abs-candidate-0001457,foraging,5.91335628300119,4.38,4.38,4.38,0.9215325031925732,0.055798529520676654,7.586382537151683,0.055798529520676654,strong_positive,,,,,abs-same_total_evidence-000880,abstraction_test,0.06386915314994339,0.21210848059700527,True,abs-same_total_evidence-000880,abs-same_total_evidence-000880:m0,abs-candidate-0000001-m0,abs-candidate-0001457-m0,continue_x,0.8707577684892367,0.7771491577418865,0.9215325031925732,0.055798529520676654,-1.2979298571579658,-1.2421313276372892,True,persistence_state,28,persistence_state,-0.25,1.8450000286102295
1761,same_total_evidence,abs-candidate-0000001,abs-candidate-0001457,foraging,5.91335628300119,4.38,4.38,4.38,0.9215325031925732,0.055798529520676654,7.586382537151683,0.055798529520676654,strong_positive,,,,,abs-same_total_evidence-000880,abstraction_test,0.06386915314994339,0.21210848059700527,True,abs-same_total_evidence-000880,abs-same_total_evidence-000880:m1,abs-candidate-0000001-m1,abs-candidate-0001457-m1,continue_y,0.8707577684892365,0.7771491577418864,0.9215325031925732,0.05579852952067643,-1.1631423852863119,-1.1073438557656354,True,persistence_state,28,persistence_state,0.125,0.5643093585968018
1770,same_total_evidence,abs-candidate-0002273,abs-candidate-0006753,effort,5.88232839735416,4.38,4.38,4.38,0.8209247642745467,0.004553221671154906,7.586382537151683,0.004553221671154906,near_zero,,,,,abs-same_total_evidence-000885,abstraction_test,0.06386915314994339,0.21210848059700527,True,abs-same_total_evidence-000885,abs-same_total_evidence-000885:m0,abs-candidate-0002273-m0,abs-candidate-0006753-m0,continue_x,0.9976307213156863,1.0494026115880906,0.8209247642745467,0.004553221671154906,0.8166718714027708,0.8212250930739257,True,persistence_state,28,persistence_state,0.25,2.1397340297698975
1771,same_total_evidence,abs-candidate-0002273,abs-candidate-0006753,effort,5.88232839735416,4.38,4.38,4.38,0.8209247642745467,0.004553221671154906,7.586382537151683,0.004553221671154906,near_zero,,,,,abs-same_total_evidence-000885,abstraction_test,0.06386915314994339,0.21210848059700527,True,abs-same_total_evidence-000885,abs-same_total_evidence-000885:m1,abs-candidate-0002273-m1,abs-candidate-0006753-m1,continue_y,0.9976307213156858,1.0494026115880908,0.820924764274547,0.004553221671154906,0.9047268612964885,0.9092800829676434,True,persistence_state,28,persistence_state,0.0,0.02905282936990261
1780,same_total_evidence,abs-candidate-0000200,abs-candidate-0012100,waiting,5.834496222974131,-4.38,-4.38,-4.38,-0.7705369536996325,-0.00033024502244971554,7.586382537151683,-0.00033024502244971554,near_zero,,,,,abs-same_total_evidence-000890,abstraction_test,0.06386915314994339,0.21210848059700527,True,abs-same_total_evidence-000890,abs-same_total_evidence-000890:m0,abs-candidate-0000200-m0,abs-candidate-0012100-m0,continue_x,-0.7202852497856264,-0.6328757681966528,-0.7705369536996325,-0.00033024502244971554,0.9112067948992424,0.9108765498767927,True,persistence_state,28,persistence_state,0.0,0.20571132004261017
1781,same_total_evidence,abs-candidate-0000200,abs-candidate-0012100,waiting,5.834496222974131,-4.38,-4.38,-4.38,-0.7705369536996325,-0.00033024502244971554,7.586382537151683,-0.00033024502244971554,near_zero,,,,,abs-same_total_evidence-000890,abstraction_test,0.06386915314994339,0.21210848059700527,True,abs-same_total_evidence-000890,abs-same_total_evidence-000890:m1,abs-candidate-0000200-m1,abs-candidate-0012100-m1,continue_y,-0.720285249785626,-0.6328757681966528,-0.7705369536996328,-0.0003302450224500486,0.5350360365094902,0.5347057914870401,True,persistence_state,28,persistence_state,0.0,0.23388586938381195
1790,same_total_evidence,abs-candidate-0003822,abs-candidate-0000406,bandit,5.8249413477633105,4.38,4.38,0.0,1.309416841048099,-0.014902904829393049,6.194255403194156,-0.014902904829393049,near_zero,,,,,abs-same_total_evidence-000895,abstraction_test,0.06386915314994339,0.21210848059700527,True,abs-same_total_evidence-000895,abs-same_total_evidence-000895:m0,abs-candidate-0003822-m0,abs-candidate-0000406-m0,continue_x,1.301482767655723,1.2246758055071894,1.309416841048099,-0.014902904829393049,0.1839859266091598,0.16908302177976675,True,persistence_state,28,persistence_state,0.0,0.4455714225769043
1791,same_total_evidence,abs-candidate-0003822,abs-candidate-0000406,bandit,5.8249413477633105,4.38,4.38,0.0,1.309416841048099,-0.014902904829393049,6.194255403194156,-0.014902904829393049,near_zero,,,,,abs-same_total_evidence-000895,abstraction_test,0.06386915314994339,0.21210848059700527,True,abs-same_total_evidence-000895,abs-same_total_evidence-000895:m1,abs-candidate-0003822-m1,abs-candidate-0000406-m1,continue_y,1.3014827676557228,1.2246758055071896,1.309416841048099,-0.01490290482939316,0.24567565350657672,0.23077274867718356,True,persistence_state,28,persistence_state,0.0,0.028277210891246796
1800,same_total_evidence,abs-candidate-0006552,abs-candidate-0002177,bandit,5.788296833461191,3.4,4.184,4.38,1.14744799423146,-0.0714098645455663,6.9462404219836795,-0.0714098645455663,strong_negative,,,,,abs-same_total_evidence-000900,abstraction_test,0.06386915314994339,0.21210848059700527,True,abs-same_total_evidence-000900,abs-same_total_evidence-000900:m0,abs-candidate-0006552-m0,abs-candidate-0002177-m0,continue_x,1.1465202088020532,1.1698729612424845,1.14744799423146,-0.0714098645455663,-0.9113503282720741,-0.9827601928176404,True,persistence_state,28,persistence_state,-0.125,0.6033470630645752
1801,same_total_evidence,abs-candidate-0006552,abs-candidate-0002177,bandit,5.788296833461191,3.4,4.184,4.38,1.14744799423146,-0.0714098645455663,6.9462404219836795,-0.0714098645455663,strong_negative,,,,,abs-same_total_evidence-000900,abstraction_test,0.06386915314994339,0.21210848059700527,True,abs-same_total_evidence-000900,abs-same_total_evidence-000900:m1,abs-candidate-0006552-m1,abs-candidate-0002177-m1,continue_y,1.1465202088020532,1.1698729612424845,1.14744799423146,-0.07140986454556619,-0.8496606013746575,-0.9210704659202237,True,persistence_state,28,persistence_state,0.0,0.04182014241814613
1810,same_total_evidence,abs-candidate-0007504,abs-candidate-0001470,bandit,5.761900950272441,-4.38,-2.2995,-3.4,-1.392335042441589,0.03630918005507233,6.0026744247876715,0.03630918005507233,moderate_positive,,,,,abs-same_total_evidence-000905,abstraction_test,0.06386915314994339,0.21210848059700527,True,abs-same_total_evidence-000905,abs-same_total_evidence-000905:m0,abs-candidate-0007504-m0,abs-candidate-0001470-m0,continue_x,-1.3014827676557232,-0.7708565041841271,-1.392335042441589,0.03630918005507233,0.984698587397284,1.0210077674523563,True,persistence_state,28,persistence_state,0.25,1.7820343971252441
1811,same_total_evidence,abs-candidate-0007504,abs-candidate-0001470,bandit,5.761900950272441,-4.38,-2.2995,-3.4,-1.392335042441589,0.03630918005507233,6.0026744247876715,0.03630918005507233,moderate_positive,,,,,abs-same_total_evidence-000905,abstraction_test,0.06386915314994339,0.21210848059700527,True,abs-same_total_evidence-000905,abs-same_total_evidence-000905:m1,abs-candidate-0007504-m1,abs-candidate-0001470-m1,continue_y,-1.3014827676557232,-0.7708565041841273,-1.3923350424415895,0.03630918005507211,1.0463883142947006,1.0826974943497727,True,persistence_state,28,persistence_state,-0.125,0.09181367605924606
1820,same_total_evidence,abs-candidate-0003436,abs-candidate-0001014,debugging,5.708870362680112,-4.38,-4.38,-2.98,-1.0204667187171548,0.01587445357105688,6.8738053507500485,0.01587445357105688,moderate_positive,,,,,abs-same_total_evidence-000910,abstraction_test,0.06386915314994339,0.21210848059700527,True,abs-same_total_evidence-000910,abs-same_total_evidence-000910:m0,abs-candidate-0003436-m0,abs-candidate-0001014-m0,continue_x,-0.8899279749312128,-0.9091455616286681,-1.0204667187171548,0.01587445357105688,-1.4159122853233366,-1.4000378317522797,True,persistence_state,28,persistence_state,0.0,0.24698181450366974
1821,same_total_evidence,abs-candidate-0003436,abs-candidate-0001014,debugging,5.708870362680112,-4.38,-4.38,-2.98,-1.0204667187171548,0.01587445357105688,6.8738053507500485,0.01587445357105688,moderate_positive,,,,,abs-same_total_evidence-000910,abstraction_test,0.06386915314994339,0.21210848059700527,True,abs-same_total_evidence-000910,abs-same_total_evidence-000910:m1,abs-candidate-0003436-m1,abs-candidate-0001014-m1,continue_y,-0.889927974931213,-0.9091455616286686,-1.0204667187171552,0.01587445357105688,-1.4759261376966228,-1.460051684125566,True,persistence_state,28,persistence_state,0.0,0.3821645677089691
1830,same_total_evidence,abs-candidate-0010585,abs-candidate-0009227,foraging,5.649238061484835,4.38,4.38,2.98,0.9590327580377044,-0.0004617259163345322,6.8738053507500485,-0.0004617259163345322,near_zero,,,,,abs-same_total_evidence-000915,abstraction_test,0.06386915314994339,0.21210848059700527,True,abs-same_total_evidence-000915,abs-same_total_evidence-000915:m0,abs-candidate-0010585-m0,abs-candidate-0009227-m0,continue_x,0.8707577684892369,0.7771491577418862,0.9590327580377044,-0.0004617259163345322,0.6808674893202316,0.680405763403897,True,persistence_state,28,persistence_state,-0.125,0.1327499896287918
1831,same_total_evidence,abs-candidate-0010585,abs-candidate-0009227,foraging,5.649238061484835,4.38,4.38,2.98,0.9590327580377044,-0.0004617259163345322,6.8738053507500485,-0.0004617259163345322,near_zero,,,,,abs-same_total_evidence-000915,abstraction_test,0.06386915314994339,0.21210848059700527,True,abs-same_total_evidence-000915,abs-same_total_evidence-000915:m1,abs-candidate-0010585-m1,abs-candidate-0009227-m1,continue_y,0.8707577684892369,0.7771491577418861,0.9590327580377043,-0.0004617259163345322,0.8156549611918852,0.8151932352755507,True,persistence_state,28,persistence_state,0.125,0.2020723521709442
1840,same_total_evidence,abs-candidate-0003514,abs-candidate-0001428,bandit,5.446103609028132,-4.38,1.8614999999999995,-1.02,-1.5437518580299567,0.1063496367391783,4.8672355860385474,0.1063496367391783,strong_positive,,,,,abs-same_total_evidence-000920,abstraction_test,0.06386915314994339,0.21210848059700527,True,abs-same_total_evidence-000920,abs-same_total_evidence-000920:m0,abs-candidate-0003514-m0,abs-candidate-0001428-m0,continue_x,-1.301482767655723,0.6240266938633416,-1.5437518580299567,0.1063496367391783,0.8255894156611973,0.9319390524003756,True,persistence_state,28,persistence_state,-0.125,0.0728098601102829
1841,same_total_evidence,abs-candidate-0003514,abs-candidate-0001428,bandit,5.446103609028132,-4.38,1.8614999999999995,-1.02,-1.5437518580299567,0.1063496367391783,4.8672355860385474,0.1063496367391783,strong_positive,,,,,abs-same_total_evidence-000920,abstraction_test,0.06386915314994339,0.21210848059700527,True,abs-same_total_evidence-000920,abs-same_total_evidence-000920:m1,abs-candidate-0003514-m1,abs-candidate-0001428-m1,continue_y,-1.3014827676557232,0.6240266938633416,-1.5437518580299563,0.10634963673917852,0.8872791425586136,0.9936287792977921,True,persistence_state,28,persistence_state,0.0,0.24681563675403595
1850,same_total_evidence,abs-candidate-0003867,abs-candidate-0000871,information_sampling,5.408960533618148,4.38,4.38,-4.38,-0.2833890377395547,-0.035437047604121474,7.586382537151683,-0.035437047604121474,moderate_negative,,,,,abs-same_total_evidence-000925,abstraction_test,0.06386915314994339,0.21210848059700527,True,abs-same_total_evidence-000925,abs-same_total_evidence-000925:m0,abs-candidate-0003867-m0,abs-candidate-0000871-m0,continue_x,0.025278424920654796,0.09015765992636293,-0.2833890377395547,-0.035437047604121474,-1.4026191853123602,-1.4380562329164817,True,persistence_state,28,persistence_state,0.25,1.1502994298934937
1851,same_total_evidence,abs-candidate-0003867,abs-candidate-0000871,information_sampling,5.408960533618148,4.38,4.38,-4.38,-0.2833890377395547,-0.035437047604121474,7.586382537151683,-0.035437047604121474,moderate_negative,,,,,abs-same_total_evidence-000925,abstraction_test,0.06386915314994339,0.21210848059700527,True,abs-same_total_evidence-000925,abs-same_total_evidence-000925:m1,abs-candidate-0003867-m1,abs-candidate-0000871-m1,continue_y,0.025278424920654796,0.09015765992636293,-0.2833890377395549,-0.03543704760412214,-1.167242090758279,-1.2026791383624011,True,persistence_state,28,persistence_state,-0.125,0.5523759722709656
1860,same_total_evidence,abs-candidate-0003027,abs-candidate-0000199,information_sampling,5.389575512293812,4.38,4.38,4.38,0.3099703091470758,-0.05356802109365755,7.586382537151683,-0.05356802109365755,moderate_negative,,,,,abs-same_total_evidence-000930,abstraction_test,0.06386915314994339,0.21210848059700527,True,abs-same_total_evidence-000930,abs-same_total_evidence-000930:m0,abs-candidate-0003027-m0,abs-candidate-0000199-m0,continue_x,0.025278424920654352,0.04502696360269742,0.3099703091470758,-0.05356802109365755,-1.806681201278856,-1.8602492223725136,True,persistence_state,28,persistence_state,-0.25,1.1647347211837769
1861,same_total_evidence,abs-candidate-0003027,abs-candidate-0000199,information_sampling,5.389575512293812,4.38,4.38,4.38,0.3099703091470758,-0.05356802109365755,7.586382537151683,-0.05356802109365755,moderate_negative,,,,,abs-same_total_evidence-000930,abstraction_test,0.06386915314994339,0.21210848059700527,True,abs-same_total_evidence-000930,abs-same_total_evidence-000930:m1,abs-candidate-0003027-m1,abs-candidate-0000199-m1,continue_y,0.025278424920655018,0.0450269636026972,0.30997030914707646,-0.05356802109365688,-1.5713041067247753,-1.6248721278184322,True,persistence_state,28,persistence_state,0.125,0.6073811650276184
1870,same_total_evidence,abs-candidate-0003025,abs-candidate-0002934,foraging,5.372012358964089,3.4,4.184,4.38,0.772404033219809,0.015095954763988617,6.9462404219836795,0.015095954763988617,near_zero,,,,,abs-same_total_evidence-000935,abstraction_test,0.06386915314994339,0.21210848059700527,True,abs-same_total_evidence-000935,abs-same_total_evidence-000935:m0,abs-candidate-0003025-m0,abs-candidate-0002934-m0,continue_x,0.7280376357241837,0.7250694464494034,0.772404033219809,0.015095954763988617,-0.649250499483097,-0.6341545447191084,True,persistence_state,28,persistence_state,0.25,0.9435476064682007
1871,same_total_evidence,abs-candidate-0003025,abs-candidate-0002934,foraging,5.372012358964089,3.4,4.184,4.38,0.772404033219809,0.015095954763988617,6.9462404219836795,0.015095954763988617,near_zero,,,,,abs-same_total_evidence-000935,abstraction_test,0.06386915314994339,0.21210848059700527,True,abs-same_total_evidence-000935,abs-same_total_evidence-000935:m1,abs-candidate-0003025-m1,abs-candidate-0002934-m1,continue_y,0.7280376357241837,0.7250694464494034,0.7724040332198092,0.01509595476398884,-0.5144630276114434,-0.4993670728474545,True,persistence_state,28,persistence_state,-0.125,0.6149359941482544
1880,same_total_evidence,abs-candidate-0003695,abs-candidate-0000258,debugging,5.364106952476945,-3.4,-4.184,-4.38,-0.833291103378266,0.06210103320259619,6.9462404219836795,0.06210103320259619,strong_positive,,,,,abs-same_total_evidence-000940,abstraction_test,0.06386915314994339,0.21210848059700527,True,abs-same_total_evidence-000940,abs-same_total_evidence-000940:m0,abs-candidate-0003695-m0,abs-candidate-0000258-m0,continue_x,-0.7188288876274593,-0.8684623355831849,-0.833291103378266,0.06210103320259619,-1.8002962327143088,-1.7381951995117126,True,persistence_state,28,persistence_state,0.0,0.541584312915802
1881,same_total_evidence,abs-candidate-0003695,abs-candidate-0000258,debugging,5.364106952476945,-3.4,-4.184,-4.38,-0.833291103378266,0.06210103320259619,6.9462404219836795,0.06210103320259619,strong_positive,,,,,abs-same_total_evidence-000940,abstraction_test,0.06386915314994339,0.21210848059700527,True,abs-same_total_evidence-000940,abs-same_total_evidence-000940:m1,abs-candidate-0003695-m1,abs-candidate-0000258-m1,continue_y,-0.7188288876274596,-0.8684623355831853,-0.8332911033782655,0.062101033202596856,-1.8603100850875953,-1.7982090518849985,True,persistence_state,28,persistence_state,0.0,0.09959394484758377
1890,same_total_evidence,abs-candidate-0012434,abs-candidate-0010537,solvability,5.33295681612287,3.4,3.4,-0.98,1.4049059476064496,0.010814886030056758,4.907178415342161,0.010814886030056758,near_zero,,,,,abs-same_total_evidence-000945,abstraction_test,0.06386915314994339,0.21210848059700527,True,abs-same_total_evidence-000945,abs-same_total_evidence-000945:m0,abs-candidate-0012434-m0,abs-candidate-0010537-m0,continue_x,1.2542246484655022,1.3488632374886846,1.4049059476064496,0.010814886030056758,-1.465132817726794,-1.4543179316967372,True,persistence_state,28,persistence_state,0.375,1.820906400680542
1891,same_total_evidence,abs-candidate-0012434,abs-candidate-0010537,solvability,5.33295681612287,3.4,3.4,-0.98,1.4049059476064496,0.010814886030056758,4.907178415342161,0.010814886030056758,near_zero,,,,,abs-same_total_evidence-000945,abstraction_test,0.06386915314994339,0.21210848059700527,True,abs-same_total_evidence-000945,abs-same_total_evidence-000945:m1,abs-candidate-0012434-m1,abs-candidate-0010537-m1,continue_y,1.254224648465502,1.3488632374886849,1.4049059476064494,0.010814886030056758,-1.5325550870147988,-1.521740200984742,True,persistence_state,28,persistence_state,0.0,0.2823127806186676
1900,same_total_evidence,abs-candidate-0001210,abs-candidate-0005340,debugging,5.18285444268538,-4.38,-4.38,-1.4,-0.8791594954336244,0.038680208072628175,6.3504960436173805,0.038680208072628175,moderate_positive,,,,,abs-same_total_evidence-000950,abstraction_test,0.06386915314994339,0.21210848059700527,True,abs-same_total_evidence-000950,abs-same_total_evidence-000950:m0,abs-candidate-0001210-m0,abs-candidate-0005340-m0,continue_x,-0.8899279749312127,-0.962483907381461,-0.8791594954336244,0.038680208072628175,-0.38873147522862095,-0.3500512671559928,True,persistence_state,28,persistence_state,0.0,0.3857188820838928
1901,same_total_evidence,abs-candidate-0001210,abs-candidate-0005340,debugging,5.18285444268538,-4.38,-4.38,-1.4,-0.8791594954336244,0.038680208072628175,6.3504960436173805,0.038680208072628175,moderate_positive,,,,,abs-same_total_evidence-000950,abstraction_test,0.06386915314994339,0.21210848059700527,True,abs-same_total_evidence-000950,abs-same_total_evidence-000950:m1,abs-candidate-0001210-m1,abs-candidate-0005340-m1,continue_y,-0.8899279749312125,-0.9624839073814607,-0.8791594954336239,0.038680208072628286,-0.44874532760190755,-0.41006511952927927,True,persistence_state,28,persistence_state,0.0,0.2535513639450073
1910,same_total_evidence,abs-candidate-0007926,abs-candidate-0001535,solvability,5.147535968991131,-2.7,-2.7,3.4,-1.3426824213393753,-0.06209776835984604,5.112729212465687,-0.06209776835984604,strong_negative,,,,,abs-same_total_evidence-000955,abstraction_test,0.06386915314994339,0.21210848059700527,True,abs-same_total_evidence-000955,abs-same_total_evidence-000955:m0,abs-candidate-0007926-m0,abs-candidate-0001535-m0,continue_x,-1.0727921200620627,-0.8598561450247344,-1.3426824213393753,-0.06209776835984604,1.6249375518503948,1.5628397834905488,True,persistence_state,28,persistence_state,0.0,0.8722336292266846
1911,same_total_evidence,abs-candidate-0007926,abs-candidate-0001535,solvability,5.147535968991131,-2.7,-2.7,3.4,-1.3426824213393753,-0.06209776835984604,5.112729212465687,-0.06209776835984604,strong_negative,,,,,abs-same_total_evidence-000955,abstraction_test,0.06386915314994339,0.21210848059700527,True,abs-same_total_evidence-000955,abs-same_total_evidence-000955:m1,abs-candidate-0007926-m1,abs-candidate-0001535-m1,continue_y,-1.0727921200620627,-0.8598561450247346,-1.3426824213393753,-0.06209776835984604,1.55751528256239,1.4954175142025439,True,persistence_state,28,persistence_state,0.0,0.055291566997766495
1920,same_total_evidence,abs-candidate-0000758,abs-candidate-0010495,solvability,5.134990759415749,3.4,3.4,4.38,0.8070096588122246,0.0014081834028885076,6.504183269250644,0.0014081834028885076,near_zero,,,,,abs-same_total_evidence-000960,abstraction_test,0.06386915314994339,0.21210848059700527,True,abs-same_total_evidence-000960,abs-same_total_evidence-000960:m0,abs-candidate-0000758-m0,abs-candidate-0010495-m0,continue_x,1.2542246484655015,1.140789970747392,0.8070096588122246,0.0014081834028885076,-1.6121387309347592,-1.6107305475318707,True,persistence_state,28,persistence_state,0.75,3.0803747177124023
1921,same_total_evidence,abs-candidate-0000758,abs-candidate-0010495,solvability,5.134990759415749,3.4,3.4,4.38,0.8070096588122246,0.0014081834028885076,6.504183269250644,0.0014081834028885076,near_zero,,,,,abs-same_total_evidence-000960,abstraction_test,0.06386915314994339,0.21210848059700527,True,abs-same_total_evidence-000960,abs-same_total_evidence-000960:m1,abs-candidate-0000758-m1,abs-candidate-0010495-m1,continue_y,1.2542246484655015,1.140789970747392,0.807009658812224,0.0014081834028880635,-1.6795610002227641,-1.678152816819876,True,persistence_state,28,persistence_state,-0.125,1.626397967338562
1930,same_total_evidence,abs-candidate-0002465,abs-candidate-0005335,foraging,5.115470033803286,-4.38,-4.38,-1.4,-0.8333009330347743,-0.042674452345121405,6.3504960436173805,-0.042674452345121405,moderate_negative,,,,,abs-same_total_evidence-000965,abstraction_test,0.06386915314994339,0.21210848059700527,True,abs-same_total_evidence-000965,abs-same_total_evidence-000965:m0,abs-candidate-0002465-m0,abs-candidate-0005335-m0,continue_x,-0.8707577684892368,-0.9551105871549052,-0.8333009330347743,-0.042674452345121405,-0.2653694728980513,-0.3080439252431727,True,persistence_state,28,persistence_state,0.125,0.8571794033050537
1931,same_total_evidence,abs-candidate-0002465,abs-candidate-0005335,foraging,5.115470033803286,-4.38,-4.38,-1.4,-0.8333009330347743,-0.042674452345121405,6.3504960436173805,-0.042674452345121405,moderate_negative,,,,,abs-same_total_evidence-000965,abstraction_test,0.06386915314994339,0.21210848059700527,True,abs-same_total_evidence-000965,abs-same_total_evidence-000965:m1,abs-candidate-0002465-m1,abs-candidate-0005335-m1,continue_y,-0.8707577684892367,-0.9551105871549054,-0.8333009330347747,-0.04267445234512146,-0.13058200102639755,-0.17325645337151901,True,persistence_state,28,persistence_state,0.0,0.0788760855793953
1940,same_total_evidence,abs-candidate-0000493,abs-candidate-0000003,information_sampling,5.087224683443851,-4.38,-4.38,-3.4,-0.2527598638275794,-0.022312925769647052,7.06603141798846,-0.022312925769647052,moderate_negative,,,,,abs-same_total_evidence-000970,abstraction_test,0.06386915314994339,0.21210848059700527,True,abs-same_total_evidence-000970,abs-same_total_evidence-000970:m0,abs-candidate-0000493-m0,abs-candidate-0000003-m0,continue_x,-0.025278424920654352,0.32348636048010837,-0.2527598638275794,-0.022312925769647052,-2.147906605749943,-2.17021953151959,True,persistence_state,28,persistence_state,0.375,1.4984651803970337
1941,same_total_evidence,abs-candidate-0000493,abs-candidate-0000003,information_sampling,5.087224683443851,-4.38,-4.38,-3.4,-0.2527598638275794,-0.022312925769647052,7.06603141798846,-0.022312925769647052,moderate_negative,,,,,abs-same_total_evidence-000970,abstraction_test,0.06386915314994339,0.21210848059700527,True,abs-same_total_evidence-000970,abs-same_total_evidence-000970:m1,abs-candidate-0000493-m1,abs-candidate-0000003-m1,continue_y,-0.025278424920654352,0.3234863604801086,-0.252759863827579,-0.022312925769647274,-1.9125295111958616,-1.9348424369655088,True,persistence_state,28,persistence_state,0.0,0.6805689334869385
1950,same_total_evidence,abs-candidate-0005308,abs-candidate-0011454,solvability,4.97657958519114,2.19,2.19,-4.38,1.1993477161338792,0.044374121420400314,5.36438253669516,0.044374121420400314,moderate_positive,,,,,abs-same_total_evidence-000975,abstraction_test,0.06386915314994339,0.21210848059700527,True,abs-same_total_evidence-000975,abs-same_total_evidence-000975:m0,abs-candidate-0005308-m0,abs-candidate-0011454-m0,continue_x,0.754115094115158,0.8688266147353585,1.1993477161338792,0.044374121420400314,1.9682622043366447,2.012636325757045,True,persistence_state,28,persistence_state,-0.375,2.6898810863494873
1951,same_total_evidence,abs-candidate-0005308,abs-candidate-0011454,solvability,4.97657958519114,2.19,2.19,-4.38,1.1993477161338792,0.044374121420400314,5.36438253669516,0.044374121420400314,moderate_positive,,,,,abs-same_total_evidence-000975,abstraction_test,0.06386915314994339,0.21210848059700527,True,abs-same_total_evidence-000975,abs-same_total_evidence-000975:m1,abs-candidate-0005308-m1,abs-candidate-0011454-m1,continue_y,0.754115094115158,0.8688266147353585,1.1993477161338784,0.044374121420399426,1.9008399350486405,1.9452140564690399,True,persistence_state,28,persistence_state,0.25,0.8356900215148926
1960,same_total_evidence,abs-candidate-0005208,abs-candidate-0002051,bandit,4.759948650121693,3.4,-2.8009999999999993,-1.4,1.2159466084263375,0.028548432184447803,4.622293911035947,0.028548432184447803,moderate_positive,,,,,abs-same_total_evidence-000980,abstraction_test,0.06386915314994339,0.21210848059700527,True,abs-same_total_evidence-000980,abs-same_total_evidence-000980:m0,abs-candidate-0005208-m0,abs-candidate-0002051-m0,continue_x,1.1465202088020536,-0.8964001838370594,1.2159466084263375,0.028548432184447803,-1.0942268263955777,-1.0656783942111299,True,persistence_state,28,persistence_state,0.0,0.3669183850288391
1961,same_total_evidence,abs-candidate-0005208,abs-candidate-0002051,bandit,4.759948650121693,3.4,-2.8009999999999993,-1.4,1.2159466084263375,0.028548432184447803,4.622293911035947,0.028548432184447803,moderate_positive,,,,,abs-same_total_evidence-000980,abstraction_test,0.06386915314994339,0.21210848059700527,True,abs-same_total_evidence-000980,abs-same_total_evidence-000980:m1,abs-candidate-0005208-m1,abs-candidate-0002051-m1,continue_y,1.1465202088020532,-0.8964001838370595,1.215946608426337,0.02854843218444736,-1.0325370994981609,-1.0039886673137135,True,persistence_state,28,persistence_state,-0.25,0.7789508104324341
1970,same_total_evidence,abs-candidate-0001348,abs-candidate-0003105,waiting,4.749252155875245,3.4,3.4,-4.38,0.5134566418866658,0.043865323670535306,6.504183269250644,0.043865323670535306,moderate_positive,,,,,abs-same_total_evidence-000985,abstraction_test,0.06386915314994339,0.21210848059700527,True,abs-same_total_evidence-000985,abs-same_total_evidence-000985:m0,abs-candidate-0001348-m0,abs-candidate-0003105-m0,continue_x,0.5783853141267551,0.6070402058273487,0.5134566418866658,0.043865323670535306,-0.5106773447865371,-0.46681202111600184,True,persistence_state,28,persistence_state,0.125,0.8165615797042847
1971,same_total_evidence,abs-candidate-0001348,abs-candidate-0003105,waiting,4.749252155875245,3.4,3.4,-4.38,0.5134566418866658,0.043865323670535306,6.504183269250644,0.043865323670535306,moderate_positive,,,,,abs-same_total_evidence-000985,abstraction_test,0.06386915314994339,0.21210848059700527,True,abs-same_total_evidence-000985,abs-same_total_evidence-000985:m1,abs-candidate-0001348-m1,abs-candidate-0003105-m1,continue_y,0.5783853141267552,0.6070402058273487,0.5134566418866658,0.04386532367053542,-0.8868481031762897,-0.8429827795057543,True,persistence_state,28,persistence_state,0.0,0.320700466632843
1980,same_total_evidence,abs-candidate-0000535,abs-candidate-0004791,information_sampling,4.709934715264444,-4.38,-4.38,-2.38,-0.1522302886225404,-0.06392006529598371,6.63575165297798,-0.06392006529598371,strong_negative,,,,,abs-same_total_evidence-000990,abstraction_test,0.06386915314994339,0.21210848059700527,True,abs-same_total_evidence-000990,abs-same_total_evidence-000990:m0,abs-candidate-0000535-m0,abs-candidate-0004791-m0,continue_x,-0.025278424920654352,0.32348636048010704,-0.1522302886225404,-0.06392006529598371,-2.4788831190129126,-2.5428031843088963,True,persistence_state,28,persistence_state,0.125,0.7071163058280945
1981,same_total_evidence,abs-candidate-0000535,abs-candidate-0004791,information_sampling,4.709934715264444,-4.38,-4.38,-2.38,-0.1522302886225404,-0.06392006529598371,6.63575165297798,-0.06392006529598371,strong_negative,,,,,abs-same_total_evidence-000990,abstraction_test,0.06386915314994339,0.21210848059700527,True,abs-same_total_evidence-000990,abs-same_total_evidence-000990:m1,abs-candidate-0000535-m1,abs-candidate-0004791-m1,continue_y,-0.02527842492065524,0.3234863604801075,-0.15223028862254173,-0.0639200652959846,-2.243506024458831,-2.3074260897548156,True,persistence_state,28,persistence_state,0.0,0.15072683990001678
1990,same_total_evidence,abs-candidate-0000252,abs-candidate-0002191,bandit,4.512937537609037,2.7,4.295999999999999,0.98,0.934144830213868,0.05390927834218395,5.167786373293694,0.05390927834218395,strong_positive,,,,,abs-same_total_evidence-000995,abstraction_test,0.06386915314994339,0.21210848059700527,True,abs-same_total_evidence-000995,abs-same_total_evidence-000995:m0,abs-candidate-0000252-m0,abs-candidate-0002191-m0,continue_x,1.0358326667637177,1.2011888722508883,0.934144830213868,0.05390927834218395,-1.249972635177416,-1.1960633568352321,True,persistence_state,28,persistence_state,-0.25,1.6709403991699219
1991,same_total_evidence,abs-candidate-0000252,abs-candidate-0002191,bandit,4.512937537609037,2.7,4.295999999999999,0.98,0.934144830213868,0.05390927834218395,5.167786373293694,0.05390927834218395,strong_positive,,,,,abs-same_total_evidence-000995,abstraction_test,0.06386915314994339,0.21210848059700527,True,abs-same_total_evidence-000995,abs-same_total_evidence-000995:m1,abs-candidate-0000252-m1,abs-candidate-0002191-m1,continue_y,1.035832666763718,1.2011888722508879,0.9341448302138675,0.05390927834218373,-1.1882829082799995,-1.1343736299378158,True,persistence_state,28,persistence_state,0.0,0.05230185016989708
2000,same_effect_different_cause,abs-candidate-0013037,abs-candidate-0013051,information_sampling,0.1575688848206689,2.19,2.19,4.38,0.30332499129519586,0.30332499129519586,5.36438253669516,0.30332499129519586,strong_positive,10268.0,history,effect-match-003649,0.07287805323726348,abs-same_effect_different_cause-001000,abstraction_test,0.06386915314994339,0.21210848059700527,True,abs-same_effect_different_cause-001000,abs-same_effect_different_cause-001000:m0,abs-candidate-0013037-m0,abs-candidate-0013051-m0,continue_x,0.01263921246032762,0.022513481801348156,0.30332499129519586,0.30332499129519586,-1.9506609868546516,-1.6473359955594558,True,persistence_state,28,persistence_state,0.125,0.5779438018798828
2001,same_effect_different_cause,abs-candidate-0013037,abs-candidate-0013051,information_sampling,0.1575688848206689,2.19,2.19,4.38,0.30332499129519586,0.30332499129519586,5.36438253669516,0.30332499129519586,strong_positive,10268.0,history,effect-match-003649,0.07287805323726348,abs-same_effect_different_cause-001000,abstraction_test,0.06386915314994339,0.21210848059700527,True,abs-same_effect_different_cause-001000,abs-same_effect_different_cause-001000:m1,abs-candidate-0013037-m1,abs-candidate-0013051-m1,continue_y,0.012639212460327842,0.02251348180134838,0.3033249912951963,0.3033249912951963,-1.7152838923005707,-1.4119589010053744,True,persistence_state,28,persistence_state,0.125,0.38179779052734375
2002,same_effect_different_cause,abs-candidate-0052629,abs-candidate-0052377,information_sampling,0.1575688848206689,0.0,0.0,0.0,8.881784197001252e-16,0.23044693805793237,0.0,0.23044693805793237,near_zero,,continuation_cost,effect-match-003649,0.07287805323726348,abs-same_effect_different_cause-001001,abstraction_test,0.06386915314994339,0.21210848059700527,True,abs-same_effect_different_cause-001001,abs-same_effect_different_cause-001001:m0,abs-candidate-0052629-m0,abs-candidate-0052377-m0,continue_x,0.0,0.0,8.881784197001252e-16,0.23044693805793237,-2.6465518691422663,-2.416104931084334,True,persistence_state,28,persistence_state,0.0,0.014801101759076118
2003,same_effect_different_cause,abs-candidate-0052629,abs-candidate-0052377,information_sampling,0.1575688848206689,0.0,0.0,0.0,8.881784197001252e-16,0.23044693805793237,0.0,0.23044693805793237,near_zero,,continuation_cost,effect-match-003649,0.07287805323726348,abs-same_effect_different_cause-001001,abstraction_test,0.06386915314994339,0.21210848059700527,True,abs-same_effect_different_cause-001001,abs-same_effect_different_cause-001001:m1,abs-candidate-0052629-m1,abs-candidate-0052377-m1,continue_y,0.0,0.0,4.440892098500626e-16,0.23044693805793193,-2.4111747745881846,-2.1807278365302527,True,persistence_state,28,persistence_state,0.0,0.12580017745494843
2020,same_effect_different_cause,abs-candidate-0017391,abs-candidate-0017405,information_sampling,0.1575688848206689,2.19,2.19,4.38,0.30332499129519586,0.30332499129519586,5.36438253669516,0.30332499129519586,strong_positive,10460.0,history,effect-match-003697,0.07287805323726348,abs-same_effect_different_cause-001010,abstraction_test,0.06386915314994339,0.21210848059700527,True,abs-same_effect_different_cause-001010,abs-same_effect_different_cause-001010:m0,abs-candidate-0017391-m0,abs-candidate-0017405-m0,continue_x,0.012639212460328064,0.04507882996318191,0.30332499129519586,0.30332499129519586,-1.8887707003159908,-1.585445709020795,True,persistence_state,28,persistence_state,0.0,0.233557790517807
2021,same_effect_different_cause,abs-candidate-0017391,abs-candidate-0017405,information_sampling,0.1575688848206689,2.19,2.19,4.38,0.30332499129519586,0.30332499129519586,5.36438253669516,0.30332499129519586,strong_positive,10460.0,history,effect-match-003697,0.07287805323726348,abs-same_effect_different_cause-001010,abstraction_test,0.06386915314994339,0.21210848059700527,True,abs-same_effect_different_cause-001010,abs-same_effect_different_cause-001010:m1,abs-candidate-0017391-m1,abs-candidate-0017405-m1,continue_y,0.012639212460328064,0.04507882996318191,0.3033249912951965,0.3033249912951965,-1.6533936057619099,-1.3500686144667133,True,persistence_state,28,persistence_state,-0.125,0.08515533804893494
2022,same_effect_different_cause,abs-candidate-0052629,abs-candidate-0052377,information_sampling,0.1575688848206689,0.0,0.0,0.0,8.881784197001252e-16,0.23044693805793237,0.0,0.23044693805793237,near_zero,,continuation_cost,effect-match-003697,0.07287805323726348,abs-same_effect_different_cause-001011,abstraction_test,0.06386915314994339,0.21210848059700527,True,abs-same_effect_different_cause-001011,abs-same_effect_different_cause-001011:m0,abs-candidate-0052629-m0,abs-candidate-0052377-m0,continue_x,0.0,0.0,8.881784197001252e-16,0.23044693805793237,-2.6465518691422663,-2.416104931084334,True,persistence_state,28,persistence_state,0.0,0.014801101759076118
2023,same_effect_different_cause,abs-candidate-0052629,abs-candidate-0052377,information_sampling,0.1575688848206689,0.0,0.0,0.0,8.881784197001252e-16,0.23044693805793237,0.0,0.23044693805793237,near_zero,,continuation_cost,effect-match-003697,0.07287805323726348,abs-same_effect_different_cause-001011,abstraction_test,0.06386915314994339,0.21210848059700527,True,abs-same_effect_different_cause-001011,abs-same_effect_different_cause-001011:m1,abs-candidate-0052629-m1,abs-candidate-0052377-m1,continue_y,0.0,0.0,4.440892098500626e-16,0.23044693805793193,-2.4111747745881846,-2.1807278365302527,True,persistence_state,28,persistence_state,0.0,0.12580017745494843
2040,same_effect_different_cause,abs-candidate-0014059,abs-candidate-0014045,information_sampling,0.1575688848206689,-2.19,-2.19,-4.38,-0.30332499129519586,-0.30332499129519586,5.36438253669516,-0.30332499129519586,strong_negative,10307.0,history,effect-match-003708,0.07287805323726348,abs-same_effect_different_cause-001020,abstraction_test,0.06386915314994339,0.21210848059700527,True,abs-same_effect_different_cause-001020,abs-same_effect_different_cause-001020:m0,abs-candidate-0014059-m0,abs-candidate-0014045-m0,continue_x,-0.012639212460327176,0.16174318024005396,-0.30332499129519586,-0.30332499129519586,-1.6811125644135099,-1.9844375557087057,True,persistence_state,28,persistence_state,-0.125,0.5119395852088928
2041,same_effect_different_cause,abs-candidate-0014059,abs-candidate-0014045,information_sampling,0.1575688848206689,-2.19,-2.19,-4.38,-0.30332499129519586,-0.30332499129519586,5.36438253669516,-0.30332499129519586,strong_negative,10307.0,history,effect-match-003708,0.07287805323726348,abs-same_effect_different_cause-001020,abstraction_test,0.06386915314994339,0.21210848059700527,True,abs-same_effect_different_cause-001020,abs-same_effect_different_cause-001020:m1,abs-candidate-0014059-m1,abs-candidate-0014045-m1,continue_y,-0.012639212460327176,0.16174318024005396,-0.30332499129519586,-0.30332499129519586,-1.4457354698594282,-1.749060461154624,True,persistence_state,28,persistence_state,0.125,0.1111898273229599
2042,same_effect_different_cause,abs-candidate-0052377,abs-candidate-0052629,information_sampling,0.1575688848206689,0.0,0.0,0.0,-8.881784197001252e-16,-0.23044693805793237,0.0,-0.23044693805793237,moderate_negative,,continuation_cost,effect-match-003708,0.07287805323726348,abs-same_effect_different_cause-001021,abstraction_test,0.06386915314994339,0.21210848059700527,True,abs-same_effect_different_cause-001021,abs-same_effect_different_cause-001021:m0,abs-candidate-0052377-m0,abs-candidate-0052629-m0,continue_x,0.0,0.0,-8.881784197001252e-16,-0.23044693805793237,-2.416104931084334,-2.6465518691422663,True,persistence_state,28,persistence_state,0.0,0.01469320897012949
2043,same_effect_different_cause,abs-candidate-0052377,abs-candidate-0052629,information_sampling,0.1575688848206689,0.0,0.0,0.0,-8.881784197001252e-16,-0.23044693805793237,0.0,-0.23044693805793237,moderate_negative,,continuation_cost,effect-match-003708,0.07287805323726348,abs-same_effect_different_cause-001021,abstraction_test,0.06386915314994339,0.21210848059700527,True,abs-same_effect_different_cause-001021,abs-same_effect_different_cause-001021:m1,abs-candidate-0052377-m1,abs-candidate-0052629-m1,continue_y,0.0,0.0,-4.440892098500626e-16,-0.23044693805793193,-2.1807278365302527,-2.4111747745881846,True,persistence_state,28,persistence_state,0.0,0.12529973685741425
2060,same_effect_different_cause,abs-candidate-0034289,abs-candidate-0034275,information_sampling,0.1575688848206689,-2.19,-2.19,-4.38,-0.30332499129519586,-0.30332499129519586,5.36438253669516,-0.30332499129519586,strong_negative,11183.0,history,effect-match-003772,0.07287805323726348,abs-same_effect_different_cause-001030,abstraction_test,0.06386915314994339,0.21210848059700527,True,abs-same_effect_different_cause-001030,abs-same_effect_different_cause-001030:m0,abs-candidate-0034289-m0,abs-candidate-0034275-m0,continue_x,-0.012639212460326954,-0.22933549200458536,-0.30332499129519586,-0.30332499129519586,-1.5328308279972527,-1.8361558192924485,True,persistence_state,28,persistence_state,0.0,0.17577289044857025
2061,same_effect_different_cause,abs-candidate-0034289,abs-candidate-0034275,information_sampling,0.1575688848206689,-2.19,-2.19,-4.38,-0.30332499129519586,-0.30332499129519586,5.36438253669516,-0.30332499129519586,strong_negative,11183.0,history,effect-match-003772,0.07287805323726348,abs-same_effect_different_cause-001030,abstraction_test,0.06386915314994339,0.21210848059700527,True,abs-same_effect_different_cause-001030,abs-same_effect_different_cause-001030:m1,abs-candidate-0034289-m1,abs-candidate-0034275-m1,continue_y,-0.012639212460327176,-0.22933549200458536,-0.3033249912951954,-0.3033249912951954,-1.297453733443172,-1.6007787247383674,True,persistence_state,28,persistence_state,-0.125,0.14139573276042938
2062,same_effect_different_cause,abs-candidate-0052377,abs-candidate-0052629,information_sampling,0.1575688848206689,0.0,0.0,0.0,-8.881784197001252e-16,-0.23044693805793237,0.0,-0.23044693805793237,moderate_negative,,continuation_cost,effect-match-003772,0.07287805323726348,abs-same_effect_different_cause-001031,abstraction_test,0.06386915314994339,0.21210848059700527,True,abs-same_effect_different_cause-001031,abs-same_effect_different_cause-001031:m0,abs-candidate-0052377-m0,abs-candidate-0052629-m0,continue_x,0.0,0.0,-8.881784197001252e-16,-0.23044693805793237,-2.416104931084334,-2.6465518691422663,True,persistence_state,28,persistence_state,0.0,0.01469320897012949
2063,same_effect_different_cause,abs-candidate-0052377,abs-candidate-0052629,information_sampling,0.1575688848206689,0.0,0.0,0.0,-8.881784197001252e-16,-0.23044693805793237,0.0,-0.23044693805793237,moderate_negative,,continuation_cost,effect-match-003772,0.07287805323726348,abs-same_effect_different_cause-001031,abstraction_test,0.06386915314994339,0.21210848059700527,True,abs-same_effect_different_cause-001031,abs-same_effect_different_cause-001031:m1,abs-candidate-0052377-m1,abs-candidate-0052629-m1,continue_y,0.0,0.0,-4.440892098500626e-16,-0.23044693805793193,-2.1807278365302527,-2.4111747745881846,True,persistence_state,28,persistence_state,0.0,0.12529973685741425
2080,same_effect_different_cause,abs-candidate-0026645,abs-candidate-0026659,information_sampling,0.1575688848206689,2.19,2.19,4.38,0.30332499129519586,0.30332499129519586,5.36438253669516,0.30332499129519586,strong_positive,10844.0,history,effect-match-003808,0.07287805323726348,abs-same_effect_different_cause-001040,abstraction_test,0.06386915314994339,0.21210848059700527,True,abs-same_effect_different_cause-001040,abs-same_effect_different_cause-001040:m0,abs-candidate-0026645-m0,abs-candidate-0026659-m0,continue_x,0.012639212460327176,0.0225134818013486,0.30332499129519586,0.30332499129519586,-1.4207751813155576,-1.1174501900203617,True,persistence_state,28,persistence_state,0.125,0.8015573620796204
2081,same_effect_different_cause,abs-candidate-0026645,abs-candidate-0026659,information_sampling,0.1575688848206689,2.19,2.19,4.38,0.30332499129519586,0.30332499129519586,5.36438253669516,0.30332499129519586,strong_positive,10844.0,history,effect-match-003808,0.07287805323726348,abs-same_effect_different_cause-001040,abstraction_test,0.06386915314994339,0.21210848059700527,True,abs-same_effect_different_cause-001040,abs-same_effect_different_cause-001040:m1,abs-candidate-0026645-m1,abs-candidate-0026659-m1,continue_y,0.012639212460327842,0.022513481801348822,0.3033249912951963,0.3033249912951963,-1.1853980867614764,-0.8820730954662801,True,persistence_state,28,persistence_state,0.0,0.3839077949523926
2082,same_effect_different_cause,abs-candidate-0052629,abs-candidate-0052377,information_sampling,0.1575688848206689,0.0,0.0,0.0,8.881784197001252e-16,0.23044693805793237,0.0,0.23044693805793237,near_zero,,continuation_cost,effect-match-003808,0.07287805323726348,abs-same_effect_different_cause-001041,abstraction_test,0.06386915314994339,0.21210848059700527,True,abs-same_effect_different_cause-001041,abs-same_effect_different_cause-001041:m0,abs-candidate-0052629-m0,abs-candidate-0052377-m0,continue_x,0.0,0.0,8.881784197001252e-16,0.23044693805793237,-2.6465518691422663,-2.416104931084334,True,persistence_state,28,persistence_state,0.0,0.014801101759076118
2083,same_effect_different_cause,abs-candidate-0052629,abs-candidate-0052377,information_sampling,0.1575688848206689,0.0,0.0,0.0,8.881784197001252e-16,0.23044693805793237,0.0,0.23044693805793237,near_zero,,continuation_cost,effect-match-003808,0.07287805323726348,abs-same_effect_different_cause-001041,abstraction_test,0.06386915314994339,0.21210848059700527,True,abs-same_effect_different_cause-001041,abs-same_effect_different_cause-001041:m1,abs-candidate-0052629-m1,abs-candidate-0052377-m1,continue_y,0.0,0.0,4.440892098500626e-16,0.23044693805793193,-2.4111747745881846,-2.1807278365302527,True,persistence_state,28,persistence_state,0.0,0.12580017745494843
2100,same_effect_different_cause,abs-candidate-0040337,abs-candidate-0040323,information_sampling,0.1575688848206689,-2.19,-2.19,-4.38,-0.30332499129519586,-0.30332499129519586,5.36438253669516,-0.30332499129519586,strong_negative,11471.0,history,effect-match-003817,0.07287805323726348,abs-same_effect_different_cause-001050,abstraction_test,0.06386915314994339,0.21210848059700527,True,abs-same_effect_different_cause-001050,abs-same_effect_different_cause-001050:m0,abs-candidate-0040337-m0,abs-candidate-0040323-m0,continue_x,-0.012639212460326954,-0.22933549200458492,-0.30332499129519586,-0.30332499129519586,-1.4220314229324755,-1.7253564142276714,True,persistence_state,28,persistence_state,0.0,0.10023671388626099
2101,same_effect_different_cause,abs-candidate-0040337,abs-candidate-0040323,information_sampling,0.1575688848206689,-2.19,-2.19,-4.38,-0.30332499129519586,-0.30332499129519586,5.36438253669516,-0.30332499129519586,strong_negative,11471.0,history,effect-match-003817,0.07287805323726348,abs-same_effect_different_cause-001050,abstraction_test,0.06386915314994339,0.21210848059700527,True,abs-same_effect_different_cause-001050,abs-same_effect_different_cause-001050:m1,abs-candidate-0040337-m1,abs-candidate-0040323-m1,continue_y,-0.01263921246032762,-0.2293354920045847,-0.30332499129519586,-0.30332499129519586,-1.1866543283783941,-1.48997931967359,True,persistence_state,28,persistence_state,0.0,0.0381842665374279
2102,same_effect_different_cause,abs-candidate-0052377,abs-candidate-0052629,information_sampling,0.1575688848206689,0.0,0.0,0.0,-8.881784197001252e-16,-0.23044693805793237,0.0,-0.23044693805793237,moderate_negative,,continuation_cost,effect-match-003817,0.07287805323726348,abs-same_effect_different_cause-001051,abstraction_test,0.06386915314994339,0.21210848059700527,True,abs-same_effect_different_cause-001051,abs-same_effect_different_cause-001051:m0,abs-candidate-0052377-m0,abs-candidate-0052629-m0,continue_x,0.0,0.0,-8.881784197001252e-16,-0.23044693805793237,-2.416104931084334,-2.6465518691422663,True,persistence_state,28,persistence_state,0.0,0.01469320897012949
2103,same_effect_different_cause,abs-candidate-0052377,abs-candidate-0052629,information_sampling,0.1575688848206689,0.0,0.0,0.0,-8.881784197001252e-16,-0.23044693805793237,0.0,-0.23044693805793237,moderate_negative,,continuation_cost,effect-match-003817,0.07287805323726348,abs-same_effect_different_cause-001051,abstraction_test,0.06386915314994339,0.21210848059700527,True,abs-same_effect_different_cause-001051,abs-same_effect_different_cause-001051:m1,abs-candidate-0052377-m1,abs-candidate-0052629-m1,continue_y,0.0,0.0,-4.440892098500626e-16,-0.23044693805793193,-2.1807278365302527,-2.4111747745881846,True,persistence_state,28,persistence_state,0.0,0.12529973685741425
2120,same_effect_different_cause,abs-candidate-0000003,abs-candidate-0000017,information_sampling,0.1575688848206691,2.19,2.19,4.38,0.30332499129519563,0.30332499129519563,5.36438253669516,0.30332499129519563,moderate_positive,9632.0,history,effect-match-003826,0.07287805323726326,abs-same_effect_different_cause-001060,abstraction_test,0.06386915314994339,0.21210848059700527,True,abs-same_effect_different_cause-001060,abs-same_effect_different_cause-001060:m0,abs-candidate-0000003-m0,abs-candidate-0000017-m0,continue_x,0.012639212460326732,-0.16174318024005463,0.30332499129519563,0.30332499129519563,-2.17021953151959,-1.8668945402243944,True,persistence_state,28,persistence_state,0.0,0.1440393179655075
2121,same_effect_different_cause,abs-candidate-0000003,abs-candidate-0000017,information_sampling,0.1575688848206691,2.19,2.19,4.38,0.30332499129519563,0.30332499129519563,5.36438253669516,0.30332499129519563,moderate_positive,9632.0,history,effect-match-003826,0.07287805323726326,abs-same_effect_different_cause-001060,abstraction_test,0.06386915314994339,0.21210848059700527,True,abs-same_effect_different_cause-001060,abs-same_effect_different_cause-001060:m1,abs-candidate-0000003-m1,abs-candidate-0000017-m1,continue_y,0.012639212460327176,-0.16174318024005485,0.30332499129519563,0.30332499129519563,-1.9348424369655088,-1.6315174456703132,True,persistence_state,28,persistence_state,0.0,0.0670430138707161
2122,same_effect_different_cause,abs-candidate-0052629,abs-candidate-0052377,information_sampling,0.1575688848206691,0.0,0.0,0.0,8.881784197001252e-16,0.23044693805793237,0.0,0.23044693805793237,near_zero,,continuation_cost,effect-match-003826,0.07287805323726326,abs-same_effect_different_cause-001061,abstraction_test,0.06386915314994339,0.21210848059700527,True,abs-same_effect_different_cause-001061,abs-same_effect_different_cause-001061:m0,abs-candidate-0052629-m0,abs-candidate-0052377-m0,continue_x,0.0,0.0,8.881784197001252e-16,0.23044693805793237,-2.6465518691422663,-2.416104931084334,True,persistence_state,28,persistence_state,0.0,0.014801101759076118
2123,same_effect_different_cause,abs-candidate-0052629,abs-candidate-0052377,information_sampling,0.1575688848206691,0.0,0.0,0.0,8.881784197001252e-16,0.23044693805793237,0.0,0.23044693805793237,near_zero,,continuation_cost,effect-match-003826,0.07287805323726326,abs-same_effect_different_cause-001061,abstraction_test,0.06386915314994339,0.21210848059700527,True,abs-same_effect_different_cause-001061,abs-same_effect_different_cause-001061:m1,abs-candidate-0052629-m1,abs-candidate-0052377-m1,continue_y,0.0,0.0,4.440892098500626e-16,0.23044693805793193,-2.4111747745881846,-2.1807278365302527,True,persistence_state,28,persistence_state,0.0,0.12580017745494843
2140,same_effect_different_cause,abs-candidate-0029739,abs-candidate-0029753,information_sampling,0.1575688848206691,2.19,2.19,4.38,0.30332499129519563,0.30332499129519563,5.36438253669516,0.30332499129519563,moderate_positive,10966.0,history,effect-match-003831,0.07287805323726326,abs-same_effect_different_cause-001070,abstraction_test,0.06386915314994339,0.21210848059700527,True,abs-same_effect_different_cause-001070,abs-same_effect_different_cause-001070:m0,abs-candidate-0029739-m0,abs-candidate-0029753-m0,continue_x,0.012639212460327176,-0.16174318024005307,0.30332499129519563,0.30332499129519563,-1.9796338631921495,-1.6763088718969539,True,persistence_state,28,persistence_state,0.0,0.04368957132101059
2141,same_effect_different_cause,abs-candidate-0029739,abs-candidate-0029753,information_sampling,0.1575688848206691,2.19,2.19,4.38,0.30332499129519563,0.30332499129519563,5.36438253669516,0.30332499129519563,moderate_positive,10966.0,history,effect-match-003831,0.07287805323726326,abs-same_effect_different_cause-001070,abstraction_test,0.06386915314994339,0.21210848059700527,True,abs-same_effect_different_cause-001070,abs-same_effect_different_cause-001070:m1,abs-candidate-0029739-m1,abs-candidate-0029753-m1,continue_y,0.012639212460327398,-0.16174318024005396,0.30332499129519586,0.30332499129519586,-1.744256768638068,-1.440931777342872,True,persistence_state,28,persistence_state,-0.125,0.09065339714288712
2142,same_effect_different_cause,abs-candidate-0052629,abs-candidate-0052377,information_sampling,0.1575688848206691,0.0,0.0,0.0,8.881784197001252e-16,0.23044693805793237,0.0,0.23044693805793237,near_zero,,continuation_cost,effect-match-003831,0.07287805323726326,abs-same_effect_different_cause-001071,abstraction_test,0.06386915314994339,0.21210848059700527,True,abs-same_effect_different_cause-001071,abs-same_effect_different_cause-001071:m0,abs-candidate-0052629-m0,abs-candidate-0052377-m0,continue_x,0.0,0.0,8.881784197001252e-16,0.23044693805793237,-2.6465518691422663,-2.416104931084334,True,persistence_state,28,persistence_state,0.0,0.014801101759076118
2143,same_effect_different_cause,abs-candidate-0052629,abs-candidate-0052377,information_sampling,0.1575688848206691,0.0,0.0,0.0,8.881784197001252e-16,0.23044693805793237,0.0,0.23044693805793237,near_zero,,continuation_cost,effect-match-003831,0.07287805323726326,abs-same_effect_different_cause-001071,abstraction_test,0.06386915314994339,0.21210848059700527,True,abs-same_effect_different_cause-001071,abs-same_effect_different_cause-001071:m1,abs-candidate-0052629-m1,abs-candidate-0052377-m1,continue_y,0.0,0.0,4.440892098500626e-16,0.23044693805793193,-2.4111747745881846,-2.1807278365302527,True,persistence_state,28,persistence_state,0.0,0.12580017745494843
2160,same_effect_different_cause,abs-candidate-0026477,abs-candidate-0026463,information_sampling,0.1575688848206689,-2.19,-2.19,-4.38,-0.30332499129519586,-0.30332499129519586,5.36438253669516,-0.30332499129519586,strong_negative,10821.0,history,effect-match-003836,0.07287805323726348,abs-same_effect_different_cause-001080,abstraction_test,0.06386915314994339,0.21210848059700527,True,abs-same_effect_different_cause-001080,abs-same_effect_different_cause-001080:m0,abs-candidate-0026477-m0,abs-candidate-0026463-m0,continue_x,-0.012639212460327176,-0.022513481801348822,-0.30332499129519586,-0.30332499129519586,-1.1240955078722425,-1.4274204991674384,True,persistence_state,28,persistence_state,0.0,0.5157472491264343
2161,same_effect_different_cause,abs-candidate-0026477,abs-candidate-0026463,information_sampling,0.1575688848206689,-2.19,-2.19,-4.38,-0.30332499129519586,-0.30332499129519586,5.36438253669516,-0.30332499129519586,strong_negative,10821.0,history,effect-match-003836,0.07287805323726348,abs-same_effect_different_cause-001080,abstraction_test,0.06386915314994339,0.21210848059700527,True,abs-same_effect_different_cause-001080,abs-same_effect_different_cause-001080:m1,abs-candidate-0026477-m1,abs-candidate-0026463-m1,continue_y,-0.012639212460327398,-0.022513481801349156,-0.3033249912951963,-0.3033249912951963,-0.8887184133181607,-1.192043404613357,True,persistence_state,28,persistence_state,0.0,0.44071030616760254
2162,same_effect_different_cause,abs-candidate-0052377,abs-candidate-0052629,information_sampling,0.1575688848206689,0.0,0.0,0.0,-8.881784197001252e-16,-0.23044693805793237,0.0,-0.23044693805793237,moderate_negative,,continuation_cost,effect-match-003836,0.07287805323726348,abs-same_effect_different_cause-001081,abstraction_test,0.06386915314994339,0.21210848059700527,True,abs-same_effect_different_cause-001081,abs-same_effect_different_cause-001081:m0,abs-candidate-0052377-m0,abs-candidate-0052629-m0,continue_x,0.0,0.0,-8.881784197001252e-16,-0.23044693805793237,-2.416104931084334,-2.6465518691422663,True,persistence_state,28,persistence_state,0.0,0.01469320897012949
2163,same_effect_different_cause,abs-candidate-0052377,abs-candidate-0052629,information_sampling,0.1575688848206689,0.0,0.0,0.0,-8.881784197001252e-16,-0.23044693805793237,0.0,-0.23044693805793237,moderate_negative,,continuation_cost,effect-match-003836,0.07287805323726348,abs-same_effect_different_cause-001081,abstraction_test,0.06386915314994339,0.21210848059700527,True,abs-same_effect_different_cause-001081,abs-same_effect_different_cause-001081:m1,abs-candidate-0052377-m1,abs-candidate-0052629-m1,continue_y,0.0,0.0,-4.440892098500626e-16,-0.23044693805793193,-2.1807278365302527,-2.4111747745881846,True,persistence_state,28,persistence_state,0.0,0.12529973685741425
2180,same_effect_different_cause,abs-candidate-0028157,abs-candidate-0028171,information_sampling,0.1575688848206691,2.19,2.19,4.38,0.30332499129519563,0.30332499129519563,5.36438253669516,0.30332499129519563,strong_positive,10916.0,history,effect-match-003841,0.07287805323726326,abs-same_effect_different_cause-001090,abstraction_test,0.06386915314994339,0.21210848059700527,True,abs-same_effect_different_cause-001090,abs-same_effect_different_cause-001090:m0,abs-candidate-0028157-m0,abs-candidate-0028171-m0,continue_x,0.012639212460326066,-0.16174318024005463,0.30332499129519563,0.30332499129519563,-1.9468111654976803,-1.6434861742024847,True,persistence_state,28,persistence_state,0.25,1.1433873176574707
2181,same_effect_different_cause,abs-candidate-0028157,abs-candidate-0028171,information_sampling,0.1575688848206691,2.19,2.19,4.38,0.30332499129519563,0.30332499129519563,5.36438253669516,0.30332499129519563,strong_positive,10916.0,history,effect-match-003841,0.07287805323726326,abs-same_effect_different_cause-001090,abstraction_test,0.06386915314994339,0.21210848059700527,True,abs-same_effect_different_cause-001090,abs-same_effect_different_cause-001090:m1,abs-candidate-0028157-m1,abs-candidate-0028171-m1,continue_y,0.012639212460327176,-0.1617431802400544,0.3033249912951963,0.3033249912951963,-1.7114340709435993,-1.408109079648403,True,persistence_state,28,persistence_state,-0.125,0.6078671216964722
2182,same_effect_different_cause,abs-candidate-0052629,abs-candidate-0052377,information_sampling,0.1575688848206691,0.0,0.0,0.0,8.881784197001252e-16,0.23044693805793237,0.0,0.23044693805793237,near_zero,,continuation_cost,effect-match-003841,0.07287805323726326,abs-same_effect_different_cause-001091,abstraction_test,0.06386915314994339,0.21210848059700527,True,abs-same_effect_different_cause-001091,abs-same_effect_different_cause-001091:m0,abs-candidate-0052629-m0,abs-candidate-0052377-m0,continue_x,0.0,0.0,8.881784197001252e-16,0.23044693805793237,-2.6465518691422663,-2.416104931084334,True,persistence_state,28,persistence_state,0.0,0.014801101759076118
2183,same_effect_different_cause,abs-candidate-0052629,abs-candidate-0052377,information_sampling,0.1575688848206691,0.0,0.0,0.0,8.881784197001252e-16,0.23044693805793237,0.0,0.23044693805793237,near_zero,,continuation_cost,effect-match-003841,0.07287805323726326,abs-same_effect_different_cause-001091,abstraction_test,0.06386915314994339,0.21210848059700527,True,abs-same_effect_different_cause-001091,abs-same_effect_different_cause-001091:m1,abs-candidate-0052629-m1,abs-candidate-0052377-m1,continue_y,0.0,0.0,4.440892098500626e-16,0.23044693805793193,-2.4111747745881846,-2.1807278365302527,True,persistence_state,28,persistence_state,0.0,0.12580017745494843
2200,same_effect_different_cause,abs-candidate-0052433,abs-candidate-0052419,information_sampling,0.1575688848206691,-2.19,-2.19,-4.38,-0.30332499129519563,-0.30332499129519563,5.36438253669516,-0.30332499129519563,strong_negative,11975.0,history,effect-match-003846,0.07287805323726326,abs-same_effect_different_cause-001100,abstraction_test,0.06386915314994339,0.21210848059700527,True,abs-same_effect_different_cause-001100,abs-same_effect_different_cause-001100:m0,abs-candidate-0052433-m0,abs-candidate-0052419-m0,continue_x,-0.012639212460326732,-0.04507882996318191,-0.30332499129519563,-0.30332499129519563,-2.4004373231665683,-2.703762314461764,True,persistence_state,28,persistence_state,-0.125,0.5470055937767029
2201,same_effect_different_cause,abs-candidate-0052433,abs-candidate-0052419,information_sampling,0.1575688848206691,-2.19,-2.19,-4.38,-0.30332499129519563,-0.30332499129519563,5.36438253669516,-0.30332499129519563,strong_negative,11975.0,history,effect-match-003846,0.07287805323726326,abs-same_effect_different_cause-001100,abstraction_test,0.06386915314994339,0.21210848059700527,True,abs-same_effect_different_cause-001100,abs-same_effect_different_cause-001100:m1,abs-candidate-0052433-m1,abs-candidate-0052419-m1,continue_y,-0.012639212460326732,-0.045078829963181466,-0.3033249912951952,-0.3033249912951952,-2.1650602286124876,-2.468385219907683,True,persistence_state,28,persistence_state,0.125,0.4696892499923706
2202,same_effect_different_cause,abs-candidate-0052377,abs-candidate-0052629,information_sampling,0.1575688848206691,0.0,0.0,0.0,-8.881784197001252e-16,-0.23044693805793237,0.0,-0.23044693805793237,moderate_negative,,continuation_cost,effect-match-003846,0.07287805323726326,abs-same_effect_different_cause-001101,abstraction_test,0.06386915314994339,0.21210848059700527,True,abs-same_effect_different_cause-001101,abs-same_effect_different_cause-001101:m0,abs-candidate-0052377-m0,abs-candidate-0052629-m0,continue_x,0.0,0.0,-8.881784197001252e-16,-0.23044693805793237,-2.416104931084334,-2.6465518691422663,True,persistence_state,28,persistence_state,0.0,0.01469320897012949
2203,same_effect_different_cause,abs-candidate-0052377,abs-candidate-0052629,information_sampling,0.1575688848206691,0.0,0.0,0.0,-8.881784197001252e-16,-0.23044693805793237,0.0,-0.23044693805793237,moderate_negative,,continuation_cost,effect-match-003846,0.07287805323726326,abs-same_effect_different_cause-001101,abstraction_test,0.06386915314994339,0.21210848059700527,True,abs-same_effect_different_cause-001101,abs-same_effect_different_cause-001101:m1,abs-candidate-0052377-m1,abs-candidate-0052629-m1,continue_y,0.0,0.0,-4.440892098500626e-16,-0.23044693805793193,-2.1807278365302527,-2.4111747745881846,True,persistence_state,28,persistence_state,0.0,0.12529973685741425
2220,same_effect_different_cause,abs-candidate-0039567,abs-candidate-0039581,information_sampling,0.1575688848206691,2.19,2.19,4.38,0.30332499129519563,0.30332499129519563,5.36438253669516,0.30332499129519563,strong_positive,11434.0,history,effect-match-003851,0.07287805323726326,abs-same_effect_different_cause-001110,abstraction_test,0.06386915314994339,0.21210848059700527,True,abs-same_effect_different_cause-001110,abs-same_effect_different_cause-001110:m0,abs-candidate-0039567-m0,abs-candidate-0039581-m0,continue_x,0.01263921246032762,-0.16174318024005485,0.30332499129519563,0.30332499129519563,-2.2348554465948114,-1.9315304552996158,True,persistence_state,28,persistence_state,0.125,0.44775664806365967
2221,same_effect_different_cause,abs-candidate-0039567,abs-candidate-0039581,information_sampling,0.1575688848206691,2.19,2.19,4.38,0.30332499129519563,0.30332499129519563,5.36438253669516,0.30332499129519563,strong_positive,11434.0,history,effect-match-003851,0.07287805323726326,abs-same_effect_different_cause-001110,abstraction_test,0.06386915314994339,0.21210848059700527,True,abs-same_effect_different_cause-001110,abs-same_effect_different_cause-001110:m1,abs-candidate-0039567-m1,abs-candidate-0039581-m1,continue_y,0.01263921246032762,-0.16174318024005463,0.3033249912951952,0.3033249912951952,-1.9994783520407298,-1.6961533607455346,True,persistence_state,28,persistence_state,0.0,0.4070037305355072
2222,same_effect_different_cause,abs-candidate-0052629,abs-candidate-0052377,information_sampling,0.1575688848206691,0.0,0.0,0.0,8.881784197001252e-16,0.23044693805793237,0.0,0.23044693805793237,near_zero,,continuation_cost,effect-match-003851,0.07287805323726326,abs-same_effect_different_cause-001111,abstraction_test,0.06386915314994339,0.21210848059700527,True,abs-same_effect_different_cause-001111,abs-same_effect_different_cause-001111:m0,abs-candidate-0052629-m0,abs-candidate-0052377-m0,continue_x,0.0,0.0,8.881784197001252e-16,0.23044693805793237,-2.6465518691422663,-2.416104931084334,True,persistence_state,28,persistence_state,0.0,0.014801101759076118
2223,same_effect_different_cause,abs-candidate-0052629,abs-candidate-0052377,information_sampling,0.1575688848206691,0.0,0.0,0.0,8.881784197001252e-16,0.23044693805793237,0.0,0.23044693805793237,near_zero,,continuation_cost,effect-match-003851,0.07287805323726326,abs-same_effect_different_cause-001111,abstraction_test,0.06386915314994339,0.21210848059700527,True,abs-same_effect_different_cause-001111,abs-same_effect_different_cause-001111:m1,abs-candidate-0052629-m1,abs-candidate-0052377-m1,continue_y,0.0,0.0,4.440892098500626e-16,0.23044693805793193,-2.4111747745881846,-2.1807278365302527,True,persistence_state,28,persistence_state,0.0,0.12580017745494843
2240,same_effect_different_cause,abs-candidate-0033967,abs-candidate-0033953,information_sampling,0.1575688848206691,-2.19,-2.19,-4.38,-0.30332499129519563,-0.30332499129519563,5.36438253669516,-0.30332499129519563,strong_negative,11173.0,history,effect-match-003856,0.07287805323726326,abs-same_effect_different_cause-001120,abstraction_test,0.06386915314994339,0.21210848059700527,True,abs-same_effect_different_cause-001120,abs-same_effect_different_cause-001120:m0,abs-candidate-0033967-m0,abs-candidate-0033953-m0,continue_x,-0.012639212460326288,0.16174318024005352,-0.30332499129519563,-0.30332499129519563,-2.1630796322183277,-2.4664046235135233,True,persistence_state,28,persistence_state,-0.25,0.5436251759529114
2241,same_effect_different_cause,abs-candidate-0033967,abs-candidate-0033953,information_sampling,0.1575688848206691,-2.19,-2.19,-4.38,-0.30332499129519563,-0.30332499129519563,5.36438253669516,-0.30332499129519563,strong_negative,11173.0,history,effect-match-003856,0.07287805323726326,abs-same_effect_different_cause-001120,abstraction_test,0.06386915314994339,0.21210848059700527,True,abs-same_effect_different_cause-001120,abs-same_effect_different_cause-001120:m1,abs-candidate-0033967-m1,abs-candidate-0033953-m1,continue_y,-0.012639212460326732,0.16174318024005352,-0.30332499129519586,-0.30332499129519586,-1.9277025376642463,-2.231027528959442,True,persistence_state,28,persistence_state,0.0,0.3173868954181671
2242,same_effect_different_cause,abs-candidate-0052377,abs-candidate-0052629,information_sampling,0.1575688848206691,0.0,0.0,0.0,-8.881784197001252e-16,-0.23044693805793237,0.0,-0.23044693805793237,moderate_negative,,continuation_cost,effect-match-003856,0.07287805323726326,abs-same_effect_different_cause-001121,abstraction_test,0.06386915314994339,0.21210848059700527,True,abs-same_effect_different_cause-001121,abs-same_effect_different_cause-001121:m0,abs-candidate-0052377-m0,abs-candidate-0052629-m0,continue_x,0.0,0.0,-8.881784197001252e-16,-0.23044693805793237,-2.416104931084334,-2.6465518691422663,True,persistence_state,28,persistence_state,0.0,0.01469320897012949
2243,same_effect_different_cause,abs-candidate-0052377,abs-candidate-0052629,information_sampling,0.1575688848206691,0.0,0.0,0.0,-8.881784197001252e-16,-0.23044693805793237,0.0,-0.23044693805793237,moderate_negative,,continuation_cost,effect-match-003856,0.07287805323726326,abs-same_effect_different_cause-001121,abstraction_test,0.06386915314994339,0.21210848059700527,True,abs-same_effect_different_cause-001121,abs-same_effect_different_cause-001121:m1,abs-candidate-0052377-m1,abs-candidate-0052629-m1,continue_y,0.0,0.0,-4.440892098500626e-16,-0.23044693805793193,-2.1807278365302527,-2.4111747745881846,True,persistence_state,28,persistence_state,0.0,0.12529973685741425
2260,same_effect_different_cause,abs-candidate-0049157,abs-candidate-0049143,information_sampling,0.1575688848206689,-2.19,-2.19,-4.38,-0.30332499129519586,-0.30332499129519586,5.36438253669516,-0.30332499129519586,strong_negative,11829.0,history,effect-match-003861,0.07287805323726348,abs-same_effect_different_cause-001130,abstraction_test,0.06386915314994339,0.21210848059700527,True,abs-same_effect_different_cause-001130,abs-same_effect_different_cause-001130:m0,abs-candidate-0049157-m0,abs-candidate-0049143-m0,continue_x,-0.012639212460327398,0.1617431802400544,-0.30332499129519586,-0.30332499129519586,-1.2929869768976816,-1.5963119681928775,True,persistence_state,28,persistence_state,-0.125,0.439960241317749
2261,same_effect_different_cause,abs-candidate-0049157,abs-candidate-0049143,information_sampling,0.1575688848206689,-2.19,-2.19,-4.38,-0.30332499129519586,-0.30332499129519586,5.36438253669516,-0.30332499129519586,strong_negative,11829.0,history,effect-match-003861,0.07287805323726348,abs-same_effect_different_cause-001130,abstraction_test,0.06386915314994339,0.21210848059700527,True,abs-same_effect_different_cause-001130,abs-same_effect_different_cause-001130:m1,abs-candidate-0049157-m1,abs-candidate-0049143-m1,continue_y,-0.012639212460328064,0.16174318024005419,-0.3033249912951963,-0.3033249912951963,-1.0576098823436,-1.3609348736387963,True,persistence_state,28,persistence_state,0.125,0.5442398190498352
2262,same_effect_different_cause,abs-candidate-0052377,abs-candidate-0052629,information_sampling,0.1575688848206689,0.0,0.0,0.0,-8.881784197001252e-16,-0.23044693805793237,0.0,-0.23044693805793237,moderate_negative,,continuation_cost,effect-match-003861,0.07287805323726348,abs-same_effect_different_cause-001131,abstraction_test,0.06386915314994339,0.21210848059700527,True,abs-same_effect_different_cause-001131,abs-same_effect_different_cause-001131:m0,abs-candidate-0052377-m0,abs-candidate-0052629-m0,continue_x,0.0,0.0,-8.881784197001252e-16,-0.23044693805793237,-2.416104931084334,-2.6465518691422663,True,persistence_state,28,persistence_state,0.0,0.01469320897012949
2263,same_effect_different_cause,abs-candidate-0052377,abs-candidate-0052629,information_sampling,0.1575688848206689,0.0,0.0,0.0,-8.881784197001252e-16,-0.23044693805793237,0.0,-0.23044693805793237,moderate_negative,,continuation_cost,effect-match-003861,0.07287805323726348,abs-same_effect_different_cause-001131,abstraction_test,0.06386915314994339,0.21210848059700527,True,abs-same_effect_different_cause-001131,abs-same_effect_different_cause-001131:m1,abs-candidate-0052377-m1,abs-candidate-0052629-m1,continue_y,0.0,0.0,-4.440892098500626e-16,-0.23044693805793193,-2.1807278365302527,-2.4111747745881846,True,persistence_state,28,persistence_state,0.0,0.12529973685741425
2280,same_effect_different_cause,abs-candidate-0013555,abs-candidate-0013541,information_sampling,0.1575688848206691,-2.19,-2.19,-4.38,-0.30332499129519563,-0.30332499129519563,5.36438253669516,-0.30332499129519563,strong_negative,10273.0,history,effect-match-003866,0.07287805323726326,abs-same_effect_different_cause-001140,abstraction_test,0.06386915314994339,0.21210848059700527,True,abs-same_effect_different_cause-001140,abs-same_effect_different_cause-001140:m0,abs-candidate-0013555-m0,abs-candidate-0013541-m0,continue_x,-0.01263921246032762,-0.022513481801349045,-0.30332499129519563,-0.30332499129519563,-2.108229871675319,-2.411554862970515,True,persistence_state,28,persistence_state,-0.125,0.8253507614135742
2281,same_effect_different_cause,abs-candidate-0013555,abs-candidate-0013541,information_sampling,0.1575688848206691,-2.19,-2.19,-4.38,-0.30332499129519563,-0.30332499129519563,5.36438253669516,-0.30332499129519563,strong_negative,10273.0,history,effect-match-003866,0.07287805323726326,abs-same_effect_different_cause-001140,abstraction_test,0.06386915314994339,0.21210848059700527,True,abs-same_effect_different_cause-001140,abs-same_effect_different_cause-001140:m1,abs-candidate-0013555-m1,abs-candidate-0013541-m1,continue_y,-0.012639212460327176,-0.022513481801349267,-0.3033249912951963,-0.3033249912951963,-1.8728527771212382,-2.1761777684164345,True,persistence_state,28,persistence_state,0.0,0.5206183791160583
2282,same_effect_different_cause,abs-candidate-0052377,abs-candidate-0052629,information_sampling,0.1575688848206691,0.0,0.0,0.0,-8.881784197001252e-16,-0.23044693805793237,0.0,-0.23044693805793237,moderate_negative,,continuation_cost,effect-match-003866,0.07287805323726326,abs-same_effect_different_cause-001141,abstraction_test,0.06386915314994339,0.21210848059700527,True,abs-same_effect_different_cause-001141,abs-same_effect_different_cause-001141:m0,abs-candidate-0052377-m0,abs-candidate-0052629-m0,continue_x,0.0,0.0,-8.881784197001252e-16,-0.23044693805793237,-2.416104931084334,-2.6465518691422663,True,persistence_state,28,persistence_state,0.0,0.01469320897012949
2283,same_effect_different_cause,abs-candidate-0052377,abs-candidate-0052629,information_sampling,0.1575688848206691,0.0,0.0,0.0,-8.881784197001252e-16,-0.23044693805793237,0.0,-0.23044693805793237,moderate_negative,,continuation_cost,effect-match-003866,0.07287805323726326,abs-same_effect_different_cause-001141,abstraction_test,0.06386915314994339,0.21210848059700527,True,abs-same_effect_different_cause-001141,abs-same_effect_different_cause-001141:m1,abs-candidate-0052377-m1,abs-candidate-0052629-m1,continue_y,0.0,0.0,-4.440892098500626e-16,-0.23044693805793193,-2.1807278365302527,-2.4111747745881846,True,persistence_state,28,persistence_state,0.0,0.12529973685741425
2300,same_effect_different_cause,abs-candidate-0048891,abs-candidate-0048905,information_sampling,0.1575688848206691,2.19,2.19,4.38,0.30332499129519563,0.30332499129519563,5.36438253669516,0.30332499129519563,strong_positive,11796.0,history,effect-match-003871,0.07287805323726326,abs-same_effect_different_cause-001150,abstraction_test,0.06386915314994339,0.21210848059700527,True,abs-same_effect_different_cause-001150,abs-same_effect_different_cause-001150:m0,abs-candidate-0048891-m0,abs-candidate-0048905-m0,continue_x,0.012639212460325844,0.22933549200458403,0.30332499129519563,0.30332499129519563,-2.490194411119703,-2.1868694198245073,True,persistence_state,28,persistence_state,0.0,0.43624255061149597
2301,same_effect_different_cause,abs-candidate-0048891,abs-candidate-0048905,information_sampling,0.1575688848206691,2.19,2.19,4.38,0.30332499129519563,0.30332499129519563,5.36438253669516,0.30332499129519563,strong_positive,11796.0,history,effect-match-003871,0.07287805323726326,abs-same_effect_different_cause-001150,abstraction_test,0.06386915314994339,0.21210848059700527,True,abs-same_effect_different_cause-001150,abs-same_effect_different_cause-001150:m1,abs-candidate-0048891-m1,abs-candidate-0048905-m1,continue_y,0.012639212460325844,0.22933549200458536,0.3033249912951961,0.3033249912951961,-2.2548173165656222,-1.9514923252704262,True,persistence_state,28,persistence_state,0.0,0.46236270666122437
2302,same_effect_different_cause,abs-candidate-0052629,abs-candidate-0052377,information_sampling,0.1575688848206691,0.0,0.0,0.0,8.881784197001252e-16,0.23044693805793237,0.0,0.23044693805793237,near_zero,,continuation_cost,effect-match-003871,0.07287805323726326,abs-same_effect_different_cause-001151,abstraction_test,0.06386915314994339,0.21210848059700527,True,abs-same_effect_different_cause-001151,abs-same_effect_different_cause-001151:m0,abs-candidate-0052629-m0,abs-candidate-0052377-m0,continue_x,0.0,0.0,8.881784197001252e-16,0.23044693805793237,-2.6465518691422663,-2.416104931084334,True,persistence_state,28,persistence_state,0.0,0.014801101759076118
2303,same_effect_different_cause,abs-candidate-0052629,abs-candidate-0052377,information_sampling,0.1575688848206691,0.0,0.0,0.0,8.881784197001252e-16,0.23044693805793237,0.0,0.23044693805793237,near_zero,,continuation_cost,effect-match-003871,0.07287805323726326,abs-same_effect_different_cause-001151,abstraction_test,0.06386915314994339,0.21210848059700527,True,abs-same_effect_different_cause-001151,abs-same_effect_different_cause-001151:m1,abs-candidate-0052629-m1,abs-candidate-0052377-m1,continue_y,0.0,0.0,4.440892098500626e-16,0.23044693805793193,-2.4111747745881846,-2.1807278365302527,True,persistence_state,28,persistence_state,0.0,0.12580017745494843
2320,same_effect_different_cause,abs-candidate-0018917,abs-candidate-0018903,information_sampling,0.1575688848206689,-2.19,-2.19,-4.38,-0.30332499129519586,-0.30332499129519586,5.36438253669516,-0.30332499129519586,strong_negative,10533.0,history,effect-match-003876,0.07287805323726348,abs-same_effect_different_cause-001160,abstraction_test,0.06386915314994339,0.21210848059700527,True,abs-same_effect_different_cause-001160,abs-same_effect_different_cause-001160:m0,abs-candidate-0018917-m0,abs-candidate-0018903-m0,continue_x,-0.01263921246032762,-0.022513481801348156,-0.30332499129519586,-0.30332499129519586,-1.3475206313701846,-1.6508456226653805,True,persistence_state,28,persistence_state,-0.125,0.193208709359169
2321,same_effect_different_cause,abs-candidate-0018917,abs-candidate-0018903,information_sampling,0.1575688848206689,-2.19,-2.19,-4.38,-0.30332499129519586,-0.30332499129519586,5.36438253669516,-0.30332499129519586,strong_negative,10533.0,history,effect-match-003876,0.07287805323726348,abs-same_effect_different_cause-001160,abstraction_test,0.06386915314994339,0.21210848059700527,True,abs-same_effect_different_cause-001160,abs-same_effect_different_cause-001160:m1,abs-candidate-0018917-m1,abs-candidate-0018903-m1,continue_y,-0.012639212460327176,-0.02251348180134838,-0.30332499129519563,-0.30332499129519563,-1.1121435368161037,-1.4154685281112993,True,persistence_state,28,persistence_state,-0.125,0.21742716431617737
2322,same_effect_different_cause,abs-candidate-0052377,abs-candidate-0052629,information_sampling,0.1575688848206689,0.0,0.0,0.0,-8.881784197001252e-16,-0.23044693805793237,0.0,-0.23044693805793237,moderate_negative,,continuation_cost,effect-match-003876,0.07287805323726348,abs-same_effect_different_cause-001161,abstraction_test,0.06386915314994339,0.21210848059700527,True,abs-same_effect_different_cause-001161,abs-same_effect_different_cause-001161:m0,abs-candidate-0052377-m0,abs-candidate-0052629-m0,continue_x,0.0,0.0,-8.881784197001252e-16,-0.23044693805793237,-2.416104931084334,-2.6465518691422663,True,persistence_state,28,persistence_state,0.0,0.01469320897012949
2323,same_effect_different_cause,abs-candidate-0052377,abs-candidate-0052629,information_sampling,0.1575688848206689,0.0,0.0,0.0,-8.881784197001252e-16,-0.23044693805793237,0.0,-0.23044693805793237,moderate_negative,,continuation_cost,effect-match-003876,0.07287805323726348,abs-same_effect_different_cause-001161,abstraction_test,0.06386915314994339,0.21210848059700527,True,abs-same_effect_different_cause-001161,abs-same_effect_different_cause-001161:m1,abs-candidate-0052377-m1,abs-candidate-0052629-m1,continue_y,0.0,0.0,-4.440892098500626e-16,-0.23044693805793193,-2.1807278365302527,-2.4111747745881846,True,persistence_state,28,persistence_state,0.0,0.12529973685741425
2340,same_effect_different_cause,abs-candidate-0022879,abs-candidate-0022865,information_sampling,0.1575688848206691,-2.19,-2.19,-4.38,-0.30332499129519563,-0.30332499129519563,5.36438253669516,-0.30332499129519563,strong_negative,10701.0,history,effect-match-003881,0.07287805323726326,abs-same_effect_different_cause-001170,abstraction_test,0.06386915314994339,0.21210848059700527,True,abs-same_effect_different_cause-001170,abs-same_effect_different_cause-001170:m0,abs-candidate-0022879-m0,abs-candidate-0022865-m0,continue_x,-0.012639212460326732,-0.045078829963181466,-0.30332499129519563,-0.30332499129519563,-1.8502223098876915,-2.153547301182887,True,persistence_state,28,persistence_state,0.0,0.13782545924186707
2341,same_effect_different_cause,abs-candidate-0022879,abs-candidate-0022865,information_sampling,0.1575688848206691,-2.19,-2.19,-4.38,-0.30332499129519563,-0.30332499129519563,5.36438253669516,-0.30332499129519563,strong_negative,10701.0,history,effect-match-003881,0.07287805323726326,abs-same_effect_different_cause-001170,abstraction_test,0.06386915314994339,0.21210848059700527,True,abs-same_effect_different_cause-001170,abs-same_effect_different_cause-001170:m1,abs-candidate-0022879-m1,abs-candidate-0022865-m1,continue_y,-0.012639212460326732,-0.04507882996318191,-0.30332499129519563,-0.30332499129519563,-1.6148452153336101,-1.9181702066288058,True,persistence_state,28,persistence_state,0.0,0.045115869492292404
2342,same_effect_different_cause,abs-candidate-0052377,abs-candidate-0052629,information_sampling,0.1575688848206691,0.0,0.0,0.0,-8.881784197001252e-16,-0.23044693805793237,0.0,-0.23044693805793237,moderate_negative,,continuation_cost,effect-match-003881,0.07287805323726326,abs-same_effect_different_cause-001171,abstraction_test,0.06386915314994339,0.21210848059700527,True,abs-same_effect_different_cause-001171,abs-same_effect_different_cause-001171:m0,abs-candidate-0052377-m0,abs-candidate-0052629-m0,continue_x,0.0,0.0,-8.881784197001252e-16,-0.23044693805793237,-2.416104931084334,-2.6465518691422663,True,persistence_state,28,persistence_state,0.0,0.01469320897012949
2343,same_effect_different_cause,abs-candidate-0052377,abs-candidate-0052629,information_sampling,0.1575688848206691,0.0,0.0,0.0,-8.881784197001252e-16,-0.23044693805793237,0.0,-0.23044693805793237,moderate_negative,,continuation_cost,effect-match-003881,0.07287805323726326,abs-same_effect_different_cause-001171,abstraction_test,0.06386915314994339,0.21210848059700527,True,abs-same_effect_different_cause-001171,abs-same_effect_different_cause-001171:m1,abs-candidate-0052377-m1,abs-candidate-0052629-m1,continue_y,0.0,0.0,-4.440892098500626e-16,-0.23044693805793193,-2.1807278365302527,-2.4111747745881846,True,persistence_state,28,persistence_state,0.0,0.12529973685741425
2360,same_effect_different_cause,abs-candidate-0023943,abs-candidate-0023957,information_sampling,0.1575688848206691,2.19,2.19,4.38,0.30332499129519563,0.30332499129519563,5.36438253669516,0.30332499129519563,strong_positive,10716.0,history,effect-match-003886,0.07287805323726326,abs-same_effect_different_cause-001180,abstraction_test,0.06386915314994339,0.21210848059700527,True,abs-same_effect_different_cause-001180,abs-same_effect_different_cause-001180:m0,abs-candidate-0023943-m0,abs-candidate-0023957-m0,continue_x,0.012639212460326732,0.022513481801349933,0.30332499129519563,0.30332499129519563,-2.261623770225279,-1.9582987789300832,True,persistence_state,28,persistence_state,0.125,0.742068886756897
2361,same_effect_different_cause,abs-candidate-0023943,abs-candidate-0023957,information_sampling,0.1575688848206691,2.19,2.19,4.38,0.30332499129519563,0.30332499129519563,5.36438253669516,0.30332499129519563,strong_positive,10716.0,history,effect-match-003886,0.07287805323726326,abs-same_effect_different_cause-001180,abstraction_test,0.06386915314994339,0.21210848059700527,True,abs-same_effect_different_cause-001180,abs-same_effect_different_cause-001180:m1,abs-candidate-0023943-m1,abs-candidate-0023957-m1,continue_y,0.012639212460326732,0.02251348180134949,0.3033249912951954,0.3033249912951954,-2.026246675671198,-1.7229216843760027,True,persistence_state,28,persistence_state,0.0,0.4090486466884613
2362,same_effect_different_cause,abs-candidate-0052629,abs-candidate-0052377,information_sampling,0.1575688848206691,0.0,0.0,0.0,8.881784197001252e-16,0.23044693805793237,0.0,0.23044693805793237,moderate_positive,,continuation_cost,effect-match-003886,0.07287805323726326,abs-same_effect_different_cause-001181,abstraction_test,0.06386915314994339,0.21210848059700527,True,abs-same_effect_different_cause-001181,abs-same_effect_different_cause-001181:m0,abs-candidate-0052629-m0,abs-candidate-0052377-m0,continue_x,0.0,0.0,8.881784197001252e-16,0.23044693805793237,-2.6465518691422663,-2.416104931084334,True,persistence_state,28,persistence_state,0.0,0.014801101759076118
2363,same_effect_different_cause,abs-candidate-0052629,abs-candidate-0052377,information_sampling,0.1575688848206691,0.0,0.0,0.0,8.881784197001252e-16,0.23044693805793237,0.0,0.23044693805793237,moderate_positive,,continuation_cost,effect-match-003886,0.07287805323726326,abs-same_effect_different_cause-001181,abstraction_test,0.06386915314994339,0.21210848059700527,True,abs-same_effect_different_cause-001181,abs-same_effect_different_cause-001181:m1,abs-candidate-0052629-m1,abs-candidate-0052377-m1,continue_y,0.0,0.0,4.440892098500626e-16,0.23044693805793193,-2.4111747745881846,-2.1807278365302527,True,persistence_state,28,persistence_state,0.0,0.12580017745494843
2380,same_effect_different_cause,abs-candidate-0032455,abs-candidate-0032441,information_sampling,0.1575688848206691,-2.19,-2.19,-4.38,-0.30332499129519563,-0.30332499129519563,5.36438253669516,-0.30332499129519563,strong_negative,11101.0,history,effect-match-003891,0.07287805323726326,abs-same_effect_different_cause-001190,abstraction_test,0.06386915314994339,0.21210848059700527,True,abs-same_effect_different_cause-001190,abs-same_effect_different_cause-001190:m0,abs-candidate-0032455-m0,abs-candidate-0032441-m0,continue_x,-0.012639212460326732,-0.045078829963181466,-0.30332499129519563,-0.30332499129519563,-2.2531439464134855,-2.556468937708681,True,persistence_state,28,persistence_state,0.0,0.18567785620689392
2381,same_effect_different_cause,abs-candidate-0032455,abs-candidate-0032441,information_sampling,0.1575688848206691,-2.19,-2.19,-4.38,-0.30332499129519563,-0.30332499129519563,5.36438253669516,-0.30332499129519563,strong_negative,11101.0,history,effect-match-003891,0.07287805323726326,abs-same_effect_different_cause-001190,abstraction_test,0.06386915314994339,0.21210848059700527,True,abs-same_effect_different_cause-001190,abs-same_effect_different_cause-001190:m1,abs-candidate-0032455-m1,abs-candidate-0032441-m1,continue_y,-0.012639212460326732,-0.04507882996318102,-0.30332499129519563,-0.30332499129519563,-2.017766851859404,-2.3210918431545995,True,persistence_state,28,persistence_state,0.0,0.18927982449531555
2382,same_effect_different_cause,abs-candidate-0052377,abs-candidate-0052629,information_sampling,0.1575688848206691,0.0,0.0,0.0,-8.881784197001252e-16,-0.23044693805793237,0.0,-0.23044693805793237,moderate_negative,,continuation_cost,effect-match-003891,0.07287805323726326,abs-same_effect_different_cause-001191,abstraction_test,0.06386915314994339,0.21210848059700527,True,abs-same_effect_different_cause-001191,abs-same_effect_different_cause-001191:m0,abs-candidate-0052377-m0,abs-candidate-0052629-m0,continue_x,0.0,0.0,-8.881784197001252e-16,-0.23044693805793237,-2.416104931084334,-2.6465518691422663,True,persistence_state,28,persistence_state,0.0,0.01469320897012949
2383,same_effect_different_cause,abs-candidate-0052377,abs-candidate-0052629,information_sampling,0.1575688848206691,0.0,0.0,0.0,-8.881784197001252e-16,-0.23044693805793237,0.0,-0.23044693805793237,moderate_negative,,continuation_cost,effect-match-003891,0.07287805323726326,abs-same_effect_different_cause-001191,abstraction_test,0.06386915314994339,0.21210848059700527,True,abs-same_effect_different_cause-001191,abs-same_effect_different_cause-001191:m1,abs-candidate-0052377-m1,abs-candidate-0052629-m1,continue_y,0.0,0.0,-4.440892098500626e-16,-0.23044693805793193,-2.1807278365302527,-2.4111747745881846,True,persistence_state,28,persistence_state,0.0,0.12529973685741425
2400,same_effect_different_cause,abs-candidate-0030439,abs-candidate-0030425,information_sampling,0.1575688848206689,-2.19,-2.19,-4.38,-0.30332499129519586,-0.30332499129519586,5.36438253669516,-0.30332499129519586,strong_negative,11025.0,history,effect-match-003896,0.07287805323726348,abs-same_effect_different_cause-001200,abstraction_test,0.06386915314994339,0.21210848059700527,True,abs-same_effect_different_cause-001200,abs-same_effect_different_cause-001200:m0,abs-candidate-0030439-m0,abs-candidate-0030425-m0,continue_x,-0.012639212460326954,0.1617431802400544,-0.30332499129519586,-0.30332499129519586,-1.7401986307707051,-2.043523622065901,True,persistence_state,28,persistence_state,-0.25,0.9943135380744934
2401,same_effect_different_cause,abs-candidate-0030439,abs-candidate-0030425,information_sampling,0.1575688848206689,-2.19,-2.19,-4.38,-0.30332499129519586,-0.30332499129519586,5.36438253669516,-0.30332499129519586,strong_negative,11025.0,history,effect-match-003896,0.07287805323726348,abs-same_effect_different_cause-001200,abstraction_test,0.06386915314994339,0.21210848059700527,True,abs-same_effect_different_cause-001200,abs-same_effect_different_cause-001200:m1,abs-candidate-0030439-m1,abs-candidate-0030425-m1,continue_y,-0.012639212460327176,0.16174318024005463,-0.3033249912951961,-0.3033249912951961,-1.5048215362166237,-1.8081465275118198,True,persistence_state,28,persistence_state,-0.125,0.5886393785476685
2402,same_effect_different_cause,abs-candidate-0052377,abs-candidate-0052629,information_sampling,0.1575688848206689,0.0,0.0,0.0,-8.881784197001252e-16,-0.23044693805793237,0.0,-0.23044693805793237,moderate_negative,,continuation_cost,effect-match-003896,0.07287805323726348,abs-same_effect_different_cause-001201,abstraction_test,0.06386915314994339,0.21210848059700527,True,abs-same_effect_different_cause-001201,abs-same_effect_different_cause-001201:m0,abs-candidate-0052377-m0,abs-candidate-0052629-m0,continue_x,0.0,0.0,-8.881784197001252e-16,-0.23044693805793237,-2.416104931084334,-2.6465518691422663,True,persistence_state,28,persistence_state,0.0,0.01469320897012949
2403,same_effect_different_cause,abs-candidate-0052377,abs-candidate-0052629,information_sampling,0.1575688848206689,0.0,0.0,0.0,-8.881784197001252e-16,-0.23044693805793237,0.0,-0.23044693805793237,moderate_negative,,continuation_cost,effect-match-003896,0.07287805323726348,abs-same_effect_different_cause-001201,abstraction_test,0.06386915314994339,0.21210848059700527,True,abs-same_effect_different_cause-001201,abs-same_effect_different_cause-001201:m1,abs-candidate-0052377-m1,abs-candidate-0052629-m1,continue_y,0.0,0.0,-4.440892098500626e-16,-0.23044693805793193,-2.1807278365302527,-2.4111747745881846,True,persistence_state,28,persistence_state,0.0,0.12529973685741425
2420,same_effect_different_cause,abs-candidate-0049325,abs-candidate-0049339,information_sampling,0.1575688848206691,2.19,2.19,4.38,0.30332499129519563,0.30332499129519563,5.36438253669516,0.30332499129519563,strong_positive,11852.0,history,effect-match-003901,0.07287805323726326,abs-same_effect_different_cause-001210,abstraction_test,0.06386915314994339,0.21210848059700527,True,abs-same_effect_different_cause-001210,abs-same_effect_different_cause-001210:m0,abs-candidate-0049325-m0,abs-candidate-0049339-m0,continue_x,0.012639212460327398,-0.16174318024005374,0.30332499129519563,0.30332499129519563,-1.589666650340997,-1.2863416590458014,True,persistence_state,28,persistence_state,0.125,0.8450435400009155
2421,same_effect_different_cause,abs-candidate-0049325,abs-candidate-0049339,information_sampling,0.1575688848206691,2.19,2.19,4.38,0.30332499129519563,0.30332499129519563,5.36438253669516,0.30332499129519563,strong_positive,11852.0,history,effect-match-003901,0.07287805323726326,abs-same_effect_different_cause-001210,abstraction_test,0.06386915314994339,0.21210848059700527,True,abs-same_effect_different_cause-001210,abs-same_effect_different_cause-001210:m1,abs-candidate-0049325-m1,abs-candidate-0049339-m1,continue_y,0.012639212460327176,-0.16174318024005419,0.30332499129519586,0.30332499129519586,-1.354289555786916,-1.05096456449172,True,persistence_state,28,persistence_state,0.0,0.29295384883880615
2422,same_effect_different_cause,abs-candidate-0052629,abs-candidate-0052377,information_sampling,0.1575688848206691,0.0,0.0,0.0,8.881784197001252e-16,0.23044693805793237,0.0,0.23044693805793237,moderate_positive,,continuation_cost,effect-match-003901,0.07287805323726326,abs-same_effect_different_cause-001211,abstraction_test,0.06386915314994339,0.21210848059700527,True,abs-same_effect_different_cause-001211,abs-same_effect_different_cause-001211:m0,abs-candidate-0052629-m0,abs-candidate-0052377-m0,continue_x,0.0,0.0,8.881784197001252e-16,0.23044693805793237,-2.6465518691422663,-2.416104931084334,True,persistence_state,28,persistence_state,0.0,0.014801101759076118
2423,same_effect_different_cause,abs-candidate-0052629,abs-candidate-0052377,information_sampling,0.1575688848206691,0.0,0.0,0.0,8.881784197001252e-16,0.23044693805793237,0.0,0.23044693805793237,moderate_positive,,continuation_cost,effect-match-003901,0.07287805323726326,abs-same_effect_different_cause-001211,abstraction_test,0.06386915314994339,0.21210848059700527,True,abs-same_effect_different_cause-001211,abs-same_effect_different_cause-001211:m1,abs-candidate-0052629-m1,abs-candidate-0052377-m1,continue_y,0.0,0.0,4.440892098500626e-16,0.23044693805793193,-2.4111747745881846,-2.1807278365302527,True,persistence_state,28,persistence_state,0.0,0.12580017745494843
2440,same_effect_different_cause,abs-candidate-0012113,abs-candidate-0012099,information_sampling,0.1575688848206691,-2.19,-2.19,-4.38,-0.30332499129519563,-0.30332499129519563,5.36438253669516,-0.30332499129519563,strong_negative,10209.0,history,effect-match-003906,0.07287805323726326,abs-same_effect_different_cause-001220,abstraction_test,0.06386915314994339,0.21210848059700527,True,abs-same_effect_different_cause-001220,abs-same_effect_different_cause-001220:m0,abs-candidate-0012113-m0,abs-candidate-0012099-m0,continue_x,-0.012639212460327176,-0.04507882996318191,-0.30332499129519563,-0.30332499129519563,-1.7002912171424556,-2.003616208437651,True,persistence_state,28,persistence_state,0.0,0.006042048335075378
2441,same_effect_different_cause,abs-candidate-0012113,abs-candidate-0012099,information_sampling,0.1575688848206691,-2.19,-2.19,-4.38,-0.30332499129519563,-0.30332499129519563,5.36438253669516,-0.30332499129519563,strong_negative,10209.0,history,effect-match-003906,0.07287805323726326,abs-same_effect_different_cause-001220,abstraction_test,0.06386915314994339,0.21210848059700527,True,abs-same_effect_different_cause-001220,abs-same_effect_different_cause-001220:m1,abs-candidate-0012113-m1,abs-candidate-0012099-m1,continue_y,-0.012639212460327398,-0.045078829963181466,-0.30332499129519563,-0.30332499129519563,-1.4649141225883744,-1.76823911388357,True,persistence_state,28,persistence_state,0.125,0.01794886402785778
2442,same_effect_different_cause,abs-candidate-0052377,abs-candidate-0052629,information_sampling,0.1575688848206691,0.0,0.0,0.0,-8.881784197001252e-16,-0.23044693805793237,0.0,-0.23044693805793237,moderate_negative,,continuation_cost,effect-match-003906,0.07287805323726326,abs-same_effect_different_cause-001221,abstraction_test,0.06386915314994339,0.21210848059700527,True,abs-same_effect_different_cause-001221,abs-same_effect_different_cause-001221:m0,abs-candidate-0052377-m0,abs-candidate-0052629-m0,continue_x,0.0,0.0,-8.881784197001252e-16,-0.23044693805793237,-2.416104931084334,-2.6465518691422663,True,persistence_state,28,persistence_state,0.0,0.01469320897012949
2443,same_effect_different_cause,abs-candidate-0052377,abs-candidate-0052629,information_sampling,0.1575688848206691,0.0,0.0,0.0,-8.881784197001252e-16,-0.23044693805793237,0.0,-0.23044693805793237,moderate_negative,,continuation_cost,effect-match-003906,0.07287805323726326,abs-same_effect_different_cause-001221,abstraction_test,0.06386915314994339,0.21210848059700527,True,abs-same_effect_different_cause-001221,abs-same_effect_different_cause-001221:m1,abs-candidate-0052377-m1,abs-candidate-0052629-m1,continue_y,0.0,0.0,-4.440892098500626e-16,-0.23044693805793193,-2.1807278365302527,-2.4111747745881846,True,persistence_state,28,persistence_state,0.0,0.12529973685741425
2460,same_effect_different_cause,abs-candidate-0007577,abs-candidate-0007563,information_sampling,0.1575688848206691,-2.19,-2.19,-4.38,-0.30332499129519563,-0.30332499129519563,5.36438253669516,-0.30332499129519563,strong_negative,9993.0,history,effect-match-003911,0.07287805323726326,abs-same_effect_different_cause-001230,abstraction_test,0.06386915314994339,0.21210848059700527,True,abs-same_effect_different_cause-001230,abs-same_effect_different_cause-001230:m0,abs-candidate-0007577-m0,abs-candidate-0007563-m0,continue_x,-0.012639212460326288,-0.022513481801349933,-0.30332499129519563,-0.30332499129519563,-1.7171285726563852,-2.020453563951581,True,persistence_state,28,persistence_state,0.0,0.12043429911136627
2461,same_effect_different_cause,abs-candidate-0007577,abs-candidate-0007563,information_sampling,0.1575688848206691,-2.19,-2.19,-4.38,-0.30332499129519563,-0.30332499129519563,5.36438253669516,-0.30332499129519563,strong_negative,9993.0,history,effect-match-003911,0.07287805323726326,abs-same_effect_different_cause-001230,abstraction_test,0.06386915314994339,0.21210848059700527,True,abs-same_effect_different_cause-001230,abs-same_effect_different_cause-001230:m1,abs-candidate-0007577-m1,abs-candidate-0007563-m1,continue_y,-0.012639212460326066,-0.02251348180134949,-0.3033249912951954,-0.3033249912951954,-1.4817514781023042,-1.7850764693974996,True,persistence_state,28,persistence_state,0.0,0.07899123430252075
2462,same_effect_different_cause,abs-candidate-0052377,abs-candidate-0052629,information_sampling,0.1575688848206691,0.0,0.0,0.0,-8.881784197001252e-16,-0.23044693805793237,0.0,-0.23044693805793237,moderate_negative,,continuation_cost,effect-match-003911,0.07287805323726326,abs-same_effect_different_cause-001231,abstraction_test,0.06386915314994339,0.21210848059700527,True,abs-same_effect_different_cause-001231,abs-same_effect_different_cause-001231:m0,abs-candidate-0052377-m0,abs-candidate-0052629-m0,continue_x,0.0,0.0,-8.881784197001252e-16,-0.23044693805793237,-2.416104931084334,-2.6465518691422663,True,persistence_state,28,persistence_state,0.0,0.01469320897012949
2463,same_effect_different_cause,abs-candidate-0052377,abs-candidate-0052629,information_sampling,0.1575688848206691,0.0,0.0,0.0,-8.881784197001252e-16,-0.23044693805793237,0.0,-0.23044693805793237,moderate_negative,,continuation_cost,effect-match-003911,0.07287805323726326,abs-same_effect_different_cause-001231,abstraction_test,0.06386915314994339,0.21210848059700527,True,abs-same_effect_different_cause-001231,abs-same_effect_different_cause-001231:m1,abs-candidate-0052377-m1,abs-candidate-0052629-m1,continue_y,0.0,0.0,-4.440892098500626e-16,-0.23044693805793193,-2.1807278365302527,-2.4111747745881846,True,persistence_state,28,persistence_state,0.0,0.12529973685741425
2480,same_effect_different_cause,abs-candidate-0043025,abs-candidate-0043039,information_sampling,0.1575688848206691,2.19,2.19,4.38,0.30332499129519563,0.30332499129519563,5.36438253669516,0.30332499129519563,strong_positive,11568.0,history,effect-match-003916,0.07287805323726326,abs-same_effect_different_cause-001240,abstraction_test,0.06386915314994339,0.21210848059700527,True,abs-same_effect_different_cause-001240,abs-same_effect_different_cause-001240:m0,abs-candidate-0043025-m0,abs-candidate-0043039-m0,continue_x,0.012639212460328064,0.22933549200458425,0.30332499129519563,0.30332499129519563,-1.965782064457139,-1.6624570731619435,True,persistence_state,28,persistence_state,0.25,0.7119337916374207
2481,same_effect_different_cause,abs-candidate-0043025,abs-candidate-0043039,information_sampling,0.1575688848206691,2.19,2.19,4.38,0.30332499129519563,0.30332499129519563,5.36438253669516,0.30332499129519563,strong_positive,11568.0,history,effect-match-003916,0.07287805323726326,abs-same_effect_different_cause-001240,abstraction_test,0.06386915314994339,0.21210848059700527,True,abs-same_effect_different_cause-001240,abs-same_effect_different_cause-001240:m1,abs-candidate-0043025-m1,abs-candidate-0043039-m1,continue_y,0.012639212460327842,0.22933549200458447,0.30332499129519586,0.30332499129519586,-1.7304049699030581,-1.4270799786078623,True,persistence_state,28,persistence_state,0.0,0.33353710174560547
2482,same_effect_different_cause,abs-candidate-0052629,abs-candidate-0052377,information_sampling,0.1575688848206691,0.0,0.0,0.0,8.881784197001252e-16,0.23044693805793237,0.0,0.23044693805793237,moderate_positive,,continuation_cost,effect-match-003916,0.07287805323726326,abs-same_effect_different_cause-001241,abstraction_test,0.06386915314994339,0.21210848059700527,True,abs-same_effect_different_cause-001241,abs-same_effect_different_cause-001241:m0,abs-candidate-0052629-m0,abs-candidate-0052377-m0,continue_x,0.0,0.0,8.881784197001252e-16,0.23044693805793237,-2.6465518691422663,-2.416104931084334,True,persistence_state,28,persistence_state,0.0,0.014801101759076118
2483,same_effect_different_cause,abs-candidate-0052629,abs-candidate-0052377,information_sampling,0.1575688848206691,0.0,0.0,0.0,8.881784197001252e-16,0.23044693805793237,0.0,0.23044693805793237,moderate_positive,,continuation_cost,effect-match-003916,0.07287805323726326,abs-same_effect_different_cause-001241,abstraction_test,0.06386915314994339,0.21210848059700527,True,abs-same_effect_different_cause-001241,abs-same_effect_different_cause-001241:m1,abs-candidate-0052629-m1,abs-candidate-0052377-m1,continue_y,0.0,0.0,4.440892098500626e-16,0.23044693805793193,-2.4111747745881846,-2.1807278365302527,True,persistence_state,28,persistence_state,0.0,0.12580017745494843
2500,same_effect_different_cause,abs-candidate-0002523,abs-candidate-0002537,information_sampling,0.1575688848206691,2.19,2.19,4.38,0.30332499129519563,0.30332499129519563,5.36438253669516,0.30332499129519563,strong_positive,9742.0,history,effect-match-003921,0.07287805323726326,abs-same_effect_different_cause-001250,abstraction_test,0.06386915314994339,0.21210848059700527,True,abs-same_effect_different_cause-001250,abs-same_effect_different_cause-001250:m0,abs-candidate-0002523-m0,abs-candidate-0002537-m0,continue_x,0.012639212460326732,0.22933549200458447,0.30332499129519563,0.30332499129519563,-2.3753338131670723,-2.0720088218718766,True,persistence_state,28,persistence_state,0.125,0.3439933657646179
2501,same_effect_different_cause,abs-candidate-0002523,abs-candidate-0002537,information_sampling,0.1575688848206691,2.19,2.19,4.38,0.30332499129519563,0.30332499129519563,5.36438253669516,0.30332499129519563,strong_positive,9742.0,history,effect-match-003921,0.07287805323726326,abs-same_effect_different_cause-001250,abstraction_test,0.06386915314994339,0.21210848059700527,True,abs-same_effect_different_cause-001250,abs-same_effect_different_cause-001250:m1,abs-candidate-0002523-m1,abs-candidate-0002537-m1,continue_y,0.01263921246032651,0.22933549200458514,0.3033249912951961,0.3033249912951961,-2.1399567186129915,-1.8366317273177954,True,persistence_state,28,persistence_state,0.0,0.2868081033229828
2502,same_effect_different_cause,abs-candidate-0052629,abs-candidate-0052377,information_sampling,0.1575688848206691,0.0,0.0,0.0,8.881784197001252e-16,0.23044693805793237,0.0,0.23044693805793237,moderate_positive,,continuation_cost,effect-match-003921,0.07287805323726326,abs-same_effect_different_cause-001251,abstraction_test,0.06386915314994339,0.21210848059700527,True,abs-same_effect_different_cause-001251,abs-same_effect_different_cause-001251:m0,abs-candidate-0052629-m0,abs-candidate-0052377-m0,continue_x,0.0,0.0,8.881784197001252e-16,0.23044693805793237,-2.6465518691422663,-2.416104931084334,True,persistence_state,28,persistence_state,0.0,0.014801101759076118
2503,same_effect_different_cause,abs-candidate-0052629,abs-candidate-0052377,information_sampling,0.1575688848206691,0.0,0.0,0.0,8.881784197001252e-16,0.23044693805793237,0.0,0.23044693805793237,moderate_positive,,continuation_cost,effect-match-003921,0.07287805323726326,abs-same_effect_different_cause-001251,abstraction_test,0.06386915314994339,0.21210848059700527,True,abs-same_effect_different_cause-001251,abs-same_effect_different_cause-001251:m1,abs-candidate-0052629-m1,abs-candidate-0052377-m1,continue_y,0.0,0.0,4.440892098500626e-16,0.23044693805793193,-2.4111747745881846,-2.1807278365302527,True,persistence_state,28,persistence_state,0.0,0.12580017745494843
2520,same_effect_different_cause,abs-candidate-0050081,abs-candidate-0050095,information_sampling,0.1575688848206691,2.19,2.19,4.38,0.30332499129519563,0.30332499129519563,5.36438253669516,0.30332499129519563,strong_positive,11888.0,history,effect-match-003926,0.07287805323726326,abs-same_effect_different_cause-001260,abstraction_test,0.06386915314994339,0.21210848059700527,True,abs-same_effect_different_cause-001260,abs-same_effect_different_cause-001260:m0,abs-candidate-0050081-m0,abs-candidate-0050095-m0,continue_x,0.01263921246032651,0.045078829963181466,0.30332499129519563,0.30332499129519563,-1.9611148379504362,-1.6577898466552405,True,persistence_state,28,persistence_state,-0.125,0.014605116099119186
2521,same_effect_different_cause,abs-candidate-0050081,abs-candidate-0050095,information_sampling,0.1575688848206691,2.19,2.19,4.38,0.30332499129519563,0.30332499129519563,5.36438253669516,0.30332499129519563,strong_positive,11888.0,history,effect-match-003926,0.07287805323726326,abs-same_effect_different_cause-001260,abstraction_test,0.06386915314994339,0.21210848059700527,True,abs-same_effect_different_cause-001260,abs-same_effect_different_cause-001260:m1,abs-candidate-0050081-m1,abs-candidate-0050095-m1,continue_y,0.012639212460326732,0.045078829963181466,0.30332499129519563,0.30332499129519563,-1.7257377433963546,-1.422412752101159,True,persistence_state,28,persistence_state,0.0,0.08900367468595505
2522,same_effect_different_cause,abs-candidate-0052629,abs-candidate-0052377,information_sampling,0.1575688848206691,0.0,0.0,0.0,8.881784197001252e-16,0.23044693805793237,0.0,0.23044693805793237,moderate_positive,,continuation_cost,effect-match-003926,0.07287805323726326,abs-same_effect_different_cause-001261,abstraction_test,0.06386915314994339,0.21210848059700527,True,abs-same_effect_different_cause-001261,abs-same_effect_different_cause-001261:m0,abs-candidate-0052629-m0,abs-candidate-0052377-m0,continue_x,0.0,0.0,8.881784197001252e-16,0.23044693805793237,-2.6465518691422663,-2.416104931084334,True,persistence_state,28,persistence_state,0.0,0.014801101759076118
2523,same_effect_different_cause,abs-candidate-0052629,abs-candidate-0052377,information_sampling,0.1575688848206691,0.0,0.0,0.0,8.881784197001252e-16,0.23044693805793237,0.0,0.23044693805793237,moderate_positive,,continuation_cost,effect-match-003926,0.07287805323726326,abs-same_effect_different_cause-001261,abstraction_test,0.06386915314994339,0.21210848059700527,True,abs-same_effect_different_cause-001261,abs-same_effect_different_cause-001261:m1,abs-candidate-0052629-m1,abs-candidate-0052377-m1,continue_y,0.0,0.0,4.440892098500626e-16,0.23044693805793193,-2.4111747745881846,-2.1807278365302527,True,persistence_state,28,persistence_state,0.0,0.12580017745494843
2540,same_effect_different_cause,abs-candidate-0042605,abs-candidate-0042591,information_sampling,0.1575688848206689,-2.19,-2.19,-4.38,-0.30332499129519586,-0.30332499129519586,5.36438253669516,-0.30332499129519586,strong_negative,11543.0,history,effect-match-003931,0.07287805323726348,abs-same_effect_different_cause-001270,abstraction_test,0.06386915314994339,0.21210848059700527,True,abs-same_effect_different_cause-001270,abs-same_effect_different_cause-001270:m0,abs-candidate-0042605-m0,abs-candidate-0042591-m0,continue_x,-0.012639212460327176,-0.22933549200458536,-0.30332499129519586,-0.30332499129519586,-1.438655452955892,-1.7419804442510878,True,persistence_state,28,persistence_state,-0.125,0.5815514922142029
2541,same_effect_different_cause,abs-candidate-0042605,abs-candidate-0042591,information_sampling,0.1575688848206689,-2.19,-2.19,-4.38,-0.30332499129519586,-0.30332499129519586,5.36438253669516,-0.30332499129519586,strong_negative,11543.0,history,effect-match-003931,0.07287805323726348,abs-same_effect_different_cause-001270,abstraction_test,0.06386915314994339,0.21210848059700527,True,abs-same_effect_different_cause-001270,abs-same_effect_different_cause-001270:m1,abs-candidate-0042605-m1,abs-candidate-0042591-m1,continue_y,-0.012639212460327398,-0.22933549200458492,-0.3033249912951961,-0.3033249912951961,-1.2032783584018105,-1.5066033496970066,True,persistence_state,28,persistence_state,0.0,0.3048962950706482
2542,same_effect_different_cause,abs-candidate-0052377,abs-candidate-0052629,information_sampling,0.1575688848206689,0.0,0.0,0.0,-8.881784197001252e-16,-0.23044693805793237,0.0,-0.23044693805793237,near_zero,,continuation_cost,effect-match-003931,0.07287805323726348,abs-same_effect_different_cause-001271,abstraction_test,0.06386915314994339,0.21210848059700527,True,abs-same_effect_different_cause-001271,abs-same_effect_different_cause-001271:m0,abs-candidate-0052377-m0,abs-candidate-0052629-m0,continue_x,0.0,0.0,-8.881784197001252e-16,-0.23044693805793237,-2.416104931084334,-2.6465518691422663,True,persistence_state,28,persistence_state,0.0,0.01469320897012949
2543,same_effect_different_cause,abs-candidate-0052377,abs-candidate-0052629,information_sampling,0.1575688848206689,0.0,0.0,0.0,-8.881784197001252e-16,-0.23044693805793237,0.0,-0.23044693805793237,near_zero,,continuation_cost,effect-match-003931,0.07287805323726348,abs-same_effect_different_cause-001271,abstraction_test,0.06386915314994339,0.21210848059700527,True,abs-same_effect_different_cause-001271,abs-same_effect_different_cause-001271:m1,abs-candidate-0052377-m1,abs-candidate-0052629-m1,continue_y,0.0,0.0,-4.440892098500626e-16,-0.23044693805793193,-2.1807278365302527,-2.4111747745881846,True,persistence_state,28,persistence_state,0.0,0.12529973685741425
2560,same_effect_different_cause,abs-candidate-0006737,abs-candidate-0006751,information_sampling,0.1575688848206689,2.19,2.19,4.38,0.30332499129519586,0.30332499129519586,5.36438253669516,0.30332499129519586,strong_positive,9948.0,history,effect-match-003936,0.07287805323726348,abs-same_effect_different_cause-001280,abstraction_test,0.06386915314994339,0.21210848059700527,True,abs-same_effect_different_cause-001280,abs-same_effect_different_cause-001280:m0,abs-candidate-0006737-m0,abs-candidate-0006751-m0,continue_x,0.012639212460327176,-0.16174318024005485,0.30332499129519586,0.30332499129519586,-2.248908841327932,-1.945583850032736,True,persistence_state,28,persistence_state,0.25,0.7696839570999146
2561,same_effect_different_cause,abs-candidate-0006737,abs-candidate-0006751,information_sampling,0.1575688848206689,2.19,2.19,4.38,0.30332499129519586,0.30332499129519586,5.36438253669516,0.30332499129519586,strong_positive,9948.0,history,effect-match-003936,0.07287805323726348,abs-same_effect_different_cause-001280,abstraction_test,0.06386915314994339,0.21210848059700527,True,abs-same_effect_different_cause-001280,abs-same_effect_different_cause-001280:m1,abs-candidate-0006737-m1,abs-candidate-0006751-m1,continue_y,0.01263921246032762,-0.16174318024005507,0.3033249912951961,0.3033249912951961,-2.0135317467738507,-1.7102067554786546,True,persistence_state,28,persistence_state,0.0,0.5380786061286926
2562,same_effect_different_cause,abs-candidate-0052629,abs-candidate-0052377,information_sampling,0.1575688848206689,0.0,0.0,0.0,8.881784197001252e-16,0.23044693805793237,0.0,0.23044693805793237,moderate_positive,,continuation_cost,effect-match-003936,0.07287805323726348,abs-same_effect_different_cause-001281,abstraction_test,0.06386915314994339,0.21210848059700527,True,abs-same_effect_different_cause-001281,abs-same_effect_different_cause-001281:m0,abs-candidate-0052629-m0,abs-candidate-0052377-m0,continue_x,0.0,0.0,8.881784197001252e-16,0.23044693805793237,-2.6465518691422663,-2.416104931084334,True,persistence_state,28,persistence_state,0.0,0.014801101759076118
2563,same_effect_different_cause,abs-candidate-0052629,abs-candidate-0052377,information_sampling,0.1575688848206689,0.0,0.0,0.0,8.881784197001252e-16,0.23044693805793237,0.0,0.23044693805793237,moderate_positive,,continuation_cost,effect-match-003936,0.07287805323726348,abs-same_effect_different_cause-001281,abstraction_test,0.06386915314994339,0.21210848059700527,True,abs-same_effect_different_cause-001281,abs-same_effect_different_cause-001281:m1,abs-candidate-0052629-m1,abs-candidate-0052377-m1,continue_y,0.0,0.0,4.440892098500626e-16,0.23044693805793193,-2.4111747745881846,-2.1807278365302527,True,persistence_state,28,persistence_state,0.0,0.12580017745494843
2580,same_effect_different_cause,abs-candidate-0046889,abs-candidate-0046875,information_sampling,0.1575688848206691,-2.19,-2.19,-4.38,-0.30332499129519563,-0.30332499129519563,5.36438253669516,-0.30332499129519563,strong_negative,11721.0,history,effect-match-003941,0.07287805323726326,abs-same_effect_different_cause-001290,abstraction_test,0.06386915314994339,0.21210848059700527,True,abs-same_effect_different_cause-001290,abs-same_effect_different_cause-001290:m0,abs-candidate-0046889-m0,abs-candidate-0046875-m0,continue_x,-0.012639212460326954,0.1617431802400544,-0.30332499129519563,-0.30332499129519563,-1.5947317895219764,-1.898056780817172,True,persistence_state,28,persistence_state,-0.125,0.502973735332489
2581,same_effect_different_cause,abs-candidate-0046889,abs-candidate-0046875,information_sampling,0.1575688848206691,-2.19,-2.19,-4.38,-0.30332499129519563,-0.30332499129519563,5.36438253669516,-0.30332499129519563,strong_negative,11721.0,history,effect-match-003941,0.07287805323726326,abs-same_effect_different_cause-001290,abstraction_test,0.06386915314994339,0.21210848059700527,True,abs-same_effect_different_cause-001290,abs-same_effect_different_cause-001290:m1,abs-candidate-0046889-m1,abs-candidate-0046875-m1,continue_y,-0.012639212460327398,0.16174318024005419,-0.30332499129519586,-0.30332499129519586,-1.3593546949678952,-1.662679686263091,True,persistence_state,28,persistence_state,0.125,0.3234284222126007
2582,same_effect_different_cause,abs-candidate-0052377,abs-candidate-0052629,information_sampling,0.1575688848206691,0.0,0.0,0.0,-8.881784197001252e-16,-0.23044693805793237,0.0,-0.23044693805793237,near_zero,,continuation_cost,effect-match-003941,0.07287805323726326,abs-same_effect_different_cause-001291,abstraction_test,0.06386915314994339,0.21210848059700527,True,abs-same_effect_different_cause-001291,abs-same_effect_different_cause-001291:m0,abs-candidate-0052377-m0,abs-candidate-0052629-m0,continue_x,0.0,0.0,-8.881784197001252e-16,-0.23044693805793237,-2.416104931084334,-2.6465518691422663,True,persistence_state,28,persistence_state,0.0,0.01469320897012949
2583,same_effect_different_cause,abs-candidate-0052377,abs-candidate-0052629,information_sampling,0.1575688848206691,0.0,0.0,0.0,-8.881784197001252e-16,-0.23044693805793237,0.0,-0.23044693805793237,near_zero,,continuation_cost,effect-match-003941,0.07287805323726326,abs-same_effect_different_cause-001291,abstraction_test,0.06386915314994339,0.21210848059700527,True,abs-same_effect_different_cause-001291,abs-same_effect_different_cause-001291:m1,abs-candidate-0052377-m1,abs-candidate-0052629-m1,continue_y,0.0,0.0,-4.440892098500626e-16,-0.23044693805793193,-2.1807278365302527,-2.4111747745881846,True,persistence_state,28,persistence_state,0.0,0.12529973685741425
2600,same_effect_different_cause,abs-candidate-0037551,abs-candidate-0037565,information_sampling,0.1575688848206689,2.19,2.19,4.38,0.30332499129519586,0.30332499129519586,5.36438253669516,0.30332499129519586,strong_positive,11328.0,history,effect-match-003946,0.07287805323726348,abs-same_effect_different_cause-001300,abstraction_test,0.06386915314994339,0.21210848059700527,True,abs-same_effect_different_cause-001300,abs-same_effect_different_cause-001300:m0,abs-candidate-0037551-m0,abs-candidate-0037565-m0,continue_x,0.012639212460327176,0.0225134818013486,0.30332499129519586,0.30332499129519586,-2.195515889308094,-1.8921908980128983,True,persistence_state,28,persistence_state,0.125,0.20195616781711578
2601,same_effect_different_cause,abs-candidate-0037551,abs-candidate-0037565,information_sampling,0.1575688848206689,2.19,2.19,4.38,0.30332499129519586,0.30332499129519586,5.36438253669516,0.30332499129519586,strong_positive,11328.0,history,effect-match-003946,0.07287805323726348,abs-same_effect_different_cause-001300,abstraction_test,0.06386915314994339,0.21210848059700527,True,abs-same_effect_different_cause-001300,abs-same_effect_different_cause-001300:m1,abs-candidate-0037551-m1,abs-candidate-0037565-m1,continue_y,0.012639212460327842,0.022513481801348822,0.3033249912951961,0.3033249912951961,-1.960138794754013,-1.656813803458817,True,persistence_state,28,persistence_state,0.0,0.24420511722564697
2602,same_effect_different_cause,abs-candidate-0052629,abs-candidate-0052377,information_sampling,0.1575688848206689,0.0,0.0,0.0,8.881784197001252e-16,0.23044693805793237,0.0,0.23044693805793237,moderate_positive,,continuation_cost,effect-match-003946,0.07287805323726348,abs-same_effect_different_cause-001301,abstraction_test,0.06386915314994339,0.21210848059700527,True,abs-same_effect_different_cause-001301,abs-same_effect_different_cause-001301:m0,abs-candidate-0052629-m0,abs-candidate-0052377-m0,continue_x,0.0,0.0,8.881784197001252e-16,0.23044693805793237,-2.6465518691422663,-2.416104931084334,True,persistence_state,28,persistence_state,0.0,0.014801101759076118
2603,same_effect_different_cause,abs-candidate-0052629,abs-candidate-0052377,information_sampling,0.1575688848206689,0.0,0.0,0.0,8.881784197001252e-16,0.23044693805793237,0.0,0.23044693805793237,moderate_positive,,continuation_cost,effect-match-003946,0.07287805323726348,abs-same_effect_different_cause-001301,abstraction_test,0.06386915314994339,0.21210848059700527,True,abs-same_effect_different_cause-001301,abs-same_effect_different_cause-001301:m1,abs-candidate-0052629-m1,abs-candidate-0052377-m1,continue_y,0.0,0.0,4.440892098500626e-16,0.23044693805793193,-2.4111747745881846,-2.1807278365302527,True,persistence_state,28,persistence_state,0.0,0.12580017745494843
2620,same_effect_different_cause,abs-candidate-0000941,abs-candidate-0000955,information_sampling,0.1575688848206691,2.19,2.19,4.38,0.30332499129519563,0.30332499129519563,5.36438253669516,0.30332499129519563,strong_positive,9692.0,history,effect-match-003951,0.07287805323726326,abs-same_effect_different_cause-001310,abstraction_test,0.06386915314994339,0.21210848059700527,True,abs-same_effect_different_cause-001310,abs-same_effect_different_cause-001310:m0,abs-candidate-0000941-m0,abs-candidate-0000955-m0,continue_x,0.012639212460327398,0.22933549200458447,0.30332499129519563,0.30332499129519563,-1.4447015507683625,-1.1413765594731669,True,persistence_state,28,persistence_state,0.25,0.933982789516449
2621,same_effect_different_cause,abs-candidate-0000941,abs-candidate-0000955,information_sampling,0.1575688848206691,2.19,2.19,4.38,0.30332499129519563,0.30332499129519563,5.36438253669516,0.30332499129519563,strong_positive,9692.0,history,effect-match-003951,0.07287805323726326,abs-same_effect_different_cause-001310,abstraction_test,0.06386915314994339,0.21210848059700527,True,abs-same_effect_different_cause-001310,abs-same_effect_different_cause-001310:m1,abs-candidate-0000941-m1,abs-candidate-0000955-m1,continue_y,0.01263921246032762,0.22933549200458436,0.30332499129519574,0.30332499129519574,-1.2093244562142813,-0.9059994649190856,True,persistence_state,28,persistence_state,-0.125,0.45517995953559875
2622,same_effect_different_cause,abs-candidate-0052629,abs-candidate-0052377,information_sampling,0.1575688848206691,0.0,0.0,0.0,8.881784197001252e-16,0.23044693805793237,0.0,0.23044693805793237,moderate_positive,,continuation_cost,effect-match-003951,0.07287805323726326,abs-same_effect_different_cause-001311,abstraction_test,0.06386915314994339,0.21210848059700527,True,abs-same_effect_different_cause-001311,abs-same_effect_different_cause-001311:m0,abs-candidate-0052629-m0,abs-candidate-0052377-m0,continue_x,0.0,0.0,8.881784197001252e-16,0.23044693805793237,-2.6465518691422663,-2.416104931084334,True,persistence_state,28,persistence_state,0.0,0.014801101759076118
2623,same_effect_different_cause,abs-candidate-0052629,abs-candidate-0052377,information_sampling,0.1575688848206691,0.0,0.0,0.0,8.881784197001252e-16,0.23044693805793237,0.0,0.23044693805793237,moderate_positive,,continuation_cost,effect-match-003951,0.07287805323726326,abs-same_effect_different_cause-001311,abstraction_test,0.06386915314994339,0.21210848059700527,True,abs-same_effect_different_cause-001311,abs-same_effect_different_cause-001311:m1,abs-candidate-0052629-m1,abs-candidate-0052377-m1,continue_y,0.0,0.0,4.440892098500626e-16,0.23044693805793193,-2.4111747745881846,-2.1807278365302527,True,persistence_state,28,persistence_state,0.0,0.12580017745494843
2640,same_effect_different_cause,abs-candidate-0043109,abs-candidate-0043095,information_sampling,0.1575688848206691,-2.19,-2.19,-4.38,-0.30332499129519563,-0.30332499129519563,5.36438253669516,-0.30332499129519563,strong_negative,11577.0,history,effect-match-003956,0.07287805323726326,abs-same_effect_different_cause-001320,abstraction_test,0.06386915314994339,0.21210848059700527,True,abs-same_effect_different_cause-001320,abs-same_effect_different_cause-001320:m0,abs-candidate-0043109-m0,abs-candidate-0043095-m0,continue_x,-0.012639212460327176,0.16174318024005307,-0.30332499129519563,-0.30332499129519563,-1.5352859839327044,-1.8386109752279,True,persistence_state,28,persistence_state,-0.25,0.7731026411056519
2641,same_effect_different_cause,abs-candidate-0043109,abs-candidate-0043095,information_sampling,0.1575688848206691,-2.19,-2.19,-4.38,-0.30332499129519563,-0.30332499129519563,5.36438253669516,-0.30332499129519563,strong_negative,11577.0,history,effect-match-003956,0.07287805323726326,abs-same_effect_different_cause-001320,abstraction_test,0.06386915314994339,0.21210848059700527,True,abs-same_effect_different_cause-001320,abs-same_effect_different_cause-001320:m1,abs-candidate-0043109-m1,abs-candidate-0043095-m1,continue_y,-0.012639212460327842,0.1617431802400533,-0.30332499129519563,-0.30332499129519563,-1.2999088893786235,-1.6032338806738191,True,persistence_state,28,persistence_state,0.0,0.3728081285953522
2642,same_effect_different_cause,abs-candidate-0052377,abs-candidate-0052629,information_sampling,0.1575688848206691,0.0,0.0,0.0,-8.881784197001252e-16,-0.23044693805793237,0.0,-0.23044693805793237,near_zero,,continuation_cost,effect-match-003956,0.07287805323726326,abs-same_effect_different_cause-001321,abstraction_test,0.06386915314994339,0.21210848059700527,True,abs-same_effect_different_cause-001321,abs-same_effect_different_cause-001321:m0,abs-candidate-0052377-m0,abs-candidate-0052629-m0,continue_x,0.0,0.0,-8.881784197001252e-16,-0.23044693805793237,-2.416104931084334,-2.6465518691422663,True,persistence_state,28,persistence_state,0.0,0.01469320897012949
2643,same_effect_different_cause,abs-candidate-0052377,abs-candidate-0052629,information_sampling,0.1575688848206691,0.0,0.0,0.0,-8.881784197001252e-16,-0.23044693805793237,0.0,-0.23044693805793237,near_zero,,continuation_cost,effect-match-003956,0.07287805323726326,abs-same_effect_different_cause-001321,abstraction_test,0.06386915314994339,0.21210848059700527,True,abs-same_effect_different_cause-001321,abs-same_effect_different_cause-001321:m1,abs-candidate-0052377-m1,abs-candidate-0052629-m1,continue_y,0.0,0.0,-4.440892098500626e-16,-0.23044693805793193,-2.1807278365302527,-2.4111747745881846,True,persistence_state,28,persistence_state,0.0,0.12529973685741425
2660,same_effect_different_cause,abs-candidate-0009271,abs-candidate-0009257,information_sampling,0.1575688848206691,-2.19,-2.19,-4.38,-0.30332499129519563,-0.30332499129519563,5.36438253669516,-0.30332499129519563,moderate_negative,10089.0,history,effect-match-003961,0.07287805323726326,abs-same_effect_different_cause-001330,abstraction_test,0.06386915314994339,0.21210848059700527,True,abs-same_effect_different_cause-001330,abs-same_effect_different_cause-001330:m0,abs-candidate-0009271-m0,abs-candidate-0009257-m0,continue_x,-0.012639212460327176,-0.0225134818013486,-0.30332499129519563,-0.30332499129519563,-1.4501876629101471,-1.7535126542053427,True,persistence_state,28,persistence_state,-0.125,0.9755641222000122
2661,same_effect_different_cause,abs-candidate-0009271,abs-candidate-0009257,information_sampling,0.1575688848206691,-2.19,-2.19,-4.38,-0.30332499129519563,-0.30332499129519563,5.36438253669516,-0.30332499129519563,moderate_negative,10089.0,history,effect-match-003961,0.07287805323726326,abs-same_effect_different_cause-001330,abstraction_test,0.06386915314994339,0.21210848059700527,True,abs-same_effect_different_cause-001330,abs-same_effect_different_cause-001330:m1,abs-candidate-0009271-m1,abs-candidate-0009257-m1,continue_y,-0.01263921246032762,-0.0225134818013486,-0.30332499129519563,-0.30332499129519563,-1.2148105683560662,-1.5181355596512618,True,persistence_state,28,persistence_state,0.125,0.4462803900241852
2662,same_effect_different_cause,abs-candidate-0052377,abs-candidate-0052629,information_sampling,0.1575688848206691,0.0,0.0,0.0,-8.881784197001252e-16,-0.23044693805793237,0.0,-0.23044693805793237,near_zero,,continuation_cost,effect-match-003961,0.07287805323726326,abs-same_effect_different_cause-001331,abstraction_test,0.06386915314994339,0.21210848059700527,True,abs-same_effect_different_cause-001331,abs-same_effect_different_cause-001331:m0,abs-candidate-0052377-m0,abs-candidate-0052629-m0,continue_x,0.0,0.0,-8.881784197001252e-16,-0.23044693805793237,-2.416104931084334,-2.6465518691422663,True,persistence_state,28,persistence_state,0.0,0.01469320897012949
2663,same_effect_different_cause,abs-candidate-0052377,abs-candidate-0052629,information_sampling,0.1575688848206691,0.0,0.0,0.0,-8.881784197001252e-16,-0.23044693805793237,0.0,-0.23044693805793237,near_zero,,continuation_cost,effect-match-003961,0.07287805323726326,abs-same_effect_different_cause-001331,abstraction_test,0.06386915314994339,0.21210848059700527,True,abs-same_effect_different_cause-001331,abs-same_effect_different_cause-001331:m1,abs-candidate-0052377-m1,abs-candidate-0052629-m1,continue_y,0.0,0.0,-4.440892098500626e-16,-0.23044693805793193,-2.1807278365302527,-2.4111747745881846,True,persistence_state,28,persistence_state,0.0,0.12529973685741425
2680,same_effect_different_cause,abs-candidate-0012295,abs-candidate-0012281,information_sampling,0.15756888482066933,-2.19,-2.19,-4.38,-0.3033249912951954,-0.3033249912951954,5.36438253669516,-0.3033249912951954,moderate_negative,10233.0,history,effect-match-003966,0.07287805323726304,abs-same_effect_different_cause-001340,abstraction_test,0.06386915314994339,0.21210848059700527,True,abs-same_effect_different_cause-001340,abs-same_effect_different_cause-001340:m0,abs-candidate-0012295-m0,abs-candidate-0012281-m0,continue_x,-0.01263921246032651,-0.045078829963181244,-0.3033249912951954,-0.3033249912951954,-1.6936458992905754,-1.9969708905857708,True,persistence_state,28,persistence_state,-0.25,0.40174755454063416
2681,same_effect_different_cause,abs-candidate-0012295,abs-candidate-0012281,information_sampling,0.15756888482066933,-2.19,-2.19,-4.38,-0.3033249912951954,-0.3033249912951954,5.36438253669516,-0.3033249912951954,moderate_negative,10233.0,history,effect-match-003966,0.07287805323726304,abs-same_effect_different_cause-001340,abstraction_test,0.06386915314994339,0.21210848059700527,True,abs-same_effect_different_cause-001340,abs-same_effect_different_cause-001340:m1,abs-candidate-0012295-m1,abs-candidate-0012281-m1,continue_y,-0.012639212460326288,-0.04507882996318102,-0.3033249912951963,-0.3033249912951963,-1.4582688047364936,-1.7615937960316899,True,persistence_state,28,persistence_state,0.125,0.19448591768741608
2682,same_effect_different_cause,abs-candidate-0052377,abs-candidate-0052629,information_sampling,0.15756888482066933,0.0,0.0,0.0,-8.881784197001252e-16,-0.23044693805793237,0.0,-0.23044693805793237,near_zero,,continuation_cost,effect-match-003966,0.07287805323726304,abs-same_effect_different_cause-001341,abstraction_test,0.06386915314994339,0.21210848059700527,True,abs-same_effect_different_cause-001341,abs-same_effect_different_cause-001341:m0,abs-candidate-0052377-m0,abs-candidate-0052629-m0,continue_x,0.0,0.0,-8.881784197001252e-16,-0.23044693805793237,-2.416104931084334,-2.6465518691422663,True,persistence_state,28,persistence_state,0.0,0.01469320897012949
2683,same_effect_different_cause,abs-candidate-0052377,abs-candidate-0052629,information_sampling,0.15756888482066933,0.0,0.0,0.0,-8.881784197001252e-16,-0.23044693805793237,0.0,-0.23044693805793237,near_zero,,continuation_cost,effect-match-003966,0.07287805323726304,abs-same_effect_different_cause-001341,abstraction_test,0.06386915314994339,0.21210848059700527,True,abs-same_effect_different_cause-001341,abs-same_effect_different_cause-001341:m1,abs-candidate-0052377-m1,abs-candidate-0052629-m1,continue_y,0.0,0.0,-4.440892098500626e-16,-0.23044693805793193,-2.1807278365302527,-2.4111747745881846,True,persistence_state,28,persistence_state,0.0,0.12529973685741425
2700,same_effect_different_cause,abs-candidate-0018161,abs-candidate-0018147,information_sampling,0.15756888482066933,-2.19,-2.19,-4.38,-0.3033249912951954,-0.3033249912951954,5.36438253669516,-0.3033249912951954,moderate_negative,10497.0,history,effect-match-003971,0.07287805323726304,abs-same_effect_different_cause-001350,abstraction_test,0.06386915314994339,0.21210848059700527,True,abs-same_effect_different_cause-001350,abs-same_effect_different_cause-001350:m0,abs-candidate-0018161-m0,abs-candidate-0018147-m0,continue_x,-0.012639212460326732,-0.045078829963182354,-0.3033249912951954,-0.3033249912951954,-1.4524590513776166,-1.755784042672812,True,persistence_state,28,persistence_state,-0.25,0.5251840949058533
2701,same_effect_different_cause,abs-candidate-0018161,abs-candidate-0018147,information_sampling,0.15756888482066933,-2.19,-2.19,-4.38,-0.3033249912951954,-0.3033249912951954,5.36438253669516,-0.3033249912951954,moderate_negative,10497.0,history,effect-match-003971,0.07287805323726304,abs-same_effect_different_cause-001350,abstraction_test,0.06386915314994339,0.21210848059700527,True,abs-same_effect_different_cause-001350,abs-same_effect_different_cause-001350:m1,abs-candidate-0018161-m1,abs-candidate-0018147-m1,continue_y,-0.012639212460326732,-0.04507882996318191,-0.30332499129519563,-0.30332499129519563,-1.217081956823535,-1.5204069481187306,True,persistence_state,28,persistence_state,0.0,0.4473433196544647
2702,same_effect_different_cause,abs-candidate-0052377,abs-candidate-0052629,information_sampling,0.15756888482066933,0.0,0.0,0.0,-8.881784197001252e-16,-0.23044693805793237,0.0,-0.23044693805793237,near_zero,,continuation_cost,effect-match-003971,0.07287805323726304,abs-same_effect_different_cause-001351,abstraction_test,0.06386915314994339,0.21210848059700527,True,abs-same_effect_different_cause-001351,abs-same_effect_different_cause-001351:m0,abs-candidate-0052377-m0,abs-candidate-0052629-m0,continue_x,0.0,0.0,-8.881784197001252e-16,-0.23044693805793237,-2.416104931084334,-2.6465518691422663,True,persistence_state,28,persistence_state,0.0,0.01469320897012949
2703,same_effect_different_cause,abs-candidate-0052377,abs-candidate-0052629,information_sampling,0.15756888482066933,0.0,0.0,0.0,-8.881784197001252e-16,-0.23044693805793237,0.0,-0.23044693805793237,near_zero,,continuation_cost,effect-match-003971,0.07287805323726304,abs-same_effect_different_cause-001351,abstraction_test,0.06386915314994339,0.21210848059700527,True,abs-same_effect_different_cause-001351,abs-same_effect_different_cause-001351:m1,abs-candidate-0052377-m1,abs-candidate-0052629-m1,continue_y,0.0,0.0,-4.440892098500626e-16,-0.23044693805793193,-2.1807278365302527,-2.4111747745881846,True,persistence_state,28,persistence_state,0.0,0.12529973685741425
2720,same_effect_different_cause,abs-candidate-0016075,abs-candidate-0016061,information_sampling,0.15756888482066933,-2.19,-2.19,-4.38,-0.3033249912951954,-0.3033249912951954,5.36438253669516,-0.3033249912951954,moderate_negative,10413.0,history,effect-match-003976,0.07287805323726304,abs-same_effect_different_cause-001360,abstraction_test,0.06386915314994339,0.21210848059700527,True,abs-same_effect_different_cause-001360,abs-same_effect_different_cause-001360:m0,abs-candidate-0016075-m0,abs-candidate-0016061-m0,continue_x,-0.01263921246032762,-0.022513481801348822,-0.3033249912951954,-0.3033249912951954,-1.3622506684893985,-1.6655756597845939,True,persistence_state,28,persistence_state,-0.125,0.3839320242404938
2721,same_effect_different_cause,abs-candidate-0016075,abs-candidate-0016061,information_sampling,0.15756888482066933,-2.19,-2.19,-4.38,-0.3033249912951954,-0.3033249912951954,5.36438253669516,-0.3033249912951954,moderate_negative,10413.0,history,effect-match-003976,0.07287805323726304,abs-same_effect_different_cause-001360,abstraction_test,0.06386915314994339,0.21210848059700527,True,abs-same_effect_different_cause-001360,abs-same_effect_different_cause-001360:m1,abs-candidate-0016075-m1,abs-candidate-0016061-m1,continue_y,-0.012639212460327842,-0.022513481801348822,-0.3033249912951963,-0.3033249912951963,-1.126873573935317,-1.4301985652305134,True,persistence_state,28,persistence_state,0.0,0.13417282700538635
2722,same_effect_different_cause,abs-candidate-0052377,abs-candidate-0052629,information_sampling,0.15756888482066933,0.0,0.0,0.0,-8.881784197001252e-16,-0.23044693805793237,0.0,-0.23044693805793237,near_zero,,continuation_cost,effect-match-003976,0.07287805323726304,abs-same_effect_different_cause-001361,abstraction_test,0.06386915314994339,0.21210848059700527,True,abs-same_effect_different_cause-001361,abs-same_effect_different_cause-001361:m0,abs-candidate-0052377-m0,abs-candidate-0052629-m0,continue_x,0.0,0.0,-8.881784197001252e-16,-0.23044693805793237,-2.416104931084334,-2.6465518691422663,True,persistence_state,28,persistence_state,0.0,0.01469320897012949
2723,same_effect_different_cause,abs-candidate-0052377,abs-candidate-0052629,information_sampling,0.15756888482066933,0.0,0.0,0.0,-8.881784197001252e-16,-0.23044693805793237,0.0,-0.23044693805793237,near_zero,,continuation_cost,effect-match-003976,0.07287805323726304,abs-same_effect_different_cause-001361,abstraction_test,0.06386915314994339,0.21210848059700527,True,abs-same_effect_different_cause-001361,abs-same_effect_different_cause-001361:m1,abs-candidate-0052377-m1,abs-candidate-0052629-m1,continue_y,0.0,0.0,-4.440892098500626e-16,-0.23044693805793193,-2.1807278365302527,-2.4111747745881846,True,persistence_state,28,persistence_state,0.0,0.12529973685741425
2740,same_effect_different_cause,abs-candidate-0034023,abs-candidate-0034037,information_sampling,0.1575688848206691,2.19,2.19,4.38,0.30332499129519563,0.30332499129519563,5.36438253669516,0.30332499129519563,strong_positive,11180.0,history,effect-match-003983,0.07287805323726326,abs-same_effect_different_cause-001370,abstraction_test,0.06386915314994339,0.21210848059700527,True,abs-same_effect_different_cause-001370,abs-same_effect_different_cause-001370:m0,abs-candidate-0034023-m0,abs-candidate-0034037-m0,continue_x,0.012639212460326954,0.22933549200458536,0.30332499129519563,0.30332499129519563,-1.6057088812345164,-1.3023838899393207,True,persistence_state,28,persistence_state,0.0,0.2779671251773834
2741,same_effect_different_cause,abs-candidate-0034023,abs-candidate-0034037,information_sampling,0.1575688848206691,2.19,2.19,4.38,0.30332499129519563,0.30332499129519563,5.36438253669516,0.30332499129519563,strong_positive,11180.0,history,effect-match-003983,0.07287805323726326,abs-same_effect_different_cause-001370,abstraction_test,0.06386915314994339,0.21210848059700527,True,abs-same_effect_different_cause-001370,abs-same_effect_different_cause-001370:m1,abs-candidate-0034023-m1,abs-candidate-0034037-m1,continue_y,0.012639212460327398,0.2293354920045858,0.3033249912951954,0.3033249912951954,-1.3703317866804352,-1.0670067953852398,True,persistence_state,28,persistence_state,0.0,0.17847605049610138
2742,same_effect_different_cause,abs-candidate-0052629,abs-candidate-0052377,information_sampling,0.1575688848206691,0.0,0.0,0.0,8.881784197001252e-16,0.23044693805793237,0.0,0.23044693805793237,moderate_positive,,continuation_cost,effect-match-003983,0.07287805323726326,abs-same_effect_different_cause-001371,abstraction_test,0.06386915314994339,0.21210848059700527,True,abs-same_effect_different_cause-001371,abs-same_effect_different_cause-001371:m0,abs-candidate-0052629-m0,abs-candidate-0052377-m0,continue_x,0.0,0.0,8.881784197001252e-16,0.23044693805793237,-2.6465518691422663,-2.416104931084334,True,persistence_state,28,persistence_state,0.0,0.014801101759076118
2743,same_effect_different_cause,abs-candidate-0052629,abs-candidate-0052377,information_sampling,0.1575688848206691,0.0,0.0,0.0,8.881784197001252e-16,0.23044693805793237,0.0,0.23044693805793237,moderate_positive,,continuation_cost,effect-match-003983,0.07287805323726326,abs-same_effect_different_cause-001371,abstraction_test,0.06386915314994339,0.21210848059700527,True,abs-same_effect_different_cause-001371,abs-same_effect_different_cause-001371:m1,abs-candidate-0052629-m1,abs-candidate-0052377-m1,continue_y,0.0,0.0,4.440892098500626e-16,0.23044693805793193,-2.4111747745881846,-2.1807278365302527,True,persistence_state,28,persistence_state,0.0,0.12580017745494843
2760,same_effect_different_cause,abs-candidate-0047645,abs-candidate-0047631,information_sampling,0.1575688848206691,-2.19,-2.19,-4.38,-0.30332499129519563,-0.30332499129519563,5.36438253669516,-0.30332499129519563,moderate_negative,11757.0,history,effect-match-003988,0.07287805323726326,abs-same_effect_different_cause-001380,abstraction_test,0.06386915314994339,0.21210848059700527,True,abs-same_effect_different_cause-001380,abs-same_effect_different_cause-001380:m0,abs-candidate-0047645-m0,abs-candidate-0047631-m0,continue_x,-0.012639212460326732,-0.2293354920045847,-0.30332499129519563,-0.30332499129519563,-1.587469217009378,-1.8907942083045737,True,persistence_state,28,persistence_state,-0.25,0.5561746954917908
2761,same_effect_different_cause,abs-candidate-0047645,abs-candidate-0047631,information_sampling,0.1575688848206691,-2.19,-2.19,-4.38,-0.30332499129519563,-0.30332499129519563,5.36438253669516,-0.30332499129519563,moderate_negative,11757.0,history,effect-match-003988,0.07287805323726326,abs-same_effect_different_cause-001380,abstraction_test,0.06386915314994339,0.21210848059700527,True,abs-same_effect_different_cause-001380,abs-same_effect_different_cause-001380:m1,abs-candidate-0047645-m1,abs-candidate-0047631-m1,continue_y,-0.012639212460326732,-0.22933549200458492,-0.3033249912951954,-0.3033249912951954,-1.3520921224552969,-1.6554171137504923,True,persistence_state,28,persistence_state,0.0,0.41690608859062195
2762,same_effect_different_cause,abs-candidate-0052377,abs-candidate-0052629,information_sampling,0.1575688848206691,0.0,0.0,0.0,-8.881784197001252e-16,-0.23044693805793237,0.0,-0.23044693805793237,near_zero,,continuation_cost,effect-match-003988,0.07287805323726326,abs-same_effect_different_cause-001381,abstraction_test,0.06386915314994339,0.21210848059700527,True,abs-same_effect_different_cause-001381,abs-same_effect_different_cause-001381:m0,abs-candidate-0052377-m0,abs-candidate-0052629-m0,continue_x,0.0,0.0,-8.881784197001252e-16,-0.23044693805793237,-2.416104931084334,-2.6465518691422663,True,persistence_state,28,persistence_state,0.0,0.01469320897012949
2763,same_effect_different_cause,abs-candidate-0052377,abs-candidate-0052629,information_sampling,0.1575688848206691,0.0,0.0,0.0,-8.881784197001252e-16,-0.23044693805793237,0.0,-0.23044693805793237,near_zero,,continuation_cost,effect-match-003988,0.07287805323726326,abs-same_effect_different_cause-001381,abstraction_test,0.06386915314994339,0.21210848059700527,True,abs-same_effect_different_cause-001381,abs-same_effect_different_cause-001381:m1,abs-candidate-0052377-m1,abs-candidate-0052629-m1,continue_y,0.0,0.0,-4.440892098500626e-16,-0.23044693805793193,-2.1807278365302527,-2.4111747745881846,True,persistence_state,28,persistence_state,0.0,0.12529973685741425
2780,same_effect_different_cause,abs-candidate-0021367,abs-candidate-0021353,information_sampling,0.15756888482066933,-2.19,-2.19,-4.38,-0.3033249912951954,-0.3033249912951954,5.36438253669516,-0.3033249912951954,moderate_negative,10665.0,history,effect-match-003995,0.07287805323726304,abs-same_effect_different_cause-001390,abstraction_test,0.06386915314994339,0.21210848059700527,True,abs-same_effect_different_cause-001390,abs-same_effect_different_cause-001390:m0,abs-candidate-0021367-m0,abs-candidate-0021353-m0,continue_x,-0.01263921246032762,-0.02251348180134838,-0.3033249912951954,-0.3033249912951954,-1.3674256881443778,-1.6707506794395732,True,persistence_state,28,persistence_state,-0.125,1.1648516654968262
2781,same_effect_different_cause,abs-candidate-0021367,abs-candidate-0021353,information_sampling,0.15756888482066933,-2.19,-2.19,-4.38,-0.3033249912951954,-0.3033249912951954,5.36438253669516,-0.3033249912951954,moderate_negative,10665.0,history,effect-match-003995,0.07287805323726304,abs-same_effect_different_cause-001390,abstraction_test,0.06386915314994339,0.21210848059700527,True,abs-same_effect_different_cause-001390,abs-same_effect_different_cause-001390:m1,abs-candidate-0021367-m1,abs-candidate-0021353-m1,continue_y,-0.012639212460327398,-0.0225134818013486,-0.30332499129519563,-0.30332499129519563,-1.1320485935902966,-1.4353735848854923,True,persistence_state,28,persistence_state,0.125,0.5286157727241516
2782,same_effect_different_cause,abs-candidate-0052377,abs-candidate-0052629,information_sampling,0.15756888482066933,0.0,0.0,0.0,-8.881784197001252e-16,-0.23044693805793237,0.0,-0.23044693805793237,near_zero,,continuation_cost,effect-match-003995,0.07287805323726304,abs-same_effect_different_cause-001391,abstraction_test,0.06386915314994339,0.21210848059700527,True,abs-same_effect_different_cause-001391,abs-same_effect_different_cause-001391:m0,abs-candidate-0052377-m0,abs-candidate-0052629-m0,continue_x,0.0,0.0,-8.881784197001252e-16,-0.23044693805793237,-2.416104931084334,-2.6465518691422663,True,persistence_state,28,persistence_state,0.0,0.01469320897012949
2783,same_effect_different_cause,abs-candidate-0052377,abs-candidate-0052629,information_sampling,0.15756888482066933,0.0,0.0,0.0,-8.881784197001252e-16,-0.23044693805793237,0.0,-0.23044693805793237,near_zero,,continuation_cost,effect-match-003995,0.07287805323726304,abs-same_effect_different_cause-001391,abstraction_test,0.06386915314994339,0.21210848059700527,True,abs-same_effect_different_cause-001391,abs-same_effect_different_cause-001391:m1,abs-candidate-0052377-m1,abs-candidate-0052629-m1,continue_y,0.0,0.0,-4.440892098500626e-16,-0.23044693805793193,-2.1807278365302527,-2.4111747745881846,True,persistence_state,28,persistence_state,0.0,0.12529973685741425
